date,open,high,low,close,adj_close,volume,dividend,split
1999-11-01,80.0,80.69,77.37,77.62,0.5803704815836993,2487300,0.0000,1.0
1999-11-02,78.0,81.69,77.31,80.25,0.6000351861258937,3564600,0.0000,1.0
1999-11-03,81.62,83.25,81.0,81.5,0.6093815285889139,2932700,0.0000,1.0
1999-11-04,82.06,85.37,80.62,83.62,0.6252329254061961,3384700,0.0000,1.0
1999-11-05,84.62,88.37,84.0,88.31,0.6603004023274477,3721500,0.0000,1.0
1999-11-08,87.75,97.73,86.75,96.37,0.7205656185290016,8490400,0.0000,1.0
1999-11-09,94.37,94.5,88.0,89.62,0.6700953692286928,7224800,0.0000,1.0
1999-11-10,88.25,93.25,88.12,91.44,0.68370364385485,5159800,0.0000,1.0
1999-11-11,91.59,92.62,89.87,92.25,0.6897600737708872,2409600,0.0000,1.0
1999-11-12,91.94,92.0,87.37,90.62,0.6775724431991089,2491600,0.0000,1.0
1999-11-15,89.62,92.87,88.5,89.44,0.6687494959140179,2320600,0.0000,1.0
1999-11-16,90.0,91.75,88.5,91.19,0.6818343753622461,2088000,0.0000,1.0
1999-11-17,90.69,94.75,90.0,90.25,0.6748059258300549,3255100,0.0000,1.0
1999-11-18,91.06,91.12,88.44,89.62,0.6700953692286928,3257000,0.0000,1.0
1999-11-19,89.5,92.87,88.06,92.44,0.6911807178252662,2790300,0.0000,1.0
1999-11-22,91.75,91.75,89.25,90.62,0.6775724431991089,1806800,0.0000,1.0
1999-11-23,91.75,95.25,88.5,92.81,0.6939472351943202,4851000,0.0000,1.0
1999-11-24,93.0,95.0,91.69,94.69,0.7080041342587025,1920600,0.0000,1.0
1999-11-26,94.75,95.5,94.12,95.06,0.7107706516277564,1179200,0.0000,1.0
1999-11-29,94.25,99.75,93.25,94.56,0.7070321146425484,4144300,0.0000,1.0
1999-11-30,98.12,103.75,97.37,97.87,0.7317812294846258,7528400,0.0000,1.0
1999-12-01,101.0,104.5,100.06,103.06,0.7705872433910854,5522900,0.0000,1.0
1999-12-02,103.12,110.62,101.75,110.19,0.8238987808001523,5065700,0.0000,1.0
1999-12-03,112.19,115.56,111.87,115.0,0.8598635065978539,5785000,0.0000,1.0
1999-12-06,114.56,117.31,111.44,116.0,0.86734058056827,4167700,0.0000,1.0
1999-12-07,116.56,118.0,114.0,117.81,0.8808740844547233,3973400,0.0000,1.0
1999-12-08,116.25,117.87,109.5,110.06,0.8229267611839983,3681700,0.0000,1.0
1999-12-09,111.0,111.0,100.87,105.25,0.7869620353862967,7635700,0.0000,1.0
1999-12-10,105.31,109.25,99.0,103.0,0.7701386189528605,5694300,0.0000,1.0
1999-12-13,102.39,102.5,98.94,99.0,0.740230323071196,4731800,0.0000,1.0
1999-12-14,98.37,99.75,94.75,94.87,0.7093500075733774,3891700,0.0000,1.0
1999-12-15,93.25,97.25,91.06,97.0,0.7252761751303638,5562300,0.0000,1.0
1999-12-16,98.0,98.37,94.0,98.31,0.7350711420316088,4141300,0.0000,1.0
1999-12-17,100.87,102.0,98.5,100.0,0.7477073970416122,4419700,0.0000,1.0
1999-12-20,99.56,99.62,96.62,98.0,0.7327532491007799,2535600,0.0000,1.0
1999-12-21,98.19,103.06,97.94,102.5,0.7664000819676524,2746400,0.0000,1.0
1999-12-22,102.87,104.56,98.75,99.94,0.7472587726033871,2920300,0.0000,1.0
1999-12-23,101.81,104.25,101.06,103.5,0.7738771559380685,2049400,0.0000,1.0
1999-12-27,104.37,104.44,99.25,99.31,0.742548216002025,1503500,0.0000,1.0
1999-12-28,99.12,99.62,95.0,98.19,0.7341738931551589,2210500,0.0000,1.0
1999-12-29,96.81,102.19,95.5,100.69,0.7528665780811992,2540200,0.0000,1.0
1999-12-30,102.19,104.12,99.62,100.31,0.7500252899724411,1849500,0.0000,1.0
1999-12-31,100.94,102.87,99.5,102.81,0.7687179748984815,1462600,0.0000,1.0
2000-01-03,104.87,112.5,101.69,111.94,0.8369836602483806,4783900,0.0000,1.0
2000-01-04,108.25,110.62,101.19,102.5,0.7664000819676524,4574800,0.0000,1.0
2000-01-05,103.75,110.56,103.0,104.0,0.7776156929232766,6949300,0.0000,1.0
2000-01-06,106.12,107.0,95.0,95.0,0.7103220271895315,6856900,0.0000,1.0
2000-01-07,96.5,101.0,95.5,99.5,0.7439688600564041,4113700,0.0000,1.0
2000-01-10,102.0,102.25,94.75,97.75,0.7308839806081758,4509500,0.0000,1.0
2000-01-11,95.94,99.37,90.5,92.75,0.6934986107560952,3942400,0.0000,1.0
2000-01-12,95.0,95.5,86.5,87.19,0.6519260794805816,8714900,0.0000,1.0
2000-01-13,94.48,98.75,92.5,96.75,0.7234069066377598,9220400,0.0000,1.0
2000-01-14,100.0,102.25,99.37,100.44,0.7509973095885952,3485500,0.0000,1.0
2000-01-18,101.0,106.0,100.44,103.94,0.7771670684850516,4099800,0.0000,1.0
2000-01-19,105.62,108.75,103.37,106.56,0.7967570022875419,5336100,0.0000,1.0
2000-01-20,115.5,121.5,113.5,113.5,0.8486478956422298,16349400,0.0000,1.0
2000-01-21,114.25,114.25,110.19,111.31,0.8322731036470185,4427900,0.0000,1.0
2000-01-24,108.44,112.75,105.12,106.25,0.7944391093567129,3936400,0.0000,1.0
2000-01-25,105.0,113.12,102.37,112.25,0.8393015531792096,4438800,0.0000,1.0
2000-01-26,110.0,114.19,109.75,110.19,0.8238987808001523,3278200,0.0000,1.0
2000-01-27,108.81,113.0,107.0,110.0,0.8224781367457733,3037000,0.0000,1.0
2000-01-28,108.19,110.87,100.62,101.62,0.7598202568736863,3779900,0.0000,1.0
2000-01-31,101.0,103.87,94.5,103.75,0.7757464244306725,6265000,0.0000,1.0
2000-02-01,104.0,105.0,100.0,100.25,0.7495766655342161,2839600,0.0000,1.0
2000-02-02,100.75,102.12,97.0,98.81,0.7388096790168169,4144600,0.0000,1.0
2000-02-03,100.31,104.25,100.25,103.31,0.7724565118836895,4242800,0.0000,1.0
2000-02-04,103.94,110.0,103.62,108.0,0.807523988804941,3797500,0.0000,1.0
2000-02-07,108.0,114.25,105.94,114.06,0.8528350570656628,3938100,0.0000,1.0
2000-02-08,114.0,116.12,111.25,114.87,0.8588914869816998,3648600,0.0000,1.0
2000-02-09,114.12,117.12,112.44,112.62,0.8420680705482636,2672900,0.0000,1.0
2000-02-10,112.87,113.87,110.0,113.5,0.8486478956422298,2705200,0.0000,1.0
2000-02-11,113.62,114.12,108.25,108.75,0.8131317942827532,1895100,0.0000,1.0
2000-02-14,109.31,115.87,108.62,115.81,0.865919936513891,3281600,0.0000,1.0
2000-02-15,115.25,119.94,115.19,119.0,0.8897718024795184,4337000,0.0000,1.0
2000-02-16,117.75,118.12,112.12,114.12,0.8532836815038878,3377200,0.0000,1.0
2000-02-17,115.19,115.5,113.12,114.87,0.8588914869816998,2584800,0.0000,1.0
2000-02-18,114.62,115.37,110.87,111.25,0.8318244792087934,2084300,0.0000,1.0
2000-02-22,110.12,116.94,106.69,113.81,0.8509657885730587,3770500,0.0000,1.0
2000-02-23,113.23,119.0,111.0,116.25,0.8692098490608741,4224100,0.0000,1.0
2000-02-24,117.31,119.12,111.75,115.2,0.8613589213919371,3361000,0.0000,1.0
2000-02-25,114.81,117.0,110.12,110.37,0.8252446541148273,2224500,0.0000,1.0
2000-02-28,110.12,115.0,108.37,113.25,0.8467786271496257,2931500,0.0000,1.0
2000-02-29,113.56,117.25,112.56,114.62,0.8570222184890959,3294300,0.0000,1.0
2000-03-01,118.56,132.06,118.5,130.31,0.9743375090849248,9616100,0.0000,1.0
2000-03-02,127.0,127.94,120.69,122.0,0.9122030243907667,2779100,0.0000,1.0
2000-03-03,124.87,128.23,120.0,128.0,0.9570654682132635,2887200,0.0000,1.0
2000-03-06,126.0,129.13,125.0,125.69,0.9397934273416022,1880000,0.0000,1.0
2000-03-07,126.44,127.44,121.12,122.87,0.9187080787450288,2437600,0.0000,1.0
2000-03-08,122.87,123.94,118.56,122.0,0.9122030243907667,2421700,0.0000,1.0
2000-03-09,120.87,125.0,118.25,122.25,0.9140722928833708,2470700,0.0000,1.0
2000-03-10,121.69,127.94,121.0,125.75,0.9402420517798272,2219700,0.0000,1.0
2000-03-13,122.12,126.5,119.5,121.31,0.9070438433511797,2713900,0.0000,1.0
2000-03-14,121.22,124.25,114.0,114.25,0.8542557011200418,3826600,0.0000,1.0
2000-03-15,115.62,120.25,114.12,116.25,0.8692098490608741,3960800,0.0000,1.0
2000-03-16,117.31,122.0,114.5,121.56,0.9089131118437836,3375900,0.0000,1.0
2000-03-17,120.12,125.0,119.62,125.0,0.9346342463020152,2723600,0.0000,1.0
2000-03-20,123.5,126.25,122.37,123.0,0.9196800983611829,1825800,0.0000,1.0
2000-03-21,122.56,136.75,121.62,134.94,1.0089563615679513,4681500,0.0000,1.0
2000-03-22,132.78,144.38,131.56,144.19,1.0781192957943004,5071400,0.0000,1.0
2000-03-23,142.0,150.38,140.0,141.31,1.0565853227595021,5022900,0.0000,1.0
2000-03-24,142.44,143.94,135.5,138.69,1.0369953889570118,3990300,0.0000,1.0
2000-03-27,137.63,144.75,136.88,139.56,1.0435004433112738,2492700,0.0000,1.0
2000-03-28,137.25,142.0,137.13,139.13,1.0402853015039948,1812200,0.0000,1.0
2000-03-29,139.38,139.44,133.83,135.94,1.0164334355383675,2141400,0.0000,1.0
2000-03-30,133.56,137.69,125.44,125.75,0.9402420517798272,3700000,0.0000,1.0
2000-03-31,127.44,137.25,126.0,135.81,1.0154614159222135,3612800,0.0000,1.0
2000-04-03,135.5,139.5,129.44,133.31,0.9967687309961731,2933600,0.0000,1.0
2000-04-04,132.63,133.0,116.75,127.31,0.9519062871736764,5895800,0.0000,1.0
2000-04-05,126.47,132.88,124.0,130.38,0.9748609042628539,4086300,0.0000,1.0
2000-04-06,130.63,134.5,123.25,125.19,0.9360548903563942,2318100,0.0000,1.0
2000-04-07,127.25,131.88,125.5,131.75,0.9851044956023239,2164600,0.0000,1.0
2000-04-10,131.69,132.75,124.75,125.0,0.9346342463020152,1895200,0.0000,1.0
2000-04-11,123.5,124.87,118.06,119.44,0.8930617150265014,4837700,0.0000,1.0
2000-04-12,119.0,119.0,104.87,109.25,0.8168703312679613,8403000,0.0000,1.0
2000-04-13,111.5,120.0,108.5,113.81,0.8509657885730587,4730600,0.0000,1.0
2000-04-14,109.31,118.0,109.0,111.87,0.8364602650704515,5960900,0.0000,1.0
2000-04-17,109.5,123.94,109.06,123.87,0.926185152715445,3656800,0.0000,1.0
2000-04-18,123.5,126.87,119.37,126.87,0.9486163746266933,3490400,0.0000,1.0
2000-04-19,126.19,130.25,119.75,121.12,0.9056231992968006,4644200,0.0000,1.0
2000-04-20,123.69,124.75,117.06,118.87,0.8887997828633644,6447500,0.0000,1.0
2000-04-24,115.0,120.5,114.75,120.5,0.9009874134351425,3960900,0.0000,1.0
2000-04-25,122.12,128.75,122.06,128.31,0.9593833611440925,3496800,0.0000,1.0
2000-04-26,126.62,128.0,120.0,121.31,0.9070438433511797,3276000,0.0000,1.0
2000-04-27,117.19,127.0,116.58,126.75,0.9477191257502433,2916100,0.0000,1.0
2000-04-28,127.12,127.5,121.31,124.06,0.927605796769824,2228400,0.0000,1.0
2000-05-01,124.87,125.12,121.87,124.31,0.9294750652624281,2019600,0.0000,1.0
2000-05-02,123.25,126.25,117.5,117.87,0.8813227088929483,2111000,0.0000,1.0
2000-05-03,118.94,121.25,111.62,115.06,0.860312131036079,4373200,0.0000,1.0
2000-05-04,115.12,115.25,110.56,110.69,0.8276373177853604,3567100,0.0000,1.0
2000-05-05,110.81,114.75,110.72,113.12,0.8458066075334717,2536400,0.0000,1.0
2000-05-08,112.09,113.69,110.0,110.12,0.8233753856222233,1650900,0.0000,1.0
2000-05-09,110.31,111.25,104.87,105.44,0.7883826794406757,2920900,0.0000,1.0
2000-05-10,104.06,105.0,98.75,99.31,0.742548216002025,4777600,0.0000,1.0
2000-05-11,101.37,104.25,99.0,102.81,0.7687179748984815,4462000,0.0000,1.0
2000-05-12,106.0,110.5,104.77,107.62,0.804682700696183,2740300,0.0000,1.0
2000-05-15,108.06,108.06,100.12,101.0,0.7551844710120282,6061900,0.0000,1.0
2000-05-16,104.52,109.06,102.75,105.69,0.7902519479332798,3932600,0.0000,1.0
2000-05-17,103.62,103.69,100.37,101.37,0.7579509883810822,3554400,0.0000,1.0
2000-05-18,103.0,104.94,100.62,100.75,0.7533152025194242,3337300,0.0000,1.0
2000-05-19,99.25,99.25,93.37,94.0,0.7028449532191153,6613100,0.0000,1.0
2000-05-22,93.75,93.75,86.0,89.94,0.6724880328992259,6745600,0.0000,1.0
2000-05-23,90.5,93.37,85.62,85.81,0.6416077174014073,4621300,0.0000,1.0
2000-05-24,86.19,89.75,83.0,87.69,0.6556646164657897,6057700,0.0000,1.0
2000-05-25,88.5,92.66,86.0,87.27,0.6525242453982149,3631700,0.0000,1.0
2000-05-26,88.0,89.87,85.25,86.37,0.6457948788248404,1617400,0.0000,1.0
2000-05-30,87.62,88.12,81.75,87.56,0.6546925968496355,6366600,0.0000,1.0
2000-05-31,86.87,91.25,83.81,84.0,0.6280742135149542,3870600,0.0000,1.0
2000-06-01,81.75,89.56,80.37,89.12,0.6663568322434847,8070000,0.0000,1.0
2000-06-02,93.75,99.75,89.0,92.56,0.6920779667017162,7079000,0.0000,1.0
2000-06-05,93.31,95.25,89.69,91.31,0.682731624238696,2889900,0.0000,1.0
2000-06-06,91.97,96.75,90.31,92.87,0.6943958596325452,4691800,0.0000,1.0
2000-06-07,93.62,97.0,91.62,96.56,0.7219862625833807,3009100,0.0000,1.0
2000-06-08,97.62,98.5,93.12,94.81,0.7089013831351525,2129700,0.0000,1.0
2000-06-09,96.75,97.94,94.37,95.75,0.7159298326673436,2253200,0.0000,1.0
2000-06-12,96.37,96.44,90.87,91.19,0.6818343753622461,2592300,0.0000,1.0
2000-06-13,91.19,94.69,88.19,94.5,0.7065834902043234,3138000,0.0000,1.0
2000-06-14,94.69,96.25,90.12,90.44,0.676226569884434,2477200,0.0000,1.0
2000-06-15,91.25,93.37,89.0,92.37,0.6906573226473371,2219400,0.0000,1.0
2000-06-16,93.5,93.75,89.06,91.19,0.6818343753622461,2710400,0.0000,1.0
2000-06-19,90.56,97.87,89.81,96.62,0.7224348870216056,3517900,0.0000,1.0
2000-06-20,98.5,103.94,98.37,101.25,0.7570537395046323,4476700,0.0000,1.0
2000-06-21,50.5,56.94,50.31,55.63,0.8318992499484976,4375000,0.0000,2.0
2000-06-22,55.75,57.63,53.56,53.75,0.803785451819733,8352000,0.0000,1.0
2000-06-23,53.78,54.63,50.81,51.69,0.7729799070616186,3660100,0.0000,1.0
2000-06-26,52.5,54.75,52.13,54.13,0.8094680280372493,3309900,0.0000,1.0
2000-06-27,53.78,55.5,51.63,51.75,0.7738771559380685,3633400,0.0000,1.0
2000-06-28,53.31,55.38,51.5,54.44,0.8141038138989072,5114800,0.0000,1.0
2000-06-29,53.06,53.94,51.06,51.25,0.7664000819676524,3636800,0.0000,1.0
2000-06-30,52.81,54.94,51.69,52.38,0.7832982691407929,5769600,0.0000,1.0
2000-07-03,52.13,54.31,52.13,53.31,0.7972056267257669,1264800,0.0000,1.0
2000-07-05,53.25,55.19,50.75,51.63,0.7720826581851687,4736000,0.0000,1.0
2000-07-06,52.5,52.94,49.63,51.81,0.7747744048145185,5527600,0.0000,1.0
2000-07-07,52.59,54.81,52.13,54.44,0.8141038138989072,4707200,0.0000,1.0
2000-07-10,54.09,58.25,53.75,57.13,0.8543304718597461,7103500,0.0000,1.0
2000-07-11,57.0,59.25,55.44,56.94,0.8514891837509878,6391000,0.0000,1.0
2000-07-12,58.13,58.94,56.38,58.88,0.8805002307562024,4025600,0.0000,1.0
2000-07-13,58.5,60.63,54.75,56.5,0.8449093586570217,7958200,0.0000,1.0
2000-07-14,57.13,59.0,56.88,57.69,0.862704794706612,3397800,0.0000,1.0
2000-07-17,58.25,58.81,57.13,58.31,0.871976366429928,4642900,0.0000,1.0
2000-07-18,58.5,58.88,56.88,57.25,0.8561249696126458,5685800,0.0000,1.0
2000-07-19,55.19,56.81,51.75,52.69,0.7879340550024508,8176300,0.0000,1.0
2000-07-20,55.0,57.06,54.13,55.13,0.8244221759780815,8313800,0.0000,1.0
2000-07-21,54.36,55.63,52.94,53.56,0.8009441637109749,3504200,0.0000,1.0
2000-07-24,52.56,52.88,47.5,48.69,0.7281174632391219,7360200,0.0000,1.0
2000-07-25,50.31,50.63,49.06,50.06,0.7486046459180621,3778700,0.0000,1.0
2000-07-26,49.84,51.25,49.25,50.06,0.7486046459180621,3758400,0.0000,1.0
2000-07-27,50.0,53.25,49.88,52.0,0.7776156929232766,5267600,0.0000,1.0
2000-07-28,52.28,52.5,46.88,48.31,0.7224348870216056,4248100,0.0000,1.0
2000-07-31,49.16,51.63,48.75,50.81,0.7598202568736863,2773200,0.0000,1.0
2000-08-01,50.31,51.16,49.25,49.31,0.7373890349624379,2451500,0.0000,1.0
2000-08-02,49.0,49.94,47.19,47.25,0.7065834902043234,2899200,0.0000,1.0
2000-08-03,45.56,48.06,44.25,48.0,0.7177991011599476,6069600,0.0000,1.0
2000-08-04,49.47,51.25,46.31,47.38,0.7085275294366317,4698600,0.0000,1.0
2000-08-07,47.88,49.06,47.19,47.94,0.7169018522834977,3345500,0.0000,1.0
2000-08-08,47.94,48.0,46.31,46.75,0.6991064162339073,3154900,0.0000,1.0
2000-08-09,48.13,48.44,47.25,47.5,0.7103220271895315,6779300,0.0000,1.0
2000-08-10,48.0,48.44,47.38,47.56,0.7112192760659815,4494900,0.0000,1.0
2000-08-11,46.84,48.0,45.56,47.69,0.7131633152982896,4251000,0.0000,1.0
2000-08-14,47.59,47.69,46.31,47.06,0.7037422020955654,2797500,0.0000,1.0
2000-08-15,47.25,47.94,46.5,46.69,0.6982091673574573,2039300,0.0000,1.0
2000-08-16,46.88,49.0,46.81,48.5,0.7252761751303638,2565600,0.0000,1.0
2000-08-17,48.38,52.44,48.31,51.44,0.7692413700764105,4837500,0.0000,1.0
2000-08-18,51.38,51.81,49.88,50.0,0.7477073970416122,3396000,0.0000,1.0
2000-08-21,50.25,51.56,49.63,50.5,0.7551844710120282,2401200,0.0000,1.0
2000-08-22,50.63,52.81,50.38,51.69,0.7729799070616186,4942900,0.0000,1.0
2000-08-23,51.47,54.75,51.06,54.31,0.812159774666599,4229700,0.0000,1.0
2000-08-24,54.67,56.63,53.38,56.11,0.8390772409600971,5549400,0.0000,1.0
2000-08-25,56.5,57.5,56.38,56.81,0.8495451445186797,5972500,0.0000,1.0
2000-08-28,57.25,59.0,57.06,58.06,0.86823782944472,6410800,0.0000,1.0
2000-08-29,57.88,59.44,57.69,59.19,0.8851360166178603,4768400,0.0000,1.0
2000-08-30,59.0,60.0,58.7,59.5,0.8897718024795184,5096300,0.0000,1.0
2000-08-31,58.97,61.5,58.94,60.94,0.9113057755143168,7492800,0.0000,1.0
2000-09-01,61.31,63.63,61.13,63.44,0.9486911453663974,4587000,0.0000,1.0
2000-09-05,62.66,64.12,62.25,62.44,0.9337369974255652,5332900,0.0000,1.0
2000-09-06,61.38,62.38,57.75,58.44,0.8739204056622362,6346500,0.0000,1.0
2000-09-07,59.13,62.56,58.25,62.0,0.927157172331599,3883300,0.0000,1.0
2000-09-08,61.63,61.63,58.5,58.88,0.8805002307562024,3491400,0.0000,1.0
2000-09-11,58.69,60.38,58.13,58.44,0.8739204056622362,3346100,0.0000,1.0
2000-09-12,57.34,60.06,57.0,57.75,0.863602043583062,3357100,0.0000,1.0
2000-09-13,56.75,59.5,56.75,58.0,0.86734058056827,5464000,0.0000,1.0
2000-09-14,58.56,59.63,56.81,56.86,0.8502928519157212,7617000,0.0000,1.0
2000-09-15,57.75,58.19,54.25,55.23,0.8259175907721646,7044900,0.0000,1.0
2000-09-18,55.25,60.75,55.06,60.66,0.9071186140908838,7581000,0.0000,1.0
2000-09-19,59.75,60.5,58.56,59.94,0.8963516275734845,4848400,0.0000,1.0
2000-09-20,59.41,61.44,58.56,61.05,0.9129507317878084,4060500,0.0000,1.0
2000-09-21,58.5,59.63,55.25,56.69,0.8477506467657798,9115900,0.0000,1.0
2000-09-22,50.31,52.44,50.0,52.19,0.7804569810320346,12976800,0.0000,1.0
2000-09-25,52.75,55.5,52.06,53.5,0.800046914834525,7777700,0.0000,1.0
2000-09-26,53.31,54.75,51.38,51.44,0.7692413700764105,5195300,0.0000,1.0
2000-09-27,51.75,52.75,48.25,48.94,0.73185600022433,7183200,0.0000,1.0
2000-09-28,49.31,53.81,48.13,53.5,0.800046914834525,17492600,0.0000,1.0
2000-09-29,28.19,29.0,25.37,25.75,0.38506930947643025,132529300,0.0000,1.0
2000-10-02,26.69,26.75,23.5,24.25,0.3626380875651819,43299800,0.0000,1.0
2000-10-03,24.94,25.0,22.19,22.31,0.3336270405599673,36395000,0.0000,1.0
2000-10-04,22.37,23.75,21.87,23.62,0.3532169743624576,26179000,0.0000,1.0
2000-10-05,23.5,24.5,22.0,22.06,0.32988850357475924,15589400,0.0000,1.0
2000-10-06,22.69,22.94,21.0,22.19,0.3318325428070675,10940300,0.0000,1.0
2000-10-09,22.62,22.87,21.12,21.75,0.32525271771310127,10670800,0.0000,1.0
2000-10-10,21.62,22.44,20.5,20.87,0.3120930675251689,12341100,0.0000,1.0
2000-10-11,20.12,21.0,19.12,19.62,0.2934003825991286,21400400,0.0000,1.0
2000-10-12,20.31,20.81,19.5,20.0,0.2990829588166448,21269000,0.0000,1.0
2000-10-13,20.25,22.12,20.0,22.06,0.32988850357475924,22281300,0.0000,1.0
2000-10-16,22.31,23.25,21.37,21.5,0.32151418072789323,14646000,0.0000,1.0
2000-10-17,21.69,21.94,19.69,20.12,0.30087745656954473,10745000,0.0000,1.0
2000-10-18,19.44,21.06,18.75,20.12,0.30087745656954473,14897600,0.0000,1.0
2000-10-19,19.16,19.81,18.31,18.94,0.28323156199936267,26905800,0.0000,1.0
2000-10-20,19.06,20.37,18.94,19.5,0.29160588484622874,14129700,0.0000,1.0
2000-10-23,20.27,20.56,19.44,20.37,0.3046159935547528,9844500,0.0000,1.0
2000-10-24,20.69,20.87,18.81,18.87,0.2821847716435044,14365200,0.0000,1.0
2000-10-25,19.06,19.19,18.44,18.5,0.27665173690539646,11856600,0.0000,1.0
2000-10-26,18.81,18.87,17.5,18.5,0.27665173690539646,12890200,0.0000,1.0
2000-10-27,18.87,19.19,17.87,18.56,0.2775489857818464,13294700,0.0000,1.0
2000-10-30,19.12,19.94,18.75,19.31,0.28876459673747057,11414100,0.0000,1.0
2000-10-31,19.75,20.25,19.25,19.56,0.29250313372267867,15819300,0.0000,1.0
2000-11-01,19.44,20.87,19.44,20.5,0.30656003278706095,10274400,0.0000,1.0
2000-11-02,21.12,22.44,21.06,22.31,0.3336270405599673,10548100,0.0000,1.0
2000-11-03,23.0,23.0,21.94,22.25,0.3327297916835174,9211100,0.0000,1.0
2000-11-06,22.44,22.62,20.87,21.44,0.3206169318514433,7026400,0.0000,1.0
2000-11-07,21.5,21.81,20.81,21.31,0.31867289261913506,5392200,0.0000,1.0
2000-11-08,21.37,21.44,19.81,20.06,0.29998020769309475,7537300,0.0000,1.0
2000-11-09,19.87,20.5,19.06,20.19,0.301924246925403,8514900,0.0000,1.0
2000-11-10,19.36,19.87,19.06,19.06,0.28502605975226253,7540200,0.0000,1.0
2000-11-13,18.75,20.0,18.25,19.37,0.28966184561392055,7711000,0.0000,1.0
2000-11-14,19.94,20.5,19.56,20.25,0.3028214958018529,7303600,0.0000,1.0
2000-11-15,20.03,20.19,19.25,19.87,0.2971389195843367,5042100,0.0000,1.0
2000-11-16,19.5,19.81,18.87,19.0,0.2841288108758126,4274500,0.0000,1.0
2000-11-17,19.19,19.25,18.25,18.5,0.27665173690539646,7967500,0.0000,1.0
2000-11-20,18.59,19.5,18.25,18.94,0.28323156199936267,7286900,0.0000,1.0
2000-11-21,19.19,19.5,18.75,18.81,0.28128752276705443,5392000,0.0000,1.0
2000-11-22,18.81,19.12,18.37,18.5,0.27665173690539646,5009500,0.0000,1.0
2000-11-24,18.86,19.5,18.81,19.31,0.28876459673747057,2873800,0.0000,1.0
2000-11-27,19.87,19.94,18.5,18.69,0.27949302501415463,4621300,0.0000,1.0
2000-11-28,18.69,19.0,17.94,18.03,0.26962328737320534,4805800,0.0000,1.0
2000-11-29,18.09,18.31,17.25,17.56,0.2625948378410142,8788400,0.0000,1.0
2000-11-30,16.69,17.0,16.12,16.5,0.246743441023732,14457100,0.0000,1.0
2000-12-01,17.0,17.5,16.81,17.06,0.25511776387059804,6887600,0.0000,1.0
2000-12-04,17.19,17.19,16.44,16.69,0.24958472913249014,6634300,0.0000,1.0
2000-12-05,16.94,17.44,16.37,17.0,0.2542205149941481,10963900,0.0000,1.0
2000-12-06,14.63,15.0,14.0,14.31,0.2139938570333094,24544000,0.0000,1.0
2000-12-07,14.44,14.88,14.0,14.31,0.2139938570333094,7302100,0.0000,1.0
2000-12-08,14.81,15.31,14.44,15.06,0.22520946798893357,7779000,0.0000,1.0
2000-12-11,15.19,15.38,14.88,15.19,0.22715350722124175,5937700,0.0000,1.0
2000-12-12,15.25,16.0,15.0,15.38,0.2299947953299999,6897500,0.0000,1.0
2000-12-13,15.56,15.56,14.88,15.0,0.22431221911248364,6158700,0.0000,1.0
2000-12-14,15.03,15.25,14.44,14.44,0.21593789626561757,4702100,0.0000,1.0
2000-12-15,14.56,14.69,14.0,14.06,0.21025532004810132,9177600,0.0000,1.0
2000-12-18,14.56,14.63,13.94,14.25,0.21309660815685946,5818000,0.0000,1.0
2000-12-19,14.38,15.25,14.0,14.0,0.2093580711716514,6678700,0.0000,1.0
2000-12-20,13.78,14.63,13.63,14.38,0.21504064738916764,10095200,0.0000,1.0
2000-12-21,14.25,15.0,13.88,14.06,0.21025532004810132,6550800,0.0000,1.0
2000-12-22,14.13,15.0,14.13,15.0,0.22431221911248364,5679500,0.0000,1.0
2000-12-26,14.88,15.0,14.25,14.69,0.21967643325082564,3871700,0.0000,1.0
2000-12-27,14.34,14.81,14.19,14.81,0.2214709310037255,5811900,0.0000,1.0
2000-12-28,14.38,14.94,14.31,14.81,0.2214709310037255,5449600,0.0000,1.0
2000-12-29,14.69,15.0,14.5,14.88,0.22251772135958378,11256000,0.0000,1.0
2001-01-02,14.88,15.25,14.56,14.88,0.22251772135958378,8077000,0.0000,1.0
2001-01-03,14.5,16.69,14.44,16.37,0.24479940179142382,14590600,0.0000,1.0
2001-01-04,18.14,18.5,16.81,17.06,0.25511776387059804,13203500,0.0000,1.0
2001-01-05,16.94,17.37,16.06,16.37,0.24479940179142382,7363500,0.0000,1.0
2001-01-08,16.94,16.98,15.94,16.56,0.2476406899001819,6673200,0.0000,1.0
2001-01-09,16.81,17.64,16.56,17.19,0.25706180310290627,10516600,0.0000,1.0
2001-01-10,16.69,17.0,16.06,16.56,0.2476406899001819,10371100,0.0000,1.0
2001-01-11,16.25,18.5,16.25,18.0,0.2691746629349804,14352400,0.0000,1.0
2001-01-12,17.87,18.0,17.06,17.19,0.25706180310290627,7560300,0.0000,1.0
2001-01-16,17.44,18.25,17.0,17.12,0.256015012747048,5466400,0.0000,1.0
2001-01-17,17.56,17.56,16.5,16.81,0.25137922688539,15015600,0.0000,1.0
2001-01-18,17.81,18.75,17.62,18.69,0.27949302501415463,21910900,0.0000,1.0
2001-01-19,19.44,19.56,18.69,19.5,0.29160588484622874,13869000,0.0000,1.0
2001-01-22,19.06,19.62,18.44,19.25,0.28786734786102064,9273700,0.0000,1.0
2001-01-23,19.31,20.94,19.06,20.5,0.30656003278706095,15705900,0.0000,1.0
2001-01-24,20.62,20.69,19.56,20.5,0.30656003278706095,12805200,0.0000,1.0
2001-01-25,20.56,20.56,19.75,19.94,0.29818570994019494,8744800,0.0000,1.0
2001-01-26,19.5,19.81,19.06,19.56,0.29250313372267867,8621800,0.0000,1.0
2001-01-29,19.56,21.75,19.56,21.69,0.32435546883665134,15277300,0.0000,1.0
2001-01-30,21.56,22.0,20.87,21.75,0.32525271771310127,12364700,0.0000,1.0
2001-01-31,21.5,22.5,21.44,21.62,0.3233086784807931,13048300,0.0000,1.0
2001-02-01,20.69,21.5,20.5,21.12,0.31583160451037695,6601700,0.0000,1.0
2001-02-02,21.12,21.94,20.5,20.62,0.30835453053996087,7631100,0.0000,1.0
2001-02-05,20.5,20.56,19.75,20.19,0.301924246925403,5109200,0.0000,1.0
2001-02-06,20.16,21.39,20.0,21.12,0.31583160451037695,8262700,0.0000,1.0
2001-02-07,20.66,20.87,19.81,20.75,0.31029856977226905,7033700,0.0000,1.0
2001-02-08,20.56,21.06,20.19,20.75,0.31029856977226905,10788000,0.0000,1.0
2001-02-09,20.5,20.81,18.69,19.12,0.28592330862871246,10537200,0.0000,1.0
2001-02-12,19.06,20.0,18.81,19.69,0.29444717295498685,4895000,0.0000,1.0
2001-02-13,19.94,20.44,19.0,19.12,0.28592330862871246,4233400,0.0000,1.0
2001-02-14,19.19,19.62,18.5,19.5,0.29160588484622874,5520000,0.0000,1.0
2001-02-15,19.69,20.56,19.69,20.06,0.29998020769309475,5561000,0.0000,1.0
2001-02-16,19.0,19.5,18.75,19.0,0.2841288108758126,4712700,0.0000,1.0
2001-02-20,19.19,19.44,18.19,18.31,0.27381044879663835,5623100,0.0000,1.0
2001-02-21,18.25,19.94,18.25,18.87,0.2821847716435044,6968900,0.0000,1.0
2001-02-22,19.06,19.37,18.0,18.81,0.28128752276705443,7713600,0.0000,1.0
2001-02-23,18.62,18.87,18.25,18.81,0.28128752276705443,5247600,0.0000,1.0
2001-02-26,19.06,19.69,18.56,19.5,0.29160588484622874,3686400,0.0000,1.0
2001-02-27,19.28,19.44,18.69,19.37,0.28966184561392055,6223500,0.0000,1.0
2001-02-28,19.37,19.44,18.12,18.25,0.2729131999201884,9075600,0.0000,1.0
2001-03-01,17.81,18.75,17.19,18.75,0.28039027389060456,5901100,0.0000,1.0
2001-03-02,18.31,20.44,18.25,19.25,0.28786734786102064,7253600,0.0000,1.0
2001-03-05,19.37,20.5,19.25,20.37,0.3046159935547528,5788800,0.0000,1.0
2001-03-06,20.72,22.06,20.69,21.5,0.32151418072789323,13067900,0.0000,1.0
2001-03-07,21.31,21.62,20.75,21.25,0.31777564374268513,7491800,0.0000,1.0
2001-03-08,20.69,21.12,20.44,20.81,0.3111958186487189,3658200,0.0000,1.0
2001-03-09,20.62,20.69,20.0,20.25,0.3028214958018529,5341700,0.0000,1.0
2001-03-12,19.69,19.87,18.12,18.62,0.2784462346582964,6982500,0.0000,1.0
2001-03-13,18.87,19.56,18.19,19.56,0.29250313372267867,7916600,0.0000,1.0
2001-03-14,18.5,20.5,18.44,20.44,0.305662783910611,8531700,0.0000,1.0
2001-03-15,20.87,21.37,19.69,19.69,0.29444717295498685,9452100,0.0000,1.0
2001-03-16,19.0,20.31,18.87,19.62,0.2934003825991286,8398500,0.0000,1.0
2001-03-19,19.75,20.62,19.5,20.56,0.3074572816635109,6357300,0.0000,1.0
2001-03-20,20.72,20.94,19.69,19.69,0.29444717295498685,8914400,0.0000,1.0
2001-03-21,19.78,20.87,19.37,20.12,0.30087745656954473,6631700,0.0000,1.0
2001-03-22,20.37,21.75,20.19,21.62,0.3233086784807931,12916100,0.0000,1.0
2001-03-23,22.06,23.56,22.0,23.0,0.3439454026391416,16873000,0.0000,1.0
2001-03-26,23.13,23.75,21.13,21.78,0.32570134215132623,13115200,0.0000,1.0
2001-03-27,21.94,23.05,21.9,22.87,0.3420013634068334,9711100,0.0000,1.0
2001-03-28,22.08,22.5,21.5,22.17,0.33153345984825083,10440400,0.0000,1.0
2001-03-29,21.77,23.45,21.5,22.53,0.3369169531069504,10947600,0.0000,1.0
2001-03-30,22.55,22.72,21.34,22.07,0.3300380450541676,7149100,0.0000,1.0
2001-04-02,22.09,22.66,21.4,21.59,0.3228600540425681,6087700,0.0000,1.0
2001-04-03,21.36,21.4,20.13,20.24,0.30267195432244454,6583700,0.0000,1.0
2001-04-04,19.76,20.25,18.75,19.5,0.29160588484622874,12240800,0.0000,1.0
2001-04-05,20.6,22.5,20.0,20.87,0.3120930675251689,7977900,0.0000,1.0
2001-04-06,20.8,21.04,19.9,20.59,0.30790590610173585,5801600,0.0000,1.0
2001-04-09,20.69,21.34,20.06,20.54,0.30715819870469424,4760400,0.0000,1.0
2001-04-10,20.9,22.7,20.78,22.04,0.3295894206159426,8167400,0.0000,1.0
2001-04-11,22.98,23.0,21.28,21.8,0.3260004251101429,5966000,0.0000,1.0
2001-04-12,21.42,23.02,21.15,22.42,0.3352719968334589,5338100,0.0000,1.0
2001-04-16,22.09,22.4,20.86,21.44,0.3206169318514433,5093300,0.0000,1.0
2001-04-17,21.2,21.21,19.6,20.4,0.30506461799297774,12235700,0.0000,1.0
2001-04-18,21.57,24.08,21.08,22.79,0.3408050315715668,19657900,0.0000,1.0
2001-04-19,25.55,25.75,23.6,25.72,0.38462068503820523,33458400,0.0000,1.0
2001-04-20,24.93,25.63,24.6,25.04,0.3744518644384393,12382200,0.0000,1.0
2001-04-23,24.34,25.0,24.0,24.25,0.3626380875651819,9670100,0.0000,1.0
2001-04-24,24.33,24.75,23.51,24.03,0.3593481750181988,6734600,0.0000,1.0
2001-04-25,24.21,24.86,23.57,24.72,0.369666537097373,5906800,0.0000,1.0
2001-04-26,25.17,26.1,24.68,24.69,0.3692179126591481,14280300,0.0000,1.0
2001-04-27,25.2,26.29,24.75,26.2,0.39179867604980473,8089500,0.0000,1.0
2001-04-30,26.7,27.12,24.87,25.49,0.38118123101181384,8835300,0.0000,1.0
2001-05-01,25.41,26.5,25.2,25.93,0.38776105610578004,7629500,0.0000,1.0
2001-05-02,26.34,26.7,25.76,26.59,0.3976307937467293,6580800,0.0000,1.0
2001-05-03,25.97,26.25,24.73,24.96,0.3732555326031728,5384700,0.0000,1.0
2001-05-04,24.24,25.85,23.96,25.75,0.38506930947643025,5018800,0.0000,1.0
2001-05-07,25.62,25.76,24.84,24.96,0.3732555326031728,4938400,0.0000,1.0
2001-05-08,25.35,25.45,23.95,24.57,0.3674234149062482,5632800,0.0000,1.0
2001-05-09,24.14,24.55,23.67,23.98,0.35860046762115716,5801600,0.0000,1.0
2001-05-10,24.21,24.5,22.95,23.0,0.3439454026391416,5160300,0.0000,1.0
2001-05-11,23.01,23.49,22.76,22.85,0.34170228044801676,3625800,0.0000,1.0
2001-05-14,22.89,23.68,22.75,23.29,0.3482821055419829,5521800,0.0000,1.0
2001-05-15,23.37,25.5,23.04,23.18,0.3466371492684914,4232600,0.0000,1.0
2001-05-16,23.26,24.5,22.85,24.1,0.3603949653740571,5755900,0.0000,1.0
2001-05-17,24.23,24.33,23.25,23.55,0.35217018400659933,5930700,0.0000,1.0
2001-05-18,23.36,23.64,23.12,23.53,0.3518711010477827,2840200,0.0000,1.0
2001-05-21,23.63,23.91,23.05,23.56,0.3523197254860076,8232100,0.0000,1.0
2001-05-22,24.0,24.13,23.4,23.5,0.35142247660955767,7373500,0.0000,1.0
2001-05-23,23.75,23.75,22.86,23.23,0.347384856665533,5018600,0.0000,1.0
2001-05-24,23.29,23.3,22.62,23.2,0.346936232227308,4852800,0.0000,1.0
2001-05-25,23.2,23.29,22.5,22.76,0.34035640713334187,2834700,0.0000,1.0
2001-05-29,22.32,22.5,20.81,21.47,0.3210655562896682,9214100,0.0000,1.0
2001-05-30,20.76,20.76,19.3,19.78,0.29579304626966174,13876400,0.0000,1.0
2001-05-31,19.8,20.24,19.49,19.95,0.2983352514196032,7908800,0.0000,1.0
2001-06-01,20.13,21.09,19.98,20.89,0.31239215048398555,8144200,0.0000,1.0
2001-06-04,21.08,21.11,20.46,20.66,0.3089526964575941,5034300,0.0000,1.0
2001-06-05,20.8,21.1,20.35,20.94,0.31313985788102716,8424900,0.0000,1.0
2001-06-06,20.93,20.93,20.33,20.73,0.3099994868134524,3985300,0.0000,1.0
2001-06-07,20.71,21.7,20.45,21.66,0.3239068443984264,5806800,0.0000,1.0
2001-06-08,21.65,21.65,20.71,21.32,0.3188224340985434,6118300,0.0000,1.0
2001-06-11,21.05,21.07,19.95,20.04,0.2996811247342781,5250000,0.0000,1.0
2001-06-12,19.77,20.69,19.76,20.31,0.30371874467830284,5424900,0.0000,1.0
2001-06-13,21.42,21.73,20.06,20.47,0.306111408348836,9133700,0.0000,1.0
2001-06-14,20.04,20.45,19.77,19.88,0.29728846106374496,5309800,0.0000,1.0
2001-06-15,20.1,20.75,19.35,20.44,0.305662783910611,8118300,0.0000,1.0
2001-06-18,20.41,20.85,20.0,20.33,0.30401782763711943,6177000,0.0000,1.0
2001-06-19,20.85,21.4,20.01,20.19,0.301924246925403,5733700,0.0000,1.0
2001-06-20,20.0,21.85,19.98,21.67,0.3240563858778347,7707500,0.0000,1.0
2001-06-21,21.55,23.0,21.1,22.49,0.3363187871893171,6095200,0.0000,1.0
2001-06-22,22.48,23.0,21.76,22.26,0.33287933316292573,5107600,0.0000,1.0
2001-06-25,22.5,24.0,22.45,23.99,0.3587500091005655,7849100,0.0000,1.0
2001-06-26,23.34,23.77,23.01,23.75,0.35516101359476576,4871100,0.0000,1.0
2001-06-27,23.83,24.0,22.5,23.34,0.3490298129390245,6680900,0.0000,1.0
2001-06-28,23.05,23.91,22.94,23.54,0.35202064252719095,6221600,0.0000,1.0
2001-06-29,23.66,25.1,23.2,23.25,0.3476839396243496,9203400,0.0000,1.0
2001-07-02,23.64,24.23,23.14,23.9,0.3574041357858906,4108000,0.0000,1.0
2001-07-03,23.51,24.18,23.5,23.84,0.35650688690944066,2009700,0.0000,1.0
2001-07-05,23.6,23.77,23.01,23.19,0.3467866907478997,2719500,0.0000,1.0
2001-07-06,22.76,22.96,21.72,22.03,0.32943987913653433,5409300,0.0000,1.0
2001-07-09,22.09,23.0,21.68,22.7,0.3394591582568919,6026200,0.0000,1.0
2001-07-10,22.95,23.07,20.84,21.14,0.3161306874691936,7058400,0.0000,1.0
2001-07-11,21.03,22.55,21.0,22.54,0.33706649458635873,8401900,0.0000,1.0
2001-07-12,23.3,24.81,23.3,24.36,0.36428304383867344,10978600,0.0000,1.0
2001-07-13,24.13,25.01,23.84,24.85,0.37161057632968125,8120400,0.0000,1.0
2001-07-16,24.88,25.1,23.91,23.96,0.3583013846623405,4976200,0.0000,1.0
2001-07-17,23.98,25.22,23.01,25.1,0.3753491133148893,11568400,0.0000,1.0
2001-07-18,21.78,22.78,20.42,20.79,0.3108967356899023,20303800,0.0000,1.0
2001-07-19,21.23,21.42,19.75,19.96,0.2984847928990116,15377500,0.0000,1.0
2001-07-20,19.7,20.06,19.49,19.98,0.29878387585782823,7939000,0.0000,1.0
2001-07-23,20.09,20.5,19.51,19.54,0.292204050763862,4310000,0.0000,1.0
2001-07-24,19.39,19.92,18.73,19.09,0.2854746841904875,6221000,0.0000,1.0
2001-07-25,19.12,19.3,17.97,18.47,0.2762031124671715,7926400,0.0000,1.0
2001-07-26,18.48,18.8,17.85,18.59,0.27799761022007136,6591800,0.0000,1.0
2001-07-27,18.75,19.25,18.5,18.96,0.2835306449581793,5966700,0.0000,1.0
2001-07-30,19.12,19.36,18.51,18.93,0.28308202051995435,4345700,0.0000,1.0
2001-07-31,19.27,19.42,18.51,18.79,0.28098843980823784,4196900,0.0000,1.0
2001-08-01,19.01,19.78,18.95,19.06,0.28502605975226253,5431000,0.0000,1.0
2001-08-02,19.65,19.87,19.26,19.82,0.29639121218729503,4501600,0.0000,1.0
2001-08-03,19.89,19.9,19.0,19.5,0.29160588484622874,3322400,0.0000,1.0
2001-08-06,19.04,19.66,19.0,19.13,0.2860728501081208,1779500,0.0000,1.0
2001-08-07,19.33,19.67,18.98,19.25,0.28786734786102064,3009800,0.0000,1.0
2001-08-08,19.26,19.7,18.54,18.9,0.2826333960817294,4931600,0.0000,1.0
2001-08-09,18.96,19.15,18.72,19.05,0.2848765182728542,3583300,0.0000,1.0
2001-08-10,19.04,19.32,18.59,19.02,0.28442789383462924,3338600,0.0000,1.0
2001-08-13,19.1,19.33,18.76,19.09,0.2854746841904875,2642800,0.0000,1.0
2001-08-14,19.2,19.36,18.67,18.73,0.2800911909317879,4088400,0.0000,1.0
2001-08-15,18.76,18.94,18.2,18.44,0.2757544880289466,5165700,0.0000,1.0
2001-08-16,18.27,18.75,17.97,18.65,0.2788948590965213,5144500,0.0000,1.0
2001-08-17,18.0,18.45,17.99,18.07,0.27022145329083863,3721900,0.0000,1.0
2001-08-20,18.14,18.23,17.81,18.12,0.27096916068788024,4505400,0.0000,1.0
2001-08-21,18.14,18.14,17.7,17.92,0.2679783310997138,3316100,0.0000,1.0
2001-08-22,17.94,18.25,17.61,18.21,0.27231503400255513,3106700,0.0000,1.0
2001-08-23,18.2,18.34,17.58,17.81,0.2663333748262222,3876400,0.0000,1.0
2001-08-24,18.0,18.62,17.65,18.57,0.27769852726125477,5184500,0.0000,1.0
2001-08-27,18.6,19.3,18.16,18.92,0.282932479040546,3136500,0.0000,1.0
2001-08-28,18.9,19.14,18.4,18.4,0.27515632211131325,3066700,0.0000,1.0
2001-08-29,18.44,18.83,17.83,17.83,0.26663245778503886,4285200,0.0000,1.0
2001-08-30,17.74,18.18,17.28,17.83,0.26663245778503886,6583800,0.0000,1.0
2001-08-31,17.73,18.6,17.65,18.55,0.2773994443024381,3873300,0.0000,1.0
2001-09-04,18.5,19.08,18.18,18.25,0.2729131999201884,6218100,0.0000,1.0
2001-09-05,18.24,18.95,18.12,18.55,0.2773994443024381,6429600,0.0000,1.0
2001-09-06,18.4,18.93,17.65,17.72,0.2649875015115473,5042300,0.0000,1.0
2001-09-07,17.5,18.1,17.2,17.28,0.25840767641758117,4318400,0.0000,1.0
2001-09-10,17.0,17.5,16.92,17.37,0.25975354973225606,5515100,0.0000,1.0
2001-09-17,16.0,17.07,15.73,16.99,0.2540709735147398,8178700,0.0000,1.0
2001-09-18,16.9,17.72,16.17,16.28,0.24345352847674892,5841100,0.0000,1.0
2001-09-19,16.5,17.1,15.6,17.02,0.25451959795296475,6666400,0.0000,1.0
2001-09-20,16.29,16.95,15.5,15.68,0.23448103971224957,7342400,0.0000,1.0
2001-09-21,14.8,16.25,14.68,15.73,0.23522874710929118,10187800,0.0000,1.0
2001-09-24,16.11,16.84,15.95,16.45,0.24599573362669036,5259600,0.0000,1.0
2001-09-25,16.14,16.22,15.35,15.54,0.23238745900053304,6685800,0.0000,1.0
2001-09-26,15.81,15.89,14.93,15.15,0.22655534130360847,8817800,0.0000,1.0
2001-09-27,15.25,15.75,15.2,15.51,0.23193883456230807,5754300,0.0000,1.0
2001-09-28,15.71,15.91,15.39,15.51,0.23193883456230807,6519800,0.0000,1.0
2001-10-01,15.49,15.99,15.23,15.54,0.23238745900053304,3718000,0.0000,1.0
2001-10-02,15.43,15.83,14.88,15.05,0.22505992650952525,4212200,0.0000,1.0
2001-10-03,14.95,15.36,14.83,14.98,0.224013136153667,12197200,0.0000,1.0
2001-10-04,15.35,16.25,14.99,15.88,0.23747186930041603,7162900,0.0000,1.0
2001-10-05,15.4,16.15,14.99,16.14,0.2413599477650324,6119400,0.0000,1.0
2001-10-08,15.57,16.35,15.5,16.2,0.24225719664148232,3714000,0.0000,1.0
2001-10-09,16.05,16.2,15.63,16.0,0.2392663670533159,3107600,0.0000,1.0
2001-10-10,16.1,16.85,15.95,16.82,0.2515287683647983,5495700,0.0000,1.0
2001-10-11,16.92,17.74,16.85,17.74,0.26528658447036396,5967200,0.0000,1.0
2001-10-12,17.31,18.08,16.86,18.01,0.2693242044143887,5139500,0.0000,1.0
2001-10-15,17.95,18.38,17.95,17.99,0.269025121455572,5692000,0.0000,1.0
2001-10-16,18.09,18.2,17.77,18.01,0.2693242044143887,3624100,0.0000,1.0
2001-10-17,18.34,18.41,16.96,16.99,0.2540709735147398,5098900,0.0000,1.0
2001-10-18,17.29,18.23,17.29,18.0,0.2691746629349804,10938800,0.0000,1.0
2001-10-19,17.94,18.4,17.88,18.3,0.27366090731723003,2978400,0.0000,1.0
2001-10-22,18.21,19.07,18.09,19.02,0.28442789383462924,6998900,0.0000,1.0
2001-10-23,19.12,19.42,17.87,18.14,0.2712682436466969,12231800,0.0000,1.0
2001-10-24,18.06,19.09,17.75,18.95,0.283381103478771,6686200,0.0000,1.0
2001-10-25,18.44,19.25,18.16,19.19,0.28697009898457077,4552700,0.0000,1.0
2001-10-26,18.86,19.25,18.62,18.67,0.279193942055338,4981500,0.0000,1.0
2001-10-29,18.57,18.67,17.6,17.63,0.2636416281968724,4271100,0.0000,1.0
2001-10-30,17.38,18.0,17.06,17.6,0.26319300375864746,4942200,0.0000,1.0
2001-10-31,17.73,18.4,17.44,17.56,0.2625948378410142,4888400,0.0000,1.0
2001-11-01,17.65,18.78,17.25,18.59,0.27799761022007136,5589200,0.0000,1.0
2001-11-02,18.52,18.86,18.16,18.57,0.27769852726125477,3521500,0.0000,1.0
2001-11-05,18.84,19.25,18.61,19.07,0.28517560123167085,4210600,0.0000,1.0
2001-11-06,18.96,19.62,18.53,19.57,0.292652675202087,5643200,0.0000,1.0
2001-11-07,19.46,20.13,19.33,19.59,0.29295175816090363,6839100,0.0000,1.0
2001-11-08,19.63,19.89,18.57,18.71,0.27979210797297127,6109700,0.0000,1.0
2001-11-09,18.6,19.25,18.55,18.71,0.27979210797297127,2398100,0.0000,1.0
2001-11-12,18.66,19.17,17.96,18.75,0.28039027389060456,3598200,0.0000,1.0
2001-11-13,19.08,19.39,18.71,19.37,0.28966184561392055,4012000,0.0000,1.0
2001-11-14,19.59,19.9,19.15,19.61,0.2932508411197203,3949100,0.0000,1.0
2001-11-15,19.45,19.9,19.23,19.45,0.2908581774491871,3804100,0.0000,1.0
2001-11-16,19.27,19.29,18.4,18.97,0.28368018643758763,4119000,0.0000,1.0
2001-11-19,19.0,20.05,18.96,20.0,0.2990829588166448,5939100,0.0000,1.0
2001-11-20,19.82,20.2,19.5,19.53,0.2920545092844537,4939000,0.0000,1.0
2001-11-21,19.61,19.8,19.26,19.68,0.2942976314755785,3599700,0.0000,1.0
2001-11-23,19.71,19.95,19.57,19.84,0.29669029514611167,1071500,0.0000,1.0
2001-11-26,19.94,21.55,19.88,21.37,0.31957014149558505,8226600,0.0000,1.0
2001-11-27,21.2,21.52,20.5,21.0,0.3140371067574771,4795600,0.0000,1.0
2001-11-28,20.85,21.21,20.41,20.53,0.307008657225286,4475200,0.0000,1.0
2001-11-29,20.6,20.7,20.19,20.42,0.30536370095179444,3620800,0.0000,1.0
2001-11-30,20.47,21.44,20.25,21.3,0.3185233511397268,5427000,0.0000,1.0
2001-12-03,21.06,21.28,20.6,21.05,0.3147848141545187,3235100,0.0000,1.0
2001-12-04,21.05,22.56,20.72,22.4,0.33497291387464223,6793200,0.0000,1.0
2001-12-05,22.36,24.03,22.17,23.76,0.3553105550741741,10153200,0.0000,1.0
2001-12-06,23.48,23.5,22.14,22.78,0.3406554900921585,6052400,0.0000,1.0
2001-12-07,22.46,22.71,22.0,22.54,0.33706649458635873,3634200,0.0000,1.0
2001-12-10,22.29,22.99,22.23,22.54,0.33706649458635873,3035900,0.0000,1.0
2001-12-11,22.67,22.85,21.65,21.78,0.32570134215132623,3669200,0.0000,1.0
2001-12-12,21.87,21.92,21.25,21.49,0.32136463924848485,3436800,0.0000,1.0
2001-12-13,21.49,21.55,20.5,21.0,0.3140371067574771,3532900,0.0000,1.0
2001-12-14,20.73,20.83,20.09,20.39,0.3049150765135694,3390800,0.0000,1.0
2001-12-17,20.4,21.0,20.19,20.62,0.30835453053996087,3102000,0.0000,1.0
2001-12-18,20.89,21.33,20.22,21.01,0.3141866482368854,4200700,0.0000,1.0
2001-12-19,20.58,21.68,20.47,21.62,0.3233086784807931,5177800,0.0000,1.0
2001-12-20,21.4,21.47,20.62,20.67,0.3091022379370025,3944000,0.0000,1.0
2001-12-21,21.01,21.54,20.8,21.0,0.3140371067574771,4577400,0.0000,1.0
2001-12-24,20.9,21.45,20.9,21.36,0.31942060001617667,904100,0.0000,1.0
2001-12-26,21.35,22.3,21.14,21.49,0.32136463924848485,2614300,0.0000,1.0
2001-12-27,21.58,22.25,21.58,22.07,0.3300380450541676,3419800,0.0000,1.0
2001-12-28,21.97,23.0,21.96,22.43,0.3354215383128672,5341500,0.0000,1.0
2001-12-31,22.51,22.66,21.83,21.9,0.3274958399042261,2460400,0.0000,1.0
2002-01-02,22.05,23.3,21.96,23.3,0.34843164702139123,9455300,0.0000,1.0
2002-01-03,23.75,23.75,22.77,23.58,0.35261880844482424,10928700,0.0000,1.0
2002-01-04,23.34,23.95,22.99,23.69,0.35426376471831583,7321000,0.0000,1.0
2002-01-07,23.72,24.0,22.75,22.9,0.3424499878450583,7939000,0.0000,1.0
2002-01-08,22.75,23.05,22.46,22.61,0.338113284942217,8036400,0.0000,1.0
2002-01-09,22.8,22.93,21.28,21.65,0.323757302919018,5854200,0.0000,1.0
2002-01-10,21.22,21.47,20.26,21.23,0.3174765607838685,8084600,0.0000,1.0
2002-01-11,21.39,21.84,20.6,21.05,0.3147848141545187,6228600,0.0000,1.0
2002-01-14,21.01,21.4,20.9,21.15,0.3162802289486019,7428500,0.0000,1.0
2002-01-15,21.32,21.76,21.21,21.7,0.32450501031605966,5184300,0.0000,1.0
2002-01-16,21.41,21.41,20.5,20.78,0.310747194210494,10123100,0.0000,1.0
2002-01-17,21.97,22.74,21.87,22.48,0.3361692457099088,11796000,0.0000,1.0
2002-01-18,22.0,22.6,21.96,22.17,0.33153345984825083,6050200,0.0000,1.0
2002-01-22,22.27,22.37,21.82,21.82,0.3262995080689595,5844900,0.0000,1.0
2002-01-23,23.04,23.04,21.59,23.02,0.3442444855979582,7915700,0.0000,1.0
2002-01-24,22.91,23.51,22.9,23.21,0.34708577370671634,6142900,0.0000,1.0
2002-01-25,22.89,23.42,22.66,23.25,0.3476839396243496,3319900,0.0000,1.0
2002-01-28,23.4,23.55,22.72,23.27,0.34798302258316627,3329400,0.0000,1.0
2002-01-29,23.22,23.54,22.85,23.07,0.34499219299499984,4291500,0.0000,1.0
2002-01-30,23.07,24.14,22.94,24.09,0.3602454238946487,8421000,0.0000,1.0
2002-01-31,24.16,24.73,24.11,24.72,0.369666537097373,8365100,0.0000,1.0
2002-02-01,24.96,24.96,24.34,24.41,0.36503075123571505,7112600,0.0000,1.0
2002-02-04,24.32,25.52,24.2,25.35,0.37908765030009733,9328100,0.0000,1.0
2002-02-05,25.09,25.98,25.08,25.45,0.38058306509418055,8158700,0.0000,1.0
2002-02-06,25.61,25.98,24.15,24.67,0.36891882970033146,10671000,0.0000,1.0
2002-02-07,24.65,25.29,24.08,24.3,0.3633857949622235,6211300,0.0000,1.0
2002-02-08,24.41,24.64,23.37,24.03,0.3593481750181988,6345200,0.0000,1.0
2002-02-11,23.93,25.0,23.74,24.98,0.37355461556198943,7117900,0.0000,1.0
2002-02-12,24.66,25.04,24.45,24.71,0.3695169956179647,4005000,0.0000,1.0
2002-02-13,24.73,25.24,24.65,25.01,0.3740032400002144,5587000,0.0000,1.0
2002-02-14,25.05,25.23,24.38,24.6,0.36787203934447316,4645900,0.0000,1.0
2002-02-15,24.98,24.98,23.85,23.9,0.3574041357858906,4646200,0.0000,1.0
2002-02-19,23.76,23.9,22.48,22.62,0.3382628264216253,6968900,0.0000,1.0
2002-02-20,23.2,23.2,22.35,23.13,0.34588944187144977,5097200,0.0000,1.0
2002-02-21,22.92,23.0,21.45,21.5,0.32151418072789323,7977700,0.0000,1.0
2002-02-22,21.66,22.95,21.5,22.74,0.34005732417452517,7258500,0.0000,1.0
2002-02-25,22.85,24.72,22.36,23.81,0.3560582624712157,7622300,0.0000,1.0
2002-02-26,23.91,24.37,23.25,23.67,0.3539646817594992,4645200,0.0000,1.0
2002-02-27,23.94,24.25,20.94,21.96,0.3283930887806761,18395700,0.0000,1.0
2002-02-28,22.15,22.59,21.35,21.7,0.32450501031605966,8159600,0.0000,1.0
2002-03-01,21.93,23.5,21.82,23.45,0.35067476921251606,6232000,0.0000,1.0
2002-03-04,23.26,24.58,22.76,24.29,0.36323625348281513,6218900,0.0000,1.0
2002-03-05,24.15,24.43,23.4,23.53,0.3518711010477827,4905400,0.0000,1.0
2002-03-06,23.48,24.34,22.93,24.07,0.35994634093583205,4039400,0.0000,1.0
2002-03-07,24.06,24.53,23.61,24.38,0.36458212679749,4611600,0.0000,1.0
2002-03-08,24.74,25.09,24.3,24.66,0.3687692882209231,4817400,0.0000,1.0
2002-03-11,24.6,25.14,24.1,25.06,0.37475094739725595,4692600,0.0000,1.0
2002-03-12,24.74,24.74,24.1,24.72,0.369666537097373,4536700,0.0000,1.0
2002-03-13,24.37,24.85,24.15,24.49,0.36622708307098156,3585100,0.0000,1.0
2002-03-14,24.6,24.6,23.88,24.43,0.3653298341945317,3880300,0.0000,1.0
2002-03-15,24.46,24.96,24.25,24.95,0.3731059911237644,4301800,0.0000,1.0
2002-03-18,24.95,25.05,24.32,24.74,0.36996562005618966,5438500,0.0000,1.0
2002-03-19,24.69,25.3,24.3,24.85,0.37161057632968125,4327600,0.0000,1.0
2002-03-20,24.66,25.14,24.5,24.92,0.3726573666855395,5255700,0.0000,1.0
2002-03-21,24.3,24.3,23.26,24.27,0.3629371705239985,11006300,0.0000,1.0
2002-03-22,24.22,24.56,23.87,24.09,0.3602454238946487,3610600,0.0000,1.0
2002-03-25,24.07,24.09,23.24,23.35,0.3491793544184329,4693400,0.0000,1.0
2002-03-26,23.2,23.64,23.0,23.46,0.35082431069192443,4604300,0.0000,1.0
2002-03-27,23.35,23.72,23.26,23.47,0.3509738521713327,2280400,0.0000,1.0
2002-03-28,23.7,23.88,23.46,23.67,0.3539646817594992,1936700,0.0000,1.0
2002-04-01,24.7,24.7,23.28,24.46,0.36577845863275665,3554400,0.0000,1.0
2002-04-02,24.0,24.3,23.87,24.07,0.35994634093583205,3639200,0.0000,1.0
2002-04-03,24.05,24.49,23.6,23.75,0.35516101359476576,3830900,0.0000,1.0
2002-04-04,23.67,25.05,23.67,24.9,0.3723582837267228,6044600,0.0000,1.0
2002-04-05,24.95,25.19,24.1,24.74,0.36996562005618966,4970500,0.0000,1.0
2002-04-08,24.16,24.68,23.78,24.56,0.36727387342683987,4669900,0.0000,1.0
2002-04-09,24.59,25.0,24.01,24.1,0.3603949653740571,3420200,0.0000,1.0
2002-04-10,24.21,24.95,24.01,24.66,0.3687692882209231,4017500,0.0000,1.0
2002-04-11,25.03,25.2,24.75,24.86,0.3717601178090895,7272400,0.0000,1.0
2002-04-12,25.01,25.17,24.57,25.06,0.37475094739725595,5718600,0.0000,1.0
2002-04-15,25.06,25.15,24.8,25.0,0.3738536985208061,5345900,0.0000,1.0
2002-04-16,25.15,26.0,25.12,25.74,0.3849197679970219,10974600,0.0000,1.0
2002-04-17,25.93,26.17,25.38,26.11,0.39045280273512983,7075900,0.0000,1.0
2002-04-18,25.5,25.52,24.88,25.41,0.37998489917654726,7173400,0.0000,1.0
2002-04-19,25.49,25.49,24.93,24.98,0.37355461556198943,6703700,0.0000,1.0
2002-04-22,24.84,24.93,24.23,24.53,0.3668252489886149,4811200,0.0000,1.0
2002-04-23,24.54,24.78,24.09,24.25,0.3626380875651819,4169100,0.0000,1.0
2002-04-24,24.3,24.5,23.68,23.77,0.3554600965535824,2508000,0.0000,1.0
2002-04-25,23.56,24.34,23.55,24.12,0.3606940483328737,3467900,0.0000,1.0
2002-04-26,24.28,24.37,23.0,23.01,0.3440949441185499,5446100,0.0000,1.0
2002-04-29,23.16,24.06,23.09,23.96,0.3583013846623405,4862300,0.0000,1.0
2002-04-30,23.89,24.38,23.75,24.27,0.3629371705239985,5017200,0.0000,1.0
2002-05-01,24.29,24.29,23.36,23.98,0.35860046762115716,3834000,0.0000,1.0
2002-05-02,23.81,24.34,23.6,23.69,0.35426376471831583,4274000,0.0000,1.0
2002-05-03,23.57,24.02,23.43,23.51,0.35157201808896604,4121100,0.0000,1.0
2002-05-06,23.35,23.5,22.46,22.65,0.33871145085985027,4458300,0.0000,1.0
2002-05-07,22.94,22.95,22.14,22.47,0.3360197042305005,4334800,0.0000,1.0
2002-05-08,23.2,24.52,23.04,24.37,0.36443258531808176,7797900,0.0000,1.0
2002-05-09,24.25,24.35,23.8,24.19,0.36174083868873197,4011000,0.0000,1.0
2002-05-10,24.29,24.29,22.98,23.32,0.3487307299802079,4203500,0.0000,1.0
2002-05-13,23.52,24.09,22.94,23.94,0.3580023017035239,4743000,0.0000,1.0
2002-05-14,24.45,25.68,24.22,25.61,0.3829757287647137,9401900,0.0000,1.0
2002-05-15,25.37,25.98,24.84,25.28,0.3780408599442391,5996900,0.0000,1.0
2002-05-16,25.06,25.45,24.75,25.21,0.37699406958838083,4054500,0.0000,1.0
2002-05-17,25.49,25.78,24.61,25.01,0.3740032400002144,4223100,0.0000,1.0
2002-05-20,24.57,24.93,24.53,24.74,0.36996562005618966,4819900,0.0000,1.0
2002-05-21,24.83,25.0,23.4,23.46,0.35082431069192443,5017700,0.0000,1.0
2002-05-22,23.37,24.37,23.32,24.32,0.36368487792104015,5194200,0.0000,1.0
2002-05-23,24.45,25.24,24.07,25.18,0.37654544515015587,6596400,0.0000,1.0
2002-05-24,24.99,24.99,23.96,24.15,0.3611426727710986,2967400,0.0000,1.0
2002-05-28,23.69,24.2,23.43,23.98,0.35860046762115716,2673500,0.0000,1.0
2002-05-29,23.92,24.44,23.45,23.98,0.35860046762115716,3960600,0.0000,1.0
2002-05-30,23.77,24.38,23.51,24.2,0.36189038016814024,3506700,0.0000,1.0
2002-05-31,24.09,24.25,23.28,23.3,0.34843164702139123,6526700,0.0000,1.0
2002-06-03,23.39,23.45,22.58,22.91,0.3425995293244667,4198400,0.0000,1.0
2002-06-04,22.88,23.04,22.18,22.78,0.3406554900921585,6211100,0.0000,1.0
2002-06-05,22.83,22.89,22.35,22.72,0.3397582412157085,4947900,0.0000,1.0
2002-06-06,22.96,23.23,22.04,22.16,0.3313839183688425,4642800,0.0000,1.0
2002-06-07,21.76,21.94,20.93,21.4,0.32001876593380996,10935300,0.0000,1.0
2002-06-10,21.48,21.84,21.34,21.48,0.3212150977690766,4956700,0.0000,1.0
2002-06-11,21.64,21.7,20.41,20.46,0.30596186686942767,6241000,0.0000,1.0
2002-06-12,20.41,20.75,19.94,20.09,0.30042883213131977,9441400,0.0000,1.0
2002-06-13,20.02,20.05,19.38,19.54,0.292204050763862,6287200,0.0000,1.0
2002-06-14,19.24,20.36,18.11,20.1,0.3005783736107281,7587500,0.0000,1.0
2002-06-17,20.24,20.63,19.85,20.54,0.30715819870469424,5796600,0.0000,1.0
2002-06-18,20.42,20.59,19.98,20.15,0.30132608100776964,6310000,0.0000,1.0
2002-06-19,17.37,17.6,16.88,17.12,0.256015012747048,30526200,0.0000,1.0
2002-06-20,17.17,17.6,16.85,17.11,0.25586547126763964,7082800,0.0000,1.0
2002-06-21,16.97,17.49,16.79,16.85,0.2519773928030233,7949600,0.0000,1.0
2002-06-24,16.77,17.73,16.7,17.27,0.2582581349381728,7713100,0.0000,1.0
2002-06-25,17.4,17.68,16.86,17.14,0.25631409570586466,5378600,0.0000,1.0
2002-06-26,16.8,17.29,15.98,16.55,0.24749114842077363,9981300,0.0000,1.0
2002-06-27,16.79,17.27,16.42,17.06,0.25511776387059804,4493900,0.0000,1.0
2002-06-28,17.1,17.82,17.0,17.72,0.2649875015115473,4818900,0.0000,1.0
2002-07-01,17.71,17.88,17.05,17.06,0.25511776387059804,3976600,0.0000,1.0
2002-07-02,17.03,17.16,16.83,16.94,0.2533232661176982,5449800,0.0000,1.0
2002-07-03,16.81,17.68,16.75,17.55,0.26244529636160585,3554100,0.0000,1.0
2002-07-05,17.71,18.75,17.71,18.74,0.2802407324111962,2886600,0.0000,1.0
2002-07-08,18.52,18.61,17.68,18.01,0.2693242044143887,3771500,0.0000,1.0
2002-07-09,18.09,18.29,17.46,17.53,0.2621462134027892,4049100,0.0000,1.0
2002-07-10,17.71,18.17,17.25,17.32,0.25900584233521445,3694300,0.0000,1.0
2002-07-11,17.26,18.35,16.97,18.3,0.27366090731723003,6672800,0.0000,1.0
2002-07-12,18.55,18.79,17.26,17.5,0.26169758896456424,7919500,0.0000,1.0
2002-07-15,17.43,18.6,16.81,18.23,0.2726141169613718,5285600,0.0000,1.0
2002-07-16,18.15,18.57,17.61,17.86,0.2670810822232638,7978000,0.0000,1.0
2002-07-17,16.13,16.2,15.19,15.63,0.23373333231520796,21705100,0.0000,1.0
2002-07-18,15.5,15.56,14.75,14.99,0.22416267763307532,9990400,0.0000,1.0
2002-07-19,14.7,15.17,14.53,14.96,0.22371405319485035,6878700,0.0000,1.0
2002-07-22,14.75,15.19,14.61,14.92,0.22311588727721704,7694600,0.0000,1.0
2002-07-23,14.9,15.13,14.44,14.47,0.21638652070384257,7140900,0.0000,1.0
2002-07-24,14.33,15.22,14.25,15.2,0.22730304870065007,7260600,0.0000,1.0
2002-07-25,14.93,14.95,14.01,14.36,0.214741564430351,8559900,0.0000,1.0
2002-07-26,14.46,14.53,13.8,14.34,0.21444248147153436,3709000,0.0000,1.0
2002-07-29,14.48,15.1,14.37,15.02,0.22461130207130028,4910000,0.0000,1.0
2002-07-30,14.85,15.51,14.56,15.43,0.2307425027270415,6336400,0.0000,1.0
2002-07-31,15.4,15.42,14.9,15.26,0.2282002975771,5548200,0.0000,1.0
2002-08-01,15.11,15.42,14.73,14.8,0.2213213895243172,4088500,0.0000,1.0
2002-08-02,14.74,15.0,14.25,14.45,0.2160874377450259,3197500,0.0000,1.0
2002-08-05,14.51,14.7,13.97,13.99,0.20920852969224307,3643300,0.0000,1.0
2002-08-06,14.21,15.23,14.08,14.74,0.22042414064786725,4858100,0.0000,1.0
2002-08-07,15.09,15.36,14.35,15.03,0.22476084355070858,5954900,0.0000,1.0
2002-08-08,14.77,15.38,14.77,15.3,0.22879846349473332,4059800,0.0000,1.0
2002-08-09,15.25,15.25,14.75,15.0,0.22431221911248364,3673500,0.0000,1.0
2002-08-12,14.9,15.02,14.69,14.99,0.22416267763307532,3210100,0.0000,1.0
2002-08-13,14.9,15.21,14.55,14.59,0.2181810184567424,4819100,0.0000,1.0
2002-08-14,14.67,15.35,14.54,15.17,0.2268544242624251,7126500,0.0000,1.0
2002-08-15,15.25,15.75,15.01,15.61,0.2334342493563913,5751400,0.0000,1.0
2002-08-16,15.45,16.1,15.28,15.81,0.23642507894455775,4379000,0.0000,1.0
2002-08-19,15.78,16.25,15.72,15.98,0.23896728409449924,3867100,0.0000,1.0
2002-08-20,15.97,16.09,15.53,15.91,0.23792049373864096,3332600,0.0000,1.0
2002-08-21,16.01,16.24,15.45,16.12,0.24106086480621575,3614800,0.0000,1.0
2002-08-22,16.2,16.25,15.66,15.97,0.23881774261509092,4612700,0.0000,1.0
2002-08-23,15.9,15.93,15.45,15.73,0.23522874710929118,2915100,0.0000,1.0
2002-08-26,15.95,15.95,15.16,15.53,0.23223791752112471,3392300,0.0000,1.0
2002-08-27,15.71,15.74,14.71,14.85,0.2220690969213588,4682700,0.0000,1.0
2002-08-28,14.8,15.12,14.65,14.7,0.21982597473023394,4428100,0.0000,1.0
2002-08-29,14.65,15.08,14.51,14.7,0.21982597473023394,2931600,0.0000,1.0
2002-08-30,14.73,15.14,14.58,14.75,0.22057368212727557,3455700,0.0000,1.0
2002-09-03,14.49,14.55,14.05,14.05,0.210105778568693,4945300,0.0000,1.0
2002-09-04,14.2,14.78,14.17,14.48,0.21653606218325086,7511800,0.0000,1.0
2002-09-05,14.22,14.36,14.05,14.18,0.21204981780100118,4038900,0.0000,1.0
2002-09-06,14.51,14.65,14.23,14.38,0.21504064738916764,3242700,0.0000,1.0
2002-09-09,14.28,14.53,14.15,14.37,0.21489110590975932,2825800,0.0000,1.0
2002-09-10,14.41,14.5,14.12,14.33,0.21429293999212604,4454800,0.0000,1.0
2002-09-11,14.34,14.6,14.15,14.29,0.21369477407449272,3614500,0.0000,1.0
2002-09-12,14.2,14.51,14.12,14.14,0.21145165188336792,4818400,0.0000,1.0
2002-09-13,14.13,14.34,14.05,14.17,0.21190027632159286,5052700,0.0000,1.0
2002-09-16,14.14,14.61,14.12,14.5,0.2168351451420675,5118600,0.0000,1.0
2002-09-17,14.57,15.03,14.57,14.8,0.2213213895243172,7642800,0.0000,1.0
2002-09-18,14.69,15.09,14.52,15.02,0.22461130207130028,5868600,0.0000,1.0
2002-09-19,14.75,14.8,14.48,14.58,0.2180314769773341,3677600,0.0000,1.0
2002-09-20,14.62,14.94,14.52,14.87,0.22236817988017543,6299800,0.0000,1.0
2002-09-23,14.76,14.96,14.45,14.85,0.2220690969213588,4709100,0.0000,1.0
2002-09-24,14.4,14.82,14.4,14.64,0.21892872585378403,4476100,0.0000,1.0
2002-09-25,14.69,15.17,14.65,14.93,0.22326542875662536,4547900,0.0000,1.0
2002-09-26,15.1,15.19,14.55,14.7,0.21982597473023394,3725800,0.0000,1.0
2002-09-27,14.49,14.85,14.48,14.72,0.2201250576890506,3681300,0.0000,1.0
2002-09-30,14.4,14.57,14.14,14.5,0.2168351451420675,4244600,0.0000,1.0
2002-10-01,14.59,14.6,14.0,14.51,0.21698468662147583,6114700,0.0000,1.0
2002-10-02,14.33,14.63,14.1,14.17,0.21190027632159286,4095500,0.0000,1.0
2002-10-03,14.18,14.6,14.06,14.3,0.21384431555390107,3891000,0.0000,1.0
2002-10-04,14.36,14.4,14.0,14.03,0.20980669560987636,3407600,0.0000,1.0
2002-10-07,13.97,14.21,13.76,13.77,0.20591861714525997,4369600,0.0000,1.0
2002-10-08,13.9,13.96,13.36,13.69,0.2047222853099934,8100800,0.0000,1.0
2002-10-09,13.54,13.85,13.41,13.6,0.2033764119953185,6369400,0.0000,1.0
2002-10-10,13.63,14.22,13.58,14.12,0.21115256892455125,5742400,0.0000,1.0
2002-10-11,14.25,14.78,14.1,14.51,0.21698468662147583,5262100,0.0000,1.0
2002-10-14,14.55,14.98,14.44,14.77,0.22087276508609222,3471500,0.0000,1.0
2002-10-15,15.22,15.25,14.78,15.16,0.2267048827830168,7241400,0.0000,1.0
2002-10-16,14.86,15.13,14.46,14.56,0.21773239401851746,5493300,0.0000,1.0
2002-10-17,14.21,14.39,13.98,14.11,0.21100302744514293,8380300,0.0000,1.0
2002-10-18,14.0,14.35,13.93,14.34,0.21444248147153436,5148200,0.0000,1.0
2002-10-21,14.26,14.63,14.0,14.56,0.21773239401851746,4259300,0.0000,1.0
2002-10-22,14.47,14.88,14.26,14.7,0.21982597473023394,3895500,0.0000,1.0
2002-10-23,14.63,14.98,14.5,14.88,0.22251772135958378,3732800,0.0000,1.0
2002-10-24,15.02,15.21,14.55,14.69,0.21967643325082564,3120500,0.0000,1.0
2002-10-25,14.69,15.45,14.59,15.42,0.23059296124763318,4983400,0.0000,1.0
2002-10-28,15.55,15.95,15.25,15.61,0.2334342493563913,6237500,0.0000,1.0
2002-10-29,15.57,15.88,14.96,15.44,0.23089204420644982,4628200,0.0000,1.0
2002-10-30,15.55,16.37,15.48,15.98,0.23896728409449924,4833500,0.0000,1.0
2002-10-31,15.99,16.44,15.92,16.07,0.24031315740917414,5282800,0.0000,1.0
2002-11-01,15.94,16.5,15.89,16.36,0.24464986031201547,3389800,0.0000,1.0
2002-11-04,16.5,17.38,16.35,16.89,0.25257555872065657,6728900,0.0000,1.0
2002-11-05,16.75,16.97,16.35,16.9,0.2527251002000649,3762400,0.0000,1.0
2002-11-06,17.08,17.32,16.7,17.22,0.2575104275411312,3864100,0.0000,1.0
2002-11-07,16.94,17.1,15.81,16.0,0.2392663670533159,6003200,0.0000,1.0
2002-11-08,16.01,16.2,15.52,15.84,0.2368737033827827,3394000,0.0000,1.0
2002-11-11,15.75,15.89,15.12,15.16,0.2267048827830168,2731700,0.0000,1.0
2002-11-12,15.32,16.04,15.28,15.64,0.23388287379461628,3996300,0.0000,1.0
2002-11-13,15.5,16.07,15.28,15.59,0.23313516639757464,4138200,0.0000,1.0
2002-11-14,15.9,16.41,15.78,16.3,0.24375261143556556,2530600,0.0000,1.0
2002-11-15,16.23,16.24,15.76,15.95,0.23851865965627425,2874900,0.0000,1.0
2002-11-18,16.19,16.2,15.52,15.65,0.2340324152740246,2938900,0.0000,1.0
2002-11-19,15.55,15.75,15.01,15.27,0.22834983905650832,3767000,0.0000,1.0
2002-11-20,15.3,15.7,15.25,15.53,0.23223791752112471,3727500,0.0000,1.0
2002-11-21,15.9,16.44,15.75,16.35,0.24450031883260717,7472900,0.0000,1.0
2002-11-22,16.09,16.31,15.9,16.01,0.2394159085327242,4068900,0.0000,1.0
2002-11-25,16.03,16.14,15.71,15.97,0.23881774261509092,3561200,0.0000,1.0
2002-11-26,15.85,15.9,15.27,15.41,0.23044341976822486,4290400,0.0000,1.0
2002-11-27,15.6,15.86,15.45,15.72,0.23507920562988285,5121400,0.0000,1.0
2002-11-29,15.79,15.88,15.42,15.5,0.23178929308289975,2561300,0.0000,1.0
2002-12-02,15.9,16.1,15.01,15.18,0.22700396574183343,7120400,0.0000,1.0
2002-12-03,15.2,15.34,15.1,15.16,0.2267048827830168,4069100,0.0000,1.0
2002-12-04,15.18,15.19,14.5,14.97,0.22386359467425868,5817100,0.0000,1.0
2002-12-05,15.03,15.08,14.53,14.63,0.2187791843743757,4346400,0.0000,1.0
2002-12-06,14.65,15.19,14.52,14.95,0.223564511715442,4381400,0.0000,1.0
2002-12-09,14.94,14.95,14.67,14.75,0.22057368212727557,4215800,0.0000,1.0
2002-12-10,14.75,15.45,14.73,15.28,0.22849938053591665,5510900,0.0000,1.0
2002-12-11,15.3,15.49,15.08,15.49,0.23163975160349143,4526800,0.0000,1.0
2002-12-12,15.51,15.55,15.01,15.19,0.22715350722124175,2666800,0.0000,1.0
2002-12-13,15.14,15.15,14.65,14.79,0.22117184804490886,2942500,0.0000,1.0
2002-12-16,14.81,15.1,14.61,14.85,0.2220690969213588,4493300,0.0000,1.0
2002-12-17,14.85,15.19,14.66,15.08,0.2255085509477502,3976100,0.0000,1.0
2002-12-18,14.8,14.86,14.5,14.57,0.21788193549792578,2691100,0.0000,1.0
2002-12-19,14.53,14.92,14.1,14.2,0.21234890075981783,6205700,0.0000,1.0
2002-12-20,14.29,14.56,13.78,14.14,0.21145165188336792,5680300,0.0000,1.0
2002-12-23,14.16,14.55,14.12,14.49,0.21668560366265918,2246900,0.0000,1.0
2002-12-24,14.44,14.47,14.3,14.36,0.214741564430351,702500,0.0000,1.0
2002-12-26,14.42,14.81,14.28,14.4,0.2153397303479843,1525400,0.0000,1.0
2002-12-27,14.31,14.38,14.01,14.06,0.21025532004810132,1429200,0.0000,1.0
2002-12-30,14.08,14.15,13.84,14.07,0.21040486152750965,2768600,0.0000,1.0
2002-12-31,14.0,14.36,13.95,14.33,0.21429293999212604,3584400,0.0000,1.0
2003-01-02,14.36,14.92,14.35,14.8,0.2213213895243172,3239800,0.0000,1.0
2003-01-03,14.8,14.93,14.59,14.9,0.22281680431840042,2633100,0.0000,1.0
2003-01-06,15.03,15.38,14.88,14.9,0.22281680431840042,6973800,0.0000,1.0
2003-01-07,14.79,15.0,14.47,14.85,0.2220690969213588,6113300,0.0000,1.0
2003-01-08,14.58,14.71,14.44,14.55,0.21758285253910914,4100800,0.0000,1.0
2003-01-09,14.62,14.92,14.5,14.68,0.21952689177141732,3843800,0.0000,1.0
2003-01-10,14.58,14.82,14.49,14.72,0.2201250576890506,3126800,0.0000,1.0
2003-01-13,14.9,14.9,14.36,14.63,0.2187791843743757,3195400,0.0000,1.0
2003-01-14,14.69,14.82,14.49,14.61,0.21848010141555904,3336800,0.0000,1.0
2003-01-15,14.59,14.7,14.26,14.43,0.21578835478620925,6627300,0.0000,1.0
2003-01-16,14.21,14.76,14.21,14.62,0.21862964289496736,9983400,0.0000,1.0
2003-01-17,14.56,14.56,14.08,14.1,0.2108534859657346,4763600,0.0000,1.0
2003-01-21,14.21,14.41,14.0,14.02,0.20965715413046804,4526000,0.0000,1.0
2003-01-22,13.98,14.15,13.8,13.88,0.20756357341875153,3841800,0.0000,1.0
2003-01-23,14.05,14.36,13.95,14.17,0.21190027632159286,4076000,0.0000,1.0
2003-01-24,14.24,14.24,13.56,13.8,0.20636724158348496,5454800,0.0000,1.0
2003-01-27,13.68,14.5,13.65,14.13,0.2113021104039596,6989400,0.0000,1.0
2003-01-28,14.24,14.69,14.16,14.58,0.2180314769773341,5111700,0.0000,1.0
2003-01-29,14.24,14.69,14.16,14.58,0.2180314769773341,6661500,0.0000,1.0
2003-01-30,14.98,15.07,14.29,14.32,0.21414339851271771,7268900,0.0000,1.0
2003-01-31,14.19,14.55,14.05,14.36,0.214741564430351,6093300,0.0000,1.0
2003-02-03,14.41,14.91,14.35,14.66,0.21922780881260068,4728300,0.0000,1.0
2003-02-04,14.45,14.65,14.31,14.6,0.21833055993615072,5668100,0.0000,1.0
2003-02-05,14.71,14.93,14.45,14.45,0.2160874377450259,3957400,0.0000,1.0
2003-02-06,14.36,14.59,14.22,14.43,0.21578835478620925,3199100,0.0000,1.0
2003-02-07,14.55,14.6,14.07,14.15,0.21160119336277622,4816100,0.0000,1.0
2003-02-10,14.26,14.57,14.06,14.35,0.21459202295094268,2998000,0.0000,1.0
2003-02-11,14.5,14.63,14.2,14.35,0.21459202295094268,2942500,0.0000,1.0
2003-02-12,14.27,14.6,14.27,14.39,0.21519018886857597,4083700,0.0000,1.0
2003-02-13,14.41,14.64,14.24,14.54,0.2174333110597008,3723100,0.0000,1.0
2003-02-14,14.61,14.72,14.35,14.67,0.219377350292009,4344600,0.0000,1.0
2003-02-18,14.75,15.3,14.72,15.27,0.22834983905650832,5194600,0.0000,1.0
2003-02-19,15.07,15.15,14.68,14.85,0.2220690969213588,4292300,0.0000,1.0
2003-02-20,14.85,14.96,14.71,14.77,0.22087276508609222,4006300,0.0000,1.0
2003-02-21,14.82,15.06,14.65,15.0,0.22431221911248364,2811500,0.0000,1.0
2003-02-24,14.86,15.03,13.8,14.74,0.22042414064786725,3218800,0.0000,1.0
2003-02-25,14.68,15.08,14.59,15.02,0.22461130207130028,3368600,0.0000,1.0
2003-02-26,14.99,15.02,14.48,14.5,0.2168351451420675,3876700,0.0000,1.0
2003-02-27,14.57,15.0,14.51,14.86,0.2222186384007671,2756100,0.0000,1.0
2003-02-28,14.86,15.09,14.77,15.01,0.22446176059189196,3483900,0.0000,1.0
2003-03-03,15.01,15.16,14.55,14.65,0.21907826733319236,3638600,0.0000,1.0
2003-03-04,14.74,14.81,14.44,14.56,0.21773239401851746,2257400,0.0000,1.0
2003-03-05,14.61,14.8,14.52,14.62,0.21862964289496736,2262200,0.0000,1.0
2003-03-06,14.58,14.6,14.4,14.56,0.21773239401851746,1783200,0.0000,1.0
2003-03-07,14.47,14.71,14.31,14.53,0.21728376958029247,3589000,0.0000,1.0
2003-03-10,14.51,14.67,14.3,14.37,0.21489110590975932,2403100,0.0000,1.0
2003-03-11,14.36,14.49,14.12,14.23,0.21279752519804282,2878400,0.0000,1.0
2003-03-12,14.17,14.39,14.06,14.22,0.2126479837186345,3974300,0.0000,1.0
2003-03-13,14.47,14.8,14.17,14.72,0.2201250576890506,5990100,0.0000,1.0
2003-03-14,14.68,15.01,14.64,14.78,0.22102230656550054,2733900,0.0000,1.0
2003-03-17,14.89,15.07,14.71,15.01,0.22446176059189196,7141300,0.0000,1.0
2003-03-18,15.0,15.09,14.82,15.0,0.22431221911248364,4106800,0.0000,1.0
2003-03-19,15.07,15.15,14.79,14.95,0.223564511715442,2523500,0.0000,1.0
2003-03-20,14.93,14.99,14.6,14.91,0.22296634579780875,2913900,0.0000,1.0
2003-03-21,15.09,15.15,14.82,15.0,0.22431221911248364,5320500,0.0000,1.0
2003-03-24,14.67,14.8,14.35,14.37,0.21489110590975932,2876800,0.0000,1.0
2003-03-25,14.41,14.83,14.37,14.55,0.21758285253910914,2994600,0.0000,1.0
2003-03-26,14.55,14.56,14.3,14.41,0.2154892718273926,3184700,0.0000,1.0
2003-03-27,14.32,14.7,14.32,14.49,0.21668560366265918,2185600,0.0000,1.0
2003-03-28,14.4,14.62,14.37,14.57,0.21788193549792578,2594700,0.0000,1.0
2003-03-31,14.34,14.53,14.04,14.14,0.21145165188336792,4583200,0.0000,1.0
2003-04-01,14.2,14.31,14.07,14.16,0.21175073484218454,2756100,0.0000,1.0
2003-04-02,14.36,14.69,14.2675,14.6,0.21833055993615072,3060200,0.0000,1.0
2003-04-03,14.55,14.7,14.35,14.46,0.21623697922443424,2602000,0.0000,1.0
2003-04-04,14.52,14.67,14.39,14.41,0.2154892718273926,2607500,0.0000,1.0
2003-04-07,14.85,14.95,14.41,14.49,0.21668560366265918,3515400,0.0000,1.0
2003-04-08,14.51,14.65,14.3642,14.45,0.2160874377450259,2302400,0.0000,1.0
2003-04-09,14.52,14.62,14.14,14.19,0.2121993592804095,2620100,0.0000,1.0
2003-04-10,14.2,14.39,14.2,14.37,0.21489110590975932,1912500,0.0000,1.0
2003-04-11,14.05,14.44,12.93,13.2,0.19739475281898558,24869800,0.0000,1.0
2003-04-14,13.71,13.75,13.5,13.58,0.20307732903650186,8981400,0.0000,1.0
2003-04-15,13.59,13.6,13.3,13.39,0.20023604092774372,5428000,0.0000,1.0
2003-04-16,12.99,13.67,12.92,13.24,0.1979929187366189,18146000,0.0000,1.0
2003-04-17,13.2,13.25,12.72,13.12,0.196198420983719,11004600,0.0000,1.0
2003-04-21,13.13,13.19,12.98,13.14,0.19649750394253568,2720000,0.0000,1.0
2003-04-22,13.18,13.62,13.09,13.51,0.20203053868064358,5367300,0.0000,1.0
2003-04-23,13.53,13.63,13.37,13.58,0.20307732903650186,3744300,0.0000,1.0
2003-04-24,13.52,13.61,13.0,13.44,0.20098374832478533,5805500,0.0000,1.0
2003-04-25,13.46,13.58,13.23,13.35,0.19963787501011043,3666400,0.0000,1.0
2003-04-28,13.48,13.96,13.43,13.86,0.20726449045993486,11371400,0.0000,1.0
2003-04-29,13.98,14.16,13.58,14.06,0.21025532004810132,8182800,0.0000,1.0
2003-04-30,13.93,14.35,13.85,14.22,0.2126479837186345,8181700,0.0000,1.0
2003-05-01,14.25,14.39,14.0,14.36,0.214741564430351,6120700,0.0000,1.0
2003-05-02,14.46,14.59,14.34,14.45,0.2160874377450259,5735400,0.0000,1.0
2003-05-05,14.77,16.88,14.75,16.09,0.24061224036799078,27780500,0.0000,1.0
2003-05-06,16.12,17.9,16.108,17.5,0.26169758896456424,27044500,0.0000,1.0
2003-05-07,17.33,18.24,17.11,17.65,0.26394071115568907,18828200,0.0000,1.0
2003-05-08,17.7,18.07,17.299,18.0,0.2691746629349804,12281000,0.0000,1.0
2003-05-09,18.33,18.4,17.88,18.3,0.27366090731723003,10506900,0.0000,1.0
2003-05-12,18.15,18.74,18.13,18.56,0.2775489857818464,7488800,0.0000,1.0
2003-05-13,18.43,18.97,17.95,18.67,0.279193942055338,7978500,0.0000,1.0
2003-05-14,18.83,18.84,18.43,18.55,0.2773994443024381,6348000,0.0000,1.0
2003-05-15,18.6,18.85,18.47,18.73,0.2800911909317879,5089200,0.0000,1.0
2003-05-16,18.59,19.0,18.28,18.8,0.28113798128764617,6100500,0.0000,1.0
2003-05-19,18.53,18.65,18.06,18.1,0.2706700777290636,7962300,0.0000,1.0
2003-05-20,18.1,18.16,17.6,17.79,0.26603429186740557,7432500,0.0000,1.0
2003-05-21,17.79,18.09,17.67,17.85,0.26693154074385556,5446600,0.0000,1.0
2003-05-22,17.89,18.4,17.74,18.24,0.2727636584407801,3186800,0.0000,1.0
2003-05-23,18.21,18.46,17.96,18.32,0.27395999027604667,3691400,0.0000,1.0
2003-05-27,17.96,18.9,17.91,18.88,0.28233431312291274,5180900,0.0000,1.0
2003-05-28,18.5,18.655,18.15,18.28,0.2733618243584134,6065700,0.0000,1.0
2003-05-29,18.29,18.5,17.9,18.1,0.2706700777290636,5960100,0.0000,1.0
2003-05-30,18.12,18.18,17.53,17.95,0.2684269555379387,6834800,0.0000,1.0
2003-06-02,18.1,18.29,17.27,17.45,0.26094988156752263,7474800,0.0000,1.0
2003-06-03,17.44,17.67,17.02,17.31,0.2588563008558061,6443900,0.0000,1.0
2003-06-04,17.3,17.79,17.14,17.6,0.26319300375864746,4842900,0.0000,1.0
2003-06-05,17.45,17.74,17.33,17.64,0.26379116967628075,3669600,0.0000,1.0
2003-06-06,17.74,18.04,17.14,17.15,0.25646363718527293,4310500,0.0000,1.0
2003-06-09,16.94,17.04,16.63,16.79,0.25108014392657335,4642000,0.0000,1.0
2003-06-10,16.89,17.29,16.75,17.18,0.2569122616234979,3154400,0.0000,1.0
2003-06-11,17.15,17.51,16.814,17.45,0.26094988156752263,4019900,0.0000,1.0
2003-06-12,17.55,17.88,17.45,17.77,0.2657352089085889,4510500,0.0000,1.0
2003-06-13,17.75,17.95,17.13,17.42,0.26050125712929767,3415100,0.0000,1.0
2003-06-16,17.6,18.27,17.45,18.27,0.27321228287900506,4259400,0.0000,1.0
2003-06-17,18.41,18.5,17.99,18.19,0.2720159510437385,3169000,0.0000,1.0
2003-06-18,18.45,19.48,18.309,19.12,0.28592330862871246,8124700,0.0000,1.0
2003-06-19,19.35,19.61,18.77,19.14,0.2862223915875291,6813000,0.0000,1.0
2003-06-20,19.35,19.58,18.9,19.2,0.28711964046397903,6366900,0.0000,1.0
2003-06-23,19.301,19.69,18.75,19.06,0.28502605975226253,5488600,0.0000,1.0
2003-06-24,19.47,19.67,18.72,18.78,0.2808388983288295,9185400,0.0000,1.0
2003-06-25,18.86,19.4,18.71,19.09,0.2854746841904875,5889500,0.0000,1.0
2003-06-26,18.7,19.32,18.7,19.29,0.2884655137786539,2887600,0.0000,1.0
2003-06-27,19.3,19.31,18.48,18.73,0.2800911909317879,6532000,0.0000,1.0
2003-06-30,18.68,19.21,18.59,19.06,0.28502605975226253,3967000,0.0000,1.0
2003-07-01,18.87,19.18,18.51,19.09,0.2854746841904875,3232000,0.0000,1.0
2003-07-02,19.03,19.4,19.02,19.27,0.2881664308198373,5808900,0.0000,1.0
2003-07-03,19.0,19.55,18.98,19.13,0.2860728501081208,2460200,0.0000,1.0
2003-07-07,19.27,20.18,19.13,19.87,0.2971389195843367,5112000,0.0000,1.0
2003-07-08,19.52,20.5,19.49,20.4,0.30506461799297774,4584600,0.0000,1.0
2003-07-09,20.21,20.45,19.885,19.89,0.2974380025431533,3815100,0.0000,1.0
2003-07-10,19.91,19.94,19.37,19.58,0.29280221668149525,3052400,0.0000,1.0
2003-07-11,19.66,20.0,19.531,19.85,0.29683983662552005,2443900,0.0000,1.0
2003-07-14,20.01,20.4,19.87,19.9,0.2975875440225616,3364400,0.0000,1.0
2003-07-15,20.02,20.24,19.43,19.61,0.2932508411197203,3690100,0.0000,1.0
2003-07-16,19.97,20.0,19.38,19.87,0.2971389195843367,4480900,0.0000,1.0
2003-07-17,20.19,20.95,20.13,20.9,0.3125416919633938,13414500,0.0000,1.0
2003-07-18,20.9,21.18,20.4,20.859,0.31192857189781975,5336400,0.0000,1.0
2003-07-21,20.69,20.8,20.2999,20.61,0.3082049890605525,3282300,0.0000,1.0
2003-07-22,20.87,20.96,20.5,20.8,0.31104627716931066,3543300,0.0000,1.0
2003-07-23,20.95,20.96,20.46,20.79,0.3108967356899023,2554200,0.0000,1.0
2003-07-24,21.04,21.5,20.38,20.51,0.30670957426646933,4093500,0.0000,1.0
2003-07-25,20.41,21.57,20.4,21.54,0.32211234664552646,3869400,0.0000,1.0
2003-07-28,21.5,21.505,20.86,20.99,0.3138875652780687,3042100,0.0000,1.0
2003-07-29,20.99,21.08,20.52,20.72,0.30984994533404403,3520000,0.0000,1.0
2003-07-30,20.77,20.9,20.17,20.28,0.3032701202400779,3099900,0.0000,1.0
2003-07-31,20.74,21.35,20.57,21.08,0.31523343859274366,5383300,0.0000,1.0
2003-08-01,21.0,21.27,20.64,20.73,0.3099994868134524,2671500,0.0000,1.0
2003-08-04,20.53,21.5,20.28,21.21,0.31717747782505185,4109200,0.0000,1.0
2003-08-05,21.35,21.4,20.1,20.38,0.3047655350341611,4454300,0.0000,1.0
2003-08-06,20.06,20.17,19.5,19.63,0.2935499240785369,4383300,0.0000,1.0
2003-08-07,19.73,20.09,19.42,19.93,0.29803616846078657,3113900,0.0000,1.0
2003-08-08,20.11,20.13,19.6,19.64,0.29369946555794524,2458200,0.0000,1.0
2003-08-11,19.82,19.93,19.51,19.66,0.2939985485167619,2450500,0.0000,1.0
2003-08-12,19.76,19.8,19.46,19.7,0.29459671443439517,2936400,0.0000,1.0
2003-08-13,19.86,20.34,19.58,20.18,0.30177470544599466,5073200,0.0000,1.0
2003-08-14,20.21,20.33,19.94,19.97,0.29863433437841985,3442500,0.0000,1.0
2003-08-15,20.02,20.07,19.66,19.71,0.2947462559138035,2247600,0.0000,1.0
2003-08-18,19.86,20.41,19.72,20.34,0.3041673691165278,3442400,0.0000,1.0
2003-08-19,20.37,20.45,20.0,20.32,0.30386828615771116,2387300,0.0000,1.0
2003-08-20,20.18,21.27,20.14,21.01,0.3141866482368854,4878800,0.0000,1.0
2003-08-21,21.03,21.707,20.95,21.68,0.324205927357243,4559400,0.0000,1.0
2003-08-22,21.81,22.0,20.636,20.88,0.3122426090045772,4469000,0.0000,1.0
2003-08-25,20.78,20.91,20.49,20.86,0.3119435260457606,2460400,0.0000,1.0
2003-08-26,20.75,21.07,20.35,21.05,0.3147848141545187,2945700,0.0000,1.0
2003-08-27,20.91,21.48,20.66,21.48,0.3212150977690766,4030400,0.0000,1.0
2003-08-28,21.33,22.22,21.33,22.19,0.3318325428070675,5707600,0.0000,1.0
2003-08-29,22.2,22.85,22.049,22.61,0.338113284942217,4699200,0.0000,1.0
2003-09-02,22.66,22.9,22.4,22.85,0.34170228044801676,4323800,0.0000,1.0
2003-09-03,22.8,23.32,22.76,22.95,0.3431976952420999,4800500,0.0000,1.0
2003-09-04,23.16,23.25,22.77,22.83,0.34140319748920006,3567500,0.0000,1.0
2003-09-05,22.73,23.15,22.41,22.5,0.33646832866872545,4288100,0.0000,1.0
2003-09-08,22.48,22.79,22.47,22.74,0.34005732417452517,2986500,0.0000,1.0
2003-09-09,22.53,22.67,22.12,22.37,0.33452428943641727,3220900,0.0000,1.0
2003-09-10,22.25,22.61,22.11,22.18,0.33168300132765915,4015900,0.0000,1.0
2003-09-11,22.25,22.79,22.1,22.56,0.3373655775451754,3815800,0.0000,1.0
2003-09-12,22.47,23.14,22.31,23.1,0.3454408174332248,3214100,0.0000,1.0
2003-09-15,22.81,22.9,22.12,22.21,0.3321316257658841,4050800,0.0000,1.0
2003-09-16,22.21,22.695,22.2,22.36,0.33437474795700894,4803700,0.0000,1.0
2003-09-17,22.37,22.38,21.855,22.12,0.3307857524512092,5167800,0.0000,1.0
2003-09-18,22.1,22.99,21.95,22.88,0.34215090488624167,4516200,0.0000,1.0
2003-09-19,22.88,23.05,22.43,22.58,0.337664660503992,3677800,0.0000,1.0
2003-09-22,22.18,22.5,21.92,22.08,0.3301875865335759,3211100,0.0000,1.0
2003-09-23,22.02,22.46,21.88,22.43,0.3354215383128672,2365200,0.0000,1.0
2003-09-24,22.21,22.31,21.0824,21.32,0.3188224340985434,5380100,0.0000,1.0
2003-09-25,21.34,21.37,20.25,20.43,0.3055132424312027,10256800,0.0000,1.0
2003-09-26,20.3,21.42,20.149,20.69,0.3094013208958191,6200900,0.0000,1.0
2003-09-29,21.49,21.67,20.65,21.3,0.3185233511397268,6530400,0.0000,1.0
2003-09-30,21.09,21.22,20.44,20.72,0.30984994533404403,5096900,0.0000,1.0
2003-10-01,20.75,21.1,20.19,20.79,0.3108967356899023,4216300,0.0000,1.0
2003-10-02,20.8,20.8,20.28,20.57,0.3076068231429192,3643900,0.0000,1.0
2003-10-03,20.99,21.86,20.88,21.69,0.32435546883665134,5350000,0.0000,1.0
2003-10-06,21.67,22.33,21.58,22.29,0.3333279576011507,4791600,0.0000,1.0
2003-10-07,22.05,23.41,21.91,23.22,0.34723531518612466,7467400,0.0000,1.0
2003-10-08,23.25,23.54,22.73,23.06,0.34484265151559146,7654800,0.0000,1.0
2003-10-09,23.3,23.67,22.79,23.45,0.35067476921251606,6209800,0.0000,1.0
2003-10-10,23.5,23.81,23.37,23.68,0.3541142232389075,3122100,0.0000,1.0
2003-10-13,23.73,24.41,23.72,24.35,0.3641335023592651,4997600,0.0000,1.0
2003-10-14,24.32,24.74,24.188,24.55,0.36712433194743155,4918200,0.0000,1.0
2003-10-15,24.85,25.011,24.581,24.82,0.37116195189145623,10894700,0.0000,1.0
2003-10-16,23.8,23.84,22.41,23.25,0.3476839396243496,17422900,0.0000,1.0
2003-10-17,23.38,23.49,22.43,22.75,0.3402068656539335,6425200,0.0000,1.0
2003-10-20,22.6,23.34,22.38,23.22,0.34723531518612466,4984500,0.0000,1.0
2003-10-21,23.31,23.4,22.75,23.18,0.3466371492684914,3151100,0.0000,1.0
2003-10-22,22.94,23.2,22.68,22.76,0.34035640713334187,2885700,0.0000,1.0
2003-10-23,22.73,23.15,22.59,22.99,0.3437958611597332,2950200,0.0000,1.0
2003-10-24,22.56,22.85,22.23,22.6,0.3379637434628087,3926000,0.0000,1.0
2003-10-27,22.75,22.89,22.49,22.6,0.3379637434628087,2893100,0.0000,1.0
2003-10-28,22.56,23.77,22.4,23.72,0.35471238915654074,4494900,0.0000,1.0
2003-10-29,23.51,23.9,23.34,23.69,0.35426376471831583,4769300,0.0000,1.0
2003-10-30,23.99,24.0,22.87,23.09,0.3452912759538165,4652800,0.0000,1.0
2003-10-31,23.3,23.35,22.78,22.89,0.34230044636565005,3895600,0.0000,1.0
2003-11-03,22.83,23.3,22.78,23.15,0.3461885248302664,5407900,0.0000,1.0
2003-11-04,23.07,23.1,22.59,22.91,0.3425995293244667,4450600,0.0000,1.0
2003-11-05,22.82,23.13,22.47,23.03,0.34439402707736655,5758400,0.0000,1.0
2003-11-06,22.91,23.15,22.65,23.12,0.34573990039204144,7090600,0.0000,1.0
2003-11-07,23.19,23.24,22.45,22.5,0.33646832866872545,3752600,0.0000,1.0
2003-11-10,22.45,22.65,21.84,21.9,0.3274958399042261,4183500,0.0000,1.0
2003-11-11,21.9,22.02,21.48,21.54,0.32211234664552646,3840600,0.0000,1.0
2003-11-12,21.48,22.72,21.48,22.33,0.3339261235187839,5357200,0.0000,1.0
2003-11-13,22.07,22.56,21.92,22.42,0.3352719968334589,3799500,0.0000,1.0
2003-11-14,22.48,22.61,21.28,21.46,0.32091601481025994,4233000,0.0000,1.0
2003-11-17,21.35,21.37,20.95,21.13,0.3159811459897853,4076000,0.0000,1.0
2003-11-18,21.21,21.34,20.35,20.41,0.30521415947238606,4771300,0.0000,1.0
2003-11-19,20.56,20.65,20.26,20.4199,0.3053622055370003,6153300,0.0000,1.0
2003-11-20,20.1,21.08,20.1,20.375,0.30469076429445696,4278400,0.0000,1.0
2003-11-21,20.34,20.58,19.85,20.28,0.3032701202400779,4318500,0.0000,1.0
2003-11-24,20.5,21.27,20.45,21.15,0.3162802289486019,6818300,0.0000,1.0
2003-11-25,21.23,21.25,20.614,20.68,0.30925177941641074,4797400,0.0000,1.0
2003-11-26,20.89,21.15,20.249,20.72,0.30984994533404403,4377300,0.0000,1.0
2003-11-28,20.78,21.07,20.52,20.91,0.3126912334428022,1358900,0.0000,1.0
2003-12-01,21.04,21.85,21.0,21.71,0.324654551795468,6456000,0.0000,1.0
2003-12-02,21.6,21.9,21.41,21.54,0.32211234664552646,3666000,0.0000,1.0
2003-12-03,21.54,21.84,20.96,21.03,0.31448573119570206,3416000,0.0000,1.0
2003-12-04,20.94,21.17,20.77,21.15,0.3162802289486019,3177500,0.0000,1.0
2003-12-05,20.9,21.15,20.73,20.85,0.31179398456635227,3324600,0.0000,1.0
2003-12-08,20.78,21.08,20.41,21.05,0.3147848141545187,2647100,0.0000,1.0
2003-12-09,21.17,21.25,20.4,20.45,0.30581232539001935,2413300,0.0000,1.0
2003-12-10,20.45,20.61,19.96,20.38,0.3047655350341611,4845300,0.0000,1.0
2003-12-11,20.25,21.34,20.21,21.21,0.31717747782505185,3270300,0.0000,1.0
2003-12-12,21.32,21.32,20.7,20.89,0.31239215048398555,3440600,0.0000,1.0
2003-12-15,21.49,21.49,20.07,20.17,0.30162516396658634,6944800,0.0000,1.0
2003-12-16,20.19,20.49,20.01,20.12,0.30087745656954473,6677800,0.0000,1.0
2003-12-17,20.08,20.13,19.79,19.88,0.29728846106374496,4897500,0.0000,1.0
2003-12-18,19.9,20.18,19.9,20.04,0.2996811247342781,5909200,0.0000,1.0
2003-12-19,20.19,20.42,19.62,19.7,0.29459671443439517,8099300,0.0000,1.0
2003-12-22,19.65,19.89,19.25,19.85,0.29683983662552005,6733300,0.0000,1.0
2003-12-23,19.94,19.95,19.6,19.81,0.2962416707078867,5508900,0.0000,1.0
2003-12-24,19.72,20.59,19.65,20.41,0.30521415947238606,3169200,0.0000,1.0
2003-12-26,20.35,20.91,20.34,20.78,0.310747194210494,1851700,0.0000,1.0
2003-12-29,20.91,21.16,20.86,21.15,0.3162802289486019,4168900,0.0000,1.0
2003-12-30,21.18,21.5,21.15,21.28,0.31822426818091015,3658100,0.0000,1.0
2003-12-31,21.35,21.53,21.18,21.37,0.31957014149558505,3115200,0.0000,1.0
2004-01-02,21.55,21.75,21.18,21.28,0.31822426818091015,2582900,0.0000,1.0
2004-01-05,21.42,22.39,21.42,22.17,0.33153345984825083,7053900,0.0000,1.0
2004-01-06,22.25,22.42,21.71,22.09,0.3303371280129842,9095500,0.0000,1.0
2004-01-07,22.1,22.83,21.93,22.59,0.33781420198340034,10479900,0.0000,1.0
2004-01-08,22.84,23.73,22.65,23.36,0.34932889589784116,8219700,0.0000,1.0
2004-01-09,23.23,24.13,22.79,23.0,0.3439454026391416,7633200,0.0000,1.0
2004-01-12,23.16,24.0,23.1,23.73,0.3548619306359491,8706200,0.0000,1.0
2004-01-13,24.7,24.84,23.86,24.12,0.3606940483328737,12125300,0.0000,1.0
2004-01-14,24.4,24.54,23.777,24.2,0.36189038016814024,11072200,0.0000,1.0
2004-01-15,22.94,23.4,22.5,22.85,0.34170228044801676,18182300,0.0000,1.0
2004-01-16,22.996,23.04,22.61,22.72,0.3397582412157085,6657500,0.0000,1.0
2004-01-20,22.67,22.8,22.25,22.73,0.33990778269511684,5641900,0.0000,1.0
2004-01-21,22.7,22.97,22.43,22.61,0.338113284942217,4047500,0.0000,1.0
2004-01-22,22.56,22.833,22.18,22.18,0.33168300132765915,3660800,0.0000,1.0
2004-01-23,22.25,22.7398,22.25,22.56,0.3373655775451754,4056600,0.0000,1.0
2004-01-26,22.46,23.06,22.43,23.01,0.3440949441185499,4844100,0.0000,1.0
2004-01-27,23.03,23.25,22.798,23.07,0.34499219299499984,5483400,0.0000,1.0
2004-01-28,22.84,23.38,22.41,22.52,0.3367674116275421,4917900,0.0000,1.0
2004-01-29,22.63,22.8,22.19,22.68,0.33916007529807524,3798200,0.0000,1.0
2004-01-30,22.74,22.87,22.42,22.56,0.3373655775451754,3308900,0.0000,1.0
2004-02-02,22.46,22.81,22.08,22.32,0.33377658203937566,5132700,0.0000,1.0
2004-02-03,22.3,22.4,22.0,22.26,0.33287933316292573,3228800,0.0000,1.0
2004-02-04,22.0,22.09,21.7,21.79,0.32585088363073456,5456300,0.0000,1.0
2004-02-05,21.82,22.91,21.81,22.42,0.3352719968334589,6300800,0.0000,1.0
2004-02-06,22.45,22.89,22.4,22.71,0.33960869973630026,3452500,0.0000,1.0
2004-02-09,22.62,22.86,22.5,22.667,0.33896567137484446,3361800,0.0000,1.0
2004-02-10,22.62,23.12,22.44,22.98,0.34364631968032494,4559700,0.0000,1.0
2004-02-11,23.09,23.87,23.05,23.8,0.35590872099180737,6224000,0.0000,1.0
2004-02-12,23.67,23.99,23.6,23.73,0.3548619306359491,3285500,0.0000,1.0
2004-02-13,23.85,24.1,22.83,23.0,0.3439454026391416,5642500,0.0000,1.0
2004-02-17,23.1,23.49,23.1,23.16,0.34633806630967473,3052800,0.0000,1.0
2004-02-18,23.18,23.44,23.05,23.26,0.347833481103758,2529200,0.0000,1.0
2004-02-19,23.31,23.64,22.41,22.47,0.3360197042305005,5769300,0.0000,1.0
2004-02-20,22.5,22.51,22.21,22.4,0.33497291387464223,4957200,0.0000,1.0
2004-02-23,22.45,22.46,21.8899,22.19,0.3318325428070675,3465700,0.0000,1.0
2004-02-24,22.14,22.74,22.0,22.36,0.33437474795700894,4626000,0.0000,1.0
2004-02-25,22.22,22.9,22.21,22.81,0.3411041145303834,4933500,0.0000,1.0
2004-02-26,22.84,23.18,22.8,23.04,0.34454356855677487,3543000,0.0000,1.0
2004-02-27,22.96,24.02,22.95,23.92,0.3577032187447073,8372100,0.0000,1.0
2004-03-01,24.09,24.3,23.87,24.02,0.35919863353879045,5744300,0.0000,1.0
2004-03-02,24.0,24.1,23.77,23.81,0.3560582624712157,4583700,0.0000,1.0
2004-03-03,23.6,24.19,23.6,23.92,0.3577032187447073,4020200,0.0000,1.0
2004-03-04,23.96,25.22,23.91,25.16,0.3762463621913392,11789700,0.0000,1.0
2004-03-05,24.95,27.49,24.9,26.74,0.39987391593785415,27510700,0.0000,1.0
2004-03-08,26.79,26.79,25.8,26.0,0.3888078464616383,9337000,0.0000,1.0
2004-03-09,25.9,27.23,25.75,27.1,0.4052574091965538,11042200,0.0000,1.0
2004-03-10,26.99,28.14,26.94,27.68,0.41393081500223644,17981500,0.0000,1.0
2004-03-11,27.26,28.04,27.09,27.15,0.40600511659359534,10640200,0.0000,1.0
2004-03-12,27.32,27.78,27.17,27.56,0.4121363172493366,5879000,0.0000,1.0
2004-03-15,27.03,27.35,26.26,26.45,0.39553721303501277,8602100,0.0000,1.0
2004-03-16,26.55,26.61,25.39,25.82,0.3861160998322885,10811300,0.0000,1.0
2004-03-17,25.96,26.38,25.78,26.19,0.39164913457039646,7347000,0.0000,1.0
2004-03-18,25.94,26.06,25.59,25.67,0.3838729776411637,5733600,0.0000,1.0
2004-03-19,25.7,26.94,25.54,25.86,0.3867142657499218,7296000,0.0000,1.0
2004-03-22,25.37,26.17,25.25,25.86,0.3867142657499218,7482700,0.0000,1.0
2004-03-23,25.92,26.0,25.22,25.29,0.3781904014236474,6884200,0.0000,1.0
2004-03-24,25.3,25.75,25.27,25.5,0.38133077249122216,7646700,0.0000,1.0
2004-03-25,26.1,26.91,25.89,26.87,0.4018179551701624,10115100,0.0000,1.0
2004-03-26,26.91,27.36,26.91,27.04,0.4043601603201038,7498100,0.0000,1.0
2004-03-29,27.4,27.99,27.2,27.91,0.4173702690286279,6263000,0.0000,1.0
2004-03-30,27.86,27.95,27.34,27.92,0.4175198105080362,6422800,0.0000,1.0
2004-03-31,27.86,27.98,26.95,27.04,0.4043601603201038,6978100,0.0000,1.0
2004-04-01,26.9,27.27,26.62,27.11,0.40540695067596205,5684500,0.0000,1.0
2004-04-02,27.74,27.93,27.23,27.5,0.41123906837288665,4901400,0.0000,1.0
2004-04-05,27.48,28.37,27.44,28.32,0.4235014696843691,6887000,0.0000,1.0
2004-04-06,27.74,28.15,27.43,27.83,0.41617393719336127,4607000,0.0000,1.0
2004-04-07,27.62,27.7,26.92,27.31,0.40839778026412854,4555700,0.0000,1.0
2004-04-08,27.9,28.0,27.2,27.53,0.41168769281111167,4302100,0.0000,1.0
2004-04-12,27.5,28.1,27.49,28.04,0.4193143082609361,4116800,0.0000,1.0
2004-04-13,28.0,28.03,26.84,26.93,0.40271520404661226,7792800,0.0000,1.0
2004-04-14,26.74,27.07,26.31,26.64,0.39837850114377094,11423800,0.0000,1.0
2004-04-15,29.0,29.58,28.16,29.3,0.4381565346663847,31454400,0.0000,1.0
2004-04-16,29.07,29.31,28.5,29.18,0.4363620369134848,7195200,0.0000,1.0
2004-04-19,28.12,28.75,27.83,28.35,0.4239500941225941,12720600,0.0000,1.0
2004-04-20,28.21,28.41,27.56,27.73,0.4146785223992781,6330700,0.0000,1.0
2004-04-21,27.6,28.12,27.37,27.73,0.4146785223992781,5819200,0.0000,1.0
2004-04-22,27.56,28.18,27.11,27.78,0.4154262297963197,6153300,0.0000,1.0
2004-04-23,27.7,28.0,27.05,27.7,0.4142298979610531,5639800,0.0000,1.0
2004-04-26,27.58,27.635,27.0,27.13,0.4057060336347787,4127300,0.0000,1.0
2004-04-27,27.24,27.44,26.69,26.94,0.40286474552602064,5069000,0.0000,1.0
2004-04-28,26.82,27.01,26.34,26.45,0.39553721303501277,4128000,0.0000,1.0
2004-04-29,26.45,27.0,25.98,26.77,0.4003225403760791,8228400,0.0000,1.0
2004-04-30,26.71,26.96,25.49,25.78,0.3855179339146552,8330400,0.0000,1.0
2004-05-03,26.0,26.33,25.74,26.07,0.38985463681749655,5314900,0.0000,1.0
2004-05-04,25.97,26.55,25.5,26.14,0.3909014271733548,4999700,0.0000,1.0
2004-05-05,26.2,26.75,25.96,26.65,0.39852804262317926,4251900,0.0000,1.0
2004-05-06,26.41,26.75,25.9,26.58,0.39748125226732095,4706400,0.0000,1.0
2004-05-07,26.57,27.57,26.55,26.67,0.3988271255819959,7482800,0.0000,1.0
2004-05-10,26.27,26.6,25.94,26.28,0.39299500788507136,4463900,0.0000,1.0
2004-05-11,26.4,27.19,26.4,27.14,0.4058555751141871,5449500,0.0000,1.0
2004-05-12,26.79,27.34,26.24,27.3,0.4082482387847202,4382500,0.0000,1.0
2004-05-13,27.1273,27.72,26.9,27.19,0.4066032825112287,4104500,0.0000,1.0
2004-05-14,27.25,27.32,26.45,27.06,0.40465924327892044,4603600,0.0000,1.0
2004-05-17,26.7,27.06,26.36,26.64,0.39837850114377094,5365100,0.0000,1.0
2004-05-18,26.97,27.29,26.8,27.06,0.40465924327892044,3679700,0.0000,1.0
2004-05-19,27.4,27.5,26.42,26.47,0.3958362959938294,6707000,0.0000,1.0
2004-05-20,26.63,27.0,26.47,26.71,0.3994252914996292,3505300,0.0000,1.0
2004-05-21,26.9,27.2,26.73,27.11,0.40540695067596205,3212400,0.0000,1.0
2004-05-24,27.25,27.9,27.11,27.34,0.4088464047023535,4207200,0.0000,1.0
2004-05-25,27.5,28.51,27.29,28.41,0.424847342999044,5713900,0.0000,1.0
2004-05-26,28.31,28.78,28.0,28.51,0.42634275779312725,5753000,0.0000,1.0
2004-05-27,28.48,28.6,27.82,28.17,0.4212583474932443,4213800,0.0000,1.0
2004-05-28,28.08,28.27,27.8,28.06,0.4196133912197527,2602100,0.0000,1.0
2004-06-01,27.79,28.2,27.61,28.06,0.4196133912197527,3252400,0.0000,1.0
2004-06-02,28.03,29.17,27.8,28.92,0.4324739584488685,5691300,0.0000,1.0
2004-06-03,28.72,28.99,28.29,28.4,0.42469780151963565,4480900,0.0000,1.0
2004-06-04,28.56,29.25,28.51,28.78,0.43038037773715193,7127000,0.0000,1.0
2004-06-07,29.04,29.98,28.81,29.81,0.4457831501162091,5283500,0.0000,1.0
2004-06-08,29.99,30.44,29.83,30.35,0.4538583900042586,7421800,0.0000,1.0
2004-06-09,30.09,30.71,30.0,30.2,0.4516152678131337,6235800,0.0000,1.0
2004-06-10,30.32,30.97,30.2,30.74,0.4596905077011831,4599600,0.0000,1.0
2004-06-14,30.65,30.68,29.5,30.12,0.45041893597786714,4356900,0.0000,1.0
2004-06-15,30.5,31.14,30.26,30.69,0.45894280030414153,7939900,0.0000,1.0
2004-06-16,30.62,33.32,30.53,32.74,0.48959880358284763,16243600,0.0000,1.0
2004-06-17,32.55,33.13,32.21,32.81,0.4906455939387059,9845000,0.0000,1.0
2004-06-18,32.58,33.409,32.43,32.91,0.49214100873278904,7254500,0.0000,1.0
2004-06-21,33.1,33.5,32.12,32.33,0.4834676029271064,6968100,0.0000,1.0
2004-06-22,32.32,33.09,32.29,33.0,0.493486882047464,6437700,0.0000,1.0
2004-06-23,33.0,33.83,32.89,33.7,0.5039547856060466,6979800,0.0000,1.0
2004-06-24,33.52,33.7,32.98,33.18,0.4961786286768138,4509200,0.0000,1.0
2004-06-25,33.07,33.7,33.0,33.7,0.5039547856060466,5775500,0.0000,1.0
2004-06-28,33.9,34.19,32.21,32.49,0.4858602665976396,9305300,0.0000,1.0
2004-06-29,32.1,32.99,31.41,32.5,0.48600980807704786,10545600,0.0000,1.0
2004-06-30,32.509,32.97,31.89,32.54,0.48660797399468114,6661500,0.0000,1.0
2004-07-01,32.08,32.48,31.9,32.3,0.48301897848888137,6106100,0.0000,1.0
2004-07-02,30.45,31.18,29.73,31.08,0.4647749180010661,16262200,0.0000,1.0
2004-07-06,31.27,31.42,30.8,30.95,0.4628308787687579,6231800,0.0000,1.0
2004-07-07,30.81,31.36,30.13,30.39,0.4544565559218918,7107000,0.0000,1.0
2004-07-08,30.13,30.68,29.95,30.14,0.4507180189366838,4167500,0.0000,1.0
2004-07-09,30.27,30.5,30.03,30.03,0.44907306266319225,3729700,0.0000,1.0
2004-07-12,30.01,30.04,28.93,29.14,0.43576387099585157,9136100,0.0000,1.0
2004-07-13,29.25,29.6,29.02,29.22,0.4369602028311181,5646000,0.0000,1.0
2004-07-14,28.86,29.97,28.74,29.58,0.4423436960898177,14925000,0.0000,1.0
2004-07-15,32.65,33.63,32.11,32.93,0.49244009169160574,31566500,0.0000,1.0
2004-07-16,32.85,32.92,32.12,32.2,0.48152356369479826,8721100,0.0000,1.0
2004-07-19,32.05,32.22,31.66,31.97,0.47808410966840675,9520900,0.0000,1.0
2004-07-20,31.93,32.2,31.55,32.2,0.48152356369479826,5781200,0.0000,1.0
2004-07-21,32.301,32.71,31.34,31.62,0.4728501578891155,5379600,0.0000,1.0
2004-07-22,31.34,31.73,31.06,31.68,0.4737474067655654,5966400,0.0000,1.0
2004-07-23,31.7,31.75,30.48,30.7,0.45909234178354985,4885200,0.0000,1.0
2004-07-26,30.85,31.45,30.78,31.26,0.4674666646304159,7034500,0.0000,1.0
2004-07-27,31.75,32.75,31.57,32.43,0.4849630177211896,7589400,0.0000,1.0
2004-07-28,32.31,32.41,31.16,32.27,0.4825703540506565,5090200,0.0000,1.0
2004-07-29,32.5,32.82,32.13,32.64,0.4881033887887644,3967100,0.0000,1.0
2004-07-30,32.69,33.0,32.0,32.34,0.48361714440651477,4339700,0.0000,1.0
2004-08-02,31.18,32.2,31.13,31.58,0.4722519919714822,6519500,0.0000,1.0
2004-08-03,31.5,31.72,31.15,31.29,0.4679152890686408,3779100,0.0000,1.0
2004-08-04,31.19,32.12,31.17,31.79,0.47539236303905696,4937300,0.0000,1.0
2004-08-05,31.75,32.3,31.25,31.39,0.4694107038627241,4366100,0.0000,1.0
2004-08-06,30.9,31.1,29.7,29.78,0.4453345256779842,8790900,0.0000,1.0
2004-08-09,29.85,30.45,29.81,30.3,0.45311068260721693,5193700,0.0000,1.0
2004-08-10,30.39,31.54,30.35,31.52,0.4713547430950323,6268500,0.0000,1.0
2004-08-11,31.1,31.13,30.26,31.01,0.4637281276452079,5757000,0.0000,1.0
2004-08-12,30.46,30.85,30.28,30.37,0.45415747296307524,4039300,0.0000,1.0
2004-08-13,30.66,31.28,30.4,30.84,0.46118592249526635,5858000,0.0000,1.0
2004-08-16,30.88,31.72,30.64,30.78,0.4602886736188164,7779900,0.0000,1.0
2004-08-17,30.6,31.13,30.35,30.87,0.4616345469334913,5768200,0.0000,1.0
2004-08-18,30.51,31.85,30.49,31.74,0.47464465564201536,6511700,0.0000,1.0
2004-08-19,31.51,31.86,30.36,30.71,0.4592418832629582,6945000,0.0000,1.0
2004-08-20,30.71,30.99,30.49,30.8,0.46058775657763307,5656800,0.0000,1.0
2004-08-23,30.86,31.27,30.6,31.08,0.4647749180010661,4547500,0.0000,1.0
2004-08-24,31.26,31.95,31.19,31.95,0.4777850267095901,6681000,0.0000,1.0
2004-08-25,31.91,33.15,31.73,33.05,0.49423458944450555,9028900,0.0000,1.0
2004-08-26,33.09,35.18,32.74,34.66,0.5183107676292454,17068900,0.0000,1.0
2004-08-27,34.61,34.76,34.0,34.35,0.5136749817675875,6943100,0.0000,1.0
2004-08-30,34.02,34.72,33.96,34.12,0.5102355277411961,3895400,0.0000,1.0
2004-08-31,34.07,34.95,34.0,34.49,0.515768562479304,6724300,0.0000,1.0
2004-09-01,34.3,35.99,34.19,35.86,0.5362557451582441,9209400,0.0000,1.0
2004-09-02,35.5,35.81,34.83,35.66,0.5332649155700777,7255800,0.0000,1.0
2004-09-03,35.03,35.92,35.01,35.23,0.5268346319555198,5240500,0.0000,1.0
2004-09-07,35.4,36.19,35.23,35.76,0.5347603303641609,5392100,0.0000,1.0
2004-09-08,35.7,36.57,35.68,36.35,0.5435832776492521,6134400,0.0000,1.0
2004-09-09,36.1,36.3,35.28,35.7,0.5338630814877111,8238200,0.0000,1.0
2004-09-10,35.66,36.23,35.46,35.87,0.5364052866376525,5857400,0.0000,1.0
2004-09-13,35.86,36.07,35.32,35.59,0.5322181252142195,5035300,0.0000,1.0
2004-09-14,35.3,35.55,34.78,35.49,0.5307227104201363,4550400,0.0000,1.0
2004-09-15,35.2,35.477,34.8,35.2,0.5263860075172949,4154800,0.0000,1.0
2004-09-16,35.2,36.76,35.08,36.35,0.5435832776492521,8962800,0.0000,1.0
2004-09-17,36.55,37.38,36.4,37.14,0.5553970545225095,8969800,0.0000,1.0
2004-09-20,36.9,37.98,36.87,37.71,0.5639209188487838,4375000,0.0000,1.0
2004-09-21,37.73,38.87,37.46,38.01,0.5684071632310335,6904500,0.0000,1.0
2004-09-22,38.1,38.14,36.81,36.92,0.5521071419755265,7173000,0.0000,1.0
2004-09-23,37.04,37.5,36.93,37.27,0.5573410937548177,7096500,0.0000,1.0
2004-09-24,37.4,38.0,37.15,37.29,0.5576401767136343,6598000,0.0000,1.0
2004-09-27,36.97,37.98,36.83,37.53,0.561229172219434,7098500,0.0000,1.0
2004-09-28,37.5,38.29,37.45,38.04,0.5688557876692585,6306900,0.0000,1.0
2004-09-29,37.93,38.86,37.82,38.68,0.5784264423513912,4884100,0.0000,1.0
2004-09-30,39.0,39.27,38.45,38.75,0.5794732327072494,7589500,0.0000,1.0
2004-10-01,39.15,39.19,38.58,38.67,0.5782769008719828,8310800,0.0000,1.0
2004-10-04,39.01,39.18,38.75,38.79,0.5800713986248827,10251500,0.0000,1.0
2004-10-05,38.56,39.67,38.4,39.37,0.5887448044305653,7252900,0.0000,1.0
2004-10-06,39.5,40.76,39.47,40.64,0.6077365723154223,7969700,0.0000,1.0
2004-10-07,40.54,40.93,39.46,39.62,0.5924833414157734,7609800,0.0000,1.0
2004-10-08,39.55,39.77,38.84,39.06,0.5841090185689074,6414800,0.0000,1.0
2004-10-11,38.8,39.06,38.2,38.59,0.5770805690367162,5783400,0.0000,1.0
2004-10-12,38.5,38.58,37.65,38.29,0.5725943246544666,8217700,0.0000,1.0
2004-10-13,38.86,39.76,38.74,39.75,0.5944273806480816,20768000,0.0000,1.0
2004-10-14,43.03,45.75,42.55,44.98,0.6726375743786343,49436200,0.0000,1.0
2004-10-15,44.91,45.61,44.19,45.5,0.680413731307867,18413000,0.0000,1.0
2004-10-18,44.79,47.75,44.7,47.75,0.7140605641747395,21442000,0.0000,1.0
2004-10-19,48.1,48.35,47.31,47.42,0.709125695354265,14321300,0.0000,1.0
2004-10-20,47.1,47.6,46.65,47.47,0.7098734027513065,10805500,0.0000,1.0
2004-10-21,47.64,48.13,47.36,47.94,0.7169018522834977,12937600,0.0000,1.0
2004-10-22,47.4,47.67,47.02,47.41,0.7089761538748566,8626200,0.0000,1.0
2004-10-25,47.19,47.84,47.07,47.55,0.7110697345865731,7011500,0.0000,1.0
2004-10-26,47.45,48.05,46.97,47.97,0.7173504767217227,10613600,0.0000,1.0
2004-10-27,48.66,50.62,48.17,50.3,0.7521936414238617,21312400,0.0000,1.0
2004-10-28,49.98,52.22,49.5,52.19,0.7804569810320346,15433300,0.0000,1.0
2004-10-29,51.96,53.2,51.8,52.4,0.7835973520996095,14468200,0.0000,1.0
2004-11-01,52.5,53.26,52.04,52.45,0.7843450594966511,10750900,0.0000,1.0
2004-11-02,52.43,54.08,52.4,53.5,0.800046914834525,13035500,0.0000,1.0
2004-11-03,54.44,56.11,53.99,55.31,0.8271139226074313,21503100,0.0000,1.0
2004-11-04,55.03,55.55,54.37,54.45,0.8142533553783157,16582600,0.0000,1.0
2004-11-05,54.9,55.0,52.04,54.72,0.8182909753223403,21518700,0.0000,1.0
2004-11-08,54.53,55.45,53.86,54.38,0.8132065650224574,9409300,0.0000,1.0
2004-11-09,54.2,54.55,53.38,54.05,0.8082716962019827,8495800,0.0000,1.0
2004-11-10,53.95,55.39,53.91,54.75,0.8187395997605652,9083500,0.0000,1.0
2004-11-11,54.95,55.43,54.23,55.3,0.826964381128023,7273200,0.0000,1.0
2004-11-12,55.01,55.69,54.84,55.5,0.8299552107161895,7066100,0.0000,1.0
2004-11-15,55.08,55.46,54.34,55.24,0.8260671322515731,6715100,0.0000,1.0
2004-11-16,55.1,55.2,54.48,54.935,0.8215061171296193,5269700,0.0000,1.0
2004-11-17,55.19,55.45,54.22,54.9,0.8209827219516901,7102700,0.0000,1.0
2004-11-18,54.3,55.45,54.29,55.39,0.8283102544426979,8199100,0.0000,1.0
2004-11-19,55.49,56.91,54.5,55.17,0.8250203418957148,13665700,0.0000,1.0
2004-11-22,58.04,64.0,57.9,61.35,0.917436976170058,45860900,0.0000,1.0
2004-11-23,62.29,62.45,61.05,61.27,0.9162406443347916,16275900,0.0000,1.0
2004-11-24,61.69,65.2,61.55,64.05,0.9578131756103051,24835500,0.0000,1.0
2004-11-26,65.35,65.76,64.34,64.55,0.9652902495807212,9824000,0.0000,1.0
2004-11-29,69.0,69.57,67.41,68.44,1.0234618850705586,30587800,0.0000,1.0
2004-11-30,68.74,68.79,67.05,67.05,1.0026756194328017,18366400,0.0000,1.0
2004-12-01,67.79,67.95,66.27,67.79,1.0137416889090178,14295600,0.0000,1.0
2004-12-02,66.13,66.9,64.66,65.21,0.9751599872216704,17632900,0.0000,1.0
2004-12-03,64.56,65.0,61.75,62.68,0.937325992931365,22122300,0.0000,1.0
2004-12-06,64.31,66.24,62.95,65.78,0.9836838515479449,22284300,0.0000,1.0
2004-12-07,65.93,66.73,62.56,62.89,0.9404663639989397,18873200,0.0000,1.0
2004-12-08,63.15,64.43,62.05,63.28,0.9462984816958643,12355400,0.0000,1.0
2004-12-09,62.75,64.4,62.07,63.99,0.9569159267338552,13241100,0.0000,1.0
2004-12-10,65.03,66.05,64.7,65.15,0.9742627383452207,13853100,0.0000,1.0
2004-12-13,65.74,65.9,64.6,64.91,0.9706737428394208,7054300,0.0000,1.0
2004-12-14,65.335,65.88,65.02,65.29,0.9763563190569372,7423600,0.0000,1.0
2004-12-15,65.24,65.46,64.66,65.26,0.9759076946187122,7113600,0.0000,1.0
2004-12-16,66.24,67.5,66.05,66.596,0.995886436267664,20109200,0.0000,1.0
2004-12-17,66.83,67.04,64.9,64.99,0.9718700746746873,13991000,0.0000,1.0
2004-12-20,65.48,66.0,61.76,62.72,0.9379241588489983,20859400,0.0000,1.0
2004-12-21,63.56,63.77,61.6,63.69,0.9524296823516055,19007400,0.0000,1.0
2004-12-22,64.19,64.36,63.4,63.75,0.9533269312280555,10104100,0.0000,1.0
2004-12-23,63.75,64.25,63.6,64.01,0.9572150096926719,4391600,0.0000,1.0
2004-12-27,64.64,65.15,62.88,63.16,0.9445039839429644,9990900,0.0000,1.0
2004-12-28,63.3,64.25,62.05,64.18,0.9597572148426134,10924200,0.0000,1.0
2004-12-29,63.8,64.98,63.57,64.44,0.9636452933072297,8027900,0.0000,1.0
2004-12-30,64.81,65.03,64.22,64.8,0.9690287865659293,6166800,0.0000,1.0
2004-12-31,64.89,65.0,64.03,64.4,0.9630471273895965,4974800,0.0000,1.0
2005-01-03,64.78,65.11,62.6,63.29,0.9464480231752725,12357000,0.0000,1.0
2005-01-04,63.8,65.47,62.97,63.94,0.9561682193368135,19585900,0.0000,1.0
2005-01-05,64.47,65.25,64.05,64.5,0.9645425421836796,12150600,0.0000,1.0
2005-01-06,64.685,64.91,63.33,64.55,0.9652902495807212,12599200,0.0000,1.0
2005-01-07,65.0,69.63,64.75,69.25,1.0355747449026327,39775900,0.0000,1.0
2005-01-10,69.9,70.7,67.88,68.96,1.0312380419997913,30809100,0.0000,1.0
2005-01-11,68.26,69.15,64.14,64.56,0.9654397910601296,46636200,0.0000,1.0
2005-01-12,65.35,65.9,63.3,65.46,0.9788985242068785,34280400,0.0000,1.0
2005-01-13,73.65,74.42,69.73,69.8,1.0437995262700905,56512800,0.0000,1.0
2005-01-14,70.24,71.72,69.19,70.2,1.0497811854464234,31620400,0.0000,1.0
2005-01-18,69.74,70.7,69.21,70.65,1.056510552019798,17972500,0.0000,1.0
2005-01-19,70.6,71.46,69.75,69.88,1.0449958581053571,13426700,0.0000,1.0
2005-01-20,69.65,71.27,69.47,70.46,1.0536692639110397,16337900,0.0000,1.0
2005-01-21,71.22,71.6,70.0,70.49,1.0541178883492646,16273800,0.0000,1.0
2005-01-24,70.98,71.78,70.55,70.76,1.0581555082932896,15029100,0.0000,1.0
2005-01-25,71.41,72.84,70.94,72.05,1.077446359136963,17307700,0.0000,1.0
2005-01-26,72.68,72.75,71.22,72.25,1.0804371887251294,13205300,0.0000,1.0
2005-01-27,72.16,72.92,71.55,72.64,1.086269306422054,8861200,0.0000,1.0
2005-01-28,72.62,73.98,72.44,73.98,1.1063078646627693,14314500,0.0000,1.0
2005-01-31,74.58,77.89,74.51,76.9,1.1499739766499995,30019600,0.0000,1.0
2005-02-01,77.05,77.77,76.58,77.53,1.1593950898527237,12114200,0.0000,1.0
2005-02-02,77.9,79.91,77.69,79.63,1.1907988005284713,18215400,0.0000,1.0
2005-02-03,79.1,79.43,77.33,77.81,1.1635822512761569,13065200,0.0000,1.0
2005-02-04,78.09,78.93,77.53,78.84,1.178985023655214,10063500,0.0000,1.0
2005-02-07,78.93,79.35,77.5,78.94,1.180480438449297,9365300,0.0000,1.0
2005-02-08,79.07,81.38,78.79,80.9,1.2097905684133285,15893200,0.0000,1.0
2005-02-09,81.0,81.99,78.1,78.74,1.1774896088611306,21276000,0.0000,1.0
2005-02-10,78.72,79.28,76.66,78.36,1.1718070326436145,19518200,0.0000,1.0
2005-02-11,79.86,81.76,78.94,81.21,1.2144263542749862,21447400,0.0000,1.0
2005-02-14,83.16,84.79,82.05,84.63,1.2655695402326326,22704700,0.0000,1.0
2005-02-15,86.66,89.08,86.0,88.41,1.3220962194489785,41289600,0.0000,1.0
2005-02-16,88.15,90.2,87.35,90.13,1.34781735390721,29272200,0.0000,1.0
2005-02-17,90.65,90.88,87.45,87.81,1.3131237306844792,27115600,0.0000,1.0
2005-02-18,87.74,87.86,86.25,86.81,1.298169582743647,20772400,0.0000,1.0
2005-02-22,86.3,88.3,85.29,85.29,1.2754392778735821,21773100,0.0000,1.0
2005-02-23,86.69,88.45,85.55,88.23,1.3194044728196288,24021100,0.0000,1.0
2005-02-24,88.48,89.31,87.73,88.93,1.3298723763782114,27125500,0.0000,1.0
2005-02-25,89.62,89.91,88.19,88.99,1.3307696252546612,16348400,0.0000,1.0
2005-02-28,44.68,45.14,43.96,44.86,1.3416861532514688,11635900,0.0000,2.0
2005-03-01,44.99,45.11,44.16,44.5,1.3309191667340696,16721000,0.0000,1.0
2005-03-02,44.25,44.89,44.08,44.121,1.3195839225949189,16362900,0.0000,1.0
2005-03-03,44.34,44.41,41.22,41.79,1.2498676848947587,50416200,0.0000,1.0
2005-03-04,42.76,43.01,41.85,42.81,1.2803741466940566,27022100,0.0000,1.0
2005-03-07,42.8,43.25,42.35,42.75,1.2785796489411567,16094000,0.0000,1.0
2005-03-08,41.9,42.16,40.1,40.53,1.2121832320838617,36480400,0.0000,1.0
2005-03-09,39.61,40.28,38.83,39.35,1.1768914429434976,47230900,0.0000,1.0
2005-03-10,39.59,40.26,39.1,39.83,1.1912474249666964,27753900,0.0000,1.0
2005-03-11,40.21,40.59,39.8,40.27,1.204407075154629,22601100,0.0000,1.0
2005-03-14,40.52,40.79,39.52,40.32,1.205902489948712,21620900,0.0000,1.0
2005-03-15,40.64,41.14,40.25,40.96,1.2250437993129772,18164600,0.0000,1.0
2005-03-16,41.21,42.31,40.78,41.18,1.2316236244069434,24921900,0.0000,1.0
2005-03-17,41.53,42.88,41.32,42.25,1.2636255010003246,28640000,0.0000,1.0
2005-03-18,43.33,43.44,42.5,42.96,1.2848603910763063,33576800,0.0000,1.0
2005-03-21,43.29,43.97,42.86,43.7,1.306992530028738,19326000,0.0000,1.0
2005-03-22,43.71,43.96,42.68,42.83,1.2809723126116899,19693400,0.0000,1.0
2005-03-23,42.45,43.4,42.02,42.55,1.2725979897648236,21779400,0.0000,1.0
2005-03-24,42.95,43.0,42.5,42.5,1.2711025749707405,12596600,0.0000,1.0
2005-03-28,42.75,42.96,42.47,42.53,1.2719998238471906,9836100,0.0000,1.0
2005-03-29,42.56,42.83,41.5,41.75,1.2486713530594922,16477000,0.0000,1.0
2005-03-30,41.99,42.8,41.821,42.8,1.2800750637352398,14105700,0.0000,1.0
2005-03-31,42.45,42.52,41.59,41.67,1.246278689388959,22719100,0.0000,1.0
2005-04-01,42.09,42.18,40.57,40.89,1.2229502186012609,22903000,0.0000,1.0
2005-04-04,40.99,41.31,40.16,41.09,1.2289318777775937,20714800,0.0000,1.0
2005-04-05,41.22,42.24,41.09,41.89,1.2528585144829252,19865700,0.0000,1.0
2005-04-06,42.4,42.81,42.15,42.33,1.2660181646708575,14815200,0.0000,1.0
2005-04-07,42.33,43.75,42.25,43.56,1.302805368605305,18106700,0.0000,1.0
2005-04-08,43.7,44.45,43.54,43.74,1.3081888618640045,23212500,0.0000,1.0
2005-04-11,44.22,44.25,41.91,41.92,1.2537557633593752,29345100,0.0000,1.0
2005-04-12,42.49,43.19,42.01,42.66,1.2758879023118068,35037900,0.0000,1.0
2005-04-13,42.95,42.99,40.39,41.04,1.2274364629835104,48998100,0.0000,1.0
2005-04-14,38.81,39.98,36.84,37.26,1.1143831045508186,98328300,0.0000,1.0
2005-04-15,36.62,37.25,35.28,35.35,1.0572582594168396,61717400,0.0000,1.0
2005-04-18,35.03,36.3,34.0,35.62,1.0653334993048889,47399200,0.0000,1.0
2005-04-19,36.6,37.44,35.87,37.09,1.1092986942509357,38630100,0.0000,1.0
2005-04-20,37.66,37.74,35.44,35.51,1.0620435867579059,33754700,0.0000,1.0
2005-04-21,36.4,37.19,35.9,37.14,1.110794109045019,27128300,0.0000,1.0
2005-04-22,36.8,37.0,34.9,35.5,1.0617445037990891,29968900,0.0000,1.0
2005-04-25,36.49,37.02,36.11,36.98,1.1060087817039526,26659300,0.0000,1.0
2005-04-26,36.78,37.51,36.12,36.19,1.0823812279574376,28946700,0.0000,1.0
2005-04-27,35.89,36.36,35.51,35.95,1.0752032369458382,21924600,0.0000,1.0
2005-04-28,36.29,36.34,35.24,35.54,1.0629408356343557,20539500,0.0000,1.0
2005-04-29,36.15,36.23,35.22,36.06,1.0784931494928214,23986800,0.0000,1.0
2005-05-02,36.21,36.65,36.02,36.43,1.089559218969037,16640000,0.0000,1.0
2005-05-03,36.4,36.74,36.03,36.21,1.082979393875071,17740700,0.0000,1.0
2005-05-04,36.11,37.2,36.1,37.15,1.1110931920038356,16006300,0.0000,1.0
2005-05-05,37.25,37.27,36.47,36.68,1.0970362929394533,13834500,0.0000,1.0
2005-05-06,36.89,37.33,36.79,37.24,1.1137849386331855,11651700,0.0000,1.0
2005-05-09,37.24,37.45,36.75,36.97,1.105709698745136,12703400,0.0000,1.0
2005-05-10,36.67,37.25,36.33,36.42,1.0892601360102205,15723700,0.0000,1.0
2005-05-11,35.24,35.67,33.11,35.61,1.0650344163460723,72927900,0.0000,1.0
2005-05-12,35.42,35.59,34.0,34.13,1.020770138441209,34651500,0.0000,1.0
2005-05-13,34.2,35.23,34.07,34.77,1.0399114478054743,25096900,0.0000,1.0
2005-05-16,34.56,35.71,34.53,35.55,1.0632399185931722,16939100,0.0000,1.0
2005-05-17,35.14,35.46,34.54,35.36,1.0575573423756561,21012300,0.0000,1.0
2005-05-18,35.5,37.56,34.99,35.84,1.0719133243988552,22740100,0.0000,1.0
2005-05-19,35.8,37.68,35.78,37.55,1.1230565103565013,28327200,0.0000,1.0
2005-05-20,37.25,37.65,37.19,37.55,1.1230565103565013,16166100,0.0000,1.0
2005-05-23,37.85,39.9,37.85,39.76,1.1891538442549798,37234800,0.0000,1.0
2005-05-24,39.45,39.99,39.03,39.7,1.1873593465020802,21195000,0.0000,1.0
2005-05-25,39.5,39.95,39.32,39.78,1.1897520101726131,14143100,0.0000,1.0
2005-05-26,40.025,40.94,38.8,40.74,1.218463974219011,18768600,0.0000,1.0
2005-05-27,40.64,40.79,40.01,40.56,1.2130804809603115,11286000,0.0000,1.0
2005-05-31,40.66,40.74,39.58,39.7593,1.1891329084478628,14435900,0.0000,1.0
2005-06-01,39.89,40.76,39.86,40.3,1.2053043240310786,16207600,0.0000,1.0
2005-06-02,40.05,40.32,39.6,40.04,1.1975281671018458,13356200,0.0000,1.0
2005-06-03,38.16,38.58,37.77,38.24,1.1436932345148498,34173900,0.0000,1.0
2005-06-06,38.33,38.63,37.56,37.92,1.1341225798327172,28998800,0.0000,1.0
2005-06-07,37.6,37.73,36.45,36.54,1.0928491315160203,26616600,0.0000,1.0
2005-06-08,36.63,37.25,36.57,36.92,1.104214283951053,14428800,0.0000,1.0
2005-06-09,37.0,37.94,36.8188,37.65,1.1260473399446678,13937700,0.0000,1.0
2005-06-10,37.4,37.4,35.52,35.81,1.0710160755224052,24247600,0.0000,1.0
2005-06-13,35.89,36.61,35.82,35.9,1.0737078221517549,15563300,0.0000,1.0
2005-06-14,36.01,36.15,35.75,36.0,1.0766986517399215,12423100,0.0000,1.0
2005-06-15,36.87,37.3,36.3,37.13,1.1104950260862023,20119400,0.0000,1.0
2005-06-16,37.19,38.08,36.82,37.98,1.135917077585617,19559800,0.0000,1.0
2005-06-17,38.48,38.54,37.83,38.31,1.1457868152265664,21290200,0.0000,1.0
2005-06-20,37.85,38.09,37.45,37.61,1.1248510081094012,11561300,0.0000,1.0
2005-06-21,37.7,38.19,37.38,37.86,1.1323280820798174,13233100,0.0000,1.0
2005-06-22,38.26,38.6,38.14,38.55,1.1529648062381659,15175900,0.0000,1.0
2005-06-23,38.83,39.78,38.65,38.89,1.1631336268379318,24080500,0.0000,1.0
2005-06-24,39.09,39.12,37.68,37.76,1.129337252491651,14668200,0.0000,1.0
2005-06-27,36.84,38.1,36.68,37.1,1.1095977772097525,21434700,0.0000,1.0
2005-06-28,37.49,37.59,37.17,37.31,1.115878519344902,12510700,0.0000,1.0
2005-06-29,37.23,37.29,36.12,36.37,1.0877647212161372,16012800,0.0000,1.0
2005-06-30,36.61,37.16,36.31,36.81,1.1009243714040697,14942500,0.0000,1.0
2005-07-01,36.83,36.97,36.29,36.5,1.0916527996807537,8928600,0.0000,1.0
2005-07-05,36.6,38.15,36.5,37.98,1.135917077585617,16223900,0.0000,1.0
2005-07-06,37.78,38.16,37.2,37.39,1.118271183015435,14093800,0.0000,1.0
2005-07-07,36.81,37.76,36.8,37.63,1.1254491740270347,13704400,0.0000,1.0
2005-07-08,37.87,38.28,37.47,38.25,1.1439923174736666,10383400,0.0000,1.0
2005-07-11,38.37,38.65,37.78,38.1,1.1395060730914168,13885300,0.0000,1.0
2005-07-12,38.23,38.4,37.91,38.24,1.1436932345148498,13822800,0.0000,1.0
2005-07-13,38.29,38.5,37.9,38.35,1.146983147061833,24458400,0.0000,1.0
2005-07-14,40.79,42.01,40.23,40.75,1.2187630571778278,74859300,0.0000,1.0
2005-07-15,40.97,41.57,40.46,41.55,1.2426896938831593,24560100,0.0000,1.0
2005-07-18,41.41,42.1,41.37,41.49,1.2408951961302594,20939200,0.0000,1.0
2005-07-19,41.52,43.23,41.07,43.19,1.291739299129089,23966500,0.0000,1.0
2005-07-20,42.86,43.8,42.65,43.63,1.3048989493170216,16192700,0.0000,1.0
2005-07-21,43.7,44.04,42.9,43.29,1.2947301287172555,14438000,0.0000,1.0
2005-07-22,43.44,44.0,43.39,44.0,1.3159650187932372,10753800,0.0000,1.0
2005-07-25,43.99,44.28,43.73,43.81,1.3102824425757211,10522400,0.0000,1.0
2005-07-26,44.01,44.11,43.36,43.63,1.3048989493170216,9592600,0.0000,1.0
2005-07-27,43.83,44.07,42.67,43.99,1.3156659358344207,10133900,0.0000,1.0
2005-07-28,43.96,44.0,43.3,43.8,1.3099833596169044,8975400,0.0000,1.0
2005-07-29,43.56,44.38,42.26,42.65,1.2755888193529903,20074300,0.0000,1.0
2005-08-01,42.6,43.08,42.08,42.75,1.2785796489411567,11223200,0.0000,1.0
2005-08-02,42.89,43.5,42.61,43.19,1.291739299129089,10602700,0.0000,1.0
2005-08-03,43.19,43.31,42.77,43.22,1.292636548005539,9225800,0.0000,1.0
2005-08-04,42.98,43.0,42.29,42.71,1.2773833171058901,9618000,0.0000,1.0
2005-08-05,42.49,43.36,42.02,42.99,1.2857576399527562,8640400,0.0000,1.0
2005-08-08,43.0,43.25,42.61,42.65,1.2755888193529903,6299400,0.0000,1.0
2005-08-09,42.93,43.89,42.91,43.82,1.3105815255345377,13601400,0.0000,1.0
2005-08-10,44.0,44.39,43.31,43.38,1.2974218753466054,12890900,0.0000,1.0
2005-08-11,43.39,44.12,43.25,44.0,1.3159650187932372,9713700,0.0000,1.0
2005-08-12,43.46,46.22,43.36,46.1,1.3787724401447328,32715600,0.0000,1.0
2005-08-15,46.48,48.33,46.45,47.68,1.4260275476377626,38811700,0.0000,1.0
2005-08-16,47.39,47.5,46.21,46.25,1.3832586845269823,19200800,0.0000,1.0
2005-08-17,46.4,47.44,46.37,47.15,1.4101761508204804,17847300,0.0000,1.0
2005-08-18,46.91,47.0,45.75,46.3,1.3847540993210656,15805700,0.0000,1.0
2005-08-19,46.25,46.7,45.77,45.83,1.3706972002566833,13448900,0.0000,1.0
2005-08-22,46.15,46.75,45.26,45.87,1.3718935320919499,13847600,0.0000,1.0
2005-08-23,45.85,46.1,45.32,45.74,1.3680054536273336,10557300,0.0000,1.0
2005-08-24,45.6,47.12,45.59,45.77,1.3689027025037837,20431100,0.0000,1.0
2005-08-25,46.12,46.49,45.81,46.06,1.3775761083094662,9866200,0.0000,1.0
2005-08-26,46.11,46.34,45.36,45.74,1.3680054536273336,9323500,0.0000,1.0
2005-08-29,45.27,46.031,45.26,45.84,1.3709962832155,9153400,0.0000,1.0
2005-08-30,45.99,46.79,45.92,46.57,1.3928293392091151,18527200,0.0000,1.0
2005-08-31,46.79,47.03,46.27,46.89,1.4023999938912477,14391300,0.0000,1.0
2005-09-01,47.0,47.17,46.09,46.26,1.383557767485799,12727400,0.0000,1.0
2005-09-02,46.3,46.8,46.12,46.22,1.3823614356505325,7942100,0.0000,1.0
2005-09-06,46.69,48.88,46.55,48.8,1.4595248390252267,29236400,0.0000,1.0
2005-09-07,49.05,49.4,47.92,48.68,1.4559358435194272,34395500,0.0000,1.0
2005-09-08,49.35,50.12,49.14,49.78,1.4888349689892582,25094300,0.0000,1.0
2005-09-09,50.04,51.35,49.79,51.31,1.5345946616882047,21987200,0.0000,1.0
2005-09-12,51.1,51.63,50.58,51.4,1.5372864083175544,16171300,0.0000,1.0
2005-09-13,51.02,51.29,50.32,50.82,1.519939596706189,17603000,0.0000,1.0
2005-09-14,51.18,51.19,49.462,49.61,1.483750558689375,16943800,0.0000,1.0
2005-09-15,50.0,50.18,49.33,49.87,1.4915267156186078,14827000,0.0000,1.0
2005-09-16,50.23,51.21,49.95,51.21,1.5316038321000383,21107300,0.0000,1.0
2005-09-19,51.05,52.89,51.05,52.64,1.5743726952108186,27990400,0.0000,1.0
2005-09-20,52.99,53.81,52.92,53.19,1.5908222579457338,29279600,0.0000,1.0
2005-09-21,52.96,53.05,51.86,52.11,1.5585212983935364,15526700,0.0000,1.0
2005-09-22,51.95,52.47,51.32,51.9,1.5522405562583867,16561700,0.0000,1.0
2005-09-23,52.1,53.5,51.84,53.2,1.5911213409045506,19944900,0.0000,1.0
2005-09-26,54.03,54.56,53.32,53.84,1.610262650268816,19520100,0.0000,1.0
2005-09-27,53.92,54.24,53.43,53.44,1.59829933191615,12203700,0.0000,1.0
2005-09-28,53.07,53.11,50.59,51.08,1.5277157536354218,40198000,0.0000,1.0
2005-09-29,51.23,52.59,50.81,52.34,1.5654002064463193,22744500,0.0000,1.0
2005-09-30,52.33,53.65,51.88,53.61,1.603383742216033,18986900,0.0000,1.0
2005-10-03,54.16,54.54,53.68,54.44,1.6282076277978144,18126900,0.0000,1.0
2005-10-04,54.95,55.35,53.64,53.75,1.607570903639466,19266400,0.0000,1.0
2005-10-05,54.33,54.36,52.75,52.7801,1.5785628474638396,21813200,0.0000,1.0
2005-10-06,53.2,53.49,50.87,51.7,1.5462588970820539,27054900,0.0000,1.0
2005-10-07,51.74,51.93,50.55,51.3,1.534295578729388,24210100,0.0000,1.0
2005-10-10,51.84,51.91,50.28,50.37,1.50648086355944,18125200,0.0000,1.0
2005-10-11,51.23,51.87,50.4,51.59,1.542968984535071,43781600,0.0000,1.0
2005-10-12,48.65,50.3,47.87,49.25,1.472983572171976,96338800,0.0000,1.0
2005-10-13,49.44,53.95,49.27,53.74,1.6072718206806496,66627700,0.0000,1.0
2005-10-14,54.03,54.35,52.79,54.0,1.615047977609882,36984000,0.0000,1.0
2005-10-17,53.98,54.23,52.68,53.44,1.59829933191615,22029800,0.0000,1.0
2005-10-18,53.25,53.95,52.2,52.21,1.5615121279817028,21771000,0.0000,1.0
2005-10-19,52.07,54.96,51.21,54.94,1.6431617757386467,36024400,0.0000,1.0
2005-10-20,54.47,56.5,54.35,56.14,1.6790517307966442,48491500,0.0000,1.0
2005-10-21,56.84,56.98,55.36,55.66,1.664695748773445,28454500,0.0000,1.0
2005-10-24,55.25,56.79,55.09,56.79,1.698492123119726,21776900,0.0000,1.0
2005-10-25,56.4,56.85,55.69,56.1,1.6778553989613776,16611700,0.0000,1.0
2005-10-26,56.28,57.56,55.92,57.03,1.7056701141313255,22556900,0.0000,1.0
2005-10-27,56.99,57.01,55.41,55.41,1.6572186748030289,14697900,0.0000,1.0
2005-10-28,56.04,56.43,54.17,54.47,1.6291048766742644,27492400,0.0000,1.0
2005-10-31,55.2,57.98,54.75,57.59,1.7224187598250578,33601600,0.0000,1.0
2005-11-01,57.24,58.14,56.87,57.5,1.7197270131957079,26774500,0.0000,1.0
2005-11-02,57.72,60.0,57.6,59.95,1.793002338105786,30609300,0.0000,1.0
2005-11-03,60.26,62.32,60.07,61.8499,1.84982510945136,31585100,0.0000,1.0
2005-11-04,60.35,61.24,59.62,61.15,1.8288922931637832,31358400,0.0000,1.0
2005-11-07,60.85,61.67,60.14,60.23,1.8013766609526518,22815400,0.0000,1.0
2005-11-08,59.95,60.38,59.1,59.9,1.7915069233117025,16920200,0.0000,1.0
2005-11-09,60.0,61.21,60.0,60.11,1.797787665446852,19747500,0.0000,1.0
2005-11-10,60.64,61.2,59.01,61.18,1.8297895420402333,23762300,0.0000,1.0
2005-11-11,61.54,62.11,61.34,61.54,1.8405565285576324,15194600,0.0000,1.0
2005-11-14,61.54,61.98,60.91,61.45,1.8378647819282827,13211900,0.0000,1.0
2005-11-15,61.6,63.08,61.46,62.28,1.862688667510064,19172900,0.0000,1.0
2005-11-16,63.15,65.06,63.09,64.95,1.9425438175141083,28018400,0.0000,1.0
2005-11-17,65.59,65.88,64.25,64.52,1.9296832502849923,24150200,0.0000,1.0
2005-11-18,65.35,65.43,64.37,64.56,1.9308795821202591,18748600,0.0000,1.0
2005-11-21,64.82,65.19,63.72,64.96,1.9428429004729246,18275400,0.0000,1.0
2005-11-22,64.84,66.76,64.52,66.52,1.9894998420483214,19295800,0.0000,1.0
2005-11-23,66.88,67.98,66.69,67.11,2.0071457366185035,17351900,0.0000,1.0
2005-11-25,67.66,69.54,67.5,69.34,2.0738412364346153,14107600,0.0000,1.0
2005-11-28,70.72,71.07,69.07,69.66,2.083411891116748,36375700,0.0000,1.0
2005-11-29,69.99,70.3,67.35,68.1,2.036754949541351,31836900,0.0000,1.0
2005-11-30,68.43,68.85,67.52,67.82,2.028380626694485,21274100,0.0000,1.0
2005-12-01,68.95,71.73,68.81,71.6001,2.1414369759567653,29031900,0.0000,1.0
2005-12-02,72.09,72.74,70.7,72.63,2.1722395298852915,31991500,0.0000,1.0
2005-12-05,71.95,72.53,71.49,71.82,2.1480138102211432,20845400,0.0000,1.0
2005-12-06,73.93,74.83,73.35,74.05,2.214709310037255,30608200,0.0000,1.0
2005-12-07,74.23,74.46,73.12,73.95,2.211718480449089,24266600,0.0000,1.0
2005-12-08,73.2,74.17,72.6,74.08,2.215606558913705,28231400,0.0000,1.0
2005-12-09,74.21,74.59,73.35,74.3305,2.223098587032062,19835800,0.0000,1.0
2005-12-12,74.87,75.35,74.56,74.91,2.2404304444954866,18749800,0.0000,1.0
2005-12-13,74.85,75.46,74.21,74.98,2.242524025207203,17636300,0.0000,1.0
2005-12-14,72.53,73.3,70.27,72.01,2.15369638643866,51811300,0.0000,1.0
2005-12-15,72.68,72.8601,71.35,72.18,2.158780796738543,20041500,0.0000,1.0
2005-12-16,72.14,72.3,71.06,71.11,2.1267789201451617,23970400,0.0000,1.0
2005-12-19,71.11,72.6,71.04,71.38,2.134854160033211,18903400,0.0000,1.0
2005-12-20,71.625,72.38,71.12,72.11,2.156687216026826,17111000,0.0000,1.0
2005-12-21,72.6,73.61,72.54,73.5,2.1982597473023398,16990600,0.0000,1.0
2005-12-22,73.91,74.49,73.6,74.02,2.213812061160805,13236100,0.0000,1.0
2005-12-23,74.17,74.26,73.3,73.35,2.1937735029200898,8209200,0.0000,1.0
2005-12-27,74.0,75.18,73.95,74.23,2.220092803295955,21092500,0.0000,1.0
2005-12-28,74.44,74.76,73.32,73.57,2.2003533280140557,14218400,0.0000,1.0
2005-12-29,73.78,73.82,71.42,71.45,2.1369477407449273,17500900,0.0000,1.0
2005-12-30,70.91,72.43,70.34,71.89,2.1501073909328596,22295100,0.0000,1.0
2006-01-03,72.332,74.75,72.25,74.75,2.2356451171544203,28829800,0.0000,1.0
2006-01-04,75.13,75.98,74.5,74.97,2.242224942248386,22128700,0.0000,1.0
2006-01-05,74.83,74.9,73.75,74.38,2.2245790476782044,16050800,0.0000,1.0
2006-01-06,75.24,76.7,74.55,76.3,2.282002975771,25159200,0.0000,1.0
2006-01-09,76.73,77.2,75.74,76.05,2.274525901800584,24108600,0.0000,1.0
2006-01-10,76.25,81.89,75.83,80.86,2.41838480499139,81423900,0.0000,1.0
2006-01-11,83.84,84.8,82.59,83.9,2.5093060244716505,53349800,0.0000,1.0
2006-01-12,84.97,86.4,83.62,84.291,2.521000168161381,45743200,0.0000,1.0
2006-01-13,84.99,86.01,84.6,85.5899,2.559848053682075,27725200,0.0000,1.0
2006-01-17,85.7,86.38,83.87,84.7101,2.5335347349653867,29843700,0.0000,1.0
2006-01-18,83.08,84.05,81.85,82.4901,2.4671383181080913,42879900,0.0000,1.0
2006-01-19,81.25,81.66,78.74,79.035,2.3638021650073524,60566000,0.0000,1.0
2006-01-20,79.28,80.04,75.83,76.089,2.275692325339969,40527100,0.0000,1.0
2006-01-23,76.1,79.56,75.9999,77.67,2.3229773411288805,37847500,0.0000,1.0
2006-01-24,78.76,79.42,75.77,76.04,2.2742268188417674,40794800,0.0000,1.0
2006-01-25,77.39,77.5,73.25,74.2,2.219195554419505,45563800,0.0000,1.0
2006-01-26,74.53,75.43,71.93,72.33,2.163267041120792,42192400,0.0000,1.0
2006-01-27,72.89,73.6,71.1,72.03,2.154294552356293,34066600,0.0000,1.0
2006-01-30,71.28,76.6,70.87,75.0,2.2431221911248365,49942900,0.0000,1.0
2006-01-31,75.5,76.34,73.75,75.51,2.258375422024485,32626500,0.0000,1.0
2006-02-01,75.0,76.46,74.64,75.42,2.2556836753951353,18613800,0.0000,1.0
2006-02-02,75.32,75.36,72.05,72.1,2.1563881330680092,25261500,0.0000,1.0
2006-02-03,72.28,72.79,71.04,71.847,2.148821334209948,24718700,0.0000,1.0
2006-02-06,72.16,72.51,66.74,67.3,2.0128283128360196,58991700,0.0000,1.0
2006-02-07,68.34,69.48,66.68,67.6,2.021800801600519,49601100,0.0000,1.0
2006-02-08,68.46,69.08,66.0,68.81,2.057989839617333,34039800,0.0000,1.0
2006-02-09,69.21,69.23,64.53,64.95,1.9425438175141083,41063000,0.0000,1.0
2006-02-10,65.13,67.67,62.9,67.31,2.0131273957948363,62874200,0.0000,1.0
2006-02-13,66.52,66.75,64.64,64.71,1.9353658265025087,31553500,0.0000,1.0
2006-02-14,65.11,68.1,65.0,67.645,2.023146674915194,41462100,0.0000,1.0
2006-02-15,67.31,69.62,66.75,69.22,2.0702522409288155,41420400,0.0000,1.0
2006-02-16,69.99,71.01,69.48,70.57,2.1106284403690623,33863400,0.0000,1.0
2006-02-17,70.31,70.89,69.61,70.29,2.1022541175221967,20571400,0.0000,1.0
2006-02-21,70.63,70.8,68.68,69.08,2.0660650795053823,27843100,0.0000,1.0
2006-02-22,69.0,71.67,68.0,71.32,2.133059662280311,34937100,0.0000,1.0
2006-02-23,71.78,73.0,71.43,71.75,2.145920229509427,30604200,0.0000,1.0
2006-02-24,72.14,72.89,71.2,71.46,2.137246823703744,19098000,0.0000,1.0
2006-02-27,72.02,72.12,70.65,70.99,2.1231899246393615,28258600,0.0000,1.0
2006-02-28,71.6,72.4,68.1,68.49,2.0484191849352005,45249300,0.0000,1.0
2006-03-01,69.0,69.49,68.02,69.1,2.066663245423016,27279200,0.0000,1.0
2006-03-02,69.02,69.99,68.67,69.61,2.0819164763226645,22331200,0.0000,1.0
2006-03-03,69.33,69.91,67.53,67.72,2.025389797106319,26345300,0.0000,1.0
2006-03-06,67.6,67.72,64.94,65.48,1.9583952143313905,32595200,0.0000,1.0
2006-03-07,65.76,66.9,65.08,66.31,1.983219099913172,31174200,0.0000,1.0
2006-03-08,66.36,67.2,65.35,65.66,1.9637787075900899,23330400,0.0000,1.0
2006-03-09,66.09,66.47,63.81,63.93,1.9120373557148105,28546600,0.0000,1.0
2006-03-10,64.01,64.49,62.45,63.19,1.8899052167623787,37255100,0.0000,1.0
2006-03-13,65.61,66.28,64.79,65.68,1.9643768735077236,30756700,0.0000,1.0
2006-03-14,65.79,67.32,65.5,67.32,2.013426478753653,22929300,0.0000,1.0
2006-03-15,67.82,68.04,65.52,66.23,1.9808264362426389,31857000,0.0000,1.0
2006-03-16,66.89,66.9,64.3,64.31,1.9234025081498431,26772800,0.0000,1.0
2006-03-17,64.74,65.54,64.11,64.66,1.9338704117084256,29001500,0.0000,1.0
2006-03-20,65.21,65.46,63.87,63.99,1.9138318534677103,21622900,0.0000,1.0
2006-03-21,64.3,64.34,61.39,61.81,1.8486317684456819,48048800,0.0000,1.0
2006-03-22,62.26,63.25,61.27,61.67,1.8444446070222489,48067700,0.0000,1.0
2006-03-23,61.69,61.9,59.61,60.16,1.7992830802409352,50993800,0.0000,1.0
2006-03-24,60.27,60.94,59.03,59.96,1.7933014210646026,38285000,0.0000,1.0
2006-03-27,60.23,61.38,59.4,59.51,1.7798426879178535,39574000,0.0000,1.0
2006-03-28,59.69,60.14,58.25,58.71,1.7559160512125218,48940100,0.0000,1.0
2006-03-29,59.13,62.52,57.67,62.33,1.8641840823041473,83815500,0.0000,1.0
2006-03-30,62.85,63.3,61.53,62.75,1.8767455665744464,49666100,0.0000,1.0
2006-03-31,63.24,63.61,62.24,62.72,1.8758483176979965,29119900,0.0000,1.0
2006-04-03,63.66,64.12,62.61,62.65,1.87375473698628,29135400,0.0000,1.0
2006-04-04,62.11,62.22,61.05,61.17,1.8294904590814165,33283000,0.0000,1.0
2006-04-05,64.71,67.21,64.15,67.21,2.0101365662066697,79764600,0.0000,1.0
2006-04-06,68.3,72.05,68.2,71.24,2.1306669986097777,95134600,0.0000,1.0
2006-04-07,70.91,71.21,68.47,69.79,2.0872999695813648,55187100,0.0000,1.0
2006-04-10,70.24,70.93,68.45,68.67,2.0538026781939003,32268400,0.0000,1.0
2006-04-11,69.03,69.3,67.07,67.99,2.033465036994368,33547000,0.0000,1.0
2006-04-12,68.14,68.1738,66.3,66.71,1.9951824182658375,26424800,0.0000,1.0
2006-04-13,66.3,67.44,65.81,66.469,1.9879745189583564,26238500,0.0000,1.0
2006-04-17,66.51,66.84,64.35,64.811,1.9383865643865572,25783500,0.0000,1.0
2006-04-18,65.0,66.4737,64.79,66.22,1.9805273532838221,28387300,0.0000,1.0
2006-04-19,66.82,67.0,65.47,65.65,1.9634796246312736,38786900,0.0000,1.0
2006-04-20,69.5,70.0,66.2,67.63,2.022698050476969,59535100,0.0000,1.0
2006-04-21,68.47,68.64,66.47,67.04,2.005052155906787,28178100,0.0000,1.0
2006-04-24,66.92,66.92,65.5,65.75,1.9664704542194398,25251000,0.0000,1.0
2006-04-25,65.97,66.59,65.56,66.17,1.979031938489739,18895100,0.0000,1.0
2006-04-26,66.6,68.28,66.4,68.15,2.038250364335435,25388800,0.0000,1.0
2006-04-27,67.74,69.86,67.35,69.36,2.0744394023522488,30212400,0.0000,1.0
2006-04-28,69.25,71.3,69.2,70.39,2.105244947110363,27144200,0.0000,1.0
2006-05-01,70.78,71.54,69.16,69.6,2.0816173933638478,26799300,0.0000,1.0
2006-05-02,70.15,71.98,70.11,71.62,2.1420321510448104,27559400,0.0000,1.0
2006-05-03,71.95,71.95,70.18,71.14,2.1276761690216115,24535400,0.0000,1.0
2006-05-04,71.22,72.89,70.46,71.13,2.1273770860627947,30729300,0.0000,1.0
2006-05-05,71.86,72.25,71.15,71.89,2.1501073909328596,20139700,0.0000,1.0
2006-05-08,72.99,73.8,71.72,71.89,2.1501073909328596,21244700,0.0000,1.0
2006-05-09,71.83,72.56,70.62,71.03,2.1243862564746285,18988100,0.0000,1.0
2006-05-10,71.29,71.33,69.61,70.6,2.1115256892455125,16424600,0.0000,1.0
2006-05-11,70.8,70.84,67.55,68.15,2.038250364335435,29024600,0.0000,1.0
2006-05-12,67.7,68.69,66.86,67.7,2.0247916311886858,22920500,0.0000,1.0
2006-05-15,67.37,68.38,67.12,67.79,2.0274833778180357,18899200,0.0000,1.0
2006-05-16,68.1,68.25,64.75,64.98,1.9434410663905584,33455000,0.0000,1.0
2006-05-17,64.705,65.7,64.07,65.26,1.9518153892374244,26935500,0.0000,1.0
2006-05-18,65.68,66.26,63.12,63.18,1.8896061338035621,23515800,0.0000,1.0
2006-05-19,63.26,64.88,62.82,64.51,1.929384167326176,35209500,0.0000,1.0
2006-05-22,63.87,63.99,62.77,63.38,1.895587792979895,25677700,0.0000,1.0
2006-05-23,64.86,65.19,63.0,63.15,1.888708884927112,24800500,0.0000,1.0
2006-05-24,62.99,63.65,61.56,63.34,1.8943914611446286,32715400,0.0000,1.0
2006-05-25,64.26,64.45,63.29,64.33,1.9240006740674762,16549000,0.0000,1.0
2006-05-26,64.31,64.56,63.14,63.549,1.9006422949838964,15462500,0.0000,1.0
2006-05-30,63.29,63.3,61.2187,61.22,1.8309858738754996,20121500,0.0000,1.0
2006-05-31,61.755,61.79,58.69,59.77,1.7876188448470862,45749200,0.0000,1.0
2006-06-01,59.85,62.28,59.52,62.17,1.859398754963081,33661000,0.0000,1.0
2006-06-02,62.99,63.1,60.88,61.66,1.844145524063432,24492400,0.0000,1.0
2006-06-05,61.15,61.15,59.97,60.0,1.7944977528998691,21635200,0.0000,1.0
2006-06-06,60.22,60.63,58.91,59.723,1.786213154940648,25929900,0.0000,1.0
2006-06-07,60.1,60.4,58.35,58.565,1.7515793483096804,26803800,0.0000,1.0
2006-06-08,58.44,60.93,57.15,60.76,1.817228057769934,49910100,0.0000,1.0
2006-06-09,61.18,61.56,59.13,59.52,1.7801417708766702,27708500,0.0000,1.0
2006-06-12,58.83,59.73,56.96,57.0,1.7047728652548757,25635200,0.0000,1.0
2006-06-13,57.61,59.1,57.36,58.33,1.7445508987774894,38594400,0.0000,1.0
2006-06-14,58.28,58.78,56.69,57.61,1.7230169257426908,31362000,0.0000,1.0
2006-06-15,57.3,59.74,56.75,59.38,1.7759546094532372,42513700,0.0000,1.0
2006-06-16,58.955,59.19,57.5197,57.56,1.7215215109486077,29932200,0.0000,1.0
2006-06-19,57.83,58.18,57.0,57.2,1.7107545244312086,25163400,0.0000,1.0
2006-06-20,57.61,58.35,57.29,57.47,1.7188297643192578,24034800,0.0000,1.0
2006-06-21,57.74,58.71,57.3,57.86,1.730493999713107,30832000,0.0000,1.0
2006-06-22,58.2,59.75,58.07,59.58,1.7819362686295699,34486900,0.0000,1.0
2006-06-23,59.72,60.17,58.73,58.83,1.7595050467183215,23578700,0.0000,1.0
2006-06-26,59.17,59.2,58.37,58.99,1.764290374059388,16662000,0.0000,1.0
2006-06-27,59.09,59.22,57.4,57.43,1.7176334324839913,19664700,0.0000,1.0
2006-06-28,57.29,57.3,55.41,56.02,1.6754627352908444,30382300,0.0000,1.0
2006-06-29,56.76,59.09,56.39,58.97,1.7636922081417545,31192800,0.0000,1.0
2006-06-30,57.59,57.75,56.5,57.27,1.7128481051429252,26417700,0.0000,1.0
2006-07-03,57.52,58.18,57.34,57.95,1.733185746342457,6956100,0.0000,1.0
2006-07-05,57.15,57.6,56.56,57.0015,1.7048177276986982,18508600,0.0000,1.0
2006-07-06,57.09,57.4,55.61,55.77,1.6679856613204285,22614600,0.0000,1.0
2006-07-07,55.48,56.55,54.67,55.4,1.6569195918442123,28548600,0.0000,1.0
2006-07-10,55.7,56.49,54.5,55.0,1.6449562734915466,18905200,0.0000,1.0
2006-07-11,55.11,55.99,54.53,55.65,1.6643966658146285,29465100,0.0000,1.0
2006-07-12,55.17,55.24,52.9176,52.96,1.5839433498929512,33118900,0.0000,1.0
2006-07-13,52.03,54.12,51.41,52.25,1.5627084598169694,44639500,0.0000,1.0
2006-07-14,52.5,52.89,50.16,50.67,1.5154533523239395,35465600,0.0000,1.0
2006-07-17,51.73,53.11,51.65,52.37,1.5662974553227689,36590800,0.0000,1.0
2006-07-18,53.16,53.85,51.85,52.9,1.582148852140051,35730300,0.0000,1.0
2006-07-19,52.96,55.08,52.36,54.1,1.6180388071980487,49669400,0.0000,1.0
2006-07-20,60.96,61.59,59.72,60.5,1.8094519008407013,70433800,0.0000,1.0
2006-07-21,59.82,61.15,59.64,60.72,1.8160317259346674,31853300,0.0000,1.0
2006-07-24,61.26,62.1,60.43,61.42,1.8369675330518327,25816300,0.0000,1.0
2006-07-25,61.78,62.09,60.78,61.928,1.852160947359718,21038200,0.0000,1.0
2006-07-26,62.0,64.64,61.68,63.87,1.9102428579619106,32086700,0.0000,1.0
2006-07-27,64.505,65.02,62.86,63.4,1.8961859588975283,26251600,0.0000,1.0
2006-07-28,63.94,65.68,63.5,65.59,1.9616851268783737,24696700,0.0000,1.0
2006-07-31,66.83,68.63,66.28,67.96,2.0325677881179183,31887200,0.0000,1.0
2006-08-01,67.22,67.93,65.94,67.18,2.0092393173302203,25420200,0.0000,1.0
2006-08-02,67.65,68.68,67.51,68.16,2.038549447294251,19670300,0.0000,1.0
2006-08-03,67.91,70.0,67.8096,69.59,2.0813183104050315,30037300,0.0000,1.0
2006-08-04,67.05,68.61,64.96,68.3,2.0427366087176844,66173800,0.0000,1.0
2006-08-07,67.72,69.6,66.31,67.21,2.0101365662066697,44482600,0.0000,1.0
2006-08-08,67.09,67.112,64.51,64.78,1.9374594072142253,35638000,0.0000,1.0
2006-08-09,65.43,65.6,63.4,63.59,1.9018685351150446,34137100,0.0000,1.0
2006-08-10,63.25,64.81,62.7,64.07,1.9162245171382433,24920000,0.0000,1.0
2006-08-11,63.25,64.13,62.58,63.65,1.9036630328679445,27768900,0.0000,1.0
2006-08-14,64.05,65.22,63.6,63.94,1.912336438673627,25629300,0.0000,1.0
2006-08-15,65.34,66.5,64.8,66.45,1.987406261336605,30762600,0.0000,1.0
2006-08-16,67.1,68.07,66.33,67.98,2.033165954035552,27903000,0.0000,1.0
2006-08-17,68.0,68.66,67.18,67.59,2.021501718641703,20755300,0.0000,1.0
2006-08-18,67.71,68.4,67.26,67.91,2.031072373323835,19155500,0.0000,1.0
2006-08-21,67.3,67.31,66.15,66.56,1.9906961738835882,18793800,0.0000,1.0
2006-08-22,66.68,68.32,66.5,67.62,2.0223989675181526,20606000,0.0000,1.0
2006-08-23,68.0,68.65,66.94,67.31,2.0131273957948363,19152100,0.0000,1.0
2006-08-24,67.89,68.19,66.27,67.81,2.0280815437356687,23399700,0.0000,1.0
2006-08-25,67.34,69.05,67.31,68.75,2.0561953418644334,19427100,0.0000,1.0
2006-08-28,68.5,68.61,66.68,66.98,2.0032576581538875,26362900,0.0000,1.0
2006-08-29,66.99,67.26,65.12,66.48,1.988303510213055,33833300,0.0000,1.0
2006-08-30,67.335,67.82,66.68,66.96,2.0026594922362535,24290800,0.0000,1.0
2006-08-31,67.28,68.3,66.66,67.85,2.0292778755709353,20524900,0.0000,1.0
2006-09-01,68.48,68.65,67.82,68.38,2.0451292723882175,14589100,0.0000,1.0
2006-09-05,68.97,71.5,68.55,71.48,2.1378449896213776,36159200,0.0000,1.0
2006-09-06,71.08,71.69,69.7,70.03,2.0944779605929638,34789400,0.0000,1.0
2006-09-07,70.6,73.48,70.25,72.8,2.1773239401851745,45284200,0.0000,1.0
2006-09-08,73.37,73.57,71.91,72.52,2.1689496173383085,31997200,0.0000,1.0
2006-09-11,72.43,73.73,71.42,72.5,2.168351451420675,33897300,0.0000,1.0
2006-09-12,72.81,73.45,71.45,72.63,2.1722395298852915,60167400,0.0000,1.0
2006-09-13,72.85,74.32,72.3,74.2,2.219195554419505,40933500,0.0000,1.0
2006-09-14,73.72,74.67,73.46,74.17,2.2182983055430547,28633200,0.0000,1.0
2006-09-15,74.6,74.98,73.29,74.1,2.216204724831338,35066200,0.0000,1.0
2006-09-18,73.8,74.86,73.3,73.89,2.2099239826961887,25188500,0.0000,1.0
2006-09-19,74.1,74.36,72.8,73.77,2.206334987190389,25358900,0.0000,1.0
2006-09-20,74.38,75.68,74.22,75.26,2.2508983480540694,29385400,0.0000,1.0
2006-09-21,75.25,76.06,74.02,74.65,2.232654287566254,28361600,0.0000,1.0
2006-09-22,74.3,74.34,72.58,73.0,2.1833055993615074,23754000,0.0000,1.0
2006-09-25,73.81,75.86,73.72,75.75,2.2655534130360846,30678300,0.0000,1.0
2006-09-26,76.18,77.78,76.1,77.61,2.3211828433759805,39391000,0.0000,1.0
2006-09-27,77.17,77.47,75.82,76.41,2.2852928883179833,28941900,0.0000,1.0
2006-09-28,77.02,77.48,75.95,77.01,2.3032378658469823,25843200,0.0000,1.0
2006-09-29,77.11,77.52,76.68,76.98,2.302340616970532,14493300,0.0000,1.0
2006-10-02,75.1,75.87,74.3,74.86,2.2389350297014032,25451400,0.0000,1.0
2006-10-03,74.45,74.95,73.19,74.07,2.215307475954888,28239600,0.0000,1.0
2006-10-04,74.1,75.462,73.16,75.38,2.2544873435598687,29610100,0.0000,1.0
2006-10-05,74.53,76.16,74.13,74.83,2.2380377808249534,24424400,0.0000,1.0
2006-10-06,74.42,75.04,73.81,74.22,2.219793720337138,16677100,0.0000,1.0
2006-10-09,73.8,75.08,73.53,74.63,2.2320561216486206,15650800,0.0000,1.0
2006-10-10,74.54,74.58,73.08,73.81,2.2075313190256556,18985300,0.0000,1.0
2006-10-11,73.42,73.98,72.6,73.23,2.1901845074142905,20423400,0.0000,1.0
2006-10-12,73.61,75.39,73.6,75.26,2.2508983480540694,21173400,0.0000,1.0
2006-10-13,75.63,76.88,74.74,75.02,2.2437203570424695,24435600,0.0000,1.0
2006-10-16,75.19,75.88,74.789,75.4,2.255085509477502,18167600,0.0000,1.0
2006-10-17,75.04,75.27,74.04,74.29,2.221887301048855,17175900,0.0000,1.0
2006-10-18,74.75,78.59,73.91,74.53,2.229065292060454,40496700,0.0000,1.0
2006-10-19,79.26,79.95,78.16,78.99,2.3624562916926775,54034900,0.0000,1.0
2006-10-20,78.97,79.99,78.67,79.95,2.3911682557390757,22836200,0.0000,1.0
2006-10-23,79.99,81.9,79.75,81.46,2.4363297825203887,29732400,0.0000,1.0
2006-10-24,81.21,81.68,80.2,81.05,2.424067381208906,16543300,0.0000,1.0
2006-10-25,81.35,82.0,81.01,81.68,2.4429096076143555,17329100,0.0000,1.0
2006-10-26,81.9,82.6,81.13,82.19,2.4581628385140037,15455600,0.0000,1.0
2006-10-27,81.75,82.45,80.01,80.41,2.404926071844641,21248800,0.0000,1.0
2006-10-30,79.985,80.9,79.5,80.42,2.4052251548034578,17854200,0.0000,1.0
2006-10-31,81.45,81.68,80.23,81.08,2.4249646300853565,17909800,0.0000,1.0
2006-11-01,81.1,81.38,78.36,79.16,2.3675407019925605,21828300,0.0000,1.0
2006-11-02,78.915,79.32,78.5,78.98,2.362157208733861,16624400,0.0000,1.0
2006-11-03,79.36,79.53,77.79,78.29,2.3415204845755127,15424600,0.0000,1.0
2006-11-06,78.95,80.06,78.43,79.71,2.3839902647274758,15520600,0.0000,1.0
2006-11-07,80.45,81.0,80.13,80.51,2.4079169014328077,18783300,0.0000,1.0
2006-11-08,80.02,82.69,79.89,82.45,2.4659389954432367,24675600,0.0000,1.0
2006-11-09,82.9,84.69,82.12,83.34,2.492557378777918,32966200,0.0000,1.0
2006-11-10,83.55,83.6,82.5,83.12,2.485977553683952,13352300,0.0000,1.0
2006-11-13,83.22,84.45,82.64,84.35,2.522764757618399,16095500,0.0000,1.0
2006-11-14,84.8,85.0,83.9,85.0,2.542205149941481,21034100,0.0000,1.0
2006-11-15,85.05,85.9,84.0,84.05,2.5137922688538996,23404400,0.0000,1.0
2006-11-16,84.87,86.3,84.62,85.61,2.5604492104292964,24783600,0.0000,1.0
2006-11-17,85.145,85.94,85.0,85.85,2.567627201440896,16658000,0.0000,1.0
2006-11-20,85.4,87.0,85.2,86.47,2.586170344887528,20385500,0.0000,1.0
2006-11-21,87.42,88.6,87.11,88.6,2.649875015115473,22238100,0.0000,1.0
2006-11-22,88.99,90.75,87.85,90.31,2.70101820107312,23997900,0.0000,1.0
2006-11-24,89.53,93.08,89.5,91.63,2.7404971516369168,18524200,0.0000,1.0
2006-11-27,92.51,93.159,89.5,89.54,2.677988813244238,38387000,0.0000,1.0
2006-11-28,90.36,91.97,89.91,91.81,2.7458806448956166,37006200,0.0000,1.0
2006-11-29,93.0,93.15,90.25,91.8,2.7455815619367994,41324400,0.0000,1.0
2006-11-30,92.215,92.68,91.06,91.66,2.7413944005133666,31088800,0.0000,1.0
2006-12-01,91.8,92.33,90.1,91.32,2.7312255799136005,28395700,0.0000,1.0
2006-12-04,91.88,92.05,90.5,91.12,2.725243920737268,25340600,0.0000,1.0
2006-12-05,91.655,92.33,90.87,91.27,2.729730165119517,23672800,0.0000,1.0
2006-12-06,90.645,91.39,89.67,89.83,2.6866622190499205,22792300,0.0000,1.0
2006-12-07,90.025,90.5,86.9,87.04,2.6032180735400767,35886700,0.0000,1.0
2006-12-08,87.23,89.39,87.0,88.26,2.6397061945157074,28009900,0.0000,1.0
2006-12-11,88.9,89.3,88.05,88.75,2.654361259497723,17849300,0.0000,1.0
2006-12-12,88.61,88.84,85.53,86.14,2.5763006072465786,36665000,0.0000,1.0
2006-12-13,87.95,89.07,87.15,89.05,2.663333748262222,30609000,0.0000,1.0
2006-12-14,89.05,90.0,88.26,88.55,2.64837960032139,29726100,0.0000,1.0
2006-12-15,89.02,89.22,87.33,87.72,2.6235557147396085,26426400,0.0000,1.0
2006-12-18,87.625,88.0,84.59,85.47,2.5562620490058636,25770600,0.0000,1.0
2006-12-19,84.73,86.68,83.62,86.31,2.5813850175464617,32550200,0.0000,1.0
2006-12-20,86.47,86.67,84.74,84.76,2.535027158929882,20274700,0.0000,1.0
2006-12-21,84.6956,85.48,82.2,82.9,2.4793977285899857,32271400,0.0000,1.0
2006-12-22,83.46,84.0391,81.6,82.2,2.4584619214728205,21903700,0.0000,1.0
2006-12-26,82.15,82.57,80.89,81.51,2.4378251973144724,17524600,0.0000,1.0
2006-12-27,78.15,82.0,76.77,81.52,2.4381242802732888,69134100,0.0000,1.0
2006-12-28,80.22,81.25,79.65,80.87,2.418683887950207,39995600,0.0000,1.0
2006-12-29,83.95,85.4,83.36,84.84,2.5374198226004148,38443900,0.0000,1.0
2007-01-03,86.29,86.58,81.9,83.8,2.506315194883484,44225700,0.0000,1.0
2007-01-04,84.05,85.95,83.82,85.66,2.5619446252233797,30259300,0.0000,1.0
2007-01-05,85.77,86.2,84.4,85.05,2.5437005647355644,29812200,0.0000,1.0
2007-01-08,85.96,86.53,85.28,85.47,2.5562620490058636,28468100,0.0000,1.0
2007-01-09,86.45,92.98,85.15,92.57,2.768610949765681,119617800,0.0000,1.0
2007-01-10,94.75,97.8,93.45,97.0,2.901104700521455,105460000,0.0000,1.0
2007-01-11,95.94,96.78,95.1,95.8,2.8652147454634576,51437600,0.0000,1.0
2007-01-12,94.59,95.06,93.23,94.62,2.8299229563230934,46881800,0.0000,1.0
2007-01-16,95.68,97.25,95.45,97.1,2.9040955301096214,44431300,0.0000,1.0
2007-01-17,97.56,97.6,94.82,94.95,2.8397926939640428,58795000,0.0000,1.0
2007-01-18,92.1,92.11,89.05,89.07,2.663931914179855,84450200,0.0000,1.0
2007-01-19,88.63,89.65,88.12,88.5,2.646884185527307,48731200,0.0000,1.0
2007-01-22,89.14,89.16,85.65,86.79,2.595740999569661,51929500,0.0000,1.0
2007-01-23,85.73,87.51,85.51,85.7,2.5631409570586463,43122300,0.0000,1.0
2007-01-24,86.68,87.15,86.08,86.7,2.593049252940311,33136200,0.0000,1.0
2007-01-25,87.111,88.5,86.03,86.25,2.5795905197935616,32356200,0.0000,1.0
2007-01-26,87.115,87.37,84.99,85.38,2.5535703023765137,35245500,0.0000,1.0
2007-01-29,86.3,86.65,85.53,85.94,2.5703189480702457,32202300,0.0000,1.0
2007-01-30,86.43,86.49,85.25,85.55,2.5586547126763968,20641800,0.0000,1.0
2007-01-31,84.86,86.0,84.35,85.73,2.5640382059350966,30573900,0.0000,1.0
2007-02-01,86.23,86.27,84.74,84.74,2.534428993012248,23726500,0.0000,1.0
2007-02-02,84.12,85.25,83.7,84.75,2.534728075971065,22197500,0.0000,1.0
2007-02-05,84.3,85.23,83.94,83.94,2.5105023563069166,20673300,0.0000,1.0
2007-02-06,84.45,84.47,82.86,84.15,2.5167830984420667,30871200,0.0000,1.0
2007-02-07,84.48,86.38,83.55,86.15,2.5765996902053954,38100900,0.0000,1.0
2007-02-08,85.43,86.51,85.41,86.18,2.5774969390818456,24251100,0.0000,1.0
2007-02-09,85.88,86.2,83.21,83.27,2.4904637980662017,30733600,0.0000,1.0
2007-02-12,84.43,85.18,83.63,84.88,2.5386161544356813,25859700,0.0000,1.0
2007-02-13,85.16,85.29,84.3,84.7,2.533232661176982,20749500,0.0000,1.0
2007-02-14,84.63,85.64,84.57,85.3,2.5511776387059806,18142200,0.0000,1.0
2007-02-15,85.44,85.62,84.78,85.21,2.5484858920766307,12987900,0.0000,1.0
2007-02-16,85.25,85.41,84.66,84.83,2.537120739641598,14281000,0.0000,1.0
2007-02-20,84.65,86.16,84.16,85.9,2.569122616234979,22060800,0.0000,1.0
2007-02-21,85.98,89.49,85.96,89.2,2.667819992644472,41261200,0.0000,1.0
2007-02-22,90.8,90.81,88.53,89.51,2.677091564367788,29936600,0.0000,1.0
2007-02-23,89.16,90.34,88.85,89.07,2.663931914179855,18496200,0.0000,1.0
2007-02-26,89.84,90.0,87.61,88.65,2.651370429909557,21994600,0.0000,1.0
2007-02-27,86.3,87.08,83.41,83.93,2.5102032733481003,40921900,0.0000,1.0
2007-02-28,83.0,85.6,83.0,84.61,2.530540914547632,32838400,0.0000,1.0
2007-03-01,84.03,88.31,83.75,87.06,2.6038162394577102,50554600,0.0000,1.0
2007-03-02,86.77,87.54,85.21,85.41,2.5544675512529635,30714300,0.0000,1.0
2007-03-05,85.89,88.65,85.76,86.3199,2.5816811096756904,29960700,0.0000,1.0
2007-03-06,87.8,88.31,87.4,88.19,2.6376126138039906,25828100,0.0000,1.0
2007-03-07,88.05,88.97,87.45,87.72,2.6235557147396085,22367300,0.0000,1.0
2007-03-08,88.59,88.72,87.46,88.0,2.6319300375864745,18250400,0.0000,1.0
2007-03-09,88.8,88.85,87.4,87.97,2.6310327887100247,16137000,0.0000,1.0
2007-03-12,88.07,89.99,87.99,89.87,2.6878585508851875,26050300,0.0000,1.0
2007-03-13,89.41,90.6,88.4,88.4,2.6438933559391407,30996100,0.0000,1.0
2007-03-14,88.6,90.0,87.92,90.0,2.6917466293498036,28449500,0.0000,1.0
2007-03-15,89.96,90.36,89.31,89.57,2.6788860621206876,19982100,0.0000,1.0
2007-03-16,89.538,89.99,89.32,89.59,2.679484228038321,20418000,0.0000,1.0
2007-03-19,90.24,91.55,89.59,91.13,2.7255430036960844,25462900,0.0000,1.0
2007-03-20,91.35,91.84,91.06,91.48,2.7360109072546672,17461300,0.0000,1.0
2007-03-21,91.99,94.0,91.65,93.87,2.8074917344118453,24532000,0.0000,1.0
2007-03-22,93.73,94.36,93.0,93.96,2.8101834810411948,20053300,0.0000,1.0
2007-03-23,93.35,94.07,93.3,93.52,2.7970238308532624,16103000,0.0000,1.0
2007-03-26,93.99,95.9,93.3,95.85,2.8667101602575404,30892400,0.0000,1.0
2007-03-27,95.71,96.83,95.0,95.46,2.8550459248636915,33287600,0.0000,1.0
2007-03-28,94.88,95.4,93.15,93.24,2.7886495080063964,33654900,0.0000,1.0
2007-03-29,94.19,94.19,92.23,93.75,2.8039027389060456,25918700,0.0000,1.0
2007-03-30,94.28,94.68,92.75,92.91,2.778779770365447,21448500,0.0000,1.0
2007-04-02,94.14,94.25,93.02,93.65,2.800911909317879,17928300,0.0000,1.0
2007-04-03,94.14,95.23,93.76,94.5,2.8263339608172937,20854800,0.0000,1.0
2007-04-04,94.94,95.14,94.13,94.27,2.819455052764511,17028000,0.0000,1.0
2007-04-05,94.12,94.68,93.52,94.68,2.8317174540759935,12697000,0.0000,1.0
2007-04-09,95.21,95.3,93.04,93.65,2.800911909317879,14762200,0.0000,1.0
2007-04-10,93.67,94.258,93.41,94.25,2.8188568868468775,12588100,0.0000,1.0
2007-04-11,93.9,93.95,92.33,92.59,2.7692091156833145,19607800,0.0000,1.0
2007-04-12,92.04,92.31,90.72,92.19,2.757245797330649,23452700,0.0000,1.0
2007-04-13,90.9,91.4001,90.0599,90.24,2.698924620361403,25712200,0.0000,1.0
2007-04-16,90.57,91.5,90.25,91.43,2.734515492460584,21751200,0.0000,1.0
2007-04-17,92.0,92.3,89.7,90.35,2.702214532908386,26854300,0.0000,1.0
2007-04-18,90.16,90.85,89.6,90.4,2.7037099477024698,16573000,0.0000,1.0
2007-04-19,90.19,91.25,89.83,90.27,2.699821869237853,15211200,0.0000,1.0
2007-04-20,90.889,91.18,90.55,90.97,2.720757676355018,18670700,0.0000,1.0
2007-04-23,91.585,93.8,91.42,93.51,2.796724747894446,27867500,0.0000,1.0
2007-04-24,93.96,96.39,91.3,93.24,2.7886495080063964,37687600,0.0000,1.0
2007-04-25,94.23,95.4,93.8,95.348,2.851696195724945,42398000,0.0000,1.0
2007-04-26,101.58,102.5,98.3,98.84,2.9561359649437176,62063500,0.0000,1.0
2007-04-27,98.18,99.95,97.69,99.92,2.9884369244959155,24978700,0.0000,1.0
2007-04-30,100.09,101.0,99.67,99.8,2.9848479289901153,22018200,0.0000,1.0
2007-05-01,99.59,100.35,98.55,99.47,2.9749781913491664,19018700,0.0000,1.0
2007-05-02,99.65,100.54,99.47,100.39,3.0024938235602976,18040900,0.0000,1.0
2007-05-03,100.73,101.45,100.01,100.4,3.0027929065191143,20574200,0.0000,1.0
2007-05-04,100.8,101.6,100.5,100.81,3.015055307830597,13642400,0.0000,1.0
2007-05-07,101.08,104.35,101.01,103.92,3.108070108022573,30769900,0.0000,1.0
2007-05-08,103.47,105.15,103.42,105.06,3.1421655653276708,27999900,0.0000,1.0
2007-05-09,104.91,106.96,104.89,106.88,3.1965986638323,25634200,0.0000,1.0
2007-05-10,106.63,108.84,105.92,107.34,3.210356479937866,42759200,0.0000,1.0
2007-05-11,107.74,109.13,106.78,108.74,3.252228094172196,23346300,0.0000,1.0
2007-05-14,109.62,110.0,108.25,109.36,3.270771237618828,23283800,0.0000,1.0
2007-05-15,109.57,110.2,106.48,107.52,3.2157399731965652,34089800,0.0000,1.0
2007-05-16,108.53,108.83,103.42,107.34,3.210356479937866,40241700,0.0000,1.0
2007-05-17,107.15,109.87,107.15,109.44,3.273163901289361,26260400,0.0000,1.0
2007-05-18,110.23,110.64,109.77,110.02,3.2905107129007263,22190900,0.0000,1.0
2007-05-21,110.31,112.45,110.05,111.98,3.3491309728287892,22853300,0.0000,1.0
2007-05-22,112.49,113.75,112.01,113.54,3.3957879144041856,20443200,0.0000,1.0
2007-05-23,114.02,115.0,112.59,112.89,3.3763475220811037,32549100,0.0000,1.0
2007-05-24,112.81,114.46,110.37,110.69,3.3105492711414417,31691500,0.0000,1.0
2007-05-25,112.0,113.78,111.5,113.62,3.3981805780747187,22605700,0.0000,1.0
2007-05-29,114.45,114.86,112.69,114.35,3.420013634068334,23060500,0.0000,1.0
2007-05-30,114.3,118.88,113.53,118.77,3.552208301865291,52801600,0.0000,1.0
2007-05-31,120.07,122.17,119.541,121.191,3.624616286194801,46323800,0.0000,1.0
2007-06-01,121.1,121.19,118.29,118.4,3.5411422323890753,31616500,0.0000,1.0
2007-06-04,118.63,121.73,117.9,121.33,3.628773539322352,31666900,0.0000,1.0
2007-06-05,121.41,122.69,120.5,122.67,3.6688506558037823,32885200,0.0000,1.0
2007-06-06,122.3,124.05,121.95,123.64,3.697861702808997,39722900,0.0000,1.0
2007-06-07,124.99,127.61,123.19,124.069,3.710692361742231,68395700,0.0000,1.0
2007-06-08,125.825,125.83,122.29,124.49,3.7232837543084116,44345800,0.0000,1.0
2007-06-11,126.0,126.15,119.54,120.19,3.5946780820172544,66937800,0.0000,1.0
2007-06-12,119.35,121.71,118.31,120.38,3.6003606582347705,50948800,0.0000,1.0
2007-06-13,121.15,121.19,115.4,117.5,3.5142247660955768,61476900,0.0000,1.0
2007-06-14,117.2,119.45,116.42,118.75,3.5516101359476577,34759500,0.0000,1.0
2007-06-15,120.62,120.67,119.86,120.5,3.60394965374057,28972100,0.0000,1.0
2007-06-18,123.28,125.18,122.54,125.09,3.7412287318374107,32521600,0.0000,1.0
2007-06-19,124.69,125.01,122.91,123.66,3.69845986872663,33679500,0.0000,1.0
2007-06-20,123.87,124.66,121.5,121.55,3.635353364416318,32054000,0.0000,1.0
2007-06-21,121.7,124.29,120.72,123.9,3.70563785973823,30965900,0.0000,1.0
2007-06-22,123.85,124.45,122.38,123.0,3.6787203934447317,22567000,0.0000,1.0
2007-06-25,124.19,125.09,121.06,122.34,3.658980918162833,34478700,0.0000,1.0
2007-06-26,123.98,124.0,118.72,119.65,3.578527602241156,48035900,0.0000,1.0
2007-06-27,120.61,122.04,119.26,121.89,3.645522185016084,34810600,0.0000,1.0
2007-06-28,122.36,122.49,120.0,120.56,3.6057441514934703,29933700,0.0000,1.0
2007-06-29,121.97,124.0,121.09,122.04,3.650008429398334,40637200,0.0000,1.0
2007-07-02,121.05,122.09,119.3,121.26,3.6266799586106355,35530800,0.0000,1.0
2007-07-03,122.0,127.4,121.5,127.17,3.8034379872712725,41517200,0.0000,1.0
2007-07-05,128.8,132.97,128.69,132.75,3.9703262782909605,51894700,0.0000,1.0
2007-07-06,133.13,133.34,130.4,132.3,3.9568675451442115,31239100,0.0000,1.0
2007-07-09,132.38,132.9,129.18,130.3301,3.89795119308692,35565000,0.0000,1.0
2007-07-10,128.88,134.5,128.81,132.35,3.9583629599382943,44821700,0.0000,1.0
2007-07-11,132.07,133.7,131.31,132.39,3.9595592917735605,29349000,0.0000,1.0
2007-07-12,133.85,134.24,132.39,134.0699,4.009802238025169,25164600,0.0000,1.0
2007-07-13,135.03,137.85,134.52,137.73,4.1192695917816495,32414500,0.0000,1.0
2007-07-16,138.39,139.98,137.5,138.1,4.130335661257865,33432600,0.0000,1.0
2007-07-17,138.3,139.6,137.5,138.9099,4.154558390092425,25355700,0.0000,1.0
2007-07-18,138.19,138.44,136.04,138.12,4.1309338271754985,27030600,0.0000,1.0
2007-07-19,140.3,140.81,139.65,140.0,4.187161423433028,26174700,0.0000,1.0
2007-07-20,141.65,144.18,140.0,143.75,4.29931753298927,41706200,0.0000,1.0
2007-07-23,143.31,145.22,140.93,143.7,4.297822118195186,37017500,0.0000,1.0
2007-07-24,138.88,141.0,134.15,134.8899,4.034327040648135,64117600,0.0000,1.0
2007-07-25,137.35,138.36,135.0,137.26,4.1052126927172665,53435100,0.0000,1.0
2007-07-26,145.87,148.5,136.96,146.0,4.366611198723015,78093900,0.0000,1.0
2007-07-27,146.19,148.92,143.78,143.85,4.302308362577436,41467800,0.0000,1.0
2007-07-30,144.33,145.45,139.57,141.43,4.229930286543809,39535300,0.0000,1.0
2007-07-31,142.97,143.48,131.52,131.76,3.940717065368112,62942600,0.0000,1.0
2007-08-01,133.64,135.38,127.77,135.0,4.037619944024706,62505600,0.0000,1.0
2007-08-02,136.65,136.96,134.15,136.49,4.082183304888385,30451600,0.0000,1.0
2007-08-03,135.26,135.95,131.5,131.8499,3.943405821167874,24256700,0.0000,1.0
2007-08-06,132.9,135.27,128.3,135.25,4.045097017995121,33041800,0.0000,1.0
2007-08-07,134.94,137.24,132.63,135.0301,4.038520183730744,33926300,0.0000,1.0
2007-08-08,136.76,136.86,132.0,134.01,4.008010731101857,28860600,0.0000,1.0
2007-08-09,131.11,133.0,125.09,126.39,3.780109516483574,40192700,0.0000,1.0
2007-08-10,123.12,127.75,120.3,125.0,3.7385369852080608,50383900,0.0000,1.0
2007-08-13,128.33,129.35,126.5,127.79,3.8219811307179046,26889700,0.0000,1.0
2007-08-14,128.29,128.3,123.71,124.03,3.709525938202846,26393100,0.0000,1.0
2007-08-15,122.74,124.86,119.65,119.9,3.586004676211572,35459000,0.0000,1.0
2007-08-16,117.01,118.5,111.62,117.05,3.5007660329488277,66667500,0.0000,1.0
2007-08-17,122.01,123.5,119.82,122.06,3.650606595315967,42680800,0.0000,1.0
2007-08-20,123.96,124.5,120.5,122.22,3.6553919226570333,28689900,0.0000,1.0
2007-08-21,122.21,128.96,121.0,127.57,3.815401305623938,46537400,0.0000,1.0
2007-08-22,131.22,132.75,130.33,132.51,3.9631482872793606,37920200,0.0000,1.0
2007-08-23,133.09,133.34,129.76,131.07,3.9200803412097636,30958500,0.0000,1.0
2007-08-24,130.53,135.37,129.81,135.3,4.046592432789205,32565500,0.0000,1.0
2007-08-27,133.3907,134.66,132.1,132.25,3.955372130350128,25265700,0.0000,1.0
2007-08-28,130.99,132.41,126.63,126.82,3.7929700837126896,42120200,0.0000,1.0
2007-08-29,129.88,134.18,129.54,134.08,4.010104311813574,41673600,0.0000,1.0
2007-08-30,132.67,138.25,132.3,136.25,4.075005313876786,51270800,0.0000,1.0
2007-08-31,139.49,139.65,137.41,138.48,4.141700813692897,31317400,0.0000,1.0
2007-09-04,139.94,145.73,139.84,144.16,4.311579934300752,47030100,0.0000,1.0
2007-09-05,144.97,145.84,136.1,136.76,4.090258544776435,83150800,0.0000,1.0
2007-09-06,135.57,137.57,132.71,135.01,4.037919026983522,67902200,0.0000,1.0
2007-09-07,132.01,132.3,130.0,131.77,3.9410161483269293,51092000,0.0000,1.0
2007-09-10,137.0,138.04,133.95,136.71,4.088763129982352,53137100,0.0000,1.0
2007-09-11,137.9,138.3,133.75,135.49,4.052275009006721,34710200,0.0000,1.0
2007-09-12,135.99,139.4,135.75,136.85,4.092950291405785,36527500,0.0000,1.0
2007-09-13,138.83,139.0,136.65,137.2,4.103418194964367,23434400,0.0000,1.0
2007-09-14,136.57,138.98,136.2,138.81,4.1515705513338474,21690000,0.0000,1.0
2007-09-17,138.99,140.59,137.6,138.41,4.139607232981181,28334700,0.0000,1.0
2007-09-18,139.05,142.85,137.83,140.92,4.214677055644159,38003200,0.0000,1.0
2007-09-19,143.02,143.16,139.4,140.7699,4.2101878204323215,36674300,0.0000,1.0
2007-09-20,140.15,141.79,139.32,140.31,4.196432995156344,24708600,0.0000,1.0
2007-09-21,141.14,144.65,140.31,144.15,4.311280851341936,40674300,0.0000,1.0
2007-09-24,146.73,149.85,146.65,148.28,4.43480211333321,37577200,0.0000,1.0
2007-09-25,146.84,153.22,146.82,153.18,4.581352763153366,42591100,0.0000,1.0
2007-09-26,154.47,155.0,151.25,152.77,4.569090361841884,34831000,0.0000,1.0
2007-09-27,153.77,154.52,152.32,154.5,4.620831713717163,23507100,0.0000,1.0
2007-09-28,153.44,154.6,152.75,153.47,4.5900261689590485,21967900,0.0000,1.0
2007-10-01,154.63,157.41,152.93,156.339,4.675833069843544,29895300,0.0000,1.0
2007-10-02,156.55,158.59,155.89,158.45,4.738969482449737,28288200,0.0000,1.0
2007-10-03,157.78,159.18,157.01,157.9201,4.723121076462043,24732800,0.0000,1.0
2007-10-04,158.0,158.08,153.5,156.24,4.672872148551259,23462800,0.0000,1.0
2007-10-05,158.36,161.58,157.7,161.4499,4.828691379265143,33695400,0.0000,1.0
2007-10-08,163.49,167.91,162.97,167.91,5.021901961490284,29854600,0.0000,1.0
2007-10-09,170.2,171.11,166.68,167.86,5.020406546696201,39438800,0.0000,1.0
2007-10-10,167.55,167.88,165.6,166.79,4.9884046701028195,23842500,0.0000,1.0
2007-10-11,169.49,171.88,153.21,162.23,4.852022840882429,58714000,0.0000,1.0
2007-10-12,163.01,167.28,161.8,167.2537,5.002273146903147,35292000,0.0000,1.0
2007-10-15,167.98,169.57,163.5,166.98,4.994087246320335,38497500,0.0000,1.0
2007-10-16,165.54,170.18,165.15,169.58,5.071848815612664,38136800,0.0000,1.0
2007-10-17,172.69,173.04,169.18,172.75,5.166658113557539,40271900,0.0000,1.0
2007-10-18,171.5,174.19,171.05,173.5,5.189089335468788,29417000,0.0000,1.0
2007-10-19,174.24,174.63,170.0,170.42,5.096971784153261,46135000,0.0000,1.0
2007-10-22,170.35,174.9,169.9601,174.36,5.21481046992702,58910700,0.0000,1.0
2007-10-23,188.56,188.6,182.76,186.16,5.56772836133066,64113000,0.0000,1.0
2007-10-24,185.81,187.21,179.24,185.93,5.560849453277878,46017200,0.0000,1.0
2007-10-25,184.87,185.9,181.66,182.78,5.466638321250635,34771500,0.0000,1.0
2007-10-26,185.29,185.37,182.88,184.7,5.52406224934343,25245600,0.0000,1.0
2007-10-29,185.7,186.59,184.7,185.09,5.535726484737279,19305500,0.0000,1.0
2007-10-30,186.18,189.37,184.73,187.0,5.592851329871259,33550500,0.0000,1.0
2007-10-31,187.63,190.12,184.95,189.95,5.681080802722168,29761100,0.0000,1.0
2007-11-01,188.6,190.1,180.0,187.44,5.606010980059191,28751300,0.0000,1.0
2007-11-02,189.21,189.44,183.49,187.87,5.618871547288307,35789800,0.0000,1.0
2007-11-05,185.29,188.96,184.24,186.18,5.568326527248294,28720600,0.0000,1.0
2007-11-06,187.05,192.0,185.27,191.79,5.736112067144431,34097400,0.0000,1.0
2007-11-07,190.61,192.68,186.13,186.2999,5.5719125319245055,35511700,0.0000,1.0
2007-11-08,186.67,186.9,167.77,175.4663,5.247898017660905,67513500,0.0000,1.0
2007-11-09,171.15,175.12,165.21,165.37,4.9459348899508555,54513600,0.0000,1.0
2007-11-12,165.28,167.7,150.63,153.76,4.598699574764731,63180900,0.0000,1.0
2007-11-13,160.85,170.98,153.76,169.96,5.083213968047696,62123100,0.0000,1.0
2007-11-14,177.16,177.57,163.74,166.11,4.968067028903288,51756000,0.0000,1.0
2007-11-15,166.39,169.59,160.3,164.3,4.913933013357475,53121800,0.0000,1.0
2007-11-16,165.3,167.02,159.33,166.39,4.976441351750153,49410500,0.0000,1.0
2007-11-19,166.1,168.2,162.1,163.95,4.9034651097988915,41229600,0.0000,1.0
2007-11-20,165.67,171.79,163.53,168.85,5.050015759619048,55130100,0.0000,1.0
2007-11-21,165.84,172.35,164.67,168.46,5.0383515242252,43493200,0.0000,1.0
2007-11-23,172.0,172.05,169.75,171.54,5.130469075540725,16634200,0.0000,1.0
2007-11-26,173.59,177.2699,172.35,172.5419,5.160434197184565,46634100,0.0000,1.0
2007-11-27,175.22,175.79,170.01,174.81,5.2282692030737685,47036800,0.0000,1.0
2007-11-28,176.82,180.6,175.35,180.22,5.390073083793573,41104000,0.0000,1.0
2007-11-29,179.43,185.17,179.15,184.29,5.511799848031948,37533100,0.0000,1.0
2007-11-30,187.34,187.7,179.7,182.22,5.449889675556903,42421500,0.0000,1.0
2007-12-03,181.86,184.14,177.7,178.86,5.3493978013945105,34338200,0.0000,1.0
2007-12-04,177.15,180.9,176.99,179.81,5.377810682482091,27635700,0.0000,1.0
2007-12-05,182.89,186.0,182.41,185.5,5.547988886048762,31871500,0.0000,1.0
2007-12-06,186.19,190.1,186.12,189.9528,5.6811645459506375,32136100,0.0000,1.0
2007-12-07,190.54,194.99,188.04,194.3,5.8111818898074095,38073800,0.0000,1.0
2007-12-10,193.59,195.66,192.69,194.21,5.80849014317806,25799200,0.0000,1.0
2007-12-11,194.75,196.83,187.39,188.5404,5.638922068847375,39675900,0.0000,1.0
2007-12-12,193.44,194.48,185.76,190.86,5.708297351974484,43773600,0.0000,1.0
2007-12-13,190.19,192.12,187.82,191.83,5.737308398979699,30879200,0.0000,1.0
2007-12-14,190.37,200.0,189.54,190.39,5.694240452910101,24082600,0.0000,1.0
2007-12-17,190.72,192.65,182.98,184.4,5.515089760578931,36596200,0.0000,1.0
2007-12-18,186.52,187.33,178.6,182.98,5.472619980426967,43664400,0.0000,1.0
2007-12-19,182.98,184.6394,180.9,183.12,5.476807141850401,29552800,0.0000,1.0
2007-12-20,185.43,187.83,183.33,187.21,5.599132072006408,27644900,0.0000,1.0
2007-12-21,190.12,193.9125,189.89,193.91,5.7995176544135605,35498600,0.0000,1.0
2007-12-24,195.03,199.33,194.79,198.8,5.9457692212749,17150100,0.0000,1.0
2007-12-26,199.01,200.96,196.82,198.95,5.950255465657149,25133300,0.0000,1.0
2007-12-27,198.95,202.96,197.8,198.57,5.9388903132221165,28411700,0.0000,1.0
2007-12-28,200.59,201.56,196.8801,199.83,5.976574766033014,24987400,0.0000,1.0
2007-12-31,199.5,200.5,197.75,198.08,5.924235248240102,19261900,0.0000,1.0
2008-01-02,199.27,200.26,192.55,194.84,5.827332369583508,38542100,0.0000,1.0
2008-01-03,195.41,197.39,192.69,194.93,5.830024116212858,30073800,0.0000,1.0
2008-01-04,191.45,193.0,178.89,180.05,5.384988673493691,51994000,0.0000,1.0
2008-01-07,181.25,183.6,170.23,177.64,5.312909680418879,74006900,0.0000,1.0
2008-01-08,180.14,182.46,170.8,171.25,5.121795669735043,54422000,0.0000,1.0
2008-01-09,171.3,179.5,168.3,179.4,5.365548281170609,64781500,0.0000,1.0
2008-01-10,177.58,181.0,175.41,178.02,5.324274832853912,52963400,0.0000,1.0
2008-01-11,176.0,177.85,170.0,172.69,5.16486361580464,44010200,0.0000,1.0
2008-01-14,177.52,179.42,175.17,178.78,5.3470051377239765,39301800,0.0000,1.0
2008-01-15,177.72,179.22,164.66,169.04,5.055698335836564,83688500,0.0000,1.0
2008-01-16,165.23,169.01,156.7,159.64,4.7745603545489175,79065900,0.0000,1.0
2008-01-17,161.51,165.36,158.42,160.89,4.811945724400998,62780700,0.0000,1.0
2008-01-18,161.71,165.75,159.61,161.36,4.8260026234653814,61583700,0.0000,1.0
2008-01-22,148.06,159.98,146.0,155.64,4.65492717102226,86955500,0.0000,1.0
2008-01-23,136.19,140.0,126.14,139.072,4.159406524854843,120463200,0.0000,1.0
2008-01-24,139.99,140.7,132.01,135.6,4.055564921553704,71638100,0.0000,1.0
2008-01-25,138.99,139.09,129.61,130.01,3.888377547575199,55526400,0.0000,1.0
2008-01-28,128.16,133.2,126.45,130.01,3.888377547575199,52673000,0.0000,1.0
2008-01-29,131.15,132.79,129.05,131.54,3.934137240274146,39285100,0.0000,1.0
2008-01-30,131.37,135.45,130.0,132.18,3.9532785496384117,44394700,0.0000,1.0
2008-01-31,129.45,136.65,129.4,135.36,4.048386930542105,48059800,0.0000,1.0
2008-02-01,136.24,136.59,132.18,133.75,4.000234574172625,36098000,0.0000,1.0
2008-02-04,134.21,135.9,131.42,131.65,3.9374271528211295,32115500,0.0000,1.0
2008-02-05,130.43,134.0,128.9,129.36,3.868937155252118,40751500,0.0000,1.0
2008-02-06,130.83,131.92,121.77,122.0,3.648812097563067,56188300,0.0000,1.0
2008-02-07,119.97,124.78,117.27,121.24,3.626081792693002,74404700,0.0000,1.0
2008-02-08,122.08,125.7,121.6,125.48,3.7528929672312596,48427600,0.0000,1.0
2008-02-11,128.01,129.98,127.2,129.45,3.871628901881467,42908300,0.0000,1.0
2008-02-12,130.7,131.0,123.62,124.86,3.7343498237846275,43785000,0.0000,1.0
2008-02-13,126.68,129.78,125.63,129.4,3.8701334870873842,34590500,0.0000,1.0
2008-02-14,129.4,130.8,127.01,127.46,3.812111393076955,34074900,0.0000,1.0
2008-02-15,126.27,127.08,124.06,124.63,3.7274709157318444,32189300,0.0000,1.0
2008-02-19,125.99,126.75,121.44,122.18,3.6541955908217667,35894500,0.0000,1.0
2008-02-20,122.2,124.6,121.68,123.82,3.703245196067696,34551400,0.0000,1.0
2008-02-21,126.05,126.47,120.86,121.54,3.6350542814575015,33504100,0.0000,1.0
2008-02-22,122.48,122.51,115.87,119.46,3.5728450260236393,54638500,0.0000,1.0
2008-02-25,118.59,120.17,116.664,119.74,3.5812193488705053,44884800,0.0000,1.0
2008-02-26,117.64,121.09,115.44,119.15,3.5635734543003235,53746000,0.0000,1.0
2008-02-27,118.23,123.05,118.09,122.96,3.6775240616094647,52683500,0.0000,1.0
2008-02-28,127.2,132.2,125.77,129.91,3.885386717987033,57794800,0.0000,1.0
2008-02-29,129.75,130.21,124.8,125.02,3.739135151125694,44838600,0.0000,1.0
2008-03-03,124.44,125.98,118.0,121.73,3.6407368576750176,56894400,0.0000,1.0
2008-03-04,121.99,124.88,120.4,124.62,3.727171832773028,63763700,0.0000,1.0
2008-03-05,123.58,125.14,122.25,124.4899,3.7232807634788236,43637000,0.0000,1.0
2008-03-06,124.4899,127.5,120.81,120.93,3.616810220969686,52632100,0.0000,1.0
2008-03-07,120.41,122.9799,119.05,122.25,3.656289171533483,43945100,0.0000,1.0
2008-03-10,121.98,123.46,119.37,119.69,3.579723934076422,35699600,0.0000,1.0
2008-03-11,124.1,127.48,122.0,127.3501,3.8088244713595603,41569400,0.0000,1.0
2008-03-12,127.04,128.68,125.17,126.03,3.769342529966175,37843900,0.0000,1.0
2008-03-13,124.1,129.5,123.0,127.94,3.826467375100154,45075100,0.0000,1.0
2008-03-14,129.88,130.3,124.2,126.61,3.7866893415775404,41308600,0.0000,1.0
2008-03-17,122.55,128.59,122.55,126.73,3.79027833708334,38307100,0.0000,1.0
2008-03-18,129.18,133.0015,128.67,132.82,3.9724198590026765,43040000,0.0000,1.0
2008-03-19,133.12,134.29,129.67,129.67,3.8782087269754335,36090600,0.0000,1.0
2008-03-20,131.12,133.2915,129.18,133.27,3.985878592149426,32456700,0.0000,1.0
2008-03-24,134.01,140.85,133.64,139.53,4.173104524368646,38104300,0.0000,1.0
2008-03-25,139.96,143.1,137.33,140.98,4.216471553397058,37585400,0.0000,1.0
2008-03-26,140.87,145.74,140.64,145.06,4.3384974005942505,42217300,0.0000,1.0
2008-03-27,144.95,145.31,139.99,140.25,4.194638497403444,35708200,0.0000,1.0
2008-03-28,141.8,144.65,141.6,143.01,4.277185394036838,25521800,0.0000,1.0
2008-03-31,143.27,145.71,142.52,143.5,4.291840459018854,27430900,0.0000,1.0
2008-04-01,146.3,149.66,143.61,149.5301,4.472190474014878,36877400,0.0000,1.0
2008-04-02,148.78,151.2,145.85,147.49,4.411174559586695,37320300,0.0000,1.0
2008-04-03,147.06,153.63,147.0,151.61,4.534396738619153,37556000,0.0000,1.0
2008-04-04,152.19,154.715,150.75,153.08,4.5783619335651995,30514900,0.0000,1.0
2008-04-07,156.13,159.69,155.11,155.89,4.662404244992676,41368800,0.0000,1.0
2008-04-08,153.55,156.45,152.32,152.84,4.5711839425536,36224800,0.0000,1.0
2008-04-09,153.31,153.89,150.46,151.44,4.5293123283192696,31192800,0.0000,1.0
2008-04-10,151.13,155.42,150.6,154.55,4.622327128511246,34134400,0.0000,1.0
2008-04-11,152.72,153.3,146.4,147.14,4.400706656028111,43217000,0.0000,1.0
2008-04-14,146.77,149.25,144.54,147.78,4.4198479653923775,30181700,0.0000,1.0
2008-04-15,149.4,149.72,145.72,148.38,4.4377929429213765,24929900,0.0000,1.0
2008-04-16,151.76,154.1,150.62,153.7,4.596905077011831,28420500,0.0000,1.0
2008-04-17,154.18,156.0,153.35,154.49,4.620532630758347,25152400,0.0000,1.0
2008-04-18,159.04,162.26,158.38,161.04,4.816431968783248,36670200,0.0000,1.0
2008-04-21,162.35,168.5,161.76,168.16,5.0293790354607,37112600,0.0000,1.0
2008-04-22,167.41,168.0,158.09,160.2,4.79130900024265,51413300,0.0000,1.0
2008-04-23,164.05,164.84,161.08,162.89,4.871762316164327,53721100,0.0000,1.0
2008-04-24,165.31,169.98,159.194,168.94,5.052707506248398,60573800,0.0000,1.0
2008-04-25,170.6,171.1,166.42,169.73,5.076335059994912,35445500,0.0000,1.0
2008-04-28,169.74,173.75,169.13,172.24,5.151404882657891,28114800,0.0000,1.0
2008-04-29,171.11,175.66,170.25,175.05,5.235447194085368,32981300,0.0000,1.0
2008-04-30,176.26,180.0,172.92,173.95,5.2025480686155365,40697300,0.0000,1.0
2008-05-01,175.01,180.0,174.86,180.0,5.383493258699607,32270600,0.0000,1.0
2008-05-02,180.31,181.92,178.55,180.94,5.411607056828371,35931500,0.0000,1.0
2008-05-05,181.81,185.31,181.05,184.73,5.5249594982198795,30519900,0.0000,1.0
2008-05-06,184.56,187.12,182.18,186.66,5.582682509271493,32816800,0.0000,1.0
2008-05-07,186.13,188.2,180.54,182.59,5.460955745033118,41326200,0.0000,1.0
2008-05-08,183.75,186.5,183.07,185.06,5.53482923586083,32110200,0.0000,1.0
2008-05-09,183.18,184.25,181.37,183.45,5.486676879491349,24038300,0.0000,1.0
2008-05-12,185.12,188.87,182.85,188.16,5.627544953093989,29234400,0.0000,1.0
2008-05-13,188.6,191.45,187.86,189.96,5.681379885680986,29401300,0.0000,1.0
2008-05-14,191.29,192.24,185.57,186.26,5.570719190918827,32743700,0.0000,1.0
2008-05-15,186.78,189.9,184.2,189.73,5.6745009776282025,31186000,0.0000,1.0
2008-05-16,190.3,190.3,187.0,187.6201,5.611397464147479,27348900,0.0000,1.0
2008-05-19,187.9,188.69,181.3,183.6,5.491163123873599,33779300,0.0000,1.0
2008-05-20,181.83,186.16,180.12,185.9,5.559952204401428,34637500,0.0000,1.0
2008-05-21,185.61,188.0,176.25,178.19,5.329359243153794,41344900,0.0000,1.0
2008-05-22,179.18,181.33,172.0,177.05,5.2952637858486975,43097700,0.0000,1.0
2008-05-23,180.75,181.99,177.8,181.17,5.418485964881154,32389900,0.0000,1.0
2008-05-27,182.8,186.43,181.84,186.43,5.57580360121871,28210900,0.0000,1.0
2008-05-28,187.49,187.95,183.72,187.01,5.593150412830075,26570700,0.0000,1.0
2008-05-29,186.93,188.2,185.5,186.69,5.583579758147943,23113800,0.0000,1.0
2008-05-30,187.5,189.54,187.38,188.75,5.645190847664171,21792300,0.0000,1.0
2008-06-02,188.5,189.65,184.53,186.1,5.565933863577761,24280000,0.0000,1.0
2008-06-03,186.9,188.2,182.3354,185.37,5.544100807584146,26804300,0.0000,1.0
2008-06-04,184.0,187.09,183.23,185.19,5.538717314325446,25963700,0.0000,1.0
2008-06-05,186.25,189.84,185.7,189.43,5.665528488863703,26980200,0.0000,1.0
2008-06-06,188.0,189.95,185.55,185.64,5.552176047472194,34515100,0.0000,1.0
2008-06-09,184.92,184.94,175.75,181.61,5.431645615069088,67442600,0.0000,1.0
2008-06-10,180.33,186.78,179.02,185.64,5.552176047472194,40747900,0.0000,1.0
2008-06-11,184.34,186.0,179.59,180.81,5.407718978363755,34341100,0.0000,1.0
2008-06-12,181.45,182.6,171.2,173.26,5.1819113444571885,46726200,0.0000,1.0
2008-06-13,171.5,174.16,165.31,172.37,5.155292961122507,48069900,0.0000,1.0
2008-06-16,171.25,177.9,169.07,176.84,5.288983043713547,37561800,0.0000,1.0
2008-06-17,178.17,181.99,177.41,181.43,5.426262121810388,32130600,0.0000,1.0
2008-06-18,181.0,182.2,177.35,178.75,5.346107888847526,28981000,0.0000,1.0
2008-06-19,178.48,182.34,176.8,180.9,5.410410724993105,28283900,0.0000,1.0
2008-06-20,176.55,181.0,175.0,175.27,5.242027019179335,31727400,0.0000,1.0
2008-06-23,174.78,175.88,171.56,173.16,5.178920514869022,23063600,0.0000,1.0
2008-06-24,172.06,175.78,171.63,173.25,5.181612261498372,22212400,0.0000,1.0
2008-06-25,174.5,178.83,173.88,177.39,5.305432606448463,23016100,0.0000,1.0
2008-06-26,174.14,174.844,168.01,168.26,5.0323698650488655,31057500,0.0000,1.0
2008-06-27,166.44,170.57,164.15,170.09,5.087102046512312,37223200,0.0000,1.0
2008-06-30,170.04,172.0,166.62,167.44,5.007845062425901,24435600,0.0000,1.0
2008-07-01,164.05,174.72,164.0,174.68,5.2243811246091525,39688600,0.0000,1.0
2008-07-02,175.05,177.45,168.1788,168.18,5.029977201378333,29911400,0.0000,1.0
2008-07-03,169.59,172.17,165.75,170.12,5.087999295388762,18691500,0.0000,1.0
2008-07-07,173.0,177.13,171.9,175.16,5.238737106632351,29299700,0.0000,1.0
2008-07-08,175.4,179.7,172.7401,179.55,5.3700345255528585,31726800,0.0000,1.0
2008-07-09,180.25,180.91,174.14,174.25,5.2115205573800365,31992000,0.0000,1.0
2008-07-10,174.91,177.34,171.37,176.63,5.282702301578397,30024600,0.0000,1.0
2008-07-11,175.37,177.11,171.0,172.58,5.161573703257657,33214700,0.0000,1.0
2008-07-14,175.37,179.3,173.08,173.88,5.20045448790382,31644800,0.0000,1.0
2008-07-15,172.3,173.74,166.39,169.64,5.0736433133655625,37144400,0.0000,1.0
2008-07-16,170.08,172.93,168.6,172.81,5.16845261131044,26706800,0.0000,1.0
2008-07-17,174.09,174.98,171.39,171.81,5.138544315428775,27054500,0.0000,1.0
2008-07-18,168.21,169.65,165.0,165.15,4.93935506485689,31014800,0.0000,1.0
2008-07-21,166.9,167.5,161.12,166.29,4.973450522161987,48588200,0.0000,1.0
2008-07-22,148.9,162.76,146.53,162.02,4.84574209874728,67128300,0.0000,1.0
2008-07-23,165.15,168.37,161.56,166.26,4.972553273285537,37920300,0.0000,1.0
2008-07-24,164.3,165.26,158.45,159.03,4.756316294061103,29986400,0.0000,1.0
2008-07-25,160.37,163.0,158.65,162.12,4.848732928335447,22629900,0.0000,1.0
2008-07-28,162.18,162.47,154.02,154.4,4.617840884128997,27882600,0.0000,1.0
2008-07-29,156.55,159.45,153.65,157.08,4.697995117091858,24431100,0.0000,1.0
2008-07-30,157.71,160.49,156.08,159.88,4.781738345560518,25899400,0.0000,1.0
2008-07-31,157.7,162.2,156.98,158.95,4.753923630390569,22767800,0.0000,1.0
2008-08-01,159.94,159.99,155.75,156.66,4.6854336328215584,19451400,0.0000,1.0
2008-08-04,156.58,157.9,152.91,153.23,4.582848177947449,21161700,0.0000,1.0
2008-08-05,155.5,160.8,154.82,160.64,4.804468650430582,24584700,0.0000,1.0
2008-08-06,159.97,167.4,158.0,164.19,4.910643100810492,28264600,0.0000,1.0
2008-08-07,162.89,166.15,161.5,163.57,4.892099957363859,24013300,0.0000,1.0
2008-08-08,163.86,169.65,163.75,169.55,5.0709515667362135,25499900,0.0000,1.0
2008-08-11,170.07,176.5,169.67,173.56,5.190883833221688,31832300,0.0000,1.0
2008-08-12,173.52,179.29,173.51,176.73,5.285693131166564,29867100,0.0000,1.0
2008-08-13,177.98,180.0,175.9,179.3,5.362557451582442,30083800,0.0000,1.0
2008-08-14,178.33,180.45,177.84,179.32,5.363155617500075,25403600,0.0000,1.0
2008-08-15,179.04,179.75,175.05,175.74,5.256083918243717,25294700,0.0000,1.0
2008-08-18,175.57,177.81,173.82,175.39,5.245616014685133,19714800,0.0000,1.0
2008-08-19,174.54,177.07,171.81,173.53,5.189986584345238,22007300,0.0000,1.0
2008-08-20,174.7725,176.94,173.61,175.84,5.259074747831883,18105400,0.0000,1.0
2008-08-21,174.47,175.45,171.89,174.29,5.212716889215303,19276600,0.0000,1.0
2008-08-22,175.82,177.5,175.57,176.79,5.287487628919464,15700400,0.0000,1.0
2008-08-25,176.15,176.23,171.66,172.55,5.160676454381207,17300900,0.0000,1.0
2008-08-26,172.76,174.88,172.6101,173.64,5.193276496892221,15912500,0.0000,1.0
2008-08-27,173.31,175.76,172.1909,174.67,5.224082041650335,17063600,0.0000,1.0
2008-08-28,175.28,176.25,172.75,173.74,5.196267326480387,15406600,0.0000,1.0
2008-08-29,172.96,173.5,169.0401,169.53,5.07035340081858,21403200,0.0000,1.0
2008-09-02,172.4,173.5,165.0,166.19,4.9704596925738205,27884400,0.0000,1.0
2008-09-03,166.84,168.68,164.0,166.96,4.993489080402703,26244100,0.0000,1.0
2008-09-04,165.86,167.9125,160.81,161.22,4.821815462041948,26549500,0.0000,1.0
2008-09-05,158.59,162.4,157.65,160.18,4.790710834325017,28103000,0.0000,1.0
2008-09-08,164.57,164.89,151.4585,157.92,4.723118085632455,37356400,0.0000,1.0
2008-09-09,156.86,159.96,149.79,151.68,4.536490319330869,44465200,0.0000,1.0
2008-09-10,152.32,154.99,148.8,151.61,4.534396738619153,34755100,0.0000,1.0
2008-09-11,148.18,152.99,146.0,152.65,4.5655013663360835,34683400,0.0000,1.0
2008-09-12,150.9099,150.9099,146.5,148.94,4.4545415886151085,28322400,0.0000,1.0
2008-09-15,142.03,147.69,140.36,140.36,4.1979284099504275,32879800,0.0000,1.0
2008-09-16,133.86,142.5,132.15,139.88,4.183572427927228,42851300,0.0000,1.0
2008-09-17,138.49,138.51,127.83,127.83,3.823177462553171,42873400,0.0000,1.0
2008-09-18,130.57,140.0,120.68,134.09,4.010403394772391,59866200,0.0000,1.0
2008-09-19,142.6,144.2,136.31,140.91,4.214377972685343,51102700,0.0000,1.0
2008-09-22,139.94,140.25,130.66,131.05,3.919482175292131,30596900,0.0000,1.0
2008-09-23,131.85,135.8,126.66,126.84,3.793568249630323,45727300,0.0000,1.0
2008-09-24,127.27,130.95,125.15,128.71,3.849496762929036,37393400,0.0000,1.0
2008-09-25,129.8,134.79,128.52,131.93,3.9458014756679956,35930200,0.0000,1.0
2008-09-26,124.91,129.8,123.0,128.24,3.8354398638646536,40230400,0.0000,1.0
2008-09-29,119.62,119.68,100.59,105.26,3.1481472245040036,93644900,0.0000,1.0
2008-09-30,108.25,115.0,106.3,113.66,3.3993769099099853,58095800,0.0000,1.0
2008-10-01,111.92,112.36,107.39,109.12,3.2635932466072286,46303000,0.0000,1.0
2008-10-02,108.01,108.79,100.0,100.1,2.993820417754615,57477300,0.0000,1.0
2008-10-03,104.0,106.5,94.65,97.07,2.903198281233171,81942800,0.0000,1.0
2008-10-06,91.96,98.78,87.54,98.14,2.9352001578265523,75264900,0.0000,1.0
2008-10-07,100.48,101.5,88.95,89.16,2.6666236608092055,67099000,0.0000,1.0
2008-10-08,85.9125,96.33,85.68,89.79,2.6854658872146544,78847900,0.0000,1.0
2008-10-09,93.35,95.8,86.6,88.74,2.6540621765389063,57763700,0.0000,1.0
2008-10-10,85.7,100.0,85.0,96.8,2.895123041345122,79260700,0.0000,1.0
2008-10-13,104.55,110.53,101.02,110.26,3.297688703912326,54967000,0.0000,1.0
2008-10-14,116.26,116.4,103.14,104.08,3.1128554353636395,70749800,0.0000,1.0
2008-10-15,103.84,107.0,97.89,97.95,2.929517581609036,56577700,0.0000,1.0
2008-10-16,99.77,103.43,91.74,101.89,3.0473562673827943,70732900,0.0000,1.0
2008-10-17,99.6,102.04,85.885,97.4,2.913068018874121,62936700,0.0000,1.0
2008-10-20,99.78,100.03,93.64,98.44,2.944172646591052,55327500,0.0000,1.0
2008-10-21,96.95,97.9,91.16,91.49,2.7363099902134835,78345000,0.0000,1.0
2008-10-22,97.37,101.25,92.93,96.87,2.8972166220568387,80314600,0.0000,1.0
2008-10-23,96.51,99.25,91.9,98.23,2.937891904455902,59836800,0.0000,1.0
2008-10-24,90.33,97.9,90.11,96.38,2.882561557074823,56787800,0.0000,1.0
2008-10-27,95.07,97.63,91.86,92.09,2.7542549677424826,43170400,0.0000,1.0
2008-10-28,95.43,100.5,92.37,99.91,2.9881378415370987,58361900,0.0000,1.0
2008-10-29,100.86,109.54,99.94,104.55,3.1269123344280216,69677800,0.0000,1.0
2008-10-30,108.23,112.19,107.61,111.04,3.3210171747000246,58503200,0.0000,1.0
2008-10-31,107.4,110.78,105.14,107.59,3.217833553908282,59277000,0.0000,1.0
2008-11-03,105.93,109.1,104.86,106.96,3.198991327502833,37783500,0.0000,1.0
2008-11-04,109.99,111.79,106.67,110.99,3.319521759905941,49952900,0.0000,1.0
2008-11-05,108.91,109.72,102.99,103.3,3.089526964575941,44873400,0.0000,1.0
2008-11-06,101.05,102.78,98.0,99.1,2.96391212187295,47109800,0.0000,1.0
2008-11-07,99.24,99.85,95.72,98.24,2.938190987414719,39116200,0.0000,1.0
2008-11-10,100.17,100.4,94.5,95.88,2.8676074091339907,40136500,0.0000,1.0
2008-11-11,94.81,97.17,92.26,94.77,2.834409200705343,43733500,0.0000,1.0
2008-11-12,92.43,93.24,90.01,90.12,2.6953356248556033,42106300,0.0000,1.0
2008-11-13,89.87,96.44,86.02,96.44,2.8843560548277227,66217400,0.0000,1.0
2008-11-14,93.76,93.99,90.0,90.24,2.698924620361403,50188100,0.0000,1.0
2008-11-17,88.48,90.55,87.26,88.14,2.6361171990099077,41518800,0.0000,1.0
2008-11-18,89.64,90.99,86.86,89.91,2.6890548827204537,43203400,0.0000,1.0
2008-11-19,89.44,91.58,86.21,86.29,2.5807868516288286,41853600,0.0000,1.0
2008-11-20,85.24,86.45,80.0,80.49,2.407318735515174,61314800,0.0000,1.0
2008-11-21,81.93,84.12,79.14,82.58,2.469827073907853,56045400,0.0000,1.0
2008-11-24,85.21,94.79,84.84,92.95,2.779976102200714,51509200,0.0000,1.0
2008-11-25,94.63,94.7099,88.16,90.8,2.715673266055135,44117600,0.0000,1.0
2008-11-26,89.92,95.25,89.85,95.0,2.841288108758126,32137000,0.0000,1.0
2008-11-28,94.7,94.76,91.86,92.67,2.7716017793538477,10634800,0.0000,1.0
2008-12-01,91.3,92.27,88.923,88.93,2.659744752756423,32991700,0.0000,1.0
2008-12-02,90.03,92.65,86.5,92.47,2.765620120177515,41025800,0.0000,1.0
2008-12-03,89.4,96.23,88.8,95.9,2.868205575051624,47810000,0.0000,1.0
2008-12-04,94.43,95.21,89.06,91.41,2.7339173265429504,38977500,0.0000,1.0
2008-12-05,90.35,94.49,88.86,94.0,2.8113798128764613,37278400,0.0000,1.0
2008-12-08,97.28,100.8,95.8,99.72,2.982455265319582,42326500,0.0000,1.0
2008-12-09,98.395,103.6,97.21,100.06,2.9926240859193483,42982000,0.0000,1.0
2008-12-10,97.87,99.49,96.5,98.21,2.9372937385382687,33501700,0.0000,1.0
2008-12-11,97.35,101.24,94.83,95.0,2.841288108758126,37164900,0.0000,1.0
2008-12-12,92.8,99.0,92.53,98.27,2.9390882362911688,37184800,0.0000,1.0
2008-12-15,95.99,96.21,93.0,94.75,2.83381103478771,31848500,0.0000,1.0
2008-12-16,93.98,96.48,92.75,95.43,2.854148675987242,39053800,0.0000,1.0
2008-12-17,91.03,91.1,88.02,89.16,2.6666236608092055,46209300,0.0000,1.0
2008-12-18,89.31,90.83,88.44,89.43,2.6746989006972552,30622000,0.0000,1.0
2008-12-19,90.13,90.94,88.8,90.0,2.6917466293498036,28640000,0.0000,1.0
2008-12-22,90.02,90.03,84.69,85.74,2.564337288893913,30169300,0.0000,1.0
2008-12-23,86.87,87.87,85.9,86.38,2.583478598258178,22679700,0.0000,1.0
2008-12-24,86.14,86.25,84.55,85.04,2.543401481776748,9690500,0.0000,1.0
2008-12-26,86.64,87.42,85.24,85.81,2.5664308696056293,11011600,0.0000,1.0
2008-12-29,86.52,87.62,85.07,86.61,2.590357506310961,24500000,0.0000,1.0
2008-12-30,87.42,88.05,84.72,86.29,2.5807868516288286,34557200,0.0000,1.0
2008-12-31,85.97,87.74,85.34,85.35,2.5526730535000635,21697900,0.0000,1.0
2009-01-02,85.88,91.04,85.16,90.75,2.714177851261052,26643400,0.0000,1.0
2009-01-05,93.17,96.18,92.71,94.58,2.828726624487827,42200300,0.0000,1.0
2009-01-06,95.95,97.17,92.39,93.02,2.78206968291243,46046800,0.0000,1.0
2009-01-07,91.81,92.5,90.26,91.01,2.7219540081902847,26894600,0.0000,1.0
2009-01-08,90.43,93.15,90.04,92.7,2.772499028230298,24053600,0.0000,1.0
2009-01-09,93.21,93.38,90.14,90.58,2.709093440961169,19530200,0.0000,1.0
2009-01-12,90.46,90.99,87.55,88.66,2.651669512868373,22061300,0.0000,1.0
2009-01-13,88.24,89.7399,86.35,87.71,2.6232566317807917,28514200,0.0000,1.0
2009-01-14,86.24,87.25,84.72,85.33,2.5520748875824304,36488000,0.0000,1.0
2009-01-15,80.56,84.12,80.05,83.38,2.4937537106131846,65415500,0.0000,1.0
2009-01-16,84.3,84.38,80.4,82.33,2.462349999937437,37415200,0.0000,1.0
2009-01-20,81.93,82.0,78.2,78.2,2.3388287379461628,32854100,0.0000,1.0
2009-01-21,79.45,82.88,79.31,82.83,2.4773041478782694,38902500,0.0000,1.0
2009-01-22,88.0,90.0,85.82,88.36,2.6426970241038736,50340300,0.0000,1.0
2009-01-23,86.81,89.87,86.5,88.36,2.6426970241038736,27277500,0.0000,1.0
2009-01-26,88.88,90.97,88.3,89.64,2.6809796428324044,24722800,0.0000,1.0
2009-01-27,90.19,91.55,89.74,90.73,2.7135796853434186,22072800,0.0000,1.0
2009-01-28,92.15,95.0,91.5,94.2,2.8173614720527946,30764500,0.0000,1.0
2009-01-29,93.09,94.34,92.6,93.0,2.781471516994797,21168900,0.0000,1.0
2009-01-30,92.62,93.62,90.01,90.13,2.69563470781442,23267100,0.0000,1.0
2009-02-02,89.1,92.0,88.9,91.51,2.736908156131117,19937400,0.0000,1.0
2009-02-03,91.92,93.38,90.28,92.98,2.780873351077164,21403900,0.0000,1.0
2009-02-04,93.24,96.25,93.1,93.55,2.7979210797297123,28872200,0.0000,1.0
2009-02-05,92.77,97.25,92.62,96.46,2.884954220745356,26758800,0.0000,1.0
2009-02-06,97.0,100.0,97.0,99.72,2.982455265319582,24543200,0.0000,1.0
2009-02-09,101.165,103.0,99.5,102.51,3.0658994108294264,25536100,0.0000,1.0
2009-02-10,101.17,102.51,97.06,97.83,2.9259285861032365,30323600,0.0000,1.0
2009-02-11,96.35,98.31,95.77,96.82,2.8957212072627554,24106200,0.0000,1.0
2009-02-12,95.83,99.75,95.83,99.27,2.968996532172833,29185300,0.0000,1.0
2009-02-13,99.11,99.94,98.12,99.16,2.96570661962585,21749200,0.0000,1.0
2009-02-17,96.79,97.04,94.28,94.53,2.8272312096937435,24222800,0.0000,1.0
2009-02-18,95.03,95.85,92.72,94.37,2.8224458823526777,24456400,0.0000,1.0
2009-02-19,93.37,94.25,90.11,90.64,2.7108879387140687,32957300,0.0000,1.0
2009-02-20,89.4,92.4,89.0,91.2,2.727636584407801,26797000,0.0000,1.0
2009-02-23,91.6,92.0,86.51,86.95,2.600526326910727,28106500,0.0000,1.0
2009-02-24,87.4475,90.89,87.0,90.25,2.6992237033202198,28825200,0.0000,1.0
2009-02-25,89.86,92.92,89.25,91.16,2.726440252572534,29751900,0.0000,1.0
2009-02-26,92.0,92.92,88.96,89.19,2.6675209096856554,22495300,0.0000,1.0
2009-02-27,87.91,91.3,87.67,89.31,2.671109905191455,25237800,0.0000,1.0
2009-03-02,89.31,91.2,87.67,87.94,2.630135539833575,27533200,0.0000,1.0
2009-03-03,88.83,90.74,87.88,88.37,2.642996107062691,25869300,0.0000,1.0
2009-03-04,90.24,92.77,89.45,91.17,2.726739335531351,26478700,0.0000,1.0
2009-03-05,90.25,91.87,88.45,88.84,2.657053006127073,25246400,0.0000,1.0
2009-03-06,88.34,88.4,82.33,85.3,2.5511776387059806,36112400,0.0000,1.0
2009-03-09,84.12,87.6,82.57,83.11,2.4856784707251354,24939200,0.0000,1.0
2009-03-10,84.87,89.17,84.36,88.6275,2.650697493252219,30152100,0.0000,1.0
2009-03-11,89.9,94.07,89.58,92.68,2.7719008623126644,30227600,0.0000,1.0
2009-03-12,92.9703,96.58,92.0,96.35,2.881664308198373,27444900,0.0000,1.0
2009-03-13,96.3,97.2,95.01,95.93,2.869102823928074,21470300,0.0000,1.0
2009-03-16,96.45,97.39,94.18,95.42,2.8538495930284253,28473000,0.0000,1.0
2009-03-17,95.26,99.69,95.07,99.66,2.9806607675666825,28094500,0.0000,1.0
2009-03-18,99.91,103.48,99.72,101.52,3.0362901979065784,28429900,0.0000,1.0
2009-03-19,101.91,103.2,100.25,101.62,3.039281027494745,17863600,0.0000,1.0
2009-03-20,102.09,103.11,100.57,101.59,3.0383837786182952,24842400,0.0000,1.0
2009-03-23,102.71,108.16,101.75,107.66,3.2199271346199985,23799900,0.0000,1.0
2009-03-24,106.36,109.44,105.3872,106.83,3.1951032490382167,22879000,0.0000,1.0
2009-03-25,107.58,108.36,103.86,106.49,3.1849344284384506,23093500,0.0000,1.0
2009-03-26,107.83,109.98,107.58,109.87,3.286024468518477,22009000,0.0000,1.0
2009-03-27,108.23,108.53,106.4,106.85,3.19570141495585,17602600,0.0000,1.0
2009-03-30,104.51,105.01,102.61,104.49,3.125117836675122,17957000,0.0000,1.0
2009-03-31,105.45,107.45,105.0,105.12,3.143960063080571,20360000,0.0000,1.0
2009-04-01,104.09,109.0,103.89,108.69,3.2507326793781126,21049000,0.0000,1.0
2009-04-02,110.145,114.75,109.78,112.71,3.370964028822404,29013100,0.0000,1.0
2009-04-03,114.19,116.13,113.52,115.99,3.4690632393142633,22722900,0.0000,1.0
2009-04-06,114.94,118.75,113.28,118.45,3.542637647183158,23502300,0.0000,1.0
2009-04-07,116.53,116.67,114.19,115.0,3.4394540263914157,19163600,0.0000,1.0
2009-04-08,115.43,116.79,114.58,116.32,3.4789329769552126,16272500,0.0000,1.0
2009-04-09,118.42,120.0,117.96,119.57,3.5761349385706223,18955600,0.0000,1.0
2009-04-13,120.01,120.98,119.0,120.22,3.595575330893704,13901300,0.0000,1.0
2009-04-14,119.57,120.17,117.25,118.31,3.5384504857597254,16236500,0.0000,1.0
2009-04-15,117.2,118.25,115.76,117.64,3.51841192751901,14745800,0.0000,1.0
2009-04-16,119.19,123.15,118.79,121.45,3.6323625348281516,21194500,0.0000,1.0
2009-04-17,121.18,124.25,120.25,123.42,3.691281877715031,17767700,0.0000,1.0
2009-04-20,121.73,122.99,119.16,120.5,3.60394965374057,16659500,0.0000,1.0
2009-04-21,118.89,122.14,118.6,121.76,3.641634106551468,16810200,0.0000,1.0
2009-04-22,122.63,125.35,121.2,121.51,3.6341570325810517,33527400,0.0000,1.0
2009-04-23,126.62,127.2,123.51,125.4,3.7505003035607265,33755600,0.0000,1.0
2009-04-24,124.64,125.14,122.97,123.9,3.70563785973823,19313000,0.0000,1.0
2009-04-27,122.9,125.0,122.66,124.73,3.730461745320011,17167500,0.0000,1.0
2009-04-28,123.3501,126.21,123.26,123.902,3.705697676329993,16280600,0.0000,1.0
2009-04-29,124.85,126.85,123.83,125.14,3.7427241466314936,16361100,0.0000,1.0
2009-04-30,126.22,127.0,124.92,125.83,3.763360870789842,17803200,0.0000,1.0
2009-05-01,125.8,127.95,125.8,127.24,3.805531567982989,14197000,0.0000,1.0
2009-05-04,128.24,132.25,127.68,132.07,3.9499886370914283,21762800,0.0000,1.0
2009-05-05,131.75,132.86,131.12,132.71,3.969129946455694,14223400,0.0000,1.0
2009-05-06,133.33,133.5,130.22,132.5,3.9628492043205443,16912100,0.0000,1.0
2009-05-07,132.33,132.39,127.9,129.06,3.8599646664876186,18992000,0.0000,1.0
2009-05-08,129.04,131.2342,126.26,129.19,3.8638527449522346,16713000,0.0000,1.0
2009-05-11,127.37,130.96,127.12,129.57,3.875217897387267,14452100,0.0000,1.0
2009-05-12,129.56,129.71,123.25,124.42,3.7211901735966952,21767200,0.0000,1.0
2009-05-13,123.21,124.02,119.38,119.49,3.573742274900089,21284700,0.0000,1.0
2009-05-14,119.78,123.53,119.7,122.95,3.6772249786506483,15993800,0.0000,1.0
2009-05-15,122.32,124.62,121.61,122.42,3.661373581833366,13127400,0.0000,1.0
2009-05-18,123.73,126.7,121.57,126.65,3.787885673412807,16387200,0.0000,1.0
2009-05-19,126.82,129.31,125.74,127.45,3.8118123101181385,13300800,0.0000,1.0
2009-05-20,127.63,129.21,125.3,125.87,3.7645572026251086,13878000,0.0000,1.0
2009-05-21,125.15,126.78,122.89,124.18,3.714012182585096,14569500,0.0000,1.0
2009-05-22,124.05,124.18,121.75,122.5,3.6637662455038993,10642800,0.0000,1.0
2009-05-26,124.76,130.83,124.55,130.78,3.9114069354040812,22747400,0.0000,1.0
2009-05-27,131.78,134.98,130.91,133.05,3.97929876705546,23086500,0.0000,1.0
2009-05-28,133.45,135.39,132.03,135.07,4.039713524736421,17412600,0.0000,1.0
2009-05-29,135.39,135.9,133.85,135.81,4.061845663688854,16304800,0.0000,1.0
2009-06-01,136.47,139.99,136.0,139.35,4.167721031109946,16160700,0.0000,1.0
2009-06-02,138.99,141.34,138.35,139.49,4.17190819253338,16293700,0.0000,1.0
2009-06-03,140.0,141.11,139.07,140.95,4.215574304520609,20185700,0.0000,1.0
2009-06-04,140.13,144.18,140.04,143.74,4.299018450030453,19665500,0.0000,1.0
2009-06-05,145.31,146.4,143.21,144.67,4.326833165200401,22597000,0.0000,1.0
2009-06-08,143.82,144.23,139.43,143.85,4.302308362577436,33273300,0.0000,1.0
2009-06-09,143.81,144.56,140.55,142.72,4.268511988231155,24177300,0.0000,1.0
2009-06-10,142.28,142.35,138.3,140.25,4.194638497403444,24593700,0.0000,1.0
2009-06-11,139.55,141.56,138.55,139.95,4.185666008638944,18743700,0.0000,1.0
2009-06-12,138.81,139.1,136.04,136.97,4.096539286911584,20110200,0.0000,1.0
2009-06-15,136.01,136.93,134.89,136.09,4.07021998653572,19276800,0.0000,1.0
2009-06-16,136.66,138.47,136.1,136.35,4.0779961434649525,18385900,0.0000,1.0
2009-06-17,136.67,137.45,134.53,135.58,4.054966755636071,20407600,0.0000,1.0
2009-06-18,136.11,138.0,135.59,135.88,4.06393924440057,15274300,0.0000,1.0
2009-06-19,138.07,139.5,136.9,139.48,4.171609109574562,25780600,0.0000,1.0
2009-06-22,140.67,141.56,136.33,137.37,4.10850260526425,22675500,0.0000,1.0
2009-06-23,136.4,136.95,132.88,134.01,4.008010731101857,25233300,0.0000,1.0
2009-06-24,135.42,137.5,134.86,136.22,4.074108065000336,17340200,0.0000,1.0
2009-06-25,135.75,140.2,135.21,139.86,4.182974262009595,21051700,0.0000,1.0
2009-06-26,139.79,143.56,139.74,142.44,4.260137665384289,15692300,0.0000,1.0
2009-06-29,143.46,143.95,141.54,141.97,4.246080766319907,20272000,0.0000,1.0
2009-06-30,142.58,143.8,141.8,142.43,4.2598385824254725,15508000,0.0000,1.0
2009-07-01,143.5,144.66,142.52,142.83,4.271801900778138,14792100,0.0000,1.0
2009-07-02,141.25,142.83,139.79,140.02,4.187759589350661,13231400,0.0000,1.0
2009-07-06,138.7,138.99,136.25,138.61,4.145588892157515,17810300,0.0000,1.0
2009-07-07,138.48,139.68,135.18,135.4,4.0495832623773715,16485600,0.0000,1.0
2009-07-08,135.92,138.04,134.42,137.22,4.104016360882,20568900,0.0000,1.0
2009-07-09,137.76,137.99,135.93,136.36,4.078295226423769,12250900,0.0000,1.0
2009-07-10,136.34,138.97,136.32,138.52,4.142897145528165,15902700,0.0000,1.0
2009-07-13,139.54,142.34,137.53,142.34,4.257146835796123,17267900,0.0000,1.0
2009-07-14,142.03,143.18,141.161,142.27,4.255053255084406,12401700,0.0000,1.0
2009-07-15,145.04,147.0,144.32,146.88,4.392930499098879,17342400,0.0000,1.0
2009-07-16,145.76,148.02,145.57,147.52,4.412071808463145,14056100,0.0000,1.0
2009-07-17,149.08,152.02,148.63,151.75,4.538583900042585,21505500,0.0000,1.0
2009-07-20,153.27,155.036,150.89,152.909,4.573247614969435,26268800,0.0000,1.0
2009-07-21,153.29,153.43,149.75,151.51,4.531405909030986,31242200,0.0000,1.0
2009-07-22,157.79,158.73,156.11,156.74,4.687826296492092,31218000,0.0000,1.0
2009-07-23,156.63,158.44,155.56,157.82,4.720127256044289,18820100,0.0000,1.0
2009-07-24,156.95,160.0,156.5,159.986,4.784908624923974,15655800,0.0000,1.0
2009-07-27,160.17,160.88,157.26,160.1,4.788318170654484,15475400,0.0000,1.0
2009-07-28,158.88,160.105,157.6,160.0,4.785327341066317,12984100,0.0000,1.0
2009-07-29,158.9,160.45,158.25,160.03,4.786224589942767,13648500,0.0000,1.0
2009-07-30,161.7,164.72,161.5,162.79,4.868771486576161,16771600,0.0000,1.0
2009-07-31,162.9881,165.0,162.91,163.39,4.8867164641051595,15090600,0.0000,1.0
2009-08-03,165.21,166.64,164.87,166.43,4.97763768358542,14080000,0.0000,1.0
2009-08-04,164.93,165.57,164.21,165.55,4.951318383209555,14136100,0.0000,1.0
2009-08-05,165.75,167.39,164.21,165.11,4.9381587330216234,15113700,0.0000,1.0
2009-08-06,165.58,166.51,163.09,163.91,4.902268777963625,12200600,0.0000,1.0
2009-08-07,165.49,166.6,164.8,165.51,4.950122051374288,13834100,0.0000,1.0
2009-08-10,165.66,166.6,163.66,164.72,4.926494497627774,10724800,0.0000,1.0
2009-08-11,163.69,164.38,161.88,162.83,4.869967818411428,12690800,0.0000,1.0
2009-08-12,162.55,166.71,162.46,165.31,4.944140392197956,15895400,0.0000,1.0
2009-08-13,166.65,168.67,166.5,168.42,5.037155192389932,15713600,0.0000,1.0
2009-08-14,167.94,168.2267,165.53,166.78,4.988105587144003,10922000,0.0000,1.0
2009-08-17,163.55,163.59,159.42,159.59,4.7730649397548355,18727900,0.0000,1.0
2009-08-18,161.63,164.24,161.41,164.0,4.904960524592975,15398300,0.0000,1.0
2009-08-19,162.75,165.3,162.45,164.6,4.922905502121974,14759700,0.0000,1.0
2009-08-20,164.98,166.72,164.61,166.33,4.974646853997254,12215400,0.0000,1.0
2009-08-21,167.65,169.37,166.8,169.22,5.061081829095264,14859800,0.0000,1.0
2009-08-24,170.12,170.71,168.27,169.06,5.056296501754198,14533200,0.0000,1.0
2009-08-25,169.4599,170.94,169.13,169.4,5.066465322353964,11584100,0.0000,1.0
2009-08-26,168.92,169.55,166.76,167.41,5.006947813549451,10857100,0.0000,1.0
2009-08-27,168.75,169.57,164.83,169.45,5.067960737148047,16042200,0.0000,1.0
2009-08-28,172.27,172.49,168.53,170.05,5.085905714677046,16203600,0.0000,1.0
2009-08-31,168.16,168.85,166.5,168.21,5.0308744502547835,11119200,0.0000,1.0
2009-09-01,167.99,170.0,164.94,165.298,4.943781492647376,16751000,0.0000,1.0
2009-09-02,164.62,167.61,164.11,165.18,4.94025231373334,13008900,0.0000,1.0
2009-09-03,166.44,167.1,165.0,166.55,4.98122667909122,10498400,0.0000,1.0
2009-09-04,167.2757,170.7,167.09,170.31,5.093681871606279,13379600,0.0000,1.0
2009-09-08,172.98,173.14,172.0,172.93,5.172041606816239,11251700,0.0000,1.0
2009-09-09,172.78,174.47,169.7,171.14,5.11850575718806,28967400,0.0000,1.0
2009-09-10,172.06,173.25,170.81,172.56,5.160975537340024,17540500,0.0000,1.0
2009-09-11,172.91,173.18,170.87,172.16,5.149012218987358,12462900,0.0000,1.0
2009-09-14,170.83,173.9,170.25,173.72,5.195669160562754,11500400,0.0000,1.0
2009-09-15,174.04,175.65,173.59,175.16,5.238737106632351,15231100,0.0000,1.0
2009-09-16,177.99,182.75,177.88,181.87,5.43942177199832,26929400,0.0000,1.0
2009-09-17,181.98,186.79,181.97,184.55,5.519576004961181,28949000,0.0000,1.0
2009-09-18,185.83,186.55,184.76,185.02,5.533632904025564,21485100,0.0000,1.0
2009-09-21,184.29,185.16,181.62,184.02,5.503724608143899,15632700,0.0000,1.0
2009-09-22,185.19,185.38,182.85,184.48,5.517482424249463,12741200,0.0000,1.0
2009-09-23,185.4,188.9,185.03,185.5,5.547988886048762,21198700,0.0000,1.0
2009-09-24,187.2,187.7,182.77,183.82,5.4977429489675655,19674300,0.0000,1.0
2009-09-25,182.01,185.5,181.44,182.37,5.454375919939152,15901400,0.0000,1.0
2009-09-28,183.87,186.68,183.33,186.1519,5.567486104134019,12051600,0.0000,1.0
2009-09-29,186.73,187.4,184.31,185.38,5.544399890542962,12335200,0.0000,1.0
2009-09-30,186.13,186.45,182.6127,185.35,5.543502641666512,19270900,0.0000,1.0
2009-10-01,185.35,186.22,180.7,180.8599,5.409211402328251,18739700,0.0000,1.0
2009-10-02,181.41,185.94,181.35,184.9,5.5300439085197635,19761000,0.0000,1.0
2009-10-05,186.2,186.86,184.2701,186.024,5.563660833090754,15111900,0.0000,1.0
2009-10-06,187.74,190.01,187.3,190.01,5.682875300475068,21610200,0.0000,1.0
2009-10-07,189.76,190.55,189.032,190.25,5.690053291486668,16631000,0.0000,1.0
2009-10-08,190.66,191.45,188.89,189.27,5.660743161522637,15650400,0.0000,1.0
2009-10-09,188.97,190.7,188.62,190.47,5.696633116580634,10474000,0.0000,1.0
2009-10-12,191.02,191.51,189.64,190.81,5.7068019371804,10286600,0.0000,1.0
2009-10-13,190.63,191.17,189.7,190.02,5.683174383433886,12429300,0.0000,1.0
2009-10-14,192.25,192.32,190.23,191.29,5.721157919203599,13411100,0.0000,1.0
2009-10-15,189.63,190.92,189.53,190.56,5.699324863209984,13341300,0.0000,1.0
2009-10-16,189.35,190.36,187.84,188.05,5.624255040547006,15408100,0.0000,1.0
2009-10-19,187.85,190.0,185.55,189.86,5.678389056092819,33651100,0.0000,1.0
2009-10-20,200.6,201.75,197.85,198.76,5.944572889439633,40751400,0.0000,1.0
2009-10-21,199.52,208.7099,199.23,204.92,6.128807992070686,42633100,0.0000,1.0
2009-10-22,204.7,207.85,202.51,205.2,6.137182314917552,28264000,0.0000,1.0
2009-10-23,205.7,205.8,203.23,203.94,6.099497862106655,15028100,0.0000,1.0
2009-10-26,203.67,206.75,200.1,202.48,6.055831750119425,17297800,0.0000,1.0
2009-10-27,201.66,202.81,196.45,197.37,5.903000358164119,27019700,0.0000,1.0
2009-10-28,197.71,198.02,191.1,192.4,5.754356127632247,29228100,0.0000,1.0
2009-10-29,195.0,196.81,192.14,196.35,5.872493896364821,20366800,0.0000,1.0
2009-10-30,196.056,196.8,186.0667,188.5,5.637713773693755,25625900,0.0000,1.0
2009-11-02,189.8,192.88,185.57,189.31,5.661939493357903,24249400,0.0000,1.0
2009-11-03,187.85,189.52,185.92,188.75,5.645190847664171,18662200,0.0000,1.0
2009-11-04,190.73,193.85,190.23,190.81,5.7068019371804,17411800,0.0000,1.0
2009-11-05,192.4,195.0,191.82,194.0301,5.803109640748948,13742900,0.0000,1.0
2009-11-06,192.51,195.19,192.4,194.34,5.812378221642676,10539200,0.0000,1.0
2009-11-09,196.94,201.9,196.26,201.46,6.025325288320127,18887700,0.0000,1.0
2009-11-10,201.02,204.98,201.01,202.98,6.070785898060257,14328400,0.0000,1.0
2009-11-11,204.56,205.0,201.83,203.25,6.078861137948307,15852500,0.0000,1.0
2009-11-12,203.14,204.87,201.43,201.99,6.041176685137409,12990400,0.0000,1.0
2009-11-13,202.87,204.83,202.07,204.45,6.114751093006303,12258600,0.0000,1.0
2009-11-16,205.48,208.0,205.01,206.63,6.1799511780283325,17328800,0.0000,1.0
2009-11-17,206.08,207.44,205.0,207.0,6.191017247504548,14161200,0.0000,1.0
2009-11-18,206.54,207.0,204.0,205.96,6.159912619787617,13368600,0.0000,1.0
2009-11-19,204.61,204.61,199.8,200.51,5.9969124072325455,19368800,0.0000,1.0
2009-11-20,199.15,200.39,197.76,199.92,5.979266512662363,14523800,0.0000,1.0
2009-11-23,203.0,206.0,202.95,205.88,6.157519956117084,16960600,0.0000,1.0
2009-11-24,205.33,205.88,202.9,204.44,6.114452010047487,11372800,0.0000,1.0
2009-11-25,205.4,205.65,203.76,204.19,6.106974936077071,10230500,0.0000,1.0
2009-11-27,199.22,202.96,198.37,200.59,5.999305070903079,10544900,0.0000,1.0
2009-11-30,201.11,201.68,198.77,199.91,5.978967429703547,15173500,0.0000,1.0
2009-12-01,202.24,202.77,196.83,196.97,5.8910370398114535,16634400,0.0000,1.0
2009-12-02,198.96,201.42,195.75,196.23,5.868904900859022,25545000,0.0000,1.0
2009-12-03,197.42,198.98,196.27,196.48,5.876381974829438,16025700,0.0000,1.0
2009-12-04,199.6995,199.88,190.28,193.32,5.781871759843378,29531600,0.0000,1.0
2009-12-07,193.32,193.77,188.68,188.95,5.651172506840504,25527100,0.0000,1.0
2009-12-08,189.36,192.35,188.7,189.87,5.678688139051636,24657100,0.0000,1.0
2009-12-09,191.28,198.16,190.31,197.8,5.915860925393235,24456500,0.0000,1.0
2009-12-10,199.5,199.7,196.12,196.43,5.874886560035355,17488200,0.0000,1.0
2009-12-11,197.78,198.0,193.43,194.67,5.822247959283625,15349100,0.0000,1.0
2009-12-14,195.37,197.43,192.56,196.98,5.891336122770269,17706800,0.0000,1.0
2009-12-15,195.83,197.51,193.27,194.17,5.8072938113427925,14980700,0.0000,1.0
2009-12-16,195.1,196.5,194.55,195.03,5.8330149458010245,12606600,0.0000,1.0
2009-12-17,194.26,195.0,191.0,191.86,5.738205647856148,13887100,0.0000,1.0
2009-12-18,193.17,195.503,192.6,195.43,5.84497826415369,21741800,0.0000,1.0
2009-12-21,196.05,199.75,195.67,198.23,5.92872149262235,21853800,0.0000,1.0
2009-12-22,199.44,200.85,198.66,200.36,5.992426162850297,12482700,0.0000,1.0
2009-12-23,201.25,202.38,200.81,202.1,6.0444665976843925,12340200,0.0000,1.0
2009-12-24,203.55,209.35,203.35,209.04,6.252030171103144,17888900,0.0000,1.0
2009-12-28,211.72,213.95,209.611,211.61,6.328894491519022,23020200,0.0000,1.0
2009-12-29,212.63,212.72,208.73,209.1,6.253824668856043,15900200,0.0000,1.0
2009-12-30,208.83,212.0,208.31,211.64,6.329791740395471,14717300,0.0000,1.0
2009-12-31,213.13,213.35,210.56,210.732,6.30263500773492,12586100,0.0000,1.0
2010-01-04,213.43,214.5,212.38,214.01,6.400674401635016,17633200,0.0000,1.0
2010-01-05,214.6,215.59,213.25,214.38,6.411740471111232,21496600,0.0000,1.0
2010-01-06,214.38,215.23,210.75,210.97,6.309753182154756,19720000,0.0000,1.0
2010-01-07,211.75,212.0,209.05,210.58,6.298088946760908,17040400,0.0000,1.0
2010-01-08,210.3,212.0,209.06,211.98,6.339960560995237,15986100,0.0000,1.0
2010-01-11,212.8,213.0,208.45,210.11,6.284032047696525,16508200,0.0000,1.0
2010-01-12,209.19,209.77,206.42,207.72,6.212551220539346,21230700,0.0000,1.0
2010-01-13,207.87,210.93,204.1,210.65,6.300182527472624,21639000,0.0000,1.0
2010-01-14,210.11,210.46,209.02,209.43,6.2636944064969935,15460500,0.0000,1.0
2010-01-15,210.93,211.6,205.87,205.93,6.159015370911168,21216700,0.0000,1.0
2010-01-19,208.33,215.19,207.24,215.04,6.4314799463931305,26071700,0.0000,1.0
2010-01-20,214.91,215.55,209.5,211.725,6.332333945545413,21862600,0.0000,1.0
2010-01-21,212.08,213.3138,207.21,208.072,6.2230789406896925,21719800,0.0000,1.0
2010-01-22,206.78,207.5,197.16,197.75,5.9143655105991515,31491700,0.0000,1.0
2010-01-25,202.51,204.7,200.19,203.075,6.0736271861690145,38060700,0.0000,1.0
2010-01-26,205.95,213.71,202.58,205.94,6.1593144538699836,66682500,0.0000,1.0
2010-01-27,206.85,210.58,199.531,207.884,6.217456181063939,61520300,0.0000,1.0
2010-01-28,204.93,205.5,198.7,199.29,5.960424286256915,41910800,0.0000,1.0
2010-01-29,201.08,202.2,190.25,192.063,5.7442770319201255,44498300,0.0000,1.0
2010-02-01,192.37,196.0,191.3,194.73,5.824042457036525,26781300,0.0000,1.0
2010-02-02,195.91,196.32,193.38,195.86,5.857838831382806,24940800,0.0000,1.0
2010-02-03,195.17,200.2,194.42,199.23,5.958629788504015,21976000,0.0000,1.0
2010-02-04,196.73,198.37,191.57,192.05,5.743888224073665,27059000,0.0000,1.0
2010-02-05,192.625,196.0,190.85,195.46,5.8458755130301405,30368100,0.0000,1.0
2010-02-08,195.69,197.88,194.0,194.12,5.80579839654871,17081100,0.0000,1.0
2010-02-09,196.42,197.5,194.75,196.19,5.867708569023755,22603100,0.0000,1.0
2010-02-10,195.89,196.6,194.26,195.116,5.835587059246848,13227200,0.0000,1.0
2010-02-11,194.88,199.75,194.06,198.67,5.941881142810283,19655200,0.0000,1.0
2010-02-12,198.11,201.64,195.5,200.38,5.9930243287679295,23409600,0.0000,1.0
2010-02-16,201.94,203.69,201.52,203.4,6.083347382330556,19419200,0.0000,1.0
2010-02-17,204.19,204.31,200.86,202.55,6.057925330831142,15585600,0.0000,1.0
2010-02-18,201.63,203.89,200.92,202.928,6.06923066667441,15100900,0.0000,1.0
2010-02-19,201.86,203.2,201.11,201.67,6.0316060304552765,14838200,0.0000,1.0
2010-02-22,202.34,202.5,199.19,200.416,5.994101027419669,13948700,0.0000,1.0
2010-02-23,200.0,201.33,195.71,197.059,5.893698878144922,20539100,0.0000,1.0
2010-02-24,198.23,201.44,197.84,200.656,6.001279018431269,16448800,0.0000,1.0
2010-02-25,197.38,202.86,196.89,202.0,6.041475768096226,23754500,0.0000,1.0
2010-02-26,202.38,205.17,202.0,204.62,6.119835503306187,18123600,0.0000,1.0
2010-03-01,205.75,209.5,205.45,208.99,6.250534756309061,19646200,0.0000,1.0
2010-03-02,209.93,210.83,207.74,208.85,6.246347594885627,20233800,0.0000,1.0
2010-03-03,208.94,209.87,207.94,209.33,6.260703576908827,13287600,0.0000,1.0
2010-03-04,209.28,210.92,208.63,210.71,6.301977025225524,13072900,0.0000,1.0
2010-03-05,214.94,219.7,214.63,218.95,6.548421383290439,32129300,0.0000,1.0
2010-03-08,220.01,220.09,218.25,219.08,6.552309461755056,15353200,0.0000,1.0
2010-03-09,218.31,225.0,217.89,223.02,6.670148147528813,32866400,0.0000,1.0
2010-03-10,223.8295,225.48,223.2,224.84,6.724581246033443,21293500,0.0000,1.0
2010-03-11,223.91,225.5,223.32,225.5,6.744320721315341,14489300,0.0000,1.0
2010-03-12,227.37,227.73,225.75,226.6,6.777219846785172,14868700,0.0000,1.0
2010-03-15,225.38,225.5,220.25,223.84,6.694672950151778,17625100,0.0000,1.0
2010-03-16,224.18,224.98,222.51,224.45,6.712917010639593,15961000,0.0000,1.0
2010-03-17,224.9,226.45,223.27,224.12,6.703047272998645,16105600,0.0000,1.0
2010-03-18,224.1,225.0,222.61,224.65,6.7188986698159265,12218200,0.0000,1.0
2010-03-19,224.79,225.24,221.23,222.2499,6.647115768870344,19980200,0.0000,1.0
2010-03-22,220.47,226.0,220.15,224.75,6.721889499404093,16300700,0.0000,1.0
2010-03-23,225.64,228.78,224.1,228.36,6.829858447536902,21515400,0.0000,1.0
2010-03-24,227.64,230.2,227.51,229.37,6.860065826377383,21349300,0.0000,1.0
2010-03-25,230.458,230.97,226.25,226.65,6.778715261579255,19367300,0.0000,1.0
2010-03-26,228.95,231.95,228.55,230.9,6.90582551907633,22888400,0.0000,1.0
2010-03-29,233.0,233.8699,231.62,232.39,6.950388879940009,19312300,0.0000,1.0
2010-03-30,236.6027,237.48,234.25,235.845,7.05372204221116,18832500,0.0000,1.0
2010-03-31,235.49,236.61,234.46,235.0,7.0284495321911535,15380700,0.0000,1.0
2010-04-01,237.49,238.73,232.75,235.97,7.057460579196368,21540900,0.0000,1.0
2010-04-05,234.975,238.51,234.77,238.49,7.1328294848181635,24446700,0.0000,1.0
2010-04-06,238.2,240.24,237.0,239.54,7.16423319549391,15964900,0.0000,1.0
2010-04-07,239.72,241.92,238.6601,240.6,7.195935989128475,22446500,0.0000,1.0
2010-04-08,240.44,241.54,238.04,239.95,7.176495596805393,20463900,0.0000,1.0
2010-04-09,241.43,241.89,240.46,241.79,7.231526861227655,11935100,0.0000,1.0
2010-04-12,242.2,243.07,241.81,242.29,7.2464810091684875,11893800,0.0000,1.0
2010-04-13,241.86,242.8,241.11,242.43,7.250668170591921,10936100,0.0000,1.0
2010-04-14,245.28,245.81,244.07,245.69,7.3481692151661475,14431300,0.0000,1.0
2010-04-15,245.78,249.03,245.51,248.92,7.444773010863923,13456600,0.0000,1.0
2010-04-16,248.57,251.14,244.55,247.4,7.399312401123794,26805200,0.0000,1.0
2010-04-19,247.03,247.89,241.77,247.07,7.389442663482844,20247300,0.0000,1.0
2010-04-20,248.54,249.25,242.955,244.59,7.315270089696316,26368800,0.0000,1.0
2010-04-21,258.805,260.25,255.73,259.22,7.752828458445069,35085400,0.0000,1.0
2010-04-22,258.24,266.75,256.2,266.4695,7.969648649439193,28336600,0.0000,1.0
2010-04-23,267.99,272.18,267.0,270.83,8.100063773631192,28462700,0.0000,1.0
2010-04-26,271.88,272.46,268.19,269.5,8.06028574010858,17109600,0.0000,1.0
2010-04-27,267.27,267.84,260.52,262.04,7.837169852831362,25333700,0.0000,1.0
2010-04-28,263.25,264.0,256.41,261.6,7.8240102026434295,27085800,0.0000,1.0
2010-04-29,263.02,270.0,262.01,268.64,8.034564605650347,19958600,0.0000,1.0
2010-04-30,269.31,270.57,261.0,261.09,7.8087569717437795,19373700,0.0000,1.0
2010-05-03,263.84,267.88,262.88,266.35,7.966074608081336,16226500,0.0000,1.0
2010-05-04,262.89,263.29,256.75,258.68,7.736677978668969,25850700,0.0000,1.0
2010-05-05,253.03,258.14,248.73,255.985,7.656075121267883,31539400,0.0000,1.0
2010-05-06,253.83,258.25,199.25,246.25,7.3649178608598795,45923600,0.0000,1.0
2010-05-07,243.71,246.57,225.21,235.86,7.0541706666493855,59857800,0.0000,1.0
2010-05-10,250.25,254.65,248.53,253.99,7.596408070983963,35153800,0.0000,1.0
2010-05-11,251.84,259.89,250.5,256.52,7.672076059564573,30318100,0.0000,1.0
2010-05-12,259.245,263.13,258.7,262.09,7.838665267625444,23370700,0.0000,1.0
2010-05-13,263.22,265.0,256.4,258.36,7.727107323986837,21418300,0.0000,1.0
2010-05-14,255.165,256.48,249.5,253.82,7.591323660684079,27120100,0.0000,1.0
2010-05-17,254.7,256.18,247.71,254.22,7.603286979036745,27244100,0.0000,1.0
2010-05-18,256.98,258.55,250.26,252.36,7.54765754869685,27952800,0.0000,1.0
2010-05-19,249.5,252.92,244.85,248.34,7.427426199252558,36633100,0.0000,1.0
2010-05-20,241.88,243.85,236.21,237.76,7.1109964288245475,45818400,0.0000,1.0
2010-05-21,232.82,244.5,231.35,242.32,7.247378258044938,43710400,0.0000,1.0
2010-05-24,247.28,250.9,246.26,246.76,7.380171091759528,26937100,0.0000,1.0
2010-05-25,239.35,246.76,237.16,245.22,7.3341123161017645,37428800,0.0000,1.0
2010-05-26,250.08,252.13,243.75,244.109,7.3008841993772355,30380500,0.0000,1.0
2010-05-27,250.6,253.89,249.11,253.35,7.577266761619697,23795800,0.0000,1.0
2010-05-28,259.3881,259.4,253.35,256.88,7.682843046081973,29129100,0.0000,1.0
2010-06-01,259.69,265.94,258.96,260.83,7.800980814814547,31302600,0.0000,1.0
2010-06-02,264.54,264.8,260.335,263.95,7.89429469796534,24591000,0.0000,1.0
2010-06-03,265.18,265.55,260.41,263.12,7.869470812383559,23218100,0.0000,1.0
2010-06-04,258.21,261.9,254.63,255.965,7.65547695535025,27082300,0.0000,1.0
2010-06-07,258.29,259.15,250.55,250.94,7.505187768544886,31676500,0.0000,1.0
2010-06-08,253.24,253.8,245.65,249.33,7.457035412175406,35741800,0.0000,1.0
2010-06-09,251.47,251.9,242.49,243.2,7.273697558420802,30522500,0.0000,1.0
2010-06-10,244.84,250.98,242.2,250.51,7.49232720131577,27727000,0.0000,1.0
2010-06-11,248.225,253.86,247.37,253.51,7.582052088960763,19491400,0.0000,1.0
2010-06-14,255.96,259.15,254.01,254.28,7.605081476789645,21534300,0.0000,1.0
2010-06-15,255.64,259.85,255.5,259.69,7.76688535750945,20895500,0.0000,1.0
2010-06-16,261.1,267.75,260.6302,267.25,7.9929920743748335,27988500,0.0000,1.0
2010-06-17,270.6,272.9,269.5,271.87,8.131168401348123,31173400,0.0000,1.0
2010-06-18,272.25,275.0,271.42,274.074,8.197086285471313,28022200,0.0000,1.0
2010-06-21,277.69,279.01,268.73,270.17,8.080324298349295,27731800,0.0000,1.0
2010-06-22,272.16,275.97,271.5,273.85,8.19038682719382,25616500,0.0000,1.0
2010-06-23,274.58,274.66,267.9,270.97,8.104250935054626,27444900,0.0000,1.0
2010-06-24,271.0,273.195,268.1,269.0,8.045331592167747,25509900,0.0000,1.0
2010-06-25,270.06,270.27,265.81,266.7,7.976542511639917,19640800,0.0000,1.0
2010-06-28,266.93,269.75,264.52,268.3,8.024395785050581,20891000,0.0000,1.0
2010-06-29,264.1205,264.39,254.3,256.17,7.661608156005991,40476600,0.0000,1.0
2010-06-30,256.71,257.97,250.01,251.53,7.522833663115068,26409000,0.0000,1.0
2010-07-01,254.3,254.8,243.22,248.48,7.431613360675991,36532000,0.0000,1.0
2010-07-02,250.49,250.93,243.2,246.94,7.385554585018228,24780100,0.0000,1.0
2010-07-06,251.0,252.8,246.16,248.63,7.43609960505824,21972700,0.0000,1.0
2010-07-07,250.49,258.77,249.75,258.665,7.736229354230744,23377000,0.0000,1.0
2010-07-08,262.48,262.9,254.89,258.09,7.719032084098786,26362300,0.0000,1.0
2010-07-09,256.89,259.9,255.16,259.62,7.7647917767977335,15475800,0.0000,1.0
2010-07-12,258.53,261.85,254.86,257.285,7.694955905914048,20102800,0.0000,1.0
2010-07-13,256.32,256.4,246.43,251.798,7.5308490864113535,42533000,0.0000,1.0
2010-07-14,249.38,255.8,249.0,252.727,7.55863389328542,29001700,0.0000,1.0
2010-07-15,248.23,256.97,247.3,251.45,7.520440999444534,29459500,0.0000,1.0
2010-07-16,253.18,254.97,248.41,249.9,7.474083140827955,37137800,0.0000,1.0
2010-07-19,249.88,249.88,239.6,245.58,7.344879302619164,36588500,0.0000,1.0
2010-07-20,242.9,252.9,240.01,251.89,7.533600649632467,38391100,0.0000,1.0
2010-07-21,265.09,265.15,254.0,254.24,7.603885144954379,42345400,0.0000,1.0
2010-07-22,257.68,260.0,255.31,259.024,7.746966432452261,23047100,0.0000,1.0
2010-07-23,257.09,260.38,256.28,259.94,7.774362431479866,19049600,0.0000,1.0
2010-07-26,260.0,260.0998,257.71,259.28,7.7546229561979665,15019700,0.0000,1.0
2010-07-27,260.87,264.8,260.3,264.08,7.898182776429956,20884700,0.0000,1.0
2010-07-28,263.67,265.99,260.25,260.96,7.8048688932791634,18570900,0.0000,1.0
2010-07-29,260.71,262.65,256.1,258.11,7.7196302500164204,22993100,0.0000,1.0
2010-07-30,255.8925,259.7,254.9,257.25,7.6939091155581885,16007500,0.0000,1.0
2010-08-02,260.44,262.59,259.62,261.85,7.831487276613846,15287700,0.0000,1.0
2010-08-03,261.01,263.26,259.42,261.93,7.833879940284379,14916200,0.0000,1.0
2010-08-04,262.84,264.28,260.311,262.98,7.8652836509601265,15013400,0.0000,1.0
2010-08-05,261.73,263.18,260.55,261.7,7.827001032231595,10324900,0.0000,1.0
2010-08-06,259.78,261.49,257.63,260.091,7.778878584157997,15889200,0.0000,1.0
2010-08-09,261.48,262.15,259.57,261.75,7.828496447025679,10826000,0.0000,1.0
2010-08-10,259.85,260.45,257.55,259.41,7.758511034662584,16140000,0.0000,1.0
2010-08-11,255.4,255.69,249.81,250.19,7.482756546633637,22144800,0.0000,1.0
2010-08-12,246.69,253.1,246.12,251.79,7.5306098200443,19104300,0.0000,1.0
2010-08-13,251.65,251.88,249.09,249.1,7.4501565041226225,12673900,0.0000,1.0
2010-08-16,247.58,250.01,246.62,247.64,7.406490392135392,11372500,0.0000,1.0
2010-08-17,250.08,254.63,249.2,251.97,7.535993313303,15094300,0.0000,1.0
2010-08-18,252.36,254.67,251.58,253.07,7.5688924387728305,12132000,0.0000,1.0
2010-08-19,252.84,253.48,248.68,249.88,7.473484974910321,15239500,0.0000,1.0
2010-08-20,249.39,253.92,249.0,249.64,7.466306983898721,13722500,0.0000,1.0
2010-08-23,251.79,252.0,245.25,245.8,7.351459127713131,14787200,0.0000,1.0
2010-08-24,242.67,243.0,238.65,239.93,7.17589743088776,21520200,0.0000,1.0
2010-08-25,238.04,243.99,237.2,242.89,7.2644259866974865,21316700,0.0000,1.0
2010-08-26,245.45,245.75,240.2778,240.28,7.186365334446342,16660900,0.0000,1.0
2010-08-27,241.75,242.61,235.56,241.62,7.226442450927773,19585400,0.0000,1.0
2010-08-30,240.76,245.75,240.6801,242.5,7.2527617513036375,13688900,0.0000,1.0
2010-08-31,241.85,244.56,240.35,243.1,7.270706728832636,15028100,0.0000,1.0
2010-09-01,247.47,251.46,246.28,250.33,7.486943708057071,24894200,0.0000,1.0
2010-09-02,251.2623,252.17,248.57,252.17,7.541974972479332,14836700,0.0000,1.0
2010-09-03,255.09,258.78,254.5,258.77,7.739369725298318,18599600,0.0000,1.0
2010-09-07,256.64,259.53,256.25,257.81,7.7106577612519205,12234200,0.0000,1.0
2010-09-08,259.78,264.3899,259.1,262.92,7.863489153207227,18805400,0.0000,1.0
2010-09-09,265.04,266.52,262.92,263.07,7.8679753975894755,15663400,0.0000,1.0
2010-09-10,263.19,264.5,261.4,263.41,7.8781442181892425,13840800,0.0000,1.0
2010-09-13,265.82,268.28,265.76,267.04,7.986711332239684,13885000,0.0000,1.0
2010-09-14,266.21,269.17,265.52,268.06,8.017217794038983,14576800,0.0000,1.0
2010-09-15,268.17,270.38,267.84,270.22,8.081819713143378,15334600,0.0000,1.0
2010-09-16,270.24,276.67,269.5,276.57,8.271737391991946,23289400,0.0000,1.0
2010-09-17,277.69,277.96,273.68,275.37,8.23584743693395,22659900,0.0000,1.0
2010-09-20,276.08,283.78,275.85,283.23,8.470926642563832,23524200,0.0000,1.0
2010-09-21,283.86,287.35,282.79,283.77,8.48707712233993,23859800,0.0000,1.0
2010-09-22,282.71,287.98,282.41,287.75,8.606112139948955,20903200,0.0000,1.0
2010-09-23,286.33,292.76,286.0,288.92,8.641104846130503,28075600,0.0000,1.0
2010-09-24,292.1,293.53,290.55,292.32,8.742793052128162,23196000,0.0000,1.0
2010-09-27,293.975,294.73,291.01,291.164,8.708219062088958,17244100,0.0000,1.0
2010-09-28,291.77,291.77,275.0,286.86,8.579493756614275,36965800,0.0000,1.0
2010-09-29,287.23,289.81,286.0,287.37,8.594746987513924,16773000,0.0000,1.0
2010-09-30,289.0,290.0,281.25,283.75,8.486478956422298,24049700,0.0000,1.0
2010-10-01,283.75,286.58,281.35,282.52,8.44969175248785,16005100,0.0000,1.0
2010-10-04,281.6,282.9,277.77,278.64,8.333647564466991,15546500,0.0000,1.0
2010-10-05,282.0,289.45,281.82,288.94,8.641703012048136,17927400,0.0000,1.0
2010-10-06,289.59,291.99,285.26,289.19,8.649180086018552,23959600,0.0000,1.0
2010-10-07,290.3362,290.48,286.91,289.22,8.650077334895004,14585700,0.0000,1.0
2010-10-08,291.7129,294.5,290.0,294.07,8.795132569921075,23514400,0.0000,1.0
2010-10-11,294.74,297.24,294.6,295.36,8.833714271608423,15276900,0.0000,1.0
2010-10-12,295.41,299.5,292.49,298.54,8.928822652512116,19948000,0.0000,1.0
2010-10-13,300.2,301.96,299.8,300.14,8.976675925922779,22503300,0.0000,1.0
2010-10-14,301.69,302.47,300.4,302.31,9.041576927985991,15546300,0.0000,1.0
2010-10-15,307.44,315.0,304.91,314.74,9.41333704579508,32935500,0.0000,1.0
2010-10-18,318.47,319.0,314.29,318.0,9.510838090369306,39036100,0.0000,1.0
2010-10-19,303.4,313.77,300.02,309.49,9.25631849241634,44028000,0.0000,1.0
2010-10-20,309.0,314.25,306.87,310.53,9.28742312013327,25772300,0.0000,1.0
2010-10-21,312.36,314.74,306.8,309.52,9.257215741292791,19695000,0.0000,1.0
2010-10-22,309.07,310.04,306.3,307.47,9.19590373473538,13313500,0.0000,1.0
2010-10-25,309.09,311.6,308.44,308.84,9.236878100093259,14016500,0.0000,1.0
2010-10-26,306.87,309.74,305.65,308.05,9.213250546346744,14033200,0.0000,1.0
2010-10-27,307.65,309.9,305.6,307.83,9.206670721252777,14250100,0.0000,1.0
2010-10-28,307.95,308.0,300.9,305.24,9.129208234919268,19680400,0.0000,1.0
2010-10-29,304.23,305.88,300.87,300.98,9.001798894463377,15375400,0.0000,1.0
2010-11-01,302.22,305.6,302.2,304.18,9.097505441284703,15138900,0.0000,1.0
2010-11-02,307.0,310.19,307.0,309.36,9.252430413951725,15497500,0.0000,1.0
2010-11-03,311.37,312.88,308.53,312.8,9.355314951784651,18155300,0.0000,1.0
2010-11-04,315.45,320.18,315.03,318.27,9.518913330257355,22946000,0.0000,1.0
2010-11-05,317.99,319.57,316.75,317.13,9.484817872952258,12901900,0.0000,1.0
2010-11-08,317.2,319.7702,316.76,318.62,9.529381233815938,10062800,0.0000,1.0
2010-11-09,321.05,321.3,314.5,316.08,9.453414162276509,13698000,0.0000,1.0
2010-11-10,316.64,318.77,313.55,318.03,9.511735339245755,13722400,0.0000,1.0
2010-11-11,315.0,318.4,314.25,316.655,9.470611432408466,12903000,0.0000,1.0
2010-11-12,316.0,316.5,303.63,308.03,9.21265238042911,28423100,0.0000,1.0
2010-11-15,308.46,310.54,306.27,307.035,9.182893626026855,14414500,0.0000,1.0
2010-11-16,305.72,307.6,299.32,301.59,9.02004295495119,23487500,0.0000,1.0
2010-11-17,301.2,303.99,297.76,300.5,8.987442912440178,17123200,0.0000,1.0
2010-11-18,305.2,309.67,304.69,308.43,9.224615698781777,17660400,0.0000,1.0
2010-11-19,307.97,308.4,305.24,306.73,9.173771595782949,13744400,0.0000,1.0
2010-11-22,306.68,313.36,305.87,313.36,9.372063597478384,14038400,0.0000,1.0
2010-11-23,310.45,311.75,306.56,308.73,9.233588187546276,18551700,0.0000,1.0
2010-11-24,312.0,315.4,311.75,314.795,9.414982002068571,14775900,0.0000,1.0
2010-11-26,313.74,317.6999,312.94,315.0,9.421113202724312,8485200,0.0000,1.0
2010-11-29,315.5,317.48,311.38,316.87,9.477041716023026,15920900,0.0000,1.0
2010-11-30,313.54,314.36,310.87,311.15,9.305966263579904,17923500,0.0000,1.0
2010-12-01,315.27,317.75,315.0,316.4,9.462984816958642,16491100,0.0000,1.0
2010-12-02,317.53,319.0,314.89,318.15,9.515324334751554,16529900,0.0000,1.0
2010-12-03,317.01,318.65,316.34,317.44,9.494089444675573,12217600,0.0000,1.0
2010-12-06,318.64,322.33,318.42,320.15,9.575140926514884,16017200,0.0000,1.0
2010-12-07,323.8,323.99,318.12,318.21,9.517118832504455,13980500,0.0000,1.0
2010-12-08,319.63,321.02,317.11,321.01,9.600862060973116,11497700,0.0000,1.0
2010-12-09,322.1317,322.5,319.02,319.7575,9.563401920381331,10505400,0.0000,1.0
2010-12-10,319.65,321.05,318.6,320.56,9.587403327826367,9375400,0.0000,1.0
2010-12-13,324.37,325.06,321.0,321.67,9.620601536255014,15707700,0.0000,1.0
2010-12-14,321.73,322.54,319.0,320.29,9.579328087938318,12536000,0.0000,1.0
2010-12-15,320.0,323.0,319.19,320.36,9.581421668650034,14904000,0.0000,1.0
2010-12-16,321.09,322.61,320.1,321.25,9.608040051984716,11501100,0.0000,1.0
2010-12-17,321.63,321.79,320.23,320.61,9.58889874262045,13818900,0.0000,1.0
2010-12-20,321.6,323.25,318.23,322.21,9.636752016031114,13771800,0.0000,1.0
2010-12-21,323.0,324.39,322.05,324.205,9.696419066315034,9155500,0.0000,1.0
2010-12-22,324.36,325.72,323.55,325.16,9.724981488882024,9497200,0.0000,1.0
2010-12-23,325.0,325.15,323.17,323.6,9.678324547306628,7969900,0.0000,1.0
2010-12-27,322.8519,325.44,321.52,324.68,9.710625506858825,8922000,0.0000,1.0
2010-12-28,325.9102,326.66,325.06,325.47,9.73425306060534,6283000,0.0000,1.0
2010-12-29,326.22,326.45,325.1,325.29,9.72886956734664,5826400,0.0000,1.0
2010-12-30,325.48,325.51,323.05,323.66,9.680119045059527,5624800,0.0000,1.0
2010-12-31,322.95,323.48,321.31,322.56,9.647219919589697,6911000,0.0000,1.0
2011-01-03,325.64,330.26,324.8365,329.57,9.856877073720163,15897800,0.0000,1.0
2011-01-04,332.44,332.5,328.15,331.29,9.908319342636627,11038600,0.0000,1.0
2011-01-05,329.55,334.34,329.5,334.0,9.989370824475937,9125700,0.0000,1.0
2011-01-06,334.7194,335.25,332.9,333.73,9.981295584587889,10729600,0.0000,1.0
2011-01-07,333.99,336.35,331.9,336.12,10.052776411745066,11140400,0.0000,1.0
2011-01-10,338.83,343.23,337.17,342.455,10.24224546615541,16020000,0.0000,1.0
2011-01-11,344.88,344.96,339.47,341.64,10.217870205011854,15861000,0.0000,1.0
2011-01-12,343.25,344.43,342.0,344.42,10.301015267562882,10806800,0.0000,1.0
2011-01-13,345.16,346.64,343.85,345.68,10.338699720373778,10599300,0.0000,1.0
2011-01-14,345.89,348.48,344.44,348.48,10.42244294884244,11030000,0.0000,1.0
2011-01-18,329.52,344.7625,326.0,340.65,10.188260992089006,67178500,0.0000,1.0
2011-01-19,348.35,348.6,336.88,338.84,10.134126976543193,40557600,0.0000,1.0
2011-01-20,336.43,338.3,330.12,332.68,9.94989187391214,27313900,0.0000,1.0
2011-01-21,333.77,334.88,326.63,326.72,9.771638430457422,26942900,0.0000,1.0
2011-01-24,326.87,337.45,326.72,337.45,10.09255444526768,20524400,0.0000,1.0
2011-01-25,336.33,341.44,334.57,341.4,10.210692214000254,19531000,0.0000,1.0
2011-01-26,342.96,345.6,341.5,343.85,10.283967538910334,18102700,0.0000,1.0
2011-01-27,343.78,344.6928,342.831,343.21,10.264826229546067,10179500,0.0000,1.0
2011-01-28,344.17,344.4,333.528,336.1,10.052178245827434,21144900,0.0000,1.0
2011-01-31,335.8,340.04,334.3,339.32,10.148482958566392,13473100,0.0000,1.0
2011-02-01,341.3,345.65,340.98,345.03,10.319259328050697,15236900,0.0000,1.0
2011-02-02,344.45,345.25,343.55,344.32,10.298024437974716,9248400,0.0000,1.0
2011-02-03,343.8,344.24,338.55,343.44,10.27170513759885,14064200,0.0000,1.0
2011-02-04,343.64,346.7,343.51,346.5,10.363224522996743,11494300,0.0000,1.0
2011-02-07,347.89,353.25,347.64,351.88,10.524131154840099,17322200,0.0000,1.0
2011-02-08,353.68,355.52,352.15,355.2,10.623426697167224,13608600,0.0000,1.0
2011-02-09,355.19,359.0,354.87,358.16,10.711955252976953,17240900,0.0000,1.0
2011-02-10,357.39,360.0,348.0,354.54,10.603687221885327,33162500,0.0000,1.0
2011-02-11,354.7526,357.8,353.5401,356.85,10.672775385371972,13127600,0.0000,1.0
2011-02-14,356.79,359.48,356.71,359.18,10.74246171477625,11086300,0.0000,1.0
2011-02-15,359.19,359.97,357.55,359.9,10.763995687811047,10149100,0.0000,1.0
2011-02-16,360.8,364.9,360.5,363.13,10.860599483508825,17184200,0.0000,1.0
2011-02-17,357.25,360.27,356.52,358.3,10.716142414400386,18949400,0.0000,1.0
2011-02-18,358.71,359.5,349.52,350.56,10.484652204276301,29144900,0.0000,1.0
2011-02-22,342.15,345.4,337.72,338.61,10.127248068490411,31162700,0.0000,1.0
2011-02-23,338.77,344.64,338.61,342.62,10.247180334975885,23994800,0.0000,1.0
2011-02-24,344.02,345.15,338.37,342.88,10.254956491905117,17853600,0.0000,1.0
2011-02-25,345.26,348.43,344.8,348.16,10.412872294160307,13572100,0.0000,1.0
2011-02-28,351.24,355.05,351.12,353.21,10.563909188362713,14395500,0.0000,1.0
2011-03-01,355.47,355.72,347.681,349.31,10.447266834424221,16290600,0.0000,1.0
2011-03-02,349.96,354.35,348.4,352.12,10.531309145851699,21521100,0.0000,1.0
2011-03-03,357.19,359.79,355.92,359.56,10.753826867211282,17885300,0.0000,1.0
2011-03-04,360.07,360.29,357.75,360.0,10.766986517399214,16188100,0.0000,1.0
2011-03-07,361.4,361.67,351.31,355.36,10.628212024508292,19504400,0.0000,1.0
2011-03-08,354.91,357.4,352.25,355.76,10.640175342860957,12725600,0.0000,1.0
2011-03-09,354.69,354.76,350.6,352.47,10.541777049410282,16189500,0.0000,1.0
2011-03-10,349.12,349.77,344.9,346.67,10.368308933296627,18126400,0.0000,1.0
2011-03-11,345.33,352.32,345.0,351.99,10.527421067387083,16824300,0.0000,1.0
2011-03-14,353.18,356.4844,351.31,353.56,10.574377091921296,15569900,0.0000,1.0
2011-03-15,342.1,347.84,340.1,345.43,10.331222646403363,25752900,0.0000,1.0
2011-03-16,342.0,343.0,326.26,330.01,9.870036723908097,41500400,0.0000,1.0
2011-03-17,336.83,339.61,330.6596,334.64,10.008512133840203,23550800,0.0000,1.0
2011-03-18,337.13,338.2,330.0,330.67,9.889776199189996,26900500,0.0000,1.0
2011-03-21,335.99,339.74,335.26,339.3,10.14788479264876,14621500,0.0000,1.0
2011-03-22,342.56,342.62,339.14,341.2,10.204710554823922,11640100,0.0000,1.0
2011-03-23,339.28,340.22,335.95,339.19,10.144594880101776,13321300,0.0000,1.0
2011-03-24,341.85,346.0,338.86,344.97,10.317464830297798,14454000,0.0000,1.0
2011-03-25,348.07,352.06,347.02,351.54,10.513962334240334,16032500,0.0000,1.0
2011-03-28,353.15,354.32,350.44,350.44,10.481063208770502,11048400,0.0000,1.0
2011-03-29,347.66,350.96,346.06,350.96,10.496615522628966,12603600,0.0000,1.0
2011-03-30,350.64,350.88,347.44,348.63,10.426929193224689,11764500,0.0000,1.0
2011-03-31,346.36,349.8,346.06,348.5075,10.423265426979185,9786400,0.0000,1.0
2011-04-01,351.11,351.5872,343.3,344.56,10.305202428986314,14952200,0.0000,1.0
2011-04-04,344.31,344.6,338.4,341.19,10.204411471865106,16431600,0.0000,1.0
2011-04-05,336.99,342.25,336.0,338.89,10.135622391337277,17240400,0.0000,1.0
2011-04-06,341.22,343.9,337.14,338.04,10.110200339837863,14376400,0.0000,1.0
2011-04-07,338.1,340.43,336.03,338.08,10.111396671673129,13337400,0.0000,1.0
2011-04-08,339.92,340.15,333.95,335.06,10.021073618110503,13483400,0.0000,1.0
2011-04-11,334.06,335.67,330.02,330.8,9.893664277654612,14248100,0.0000,1.0
2011-04-12,330.49,333.73,330.2,332.4,9.941517551065274,15201400,0.0000,1.0
2011-04-13,335.02,336.14,332.52,336.13,10.053075494703883,12365000,0.0000,1.0
2011-04-14,334.8,336.0,332.06,332.42,9.942115716982908,10778600,0.0000,1.0
2011-04-15,333.3,333.64,326.8,327.46,9.793770569409851,16200200,0.0000,1.0
2011-04-18,326.1,332.23,320.16,331.85,9.92506798833036,21782100,0.0000,1.0
2011-04-19,333.1,337.98,331.71,337.86,10.104816846579164,14977800,0.0000,1.0
2011-04-20,343.51,345.75,341.5,342.41,10.240899592840737,25023800,0.0000,1.0
2011-04-21,355.0,355.13,348.52,350.696,10.48871973251621,26921800,0.0000,1.0
2011-04-25,350.34,353.75,350.3,353.009,10.557897620890499,9519500,0.0000,1.0
2011-04-26,353.62,354.99,349.35,350.42,10.480465042852869,12100000,0.0000,1.0
2011-04-27,352.24,352.35,347.1,350.15,10.472389802964818,12721900,0.0000,1.0
2011-04-28,346.19,349.75,345.52,346.75,10.37070159696716,12891400,0.0000,1.0
2011-04-29,346.78,353.95,346.666,350.13,10.471791637047186,35940900,0.0000,1.0
2011-05-02,349.74,350.469,345.5,346.28,10.356644697902777,15811200,0.0000,1.0
2011-05-03,347.99,349.89,345.62,348.2,10.414068625995574,11191000,0.0000,1.0
2011-05-04,348.26,351.83,346.88,349.57,10.455042991353453,13901800,0.0000,1.0
2011-05-05,348.4,350.95,346.05,346.75,10.37070159696716,11998900,0.0000,1.0
2011-05-06,349.69,350.0,346.21,346.66,10.368009850337812,10004800,0.0000,1.0
2011-05-09,347.86,349.2,346.5276,347.6,10.396123648466576,7312400,0.0000,1.0
2011-05-10,348.89,349.69,346.66,349.45,10.451453995847654,10074700,0.0000,1.0
2011-05-11,349.02,350.0,345.24,347.23,10.38505757899036,12000000,0.0000,1.0
2011-05-12,346.12,347.12,342.27,346.57,10.36531810370846,11500000,0.0000,1.0
2011-05-13,345.66,346.25,340.35,340.5,10.183774747706757,11647000,0.0000,1.0
2011-05-16,339.2,341.22,332.6,333.3,9.968435017358773,16063400,0.0000,1.0
2011-05-17,332.0,336.14,330.73,336.14,10.0533745776627,16154800,0.0000,1.0
2011-05-18,336.47,341.05,336.0,339.87,10.164932521301308,11956300,0.0000,1.0
2011-05-19,342.08,342.414,338.67,340.53,10.184671996583207,9327500,0.0000,1.0
2011-05-20,339.56,340.95,335.02,335.22,10.025858945451569,12070300,0.0000,1.0
2011-05-23,329.97,335.98,329.42,334.4,10.001334142828602,13700000,0.0000,1.0
2011-05-24,335.5,335.899,331.34,332.19,9.935236808930124,11497400,0.0000,1.0
2011-05-25,333.43,338.56,332.85,336.78,10.072515887026965,10508000,0.0000,1.0
2011-05-26,335.97,336.89,334.435,335.0,10.019279120357602,7948600,0.0000,1.0
2011-05-27,334.8,337.63,334.31,337.41,10.091358113432415,7271400,0.0000,1.0
2011-05-31,341.1,347.83,341.0,347.83,10.403002556519358,14919800,0.0000,1.0
2011-06-01,348.87,352.132,344.65,345.51,10.333615310073895,19810100,0.0000,1.0
2011-06-02,346.5,347.98,344.3,346.102,10.35132102123584,12099400,0.0000,1.0
2011-06-03,343.18,345.33,342.01,343.44,10.27170513759885,11187500,0.0000,1.0
2011-06-06,344.84,347.05,337.81,338.04,10.110200339837863,16497900,0.0000,1.0
2011-06-07,338.17,338.22,331.9,332.04,9.930750564547877,18920900,0.0000,1.0
2011-06-08,331.78,334.8,330.65,332.24,9.936732223724208,11918700,0.0000,1.0
2011-06-09,333.25,333.67,330.75,331.49,9.91430100181296,9824600,0.0000,1.0
2011-06-10,330.55,331.66,325.51,325.9,9.747113627834455,15498400,0.0000,1.0
2011-06-13,327.2,328.31,325.07,326.6,9.768049434951621,11766900,0.0000,1.0
2011-06-14,330.0,333.25,329.31,332.44,9.942713882900541,11948900,0.0000,1.0
2011-06-15,329.75,330.3,324.88,326.75,9.77253567933387,14257000,0.0000,1.0
2011-06-16,326.9,328.6811,318.33,325.16,9.724981488882024,18235400,0.0000,1.0
2011-06-17,328.99,329.25,319.36,320.26,9.578430839061868,21965000,0.0000,1.0
2011-06-20,317.355,317.7,310.5,315.32,9.430683857406445,22880200,0.0000,1.0
2011-06-21,316.68,325.8,315.2,325.3,9.729168650305457,17620800,0.0000,1.0
2011-06-22,325.16,328.9,322.38,322.61,9.64871533438378,13949400,0.0000,1.0
2011-06-23,318.94,331.69,318.12,331.23,9.906524844883728,19991400,0.0000,1.0
2011-06-24,331.37,333.15,325.09,326.35,9.760572360981206,15707400,0.0000,1.0
2011-06-27,327.59,333.9,327.25,332.04,9.930750564547877,12136200,0.0000,1.0
2011-06-28,333.65,336.7,333.44,335.26,10.027055277286834,10510700,0.0000,1.0
2011-06-29,336.04,336.37,331.88,334.04,9.990567156311204,12590900,0.0000,1.0
2011-06-30,334.7,336.13,332.84,335.67,10.039317678598318,11534100,0.0000,1.0
2011-07-01,335.95,343.5,334.2,343.26,10.26632164434015,15546900,0.0000,1.0
2011-07-05,343.0,349.83,342.5,349.43,10.45085582993002,12680500,0.0000,1.0
2011-07-06,348.95,354.1,346.71,351.76,10.5205421593343,15879500,0.0000,1.0
2011-07-07,354.67,358.0,354.0,357.2,10.683243288930553,14273700,0.0000,1.0
2011-07-08,353.34,360.0,352.2,359.71,10.75831311159353,17486900,0.0000,1.0
2011-07-11,356.34,359.77,352.82,354.0,10.587536742109227,15809800,0.0000,1.0
2011-07-12,353.53,357.68,348.62,353.75,10.580059668138812,16128900,0.0000,1.0
2011-07-13,358.33,360.0,356.38,358.02,10.707768091553518,13987100,0.0000,1.0
2011-07-14,361.01,361.61,356.34,357.77,10.700291017583101,15376200,0.0000,1.0
2011-07-15,361.17,365.0,359.17,364.92,10.914135333137004,17302400,0.0000,1.0
2011-07-18,365.43,374.65,365.28,373.8,11.179721000566184,20451900,0.0000,1.0
2011-07-19,378.0,378.65,373.32,376.85,11.270941303005262,29255200,0.0000,1.0
2011-07-20,396.12,396.27,386.0,386.9,11.571519676615988,33619300,0.0000,1.0
2011-07-21,386.95,390.06,383.9,387.29,11.583183912009838,18804800,0.0000,1.0
2011-07-22,388.32,395.05,387.75,393.3,11.762932770258642,18454600,0.0000,1.0
2011-07-25,390.35,400.0,389.62,398.5,11.918455908843297,21064500,0.0000,1.0
2011-07-26,400.0,404.5,399.68,403.41,12.06530564162227,17020800,0.0000,1.0
2011-07-27,400.59,402.64,392.15,392.59,11.74169788018266,23547300,0.0000,1.0
2011-07-28,391.62,396.99,388.13,391.82,11.718668492353778,21215500,0.0000,1.0
2011-07-29,387.64,395.15,384.0,390.48,11.67859137587235,22592300,0.0000,1.0
2011-08-01,397.78,399.5,392.37,396.75,11.866116391050385,21887000,0.0000,1.0
2011-08-02,397.65,397.9,388.35,388.91,11.631635351338135,22840700,0.0000,1.0
2011-08-03,390.98,393.55,382.24,392.57,11.741099714265026,26161000,0.0000,1.0
2011-08-04,389.41,391.32,377.35,377.37,11.286493616863726,31121700,0.0000,1.0
2011-08-05,380.44,383.5,362.57,373.62,11.174337507307484,43021100,0.0000,1.0
2011-08-08,361.69,367.77,353.02,353.21,10.563909188362713,40851200,0.0000,1.0
2011-08-09,361.3,374.61,355.0,374.01,11.186001742701334,38663700,0.0000,1.0
2011-08-10,371.15,374.65,362.5,363.69,10.877348129202556,31380600,0.0000,1.0
2011-08-11,370.52,375.45,364.72,373.7,11.176730170978017,26498900,0.0000,1.0
2011-08-12,378.07,379.64,374.23,376.99,11.275128464428695,18892000,0.0000,1.0
2011-08-15,379.63,384.97,378.09,383.41,11.46713972398898,16448000,0.0000,1.0
2011-08-16,381.52,383.37,376.06,380.48,11.379508417055703,17812500,0.0000,1.0
2011-08-17,382.31,384.52,378.0,380.44,11.378312085220436,15787900,0.0000,1.0
2011-08-18,370.84,372.65,361.37,366.05,10.947931707483285,30408400,0.0000,1.0
2011-08-19,362.17,367.0,356.0,356.03,10.648250582749005,27710300,0.0000,1.0
2011-08-22,364.51,364.88,355.09,356.44,10.660512984060489,19118400,0.0000,1.0
2011-08-23,360.3,373.64,357.0,373.6,11.173739341389853,23458400,0.0000,1.0
2011-08-24,373.47,378.96,370.6,376.18,11.250902744764545,22366700,0.0000,1.0
2011-08-25,365.08,375.45,365.0,373.72,11.177328336895652,31119500,0.0000,1.0
2011-08-26,371.17,383.8,370.8008,383.58,11.472224134288862,22909900,0.0000,1.0
2011-08-29,388.18,391.5,388.0,389.97,11.6633381449727,14473900,0.0000,1.0
2011-08-30,388.25,391.84,386.21,389.99,11.663936310890332,14925800,0.0000,1.0
2011-08-31,390.57,392.08,381.86,384.83,11.509609504140943,18663800,0.0000,1.0
2011-09-01,385.82,387.3399,380.72,381.03,11.395957979790618,12275900,0.0000,1.0
2011-09-02,374.74,378.0,371.83,374.05,11.187198074536601,15676400,0.0000,1.0
2011-09-06,367.37,380.33,366.48,379.74,11.357376278103272,18203500,0.0000,1.0
2011-09-07,385.56,385.6,382.0,383.93,11.482692037847446,12520600,0.0000,1.0
2011-09-08,382.4,388.61,382.31,384.14,11.488972779982594,14862800,0.0000,1.0
2011-09-09,383.93,386.0,375.02,377.48,11.28978352941071,20171900,0.0000,1.0
2011-09-12,375.89,380.88,371.9,379.94,11.363357937279604,16708300,0.0000,1.0
2011-09-13,382.14,386.21,380.25,384.62,11.503328762005793,15734300,0.0000,1.0
2011-09-14,387.02,392.21,385.76,389.3,11.643299586731985,19097300,0.0000,1.0
2011-09-15,391.43,393.66,389.9,392.96,11.752763949658876,14922100,0.0000,1.0
2011-09-16,395.54,400.503,395.03,400.5,11.978272500606627,24946900,0.0000,1.0
2011-09-19,397.0,413.23,395.2045,411.63,12.311151833769552,29423600,0.0000,1.0
2011-09-20,415.25,422.86,411.19,413.45,12.365584932274182,27705500,0.0000,1.0
2011-09-21,419.64,421.59,412.0,412.14,12.326405064669201,21642000,0.0000,1.0
2011-09-22,401.03,409.82,396.7,401.82,12.017751451170422,34588600,0.0000,1.0
2011-09-23,400.28,406.74,399.85,404.3,12.09192402495695,19509900,0.0000,1.0
2011-09-26,399.86,403.98,391.3,403.17,12.05812765061067,29031300,0.0000,1.0
2011-09-27,408.73,409.25,398.06,399.26,11.941186213713362,22589200,0.0000,1.0
2011-09-28,400.19,403.74,396.51,397.01,11.873892547979617,15344200,0.0000,1.0
2011-09-29,401.92,402.21,386.21,390.57,11.681283122501698,23253100,0.0000,1.0
2011-09-30,387.12,388.89,381.18,381.32,11.404631385596302,19558600,0.0000,1.0
2011-10-03,380.37,382.64,373.171,374.6,11.203647637271516,23896400,0.0000,1.0
2011-10-04,374.57,381.8,354.24,372.5,11.14084021592002,44059900,0.0000,1.0
2011-10-05,367.86,379.82,360.3,378.25,11.312812917239592,28088200,0.0000,1.0
2011-10-06,373.33,384.78,371.8045,377.37,11.286493616863726,29020800,0.0000,1.0
2011-10-07,375.78,377.74,368.489,369.8,11.060087817039527,19123500,0.0000,1.0
2011-10-10,379.09,388.81,378.21,388.81,11.628644521749969,15804100,0.0000,1.0
2011-10-11,392.57,403.18,391.5,400.29,11.971991758471477,21631700,0.0000,1.0
2011-10-12,407.34,409.25,400.14,402.19,12.028817520646639,22224500,0.0000,1.0
2011-10-13,404.98,408.43,402.85,408.43,12.215445286948226,15220900,0.0000,1.0
2011-10-14,416.83,422.0,415.27,422.0,12.621300862062412,20477400,0.0000,1.0
2011-10-17,421.74,426.7,415.94,419.99,12.561185187340268,24501600,0.0000,1.0
2011-10-18,421.76,424.8067,415.99,422.24,12.628478853074013,31485800,0.0000,1.0
2011-10-19,401.35,408.419,397.8,398.62,11.922044904349097,39430700,0.0000,1.0
2011-10-20,400.0,400.35,394.21,395.31,11.823048444980788,19616800,0.0000,1.0
2011-10-21,398.1,399.14,390.75,392.87,11.750072203029527,22187300,0.0000,1.0
2011-10-24,396.18,406.5,395.4,405.77,12.135889219902998,17933500,0.0000,1.0
2011-10-25,405.03,406.55,397.38,397.77,11.896622852849681,15372400,0.0000,1.0
2011-10-26,401.76,402.55,393.151,400.6,11.981263330194793,16296600,0.0000,1.0
2011-10-27,407.56,409.0,401.89,404.69,12.1035882603508,17666600,0.0000,1.0
2011-10-28,403.0,406.35,402.51,404.95,12.111364417280033,11530100,0.0000,1.0
2011-10-31,402.42,409.33,401.05,404.78,12.10628000698015,13767900,0.0000,1.0
2011-11-01,397.41,399.5,393.22,396.51,11.858938400038785,18992500,0.0000,1.0
2011-11-02,400.09,400.44,395.11,397.41,11.885855866332284,11691100,0.0000,1.0
2011-11-03,399.07,403.4,395.36,403.07,12.055136821022504,15763800,0.0000,1.0
2011-11-04,402.03,403.44,399.16,400.24,11.970496343677393,10793900,0.0000,1.0
2011-11-07,399.91,400.0,396.13,399.73,11.955243112777746,9652700,0.0000,1.0
2011-11-08,402.21,408.0,401.56,406.23,12.149647036008565,14301500,0.0000,1.0
2011-11-09,396.97,400.89,394.23,395.28,11.822151196104336,19953000,0.0000,1.0
2011-11-10,397.03,397.21,382.15,385.22,11.521273739534793,26598300,0.0000,1.0
2011-11-11,386.61,388.7,380.26,384.62,11.503328762005793,23349500,0.0000,1.0
2011-11-14,383.5201,385.25,378.2,379.26,11.343020296080072,15460900,0.0000,1.0
2011-11-15,380.8,389.5,379.45,388.83,11.6292426876676,15386100,0.0000,1.0
2011-11-16,389.25,391.14,384.32,384.77,11.507815006388043,12471800,0.0000,1.0
2011-11-17,383.98,384.58,375.5,377.41,11.287689948698993,17139300,0.0000,1.0
2011-11-18,378.92,379.99,374.88,374.94,11.213816457871282,13283500,0.0000,1.0
2011-11-21,370.4,371.68,365.91,369.01,11.03646026329301,15999300,0.0000,1.0
2011-11-22,371.02,377.93,370.94,376.51,11.260772482405494,14607900,0.0000,1.0
2011-11-23,374.51,375.84,366.88,366.99,10.97604550561205,15295400,0.0000,1.0
2011-11-25,368.42,371.15,363.32,363.57,10.873759133696757,9098600,0.0000,1.0
2011-11-28,372.35,376.72,370.33,376.12,11.249108247011646,12371900,0.0000,1.0
2011-11-29,375.84,378.83,370.2,373.2,11.161776023037186,13423400,0.0000,1.0
2011-11-30,381.29,382.276,378.3,382.2,11.430950685972165,14497800,0.0000,1.0
2011-12-01,382.54,389.0,380.75,387.93,11.602325221374103,13827900,0.0000,1.0
2011-12-02,389.83,393.6299,388.58,389.7,11.65526290508465,13537700,0.0000,1.0
2011-12-05,393.49,396.41,390.388,393.01,11.75425936445296,12757500,0.0000,1.0
2011-12-06,392.51,394.63,389.38,390.95,11.69264827493673,10128500,0.0000,1.0
2011-12-07,389.93,390.94,386.7625,389.09,11.637018844596833,10883800,0.0000,1.0
2011-12-08,391.45,395.5,390.23,390.66,11.683974869131049,13441300,0.0000,1.0
2011-12-09,392.85,394.04,391.03,393.62,11.772503424940775,10606900,0.0000,1.0
2011-12-12,391.68,393.9,389.45,391.84,11.71926665827141,10752400,0.0000,1.0
2011-12-13,393.0,395.4,387.1,388.81,11.628644521749969,12104600,0.0000,1.0
2011-12-14,386.7,387.38,377.68,380.19,11.370835011250021,14531700,0.0000,1.0
2011-12-15,383.33,383.74,378.31,378.94,11.333449641397939,9150000,0.0000,1.0
2011-12-16,380.36,384.15,379.57,381.02,11.3956588968318,15052800,0.0000,1.0
2011-12-19,382.47,384.85,380.48,382.21,11.431249768930982,8411800,0.0000,1.0
2011-12-20,387.76,396.1,387.26,395.95,11.842189754345052,12043400,0.0000,1.0
2011-12-21,396.69,397.3,392.01,396.445,11.856994360806477,9391000,0.0000,1.0
2011-12-22,397.0,399.13,396.1,398.55,11.919951323637381,7227100,0.0000,1.0
2011-12-23,399.69,403.59,399.495,403.33,12.062912977951736,9621400,0.0000,1.0
2011-12-27,403.1,409.09,403.02,406.53,12.158619524773062,9467000,0.0000,1.0
2011-12-28,406.89,408.25,401.34,402.64,12.042276253793387,8166500,0.0000,1.0
2011-12-29,403.4,405.65,400.51,405.12,12.116448827579916,7713500,0.0000,1.0
2011-12-30,403.51,406.28,403.49,405.0,12.112859832074117,6416500,0.0000,1.0
2012-01-03,409.4,412.5,409.0,411.23,12.299188515416887,10793600,0.0000,1.0
2012-01-04,410.0,414.68,409.28,413.44,12.365285849315365,9286500,0.0000,1.0
2012-01-05,414.95,418.55,412.67,418.03,12.502564927412203,9688200,0.0000,1.0
2012-01-06,419.77,422.75,419.22,422.4,12.633264180415077,11367600,0.0000,1.0
2012-01-09,425.5001,427.75,421.35,421.73,12.613225622174363,14072300,0.0000,1.0
2012-01-10,425.9101,426.0,421.5,423.24,12.658387148955677,9221300,0.0000,1.0
2012-01-11,422.68,422.85,419.31,422.55,12.637750424797328,7681600,0.0000,1.0
2012-01-12,422.28,422.9,418.75,421.39,12.603056801574597,7592400,0.0000,1.0
2012-01-13,419.7,420.45,418.66,419.81,12.555801694081568,8072200,0.0000,1.0
2012-01-17,424.2,425.99,422.96,424.7,12.702053260942906,8674900,0.0000,1.0
2012-01-18,426.96,429.47,426.3,429.11,12.833948845781046,9885400,0.0000,1.0
2012-01-19,430.15,431.369,426.51,427.75,12.793273563381984,9347800,0.0000,1.0
2012-01-20,427.49,427.5,419.75,420.3,12.570456759063584,14784800,0.0000,1.0
2012-01-23,422.67,428.45,422.3,427.409,12.783074834486335,10930800,0.0000,1.0
2012-01-24,425.1001,425.1001,419.55,420.41,12.573746671610566,19558500,0.0000,1.0
2012-01-25,454.44,454.45,443.73,446.66,13.35883943850426,34225500,0.0000,1.0
2012-01-26,448.36,448.79,443.14,444.63,13.29812559786448,11570900,0.0000,1.0
2012-01-27,444.34,448.48,443.77,447.28,13.37738258195089,10703900,0.0000,1.0
2012-01-30,445.71,453.9,445.39,453.01,13.548757117352828,13547900,0.0000,1.0
2012-01-31,455.59,458.24,453.07,456.48,13.652538904062204,13988700,0.0000,1.0
2012-02-01,458.41,458.99,455.55,456.19,13.64386549825652,9644500,0.0000,1.0
2012-02-02,455.9,457.17,453.98,455.12,13.61186362166314,6671300,0.0000,1.0
2012-02-03,457.3,460.0,455.56,459.68,13.74824545088353,10235700,0.0000,1.0
2012-02-06,458.38,464.98,458.201,463.97,13.876552040215872,8907600,0.0000,1.0
2012-02-07,465.25,469.75,464.581,468.83,14.02190635820076,11293700,0.0000,1.0
2012-02-08,470.5,476.79,469.7,476.68,14.256686480871826,14567500,0.0000,1.0
2012-02-09,480.76,496.75,480.56,493.17,14.749874279960475,31579100,0.0000,1.0
2012-02-10,490.96,497.62,488.55,493.42,14.75735135393089,22546500,0.0000,1.0
2012-02-13,499.53,503.83,497.09,502.6,15.03190951012457,18472000,0.0000,1.0
2012-02-14,504.66,509.56,502.0,509.46,15.237080419872788,16442800,0.0000,1.0
2012-02-15,514.26,526.29,496.89,497.67,14.884461611427964,53790000,0.0000,1.0
2012-02-16,491.5,504.89,486.63,502.21,15.020245274730721,33734000,0.0000,1.0
2012-02-17,503.11,507.77,500.3,502.12,15.017553528101372,19135900,0.0000,1.0
2012-02-21,506.88,514.85,504.12,514.85,15.39828613467496,21628400,0.0000,1.0
2012-02-22,513.08,515.49,509.07,513.04,15.344152119129147,17260800,0.0000,1.0
2012-02-23,514.54,517.8296,509.5,516.39,15.444344910332722,20286700,0.0000,1.0
2012-02-24,519.67,522.9,518.64,522.41,15.624392851540343,14824000,0.0000,1.0
2012-02-27,521.31,528.5,516.28,525.76,15.72458564274392,19556500,0.0000,1.0
2012-02-28,527.96,535.41,525.85,535.41,16.01320069800198,21442400,0.0000,1.0
2012-02-29,541.56,547.61,535.7,542.44,16.223456018050083,34000400,0.0000,1.0
2012-03-01,548.17,548.21,538.77,544.47,16.28416985868986,24402500,0.0000,1.0
2012-03-02,544.24,546.8,542.52,545.18,16.30540474876584,15418300,0.0000,1.0
2012-03-05,545.42,547.48,526.0,533.16,15.945907032268236,28897300,0.0000,1.0
2012-03-06,523.66,533.69,516.221,530.26,15.85917297421141,28937100,0.0000,1.0
2012-03-07,536.8,537.78,523.3,530.69,15.872033541440526,28518600,0.0000,1.0
2012-03-08,534.69,542.99,532.12,541.99,16.209997284903334,18444900,0.0000,1.0
2012-03-09,544.21,547.74,543.11,545.17,16.305105665807027,14961400,0.0000,1.0
2012-03-12,548.982,552.0,547.0,552.0,16.509379326678797,14545800,0.0000,1.0
2012-03-13,557.54,568.18,555.75,568.1,16.990902890373594,24673400,0.0000,1.0
2012-03-14,578.05,594.72,575.4,589.58,17.633333085911747,50673000,0.0000,1.0
2012-03-15,599.61,600.01,578.55,585.56,17.513101736467455,41418500,0.0000,1.0
2012-03-16,584.72,589.2,578.0,585.57,17.513400819426273,29481700,0.0000,1.0
2012-03-19,598.37,601.77,589.05,601.1,17.977876654468524,32187000,0.0000,1.0
2012-03-20,599.51,606.9,582.0,605.96,18.123230972453413,29166500,0.0000,1.0
2012-03-21,602.74,609.65,601.41,602.5,18.019748268702852,23001500,0.0000,1.0
2012-03-22,597.78,604.5,595.53,599.34,17.925238053716793,22281100,0.0000,1.0
2012-03-23,600.49,601.8,594.401,596.05,17.826839760266115,15374600,0.0000,1.0
2012-03-26,599.79,607.15,595.26,606.98,18.153737434252708,21276500,0.0000,1.0
2012-03-27,606.18,616.28,606.06,614.48,18.378049653365192,21683200,0.0000,1.0
2012-03-28,618.38,621.45,610.31,617.62,18.471961702433617,23409300,0.0000,1.0
2012-03-29,612.78,616.56,607.23,609.86,18.2398733263919,21722800,0.0000,1.0
2012-03-30,608.77,610.56,597.94,599.55,17.93151879585194,26108500,0.0000,1.0
2012-04-02,601.83,618.77,600.38,618.63,18.5021690812741,21369700,0.0000,1.0
2012-04-03,627.3,632.21,622.51,629.32,18.821888764249096,29805700,0.0000,1.0
2012-04-04,624.35,625.86,617.0,624.31,18.672048201881953,20463600,0.0000,1.0
2012-04-05,626.98,634.66,623.4,633.68,18.95228893429315,22903500,0.0000,1.0
2012-04-09,626.13,639.84,625.3,636.23,19.028555088791396,21340600,0.0000,1.0
2012-04-10,639.93,644.0,626.0,628.44,18.795569463873232,31775900,0.0000,1.0
2012-04-11,636.2,636.87,623.3422,626.2,18.7285748810983,24879100,0.0000,1.0
2012-04-12,625.0,631.33,620.5,622.77,18.62598942622419,21940600,0.0000,1.0
2012-04-13,624.11,624.7,603.51,605.23,18.101397916459796,30701600,0.0000,1.0
2012-04-16,610.06,610.28,578.25,580.13,17.350699689830016,37528100,0.0000,1.0
2012-04-17,578.94,610.0,571.91,609.7,18.235087999050837,36626000,0.0000,1.0
2012-04-18,613.72,620.25,602.71,608.34,18.194412716651772,34090400,0.0000,1.0
2012-04-19,600.22,604.732,584.52,587.44,17.569329332724987,29811400,0.0000,1.0
2012-04-20,591.38,594.62,570.42,572.98,17.136855374276116,36820900,0.0000,1.0
2012-04-23,570.61,576.67,556.62,571.7,17.098572755547586,34518900,0.0000,1.0
2012-04-24,562.61,567.69,555.0,560.28,16.757020016578977,38433900,0.0000,1.0
2012-04-25,615.635,618.0,606.0,610.0,18.244060487815336,32349200,0.0000,1.0
2012-04-26,614.27,614.69,602.13,607.7,18.175271407287507,19145300,0.0000,1.0
2012-04-27,605.07,606.18,600.5,603.0,18.034702416643682,14525800,0.0000,1.0
2012-04-30,597.8,598.4,583.0,583.98,17.465846628974425,18076600,0.0000,1.0
2012-05-01,584.9,596.76,581.23,582.13,17.410516281593345,21821400,0.0000,1.0
2012-05-02,580.24,587.3999,578.86,585.98,17.525663220737755,15263900,0.0000,1.0
2012-05-03,590.5,591.4,580.3,581.82,17.40124470987003,13948200,0.0000,1.0
2012-05-04,577.08,578.36,565.17,565.25,16.90566424711085,18928300,0.0000,1.0
2012-05-07,561.5,572.77,561.23,569.48,17.03217633869029,16432800,0.0000,1.0
2012-05-08,569.58,571.5,558.73,568.18,16.993295554044124,17759000,0.0000,1.0
2012-05-09,563.7,573.9778,560.85,569.18,17.02320384992579,17168000,0.0000,1.0
2012-05-10,574.58,575.88,568.441,570.52,17.06328096640722,11900000,0.0000,1.0
2012-05-11,565.0,574.47,564.35,566.71,16.94933035909808,14269500,0.0000,1.0
2012-05-14,562.57,567.51,557.6,558.22,16.69540892706275,12593800,0.0000,1.0
2012-05-15,561.45,563.22,551.75,553.17,16.54437203286034,17012000,0.0000,1.0
2012-05-16,554.05,556.89,541.04,546.075,16.332172673579933,20032000,0.0000,1.0
2012-05-17,545.31,547.5,530.12,530.12,15.854985812787977,25615000,0.0000,1.0
2012-05-18,533.96,543.41,522.18,530.38,15.862761969717209,26153300,0.0000,1.0
2012-05-21,534.5,561.54,534.05,561.28,16.786928312460642,22539500,0.0000,1.0
2012-05-22,569.55,573.88,552.58,556.97,16.65802355721067,24816800,0.0000,1.0
2012-05-23,557.5,572.8,553.23,570.56,17.064477298242487,20889200,0.0000,1.0
2012-05-24,575.87,576.5,561.23,565.32,16.907757827822568,17722500,0.0000,1.0
2012-05-25,564.59,565.85,558.472,562.29,16.81713569130112,11732400,0.0000,1.0
2012-05-29,570.9,574.0,565.31,572.27,17.115620484200132,13589600,0.0000,1.0
2012-05-30,569.2,579.99,566.56,579.17,17.321987725783618,18908200,0.0000,1.0
2012-05-31,580.74,581.5,571.46,577.73,17.278919779714023,17559800,0.0000,1.0
2012-06-01,569.16,572.65,560.52,560.99,16.778254906654958,18606700,0.0000,1.0
2012-06-04,561.5,567.5,548.5,564.29,16.87695228306445,19892700,0.0000,1.0
2012-06-05,561.27,566.47,558.33,562.83,16.833286171077223,13864800,0.0000,1.0
2012-06-06,567.77,573.85,565.5,571.46,17.091394764535988,14337700,0.0000,1.0
2012-06-07,577.29,577.32,570.5,571.72,17.09917092146522,13563100,0.0000,1.0
2012-06-08,571.6,580.584,569.0,580.32,17.356382266047536,12411300,0.0000,1.0
2012-06-11,587.72,588.5,570.63,571.17,17.082721358730304,21116600,0.0000,1.0
2012-06-12,574.46,576.62,566.7,576.16,17.23196375517981,15549300,0.0000,1.0
2012-06-13,574.52,578.48,570.38,572.16,17.11233057165315,10485000,0.0000,1.0
2012-06-14,571.24,573.5,567.26,571.53,17.093488345247703,12341900,0.0000,1.0
2012-06-15,571.0,574.62,569.55,574.13,17.17124991454003,11973400,0.0000,1.0
2012-06-18,570.96,587.89,570.37,585.78,17.51968156156142,15729000,0.0000,1.0
2012-06-19,583.4,590.0,583.1,587.41,17.568432083848535,12907300,0.0000,1.0
2012-06-20,588.21,589.25,580.8,585.741,17.518515138022035,12819400,0.0000,1.0
2012-06-21,585.44,588.22,577.44,577.67,17.277125281961123,11655400,0.0000,1.0
2012-06-22,579.04,582.19,575.42,582.1,17.409619032716897,10159700,0.0000,1.0
2012-06-25,577.3,579.8,570.37,570.765,17.070608498898228,10870800,0.0000,1.0
2012-06-26,571.33,574.49,567.33,572.025,17.108292951709124,9876300,0.0000,1.0
2012-06-27,575.0,576.74,571.92,574.5,17.182315984016245,7249900,0.0000,1.0
2012-06-28,571.67,574.0,565.61,569.05,17.019315771461173,10101300,0.0000,1.0
2012-06-29,578.0,584.0,574.25,584.0,17.46644479489206,15053600,0.0000,1.0
2012-07-02,584.73,593.47,583.6,592.52,17.72126347580384,14289000,0.0000,1.0
2012-07-03,594.88,600.0,594.0,599.41,17.92733163442851,8632600,0.0000,1.0
2012-07-05,600.56,614.34,599.65,609.94,18.24226599006244,17299400,0.0000,1.0
2012-07-06,607.09,608.44,601.58,605.88,18.12083830878288,14961800,0.0000,1.0
2012-07-09,605.3,613.9,604.11,613.89,18.36040375879501,13550200,0.0000,1.0
2012-07-10,617.97,619.87,605.31,608.21,18.190524638187156,18284200,0.0000,1.0
2012-07-11,606.12,607.66,597.22,604.43,18.077471279754462,16761500,0.0000,1.0
2012-07-12,600.24,603.47,592.68,598.9,17.91207840352886,15287200,0.0000,1.0
2012-07-13,602.95,607.19,600.0,604.97,18.093621759530564,11122400,0.0000,1.0
2012-07-16,605.12,611.62,605.02,606.91,18.151643853540993,10759300,0.0000,1.0
2012-07-17,610.79,611.5,603.15,606.94,18.152541102417445,10486600,0.0000,1.0
2012-07-18,606.59,608.34,603.56,606.26,18.13220346121791,9025000,0.0000,1.0
2012-07-19,611.28,615.35,606.0,614.32,18.373264326024128,15602200,0.0000,1.0
2012-07-20,613.03,614.44,603.7,604.3,18.073583201289846,14195400,0.0000,1.0
2012-07-23,594.4,605.9,587.71,603.83,18.059526302225468,17427700,0.0000,1.0
2012-07-24,607.38,609.68,598.51,600.92,17.972493161209822,20183300,0.0000,1.0
2012-07-25,574.46,580.8,570.0,574.97,17.19637288308063,31332600,0.0000,1.0
2012-07-26,579.76,580.4,570.36,574.88,17.19368113645128,14522600,0.0000,1.0
2012-07-27,575.01,585.83,571.59,585.16,17.501138418114788,14426300,0.0000,1.0
2012-07-30,590.92,599.44,587.82,595.03,17.796333298466816,13540800,0.0000,1.0
2012-07-31,603.23,611.7,602.72,610.76,18.2667907926854,16511700,0.0000,1.0
2012-08-01,615.905,616.4,603.0,606.81,18.148653023952825,13732200,0.0000,1.0
2012-08-02,602.84,610.69,600.25,607.79,18.177963153916856,11862800,0.0000,1.0
2012-08-03,613.63,617.98,611.56,615.7,18.414537774340825,12318600,0.0000,1.0
2012-08-06,617.29,624.868,615.26,622.55,18.619409601130222,10789400,0.0000,1.0
2012-08-07,622.77,625.0,618.04,620.914,18.570479629067822,10373100,0.0000,1.0
2012-08-08,619.39,623.88,617.1,619.86,18.53895628520855,8739500,0.0000,1.0
2012-08-09,617.85,621.73,617.8,620.73,18.644233486712007,7915800,2.6500,1.0
2012-08-10,618.71,621.76,618.7,621.7,18.67336838672024,6962100,0.0000,1.0
2012-08-13,623.39,630.0,623.25,630.0,18.922667015656668,9958300,0.0000,1.0
2012-08-14,631.87,638.61,630.21,631.69,18.973427820825652,12148900,0.0000,1.0
2012-08-15,631.3,634.0,627.75,630.83,18.94759687855031,9190800,0.0000,1.0
2012-08-16,631.21,636.76,630.5,636.34,19.113095124988835,9090500,0.0000,1.0
2012-08-17,640.0,648.19,638.81,648.11,19.466618602408325,15812900,0.0000,1.0
2012-08-20,650.01,665.15,649.9,665.15,19.97843169121275,21906600,0.0000,1.0
2012-08-21,670.82,674.88,650.33,656.062,19.705464710517056,29025700,0.0000,1.0
2012-08-22,654.42,669.0,648.11,668.87,20.090165534543296,20190100,0.0000,1.0
2012-08-23,666.11,669.9,661.15,662.63,19.902741023150124,15004600,0.0000,1.0
2012-08-24,659.51,669.48,655.55,663.222,19.920522322948962,15619300,0.0000,1.0
2012-08-27,679.99,680.87,673.54,675.68,20.294710554188725,15250300,0.0000,1.0
2012-08-28,674.9773,676.1,670.673,674.8,20.268278892325586,9550600,0.0000,1.0
2012-08-29,675.25,677.67,672.6,673.466,20.22821089581942,7243100,0.0000,1.0
2012-08-30,670.64,671.554,662.853,663.868,19.93992556563486,10810700,0.0000,1.0
2012-08-31,667.25,668.6,657.25,665.24,19.981134929357843,12082900,0.0000,1.0
2012-09-04,665.76,675.14,664.5,674.97,20.273385008821876,13139000,0.0000,1.0
2012-09-05,675.57,676.35,669.6,670.23,20.1310144665136,12013400,0.0000,1.0
2012-09-06,673.17,678.29,670.8,676.27,20.312431782028785,13971300,0.0000,1.0
2012-09-07,678.05,682.48,675.77,680.44,20.4376818160848,11773800,0.0000,1.0
2012-09-10,680.45,683.29,662.1,662.74,19.906044980883017,17428500,0.0000,1.0
2012-09-11,665.11,670.1,656.5,660.59,19.841467625194664,17999400,0.0000,1.0
2012-09-12,666.85,669.9,656.0,669.79,20.11779863558203,25436900,0.0000,1.0
2012-09-13,677.37,685.5,674.77,682.98,20.513973203735226,21370000,0.0000,1.0
2012-09-14,689.955,696.98,687.89,691.28,20.763271832671652,21445500,0.0000,1.0
2012-09-17,699.35,699.8,694.61,699.781,21.01860769346546,14215400,0.0000,1.0
2012-09-18,699.88,702.33,696.42,701.91,21.08255429358662,13339400,0.0000,1.0
2012-09-19,700.26,703.99,699.57,702.1,21.08826112967071,11674100,0.0000,1.0
2012-09-20,699.16,700.06,693.62,698.7,20.986138799744943,12020300,0.0000,1.0
2012-09-21,702.41,705.07,699.3617,700.095,21.0280389909939,20413900,0.0000,1.0
2012-09-24,686.86,695.12,683.0,690.79,20.748554202770585,22848800,0.0000,1.0
2012-09-25,688.26,692.78,673.0,673.54,20.230433558294273,18528200,0.0000,1.0
2012-09-26,668.74,672.69,661.2,665.18,19.979332770594446,20589400,0.0000,1.0
2012-09-27,664.29,682.17,660.35,681.32,20.46411347794794,21217500,0.0000,1.0
2012-09-28,678.75,681.11,666.75,667.105,20.037152030920065,19111100,0.0000,1.0
2012-10-01,671.5,676.75,656.5,659.39,19.805424449926747,19414100,0.0000,1.0
2012-10-02,661.81,666.35,650.65,661.31,19.863093530355414,22428300,0.0000,1.0
2012-10-03,664.86,671.86,662.63,671.45,20.16765836136932,15152900,0.0000,1.0
2012-10-04,671.25,674.25,665.55,666.8,20.027991057206137,13240200,0.0000,1.0
2012-10-05,665.2,666.0,651.28,652.59,19.601179790075214,21214500,0.0000,1.0
2012-10-08,646.88,647.56,636.11,638.17,19.168060967272407,22785500,0.0000,1.0
2012-10-09,638.65,640.49,623.55,635.85,19.098377495087767,29949900,0.0000,1.0
2012-10-10,639.74,644.98,637.0,640.91,19.250359550800816,18227000,0.0000,1.0
2012-10-11,646.5,647.2,628.1,628.1,18.8655986548158,19502900,0.0000,1.0
2012-10-12,629.56,635.38,625.3,629.714,18.91407672555115,16429100,0.0000,1.0
2012-10-15,632.35,635.13,623.85,634.76,19.06563827755274,15446500,0.0000,1.0
2012-10-16,635.34,650.3,631.0,649.7925,19.517154137731882,19634700,0.0000,1.0
2012-10-17,648.87,652.79,644.0,644.6136,19.36160080406937,13894200,0.0000,1.0
2012-10-18,639.59,642.06,630.0,632.64,19.001962001246085,17022300,0.0000,1.0
2012-10-19,631.05,631.77,609.62,609.84,18.317141671155657,26574500,0.0000,1.0
2012-10-22,612.42,635.38,610.76,634.03,19.04371201259809,19526100,0.0000,1.0
2012-10-23,631.0,633.9,611.7,613.3554,18.42273015310302,25255200,0.0000,1.0
2012-10-24,621.44,626.55,610.64,616.83,18.527093167091277,19947400,0.0000,1.0
2012-10-25,620.0,622.0,605.55,609.538,18.308070805379895,23440200,0.0000,1.0
2012-10-26,609.43,614.0,591.0,604.0,18.141731551518458,36372600,0.0000,1.0
2012-10-31,594.88,601.96,587.7,595.32,17.881019250413853,18214400,0.0000,1.0
2012-11-01,598.22,603.0,594.17,596.5399,17.91766014167163,12903500,0.0000,1.0
2012-11-02,595.89,596.95,574.75,576.8,17.324752912112327,21406200,0.0000,1.0
2012-11-05,583.515,587.77,577.6,584.6211,17.55966731051892,18897700,0.0000,1.0
2012-11-06,590.23,590.74,580.09,582.8495,17.50645556943172,13389900,0.0000,1.0
2012-11-07,573.835,574.54,555.75,558.0019,16.83972891332578,28344600,2.6500,1.0
2012-11-08,560.63,562.23,535.29,537.75,16.228554460371797,37719500,0.0000,1.0
2012-11-09,540.42,554.88,533.72,547.06,16.509517439499756,33211200,0.0000,1.0
2012-11-12,554.15,554.5,538.65,542.83,16.381861864665037,18421500,0.0000,1.0
2012-11-13,538.91,550.48,536.36,542.898,16.383914011021716,19033900,0.0000,1.0
2012-11-14,545.5,547.45,536.18,536.88,16.202299058455434,17041800,0.0000,1.0
2012-11-15,537.53,539.5,522.62,525.62,15.862487764687353,28211100,0.0000,1.0
2012-11-16,525.2,530.0,505.7501,527.678,15.92459537059985,45246200,0.0000,1.0
2012-11-19,540.7097,567.5,539.88,565.73,17.0729523289003,29404200,0.0000,1.0
2012-11-20,571.91,571.95,554.58,560.9134,16.927593973876913,22955500,0.0000,1.0
2012-11-21,564.25,567.37,556.6,561.7,16.95133247864405,13321500,0.0000,1.0
2012-11-23,567.17,572.0,562.6,571.5,17.247082982989273,9743800,0.0000,1.0
2012-11-26,575.9,590.0,573.71,589.53,17.791203553738697,22520700,0.0000,1.0
2012-11-27,589.55,590.42,580.1,584.78,17.647855094999944,19047500,0.0000,1.0
2012-11-28,577.27,585.8,572.26,582.94,17.592326428877985,18602300,0.0000,1.0
2012-11-29,590.215,594.25,585.25,589.36,17.786073187847,18382100,0.0000,1.0
2012-11-30,586.79,588.4,582.68,585.28,17.662944406446126,13975700,0.0000,1.0
2012-12-03,593.65,594.59,585.5,586.19,17.690406953278185,13010000,0.0000,1.0
2012-12-04,581.8,581.8,572.13,575.8454,17.37822117090578,19895300,0.0000,1.0
2012-12-05,568.91,569.25,538.77,538.7923,16.260009639012512,37308500,0.0000,1.0
2012-12-06,528.94,553.31,518.63,547.2445,16.5150853954234,42043300,0.0000,1.0
2012-12-07,553.4,555.2,530.0,533.25,16.092750657356135,28108600,0.0000,1.0
2012-12-10,525.0,538.51,521.58,529.8209,15.98926514159591,22517300,0.0000,1.0
2012-12-11,539.77,549.56,537.37,541.388,16.338344290454238,21155200,0.0000,1.0
2012-12-12,547.77,548.0,536.2701,539.0,16.26627773898726,17398000,0.0000,1.0
2012-12-13,531.15,537.6399,525.8,529.69,15.9853147598593,22330700,0.0000,1.0
2012-12-14,514.75,518.132,505.58,509.794,15.38488087879271,36056400,0.0000,1.0
2012-12-17,508.93,520.0,501.23,518.83,15.657574915248164,27057400,0.0000,1.0
2012-12-18,525.0,534.9,520.25,533.9,16.112366762236174,22345900,0.0000,1.0
2012-12-19,531.47,533.7,525.5,526.31,15.883311014483086,16048900,0.0000,1.0
2012-12-20,530.0,530.2,518.88,521.7302,15.745098957360613,17203200,0.0000,1.0
2012-12-21,512.47,519.67,510.24,519.33,15.672664226694348,21295300,0.0000,1.0
2012-12-24,520.35,524.25,518.71,520.168,15.697953912678154,6276900,0.0000,1.0
2012-12-26,519.0,519.46,511.12,512.9995,15.481618454474201,10801300,0.0000,1.0
2012-12-27,513.54,516.25,504.66,515.06,15.543801506943927,16254300,0.0000,1.0
2012-12-28,510.29,514.48,508.12,509.5892,15.378700296824354,12652800,0.0000,1.0
2012-12-31,510.53,535.4,509.0,532.1729,16.060245262638762,23553300,0.0000,1.0
2013-01-02,553.82,555.0,541.63,549.03,16.568969326597728,20018500,0.0000,1.0
2013-01-03,547.88,549.67,541.0,542.0959,16.35970773759975,12605900,0.0000,1.0
2013-01-04,536.965,538.6299,525.8286,527.0,15.904134264278824,21226200,0.0000,1.0
2013-01-07,522.0,529.3,515.2,523.9,15.810580533312477,17291300,0.0000,1.0
2013-01-08,529.21,531.89,521.25,525.31,15.853132391590716,16382400,0.0000,1.0
2013-01-09,522.5,525.0054,515.99,517.1,15.605365897644363,14557300,0.0000,1.0
2013-01-10,528.55,528.72,515.52,523.51,15.798810870384452,21469500,0.0000,1.0
2013-01-11,521.0,525.32,519.02,520.3,15.701937490899946,12518100,0.0000,1.0
2013-01-14,502.68,507.5,498.51,501.75,15.14212403624649,26221700,0.0000,1.0
2013-01-15,498.3,498.99,483.38,485.92,14.664396435860278,31313300,0.0000,1.0
2013-01-16,494.64,509.44,492.5,506.09,15.273099259599372,24671600,0.0000,1.0
2013-01-17,510.31,510.75,502.03,502.68,15.170190155536392,16202800,0.0000,1.0
2013-01-18,498.516,502.22,496.4,500.0,15.089311446184842,16890100,0.0000,1.0
2013-01-22,504.56,507.88,496.63,504.77,15.233263477381444,16483800,0.0000,1.0
2013-01-23,508.81,514.99,504.77,514.005,15.511963059792478,30768200,0.0000,1.0
2013-01-24,460.0,465.73,450.25,450.5,13.595469613012542,52173300,0.0000,1.0
2013-01-25,451.69,456.23,435.0,439.88,13.274972637895576,43143800,0.0000,1.0
2013-01-28,437.825,453.21,435.86,449.83,13.575249935674654,28054200,0.0000,1.0
2013-01-29,458.5,460.2,452.12,458.27,13.829957512886255,20398500,0.0000,1.0
2013-01-30,457.0,462.6,454.5,456.83,13.786500295921241,14898400,0.0000,1.0
2013-01-31,456.98,459.28,454.98,455.49,13.746060941245467,11404800,0.0000,1.0
2013-02-01,459.11,459.48,448.35,453.62,13.689626916436735,19267300,0.0000,1.0
2013-02-04,453.91,455.94,442.0,442.316,13.348487763261389,17039900,0.0000,1.0
2013-02-05,444.05,459.74,442.22,457.844,13.817101419534104,20476700,0.0000,1.0
2013-02-06,456.47,466.5,452.58,457.35,13.802193179825275,21203800,0.0000,1.0
2013-02-07,463.25,470.0,454.12,468.22,14.210208161330113,25163600,2.6500,1.0
2013-02-08,474.0,478.81,468.25,474.98,14.415370279929471,22612800,0.0000,1.0
2013-02-11,476.5,484.94,473.25,479.93,14.565599937779593,18481800,0.0000,1.0
2013-02-12,479.51,482.38,467.744,467.9,14.200496345065053,21751900,0.0000,1.0
2013-02-13,467.21,473.64,463.22,467.01,14.17348535607786,16971700,0.0000,1.0
2013-02-14,464.5199,471.64,464.02,466.59,14.16073859722997,12688400,0.0000,1.0
2013-02-15,468.85,470.16,459.92,460.16,13.965591789153954,13990900,0.0000,1.0
2013-02-19,461.1,462.73,453.85,459.99,13.960432386763141,15563700,0.0000,1.0
2013-02-20,457.69,457.69,448.8,448.85,13.622339783035798,17010800,0.0000,1.0
2013-02-21,446.0,449.17,442.82,446.06,13.537664884974818,15970800,0.0000,1.0
2013-02-22,449.25,451.6,446.6,450.81,13.681824657659279,11809100,0.0000,1.0
2013-02-25,453.85,455.12,442.57,442.8,13.438725756774538,13306400,0.0000,1.0
2013-02-26,443.82,451.54,437.66,448.97,13.625981714135195,17910700,0.0000,1.0
2013-02-27,448.43,452.44,440.65,444.57,13.492444240490642,20976800,0.0000,1.0
2013-02-28,444.05,447.87,441.4,441.4,13.396236560614906,11518400,0.0000,1.0
2013-03-01,438.0,438.1799,429.98,430.47,13.064517336311507,19730300,0.0000,1.0
2013-03-04,427.8,428.1999,419.0,420.05,12.748276319180542,20812700,0.0000,1.0
2013-03-05,421.48,435.19,420.75,431.144,13.084972849319785,22801200,0.0000,1.0
2013-03-06,434.51,435.25,424.43,425.662,12.918597296929002,16437500,0.0000,1.0
2013-03-07,424.5,432.01,421.06,430.582,13.067916472004276,16731200,0.0000,1.0
2013-03-08,429.8,435.43,428.61,431.72,13.10245411859689,13981500,0.0000,1.0
2013-03-11,429.7499,439.01,425.14,437.87,13.289103087440981,16937000,0.0000,1.0
2013-03-12,435.6,438.88,427.57,428.43,13.00260450762176,16639700,0.0000,1.0
2013-03-13,428.45,434.5,425.36,428.35,13.000176553555495,14483900,0.0000,1.0
2013-03-14,432.83,434.64,430.45,432.5,13.12612667074297,10852700,0.0000,1.0
2013-03-15,437.93,444.23,437.25,443.66,13.464826262986882,22998600,0.0000,1.0
2013-03-18,441.45,457.46,441.2,455.72,13.83084033847627,21649900,0.0000,1.0
2013-03-19,459.5,460.97,448.5,454.49,13.79351054470745,18813400,0.0000,1.0
2013-03-20,457.42,457.63,449.59,452.08,13.72036842846123,11023600,0.0000,1.0
2013-03-21,450.22,457.98,450.1,452.73,13.74009555524963,13687700,0.0000,1.0
2013-03-22,454.58,462.1,453.11,461.91,14.018703284353492,14110900,0.0000,1.0
2013-03-25,464.69,469.95,461.78,463.58,14.069386825486765,17897700,0.0000,1.0
2013-03-26,465.44,465.8399,460.53,461.136,13.995212828762384,10510500,0.0000,1.0
2013-03-27,456.46,456.8,450.7301,452.08,13.72036842846123,11829900,0.0000,1.0
2013-03-28,449.82,451.819,441.62,442.66,13.434476837158574,15815700,0.0000,1.0
2013-04-01,441.9,443.698,427.74,428.91,13.017172232019346,13919000,0.0000,1.0
2013-04-02,427.6,438.14,426.4,429.792,13.043940425599912,18911400,0.0000,1.0
2013-04-03,431.37,437.28,430.31,431.99,13.110648463570534,12972000,0.0000,1.0
2013-04-04,433.76,435.0,425.25,427.72,12.98105641528366,12801700,0.0000,1.0
2013-04-05,424.5,424.95,419.68,423.2,12.84387701053971,13703400,0.0000,1.0
2013-04-08,424.85,427.5,422.49,426.21,12.935228782282916,10743900,0.0000,1.0
2013-04-09,426.36,428.5,422.75,426.98,12.958597840170713,10950500,0.0000,1.0
2013-04-10,428.1,437.06,426.01,435.69,13.222941339135271,13426000,0.0000,1.0
2013-04-11,433.72,437.99,431.2,434.33,13.181666120008773,11727300,0.0000,1.0
2013-04-12,434.15,434.15,429.09,429.8,13.04418322100654,8521900,0.0000,1.0
2013-04-15,427.0,427.89,419.55,419.85,12.742206434014882,11340000,0.0000,1.0
2013-04-16,421.57,426.61,420.57,426.24,12.936139265057765,10920400,0.0000,1.0
2013-04-17,420.27,420.6,398.11,402.8,12.22474872364224,33752000,0.0000,1.0
2013-04-18,404.99,405.79,389.742,392.05,11.898492395987935,23796400,0.0000,1.0
2013-04-19,387.97,399.6,385.1,390.53,11.852361268728906,21759800,0.0000,1.0
2013-04-22,392.64,402.2,391.275,398.67,12.09940559497133,15354300,0.0000,1.0
2013-04-23,403.99,408.381,398.81,406.13,12.325812311650502,23722800,0.0000,1.0
2013-04-24,393.54,415.25,392.5,405.462,12.305538895197193,34630400,0.0000,1.0
2013-04-25,411.225,413.94,407.0,408.38,12.394098519764194,13744200,0.0000,1.0
2013-04-26,409.81,418.769,408.25,417.205,12.661932202699008,27289200,0.0000,1.0
2013-04-29,420.45,433.617,420.0,430.12,13.053895037271598,22868800,0.0000,1.0
2013-04-30,435.1,445.25,432.07,442.78,13.43811876825797,24697800,0.0000,1.0
2013-05-01,444.46,444.93,434.39,439.29,13.332199272117178,18103900,0.0000,1.0
2013-05-02,441.78,448.59,440.63,445.52,13.521276195027532,15065300,0.0000,1.0
2013-05-03,451.31,453.23,449.15,449.98,13.656634634221785,12903600,0.0000,1.0
2013-05-06,455.71,462.2,454.31,460.71,13.982283973359522,17737200,0.0000,1.0
2013-05-07,464.97,465.75,453.7,458.658,13.920006951559836,17276900,0.0000,1.0
2013-05-08,459.04,465.37,455.81,463.84,14.077277676202124,16878500,0.0000,1.0
2013-05-09,459.81,463.0,455.58,456.77,13.955272984372328,14231700,3.0500,1.0
2013-05-10,457.97,459.71,450.48,452.97,13.839175085340838,11959000,0.0000,1.0
2013-05-13,451.51,457.9,451.5,454.74,13.893252264626557,11319600,0.0000,1.0
2013-05-14,453.85,455.2,442.15,443.86,13.56084564845218,15968500,0.0000,1.0
2013-05-15,439.16,441.0,422.36,428.85,13.102258947277784,26486200,0.0000,1.0
2013-05-16,423.24,437.85,418.9,434.578,13.277261254028412,21543000,0.0000,1.0
2013-05-17,439.05,440.09,431.01,433.26,13.2369936143117,15282300,0.0000,1.0
2013-05-20,431.91,445.8,430.1,442.93,13.532432215268157,16127800,0.0000,1.0
2013-05-21,438.15,445.48,434.2,439.66,13.432526917943688,16286500,0.0000,1.0
2013-05-22,444.05,448.3499,438.22,441.354,13.484282139248778,15822800,0.0000,1.0
2013-05-23,435.95,446.16,435.79,442.14,13.508296073101082,12607900,0.0000,1.0
2013-05-24,440.85,445.66,440.36,445.15,13.600257829965502,9863100,0.0000,1.0
2013-05-28,449.9,451.11,440.85,441.439,13.486879065937643,13790900,0.0000,1.0
2013-05-29,440.0,447.5,439.4,444.95,13.594147414227002,11806300,0.0000,1.0
2013-05-30,445.65,454.5,444.51,451.58,13.796707695958263,12625700,0.0000,1.0
2013-05-31,452.5,457.1,449.5,449.735,13.740339110770606,13725100,0.0000,1.0
2013-06-03,450.73,452.36,442.48,450.72,13.770432908282716,13298300,0.0000,1.0
2013-06-04,453.22,454.43,447.39,449.31,13.727354477326294,10454600,0.0000,1.0
2013-06-05,445.65,450.72,443.71,445.11,13.599035746817803,10378200,0.0000,1.0
2013-06-06,445.47,447.0,434.05,438.46,13.39586442351269,14890500,0.0000,1.0
2013-06-07,436.5,443.24,432.77,441.811,13.49824443921125,14447700,0.0000,1.0
2013-06-10,444.73,449.079,436.8,438.89,13.409001817350463,16076900,0.0000,1.0
2013-06-11,435.74,442.7599,433.32,437.6,13.369589635837142,10218300,0.0000,1.0
2013-06-12,439.5,441.25,431.5,432.19,13.204302890110727,9472400,0.0000,1.0
2013-06-13,432.5,437.14,428.75,435.965,13.319636987174906,10208300,0.0000,1.0
2013-06-14,435.4,436.29,428.5,430.05,13.138921441708781,9709500,0.0000,1.0
2013-06-17,431.44,435.7,430.3615,432.0,13.198497995159153,9264800,0.0000,1.0
2013-06-18,431.56,434.9,430.21,431.77,13.191471017059877,6965200,0.0000,1.0
2013-06-19,431.4,431.66,423.0,423.0,12.92352928692667,11105000,0.0000,1.0
2013-06-20,419.3,425.98,415.17,416.838,12.735267378023497,12761100,0.0000,1.0
2013-06-21,418.49,420.0,408.1001,413.5,12.633284539347938,17182800,0.0000,1.0
2013-06-24,407.4,408.66,398.05,402.54,12.298433756878161,17169500,0.0000,1.0
2013-06-25,405.7,407.79,398.83,402.63,12.301183443960484,11220100,0.0000,1.0
2013-06-26,403.9,404.79,395.66,398.07,12.161865965122693,13133000,0.0000,1.0
2013-06-27,399.25,401.39,393.54,393.78,12.030797547531877,12044500,0.0000,1.0
2013-06-28,391.36,400.27,388.87,396.53,12.114815763936246,20661300,0.0000,1.0
2013-07-01,402.69,412.27,401.22,409.22,12.502521642544048,13966200,0.0000,1.0
2013-07-02,409.96,421.63,409.47,418.49,12.785739412023505,16780900,0.0000,1.0
2013-07-03,420.86,422.98,417.45,420.8,12.856314713803174,8604600,0.0000,1.0
2013-07-05,420.39,423.29,415.35,417.42,12.753048687822531,9786600,0.0000,1.0
2013-07-08,420.11,421.0,410.65,415.05,12.680640261321312,10647800,0.0000,1.0
2013-07-09,413.6,423.5,410.38,422.35,12.903670435776547,12592300,0.0000,1.0
2013-07-10,419.6,424.8,418.25,420.73,12.8541760682947,10050200,0.0000,1.0
2013-07-11,422.95,428.25,421.1701,427.288,13.054536600360102,11653300,0.0000,1.0
2013-07-12,427.65,429.79,423.41,426.51,13.030767083137338,9984400,0.0000,1.0
2013-07-15,425.01,431.46,424.8,427.44,13.059180516321362,8639900,0.0000,1.0
2013-07-16,426.52,430.71,424.17,430.195,13.143351493119193,7733500,0.0000,1.0
2013-07-17,429.7,432.22,428.22,430.31,13.14686498216883,7106800,0.0000,1.0
2013-07-18,433.38,434.87,430.61,431.758,13.191104392115568,7817100,0.0000,1.0
2013-07-19,433.1,433.98,424.35,424.95,12.983105840377041,9597200,0.0000,1.0
2013-07-22,429.46,429.75,425.468,426.31,13.024656667398839,7421300,0.0000,1.0
2013-07-23,426.0,426.96,418.71,418.99,12.801015451369754,13192700,0.0000,1.0
2013-07-24,438.93,444.59,435.26,440.51,13.45849618483231,21140600,0.0000,1.0
2013-07-25,440.7,441.4,435.81,438.5,13.39708650666039,8196200,0.0000,1.0
2013-07-26,435.3,441.04,434.34,440.99,13.47316118260471,7148300,0.0000,1.0
2013-07-29,440.8,449.99,440.2,447.79,13.680915317713698,8859200,0.0000,1.0
2013-07-30,449.96,457.15,449.23,453.32,13.84986831288321,11050800,0.0000,1.0
2013-07-31,454.99,457.3425,449.43,452.53,13.825732170716137,11534200,0.0000,1.0
2013-08-01,455.7527,456.8,453.26,456.676,13.952401088975234,7366100,0.0000,1.0
2013-08-02,458.01,462.85,456.66,462.54,14.131558478428044,9813700,0.0000,1.0
2013-08-05,464.69,470.67,462.15,469.45,14.342673342193203,11387700,0.0000,1.0
2013-08-06,468.02,471.89,462.17,465.25,14.214354611684712,11959200,0.0000,1.0
2013-08-07,463.8,467.0,461.77,464.98,14.206105550437739,10673500,0.0000,1.0
2013-08-08,463.855,464.1,457.95,461.01,14.177997638040639,9134900,3.0500,1.0
2013-08-09,458.64,460.46,453.65,454.45,13.976250030601436,9530900,0.0000,1.0
2013-08-12,456.86,468.65,456.63,467.36,14.373286861705111,13015500,0.0000,1.0
2013-08-13,470.94,494.66,468.05,489.57,15.056337831403994,31497900,0.0000,1.0
2013-08-14,497.88,504.25,493.4,498.5,15.330972912872298,27013300,0.0000,1.0
2013-08-15,496.42,502.399,489.0833,497.91,15.31282792988615,17510500,0.0000,1.0
2013-08-16,500.15,502.94,498.86,502.33,15.448761531240002,12939500,0.0000,1.0
2013-08-19,504.34,513.74,504.0,507.74,15.615141798960442,18232800,0.0000,1.0
2013-08-20,509.71,510.57,500.82,501.07,15.41001122859162,12810300,0.0000,1.0
2013-08-21,503.59,507.15,501.2,502.36,15.449684157493536,11995700,0.0000,1.0
2013-08-22,504.98,505.59,498.2,502.96,15.468136682564195,8721700,0.0000,1.0
2013-08-23,503.27,503.35,499.35,501.02,15.408473518169064,7954700,0.0000,1.0
2013-08-26,500.75,510.2,500.5,502.97,15.468444224648707,11820200,0.0000,1.0
2013-08-27,498.0,502.51,486.3,488.59,15.026198707121917,15149600,0.0000,1.0
2013-08-28,486.0,495.8,486.0,490.896,15.09711791181015,10986000,0.0000,1.0
2013-08-29,491.65,496.5,491.13,491.7,15.121844295404832,8559200,0.0000,1.0
2013-08-30,492.0,492.95,486.5,487.216,14.98394242471011,9724900,0.0000,1.0
2013-09-03,493.1,500.6,487.35,488.58,15.025891165037407,11854600,0.0000,1.0
2013-09-04,499.56,502.24,496.28,498.691,15.336846966686457,12322600,0.0000,1.0
2013-09-05,500.25,500.68,493.64,495.27,15.231636819575252,8441700,0.0000,1.0
2013-09-06,498.44,499.38,489.95,498.22,15.322361734505991,12840200,0.0000,1.0
2013-09-09,505.0,507.92,503.48,506.17,15.566857691692219,12167400,0.0000,1.0
2013-09-10,506.2,507.45,489.5,494.64,15.21226166825106,26542700,0.0000,1.0
2013-09-11,467.0101,473.69,464.81,467.71,14.384050834662993,32096300,0.0000,1.0
2013-09-12,468.5,475.4,466.01,472.69,14.537206792749462,14430400,0.0000,1.0
2013-09-13,469.3402,471.8292,464.7,464.9,14.297631508915408,10672700,0.0000,1.0
2013-09-16,461.0,461.6099,447.22,450.12,13.843084308008182,19418100,0.0000,1.0
2013-09-17,447.96,459.71,447.5,455.32,14.003006191953892,14263600,0.0000,1.0
2013-09-18,463.18,466.35,460.66,464.68,14.290865583056167,16316500,0.0000,1.0
2013-09-19,470.7,475.83,469.25,472.3,14.525212651453534,14447900,0.0000,1.0
2013-09-20,478.0,478.55,466.0,467.41,14.374824572127666,24975100,0.0000,1.0
2013-09-23,496.1,496.91,482.6,490.64,15.089244834446669,27218100,0.0000,1.0
2013-09-24,494.88,495.47,487.82,489.1,15.04188335343198,13012300,0.0000,1.0
2013-09-25,489.2,489.64,481.4301,481.53,14.809073995457165,11319900,0.0000,1.0
2013-09-26,486.0,488.56,483.9,486.22,14.953311233092817,8472200,0.0000,1.0
2013-09-27,483.78,484.67,480.72,482.75,14.846594129767507,8144300,0.0000,1.0
2013-09-30,477.25,481.66,474.411,476.75,14.66206887906092,9291300,0.0000,1.0
2013-10-01,478.45,489.14,478.381,487.96,15.006823555797725,12638700,0.0000,1.0
2013-10-02,485.63,491.8,483.75,489.56,15.056030289319484,10328000,0.0000,1.0
2013-10-03,490.51,492.35,480.7387,483.41,14.866891907345233,11526900,0.0000,1.0
2013-10-04,483.86,484.6,478.6,483.03,14.855205308133813,9245300,0.0000,1.0
2013-10-07,486.56,492.65,485.35,487.75,15.000365172022995,11153300,0.0000,1.0
2013-10-08,489.94,490.64,480.54,480.94,14.79092901247102,10389900,0.0000,1.0
2013-10-09,484.64,487.79,478.28,486.588,14.964628781802821,10775900,0.0000,1.0
2013-10-10,491.32,492.38,487.04,489.638,15.058429117578669,9950100,0.0000,1.0
2013-10-11,486.99,493.84,485.16,492.812,15.156042975202453,9562100,0.0000,1.0
2013-10-14,489.83,497.58,489.35,496.04,15.255317560082599,9353500,0.0000,1.0
2013-10-15,497.505,502.0,495.52,498.68,15.336508670393496,11431200,0.0000,1.0
2013-10-16,500.79,502.53,499.23,501.114,15.411364413763467,8967900,0.0000,1.0
2013-10-17,499.98,504.78,499.68,504.5,15.515498163578885,9056900,0.0000,1.0
2013-10-18,505.99,509.26,505.71,508.89,15.650509138679205,10376500,0.0000,1.0
2013-10-21,511.77,524.3,511.52,521.362,16.034075626481297,14218100,0.0000,1.0
2013-10-22,526.405,528.4496,508.03,519.8675,15.98811346195113,19073700,0.0000,1.0
2013-10-23,519.0,525.67,519.0,524.96,16.144729268488348,11204400,0.0000,1.0
2013-10-24,525.0,532.47,522.45,531.91,16.35847101722348,13741600,0.0000,1.0
2013-10-25,531.315,533.23,525.11,525.958,16.175421968522542,12064000,0.0000,1.0
2013-10-28,529.04,531.0,523.21,529.876,16.295916957233946,19658600,0.0000,1.0
2013-10-29,536.27,539.25,514.54,516.678,15.890022914096356,22707400,0.0000,1.0
2013-10-30,519.61,527.52,517.02,524.896,16.142760999147477,12648700,0.0000,1.0
2013-10-31,525.0,527.49,521.27,522.702,16.07528626580577,9846300,0.0000,1.0
2013-11-01,524.02,524.8,515.84,520.03,15.993111020824434,9817500,0.0000,1.0
2013-11-04,521.1,526.82,518.81,526.75,16.199779301615813,8736700,0.0000,1.0
2013-11-05,524.58,528.885,523.0,525.449,16.159768076420935,9471900,0.0000,1.0
2013-11-06,524.15,524.86,518.2,520.92,16.114282602121758,7977700,3.0500,1.0
2013-11-07,519.58,523.19,512.38,512.492,15.853568531303434,9379300,0.0000,1.0
2013-11-08,514.58,521.13,512.59,520.56,16.10314626307399,9975600,0.0000,1.0
2013-11-11,519.99,521.67,514.41,519.048,16.05637363907336,8123300,0.0000,1.0
2013-11-12,517.67,523.92,517.0,520.01,16.08613241175101,7295600,0.0000,1.0
2013-11-13,518.0,522.25,516.96,520.634,16.105435399433812,7043600,0.0000,1.0
2013-11-14,522.81,529.28,521.87,528.16,16.338246754082448,10086400,0.0000,1.0
2013-11-15,526.58,529.09,524.49,524.991,16.240216036186947,11354300,0.0000,1.0
2013-11-18,524.99,527.19,518.2,518.629,16.043412177792764,8748000,0.0000,1.0
2013-11-19,519.03,523.38,517.97,519.55,16.071902645189972,7462100,0.0000,1.0
2013-11-20,519.23,520.42,514.33,515.0,15.931151693336226,6925600,0.0000,1.0
2013-11-21,517.6,521.21,513.67,521.136,16.12096440555042,9358100,0.0000,1.0
2013-11-22,519.52,522.16,518.53,519.8,16.079636213973146,7990200,0.0000,1.0
2013-11-25,521.02,525.87,521.0,523.74,16.201517257995953,8189700,0.0000,1.0
2013-11-26,524.12,536.14,524.0,533.4,16.500342355777754,14335100,0.0000,1.0
2013-11-27,536.3098,546.0,533.4,545.96,16.888876851444362,12980300,0.0000,1.0
2013-11-29,549.48,558.33,547.81,556.07,17.201622373035875,11361700,0.0000,1.0
2013-12-02,558.0,564.3299,550.82,551.23,17.05190048139365,16876600,0.0000,1.0
2013-12-03,558.3,566.38,557.68,566.322,17.51876056169623,16106000,0.0000,1.0
2013-12-04,565.5,569.19,560.82,565.0,17.47786544997081,13493200,0.0000,1.0
2013-12-05,572.65,575.1358,566.41,567.901,17.567605782130748,15985000,0.0000,1.0
2013-12-06,565.79,566.75,559.57,560.02,17.323812759810007,12298300,0.0000,1.0
2013-12-09,560.9001,569.58,560.9001,566.43,17.522101463410557,11446200,0.0000,1.0
2013-12-10,563.58,567.88,561.2,565.55,17.49487930129379,9938200,0.0000,1.0
2013-12-11,567.0,570.97,559.69,561.36,17.365264688487812,12847100,0.0000,1.0
2013-12-12,562.1415,565.34,560.03,560.54,17.339898582879005,9367500,0.0000,1.0
2013-12-13,562.85,562.88,553.67,554.43,17.150890161818257,11886500,0.0000,1.0
2013-12-16,555.02,562.6389,555.01,557.5,17.24585838647562,10092600,0.0000,1.0
2013-12-17,555.81,559.44,553.375,554.99,17.16821335589257,8210800,0.0000,1.0
2013-12-18,549.7,551.45,538.8,550.77,17.037670714832608,20209400,0.0000,1.0
2013-12-19,549.5,550.0,543.7301,544.46,16.842475438745325,11439600,0.0000,1.0
2013-12-20,545.43,551.61,544.8175,549.02,16.983535733350397,15586200,0.0000,1.0
2013-12-23,568.0,570.72,562.76,570.09,17.635320910396214,17903800,0.0000,1.0
2013-12-24,569.89,571.88,566.03,567.67,17.560459964575095,5984100,0.0000,1.0
2013-12-26,568.1,569.5,563.376,563.9,17.44383774732485,7286000,0.0000,1.0
2013-12-27,563.82,564.41,559.5,560.09,17.325978159069297,8067300,0.0000,1.0
2013-12-30,557.46,560.09,552.321,554.52,17.153674246580202,9058200,0.0000,1.0
2013-12-31,554.17,561.28,554.0,561.02,17.354747034942697,7967300,0.0000,1.0
2014-01-02,555.68,557.03,552.021,553.13,17.11067560414576,8381600,0.0000,1.0
2014-01-03,552.86,553.7,540.43,540.98,16.734824161283555,14016700,0.0000,1.0
2014-01-06,537.45,546.8,533.6,543.93,16.826080272924994,14736100,0.0000,1.0
2014-01-07,544.32,545.96,537.925,540.0375,16.705668606970995,11328900,0.0000,1.0
2014-01-08,538.81,545.56,538.69,543.46,16.81154116361263,9233200,0.0000,1.0
2014-01-09,546.8,546.86,535.3501,536.519,16.59682635991662,9969600,0.0000,1.0
2014-01-10,539.83,540.8,531.11,532.94,16.486112589216717,10892000,0.0000,1.0
2014-01-13,529.91,542.5,529.88,535.73,16.572419216836927,13517600,0.0000,1.0
2014-01-14,538.22,546.73,537.66,546.39,16.90217858975142,11877200,0.0000,1.0
2014-01-15,553.52,560.2,551.66,557.36,17.241527587957048,13987100,0.0000,1.0
2014-01-16,554.9,556.85,551.68,554.25,17.145321992294374,8188500,0.0000,1.0
2014-01-17,551.48,552.07,539.9,540.67,16.72523453599242,15240700,0.0000,1.0
2014-01-21,540.99,550.07,540.42,549.07,16.985082447107033,11733100,0.0000,1.0
2014-01-22,550.9147,557.29,547.81,551.51,17.0605620784308,13570900,0.0000,1.0
2014-01-23,549.94,556.5,544.8064,556.18,17.205025143300468,14401400,0.0000,1.0
2014-01-24,554.0,555.62,544.75,546.07,16.89227962170896,15334100,0.0000,1.0
2014-01-27,550.07,554.8,545.75,550.5,17.029318460546783,19817100,0.0000,1.0
2014-01-28,508.76,515.0,502.07,506.5,15.668210354708346,38054400,0.0000,1.0
2014-01-29,503.95,507.37,498.62,500.75,15.49033827269537,17957500,0.0000,1.0
2014-01-30,502.54,506.5,496.7,499.782,15.460393894366923,24232200,0.0000,1.0
2014-01-31,495.18,501.53,493.55,500.6,15.485698131425465,16599900,0.0000,1.0
2014-02-03,502.61,507.73,499.3,501.53,15.514467007298867,14338000,0.0000,1.0
2014-02-04,505.85,509.46,502.76,508.79,15.739049844762212,13452900,0.0000,1.0
2014-02-05,506.56,515.28,506.2519,512.59,15.85660009026644,11726600,0.0000,1.0
2014-02-06,510.06,513.5,507.81,512.51,15.948474887410528,9205900,3.0500,1.0
2014-02-07,521.38,522.9299,517.38,519.68,16.171593587421714,13224300,0.0000,1.0
2014-02-10,518.66,531.99,518.0,528.99,16.461305595386033,12341400,0.0000,1.0
2014-02-11,530.61,537.75,529.5,535.96,16.67820062175674,10080600,0.0000,1.0
2014-02-12,536.95,539.56,533.24,535.92,16.676955887028644,11003600,0.0000,1.0
2014-02-13,534.66,544.85,534.2,544.43,16.941773200431044,10978500,0.0000,1.0
2014-02-14,542.47,545.9799,541.21,543.99,16.92808111842199,9747300,0.0000,1.0
2014-02-18,546.0,551.19,545.61,545.99,16.990317854826785,9294700,0.0000,1.0
2014-02-19,544.75,546.89,534.35,537.37,16.72207752092212,11206000,0.0000,1.0
2014-02-20,532.99,537.0,529.0,531.15,16.52852127070321,10923500,0.0000,1.0
2014-02-21,532.7927,534.57,524.6,525.25,16.34492289830907,9956600,0.0000,1.0
2014-02-24,523.15,529.9199,522.42,527.55,16.41649514517458,10318200,0.0000,1.0
2014-02-25,529.38,529.565,521.0,522.06,16.24565530374342,8284000,0.0000,1.0
2014-02-26,523.61,525.0,515.6,517.35,16.099087789510133,9864900,0.0000,1.0
2014-02-27,517.14,528.78,516.05,527.67,16.420229349358866,10781500,0.0000,1.0
2014-02-28,529.08,532.75,522.12,526.24,16.375730082829442,13284600,0.0000,1.0
2014-03-03,523.42,530.65,522.81,527.76,16.423030002497086,8527900,0.0000,1.0
2014-03-04,531.0,532.64,527.77,531.24,16.531321923841425,9255000,0.0000,1.0
2014-03-05,530.92,534.75,529.13,532.36,16.56617449622811,7145100,0.0000,1.0
2014-03-06,532.79,534.4399,528.1,530.75,16.51607392342225,6624600,0.0000,1.0
2014-03-07,531.09,531.98,526.05,530.44,16.50642722927951,7883200,0.0000,1.0
2014-03-10,528.36,533.33,528.3391,530.92,16.521364046016657,6378000,0.0000,1.0
2014-03-11,535.45,538.74,532.59,536.09,16.682246009623054,9972300,0.0000,1.0
2014-03-12,534.51,537.35,532.0,536.61,16.698427561088298,7118800,0.0000,1.0
2014-03-13,537.44,539.66,529.16,530.65,16.512962086602013,9205100,0.0000,1.0
2014-03-14,528.79,530.89,523.0,524.69,16.327496612115727,8471400,0.0000,1.0
2014-03-17,527.7,529.97,525.85,526.74,16.391289266930638,7126600,0.0000,1.0
2014-03-18,525.9,531.97,525.2001,531.4,16.53630086275381,7487400,0.0000,1.0
2014-03-19,532.26,536.24,529.0,531.26,16.531944291205473,8027000,0.0000,1.0
2014-03-20,529.89,532.67,527.35,528.7,16.45228126860734,7442800,0.0000,1.0
2014-03-21,531.93,533.75,526.33,532.87,16.582044864011333,13358800,0.0000,1.0
2014-03-24,538.42,540.5,535.06,539.19,16.778712951050483,12703600,0.0000,1.0
2014-03-25,541.5,545.75,539.59,544.99,16.959199486624385,10081900,0.0000,1.0
2014-03-26,546.52,549.0,538.86,539.78,16.797072788289896,10706000,0.0000,1.0
2014-03-27,540.015,541.5,535.1201,537.46,16.724878174060336,7929700,0.0000,1.0
2014-03-28,538.32,538.9399,534.25,536.86,16.706207153138898,7163000,0.0000,1.0
2014-03-31,539.23,540.81,535.93,536.74,16.70247294895461,6023900,0.0000,1.0
2014-04-01,537.76,541.87,536.77,541.65,16.855264136828378,7170000,0.0000,1.0
2014-04-02,542.38,543.48,540.26,542.55,16.883270668210535,6443600,0.0000,1.0
2014-04-03,541.39,542.5,537.64,538.79,16.766265603769522,5798000,0.0000,1.0
2014-04-04,539.81,540.0,530.58,531.82,16.54937057739882,9830400,0.0000,1.0
2014-04-07,528.02,530.9,521.89,523.47,16.289532202908802,10351800,0.0000,1.0
2014-04-08,525.19,526.12,518.7001,523.44,16.28859865186273,8710300,0.0000,1.0
2014-04-09,522.64,530.49,522.02,530.32,16.502693025095223,7363200,0.0000,1.0
2014-04-10,530.68,532.24,523.17,523.48,16.289843386590825,8559000,0.0000,1.0
2014-04-11,519.0,522.83,517.14,519.61,16.16941530164755,9704200,0.0000,1.0
2014-04-14,521.9,522.16,517.21,521.68,16.23383032382651,7345500,0.0000,1.0
2014-04-15,520.27,521.64,511.33,517.9599,16.11806688227677,9517500,0.0000,1.0
2014-04-16,518.05,521.09,514.1354,519.01,16.15074428072611,7670200,0.0000,1.0
2014-04-17,520.0,527.76,519.2,524.94,16.335276204166327,10154800,0.0000,1.0
2014-04-21,525.34,532.14,523.96,531.17,16.529143638067257,6519600,0.0000,1.0
2014-04-22,528.31,531.826,526.501,531.699,16.545605254846325,7234400,0.0000,1.0
2014-04-23,529.06,531.13,524.45,524.75,16.32936371420787,14105000,0.0000,1.0
2014-04-24,568.21,570.0,560.73,567.77,17.66807591427499,27139700,0.0000,1.0
2014-04-25,564.53,571.99,563.96,571.94,17.79783950967899,13938400,0.0000,1.0
2014-04-28,572.8,595.75,572.55,594.09,18.487111365362082,23910200,0.0000,1.0
2014-04-29,593.74,595.98,589.51,592.33,18.432343037325865,12049200,0.0000,1.0
2014-04-30,592.64,599.43,589.8,590.09,18.362637892552495,16308600,0.0000,1.0
2014-05-01,592.0,594.8,586.36,591.48,18.405892424353826,8716000,0.0000,1.0
2014-05-02,592.34,594.2,589.71,592.58,18.440122629376464,6839800,0.0000,1.0
2014-05-05,590.14,601.0,590.0,600.96,18.70089455491255,10252400,0.0000,1.0
2014-05-06,601.8,604.4099,594.41,594.41,18.49706924318685,13377300,0.0000,1.0
2014-05-07,595.25,597.29,587.73,592.33,18.432343037325865,10102300,0.0000,1.0
2014-05-08,588.25,594.41,586.4,587.99,18.399668750713346,8224900,3.2900,1.0
2014-05-09,584.54,586.25,580.33,585.5425,18.323080391613072,10414200,0.0000,1.0
2014-05-12,587.49,593.66,587.4,592.83,18.551124382192544,7614600,0.0000,1.0
2014-05-13,592.0,594.54,590.7,593.76,18.580226394026354,5704900,0.0000,1.0
2014-05-14,592.43,597.4,591.74,593.87,18.583668567469065,5943000,0.0000,1.0
2014-05-15,594.7,596.6,588.04,588.82,18.42564151396288,8244500,0.0000,1.0
2014-05-16,588.63,597.53,585.4,597.51,18.697573215936888,9866300,0.0000,1.0
2014-05-19,597.85,607.33,597.33,604.59,18.91912401570398,11348400,0.0000,1.0
2014-05-20,604.51,606.4,600.73,604.71,18.922879114005116,8387000,0.0000,1.0
2014-05-21,603.83,606.7,602.06,606.31,18.972947091353607,7030700,0.0000,1.0
2014-05-22,606.6,609.85,604.1,607.27,19.002987877762706,7170000,0.0000,1.0
2014-05-23,607.25,614.7293,606.47,614.13,19.217654330644375,8293200,0.0000,1.0
2014-05-27,615.88,625.86,615.63,625.63,19.577517917836683,12459500,0.0000,1.0
2014-05-28,626.02,629.83,623.78,624.01,19.52682409077133,11267200,0.0000,1.0
2014-05-29,627.85,636.87,627.77,635.38,19.88261965480407,13445500,0.0000,1.0
2014-05-30,637.98,644.17,628.9,633.0,19.808143538498186,20143600,0.0000,1.0
2014-06-02,633.96,634.83,622.5,628.65,19.672021225081966,13191100,0.0000,1.0
2014-06-03,628.46,638.74,628.25,637.54,19.950211424224538,10453900,0.0000,1.0
2014-06-04,637.44,647.89,636.11,644.82,20.17802072116019,11981500,0.0000,1.0
2014-06-05,646.2,649.3699,642.61,647.35,20.2571907103425,10850200,0.0000,1.0
2014-06-06,649.9,651.26,644.47,645.57,20.201490085542297,12497800,0.0000,1.0
2014-06-09,92.7,93.88,91.75,93.7,20.524761989060504,75414997,0.0000,7.000007000007001
2014-06-10,94.73,95.05,93.57,94.25,20.645238180031512,62777000,0.0000,1.0
2014-06-11,94.13,94.76,93.47,93.86,20.55980960825207,45681000,0.0000,1.0
2014-06-12,94.04,94.12,91.9,92.29,20.215904844934837,54749000,0.0000,1.0
2014-06-13,92.2,92.44,90.88,91.28,19.994666748788077,54525000,0.0000,1.0
2014-06-16,91.51,92.75,91.45,92.2,20.19619055913958,35561000,0.0000,1.0
2014-06-17,92.31,92.7,91.8,92.08,20.169904844745904,29726000,0.0000,1.0
2014-06-18,92.27,92.29,91.35,92.18,20.191809606740634,33514000,0.0000,1.0
2014-06-19,92.29,92.3,91.3389,91.86,20.1217143683575,35528000,0.0000,1.0
2014-06-20,91.85,92.55,90.9,90.91,19.913619129407582,100898000,0.0000,1.0
2014-06-23,91.32,91.62,90.6,90.83,19.8960953198118,43694000,0.0000,1.0
2014-06-24,90.75,91.74,90.19,90.28,19.775619128840795,39036000,0.0000,1.0
2014-06-25,90.21,90.7,89.65,90.36,19.793142938436578,36869000,0.0000,1.0
2014-06-26,90.37,91.05,89.8,90.9,19.911428653208112,32629000,0.0000,1.0
2014-06-27,90.82,92.0,90.77,91.98,20.148000082751178,64029000,0.0000,1.0
2014-06-30,92.1,93.725,92.09,92.93,20.356095321701098,49589000,0.0000,1.0
2014-07-01,93.52,94.07,93.13,93.52,20.48533341746999,38223000,0.0000,1.0
2014-07-02,93.865,94.06,93.09,93.48,20.476571512672102,28465000,0.0000,1.0
2014-07-03,93.67,94.1,93.2,94.03,20.59704770364311,22891800,0.0000,1.0
2014-07-07,94.14,95.99,94.1,95.968,21.021561991100945,56468000,0.0000,1.0
2014-07-08,96.27,96.8,93.92,95.35,20.88619056197352,65222000,0.0000,1.0
2014-07-09,95.44,95.95,94.76,95.39,20.894952466771414,36436000,0.0000,1.0
2014-07-10,93.76,95.55,93.52,95.035,20.81719056169013,39686000,0.0000,1.0
2014-07-11,95.36,95.89,94.8625,95.22,20.857714371380375,34018000,0.0000,1.0
2014-07-14,95.86,96.89,95.65,96.45,21.127142943915537,42810000,0.0000,1.0
2014-07-15,96.8,96.85,95.03,95.32,20.879619133375105,45477900,0.0000,1.0
2014-07-16,96.97,97.1,94.74,94.78,20.761333418603574,53502000,0.0000,1.0
2014-07-17,95.03,95.279,92.57,93.0899,20.391121036130667,57298000,0.0000,1.0
2014-07-18,93.62,94.74,93.02,94.43,20.684666751622025,49988000,0.0000,1.0
2014-07-21,94.99,95.0,93.72,93.939,20.577114370227903,39079000,0.0000,1.0
2014-07-22,94.68,94.89,94.12,94.72,20.748190561406734,55197000,0.0000,1.0
2014-07-23,95.42,97.88,95.17,97.19,21.289238182676527,92918000,0.0000,1.0
2014-07-24,97.035,97.32,96.42,97.03,21.25419056348496,45729000,0.0000,1.0
2014-07-25,96.85,97.84,96.64,97.671,21.394600087871172,43469000,0.0000,1.0
2014-07-28,97.82,99.24,97.55,99.02,21.690095327180053,55318000,0.0000,1.0
2014-07-29,99.33,99.44,98.25,98.38,21.549904850413792,43143000,0.0000,1.0
2014-07-30,98.44,98.7,97.67,98.15,21.49952389782592,33010000,0.0000,1.0
2014-07-31,97.16,97.45,95.33,95.6,20.940952466960344,56843000,0.0000,1.0
2014-08-01,94.9,96.62,94.81,96.13,21.057047705532405,48511000,0.0000,1.0
2014-08-04,96.37,96.58,95.17,95.59,20.938761990760874,39958000,0.0000,1.0
2014-08-05,95.36,95.68,94.36,95.12,20.83580960938565,55933000,0.0000,1.0
2014-08-06,94.75,95.48,94.71,94.96,20.800761990194083,38558000,0.0000,1.0
2014-08-07,94.93,95.95,94.1,94.48,20.798571513994613,46711000,0.4700,1.0
2014-08-08,94.26,94.82,93.28,94.74,20.855807210370973,41865000,0.0000,1.0
2014-08-11,95.27,96.08,94.8355,95.99,21.130978827565016,36585000,0.0000,1.0
2014-08-12,96.04,96.88,95.61,95.97,21.12657608168991,33795000,0.0000,1.0
2014-08-13,96.15,97.24,96.04,97.24,21.40615044475906,31916000,0.0000,1.0
2014-08-14,97.33,97.57,96.8,97.5,21.463386141135423,28116000,0.0000,1.0
2014-08-15,97.9,98.19,96.86,97.98,21.569052042137937,48951000,0.0000,1.0
2014-08-18,98.49,99.37,97.98,99.16,21.82881404876911,47572000,0.0000,1.0
2014-08-19,99.41,100.68,99.32,100.53,22.130402141213786,69274700,0.0000,1.0
2014-08-20,100.44,101.09,99.95,100.57,22.13920763296399,52612800,0.0000,1.0
2014-08-21,100.57,100.94,100.11,100.58,22.141409005901547,33421900,0.0000,1.0
2014-08-22,100.29,101.47,100.19,101.32,22.304310603280417,44102400,0.0000,1.0
2014-08-25,101.79,102.17,101.28,101.54,22.352740807906574,40144700,0.0000,1.0
2014-08-26,101.42,101.5,100.86,100.889,22.209431429671913,33119800,0.0000,1.0
2014-08-27,101.02,102.57,100.7,102.13,22.48262181122216,46827400,0.0000,1.0
2014-08-28,101.59,102.78,101.56,102.25,22.509038286472787,68389800,0.0000,1.0
2014-08-29,102.86,102.9,102.2,102.5,22.564072609911598,44567000,0.0000,1.0
2014-09-02,103.06,103.74,102.72,103.3,22.740182444915785,53491400,0.0000,1.0
2014-09-03,103.1,103.2,98.58,98.94,21.78038384414296,125233100,0.0000,1.0
2014-09-04,98.85,100.09,97.79,98.12,21.59987126326367,85594800,0.0000,1.0
2014-09-05,98.8,99.39,98.31,98.97,21.786987962955617,58353200,0.0000,1.0
2014-09-08,99.3,99.31,98.05,98.36,21.652704213764924,46277800,0.0000,1.0
2014-09-09,99.08,103.08,96.14,97.99,21.571253415075486,189560600,0.0000,1.0
2014-09-10,98.01,101.11,97.76,101.0,22.233866669278743,100741900,0.0000,1.0
2014-09-11,100.41,101.44,99.62,101.43,22.328525705593496,62353100,0.0000,1.0
2014-09-12,101.21,102.19,101.08,101.66,22.3791572831572,62626100,0.0000,1.0
2014-09-15,102.81,103.05,101.44,101.63,22.37255316434454,61216500,0.0000,1.0
2014-09-16,99.8,101.26,98.89,100.86,22.20304744815301,66818200,0.0000,1.0
2014-09-17,101.27,101.8,100.5922,101.58,22.36154629965678,60892400,0.0000,1.0
2014-09-18,101.93,102.35,101.56,101.79,22.40777513134538,37023900,0.0000,1.0
2014-09-19,102.29,102.35,100.88,100.96,22.225061177528534,70838500,0.0000,1.0
2014-09-22,101.8,102.14,100.58,101.06,22.24707490690406,52722000,0.0000,1.0
2014-09-23,100.6,102.94,100.54,102.64,22.59489183103733,63347200,0.0000,1.0
2014-09-24,102.16,102.85,101.2,101.75,22.398969639595173,59725174,0.0000,1.0
2014-09-25,100.51,100.71,97.72,97.87,21.544836939824858,99565849,0.0000,1.0
2014-09-26,98.53,100.75,98.4,100.75,22.178832345839936,62370501,0.0000,1.0
2014-09-29,98.65,100.435,98.63,100.11,22.037944477836586,49766312,0.0000,1.0
2014-09-30,100.81,101.54,100.53,100.75,22.178832345839936,55264139,0.0000,1.0
2014-10-01,100.59,100.69,98.7,99.18,21.83321679464422,51491286,0.0000,1.0
2014-10-02,99.27,100.22,98.04,99.9,21.991715646147988,47757828,0.0000,1.0
2014-10-03,99.44,100.21,99.04,99.62,21.93007720389652,43469585,0.0000,1.0
2014-10-06,99.95,100.65,99.42,99.62,21.93007720389652,37051182,0.0000,1.0
2014-10-07,99.43,100.12,98.73,98.75,21.738557758329467,42094183,0.0000,1.0
2014-10-08,98.76,101.11,98.31,100.8,22.189839210527698,57404674,0.0000,1.0
2014-10-09,101.54,102.38,100.61,101.02,22.238269415153848,77376525,0.0000,1.0
2014-10-10,100.69,102.03,100.3,100.73,22.17442959996483,66331592,0.0000,1.0
2014-10-13,101.33,101.78,99.81,99.81,21.971903289710017,53583368,0.0000,1.0
2014-10-14,100.39,100.52,98.57,98.75,21.738557758329467,63688562,0.0000,1.0
2014-10-15,97.97,99.15,95.18,97.54,21.472191632885632,100933600,0.0000,1.0
2014-10-16,95.55,97.72,95.41,96.26,21.190415896878932,72154523,0.0000,1.0
2014-10-17,97.5,99.0,96.81,97.67,21.500809481073812,68179688,0.0000,1.0
2014-10-20,98.315,99.96,98.22,99.76,21.960896425022256,77517279,0.0000,1.0
2014-10-21,103.02,103.02,101.27,102.47,22.55746849109894,94623904,0.0000,1.0
2014-10-22,102.84,104.11,102.6,102.99,22.67193988385166,68263146,0.0000,1.0
2014-10-23,104.08,105.051,103.63,104.83,23.076992504361293,71074674,0.0000,1.0
2014-10-24,105.18,105.49,104.53,105.22,23.162846048925836,47053916,0.0000,1.0
2014-10-27,104.85,105.48,104.7,105.11,23.13863094661276,34187701,0.0000,1.0
2014-10-28,105.4,106.74,105.35,106.74,23.49745473543379,48060949,0.0000,1.0
2014-10-29,106.65,107.37,106.36,107.34,23.629537111686936,52687879,0.0000,1.0
2014-10-30,106.959,107.35,105.9,106.98,23.55028768593505,40654793,0.0000,1.0
2014-10-31,108.01,108.04,107.21,108.0,23.77482772556539,44639285,0.0000,1.0
2014-11-03,108.22,110.3,108.01,109.4,24.08301993682272,52282550,0.0000,1.0
2014-11-04,109.36,109.49,107.72,108.6,23.90691010181853,41574365,0.0000,1.0
2014-11-05,109.1,109.3,108.125,108.86,23.96414579819489,37435905,0.0000,1.0
2014-11-06,108.6,108.79,107.8,108.7,24.032388359259016,34968457,0.4700,1.0
2014-11-07,108.75,109.32,108.55,109.01,24.10092598935442,33691535,0.0000,1.0
2014-11-10,109.02,109.33,108.67,108.83,24.061129946073216,27195547,0.0000,1.0
2014-11-11,108.7,109.75,108.4,109.7,24.253477488599025,27442252,0.0000,1.0
2014-11-12,109.38,111.43,109.37,111.25,24.59616563907604,46942431,0.0000,1.0
2014-11-13,111.8,113.45,111.6,112.82,24.943275572139854,59522855,0.0000,1.0
2014-11-14,113.15,114.19,113.05,114.18,25.24395678804227,44063595,0.0000,1.0
2014-11-17,114.27,117.28,113.3,113.99,25.201949853467664,46746712,0.0000,1.0
2014-11-18,113.94,115.69,113.89,115.47,25.52916176489088,44223978,0.0000,1.0
2014-11-19,115.44,115.74,113.8,114.67,25.35229046141887,41869160,0.0000,1.0
2014-11-20,114.91,116.86,114.85,116.31,25.714876633536488,43395537,0.0000,1.0
2014-11-21,117.51,117.57,116.03,116.47,25.750250894230888,57179298,0.0000,1.0
2014-11-24,116.85,118.77,116.62,118.625,26.226697967958607,47450824,0.0000,1.0
2014-11-25,119.07,119.75,117.45,117.6,26.0000816103851,68840440,0.0000,1.0
2014-11-26,117.94,119.1,117.83,119.0,26.309606391461113,40831886,0.0000,1.0
2014-11-28,119.27,119.4,118.05,118.93,26.294130152407313,24814402,0.0000,1.0
2014-12-01,118.81,119.25,111.27,115.07,25.440726113154874,83814037,0.0000,1.0
2014-12-02,113.5,115.75,112.75,114.63,25.343446896245272,59348940,0.0000,1.0
2014-12-03,115.75,116.35,115.11,115.93,25.630862764387285,43063440,0.0000,1.0
2014-12-04,115.77,117.2,115.29,115.49,25.53358354747768,42155776,0.0000,1.0
2014-12-05,115.99,116.08,114.64,115.0,25.425249874101073,38318895,0.0000,1.0
2014-12-08,114.1,114.648,111.62,112.4,24.85041813781705,57664850,0.0000,1.0
2014-12-09,110.19,114.3,109.35,114.12,25.230691440281866,60208036,0.0000,1.0
2014-12-10,114.41,114.85,111.54,111.95,24.750928029614048,44565318,0.0000,1.0
2014-12-11,112.26,113.8,111.34,111.62,24.677968616931846,41471578,0.0000,1.0
2014-12-12,110.46,111.87,109.58,109.73,24.260110162479226,56028138,0.0000,1.0
2014-12-15,110.7,111.6,106.35,108.225,23.92737102282251,67218082,0.0000,1.0
2014-12-16,106.37,110.16,106.26,106.745,23.6001591113993,60790733,0.0000,1.0
2014-12-17,107.12,109.84,106.82,109.41,24.18936164109042,53411773,0.0000,1.0
2014-12-18,111.87,112.65,110.66,112.65,24.905690420152055,59006218,0.0000,1.0
2014-12-19,112.26,113.24,111.66,111.78,24.713342877626246,88429770,0.0000,1.0
2014-12-22,112.16,113.49,111.97,112.94,24.969806267660655,45167549,0.0000,1.0
2014-12-23,113.23,113.33,112.46,112.54,24.881370615924652,26028419,0.0000,1.0
2014-12-24,112.58,112.71,112.01,112.01,24.764193377374447,14479611,0.0000,1.0
2014-12-26,112.1,114.52,112.01,113.99,25.201949853467664,33720951,0.0000,1.0
2014-12-29,113.79,114.77,113.7,113.91,25.184262723120465,27598920,0.0000,1.0
2014-12-30,113.64,113.92,112.11,112.52,24.876948833337853,29881477,0.0000,1.0
2014-12-31,112.82,113.13,110.21,110.38,24.403818096550232,41403351,0.0000,1.0
2015-01-02,111.39,111.44,107.35,109.33,24.171674510743223,53204626,0.0000,1.0
2015-01-05,108.29,108.65,105.41,106.25,23.490719992375993,64285491,0.0000,1.0
2015-01-06,106.54,107.43,104.63,106.26,23.492930883669395,65797116,0.0000,1.0
2015-01-07,107.2,108.2,106.695,107.75,23.822353686386005,40105934,0.0000,1.0
2015-01-08,109.23,112.15,108.7,111.89,24.737662681853646,59364547,0.0000,1.0
2015-01-09,112.67,113.25,110.21,112.01,24.764193377374447,53315099,0.0000,1.0
2015-01-12,112.6,112.63,108.8,109.25,24.15398738039602,49650790,0.0000,1.0
2015-01-13,111.43,112.8,108.91,110.22,24.36844383585583,67091928,0.0000,1.0
2015-01-14,109.04,110.49,108.5,109.8,24.275586401533026,48956588,0.0000,1.0
2015-01-15,110.0,110.06,106.66,106.82,23.616740796099798,60013996,0.0000,1.0
2015-01-16,107.03,107.58,105.2,105.99,23.433236818747588,78513345,0.0000,1.0
2015-01-20,107.84,108.9667,106.5,108.72,24.036810141845816,49899907,0.0000,1.0
2015-01-21,108.95,111.06,108.27,109.55,24.220314119198022,48575897,0.0000,1.0
2015-01-22,110.26,112.47,109.72,112.4,24.85041813781705,53796409,0.0000,1.0
2015-01-23,112.3,113.75,111.53,112.98,24.978649832834257,46464828,0.0000,1.0
2015-01-26,113.74,114.3626,112.8,113.1,25.005180528355055,55614979,0.0000,1.0
2015-01-27,112.42,112.48,109.03,109.14,24.12966757616862,95568749,0.0000,1.0
2015-01-28,117.625,118.12,115.31,115.31,25.49378750419648,146477063,0.0000,1.0
2015-01-29,116.32,119.19,115.56,118.9,26.28749747852711,84436432,0.0000,1.0
2015-01-30,118.4,120.0,116.85,117.16,25.902802393475493,83745461,0.0000,1.0
2015-02-02,118.05,119.17,116.08,118.63,26.227803413605308,62739100,0.0000,1.0
2015-02-03,118.5,119.09,117.61,118.65,26.23222519619211,51915749,0.0000,1.0
2015-02-04,118.5,120.51,118.309,119.56,26.43341630389152,70149743,0.0000,1.0
2015-02-05,120.02,120.23,119.25,119.94,26.62134206383052,42246245,0.4700,1.0
2015-02-06,120.02,120.25,118.45,118.93,26.397167013935004,43706567,0.0000,1.0
2015-02-09,118.55,119.84,118.43,119.72,26.57251185494239,38889797,0.0000,1.0
2015-02-10,120.17,122.15,120.16,122.02,27.08300949331833,62008506,0.0000,1.0
2015-02-11,122.77,124.92,122.5,124.88,27.71780220886406,73561797,0.0000,1.0
2015-02-12,126.06,127.48,125.57,126.46,28.06849189087884,74474466,0.0000,1.0
2015-02-13,127.28,127.28,125.65,127.08,28.206104297745398,54272219,0.0000,1.0
2015-02-17,127.49,128.88,126.92,127.83,28.372570918954942,63152405,0.0000,1.0
2015-02-18,127.625,128.78,127.45,128.715,28.569001531982206,44891737,0.0000,1.0
2015-02-19,128.48,129.03,128.33,128.45,28.510183325821497,37362381,0.0000,1.0
2015-02-20,128.62,129.5,128.05,129.495,28.742126818040134,48948419,0.0000,1.0
2015-02-23,130.02,133.0,129.66,133.0,29.520080827826078,70974110,0.0000,1.0
2015-02-24,132.94,133.6,131.17,132.17,29.335857767020844,69228130,0.0000,1.0
2015-02-25,131.56,131.6,128.15,128.79,28.585648194103157,74711746,0.0000,1.0
2015-02-26,128.785,130.87,126.61,130.415,28.946325873390506,91287529,0.0000,1.0
2015-02-27,130.0,130.57,128.24,128.46,28.512402880770964,62014847,0.0000,1.0
2015-03-02,129.25,130.28,128.3,129.09,28.65223484258698,48096663,0.0000,1.0
2015-03-03,128.96,129.52,128.09,129.36,28.712162826222418,37816283,0.0000,1.0
2015-03-04,129.1,129.56,128.32,128.54,28.530159320366643,31666340,0.0000,1.0
2015-03-05,128.58,128.75,125.76,126.41,28.057394116131537,56517146,0.0000,1.0
2015-03-06,128.4,129.37,126.26,126.6,28.099565660171287,72842060,0.0000,1.0
2015-03-09,127.96,129.57,125.06,127.14,28.21942162744216,88528487,0.0000,1.0
2015-03-10,126.41,127.22,123.8,124.51,27.635678675734024,68856582,0.0000,1.0
2015-03-11,124.75,124.77,122.11,122.24,27.131839702206463,68938974,0.0000,1.0
2015-03-12,122.31,124.9,121.63,124.45,27.62236134603726,48362719,0.0000,1.0
2015-03-13,124.4,125.3951,122.58,123.59,27.431479620383644,51827283,0.0000,1.0
2015-03-16,123.88,124.95,122.87,124.95,27.73333909351029,35874300,0.0000,1.0
2015-03-17,125.9,127.32,125.65,127.04,28.197226077947555,51023104,0.0000,1.0
2015-03-18,127.0,129.16,126.37,128.47,28.514622435720423,65270945,0.0000,1.0
2015-03-19,128.75,129.2451,127.4,127.495,28.298215828148013,45809490,0.0000,1.0
2015-03-20,128.25,128.4,125.16,125.9,27.944196813709045,68695136,0.0000,1.0
2015-03-23,127.12,127.85,126.52,127.21,28.234958512088383,37709674,0.0000,1.0
2015-03-24,127.23,128.04,126.56,126.69,28.119541654716432,32842304,0.0000,1.0
2015-03-25,126.54,126.82,123.38,123.38,27.384868966444973,51655177,0.0000,1.0
2015-03-26,122.76,124.88,122.6,124.24,27.575750692098584,47572869,0.0000,1.0
2015-03-27,124.57,124.7,122.91,123.25,27.356014752101984,39546151,0.0000,1.0
2015-03-30,124.05,126.4,124.0,126.37,28.048515896333694,47099670,0.0000,1.0
2015-03-31,126.09,126.49,124.355,124.43,27.617922236138337,42090553,0.0000,1.0
2015-04-01,124.82,125.12,123.1,124.25,27.577970247048047,40621437,0.0000,1.0
2015-04-02,125.03,125.56,124.19,125.32,27.81546262664033,32220131,0.0000,1.0
2015-04-06,124.47,127.51,124.33,127.35,28.26603228138083,37193975,0.0000,1.0
2015-04-07,127.64,128.1218,125.98,126.01,27.968611918153112,35012268,0.0000,1.0
2015-04-08,125.85,126.4,124.97,125.6,27.877610165225224,37329243,0.0000,1.0
2015-04-09,125.85,126.58,124.66,126.56,28.090687440373447,32483974,0.0000,1.0
2015-04-10,125.95,127.21,125.26,127.1,28.210543407644316,40187953,0.0000,1.0
2015-04-13,128.37,128.57,126.61,126.85,28.1550545339078,36365123,0.0000,1.0
2015-04-14,127.0,127.29,125.91,126.3,28.03297901168747,25524593,0.0000,1.0
2015-04-15,126.41,127.13,126.01,126.78,28.139517649261578,28970419,0.0000,1.0
2015-04-16,126.28,127.1,126.11,126.17,28.00412479734448,28368987,0.0000,1.0
2015-04-17,125.55,126.14,124.46,124.75,27.688947994521076,51957046,0.0000,1.0
2015-04-20,125.57,128.12,125.17,127.6,28.32152115511735,47054310,0.0000,1.0
2015-04-21,128.1,128.2,126.67,126.91,28.168371863604566,32435057,0.0000,1.0
2015-04-22,126.99,128.87,126.32,128.62,28.547915759962333,37654505,0.0000,1.0
2015-04-23,128.3,130.42,128.14,129.67,28.78096902965569,45770902,0.0000,1.0
2015-04-24,130.49,130.63,129.23,130.28,28.91636188157279,44525905,0.0000,1.0
2015-04-27,132.31,133.13,131.15,132.65,29.442396404594955,96954207,0.0000,1.0
2015-04-28,134.455,134.54,129.57,130.56,28.97850942015769,118923970,0.0000,1.0
2015-04-29,130.16,131.59,128.3,128.64,28.552354869861247,63386083,0.0000,1.0
2015-04-30,127.5,127.88,124.58,125.15,27.7777301924995,83195423,0.0000,1.0
2015-05-01,126.1,130.13,125.3,128.95,28.621161073294527,58512638,0.0000,1.0
2015-05-04,129.5,130.57,128.26,128.7,28.565672199558012,50988278,0.0000,1.0
2015-05-05,128.15,128.4498,125.78,125.8,27.92200126421444,49271416,0.0000,1.0
2015-05-06,126.56,126.75,123.36,125.01,27.746656423207053,72141010,0.0000,1.0
2015-05-07,124.77,126.08,124.02,125.26,27.917562154315515,43940895,0.5200,1.0
2015-05-08,126.68,127.62,126.11,127.62,28.443551669597205,55550382,0.0000,1.0
2015-05-11,127.39,127.56,125.625,126.32,28.153811682365763,42035757,0.0000,1.0
2015-05-12,125.6,126.88,124.82,125.865,28.05240268683476,48160032,0.0000,1.0
2015-05-13,126.15,127.19,125.87,126.01,28.08471983925673,34694235,0.0000,1.0
2015-05-14,127.41,128.95,127.16,128.95,28.73997796422629,45203456,0.0000,1.0
2015-05-15,129.07,129.49,128.21,128.77,28.699860119840405,38208034,0.0000,1.0
2015-05-18,128.38,130.72,128.36,130.19,29.016345336662436,50882918,0.0000,1.0
2015-05-19,130.69,130.88,129.64,130.07,28.98960010707184,44633240,0.0000,1.0
2015-05-20,130.0,130.98,129.34,130.06,28.987371337939294,36454932,0.0000,1.0
2015-05-21,130.07,131.63,129.83,131.39,29.28379763256838,39730364,0.0000,1.0
2015-05-22,131.6,132.97,131.4,132.54,29.540106082811576,45595972,0.0000,1.0
2015-05-26,132.6,132.91,129.12,129.62,28.889305496107113,70697560,0.0000,1.0
2015-05-27,130.34,132.26,130.05,132.045,29.429782010750372,45833246,0.0000,1.0
2015-05-28,131.86,131.95,131.1,131.78,29.370719628737813,30733309,0.0000,1.0
2015-05-29,131.23,131.45,129.9,130.28,29.036404258855384,50884452,0.0000,1.0
2015-06-01,131.2,131.39,130.05,130.535,29.093237871735397,32112797,0.0000,1.0
2015-06-02,129.86,130.655,129.32,129.96,28.9650836466138,33667627,0.0000,1.0
2015-06-03,130.66,130.94,129.9,130.12,29.00074395273459,30983542,0.0000,1.0
2015-06-04,129.58,130.58,128.91,129.36,28.83135749866083,38450118,0.0000,1.0
2015-06-05,129.5,129.69,128.36,128.65,28.67311489024981,35626800,0.0000,1.0
2015-06-08,128.9,129.21,126.83,127.8,28.4836695139831,52674786,0.0000,1.0
2015-06-09,126.7,128.08,125.62,127.42,28.398976286946215,56075420,0.0000,1.0
2015-06-10,127.92,129.34,127.85,128.88,28.724376580298447,39087250,0.0000,1.0
2015-06-11,129.18,130.18,128.475,128.59,28.659742275454512,35390887,0.0000,1.0
2015-06-12,128.185,128.33,127.11,127.17,28.343257058632478,36886246,0.0000,1.0
2015-06-15,126.1,127.24,125.71,126.92,28.28753783031874,43988946,0.0000,1.0
2015-06-16,127.03,127.85,126.37,127.6,28.439094131332105,31494131,0.0000,1.0
2015-06-17,127.72,127.88,126.74,127.3,28.37223105735562,32918071,0.0000,1.0
2015-06-18,127.23,128.31,127.22,127.88,28.501499667043493,35407220,0.0000,1.0
2015-06-19,127.71,127.82,126.4,126.6,28.21621721807715,54716887,0.0000,1.0
2015-06-22,127.49,128.06,127.08,127.61,28.441322900464655,34039345,0.0000,1.0
2015-06-23,127.48,127.61,126.8792,127.03,28.312054290776782,30268863,0.0000,1.0
2015-06-24,127.21,129.8,127.12,128.11,28.552761357092137,55280855,0.0000,1.0
2015-06-25,128.86,129.2,127.5,127.5,28.41680644000661,31938100,0.0000,1.0
2015-06-26,127.67,127.99,126.51,126.75,28.249648755065397,44066841,0.0000,1.0
2015-06-29,125.46,126.47,124.48,124.53,27.7548620076394,49161427,0.0000,1.0
2015-06-30,125.57,126.12,124.86,125.425,27.954336845002583,44370682,0.0000,1.0
2015-07-01,126.9,126.94,125.99,126.6,28.21621721807715,30238811,0.0000,1.0
2015-07-02,126.43,126.69,125.77,126.44,28.18055691195636,27210952,0.0000,1.0
2015-07-06,124.94,126.23,124.85,126.0,28.08249107012418,28060431,0.0000,1.0
2015-07-07,125.89,126.15,123.77,125.69,28.013399227015146,46946811,0.0000,1.0
2015-07-08,124.48,124.64,122.54,122.57,27.31802325765969,60761614,0.0000,1.0
2015-07-09,123.85,124.06,119.22,120.07,26.760830974522303,78595038,0.0000,1.0
2015-07-10,121.94,123.85,121.21,123.28,27.476265866070708,61354474,0.0000,1.0
2015-07-13,125.03,125.755,124.32,125.66,28.006712919617495,41440538,0.0000,1.0
2015-07-14,126.04,126.37,125.04,125.61,27.995569073954748,31768139,0.0000,1.0
2015-07-15,125.72,127.15,125.58,126.82,28.265250138993242,33649200,0.0000,1.0
2015-07-16,127.74,128.57,127.35,128.51,28.641912122394114,36222447,0.0000,1.0
2015-07-17,129.08,129.62,128.31,129.62,28.889305496107113,46164710,0.0000,1.0
2015-07-20,130.97,132.97,130.7,132.07,29.435353933581748,58900203,0.0000,1.0
2015-07-21,132.85,132.92,130.32,130.75,29.141156408085212,76756427,0.0000,1.0
2015-07-22,121.99,125.5,121.99,125.22,27.908647077785318,115450607,0.0000,1.0
2015-07-23,126.2,127.09,125.06,125.16,27.89527446299002,50999452,0.0000,1.0
2015-07-24,125.32,125.74,123.9,124.5,27.74817570024175,42162332,0.0000,1.0
2015-07-27,123.09,123.61,122.12,122.77,27.36259864031068,44455540,0.0000,1.0
2015-07-28,123.38,123.91,122.55,123.38,27.4985535573962,33618097,0.0000,1.0
2015-07-29,123.15,123.5,122.27,122.99,27.41163156122677,37011653,0.0000,1.0
2015-07-30,122.32,122.5699,121.71,122.37,27.2734478750087,33628268,0.0000,1.0
2015-07-31,122.6,122.6425,120.91,121.3,27.034969577825898,42884953,0.0000,1.0
2015-08-03,121.5,122.57,117.52,118.44,26.39754160591673,69975968,0.0000,1.0
2015-08-04,117.42,117.7,113.25,114.64,25.550609335547904,124138623,0.0000,1.0
2015-08-05,112.95,117.44,112.1,115.4,25.71999578962167,98384461,0.0000,1.0
2015-08-06,115.97,116.5,114.115,115.13,25.775715017935404,52903040,0.5200,1.0
2015-08-07,114.58,116.25,114.5,115.52,25.863029608893406,38670405,0.0000,1.0
2015-08-10,116.53,119.99,116.53,119.72,26.803340588441124,54951597,0.0000,1.0
2015-08-11,117.81,118.18,113.33,113.49,25.408545968778675,97082814,0.0000,1.0
2015-08-12,112.53,115.42,109.63,115.24,25.80034221025689,101685610,0.0000,1.0
2015-08-13,116.04,116.4,114.54,115.15,25.780192689266585,48535789,0.0000,1.0
2015-08-14,114.32,116.31,114.01,115.96,25.961538378179355,42929516,0.0000,1.0
2015-08-17,116.04,117.65,115.5,117.16,26.230198658050135,40884745,0.0000,1.0
2015-08-18,116.43,117.44,116.01,116.5,26.082435504121207,34560708,0.0000,1.0
2015-08-19,116.1,116.52,114.68,115.01,25.74884898994833,48286510,0.0000,1.0
2015-08-20,114.08,114.35,111.63,112.65,25.220483772869134,68501622,0.0000,1.0
2015-08-21,110.43,111.9,105.645,105.76,23.67792599927776,128275471,0.0000,1.0
2015-08-24,94.87,108.8,92.0,103.12,23.08687338356205,162206292,0.0000,1.0
2015-08-25,111.11,111.11,103.5,103.74,23.225681194828617,103601599,0.0000,1.0
2015-08-26,107.085,109.89,105.05,109.69,24.557788415854553,96774611,0.0000,1.0
2015-08-27,112.25,113.24,110.02,112.92,25.28093233584006,84616056,0.0000,1.0
2015-08-28,112.17,113.31,111.54,113.29,25.36376925546688,53164407,0.0000,1.0
2015-08-31,112.13,114.53,112.0,112.76,25.245110965190623,56229271,0.0000,1.0
2015-09-01,110.18,111.88,107.36,107.72,24.11673778973336,76845860,0.0000,1.0
2015-09-02,110.0,112.34,109.131,112.34,25.15107986723585,61888812,0.0000,1.0
2015-09-03,112.49,112.78,110.04,110.37,24.71002924111466,53233940,0.0000,1.0
2015-09-04,108.97,110.45,108.51,109.27,24.46375731789978,49996311,0.0000,1.0
2015-09-08,111.65,112.56,110.32,112.31,25.14436336023908,54843626,0.0000,1.0
2015-09-09,113.76,114.02,109.77,110.15,24.660774856471683,85010804,0.0000,1.0
2015-09-10,110.27,113.2825,109.9,112.57,25.202573087544412,62892831,0.0000,1.0
2015-09-11,111.79,114.21,111.76,114.21,25.56974213670114,49915473,0.0000,1.0
2015-09-14,116.58,116.89,114.86,115.31,25.81601405991602,58363431,0.0000,1.0
2015-09-15,115.93,116.53,114.42,116.28,26.033181119478233,43341155,0.0000,1.0
2015-09-16,116.25,116.54,115.44,116.41,26.0622859831309,37173489,0.0000,1.0
2015-09-17,115.66,116.49,113.715,113.92,25.504815902399038,64112641,0.0000,1.0
2015-09-18,112.21,114.3,111.87,113.45,25.399590626116318,74285291,0.0000,1.0
2015-09-21,113.67,115.37,113.66,115.21,25.793625703260123,50221965,0.0000,1.0
2015-09-22,113.38,114.18,112.5201,113.4,25.38839644778837,50346159,0.0000,1.0
2015-09-23,113.63,114.72,113.3,114.32,25.59436932902263,35756716,0.0000,1.0
2015-09-24,113.25,115.5,112.37,115.0,25.746610154282738,50219475,0.0000,1.0
2015-09-25,116.44,116.69,114.02,114.71,25.68168391998063,56151926,0.0000,1.0
2015-09-28,113.85,114.57,112.44,112.44,25.173468223891746,50782189,0.0000,1.0
2015-09-29,112.83,113.51,107.86,109.06,24.416741768922396,73365384,0.0000,1.0
2015-09-30,110.17,111.54,108.73,109.95,24.61599814315989,65041596,0.0000,1.0
2015-10-01,109.07,109.62,107.31,109.58,24.533161223533064,63929100,0.0000,1.0
2015-10-02,108.01,111.0136,107.55,110.38,24.712268076780248,58019758,0.0000,1.0
2015-10-05,109.88,111.3698,109.07,110.78,24.80182150340384,52064743,0.0000,1.0
2015-10-06,110.63,111.74,109.765,111.31,24.9204797936801,48856977,0.0000,1.0
2015-10-07,111.74,111.77,109.41,110.78,24.80182150340384,46765550,0.0000,1.0
2015-10-08,110.19,110.19,108.21,109.5,24.515250538208345,61979577,0.0000,1.0
2015-10-09,110.0,112.28,109.49,112.12,25.101825482592876,52766140,0.0000,1.0
2015-10-12,112.73,112.75,111.44,111.6,24.985406027982204,30467204,0.0000,1.0
2015-10-13,110.82,112.45,110.68,111.79,25.027943905628412,33049256,0.0000,1.0
2015-10-14,111.29,111.52,109.56,110.21,24.67420787046522,44462449,0.0000,1.0
2015-10-15,110.93,112.1,110.49,111.86,25.04361575528754,37673452,0.0000,1.0
2015-10-16,111.78,112.0,110.53,111.04,24.860031230709176,39232609,0.0000,1.0
2015-10-19,110.8,111.75,110.11,111.73,25.014510891634874,29759153,0.0000,1.0
2015-10-20,111.34,114.17,110.82,113.77,25.47123336741519,48967763,0.0000,1.0
2015-10-21,114.0,115.58,113.7,113.76,25.4689945317496,42326974,0.0000,1.0
2015-10-22,114.33,115.5,114.1,115.5,25.85855193756223,41654089,0.0000,1.0
2015-10-23,116.7,119.228,116.33,119.08,26.660055105843377,59366914,0.0000,1.0
2015-10-26,118.08,118.13,114.92,115.28,25.80929755291925,66333781,0.0000,1.0
2015-10-27,115.4,116.54,113.99,114.55,25.645862549331195,69884400,0.0000,1.0
2015-10-28,116.93,119.3,116.06,119.27,26.702592983489584,85551352,0.0000,1.0
2015-10-29,118.7,120.69,118.27,120.53,26.984686277353898,51227334,0.0000,1.0
2015-10-30,120.99,121.22,119.45,119.5,26.75408620379815,49365254,0.0000,1.0
2015-11-02,119.87,121.36,119.61,121.18,27.130210595617235,32203267,0.0000,1.0
2015-11-03,120.79,123.49,120.7,122.57,27.441408753134215,45518976,0.0000,1.0
2015-11-04,123.13,123.82,121.62,122.0,27.3137951201956,44886050,0.0000,1.0
2015-11-05,121.85,122.69,120.18,120.92,27.188420322922575,39552680,0.5200,1.0
2015-11-06,121.11,121.81,120.62,121.06,27.21989881155315,33042283,0.0000,1.0
2015-11-09,120.96,121.81,120.05,120.57,27.109724101346135,33871405,0.0000,1.0
2015-11-10,116.9,118.07,116.061,116.77,26.255307981373377,59127931,0.0000,1.0
2015-11-11,116.37,117.42,115.21,116.11,26.10690939211495,45217971,0.0000,1.0
2015-11-12,116.26,116.82,115.65,115.72,26.01921931664406,32525579,0.0000,1.0
2015-11-13,115.2,115.57,112.27,112.34,25.259238662563032,45812403,0.0000,1.0
2015-11-16,111.38,114.24,111.0,114.175,25.671831709970927,38106701,0.0000,1.0
2015-11-17,114.92,115.05,113.32,113.69,25.562781231500722,27583101,0.0000,1.0
2015-11-18,115.76,117.49,115.5,117.29,26.37222808200123,46674697,0.0000,1.0
2015-11-19,117.64,119.75,116.76,118.78,26.707249139569495,43295820,0.0000,1.0
2015-11-20,119.2,119.92,118.85,119.3,26.824169240197346,34287096,0.0000,1.0
2015-11-23,119.27,119.73,117.34,117.75,26.475657401787405,32482528,0.0000,1.0
2015-11-24,117.33,119.35,117.12,118.88,26.72973377430562,42803172,0.0000,1.0
2015-11-25,119.21,119.23,117.92,118.03,26.538614379048557,21388308,0.0000,1.0
2015-11-27,118.29,118.41,117.6,117.81,26.48914818262908,13046445,0.0000,1.0
2015-11-30,117.99,119.41,117.75,118.3,26.599322892836092,39180322,0.0000,1.0
2015-12-01,118.75,118.81,116.86,117.34,26.383470399369294,34852374,0.0000,1.0
2015-12-02,117.05,118.11,116.08,116.28,26.145133271166365,33386563,0.0000,1.0
2015-12-03,116.55,116.79,114.22,115.2,25.902299216016214,41569509,0.0000,1.0
2015-12-04,115.29,119.25,115.11,119.03,26.763460726409807,57776977,0.0000,1.0
2015-12-07,118.98,119.86,117.81,118.28,26.59482596588887,32084249,0.0000,1.0
2015-12-08,117.52,118.6,116.86,118.23,26.583583648520808,34309450,0.0000,1.0
2015-12-09,117.64,117.69,115.08,115.62,25.996734681907938,46361357,0.0000,1.0
2015-12-10,116.04,116.94,115.51,116.17,26.12040017295663,29212727,0.0000,1.0
2015-12-11,115.19,115.39,112.851,113.18,25.448109594346484,46886161,0.0000,1.0
2015-12-14,112.18,112.68,109.79,112.48,25.290717151193608,65003609,0.0000,1.0
2015-12-15,111.94,112.8,110.35,110.49,24.843272919944717,53323105,0.0000,1.0
2015-12-16,111.07,111.99,108.8,111.34,25.03439231520178,56238467,0.0000,1.0
2015-12-17,112.02,112.25,108.98,108.98,24.503754935429228,44772827,0.0000,1.0
2015-12-18,108.91,109.52,105.81,106.03,23.840458210713532,96453327,0.0000,1.0
2015-12-21,107.28,107.37,105.57,107.33,24.13275846228316,47590610,0.0000,1.0
2015-12-22,107.4,107.72,106.451,107.23,24.110273827547037,32789367,0.0000,1.0
2015-12-23,107.27,108.85,107.2,108.61,24.420561786905562,32657354,0.0000,1.0
2015-12-24,109.0,109.0,107.95,108.03,24.290150905436036,13596680,0.0000,1.0
2015-12-28,107.59,107.69,106.1807,106.82,24.018086825128922,26704210,0.0000,1.0
2015-12-29,106.96,109.43,106.86,108.74,24.449791812062525,30931243,0.0000,1.0
2015-12-30,108.58,108.7,107.18,107.32,24.130509998809547,25213777,0.0000,1.0
2015-12-31,107.01,107.03,104.82,105.26,23.66732652324537,40912316,0.0000,1.0
2016-01-04,102.61,105.368,102.0,105.35,23.687562694507882,67649387,0.0000,1.0
2016-01-05,105.75,105.85,102.41,102.71,23.093968337474177,55790992,0.0000,1.0
2016-01-06,100.56,102.37,99.87,100.7,22.642027179278063,68457388,0.0000,1.0
2016-01-07,98.68,100.13,96.43,96.45,21.686430202992742,81094428,0.0000,1.0
2016-01-08,98.55,99.11,96.76,96.96,21.801101840146977,70798016,0.0000,1.0
2016-01-11,98.97,99.06,97.34,98.53,22.154110605504144,49739377,0.0000,1.0
2016-01-12,100.55,100.69,98.8399,99.96,22.47564088223073,49154227,0.0000,1.0
2016-01-13,100.32,101.19,97.3,97.39,21.897785769512318,62439631,0.0000,1.0
2016-01-14,97.96,100.48,95.74,99.52,22.37670848939178,63170127,0.0000,1.0
2016-01-15,96.2,97.71,95.36,97.13,21.839325719198392,79833891,0.0000,1.0
2016-01-19,98.41,98.65,95.5,96.66,21.733647935938603,53087747,0.0000,1.0
2016-01-20,95.1,98.1897,93.42,96.79,21.76287796109557,72334416,0.0000,1.0
2016-01-21,97.06,97.88,94.94,96.3,21.652703250888553,52161463,0.0000,1.0
2016-01-22,98.63,101.46,98.37,101.42,22.80391654937816,65800467,0.0000,1.0
2016-01-25,101.52,101.53,99.21,99.44,22.358720781602884,51794525,0.0000,1.0
2016-01-26,99.93,100.88,98.07,99.99,22.48238627265157,75077002,0.0000,1.0
2016-01-27,96.04,96.6289,93.34,93.42,21.00514577048815,133369674,0.0000,1.0
2016-01-28,93.79,94.52,92.39,94.09,21.155792823220185,55678825,0.0000,1.0
2016-01-29,94.79,97.34,94.35,97.34,21.886543452144256,64416504,0.0000,1.0
2016-02-01,96.47,96.71,95.4,96.43,21.681933276045516,40943541,0.0000,1.0
2016-02-02,95.42,96.04,94.28,94.48,21.243482898691074,37357215,0.0000,1.0
2016-02-03,95.0,96.84,94.08,96.35,21.663945568256615,45964294,0.0000,1.0
2016-02-04,95.86,97.33,95.19,96.6,21.837077255724775,46471652,0.5200,1.0
2016-02-05,96.52,96.92,93.69,94.02,21.253850968770635,46418064,0.0000,1.0
2016-02-08,93.13,95.7,93.04,95.01,21.47764710213676,54021375,0.0000,1.0
2016-02-09,94.29,95.94,93.93,94.99,21.473125968129363,44331195,0.0000,1.0
2016-02-10,95.92,96.35,94.1,94.27,21.31036514386309,42343601,0.0000,1.0
2016-02-11,93.79,94.72,92.59,93.7,21.181512824652295,50074711,0.0000,1.0
2016-02-12,94.19,94.5,93.01,93.99,21.247069267759542,40351381,0.0000,1.0
2016-02-16,95.02,96.85,94.61,96.64,21.84611952373957,49057916,0.0000,1.0
2016-02-17,96.67,98.21,96.15,98.12,22.180683440286906,44863243,0.0000,1.0
2016-02-18,98.84,98.89,96.091,96.26,21.76021797759904,39020983,0.0000,1.0
2016-02-19,96.0,96.7599,95.8,96.04,21.710485503517678,35374173,0.0000,1.0
2016-02-22,96.31,96.9,95.92,96.88,21.900373131828328,34280758,0.0000,1.0
2016-02-23,96.4,96.5,94.55,94.69,21.405308958018416,31942633,0.0000,1.0
2016-02-24,93.98,96.38,93.32,96.1,21.724048905539867,36255745,0.0000,1.0
2016-02-25,96.05,96.76,95.25,96.76,21.87324632778395,27582659,0.0000,1.0
2016-02-26,97.2,98.0237,96.58,96.91,21.90715483283942,28991131,0.0000,1.0
2016-02-29,96.86,98.23,96.65,96.69,21.85742235875806,35216277,0.0000,1.0
2016-03-01,97.65,100.77,97.42,100.53,22.725480088178177,50407147,0.0000,1.0
2016-03-02,100.51,100.89,99.64,100.75,22.775212562259536,33169560,0.0000,1.0
2016-03-03,100.58,101.7099,100.45,101.5,22.944755087536905,36955742,0.0000,1.0
2016-03-04,102.37,103.75,101.37,103.01,23.286100705095336,46055100,0.0000,1.0
2016-03-07,102.39,102.83,100.96,101.87,23.02839606667374,35915810,0.0000,1.0
2016-03-08,100.78,101.76,100.4,101.03,22.83850843836309,31182194,0.0000,1.0
2016-03-09,101.31,101.58,100.27,101.12,22.85885354139637,27201683,0.0000,1.0
2016-03-10,101.41,102.24,100.15,101.17,22.87015637641486,33513577,0.0000,1.0
2016-03-11,102.24,102.28,101.5,102.26,23.116558179817968,27408237,0.0000,1.0
2016-03-14,101.91,102.91,101.78,102.52,23.17533292191412,25076062,0.0000,1.0
2016-03-15,103.96,105.18,103.85,104.58,23.641009724675953,40067734,0.0000,1.0
2016-03-16,104.61,106.31,104.59,105.97,23.955228538190006,38303493,0.0000,1.0
2016-03-17,105.52,106.47,104.96,105.8,23.916798899127137,34420705,0.0000,1.0
2016-03-18,106.34,106.5,105.19,105.92,23.943925703171516,44205171,0.0000,1.0
2016-03-21,105.93,107.65,105.1401,105.91,23.941665136167817,35502678,0.0000,1.0
2016-03-22,105.25,107.29,105.21,106.72,24.124771063467374,32444375,0.0000,1.0
2016-03-23,106.48,107.07,105.9,106.13,23.991397610249177,25703495,0.0000,1.0
2016-03-24,105.47,106.25,104.89,105.67,23.88741152807906,26132955,0.0000,1.0
2016-03-28,106.0,106.19,105.06,105.19,23.778904311901545,19411372,0.0000,1.0
2016-03-29,104.89,107.79,104.88,107.68,24.341785495822403,31190083,0.0000,1.0
2016-03-30,108.65,110.42,108.6,109.56,24.766772092517666,45601149,0.0000,1.0
2016-03-31,109.72,109.9,108.88,108.99,24.637919773306866,25888449,0.0000,1.0
2016-04-01,108.78,110.0,108.2,109.99,24.86397647367669,25873950,0.0000,1.0
2016-04-04,110.42,112.19,110.27,111.12,25.119420545094588,37356204,0.0000,1.0
2016-04-05,109.51,110.73,109.42,109.81,24.823286267610122,26578652,0.0000,1.0
2016-04-06,110.23,110.98,109.2,110.96,25.083251473035414,26404077,0.0000,1.0
2016-04-07,109.95,110.42,108.121,108.54,24.53619425814045,31801870,0.0000,1.0
2016-04-08,108.91,109.77,108.17,108.66,24.563321062184826,23581740,0.0000,1.0
2016-04-11,108.97,110.61,108.83,109.02,24.644701474317962,29407518,0.0000,1.0
2016-04-12,109.34,110.5,108.66,110.44,24.965701988843108,27232325,0.0000,1.0
2016-04-13,110.8,112.34,110.8,112.04,25.327392709434825,33257316,0.0000,1.0
2016-04-14,111.62,112.39,111.33,112.1,25.34095611145701,25473923,0.0000,1.0
2016-04-15,112.11,112.3,109.73,109.85,24.832328535624914,46938969,0.0000,1.0
2016-04-18,108.89,108.95,106.94,107.48,24.296574155748438,60821461,0.0000,1.0
2016-04-19,107.88,108.0,106.23,106.91,24.167721836537638,32384879,0.0000,1.0
2016-04-20,106.64,108.09,106.06,107.13,24.217454310618997,30611030,0.0000,1.0
2016-04-21,106.93,106.93,105.52,105.97,23.955228538190006,31552525,0.0000,1.0
2016-04-22,105.01,106.48,104.62,105.68,23.88967209508276,33683121,0.0000,1.0
2016-04-25,105.0,105.65,104.51,105.08,23.754038074860865,28031588,0.0000,1.0
2016-04-26,103.91,105.3,103.91,104.35,23.589016683590895,56016165,0.0000,1.0
2016-04-27,96.0,98.71,95.68,97.82,22.11286643017596,114602142,0.0000,1.0
2016-04-28,97.61,97.88,94.25,94.83,21.436956896070193,82242690,0.0000,1.0
2016-04-29,93.99,94.72,92.51,93.74,21.190555092667086,68531478,0.0000,1.0
2016-05-02,93.965,94.08,92.4,93.64,21.167949422630105,48160104,0.0000,1.0
2016-05-03,94.2,95.74,93.68,95.18,21.516076741199633,56831277,0.0000,1.0
2016-05-04,95.2,95.9,93.82,94.19,21.292280607833508,41025475,0.0000,1.0
2016-05-05,94.0,94.07,92.68,93.24,21.206379061692967,35890500,0.5700,1.0
2016-05-06,93.37,93.45,91.85,92.72,21.088110967397814,43699886,0.0000,1.0
2016-05-09,93.0,93.77,92.59,92.79,21.104031672399085,32936436,0.0000,1.0
2016-05-10,93.33,93.57,92.11,93.42,21.247318017410525,33686836,0.0000,1.0
2016-05-11,93.48,93.57,92.46,92.51,21.040348852394004,28719109,0.0000,1.0
2016-05-12,92.72,92.78,89.47,90.34,20.5468069973546,76314690,0.0000,1.0
2016-05-13,90.0,91.67,90.0,90.52,20.587745953072154,44392765,0.0000,1.0
2016-05-16,92.39,94.39,91.65,93.88,21.351939793133162,61259756,0.0000,1.0
2016-05-17,94.55,94.7,93.01,93.49,21.263238722411796,46916939,0.0000,1.0
2016-05-18,94.16,95.21,93.89,94.56,21.506598070288366,42062391,0.0000,1.0
2016-05-19,94.64,94.64,93.57,94.2,21.42472015885326,30442100,0.0000,1.0
2016-05-20,94.64,95.43,94.52,95.22,21.656707574586065,32025968,0.0000,1.0
2016-05-23,95.87,97.19,95.67,96.43,21.931908332465177,38018643,0.0000,1.0
2016-05-24,97.22,98.09,96.84,97.9,22.26624313749187,35140174,0.0000,1.0
2016-05-25,98.67,99.74,98.11,99.62,22.657437603237383,38642108,0.0000,1.0
2016-05-26,99.68,100.73,98.64,100.41,22.83711413110887,56331159,0.0000,1.0
2016-05-27,99.44,100.47,99.245,100.35,22.82346781253635,36341240,0.0000,1.0
2016-05-31,99.6,100.4,98.82,99.86,22.712022877527456,42307212,0.0000,1.0
2016-06-01,99.02,99.54,98.33,98.46,22.393608777502035,29173285,0.0000,1.0
2016-06-02,97.6,97.84,96.63,97.72,22.225304181774312,40191600,0.0000,1.0
2016-06-03,97.79,98.27,97.45,97.92,22.270791910349374,28504888,0.0000,1.0
2016-06-06,97.99,101.89,97.55,98.63,22.432273346790836,23292504,0.0000,1.0
2016-06-07,99.25,99.87,98.96,99.03,22.52324880394096,22409450,0.0000,1.0
2016-06-08,99.02,99.56,98.68,98.94,22.50277932608218,20848131,0.0000,1.0
2016-06-09,98.5,99.99,98.46,99.65,22.664260762523643,26601354,0.0000,1.0
2016-06-10,98.53,99.3457,98.48,98.83,22.477761075365898,31712936,0.0000,1.0
2016-06-13,98.69,99.12,97.1,97.34,22.1388774974817,38020494,0.0000,1.0
2016-06-14,97.32,98.475,96.75,97.46,22.166170134626736,31931944,0.0000,1.0
2016-06-15,97.82,98.41,97.03,97.14,22.09338976890664,29445227,0.0000,1.0
2016-06-16,96.45,97.75,96.07,97.55,22.18663961248551,31326815,0.0000,1.0
2016-06-17,96.62,96.65,95.3,95.33,21.681725825302347,61008219,0.0000,1.0
2016-06-20,96.0,96.57,95.03,95.1,21.629414937441027,34411901,0.0000,1.0
2016-06-21,94.94,96.35,94.676,95.91,21.81364023817002,35546358,0.0000,1.0
2016-06-22,96.25,96.89,95.35,95.55,21.731762326734913,29219122,0.0000,1.0
2016-06-23,95.94,96.29,95.25,96.1,21.856853580316326,32240187,0.0000,1.0
2016-06-24,92.91,94.655,92.65,93.4,21.24276924455302,75311356,0.0000,1.0
2016-06-27,93.0,93.05,91.5,92.04,20.93345269024261,46622188,0.0000,1.0
2016-06-28,92.9,93.66,92.14,93.59,21.285982586699326,40444914,0.0000,1.0
2016-06-29,93.97,94.55,93.63,94.4,21.47020788742832,36531006,0.0000,1.0
2016-06-30,94.44,95.77,94.3,95.6,21.743134258878676,35836356,0.0000,1.0
2016-07-01,95.49,96.465,95.33,95.89,21.809091465312516,26026540,0.0000,1.0
2016-07-05,95.39,95.4,94.46,94.99,21.604396686724744,27705210,0.0000,1.0
2016-07-06,94.6,95.66,94.37,95.53,21.72721355387741,30949090,0.0000,1.0
2016-07-07,95.7,96.5,95.62,95.94,21.82046339745628,25139558,0.0000,1.0
2016-07-08,96.49,96.89,96.05,96.68,21.988767993184005,28912103,0.0000,1.0
2016-07-11,96.75,97.65,96.73,96.98,22.056999586046594,23794945,0.0000,1.0
2016-07-12,97.17,97.7,97.12,97.42,22.157072588911724,24167463,0.0000,1.0
2016-07-13,97.41,97.67,96.84,96.87,22.03198133533031,25892171,0.0000,1.0
2016-07-14,97.39,98.99,97.32,98.79,22.468663529650886,38918997,0.0000,1.0
2016-07-15,98.92,99.3,98.5,98.78,22.466389143222134,30136990,0.0000,1.0
2016-07-18,98.7,100.13,98.6,99.83,22.705199718241197,36493867,0.0000,1.0
2016-07-19,99.56,100.0,99.34,99.87,22.71429726395621,23779924,0.0000,1.0
2016-07-20,100.0,100.46,99.735,99.96,22.734766741814983,26275968,0.0000,1.0
2016-07-21,99.83,101.0,99.13,99.43,22.614224261091078,32702028,0.0000,1.0
2016-07-22,99.26,99.3,98.31,98.66,22.439096506077096,28313669,0.0000,1.0
2016-07-25,98.25,98.84,96.92,97.34,22.1388774974817,40382921,0.0000,1.0
2016-07-26,96.82,97.97,96.42,96.67,21.98649360675525,56239822,0.0000,1.0
2016-07-27,104.265,104.35,102.75,102.95,23.414808284012132,92344820,0.0000,1.0
2016-07-28,102.83,104.45,102.82,104.34,23.7309479976088,39869839,0.0000,1.0
2016-07-29,104.19,104.55,103.68,104.21,23.70138097403501,27733688,0.0000,1.0
2016-08-01,104.41,106.15,104.41,106.05,24.119868076925563,38167871,0.0000,1.0
2016-08-02,106.05,106.07,104.0,104.48,23.762789407611344,33816556,0.0000,1.0
2016-08-03,104.81,105.84,104.77,105.79,24.060734029777986,30202641,0.0000,1.0
2016-08-04,105.58,106.0,105.28,105.87,24.208569147646926,27408650,0.5700,1.0
2016-08-05,106.27,107.65,106.18,107.48,24.57671684130624,40553402,0.0000,1.0
2016-08-08,107.52,108.37,107.16,108.37,24.7802270570558,28037220,0.0000,1.0
2016-08-09,108.23,108.94,108.01,108.81,24.88083884911176,26315204,0.0000,1.0
2016-08-10,108.71,108.9,107.76,108.0,24.695621686463284,24008505,0.0000,1.0
2016-08-11,108.52,108.93,107.85,107.93,24.67961526499984,27484506,0.0000,1.0
2016-08-12,107.78,108.44,107.78,108.18,24.736781055940725,18660434,0.0000,1.0
2016-08-15,108.14,109.54,108.08,109.48,25.03404316883334,25868209,0.0000,1.0
2016-08-16,109.63,110.23,109.21,109.38,25.01117685245698,33794448,0.0000,1.0
2016-08-17,109.1,109.37,108.34,109.22,24.974590746254815,25355976,0.0000,1.0
2016-08-18,109.23,109.6,109.02,109.08,24.942577903327916,21984703,0.0000,1.0
2016-08-19,108.77,109.69,108.36,109.36,25.00660358918171,25368072,0.0000,1.0
2016-08-22,108.86,109.1,107.85,108.51,24.812239899982696,25820230,0.0000,1.0
2016-08-23,108.59,109.32,108.53,108.85,24.8899853756623,21257669,0.0000,1.0
2016-08-24,108.565,108.75,107.68,108.03,24.70248158137619,23675081,0.0000,1.0
2016-08-25,107.39,107.88,106.68,107.57,24.597296526044957,25086248,0.0000,1.0
2016-08-26,107.41,107.95,106.31,106.94,24.453238732873924,27766291,0.0000,1.0
2016-08-29,106.62,107.44,106.29,106.82,24.425799153222297,24970300,0.0000,1.0
2016-08-30,105.8,106.5,105.5,106.0,24.23829535893619,24863945,0.0000,1.0
2016-08-31,105.66,106.5699,105.64,106.1,24.26116167531254,29662406,0.0000,1.0
2016-09-01,106.14,106.8,105.62,106.73,24.40521946848358,26701523,0.0000,1.0
2016-09-02,107.7,108.0,106.82,107.73,24.63388263224713,26802450,0.0000,1.0
2016-09-06,107.9,108.3,107.51,107.7,24.627022737334222,26880391,0.0000,1.0
2016-09-07,107.83,108.76,107.07,108.36,24.777940425418162,42364328,0.0000,1.0
2016-09-08,107.25,107.27,105.24,105.52,24.128537040329682,53002026,0.0000,1.0
2016-09-09,104.64,105.72,103.13,103.13,23.5820320789348,46556984,0.0000,1.0
2016-09-12,102.65,105.72,102.53,105.44,24.1102439872286,45292770,0.0000,1.0
2016-09-13,107.51,108.79,107.24,107.95,24.684188528275108,62176190,0.0000,1.0
2016-09-14,108.73,113.03,108.6,111.77,25.557681813851865,112340318,0.0000,1.0
2016-09-15,113.86,115.73,113.49,115.57,26.42660183615335,90613177,0.0000,1.0
2016-09-16,115.12,116.13,114.04,114.92,26.277970779707044,79886911,0.0000,1.0
2016-09-19,115.19,116.18,113.25,113.58,25.971562140263888,47023046,0.0000,1.0
2016-09-20,113.05,114.12,112.51,113.57,25.96927550862625,34514269,0.0000,1.0
2016-09-21,113.85,113.989,112.441,113.55,25.96470224535098,36003185,0.0000,1.0
2016-09-22,114.35,114.94,114.0,114.62,26.20937183057798,31073984,0.0000,1.0
2016-09-23,114.42,114.79,111.55,112.71,25.7726251877896,52481151,0.0000,1.0
2016-09-26,111.64,113.39,111.55,112.88,25.811497925629403,29869442,0.0000,1.0
2016-09-27,113.0,113.18,112.34,113.09,25.859517190019748,24607412,0.0000,1.0
2016-09-28,113.69,114.64,113.43,113.95,26.0561675108564,29641085,0.0000,1.0
2016-09-29,113.16,113.8,111.8,112.18,25.651433710994922,35886990,0.0000,1.0
2016-09-30,112.46,113.37,111.8,113.05,25.850370663469207,36379106,0.0000,1.0
2016-10-03,112.71,113.05,112.28,112.52,25.729179186674525,21701760,0.0000,1.0
2016-10-04,113.06,114.31,112.63,113.0,25.83893750528103,29736835,0.0000,1.0
2016-10-05,113.4,113.66,112.69,113.05,25.850370663469207,21453089,0.0000,1.0
2016-10-06,113.7,114.34,113.13,113.89,26.042447721030587,28779313,0.0000,1.0
2016-10-07,114.31,114.56,113.51,114.06,26.08132045887039,24358443,0.0000,1.0
2016-10-10,115.02,116.75,114.72,116.05,26.53636015475985,36235956,0.0000,1.0
2016-10-11,117.7,118.69,116.2,116.3,26.59352594570074,64041043,0.0000,1.0
2016-10-12,117.35,117.98,116.75,117.34,26.83133563601483,37586787,0.0000,1.0
2016-10-13,116.79,117.44,115.72,116.98,26.749016897059956,35192406,0.0000,1.0
2016-10-14,117.88,118.17,117.13,117.63,26.89764795350626,35652191,0.0000,1.0
2016-10-17,117.33,117.84,116.78,117.55,26.879354900405175,23624896,0.0000,1.0
2016-10-18,118.18,118.21,117.45,117.47,26.861061847304093,24553478,0.0000,1.0
2016-10-19,117.25,117.76,113.8,117.12,26.781029739986852,20034594,0.0000,1.0
2016-10-20,116.86,117.38,116.33,117.06,26.76730995016104,24125801,0.0000,1.0
2016-10-21,116.81,116.91,116.28,116.6,26.662124894829805,23192665,0.0000,1.0
2016-10-24,117.1,117.74,117.0,117.65,26.902221216781534,23538673,0.0000,1.0
2016-10-25,117.95,118.36,117.31,118.25,27.03941911503966,48128970,0.0000,1.0
2016-10-26,114.31,115.7,113.31,115.59,26.43117509942862,66134219,0.0000,1.0
2016-10-27,115.39,115.86,114.1,114.48,26.177358987651083,34562045,0.0000,1.0
2016-10-28,113.87,115.21,113.45,113.72,26.003574983190784,37861662,0.0000,1.0
2016-10-31,113.65,114.23,113.2,113.54,25.962415613713347,26419398,0.0000,1.0
2016-11-01,113.46,113.77,110.53,111.49,25.49365612799807,43825812,0.0000,1.0
2016-11-02,111.4,112.35,111.23,111.59,25.516522444374427,28331709,0.0000,1.0
2016-11-03,110.98,111.46,109.55,109.83,25.244413279495795,26932602,0.5700,1.0
2016-11-04,108.53,110.25,108.11,108.84,25.016861889650574,30836997,0.0000,1.0
2016-11-07,110.08,110.51,109.46,110.41,25.377726214960674,32560000,0.0000,1.0
2016-11-08,110.31,111.72,109.7,111.06,25.527128642636832,24254179,0.0000,1.0
2016-11-09,109.88,111.32,108.05,110.88,25.48575566266497,59176361,0.0000,1.0
2016-11-10,111.09,111.09,105.83,107.79,24.7755195064814,57134541,0.0000,1.0
2016-11-11,106.92,108.87,106.55,108.43,24.92262343527023,34143898,0.0000,1.0
2016-11-14,107.32,107.809,104.08,105.71,24.297431737917695,51175504,0.0000,1.0
2016-11-15,106.57,107.68,106.1593,107.11,24.619221582143265,32264510,0.0000,1.0
2016-11-16,106.7,110.23,106.6,109.99,25.281189261693,58840522,0.0000,1.0
2016-11-17,109.81,110.35,108.83,109.95,25.2719952661437,27632003,0.0000,1.0
2016-11-18,109.72,110.54,109.66,110.06,25.297278753904283,28428917,0.0000,1.0
2016-11-21,110.12,111.99,110.01,111.73,25.681128068087638,29264571,0.0000,1.0
2016-11-22,111.95,112.42,111.4,111.8,25.697217560298917,25965534,0.0000,1.0
2016-11-23,111.36,111.51,110.33,111.23,25.566203123721365,27426394,0.0000,1.0
2016-11-25,111.13,111.87,110.95,111.79,25.694919061411593,11475922,0.0000,1.0
2016-11-28,111.43,112.465,111.39,111.57,25.64435208589043,27193983,0.0000,1.0
2016-11-29,110.78,112.03,110.07,111.46,25.619068598129846,28528750,0.0000,1.0
2016-11-30,111.56,112.2,110.27,110.52,25.403009702721253,36162258,0.0000,1.0
2016-12-01,110.365,110.94,109.03,109.49,25.16626431732673,37086862,0.0000,1.0
2016-12-02,109.17,110.09,108.85,109.9,25.260502771707074,26527997,0.0000,1.0
2016-12-05,110.0,110.03,108.25,109.11,25.078921359608362,34324540,0.0000,1.0
2016-12-06,109.5,110.36,109.19,109.95,25.2719952661437,26195462,0.0000,1.0
2016-12-07,109.26,111.19,109.16,111.03,25.520233145974853,29998719,0.0000,1.0
2016-12-08,110.86,112.43,110.6,112.12,25.770769524693332,27068316,0.0000,1.0
2016-12-09,112.31,114.7,112.31,113.95,26.191394821073896,34402627,0.0000,1.0
2016-12-12,113.29,115.0,112.49,113.3,26.041992393397738,26374377,0.0000,1.0
2016-12-13,113.84,115.92,113.75,115.19,26.476408683102253,43733811,0.0000,1.0
2016-12-14,115.04,116.2,114.98,115.19,26.476408683102253,34031834,0.0000,1.0
2016-12-15,115.38,116.73,115.23,115.82,26.62121411300376,46524544,0.0000,1.0
2016-12-16,116.47,116.5,115.645,115.97,26.65569159631364,44351134,0.0000,1.0
2016-12-19,115.8,117.38,115.75,116.64,26.80969102176445,27779423,0.0000,1.0
2016-12-20,116.74,117.5,116.68,116.95,26.88094448727154,21424965,0.0000,1.0
2016-12-21,116.8,117.4,116.78,117.06,26.90622797503212,23783165,0.0000,1.0
2016-12-22,116.35,116.51,115.64,116.29,26.72924356070806,26085854,0.0000,1.0
2016-12-23,115.59,116.52,115.59,116.52,26.782109035116545,14249484,0.0000,1.0
2016-12-27,116.52,117.8,116.49,117.26,26.952197952778633,18296855,0.0000,1.0
2016-12-28,117.52,118.0166,116.2,116.76,26.837273008412357,20905892,0.0000,1.0
2016-12-29,116.45,117.1095,116.4,116.73,26.83037751175038,15039519,0.0000,1.0
2016-12-30,116.65,117.2,115.43,115.82,26.62121411300376,30586265,0.0000,1.0
2017-01-03,115.8,116.33,114.76,116.15,26.697064576285502,28781865,0.0000,1.0
2017-01-04,115.85,116.51,115.75,116.02,26.66718409075027,21118116,0.0000,1.0
2017-01-05,115.92,116.8642,115.81,116.61,26.802795525102475,22193587,0.0000,1.0
2017-01-06,116.78,118.16,116.47,117.91,27.101600380454787,31751900,0.0000,1.0
2017-01-09,117.95,119.43,117.94,118.99,27.34983826028594,33561948,0.0000,1.0
2017-01-10,118.77,119.38,118.3,119.11,27.377420246933845,24462051,0.0000,1.0
2017-01-11,118.74,119.93,118.6,119.75,27.524524175722675,27588593,0.0000,1.0
2017-01-12,118.895,119.3,118.21,119.25,27.409599231356403,27086220,0.0000,1.0
2017-01-13,119.11,119.62,118.81,119.04,27.36133075472257,26111948,0.0000,1.0
2017-01-17,118.34,120.24,118.22,120.0,27.581986647905815,34439843,0.0000,1.0
2017-01-18,120.0,120.5,119.71,119.99,27.579688149018487,23712961,0.0000,1.0
2017-01-19,119.4,120.09,119.37,119.78,27.531419672384654,25597291,0.0000,1.0
2017-01-20,120.45,120.45,119.7346,120.0,27.581986647905815,32597892,0.0000,1.0
2017-01-23,120.0,120.81,119.77,120.08,27.600374639004418,22050218,0.0000,1.0
2017-01-24,119.55,120.1,119.5,119.97,27.575091151243836,23211038,0.0000,1.0
2017-01-25,120.42,122.1,120.28,121.88,28.014104438723002,32586673,0.0000,1.0
2017-01-26,121.67,122.44,121.6,121.94,28.027895432046957,26337576,0.0000,1.0
2017-01-27,122.14,122.35,121.6,121.95,28.030193930934285,20562944,0.0000,1.0
2017-01-30,120.93,121.63,120.66,121.63,27.956641966539866,30377503,0.0000,1.0
2017-01-31,121.15,121.39,120.62,121.35,27.89228399769475,49200993,0.0000,1.0
2017-02-01,127.03,130.49,127.01,128.75,29.593173174315613,111985040,0.0000,1.0
2017-02-02,127.975,129.39,127.78,128.53,29.542606198794452,33710411,0.0000,1.0
2017-02-03,128.31,129.19,128.16,129.08,29.669023637597356,24507301,0.0000,1.0
2017-02-06,129.13,130.5,128.9,130.29,29.947142002963734,26845924,0.0000,1.0
2017-02-07,130.54,132.09,130.45,131.53,30.232155864992098,38183841,0.0000,1.0
2017-02-08,131.35,132.22,131.22,132.04,30.349379308245695,23004072,0.0000,1.0
2017-02-09,131.65,132.445,131.12,132.42,30.567736702541612,28349859,0.5700,1.0
2017-02-10,132.46,132.94,132.05,132.12,30.498484920252213,20065458,0.0000,1.0
2017-02-13,133.08,133.82,132.75,133.29,30.768566871180877,23035421,0.0000,1.0
2017-02-14,133.47,135.09,133.25,135.02,31.167918815716426,33226223,0.0000,1.0
2017-02-15,135.52,136.27,134.62,135.51,31.281030060122443,35623100,0.0000,1.0
2017-02-16,135.67,135.9,134.8398,135.345,31.242941579863274,22584555,0.0000,1.0
2017-02-17,135.1,135.83,135.1,135.72,31.329506307725026,22198197,0.0000,1.0
2017-02-21,136.23,136.75,135.98,136.7,31.555728796537068,24507156,0.0000,1.0
2017-02-22,136.43,137.12,136.11,137.11,31.650372898999255,20836932,0.0000,1.0
2017-02-23,137.38,137.48,136.3,136.53,31.51648611990641,20788186,0.0000,1.0
2017-02-24,135.91,136.66,135.28,136.66,31.54649522556515,21776585,0.0000,1.0
2017-02-27,137.14,137.435,136.28,136.93,31.60882182962561,20257426,0.0000,1.0
2017-02-28,137.08,137.435,136.7,136.99,31.62267218608349,23482860,0.0000,1.0
2017-03-01,137.89,140.15,137.595,139.79,32.2690221541179,36414585,0.0000,1.0
2017-03-02,140.0,140.2786,138.76,138.96,32.07742555645056,26210984,0.0000,1.0
2017-03-03,138.78,139.83,138.59,139.78,32.26671376137492,21571121,0.0000,1.0
2017-03-06,139.365,139.77,138.5959,139.34,32.1651444806838,21750044,0.0000,1.0
2017-03-07,139.06,139.98,138.79,139.52,32.20669555005744,17446297,0.0000,1.0
2017-03-08,138.95,139.8,138.82,139.0,32.08665912742248,18707236,0.0000,1.0
2017-03-09,138.74,138.79,137.05,138.68,32.012790559647115,22155904,0.0000,1.0
2017-03-10,139.25,139.3571,138.64,139.14,32.118976625824196,19612801,0.0000,1.0
2017-03-13,138.85,139.43,138.82,139.2,32.132826982282076,17421717,0.0000,1.0
2017-03-14,139.3,139.65,138.84,138.99,32.0843507346795,15309065,0.0000,1.0
2017-03-15,139.41,140.7501,139.025,140.46,32.423684467897566,25691774,0.0000,1.0
2017-03-16,140.72,141.02,140.26,140.69,32.4767775009861,19231998,0.0000,1.0
2017-03-17,141.0,141.0,139.89,139.99,32.3151900089775,43884952,0.0000,1.0
2017-03-20,140.4,141.5,140.23,141.46,32.654523742195565,21542038,0.0000,1.0
2017-03-21,142.11,142.8,139.73,139.84,32.2805641178328,39529912,0.0000,1.0
2017-03-22,139.845,141.6,139.76,141.42,32.64529017122364,25860165,0.0000,1.0
2017-03-23,141.26,141.5844,140.61,140.92,32.52987053407464,20346301,0.0000,1.0
2017-03-24,141.5,141.74,140.35,140.64,32.4652355372712,22395563,0.0000,1.0
2017-03-27,139.39,141.22,138.62,140.88,32.520636963102724,23575094,0.0000,1.0
2017-03-28,140.91,144.04,140.62,143.8,33.1946876440529,33374805,0.0000,1.0
2017-03-29,143.68,144.49,143.19,144.12,33.268556211828255,29189955,0.0000,1.0
2017-03-30,144.19,144.5,143.5,143.93,33.22469674971163,21207252,0.0000,1.0
2017-03-31,143.72,144.27,143.01,143.66,33.162370145651174,19661651,0.0000,1.0
2017-04-03,143.71,144.12,143.05,143.7,33.17160371662309,19985714,0.0000,1.0
2017-04-04,143.25,144.89,143.17,144.77,33.41860174012196,19891354,0.0000,1.0
2017-04-05,144.22,145.46,143.81,144.02,33.24547228439846,27717854,0.0000,1.0
2017-04-06,144.29,144.52,143.45,143.66,33.162370145651174,21149034,0.0000,1.0
2017-04-07,143.73,144.18,143.27,143.34,33.08850157787581,16658543,0.0000,1.0
2017-04-10,143.6,143.8792,142.9,143.17,33.049258901245146,18933397,0.0000,1.0
2017-04-11,142.94,143.35,140.06,141.63,32.69376641882622,30379376,0.0000,1.0
2017-04-12,141.6,142.15,141.01,141.8,32.733009095456886,20350000,0.0000,1.0
2017-04-13,141.91,142.38,141.05,141.05,32.55987963973339,17822880,0.0000,1.0
2017-04-17,141.48,141.88,140.87,141.83,32.73993427368583,16582094,0.0000,1.0
2017-04-18,141.41,142.04,141.11,141.2,32.59450553087808,14697544,0.0000,1.0
2017-04-19,141.88,142.0,140.45,140.68,32.47446910824313,17328375,0.0000,1.0
2017-04-20,141.22,142.92,141.16,142.44,32.880746231007606,23319562,0.0000,1.0
2017-04-21,142.44,142.68,141.85,142.27,32.84150355437695,17320928,0.0000,1.0
2017-04-24,143.5,143.95,143.18,143.64,33.15775336016521,17116599,0.0000,1.0
2017-04-25,143.91,144.9,143.87,144.53,33.36320031429044,18216472,0.0000,1.0
2017-04-26,144.47,144.6,143.3762,143.68,33.16698693113713,19614287,0.0000,1.0
2017-04-27,143.9225,144.16,143.31,143.79,33.19237925130991,13948980,0.0000,1.0
2017-04-28,144.09,144.3,143.27,143.65,33.16006175290819,20247187,0.0000,1.0
2017-05-01,145.1,147.2,144.96,146.58,33.83642082660135,32818760,0.0000,1.0
2017-05-02,147.54,148.09,146.84,147.51,34.051101351698485,39752670,0.0000,1.0
2017-05-03,145.59,147.49,144.27,147.06,33.947223678264386,45142806,0.0000,1.0
2017-05-04,146.52,147.14,145.81,146.53,33.82487886288644,23275690,0.0000,1.0
2017-05-05,146.76,148.98,146.76,148.96,34.385818299430596,26787359,0.0000,1.0
2017-05-08,149.03,153.7,149.03,153.01,35.320717360337504,48339210,0.0000,1.0
2017-05-09,153.87,154.88,153.45,153.99,35.54693984914955,35942435,0.0000,1.0
2017-05-10,153.63,153.94,152.11,153.26,35.378427178912006,25670456,0.0000,1.0
2017-05-11,152.45,154.07,152.31,153.95,35.68313502098537,25596687,0.6300,1.0
2017-05-12,154.7,156.42,154.67,156.1,36.181470456484675,32221756,0.0000,1.0
2017-05-15,156.01,156.65,155.05,155.7,36.08875688708945,25700983,0.0000,1.0
2017-05-16,155.94,156.06,154.72,155.47,36.03544658468721,19904679,0.0000,1.0
2017-05-17,153.6,154.57,149.71,150.25,34.82553450407958,49482818,0.0000,1.0
2017-05-18,151.27,153.34,151.13,152.54,35.35631968886722,33159664,0.0000,1.0
2017-05-19,153.38,153.98,152.63,153.06,35.476847329081004,26733798,0.0000,1.0
2017-05-22,154.0,154.58,152.91,153.99,35.69240637792489,22340069,0.0000,1.0
2017-05-23,154.9,154.9,153.31,153.8,35.648367432462166,19430358,0.0000,1.0
2017-05-24,153.84,154.17,152.67,153.34,35.541746827657654,19118319,0.0000,1.0
2017-05-25,153.73,154.35,153.03,153.87,35.664592307106325,19044463,0.0000,1.0
2017-05-26,154.0,154.24,153.31,153.61,35.604328486999435,21632202,0.0000,1.0
2017-05-30,153.42,154.43,153.33,153.67,35.61823552240871,20034934,0.0000,1.0
2017-05-31,153.97,154.17,152.38,152.76,35.407312152034585,23162873,0.0000,1.0
2017-06-01,153.17,153.33,152.22,153.18,35.50466139989957,16180143,0.0000,1.0
2017-06-02,153.58,155.45,152.89,155.45,36.03081090621744,27285861,0.0000,1.0
2017-06-05,154.34,154.45,153.46,153.93,35.67849934251561,24803858,0.0000,1.0
2017-06-06,153.9,155.81,153.78,154.45,35.79902698272939,26249630,0.0000,1.0
2017-06-07,155.02,155.98,154.48,155.37,36.012268192338404,20678772,0.0000,1.0
2017-06-08,155.25,155.54,154.4,154.99,35.92419030141294,20771367,0.0000,1.0
2017-06-09,155.19,155.19,146.02,148.98,34.53116892124975,64882700,0.0000,1.0
2017-06-12,145.74,146.09,142.51,145.42,33.70601815363229,71563614,0.0000,1.0
2017-06-13,147.16,147.45,145.15,146.59,33.977205344113315,33749154,0.0000,1.0
2017-06-14,147.5,147.5,143.84,145.16,33.6457543335254,31224203,0.0000,1.0
2017-06-15,143.32,144.4798,142.21,144.29,33.4441023200908,31348832,0.0000,1.0
2017-06-16,143.78,144.5,142.2,142.27,32.97589879464494,49180748,0.0000,1.0
2017-06-19,143.66,146.74,143.66,146.34,33.9192593632413,31449132,0.0000,1.0
2017-06-20,146.87,146.87,144.94,145.01,33.610986745002194,24572170,0.0000,1.0
2017-06-21,145.52,146.0693,144.61,145.87,33.81032091920192,21064679,0.0000,1.0
2017-06-22,145.77,146.7,145.1199,145.63,33.754692777564784,18673365,0.0000,1.0
2017-06-23,145.13,147.16,145.11,146.28,33.90535232783202,25997976,0.0000,1.0
2017-06-26,147.17,148.28,145.38,145.82,33.798731723027515,25524661,0.0000,1.0
2017-06-27,145.01,146.16,143.62,143.73,33.31430332293749,24423643,0.0000,1.0
2017-06-28,144.49,146.11,143.1601,145.83,33.8010495622624,21915939,0.0000,1.0
2017-06-29,144.71,145.13,142.28,143.68,33.30271412676309,31116980,0.0000,1.0
2017-06-30,144.45,144.96,143.78,144.02,33.381520660749025,22328979,0.0000,1.0
2017-07-03,144.88,145.3,143.1,143.5,33.26099302053524,14258300,0.0000,1.0
2017-07-05,143.69,144.79,142.7237,144.09,33.39774553539319,20758795,0.0000,1.0
2017-07-06,143.02,143.5,142.41,142.73,33.08251939944944,23374374,0.0000,1.0
2017-07-07,142.9,144.75,142.9,144.18,33.41860608850712,18505351,0.0000,1.0
2017-07-10,144.11,145.95,143.37,145.06,33.6225759411766,21030466,0.0000,1.0
2017-07-11,144.73,145.85,144.38,145.53,33.73151438521598,18311156,0.0000,1.0
2017-07-12,145.87,146.18,144.82,145.74,33.78018900914847,23617964,0.0000,1.0
2017-07-13,145.5,148.49,145.44,147.77,34.25071037382922,24922788,0.0000,1.0
2017-07-14,147.97,149.33,147.33,149.04,34.54507595665904,19961788,0.0000,1.0
2017-07-17,148.82,150.9,148.57,149.56,34.66560359687283,23243713,0.0000,1.0
2017-07-18,149.2,150.13,148.67,150.08,34.786131237086614,17713795,0.0000,1.0
2017-07-19,150.48,151.42,149.95,151.02,35.004008125165385,20615419,0.0000,1.0
2017-07-20,151.5,151.74,150.19,150.34,34.846395057193504,17053326,0.0000,1.0
2017-07-21,149.99,150.44,148.88,150.27,34.830170182549345,24671002,0.0000,1.0
2017-07-24,150.58,152.44,149.9,152.09,35.252016923297596,21122730,0.0000,1.0
2017-07-25,151.8,153.84,151.8,152.74,35.40267647356483,18612649,0.0000,1.0
2017-07-26,153.35,153.93,153.06,153.46,35.569560898476226,15172136,0.0000,1.0
2017-07-27,153.75,153.99,147.3,150.56,34.89738752036088,32175875,0.0000,1.0
2017-07-28,149.89,150.23,149.19,149.5,34.651696561463545,16832947,0.0000,1.0
2017-07-31,149.9,150.33,148.13,148.73,34.473222940377745,19422655,0.0000,1.0
2017-08-01,149.1,150.22,148.41,150.05,34.77917771938198,24725526,0.0000,1.0
2017-08-02,159.28,159.75,156.16,157.14,36.42252573691225,69222793,0.0000,1.0
2017-08-03,157.05,157.21,155.02,155.57,36.05862497703601,26000738,0.0000,1.0
2017-08-04,156.07,157.4,155.69,156.39,36.24868779429621,20349532,0.0000,1.0
2017-08-07,157.06,158.92,156.6701,158.81,36.80960488913729,21870321,0.0000,1.0
2017-08-08,158.6,161.83,158.27,160.08,37.103970471967116,35775675,0.0000,1.0
2017-08-09,159.26,161.27,159.11,161.059998,37.331118253417564,25640394,0.0000,1.0
2017-08-10,159.9,160.0,154.63,155.32,36.146702867961466,39081017,0.6300,1.0
2017-08-11,156.6,158.5728,156.07,157.48,36.64938686354991,25943187,0.0000,1.0
2017-08-14,159.32,160.21,158.75,159.85,37.200942914265006,21754810,0.0000,1.0
2017-08-15,160.66,162.195,160.14,161.6,37.60821004032045,27936774,0.0000,1.0
2017-08-16,161.94,162.51,160.15,160.95,37.45693939349986,27321761,0.0000,1.0
2017-08-17,160.52,160.71,157.84,157.86,36.73782201092195,26925694,0.0000,1.0
2017-08-18,157.86,159.5,156.72,157.5,36.65404134499054,27012525,0.0000,1.0
2017-08-21,157.5,157.89,155.1101,157.21,36.586551364101354,26145653,0.0000,1.0
2017-08-22,158.23,160.0,158.02,159.78,37.184652229222785,21297812,0.0000,1.0
2017-08-23,159.07,160.47,158.88,159.98,37.23119704362912,19198189,0.0000,1.0
2017-08-24,160.43,160.74,158.55,159.27,37.06596295248663,19029621,0.0000,1.0
2017-08-25,159.65,160.56,159.27,159.86,37.203270154985326,25015218,0.0000,1.0
2017-08-28,160.14,162.0,159.93,161.47,37.577955910956334,25279674,0.0000,1.0
2017-08-29,160.1,163.12,160.0,162.91,37.91307857468196,29307862,0.0000,1.0
2017-08-30,163.8,163.89,162.61,163.35,38.0154771663759,26973946,0.0000,1.0
2017-08-31,163.64,164.52,163.48,164.0,38.1667478131965,26412439,0.0000,1.0
2017-09-01,164.8,164.94,163.63,164.05,38.17838401679809,16508568,0.0000,1.0
2017-09-05,163.75,164.25,160.56,162.08,37.71991759489567,29317054,0.0000,1.0
2017-09-06,162.71,162.99,160.52,161.91,37.680354502650275,21179047,0.0000,1.0
2017-09-07,162.09,162.24,160.36,161.26,37.52908385582968,21722995,0.0000,1.0
2017-09-08,160.86,161.15,158.53,158.63,36.91701954638635,28183159,0.0000,1.0
2017-09-11,160.5,162.05,159.89,161.5,37.584937633117285,31028926,0.0000,1.0
2017-09-12,162.61,163.96,158.77,160.86,37.43599422701701,71139119,0.0000,1.0
2017-09-13,159.87,159.96,157.91,159.65,37.15439809985867,44393752,0.0000,1.0
2017-09-14,158.99,159.4,158.09,158.28,36.835566121175255,23073646,0.0000,1.0
2017-09-15,158.47,160.97,158.0,159.88,37.20792463642595,48203642,0.0000,1.0
2017-09-18,160.11,160.5,157.995,158.67,36.92632850926761,27939718,0.0000,1.0
2017-09-19,159.51,159.77,158.44,158.73,36.940291953589515,20347352,0.0000,1.0
2017-09-20,157.9,158.26,153.83,156.07,36.32124592198523,51693239,0.0000,1.0
2017-09-21,155.8,155.8,152.75,153.39,35.69754540894031,36643382,0.0000,1.0
2017-09-22,152.02,152.27,150.56,151.89,35.34845930089278,46114424,0.0000,1.0
2017-09-25,149.99,151.83,149.16,150.55,35.03660904437033,43922334,0.0000,1.0
2017-09-26,151.78,153.92,151.69,153.14,35.639364390932386,35470985,0.0000,1.0
2017-09-27,153.8,154.7189,153.54,154.23,35.893033629446926,24959552,0.0000,1.0
2017-09-28,153.89,154.28,152.7,153.28,35.67194576101683,21896592,0.0000,1.0
2017-09-29,153.21,154.13,152.0,154.12,35.86743398152345,25856530,0.0000,1.0
2017-10-02,154.26,154.45,152.72,153.81,35.795289519193624,18524860,0.0000,1.0
2017-10-03,154.01,155.09,153.91,154.48,35.95121464745485,16146388,0.0000,1.0
2017-10-04,153.63,153.86,152.46,153.48,35.71849057542316,19844177,0.0000,1.0
2017-10-05,154.18,155.44,154.05,155.39,36.16299355300368,21032800,0.0000,1.0
2017-10-06,154.97,155.49,154.56,155.3,36.142048386520834,16423749,0.0000,1.0
2017-10-09,155.81,156.73,155.485,155.84,36.26771938541794,16200129,0.0000,1.0
2017-10-10,156.055,158.0,155.1,155.9,36.28168282973984,15456331,0.0000,1.0
2017-10-11,155.97,156.98,155.75,156.55,36.43295347656044,16607693,0.0000,1.0
2017-10-12,156.35,157.37,155.7299,156.0,36.304955236943016,16045720,0.0000,1.0
2017-10-13,156.73,157.28,156.41,156.99,36.53535206825438,16287608,0.0000,1.0
2017-10-16,157.9,160.0,157.65,159.88,37.20792463642595,23894630,0.0000,1.0
2017-10-17,159.78,160.87,159.23,160.47,37.34523183892465,18816438,0.0000,1.0
2017-10-18,160.42,160.71,159.6,159.76,37.17999774778215,16158659,0.0000,1.0
2017-10-19,156.75,157.08,155.02,155.98,36.30030075550238,42111326,0.0000,1.0
2017-10-20,156.61,157.75,155.96,156.25,36.36313625495094,23612246,0.0000,1.0
2017-10-23,156.89,157.69,155.5,156.17,36.344518329188396,21654461,0.0000,1.0
2017-10-24,156.29,157.42,156.2,157.1,36.56095171617787,17137731,0.0000,1.0
2017-10-25,156.91,157.55,155.27,156.41,36.400372106476006,20126554,0.0000,1.0
2017-10-26,157.23,157.8295,156.78,157.41,36.63309617850769,16751691,0.0000,1.0
2017-10-27,159.29,163.6,158.7,163.05,37.945659944766405,43904150,0.0000,1.0
2017-10-30,163.89,168.07,163.72,166.72,38.79975728912269,43923292,0.0000,1.0
2017-10-31,167.9,169.6499,166.94,169.04,39.3396771362362,35474672,0.0000,1.0
2017-11-01,169.87,169.94,165.61,166.89,38.83932038136807,33100847,0.0000,1.0
2017-11-02,167.64,168.5,165.28,168.11,39.12324374924673,32710040,0.0000,1.0
2017-11-03,174.0,174.26,171.12,172.5,40.14490242546583,58683826,0.0000,1.0
2017-11-06,172.365,174.99,171.72,174.25,40.55216955152128,34242566,0.0000,1.0
2017-11-07,173.91,175.25,173.6,174.81,40.68249503185903,23910914,0.0000,1.0
2017-11-08,174.66,176.24,174.33,176.24,41.01529045486434,23907639,0.0000,1.0
2017-11-09,175.11,176.095,173.14,175.88,40.93150978893293,28636531,0.0000,1.0
2017-11-10,175.11,175.38,174.27,174.67,40.79652982715456,25061183,0.6300,1.0
2017-11-13,173.5,174.5,173.4,173.97,40.63303540407671,16828025,0.0000,1.0
2017-11-14,173.04,173.48,171.18,171.34,40.01876350022707,23588451,0.0000,1.0
2017-11-15,169.97,170.3197,168.38,169.08,39.490910077147156,28702351,0.0000,1.0
2017-11-16,171.18,171.87,170.3,171.1,39.962708269457515,23497326,0.0000,1.0
2017-11-17,171.04,171.39,169.64,170.15,39.74082298099472,21665811,0.0000,1.0
2017-11-20,170.29,170.56,169.56,169.98,39.701117192532955,15974387,0.0000,1.0
2017-11-21,170.78,173.7,170.78,173.14,40.43917773099868,24875471,0.0000,1.0
2017-11-22,173.36,175.0,173.05,174.96,40.8642632310011,24997274,0.0000,1.0
2017-11-24,175.1,175.5,174.6459,174.97,40.866598865616496,14026519,0.0000,1.0
2017-11-27,175.05,175.08,173.34,174.09,40.66106301946148,20536313,0.0000,1.0
2017-11-28,174.3,174.87,171.86,173.07,40.422828288690894,25468442,0.0000,1.0
2017-11-29,172.63,172.92,167.16,169.48,39.58433546176306,40788324,0.0000,1.0
2017-11-30,170.43,172.14,168.44,171.85,40.13788086561236,40172368,0.0000,1.0
2017-12-01,169.95,171.67,168.5,171.05,39.951030096380535,39590080,0.0000,1.0
2017-12-04,172.48,172.62,169.63,169.8,39.6590757694558,32115052,0.0000,1.0
2017-12-05,169.06,171.52,168.4,169.64,39.62170561560943,27008428,0.0000,1.0
2017-12-06,167.5,170.2047,166.46,169.01,39.474560634839364,28224357,0.0000,1.0
2017-12-07,169.03,170.44,168.91,169.32,39.5469653079167,24469613,0.0000,1.0
2017-12-08,170.49,171.0,168.82,169.37,39.55864348099369,23096872,0.0000,1.0
2017-12-11,169.2,172.89,168.79,172.67,40.32940290407498,33092051,0.0000,1.0
2017-12-12,172.15,172.39,171.461,171.7,40.10284634638139,18945457,0.0000,1.0
2017-12-13,172.5,173.54,172.0,172.27,40.23597751945907,23142242,0.0000,1.0
2017-12-14,172.4,173.13,171.65,172.22,40.22429934638208,20219307,0.0000,1.0
2017-12-15,173.63,174.17,172.46,173.97,40.63303540407671,37054632,0.0000,1.0
2017-12-18,174.88,177.2,174.86,176.42,41.20526588484918,28831533,0.0000,1.0
2017-12-19,175.03,175.39,174.09,174.54,40.76616657715439,27078872,0.0000,1.0
2017-12-20,174.87,175.42,173.25,174.35,40.72178951946182,23000392,0.0000,1.0
2017-12-21,174.17,176.02,174.1,175.01,40.875941404078084,20356826,0.0000,1.0
2017-12-22,174.68,175.42,174.5,175.01,40.875941404078084,16052615,0.0000,1.0
2017-12-26,170.8,171.47,169.68,170.57,39.83891963484143,32968167,0.0000,1.0
2017-12-27,170.1,170.78,169.71,170.6,39.84592653868762,21672062,0.0000,1.0
2017-12-28,171.0,171.85,170.48,171.08,39.958037000226724,15997739,0.0000,1.0
2017-12-29,170.52,170.59,169.22,169.23,39.52594459637812,25643711,0.0000,1.0
2018-01-02,170.16,172.3,169.26,172.26,40.23364188484367,25048048,0.0000,1.0
2018-01-03,172.53,174.55,171.96,172.23,40.226634980997474,28819653,0.0000,1.0
2018-01-04,172.54,173.47,172.08,173.03,40.413485750229306,22211345,0.0000,1.0
2018-01-05,173.44,175.37,173.05,175.0,40.873605769462685,23016177,0.0000,1.0
2018-01-08,174.35,175.61,173.93,174.35,40.72178951946182,20134092,0.0000,1.0
2018-01-09,174.55,175.06,173.41,174.33,40.71711825023103,21262614,0.0000,1.0
2018-01-10,173.16,174.3,173.0,174.29,40.707775711769436,23589129,0.0000,1.0
2018-01-11,174.59,175.49,174.49,175.28,40.939003538693825,17523256,0.0000,1.0
2018-01-12,176.18,177.36,175.65,177.09,41.361753404080844,25039531,0.0000,1.0
2018-01-16,177.9,179.39,176.14,176.19,41.15154628869503,29159005,0.0000,1.0
2018-01-17,176.15,179.25,175.07,179.1,41.83121596177581,32752734,0.0000,1.0
2018-01-18,179.37,180.1,178.25,179.26,41.86858611562218,30234512,0.0000,1.0
2018-01-19,178.61,179.58,177.41,178.46,41.681735346390354,30827809,0.0000,1.0
2018-01-22,177.3,177.78,176.6,177.0,41.34073269254226,26023683,0.0000,1.0
2018-01-23,177.3,179.44,176.82,177.04,41.35007523100385,31702531,0.0000,1.0
2018-01-24,177.25,177.3,173.2,174.22,40.69142626946165,50562257,0.0000,1.0
2018-01-25,174.51,174.95,170.53,171.11,39.96504390407292,39661804,0.0000,1.0
2018-01-26,172.0,172.0,170.06,171.51,40.058469288688826,37121805,0.0000,1.0
2018-01-29,170.16,170.16,167.07,167.96,39.22931900022259,48434424,0.0000,1.0
2018-01-30,165.53,167.37,164.7,166.97,38.9980911732982,45137026,0.0000,1.0
2018-01-31,166.87,168.44,166.5,167.43,39.105530365606505,30984099,0.0000,1.0
2018-02-01,167.17,168.62,166.76,167.78,39.18727757714543,38099665,0.0000,1.0
2018-02-02,166.0,166.8,160.1,160.5,37.48693557713578,85436075,0.0000,1.0
2018-02-05,159.1,163.88,156.0,156.49,36.55034609636124,66090446,0.0000,1.0
2018-02-06,154.83,163.72,154.0,163.03,38.07785113483144,66625484,0.0000,1.0
2018-02-07,163.09,163.4,159.07,159.54,37.26271465405758,50852130,0.0000,1.0
2018-02-08,160.29,161.0,155.03,155.15,36.237371057897924,49594129,0.0000,1.0
2018-02-09,157.07,157.89,150.24,156.41,36.67880600020811,66723743,0.6300,1.0
2018-02-12,158.5,163.89,157.51,162.71,38.15618262447326,60560145,0.0000,1.0
2018-02-13,161.95,164.75,161.65,164.34,38.538424512973606,32104756,0.0000,1.0
2018-02-14,163.04,167.54,162.88,167.37,39.24897231797732,39669178,0.0000,1.0
2018-02-15,169.79,173.09,169.0,172.99,40.566886068512254,50609595,0.0000,1.0
2018-02-16,172.36,174.82,171.77,172.43,40.43556370191091,39638793,0.0000,1.0
2018-02-20,172.05,174.26,171.42,171.85,40.299551250788085,33531012,0.0000,1.0
2018-02-21,172.83,174.12,171.01,171.07,40.116637954450496,35833514,0.0000,1.0
2018-02-22,171.8,173.95,171.71,172.5,40.45197899773608,30504116,0.0000,1.0
2018-02-23,173.67,175.65,173.54,175.5,41.15549167595757,33329232,0.0000,1.0
2018-02-26,176.35,179.39,176.21,178.97,41.96922134043377,36886432,0.0000,1.0
2018-02-27,179.1,180.48,178.16,178.39,41.833208889310946,38685165,0.0000,1.0
2018-02-28,179.26,180.62,178.05,178.12,41.76989274827101,33604574,0.0000,1.0
2018-03-01,178.54,179.78,172.66,175.0,41.03823956292066,48801970,0.0000,1.0
2018-03-02,172.8,176.3,172.45,176.21,41.32198967647,38453950,0.0000,1.0
2018-03-05,175.21,177.74,174.52,176.82,41.46503725437503,28401366,0.0000,1.0
2018-03-06,177.91,178.25,176.13,176.67,41.42986162046395,23788506,0.0000,1.0
2018-03-07,174.94,175.85,174.27,175.03,41.04527468970287,31703462,0.0000,1.0
2018-03-08,175.48,177.12,175.07,176.94,41.493177761503894,23163767,0.0000,1.0
2018-03-09,177.96,180.0,177.39,179.98,42.206070608768336,31385134,0.0000,1.0
2018-03-12,180.29,182.39,180.21,181.72,42.614107962136806,32055405,0.0000,1.0
2018-03-13,182.59,183.5,179.24,179.97,42.2037255665076,31168404,0.0000,1.0
2018-03-14,180.32,180.52,177.81,178.44,41.84493410061464,29075469,0.0000,1.0
2018-03-15,178.5,180.24,178.07,178.65,41.894179988090144,22584565,0.0000,1.0
2018-03-16,178.65,179.12,177.62,178.02,41.74644232566363,36836456,0.0000,1.0
2018-03-19,177.32,177.47,173.66,175.3,41.108590830742806,32804695,0.0000,1.0
2018-03-20,175.24,176.8,174.94,175.24,41.09452057717838,19314039,0.0000,1.0
2018-03-21,175.04,175.09,171.26,171.27,40.16353879966526,35247358,0.0000,1.0
2018-03-22,170.0,172.68,168.6,168.85,39.596038572566584,41051076,0.0000,1.0
2018-03-23,168.39,169.92,164.94,164.94,38.6791270486179,40248954,0.0000,1.0
2018-03-26,168.07,173.1,166.44,172.77,40.51529513877601,36272617,0.0000,1.0
2018-03-27,173.68,175.15,166.92,168.34,39.47644141726894,38962839,0.0000,1.0
2018-03-28,167.25,170.02,165.19,166.48,39.040263556771606,41668545,0.0000,1.0
2018-03-29,167.81,171.75,166.9,167.78,39.345119050667584,38398505,0.0000,1.0
2018-04-02,166.64,168.94,164.47,166.68,39.08716440198637,37586791,0.0000,1.0
2018-04-03,167.64,168.75,164.88,168.39,39.48816662857262,30278046,0.0000,1.0
2018-04-04,164.88,172.01,164.77,171.61,40.24327023653037,34605489,0.0000,1.0
2018-04-05,172.58,174.23,172.08,172.8,40.522330265558224,26933197,0.0000,1.0
2018-04-06,170.97,172.48,168.2,168.38,39.485821586311886,35005290,0.0000,1.0
2018-04-09,169.88,173.09,169.85,170.05,39.87744364385519,29017718,0.0000,1.0
2018-04-10,173.0,174.0,171.53,173.25,40.62785716729145,28614241,0.0000,1.0
2018-04-11,172.23,173.92,171.7,172.44,40.437908744171644,22431640,0.0000,1.0
2018-04-12,173.41,175.0,173.04,174.14,40.83656592849716,22889285,0.0000,1.0
2018-04-13,174.78,175.84,173.85,174.73,40.97492342188072,25124255,0.0000,1.0
2018-04-16,175.03,176.19,174.83,175.82,41.230533028301195,21578420,0.0000,1.0
2018-04-17,176.49,178.94,176.41,178.24,41.79803325539987,26605442,0.0000,1.0
2018-04-18,177.81,178.82,176.88,177.84,41.70423156497034,20754538,0.0000,1.0
2018-04-19,173.76,175.39,172.66,172.8,40.522330265558224,34808800,0.0000,1.0
2018-04-20,170.6,171.22,165.43,165.72,38.862040344955496,65491140,0.0000,1.0
2018-04-23,166.83,166.92,164.09,165.24,38.749478316440054,36515477,0.0000,1.0
2018-04-24,165.67,166.33,161.22,162.94,38.21011859647024,33692017,0.0000,1.0
2018-04-25,162.62,165.42,162.41,163.65,38.37661659698266,28382084,0.0000,1.0
2018-04-26,164.12,165.73,163.37,164.22,38.510284005844746,27963014,0.0000,1.0
2018-04-27,164.0,164.33,160.63,162.32,38.06472597630446,35655839,0.0000,1.0
2018-04-30,162.13,167.26,161.84,165.26,38.754168400961525,42427424,0.0000,1.0
2018-05-01,166.41,169.2,165.27,169.1,39.65466462908505,53569376,0.0000,1.0
2018-05-02,175.23,177.75,173.8,176.57,41.40641119785657,66539371,0.0000,1.0
2018-05-03,175.88,177.5,174.44,176.89,41.481452550200196,34068180,0.0000,1.0
2018-05-04,178.25,184.25,178.17,183.83,43.1089118791526,56201317,0.0000,1.0
2018-05-07,185.18,187.67,184.75,185.16,43.42080249983079,42451423,0.0000,1.0
2018-05-08,184.99,186.22,183.67,186.05,43.629511261036505,28402777,0.0000,1.0
2018-05-09,186.55,187.4,185.22,187.36,43.936711797193226,23211241,0.0000,1.0
2018-05-10,187.74,190.37,187.65,190.04,44.565183123071094,27989289,0.0000,1.0
2018-05-11,189.49,190.06,187.45,188.59,44.39634008029793,26212221,0.7300,1.0
2018-05-14,189.01,189.53,187.86,188.15,44.29275882129517,20778772,0.0000,1.0
2018-05-15,186.78,187.07,185.1,186.44,43.89020438289807,23695159,0.0000,1.0
2018-05-16,186.07,188.46,186.0,188.18,44.29982117986354,19183064,0.0000,1.0
2018-05-17,188.0,188.91,186.36,186.99,44.01968095665153,17294029,0.0000,1.0
2018-05-18,187.19,187.81,186.13,186.31,43.8596008291018,18297728,0.0000,1.0
2018-05-21,188.0,189.27,186.91,187.63,44.170344606110085,18400787,0.0000,1.0
2018-05-22,188.38,188.88,186.78,187.16,44.05970098853895,15240704,0.0000,1.0
2018-05-23,186.35,188.5,185.76,188.36,44.342195331273764,20058415,0.0000,1.0
2018-05-24,188.77,188.84,186.21,188.15,44.29275882129517,23233975,0.0000,1.0
2018-05-25,188.23,189.65,187.65,188.58,44.39398596077515,17460963,0.0000,1.0
2018-05-29,187.6,188.75,186.87,187.9,44.23390583322542,22514075,0.0000,1.0
2018-05-30,187.72,188.0,186.78,187.5,44.139741052313816,18690547,0.0000,1.0
2018-05-31,187.22,188.23,186.14,186.87,43.99143152237804,27482793,0.0000,1.0
2018-06-01,187.99,190.26,187.75,190.24,44.7847698015583,23442510,0.0000,1.0
2018-06-04,191.64,193.42,191.35,191.83,45.15907480568192,26266174,0.0000,1.0
2018-06-05,193.07,193.94,192.36,193.31,45.50748449505485,21565963,0.0000,1.0
2018-06-06,193.63,194.08,191.92,193.98,45.66521050308178,20933619,0.0000,1.0
2018-06-07,194.14,194.2,192.34,193.46,45.5427962878967,21347180,0.0000,1.0
2018-06-08,191.17,192.0,189.77,191.7,45.12847125188564,26656799,0.0000,1.0
2018-06-11,191.35,191.97,190.21,191.23,45.01782763431451,18308460,0.0000,1.0
2018-06-12,191.39,192.61,191.15,192.28,45.26501018420747,16911141,0.0000,1.0
2018-06-13,192.42,192.88,190.44,190.7,44.893059299606634,21638393,0.0000,1.0
2018-06-14,191.55,191.57,190.22,190.8,44.91660049483454,21610074,0.0000,1.0
2018-06-15,190.03,190.16,188.26,188.84,44.455193068367684,61719160,0.0000,1.0
2018-06-18,187.88,189.22,187.2,188.74,44.431651873139785,18484865,0.0000,1.0
2018-06-19,185.14,186.33,183.45,185.69,43.71364541868881,33578455,0.0000,1.0
2018-06-20,186.35,187.2,185.73,186.5,43.90432910003481,20628701,0.0000,1.0
2018-06-21,187.25,188.35,184.94,185.46,43.659500669664645,25711898,0.0000,1.0
2018-06-22,186.12,186.15,184.7,184.92,43.53237821543397,27200447,0.0000,1.0
2018-06-25,183.4,184.92,180.73,182.17,42.884995346666706,31663096,0.0000,1.0
2018-06-26,182.99,186.53,182.54,184.43,43.41702635881727,24569201,0.0000,1.0
2018-06-27,185.23,187.28,184.03,184.16,43.35346513170193,25285328,0.0000,1.0
2018-06-28,184.1,186.21,183.8,185.5,43.6689171477558,17365235,0.0000,1.0
2018-06-29,186.29,187.19,182.91,185.11,43.57710648636699,22737666,0.0000,1.0
2018-07-02,183.82,187.3,183.42,187.18,44.064409227584534,17731343,0.0000,1.0
2018-07-03,187.79,187.95,183.54,183.92,43.29696626315497,13954806,0.0000,1.0
2018-07-05,185.26,186.41,184.28,185.4,43.6453759525279,16604248,0.0000,1.0
2018-07-06,185.42,188.43,185.2,187.97,44.25038466988495,17485245,0.0000,1.0
2018-07-09,189.5,190.68,189.3,190.58,44.86480986533316,19756634,0.0000,1.0
2018-07-10,190.71,191.28,190.18,190.35,44.81066511630898,15939149,0.0000,1.0
2018-07-11,188.5,189.78,187.61,187.88,44.22919759417984,18831470,0.0000,1.0
2018-07-12,189.53,191.41,189.31,191.03,44.97074524385871,18041131,0.0000,1.0
2018-07-13,191.08,191.84,190.9,191.33,45.041368829542414,12519792,0.0000,1.0
2018-07-16,191.52,192.65,190.42,190.91,44.94249580958523,15043110,0.0000,1.0
2018-07-17,189.75,191.87,189.2,191.45,45.06961826381589,15534523,0.0000,1.0
2018-07-18,191.78,191.8,189.93,190.4,44.822435713922935,16393381,0.0000,1.0
2018-07-19,189.69,192.55,189.69,191.88,45.170845403295864,20286752,0.0000,1.0
2018-07-20,191.78,192.43,190.17,191.44,45.067264144293105,20706042,0.0000,1.0
2018-07-23,190.68,191.96,189.56,191.61,45.107284176180535,15989365,0.0000,1.0
2018-07-24,192.45,193.66,192.05,193.0,45.434506789848356,18697898,0.0000,1.0
2018-07-25,193.06,194.85,192.43,194.82,45.862956542996145,16826483,0.0000,1.0
2018-07-26,194.61,195.96,193.61,194.21,45.719355252105956,19075964,0.0000,1.0
2018-07-27,194.99,195.19,190.1,190.98,44.958974646244755,24023972,0.0000,1.0
2018-07-30,191.9,192.2,189.07,189.91,44.70708385730622,21029535,0.0000,1.0
2018-07-31,190.3,192.14,189.34,190.29,44.796540399172244,39373038,0.0000,1.0
2018-08-01,199.13,201.76,197.31,201.5,47.435508384219915,67935716,0.0000,1.0
2018-08-02,200.58,208.38,200.35,207.39,48.82208478314326,62404012,0.0000,1.0
2018-08-03,207.03,208.74,205.48,207.99,48.96333195451067,33447396,0.0000,1.0
2018-08-06,208.0,209.25,207.07,209.07,49.217576862971995,25425387,0.0000,1.0
2018-08-07,209.32,209.5,206.76,207.11,48.75616943650515,25587387,0.0000,1.0
2018-08-08,206.05,207.81,204.52,207.25,48.78912710982421,22525487,0.0000,1.0
2018-08-09,207.28,209.78,207.2,208.88,49.17284859203899,23492626,0.0000,1.0
2018-08-10,207.36,209.1,206.67,207.53,49.026893181625994,24611202,0.7300,1.0
2018-08-13,207.7,210.95,207.7,208.87,49.343454820248745,25890880,0.0000,1.0
2018-08-14,210.16,210.56,208.26,209.75,49.55134604561294,20748010,0.0000,1.0
2018-08-15,209.22,210.74,208.33,210.24,49.66710365973618,28807564,0.0000,1.0
2018-08-16,211.75,213.81,211.47,213.32,50.394722948510854,28500367,0.0000,1.0
2018-08-17,213.44,217.95,213.16,217.58,51.4011054712966,35426997,0.0000,1.0
2018-08-20,218.1,219.18,215.11,215.46,50.90027661019196,30287695,0.0000,1.0
2018-08-21,216.8,217.19,214.03,215.04,50.80105579808632,26159755,0.0000,1.0
2018-08-22,214.1,216.36,213.84,215.05,50.80341819837455,19018131,0.0000,1.0
2018-08-23,214.65,217.05,214.6,215.49,50.90736381105665,18883224,0.0000,1.0
2018-08-24,216.6,216.9,215.11,216.16,51.06564463036802,18476356,0.0000,1.0
2018-08-27,217.15,218.74,216.33,217.94,51.48615188167286,20525117,0.0000,1.0
2018-08-28,219.01,220.54,218.92,219.7,51.90193433240125,22776766,0.0000,1.0
2018-08-29,220.15,223.49,219.41,222.98,52.67680162694051,27254804,0.0000,1.0
2018-08-30,223.25,228.26,222.4,225.03,53.16109368602755,48793824,0.0000,1.0
2018-08-31,226.51,228.87,226.0,227.63,53.77531776096721,43340134,0.0000,1.0
2018-09-04,228.41,229.18,226.63,228.36,53.94777298200796,27390132,0.0000,1.0
2018-09-05,228.99,229.67,225.1,226.87,53.595775339061774,33332960,0.0000,1.0
2018-09-06,226.23,227.35,221.3,223.1,52.705150430399264,34289976,0.0000,1.0
2018-09-07,221.85,225.37,220.71,221.3,52.27991837851796,37619810,0.0000,1.0
2018-09-10,220.95,221.85,216.47,218.33,51.578285492913814,39516453,0.0000,1.0
2018-09-11,218.01,224.3,216.56,223.85,52.882330452016475,35749049,0.0000,1.0
2018-09-12,224.94,225.0,219.84,221.07,52.22558317188868,49278740,0.0000,1.0
2018-09-13,223.52,228.35,222.57,226.41,53.487104925803216,41706377,0.0000,1.0
2018-09-14,225.75,226.84,222.52,223.84,52.87996805172825,31999289,0.0000,1.0
2018-09-17,222.15,222.95,217.27,217.88,51.47197747994348,37195133,0.0000,1.0
2018-09-18,217.79,221.85,217.12,218.24,51.55702389031975,31571712,0.0000,1.0
2018-09-19,218.5,219.62,215.3,218.37,51.58773509406673,27123833,0.0000,1.0
2018-09-20,220.24,222.28,219.15,220.03,51.97989354191282,26608794,0.0000,1.0
2018-09-21,220.78,221.36,217.29,217.66,51.420004673602435,96246748,0.0000,1.0
2018-09-24,216.82,221.26,216.63,220.79,52.15943596381826,27693358,0.0000,1.0
2018-09-25,219.75,222.82,219.7,222.19,52.49017200417038,24554379,0.0000,1.0
2018-09-26,221.0,223.75,219.76,220.42,52.07202715315377,23984706,0.0000,1.0
2018-09-27,223.82,226.44,223.54,224.95,53.14219448372171,30181227,0.0000,1.0
2018-09-28,224.79,225.84,224.02,225.74,53.328824106491844,22929364,0.0000,1.0
2018-10-01,227.95,229.42,226.35,227.26,53.68790895030272,23600802,0.0000,1.0
2018-10-02,227.25,230.0,226.63,229.28,54.16511380852507,24788170,0.0000,1.0
2018-10-03,230.05,233.47,229.78,232.07,54.82422348894109,28654799,0.0000,1.0
2018-10-04,230.78,232.35,226.73,227.99,53.86036417134347,32042000,0.0000,1.0
2018-10-05,227.96,228.41,220.58,224.29,52.98627606469857,33580463,0.0000,1.0
2018-10-08,222.21,224.8,220.2,223.77,52.863431249710644,29663923,0.0000,1.0
2018-10-09,223.64,227.27,222.25,226.87,53.595775339061774,26891029,0.0000,1.0
2018-10-10,225.46,226.35,216.05,216.36,51.112892636132614,41990554,0.0000,1.0
2018-10-11,214.52,219.5,212.32,214.45,50.66167418108078,53124392,0.0000,1.0
2018-10-12,220.42,222.88,216.84,222.11,52.47127280186455,40337851,0.0000,1.0
2018-10-15,221.16,221.83,217.27,217.36,51.349132664955555,30791007,0.0000,1.0
2018-10-16,218.93,222.99,216.76,222.15,52.48072240301747,29183963,0.0000,1.0
2018-10-17,222.3,222.64,219.34,221.19,52.253931975347435,22885397,0.0000,1.0
2018-10-18,217.86,219.74,213.0,216.02,51.03257102633281,32581315,0.0000,1.0
2018-10-19,218.06,221.26,217.43,219.31,51.8098007211603,33078726,0.0000,1.0
2018-10-22,219.79,223.36,218.94,220.65,52.12636235978305,28792082,0.0000,1.0
2018-10-23,215.83,223.25,214.7,222.73,52.61774161973477,38767846,0.0000,1.0
2018-10-24,222.6,224.23,214.54,215.09,50.81286779952747,40925163,0.0000,1.0
2018-10-25,217.71,221.38,216.75,219.8,51.92555833528355,29855768,0.0000,1.0
2018-10-26,215.9,220.19,212.67,216.3,51.098718234403236,47258375,0.0000,1.0
2018-10-29,219.19,219.69,206.09,212.24,50.139583717382074,45935520,0.0000,1.0
2018-10-30,211.15,215.18,209.27,213.3,50.3899981479344,36659990,0.0000,1.0
2018-10-31,216.88,220.45,216.62,218.86,51.70349270818998,38358933,0.0000,1.0
2018-11-01,219.05,222.36,216.81,222.22,52.49725920503507,58323180,0.0000,1.0
2018-11-02,209.55,213.65,205.43,207.48,49.01508118018484,91328654,0.0000,1.0
2018-11-05,204.3,204.39,198.17,201.59,47.6236274104177,66163669,0.0000,1.0
2018-11-06,201.92,204.72,201.69,203.77,48.13863067325172,31882881,0.0000,1.0
2018-11-07,205.97,210.06,204.13,209.95,49.598594051377525,33424434,0.0000,1.0
2018-11-08,209.98,210.12,206.75,208.49,49.426138830336775,25362636,0.7300,1.0
2018-11-09,205.55,206.01,202.25,204.47,48.47312871907027,34365750,0.0000,1.0
2018-11-12,199.0,199.85,193.79,194.17,46.031336642939664,51135518,0.0000,1.0
2018-11-13,191.63,197.18,191.45,192.23,45.571426290736426,46882936,0.0000,1.0
2018-11-14,193.9,194.48,185.93,186.8,44.28415143895108,60800957,0.0000,1.0
2018-11-15,188.39,191.97,186.9,191.41,45.37703119341341,46478801,0.0000,1.0
2018-11-16,190.5,194.97,189.46,193.53,45.87961364015097,36928253,0.0000,1.0
2018-11-19,190.0,190.7,184.99,185.86,44.061308278605175,41920872,0.0000,1.0
2018-11-20,178.37,181.47,175.51,176.98,41.956151614911995,67825247,0.0000,1.0
2018-11-21,179.73,180.27,176.55,176.78,41.90873817654053,31124210,0.0000,1.0
2018-11-23,174.94,176.595,172.1,172.29,40.84430648510107,23623972,0.0000,1.0
2018-11-26,174.24,174.95,170.26,174.62,41.396673042128675,44998520,0.0000,1.0
2018-11-27,171.51,174.77,170.88,174.24,41.30658750922289,41387377,0.0000,1.0
2018-11-28,176.73,181.29,174.93,180.94,42.894937694667064,46062539,0.0000,1.0
2018-11-29,182.66,182.8,177.7,179.55,42.56541429798536,41769992,0.0000,1.0
2018-11-30,180.29,180.33,177.03,178.58,42.335459121883744,39531549,0.0000,1.0
2018-12-03,184.46,184.94,181.21,184.82,43.81475839907354,40798002,0.0000,1.0
2018-12-04,180.95,182.39,176.27,176.69,41.88740212927337,41344282,0.0000,1.0
2018-12-06,171.76,174.78,170.42,174.72,41.42037976131441,43098410,0.0000,1.0
2018-12-07,173.49,174.49,168.3,168.49,39.94345115604318,42281631,0.0000,1.0
2018-12-10,165.0,170.09,163.33,169.6,40.206595739004825,62025994,0.0000,1.0
2018-12-11,171.66,171.79,167.0,168.63,39.976640562903206,47281665,0.0000,1.0
2018-12-12,170.4,171.92,169.02,169.1,40.08806214307616,35627674,0.0000,1.0
2018-12-13,170.49,172.57,169.55,170.95,40.52663644801223,31897827,0.0000,1.0
2018-12-14,169.0,169.08,165.28,165.48,39.229878908552585,40703710,0.0000,1.0
2018-12-17,165.45,168.35,162.73,163.94,38.86479543309228,44287922,0.0000,1.0
2018-12-18,165.38,167.53,164.39,166.07,39.369748551748415,33841518,0.0000,1.0
2018-12-19,166.0,167.45,159.09,160.89,38.141740497927394,49047297,0.0000,1.0
2018-12-20,160.4,162.11,155.3,156.83,37.1792476989866,64772960,0.0000,1.0
2018-12-21,156.86,158.16,149.63,150.73,35.73313782865682,95744384,0.0000,1.0
2018-12-24,148.15,151.55,146.59,146.83,34.80857578041321,37169232,0.0000,1.0
2018-12-26,148.3,157.23,146.72,157.17,37.25985054421809,58582544,0.0000,1.0
2018-12-27,155.84,156.77,150.07,156.15,37.01804200852361,53117065,0.0000,1.0
2018-12-28,157.5,158.52,154.55,156.23,37.037007383872194,42291424,0.0000,1.0
2018-12-31,158.53,159.36,156.48,157.74,37.39497884357678,35003466,0.0000,1.0
2019-01-02,154.89,158.85,154.23,157.92,37.4376509381111,37039737,0.0000,1.0
2019-01-03,143.98,145.72,142.0,142.19,33.708584010195146,91312195,0.0000,1.0
2019-01-04,144.53,148.55,143.8,148.26,35.147581864769194,58607070,0.0000,1.0
2019-01-07,148.7,148.83,145.9,147.93,35.069349691456274,54777764,0.0000,1.0
2019-01-08,149.56,151.82,148.52,150.75,35.737879172493976,41025314,0.0000,1.0
2019-01-09,151.29,154.53,149.63,153.31,36.34477118364877,45099081,0.0000,1.0
2019-01-10,152.5,153.97,150.86,153.8,36.460934107658865,35780670,0.0000,1.0
2019-01-11,152.88,153.7,151.51,152.29,36.10296264795428,27023241,0.0000,1.0
2019-01-14,150.85,151.27,149.22,150.0,35.56007877860097,32439186,0.0000,1.0
2019-01-15,150.27,153.39,150.05,153.07,36.287875057603,28710324,0.0000,1.0
2019-01-16,153.08,155.88,153.0,154.94,36.731190706376225,30569706,0.0000,1.0
2019-01-17,154.2,157.66,153.26,155.86,36.94929252288498,29821160,0.0000,1.0
2019-01-18,157.5,157.88,155.98,156.82,37.17687702706802,33751023,0.0000,1.0
2019-01-22,156.41,156.73,152.62,153.3,36.34240051173019,30393970,0.0000,1.0
2019-01-23,154.15,155.14,151.7,153.92,36.489382170681736,23130570,0.0000,1.0
2019-01-24,154.11,154.48,151.74,152.7,36.20016019661578,25441549,0.0000,1.0
2019-01-25,155.48,158.13,154.32,157.76,37.39972018741393,33547893,0.0000,1.0
2019-01-28,155.79,156.33,153.66,156.3,37.05360208730221,26192058,0.0000,1.0
2019-01-29,156.25,158.13,154.11,154.68,36.66955323649332,41587239,0.0000,1.0
2019-01-30,163.25,166.15,160.23,165.25,39.1753534544254,61109780,0.0000,1.0
2019-01-31,166.11,169.0,164.56,166.44,39.457463412735635,40739649,0.0000,1.0
2019-02-01,166.96,168.98,165.93,166.52,39.47642878808423,32668138,0.0000,1.0
2019-02-04,167.41,171.66,167.28,171.25,40.59775660556944,31495582,0.0000,1.0
2019-02-05,172.86,175.08,172.35,174.18,41.29236347771145,36101628,0.0000,1.0
2019-02-06,174.65,175.57,172.85,174.24,41.30658750922289,28239591,0.0000,1.0
2019-02-07,172.4,173.94,170.34,170.94,40.524265776093664,31741690,0.0000,1.0
2019-02-08,168.99,170.66,168.42,170.41,40.57167921446513,23819966,0.7300,1.0
2019-02-11,171.05,171.21,169.25,169.43,40.338358132191935,20993425,0.0000,1.0
2019-02-12,170.1,171.0,169.7,170.89,40.68595892823159,22283523,0.0000,1.0
2019-02-13,171.39,172.48,169.92,170.18,40.516920184952035,22490233,0.0000,1.0
2019-02-14,169.71,171.26,169.38,170.8,40.66453148190039,21835747,0.0000,1.0
2019-02-15,171.25,171.7,169.75,170.42,40.57406004183527,24626814,0.0000,1.0
2019-02-19,169.71,171.44,169.49,170.93,40.695482237712135,18972826,0.0000,1.0
2019-02-20,171.19,173.32,170.99,172.03,40.957373248426954,26114362,0.0000,1.0
2019-02-21,171.8,172.37,170.3,171.06,40.726432993523886,17249670,0.0000,1.0
2019-02-22,171.58,173.0,171.38,172.97,41.18117102121961,18913154,0.0000,1.0
2019-02-25,174.16,175.87,173.95,174.23,41.48115526985658,21873358,0.0000,1.0
2019-02-26,173.71,175.3,173.17,174.33,41.50496354355793,17070211,0.0000,1.0
2019-02-27,173.21,175.0,172.73,174.87,41.6335282215452,27835389,0.0000,1.0
2019-02-28,174.32,174.91,172.92,173.15,41.22402591388204,28215416,0.0000,1.0
2019-03-01,174.28,175.15,172.89,174.97,41.65733649524655,25886167,0.0000,1.0
2019-03-04,175.69,177.75,173.97,175.85,41.8668493038184,27436203,0.0000,1.0
2019-03-05,175.94,176.0,174.54,175.53,41.79066282797409,19737419,0.0000,1.0
2019-03-06,174.67,175.49,173.94,174.52,41.550199263590486,20810384,0.0000,1.0
2019-03-07,173.87,174.44,172.02,172.5,41.06927213482328,24796374,0.0000,1.0
2019-03-08,170.32,173.07,169.5,172.91,41.1668860569988,23999358,0.0000,1.0
2019-03-11,175.49,179.12,175.35,178.9,42.59300165170948,32011034,0.0000,1.0
2019-03-12,180.0,182.67,179.37,180.91,43.071547953106545,32467584,0.0000,1.0
2019-03-13,182.25,183.3,180.92,181.71,43.26201414271733,31032524,0.0000,1.0
2019-03-14,183.9,184.1,182.56,183.73,43.742941271484526,23579508,0.0000,1.0
2019-03-15,184.85,187.33,183.74,186.12,44.31195901294672,39042912,0.0000,1.0
2019-03-18,185.8,188.39,185.79,188.02,44.76431621327231,26219832,0.0000,1.0
2019-03-19,188.35,188.99,185.92,186.53,44.40957293512224,31646369,0.0000,1.0
2019-03-20,186.23,189.49,184.73,188.16,44.79764779645419,31035231,0.0000,1.0
2019-03-21,190.02,196.33,189.81,195.09,46.44756116395753,51034237,0.0000,1.0
2019-03-22,195.34,197.69,190.78,191.05,45.48570690642312,42407666,0.0000,1.0
2019-03-25,191.51,191.98,186.6,188.74,44.935735783922006,43845293,0.0000,1.0
2019-03-26,191.66,192.88,184.58,186.79,44.47147444674574,49800538,0.0000,1.0
2019-03-27,188.75,189.76,186.55,188.47,44.87145344492837,29848427,0.0000,1.0
2019-03-28,188.95,189.56,187.53,188.72,44.930974129181735,20780363,0.0000,1.0
2019-03-29,189.83,190.08,188.54,189.95,45.2238158957083,23563961,0.0000,1.0
2019-04-01,191.64,191.68,188.38,191.24,45.530942626455676,27861964,0.0000,1.0
2019-04-02,191.09,194.46,191.05,194.02,46.19281263535312,22765732,0.0000,1.0
2019-04-03,193.25,196.5,193.15,195.35,46.50946267558103,23271830,0.0000,1.0
2019-04-04,194.79,196.37,193.14,195.69,46.59041080616561,19114275,0.0000,1.0
2019-04-05,196.45,197.1,195.93,197.0,46.902299191653256,18526644,0.0000,1.0
2019-04-08,196.42,200.23,196.34,200.1,47.640355676395004,25881697,0.0000,1.0
2019-04-09,200.32,202.85,199.23,199.5,47.49750603418693,35768237,0.0000,1.0
2019-04-10,198.68,200.74,198.18,200.62,47.76415869964201,21695288,0.0000,1.0
2019-04-11,200.85,201.0,198.44,198.95,47.36656052882952,20900808,0.0000,1.0
2019-04-12,199.2,200.14,196.21,198.87,47.34751390986844,27760668,0.0000,1.0
2019-04-15,198.58,199.85,198.01,199.23,47.433223695193284,17536646,0.0000,1.0
2019-04-16,199.46,201.37,198.56,199.25,47.437985349933555,25696385,0.0000,1.0
2019-04-17,199.54,203.38,198.61,203.13,48.36174636954581,28906780,0.0000,1.0
2019-04-18,203.12,204.15,202.52,203.86,48.53554676756565,24195766,0.0000,1.0
2019-04-22,202.83,204.94,202.34,204.53,48.69506220136467,19439545,0.0000,1.0
2019-04-23,204.43,207.75,203.9,207.48,49.3974062755544,23322991,0.0000,1.0
2019-04-24,207.36,208.48,207.05,207.16,49.32121979971009,17540609,0.0000,1.0
2019-04-25,206.83,207.76,205.12,205.28,48.87362425412477,18543206,0.0000,1.0
2019-04-26,204.9,205.0,202.12,204.3,48.64030317185158,18649102,0.0000,1.0
2019-04-29,204.4,205.97,203.86,204.61,48.71410882032575,22204716,0.0000,1.0
2019-04-30,203.06,203.4,199.11,200.67,47.77606283649268,46534923,0.0000,1.0
2019-05-01,209.88,215.31,209.23,210.52,50.12117779607535,64827328,0.0000,1.0
2019-05-02,209.84,212.65,208.13,209.15,49.795004446366896,31996324,0.0000,1.0
2019-05-03,210.89,211.84,210.23,211.75,50.41401956260191,20892378,0.0000,1.0
2019-05-06,204.29,208.84,203.5,208.48,49.63548901256787,32443113,0.0000,1.0
2019-05-07,205.88,207.42,200.83,202.86,48.297464030552185,38763698,0.0000,1.0
2019-05-08,201.9,205.34,201.75,202.9,48.30698734003272,26339504,0.0000,1.0
2019-05-09,200.4,201.68,196.66,200.72,47.78796697334336,34908607,0.0000,1.0
2019-05-10,197.42,198.85,192.77,197.18,47.12847779181605,41208712,0.7700,1.0
2019-05-13,187.71,189.48,182.85,185.72,44.38939494622212,57430623,0.0000,1.0
2019-05-14,186.41,189.7,185.41,188.66,45.09209159247396,36529677,0.0000,1.0
2019-05-15,186.27,191.75,186.02,190.92,45.63225976272198,26544718,0.0000,1.0
2019-05-16,189.91,192.47,188.84,190.08,45.43148929236432,33031364,0.0000,1.0
2019-05-17,186.93,190.9,186.76,189.0,45.173355830475884,32879090,0.0000,1.0
2019-05-20,183.52,184.35,180.28,183.09,43.760792164030846,38612290,0.0000,1.0
2019-05-21,185.22,188.0,184.7,186.6,44.59972591516825,28364848,0.0000,1.0
2019-05-22,184.66,185.71,182.55,182.78,43.686698299970274,29748556,0.0000,1.0
2019-05-23,179.8,180.54,177.81,179.66,42.940979410070355,36529736,0.0000,1.0
2019-05-24,180.2,182.14,178.62,178.97,42.77606080941941,23714686,0.0000,1.0
2019-05-28,178.92,180.59,177.91,178.23,42.599191585532886,27948160,0.0000,1.0
2019-05-29,176.42,179.35,176.0,177.38,42.396030990528104,28481165,0.0000,1.0
2019-05-30,177.95,179.23,176.67,178.3,42.6159224580627,21218412,0.0000,1.0
2019-05-31,176.23,177.99,174.99,175.07,41.84391219704451,27043584,0.0000,1.0
2019-06-03,175.6,177.92,170.27,173.3,41.42086013450513,40396069,0.0000,1.0
2019-06-04,175.44,179.83,174.52,179.64,42.93619916077612,30967961,0.0000,1.0
2019-06-05,184.28,184.99,181.14,182.54,43.62933530843951,29773427,0.0000,1.0
2019-06-06,183.08,185.47,182.15,185.22,44.269888713866365,22526311,0.0000,1.0
2019-06-07,186.51,191.92,185.77,190.15,45.448220164894124,30684393,0.0000,1.0
2019-06-10,191.81,195.37,191.62,192.58,46.0290204541431,26220851,0.0000,1.0
2019-06-11,194.86,196.0,193.6,194.81,46.56201825044977,26932882,0.0000,1.0
2019-06-12,193.95,195.97,193.39,194.19,46.41383052232863,18253189,0.0000,1.0
2019-06-13,194.7,196.79,193.6,194.15,46.404270023740175,21674625,0.0000,1.0
2019-06-14,191.55,193.59,190.3,192.74,46.06726244849694,18761474,0.0000,1.0
2019-06-17,192.9,194.96,192.17,193.89,46.34212678291517,14669144,0.0000,1.0
2019-06-18,196.05,200.29,195.21,198.45,47.432023621999676,26551004,0.0000,1.0
2019-06-19,199.68,199.88,197.31,197.87,47.293396392467,21124235,0.0000,1.0
2019-06-20,200.37,200.61,198.03,199.46,47.673426211358304,21513988,0.0000,1.0
2019-06-21,198.8,200.85,198.15,198.78,47.510897735354476,47800589,0.0000,1.0
2019-06-24,198.54,200.16,198.17,198.58,47.46309524241217,18220421,0.0000,1.0
2019-06-25,198.43,199.26,195.29,195.57,46.743667723630516,21070334,0.0000,1.0
2019-06-26,197.77,200.99,197.35,199.8,47.75469044936022,26067512,0.0000,1.0
2019-06-27,200.29,201.57,199.57,199.74,47.74034970147753,20899717,0.0000,1.0
2019-06-28,198.68,199.5,197.05,197.92,47.30534701570257,31110642,0.0000,1.0
2019-07-01,203.17,204.49,200.65,201.55,48.17296226260537,27316739,0.0000,1.0
2019-07-02,201.41,203.13,201.36,202.73,48.45499697096495,16935217,0.0000,1.0
2019-07-03,203.28,204.44,202.69,204.41,48.85653791168029,11362045,0.0000,1.0
2019-07-05,203.35,205.08,202.9,204.23,48.81351566803222,17265518,0.0000,1.0
2019-07-08,200.81,201.4,198.41,200.02,47.80727319159675,25338628,0.0000,1.0
2019-07-09,199.2,201.51,198.81,201.24,48.098868398544795,20578015,0.0000,1.0
2019-07-10,201.85,203.73,201.56,203.23,48.5745032033207,17897138,0.0000,1.0
2019-07-11,203.31,204.39,201.71,201.75,48.22076475554767,20191842,0.0000,1.0
2019-07-12,202.45,204.0,202.2,203.3,48.591234075850515,17595212,0.0000,1.0
2019-07-15,204.09,205.87,204.0,205.21,49.0477478834495,16947420,0.0000,1.0
2019-07-16,204.59,206.11,203.5,204.5,48.878049033504325,16866816,0.0000,1.0
2019-07-17,204.05,205.09,203.27,203.35,48.603184699086086,14107450,0.0000,1.0
2019-07-18,204.0,205.88,203.7,205.66,49.15530349256968,18582161,0.0000,1.0
2019-07-19,205.79,206.5,202.36,202.59,48.42153522590534,20929307,0.0000,1.0
2019-07-22,203.65,207.23,203.61,207.22,49.52816293751964,22277932,0.0000,1.0
2019-07-23,208.46,208.91,207.29,208.84,49.91536313035229,18355210,0.0000,1.0
2019-07-24,207.67,209.15,207.17,208.67,49.87473101135133,14991567,0.0000,1.0
2019-07-25,208.89,209.24,206.73,207.02,49.48036044457734,13909535,0.0000,1.0
2019-07-26,207.48,209.73,207.14,207.74,49.65244941916963,17618874,0.0000,1.0
2019-07-29,208.46,210.64,208.44,209.68,50.116133600709965,21673389,0.0000,1.0
2019-07-30,208.76,210.16,207.31,208.78,49.9010223824696,33935718,0.0000,1.0
2019-07-31,216.42,221.37,211.3,213.04,50.91921548214064,69281361,0.0000,1.0
2019-08-01,213.9,218.03,206.74,208.43,49.81736801982057,54017922,0.0000,1.0
2019-08-02,205.53,206.43,201.63,204.02,48.7633230504428,40862122,0.0000,1.0
2019-08-05,197.99,198.65,192.58,193.34,46.21066992732385,52392969,0.0000,1.0
2019-08-06,196.31,198.07,194.04,197.0,47.085455548167985,35824787,0.0000,1.0
2019-08-07,195.41,199.56,193.82,199.04,47.57304097617946,33364400,0.0000,1.0
2019-08-08,200.2,203.53,199.39,203.43,48.62230569626301,27009523,0.0000,1.0
2019-08-09,201.3,202.76,199.29,200.99,48.223154880194784,24619746,0.7700,1.0
2019-08-12,199.62,202.05,199.15,200.48,48.10079153381486,22481889,0.0000,1.0
2019-08-13,201.02,212.14,200.48,208.97,50.13778135884523,47539786,0.0000,1.0
2019-08-14,203.16,206.44,202.59,202.75,48.64542838927057,36547443,0.0000,1.0
2019-08-15,203.46,205.14,199.67,201.74,48.40310097781231,27883363,0.0000,1.0
2019-08-16,204.28,207.16,203.84,206.5,49.54515887735819,28813624,0.0000,1.0
2019-08-19,210.62,212.73,210.03,210.35,50.46888217846148,24431915,0.0000,1.0
2019-08-20,210.88,213.35,210.32,210.36,50.47128145976305,26919529,0.0000,1.0
2019-08-21,212.99,213.65,211.6,212.64,51.01831759652031,21564747,0.0000,1.0
2019-08-22,213.19,214.44,210.75,212.46,50.97513053309211,22267819,0.0000,1.0
2019-08-23,209.43,212.05,201.0,202.64,48.61903629495333,46882843,0.0000,1.0
2019-08-26,205.86,207.19,205.06,206.49,49.54275959605663,26066130,0.0000,1.0
2019-08-27,207.86,208.55,203.53,204.16,48.983727052791515,25897344,0.0000,1.0
2019-08-28,204.1,205.72,203.32,205.53,49.31242859110619,15957632,0.0000,1.0
2019-08-29,208.5,209.32,206.66,209.01,50.1473784840515,21007652,0.0000,1.0
2019-08-30,210.16,210.45,207.2,208.74,50.0825978889092,21162561,0.0000,1.0
2019-09-03,206.43,206.98,204.22,205.7,49.353216373232826,20059574,0.0000,1.0
2019-09-04,208.39,209.48,207.32,209.19,50.19056554747971,19216820,0.0000,1.0
2019-09-05,212.0,213.97,211.51,213.28,51.171871599820605,23946984,0.0000,1.0
2019-09-06,214.05,214.42,212.51,213.26,51.16707303721747,19362294,0.0000,1.0
2019-09-09,214.84,216.44,211.07,214.17,51.38540763566006,27309401,0.0000,1.0
2019-09-10,213.86,216.78,211.71,216.7,51.99242580495651,31777931,0.0000,1.0
2019-09-11,218.07,223.71,217.73,223.59,53.645530621736164,44289646,0.0000,1.0
2019-09-12,224.8,226.42,222.86,223.09,53.525566556657814,32226669,0.0000,1.0
2019-09-13,220.0,220.79,217.02,218.75,52.48427847177774,39763296,0.0000,1.0
2019-09-16,217.73,220.13,217.56,219.9,52.76019582145795,21158141,0.0000,1.0
2019-09-17,219.96,220.82,219.12,220.7,52.9521383255833,18386468,0.0000,1.0
2019-09-18,221.06,222.85,219.44,222.77,53.44878955500767,25643093,0.0000,1.0
2019-09-19,222.01,223.76,220.37,220.96,53.014519639424044,22187876,0.0000,1.0
2019-09-20,221.38,222.56,217.47,217.73,52.23955177901791,57977094,0.0000,1.0
2019-09-23,218.95,219.84,217.65,218.72,52.47708062787304,19419648,0.0000,1.0
2019-09-24,221.03,222.49,217.19,217.68,52.227555372510075,31434367,0.0000,1.0
2019-09-25,218.55,221.5,217.14,221.03,53.03131460853501,22481006,0.0000,1.0
2019-09-26,220.0,220.94,218.83,219.89,52.75779654015638,19088312,0.0000,1.0
2019-09-27,220.54,220.96,217.28,218.82,52.50107344088871,25361285,0.0000,1.0
2019-09-30,220.9,224.58,220.79,223.97,53.736703311195704,26318583,0.0000,1.0
2019-10-01,225.07,228.22,224.2,224.59,53.88545875189286,36187163,0.0000,1.0
2019-10-02,223.06,223.58,217.93,218.96,52.534663379110654,35767257,0.0000,1.0
2019-10-03,218.43,220.96,215.13,220.82,52.98092970120211,30352686,0.0000,1.0
2019-10-04,225.64,227.49,223.89,227.01,54.46608482687207,34755553,0.0000,1.0
2019-10-07,226.27,229.93,225.84,227.06,54.4780812333799,30889269,0.0000,1.0
2019-10-08,225.82,228.06,224.33,224.4,53.83987240716309,29282700,0.0000,1.0
2019-10-09,227.03,227.79,225.64,227.03,54.470883389475205,19029424,0.0000,1.0
2019-10-10,227.93,230.44,227.3,230.09,55.205063467754705,28962984,0.0000,1.0
2019-10-11,232.95,237.64,232.31,236.21,56.6734236243137,41990210,0.0000,1.0
2019-10-14,234.9,238.13,234.67,235.87,56.59184806006042,24413484,0.0000,1.0
2019-10-15,236.39,237.65,234.88,235.32,56.45988758847423,23040483,0.0000,1.0
2019-10-16,233.37,235.24,233.2,234.37,56.23195586482537,19286694,0.0000,1.0
2019-10-17,235.09,236.15,233.52,235.28,56.45029046326796,17272897,0.0000,1.0
2019-10-18,234.59,237.58,234.29,236.41,56.72140925034503,24248023,0.0000,1.0
2019-10-21,237.52,240.99,237.32,240.51,57.705114583987495,21811567,0.0000,1.0
2019-10-22,241.16,242.2,239.62,239.96,57.57315411240131,22684001,0.0000,1.0
2019-10-23,242.1,243.24,241.22,243.18,58.345722691505884,19932545,0.0000,1.0
2019-10-24,244.51,244.8,241.81,243.58,58.441693943568566,17916255,0.0000,1.0
2019-10-25,243.16,246.73,242.88,246.58,59.161478334038655,18369296,0.0000,1.0
2019-10-28,247.42,249.25,246.72,249.05,59.7541008155257,23655368,0.0000,1.0
2019-10-29,248.97,249.75,242.57,243.29,58.372114785823115,35709867,0.0000,1.0
2019-10-30,244.76,245.3,241.21,243.26,58.364916941918416,31130522,0.0000,1.0
2019-10-31,247.24,249.17,237.26,248.76,59.68452165778025,34790520,0.0000,1.0
2019-11-01,249.54,255.93,249.16,255.82,61.37841425668655,37781334,0.0000,1.0
2019-11-04,257.33,257.85,255.38,257.5,61.7814935153498,25817952,0.0000,1.0
2019-11-05,257.05,258.19,256.32,257.13,61.69272010719182,19974427,0.0000,1.0
2019-11-06,256.77,257.49,255.37,257.24,61.71911220150906,18966124,0.0000,1.0
2019-11-07,258.74,260.35,258.11,259.43,62.42929946677289,23735083,0.7700,1.0
2019-11-08,258.69,260.44,256.85,260.14,62.6001540426562,17520495,0.0000,1.0
2019-11-11,258.3,262.47,258.28,262.2,63.09587295296554,20507459,0.0000,1.0
2019-11-12,261.55,262.79,260.92,261.96,63.038119293512025,21847226,0.0000,1.0
2019-11-13,261.13,264.78,261.07,264.47,63.642126315296714,25817593,0.0000,1.0
2019-11-14,263.75,264.88,262.1,262.64,63.20175466196365,22395556,0.0000,1.0
2019-11-15,263.68,265.78,263.01,265.76,63.952552234859354,25093666,0.0000,1.0
2019-11-18,265.8,267.43,264.23,267.1,64.27501016680816,21700897,0.0000,1.0
2019-11-19,267.9,268.0,265.39,266.29,64.08009156615253,19069597,0.0000,1.0
2019-11-20,265.54,266.08,260.4,263.19,63.334106798211295,26609919,0.0000,1.0
2019-11-21,263.69,264.01,261.18,262.01,63.050151305898176,30348778,0.0000,1.0
2019-11-22,262.59,263.18,260.84,261.78,62.994804048921885,16331263,0.0000,1.0
2019-11-25,262.71,266.44,262.52,266.37,64.09934278597038,21029517,0.0000,1.0
2019-11-26,266.94,267.16,262.5,264.29,63.598811070706574,26334882,0.0000,1.0
2019-11-27,265.58,267.98,265.31,267.84,64.45308395012314,16386122,0.0000,1.0
2019-11-29,266.6,268.0,265.9,267.25,64.31110620396659,11654363,0.0000,1.0
2019-12-02,267.27,268.25,263.45,264.16,63.56752783850259,23693550,0.0000,1.0
2019-12-03,258.31,259.53,256.29,259.45,62.434112271727344,29377268,0.0000,1.0
2019-12-04,261.07,263.31,260.68,261.74,62.98517843901298,16810388,0.0000,1.0
2019-12-05,263.79,265.89,262.73,265.58,63.909236990269214,18661343,0.0000,1.0
2019-12-06,267.48,271.0,267.3,270.71,65.1437214610881,26547493,0.0000,1.0
2019-12-09,270.0,270.8,264.91,266.92,64.23169492221801,32182645,0.0000,1.0
2019-12-10,268.6,270.07,265.86,268.48,64.60709370866587,22632383,0.0000,1.0
2019-12-11,268.81,271.1,268.5,270.77,65.15815987595148,19723391,0.0000,1.0
2019-12-12,267.78,272.56,267.32,271.46,65.32420164688034,34437042,0.0000,1.0
2019-12-13,271.46,275.3,270.93,275.15,66.21216416097813,33432806,0.0000,1.0
2019-12-16,277.0,280.79,276.98,279.86,67.34557972775339,32081105,0.0000,1.0
2019-12-17,279.57,281.77,278.8,280.41,67.47793186400102,28575798,0.0000,1.0
2019-12-18,279.8,281.9,279.12,279.74,67.31670289802662,29024687,0.0000,1.0
2019-12-19,279.5,281.18,278.95,280.02,67.38408216738905,24626947,0.0000,1.0
2019-12-20,282.23,282.65,278.56,279.44,67.24451082370973,69032743,0.0000,1.0
2019-12-23,280.53,284.25,280.37,284.0,68.34183035332653,24677883,0.0000,1.0
2019-12-24,284.69,284.89,282.92,284.27,68.40680322021173,12119714,0.0000,1.0
2019-12-26,284.82,289.98,284.7,289.91,69.76401421736935,23334004,0.0000,1.0
2019-12-27,291.12,293.97,288.12,289.8,69.73754379011982,36592936,0.0000,1.0
2019-12-30,289.46,292.69,285.22,291.52,70.15144501620333,36059614,0.0000,1.0
2019-12-31,289.93,293.68,289.52,293.65,70.66400874385329,25247625,0.0000,1.0
2020-01-02,296.24,300.6,295.19,300.35,72.27629840359727,33911864,0.0000,1.0
2020-01-03,297.15,300.58,296.5,297.43,71.57362888024616,36633878,0.0000,1.0
2020-01-06,293.79,299.96,292.75,299.8,72.14394626734962,29644644,0.0000,1.0
2020-01-07,299.84,300.9,297.48,298.39,71.80464351806022,27877655,0.0000,1.0
2020-01-08,297.16,304.44,297.16,303.19,72.95971670713053,33090946,0.0000,1.0
2020-01-09,307.24,310.43,306.2,309.63,74.50943990246651,42621542,0.0000,1.0
2020-01-10,310.6,312.67,308.25,310.33,74.6778880758726,35217272,0.0000,1.0
2020-01-13,311.64,317.07,311.15,316.96,76.27333291827595,30028742,0.0000,1.0
2020-01-14,316.7,317.57,312.17,312.68,75.2433926580216,40653457,0.0000,1.0
2020-01-15,311.85,315.5,309.55,311.34,74.92093472607282,30480882,0.0000,1.0
2020-01-16,313.59,315.7,312.09,315.24,75.85943169219244,27207254,0.0000,1.0
2020-01-17,316.27,318.74,315.0,318.73,76.69926615674565,34454117,0.0000,1.0
2020-01-21,317.19,319.02,316.0,316.57,76.179483221664,27235039,0.0000,1.0
2020-01-22,318.58,319.99,317.31,317.7,76.45140670159097,25458115,0.0000,1.0
2020-01-23,317.92,319.56,315.65,319.23,76.81958628060714,26117993,0.0000,1.0
2020-01-24,320.25,323.33,317.52,318.31,76.598197252702,36634380,0.0000,1.0
2020-01-27,310.06,311.77,304.88,308.95,74.34580453401489,40485005,0.0000,1.0
2020-01-28,312.6,318.4,312.19,317.69,76.44900029911373,40558486,0.0000,1.0
2020-01-29,324.45,327.85,321.38,324.34,78.04925794647156,54149928,0.0000,1.0
2020-01-30,320.54,324.09,318.75,323.87,77.93615703004177,31685808,0.0000,1.0
2020-01-31,320.93,322.68,308.29,309.51,74.48056307273976,49897096,0.0000,1.0
2020-02-03,304.3,313.49,302.22,308.66,74.27601886217523,43496401,0.0000,1.0
2020-02-04,315.31,319.64,313.63,318.85,76.7281429864724,34154134,0.0000,1.0
2020-02-05,323.52,324.76,318.95,321.45,77.35380763055214,29706718,0.0000,1.0
2020-02-06,322.57,325.22,320.26,325.21,78.25861496199055,26356385,0.0000,1.0
2020-02-07,322.37,323.4,318.0,320.03,77.19739146953219,29421012,0.7700,1.0
2020-02-10,314.18,321.55,313.85,321.55,77.56404470527163,27337215,0.0000,1.0
2020-02-11,323.6,323.9,318.71,319.61,77.09607939123579,23580780,0.0000,1.0
2020-02-12,321.47,327.22,321.47,327.2,78.92693337759252,28432573,0.0000,1.0
2020-02-13,324.19,326.22,323.35,324.87,78.36489256228143,23686892,0.0000,1.0
2020-02-14,324.74,325.98,322.85,324.95,78.38419010100455,20028447,0.0000,1.0
2020-02-18,315.36,319.75,314.61,319.0,76.94893565847192,38190545,0.0000,1.0
2020-02-19,320.0,324.57,320.0,323.62,78.06336851973256,23495991,0.0000,1.0
2020-02-20,322.63,324.65,318.21,320.3,77.26252066272276,25141489,0.0000,1.0
2020-02-21,318.62,320.45,310.5,313.05,75.5136812159393,32426415,0.0000,1.0
2020-02-24,297.26,304.18,289.23,298.18,71.92675120577793,55548828,0.0000,1.0
2020-02-25,300.95,302.53,286.13,288.08,69.49043694198305,57668364,0.0000,1.0
2020-02-26,286.53,297.88,286.5,292.65,70.59280884154172,49678431,0.0000,1.0
2020-02-27,281.1,286.0,272.96,273.52,65.9782848943738,80151381,0.0000,1.0
2020-02-28,257.26,278.41,256.37,273.36,65.93968981692755,106721230,0.0000,1.0
2020-03-02,282.28,301.44,277.72,298.81,72.07871932322256,85349339,0.0000,1.0
2020-03-03,303.67,304.0,285.8,289.32,69.78954879219154,79868852,0.0000,1.0
2020-03-04,296.44,303.4,293.13,302.74,73.02671091299622,54794568,0.0000,1.0
2020-03-05,295.52,299.55,291.41,292.92,70.65793803473228,46893219,0.0000,1.0
2020-03-06,282.0,290.82,281.23,289.03,69.7195952143202,56544246,0.0000,1.0
2020-03-09,263.75,278.09,263.0,266.17,64.20532352418644,71686208,0.0000,1.0
2020-03-10,277.14,286.44,269.37,285.34,68.82949624071593,71322520,0.0000,1.0
2020-03-11,277.39,281.22,271.86,275.43,66.43901363138848,64094970,0.0000,1.0
2020-03-12,255.94,270.0,248.0,248.23,59.877850465525036,104618517,0.0000,1.0
2020-03-13,264.89,279.92,252.95,277.97,67.05171048584779,92683032,0.0000,1.0
2020-03-16,241.95,259.08,240.0,242.21,58.425710676609675,80605865,0.0000,1.0
2020-03-17,247.51,257.61,238.4,252.86,60.99469551912606,81013965,0.0000,1.0
2020-03-18,239.77,250.0,237.12,246.67,59.50154846042405,75058406,0.0000,1.0
2020-03-19,247.39,252.84,242.61,244.78,59.04564410809016,67964255,0.0000,1.0
2020-03-20,247.18,251.83,228.0,229.24,55.29709721112259,100423346,0.0000,1.0
2020-03-23,228.08,228.5,212.61,224.37,54.12235954135219,84188208,0.0000,1.0
2020-03-24,236.36,247.69,234.3,246.88,59.552204499572255,71882773,0.0000,1.0
2020-03-25,250.75,258.25,244.3,245.52,59.22414634127909,75900510,0.0000,1.0
2020-03-26,246.52,258.68,246.36,258.44,62.34069884506422,63140169,0.0000,1.0
2020-03-27,252.75,255.87,247.05,247.74,59.75965304084588,51054153,0.0000,1.0
2020-03-30,250.74,255.52,249.4,254.81,61.4650730255023,41994110,0.0000,1.0
2020-03-31,255.6,262.49,252.0,254.29,61.339639023801965,49250501,0.0000,1.0
2020-04-01,246.5,248.72,239.13,240.91,58.11212567235885,44054638,0.0000,1.0
2020-04-02,240.34,245.15,236.9,244.93,59.081826993196024,41483493,0.0000,1.0
2020-04-03,242.8,245.7,238.97,241.41,58.2327352893784,32470017,0.0000,1.0
2020-04-06,250.9,263.11,249.38,262.47,63.312812358241786,50455071,0.0000,1.0
2020-04-07,270.8,271.7,259.0,259.43,62.579505886762924,50721831,0.0000,1.0
2020-04-08,262.74,267.37,261.23,266.07,64.18120160078253,42223821,0.0000,1.0
2020-04-09,268.7,270.07,264.7,267.99,64.64434253013759,40529123,0.0000,1.0
2020-04-13,268.31,273.7,265.83,273.25,65.91315570118324,32755731,0.0000,1.0
2020-04-14,280.0,288.25,278.05,287.05,69.24198113092278,48748672,0.0000,1.0
2020-04-15,282.4,286.33,280.63,284.43,68.60998673774036,32788641,0.0000,1.0
2020-04-16,287.38,288.2,282.35,286.69,69.15514220666871,39281290,0.0000,1.0
2020-04-17,284.69,286.95,276.86,282.8,68.21679938625662,53812478,0.0000,1.0
2020-04-20,277.95,281.68,276.85,276.93,66.80084248244712,32503750,0.0000,1.0
2020-04-21,276.28,277.25,265.43,268.37,64.73600583907245,45247893,0.0000,1.0
2020-04-22,273.61,277.9,272.2,276.1,66.60063051819468,29264342,0.0000,1.0
2020-04-23,275.87,281.75,274.87,275.03,66.34252593777283,31203582,0.0000,1.0
2020-04-24,277.2,283.01,277.0,282.97,68.25780665604327,31627183,0.0000,1.0
2020-04-27,281.8,284.54,279.95,283.17,68.3060505028511,29271893,0.0000,1.0
2020-04-28,285.08,285.83,278.2,278.58,67.19885421861163,28001187,0.0000,1.0
2020-04-29,284.73,289.67,283.89,287.73,69.40601021006937,34320204,0.0000,1.0
2020-04-30,289.96,294.53,288.35,293.8,70.87021096068669,45765968,0.0000,1.0
2020-05-01,286.25,299.0,285.85,289.07,69.72924398368176,60154175,0.0000,1.0
2020-05-04,289.17,293.69,286.32,293.16,70.71583065090167,33391986,0.0000,1.0
2020-05-05,295.06,301.0,294.46,297.56,71.7771952806737,36937795,0.0000,1.0
2020-05-06,300.46,303.24,298.87,300.63,72.51773832917372,35583438,0.0000,1.0
2020-05-07,303.22,305.17,301.97,303.74,73.26793014703532,28803764,0.0000,1.0
2020-05-08,305.64,310.35,304.29,310.13,75.00712082445719,33511985,0.8200,1.0
2020-05-11,308.1,317.05,307.24,315.01,76.18738313259685,36486561,0.0000,1.0
2020-05-12,317.83,319.69,310.91,311.41,75.3166978233135,40575263,0.0000,1.0
2020-05-13,312.15,315.95,303.21,307.65,74.4073153891731,50155639,0.0000,1.0
2020-05-14,304.51,309.79,301.53,309.54,74.86442517654687,39732269,0.0000,1.0
2020-05-15,300.35,307.9,300.21,307.71,74.42182681099449,41587094,0.0000,1.0
2020-05-18,313.17,316.5,310.32,314.96,76.17529028107901,33843125,0.0000,1.0
2020-05-19,315.03,318.52,313.01,313.14,75.73511048583022,25432385,0.0000,1.0
2020-05-20,316.68,319.52,316.52,319.23,77.20801980070122,27876215,0.0000,1.0
2020-05-21,318.66,320.89,315.87,316.85,76.63240006845278,25672211,0.0000,1.0
2020-05-22,315.77,319.23,315.35,318.89,77.12578841038001,20450754,0.0000,1.0
2020-05-26,323.5,324.24,316.5,316.73,76.60337722481,31380454,0.0000,1.0
2020-05-27,316.14,318.71,313.09,318.11,76.93713992670196,28236274,0.0000,1.0
2020-05-28,316.77,323.44,315.63,318.25,76.97099991095186,33449103,0.0000,1.0
2020-05-29,319.25,321.15,316.47,317.94,76.89602423154135,38399532,0.0000,1.0
2020-06-01,317.75,322.35,317.21,321.85,77.84168522023522,20254653,0.0000,1.0
2020-06-02,320.75,323.44,318.93,323.34,78.20205219546638,21910704,0.0000,1.0
2020-06-03,324.66,326.2,322.3,325.12,78.63255770950093,26122804,0.0000,1.0
2020-06-04,324.39,325.62,320.78,322.32,77.95535802450276,21890091,0.0000,1.0
2020-06-05,323.35,331.75,323.23,331.5,80.17560556317531,34312550,0.0000,1.0
2020-06-08,330.25,333.6,327.32,333.46,80.64964534267402,23913634,0.0000,1.0
2020-06-09,332.14,345.61,332.01,343.99,83.19639987232783,36928091,0.0000,1.0
2020-06-10,347.9,354.77,346.09,352.84,85.33683459098273,41662938,0.0000,1.0
2020-06-11,349.31,351.06,335.48,335.9,81.23977649674384,50415613,0.0000,1.0
2020-06-12,344.72,347.8,334.22,338.8,81.94116188477767,50036513,0.0000,1.0
2020-06-15,333.25,345.68,332.58,342.99,82.95454284197135,34702230,0.0000,1.0
2020-06-16,351.46,353.2,344.72,352.08,85.1530232479118,41357182,0.0000,1.0
2020-06-17,355.15,355.4,351.09,351.59,85.03451330303712,28601626,0.0000,1.0
2020-06-18,351.41,353.45,349.22,351.73,85.06837328728705,24205096,0.0000,1.0
2020-06-19,354.64,356.56,345.15,349.72,84.5822406562705,66118952,0.0000,1.0
2020-06-22,351.34,359.46,351.15,358.87,86.79523248403235,33861316,0.0000,1.0
2020-06-23,364.0,372.38,362.27,366.53,88.64785733656304,53038869,0.0000,1.0
2020-06-24,365.0,368.79,358.52,360.06,87.08304235015657,48155849,0.0000,1.0
2020-06-25,360.7,365.0,357.57,364.84,88.23911895526057,34380628,0.0000,1.0
2020-06-26,364.41,365.32,353.02,353.63,85.52790164496436,51314211,0.0000,1.0
2020-06-29,353.25,362.1736,351.28,361.78,87.49903644236971,32661519,0.0000,1.0
2020-06-30,360.08,365.98,360.0,364.8,88.22944467404632,35055821,0.0000,1.0
2020-07-01,365.12,367.36,363.91,364.11,88.06256332310035,27690454,0.0000,1.0
2020-07-02,367.85,370.47,363.64,364.11,88.06256332310035,28814516,0.0000,1.0
2020-07-06,370.0,375.78,369.87,373.85,90.41825079877252,29745936,0.0000,1.0
2020-07-07,375.41,378.62,372.23,372.69,90.137696643559,28206999,0.0000,1.0
2020-07-08,376.72,381.5,376.36,381.37,92.2370156670533,29274479,0.0000,1.0
2020-07-09,385.05,385.27,378.69,383.01,92.63366119683793,31420357,0.0000,1.0
2020-07-10,381.34,383.92,378.82,383.68,92.79570540717678,22564330,0.0000,1.0
2020-07-13,389.06,399.82,381.03,381.91,92.36761846344581,47913079,0.0000,1.0
2020-07-14,379.36,389.02,375.51,388.23,93.8961548952988,42748119,0.0000,1.0
2020-07-15,395.96,396.99,385.96,390.9,94.54191316635061,38306874,0.0000,1.0
2020-07-16,386.25,389.62,383.62,386.09,93.37858085033591,27645927,0.0000,1.0
2020-07-17,387.95,388.59,383.36,385.31,93.18993236665786,23046755,0.0000,1.0
2020-07-20,385.67,394.0,384.25,393.43,95.15381145315253,22397208,0.0000,1.0
2020-07-21,396.69,397.0,386.97,388.0,93.84052777831681,25627347,0.0000,1.0
2020-07-22,386.77,391.9,386.41,389.09,94.10415194140538,22250413,0.0000,1.0
2020-07-23,387.9935,388.31,368.039,371.38,89.820863933792,49251108,0.0000,1.0
2020-07-24,363.95,371.88,356.58,370.46,89.59835546586403,46359716,0.0000,1.0
2020-07-27,374.84,379.62,373.92,379.24,91.72186019239399,30303548,0.0000,1.0
2020-07-28,377.47,378.1986,372.99,373.01,90.21509089327307,25906375,0.0000,1.0
2020-07-29,375.0,380.92,374.85,380.16,91.94436866032196,22582314,0.0000,1.0
2020-07-30,376.75,385.19,375.07,384.76,93.05691099996179,39532505,0.0000,1.0
2020-07-31,411.535,425.66,403.3,425.04,102.79891218272107,93573867,0.0000,1.0
2020-08-03,432.8,446.5457,431.57,435.75,105.38920097783904,77037847,0.0000,1.0
2020-08-04,436.53,443.16,433.55,438.66,106.09300493617643,43198092,0.0000,1.0
2020-08-05,437.51,441.57,435.59,440.25,106.47755761444323,30497988,0.0000,1.0
2020-08-06,441.62,457.65,439.19,455.61,110.19248160071886,50607225,0.0000,1.0
2020-08-07,452.82,454.7,441.17,444.45,107.69167990683277,49511403,0.8200,1.0
2020-08-10,450.4,455.1,440.0,450.91,109.25695890829108,53100856,0.0000,1.0
2020-08-11,447.875,449.93,436.4267,437.5,106.00767231238461,46975594,0.0000,1.0
2020-08-12,441.99,453.1,441.19,452.04,109.53076158192077,41486205,0.0000,1.0
2020-08-13,457.72,464.17,455.71,460.04,111.46918758991866,52520516,0.0000,1.0
2020-08-14,459.315,460.0,452.18,459.63,111.36984325700877,41391302,0.0000,1.0
2020-08-17,464.25,464.35,455.8501,458.43,111.07907935580909,29431414,0.0000,1.0
2020-08-18,457.41,464.0,456.03,462.25,112.00467777462808,26408385,0.0000,1.0
2020-08-19,463.93300000000005,468.65,462.44,462.83,112.14521366020793,36384502,0.0000,1.0
2020-08-20,463.0,473.56800000000004,462.9335,473.1,114.63366804797522,31726797,0.0000,1.0
2020-08-21,477.05,499.472,477.0,497.48,120.5410213073488,84513660,0.0000,1.0
2020-08-24,514.79,515.14,495.745,503.43,121.98272565079722,86484442,0.0000,1.0
2020-08-25,498.79,500.7172,492.21,499.3,120.98201322416831,52873947,0.0000,1.0
2020-08-26,504.7165,507.97,500.33,506.09,122.62725229845651,40755567,0.0000,1.0
2020-08-27,508.57,509.94,495.33,500.04,121.16131762990811,38888096,0.0000,1.0
2020-08-28,504.05,505.77,498.31,499.23,120.96505199659833,46907479,0.0000,1.0
2020-08-31,127.58,131.0,126.0,129.04,125.06724603602386,223505733,0.0000,4.0
2020-09-01,132.76,134.8,130.53,134.18,130.04900087657845,152470142,0.0000,1.0
2020-09-02,137.59,137.98,127.0,131.4,127.35458872546138,200118991,0.0000,1.0
2020-09-03,126.91,128.84,120.5,120.88,117.15846792339246,257599640,0.0000,1.0
2020-09-04,120.07,123.7,110.89,120.96,117.23600496371238,332607163,0.0000,1.0
2020-09-08,113.95,118.99,112.68,112.82,109.34661111116097,231366563,0.0000,1.0
2020-09-09,117.26,119.14,115.26,117.32,113.70806962915621,176940455,0.0000,1.0
2020-09-10,120.36,120.5,112.5,113.49,109.99598382384026,182274391,0.0000,1.0
2020-09-11,114.57,115.23,110.0,112.0,108.55185644788183,180860325,0.0000,1.0
2020-09-14,114.72,115.93,112.8,115.355,111.80356607629831,140150087,0.0000,1.0
2020-09-15,118.33,118.829,113.61,115.54,111.98287048203811,184642039,0.0000,1.0
2020-09-16,115.23,116.0,112.04,112.13,108.6778541384017,155026675,0.0000,1.0
2020-09-17,109.72,112.2,108.71,110.34,106.9429628612436,178010968,0.0000,1.0
2020-09-18,110.4,110.88,106.09,106.84,103.55071734724729,287104882,0.0000,1.0
2020-09-21,104.54,110.19,103.1,110.08,106.69096748020387,195713815,0.0000,1.0
2020-09-22,112.68,112.86,109.16,111.81,108.36770597712204,183055373,0.0000,1.0
2020-09-23,111.62,112.11,106.77,107.12,103.822096988367,150718671,0.0000,1.0
2020-09-24,105.17,110.25,105.0,108.22,104.88823129276582,167743349,0.0000,1.0
2020-09-25,108.43,112.44,107.67,112.28,108.82323608900154,149981441,0.0000,1.0
2020-09-28,115.01,115.32,112.78,114.96,111.4207269397187,137672403,0.0000,1.0
2020-09-29,114.55,115.31,113.57,114.09,110.57751162623964,100060526,0.0000,1.0
2020-09-30,113.79,117.26,113.62,115.81,112.24455799311782,142675184,0.0000,1.0
2020-10-01,117.64,117.72,115.83,116.79,113.1943867370368,116120440,0.0000,1.0
2020-10-02,112.89,115.37,112.22,113.02,109.54045371196077,144711986,0.0000,1.0
2020-10-05,113.91,116.65,113.55,116.5,112.91331496587709,106243839,0.0000,1.0
2020-10-06,115.7,116.12,112.25,113.16,109.67614353252061,161498212,0.0000,1.0
2020-10-07,114.62,115.55,114.13,115.08,111.53703250019859,96848985,0.0000,1.0
2020-10-08,116.25,116.4,114.5901,114.97,111.4304190697587,83477153,0.0000,1.0
2020-10-09,115.28,117.0,114.92,116.97,113.36884507775659,100506865,0.0000,1.0
2020-10-12,120.06,125.18,119.2845,124.4,120.57009769746877,240226769,0.0000,1.0
2020-10-13,125.27,125.39,119.65,121.1,117.37169478427224,262330451,0.0000,1.0
2020-10-14,121.0,123.03,119.62,121.19,117.45892395463214,151062308,0.0000,1.0
2020-10-15,118.72,121.2,118.15,120.71,116.99370171271265,112559219,0.0000,1.0
2020-10-16,121.28,121.54799999999999,118.81,119.02,115.35573173595444,115393808,0.0000,1.0
2020-10-19,119.96,120.419,115.66,115.98,112.40932420379764,120639337,0.0000,1.0
2020-10-20,116.2,118.98,115.63,117.51,113.89222009991603,124423728,0.0000,1.0
2020-10-21,116.67,118.705,116.45,116.87,113.2719237773567,89945980,0.0000,1.0
2020-10-22,117.45,118.04,114.59,115.75,112.18640521287789,101987954,0.0000,1.0
2020-10-23,116.39,116.55,114.28,115.04,111.49826398003864,82572645,0.0000,1.0
2020-10-26,114.01,116.55,112.88,115.05,111.50795611007862,111850657,0.0000,1.0
2020-10-27,115.49,117.28,114.5399,116.6,113.01023626627698,92276772,0.0000,1.0
2020-10-28,115.05,115.43,111.1,111.2,107.77648604468268,143937823,0.0000,1.0
2020-10-29,112.37,116.93,112.2,115.32,111.76964362115832,146129173,0.0000,1.0
2020-10-30,111.06,111.99,107.72,108.86,105.50852761532515,190573476,0.0000,1.0
2020-11-02,109.11,110.68,107.32,108.77,105.42129844496525,122866899,0.0000,1.0
2020-11-03,109.66,111.49,108.73,110.44,107.03988416164349,107624448,0.0000,1.0
2020-11-04,114.14,115.59,112.35,114.95,111.41103480967872,138235482,0.0000,1.0
2020-11-05,117.95,119.62,116.8686,119.03,115.36542386599443,126387074,0.0000,1.0
2020-11-06,118.32,119.2,116.13,118.69,115.23458011045457,114457922,0.2050,1.0
2020-11-09,120.5,121.99,116.05,116.32,112.93357787891208,154515315,0.0000,1.0
2020-11-10,115.55,117.59,114.13,115.97,112.59376742277712,138023390,0.0000,1.0
2020-11-11,117.19,119.63,116.44,119.49,116.01128972447735,112294954,0.0000,1.0
2020-11-12,119.62,120.53,118.57,119.21,115.73944135956937,103350674,0.0000,1.0
2020-11-13,119.44,119.6717,117.87,119.26,115.78798571044581,81688586,0.0000,1.0
2020-11-16,118.92,120.99,118.146,120.3,116.79770820867542,91183018,0.0000,1.0
2020-11-17,119.55,120.6741,118.96,119.39,115.9142010227245,74270973,0.0000,1.0
2020-11-18,118.61,119.82,118.0,118.03,114.59379467888579,76322111,0.0000,1.0
2020-11-19,117.59,119.06,116.81,118.64,115.18603575957815,74112972,0.0000,1.0
2020-11-20,118.64,118.77,117.29,117.34,113.92388263679113,73604287,0.0000,1.0
2020-11-23,117.18,117.6202,113.75,113.85,110.53548694561675,127959318,0.0000,1.0
2020-11-24,113.91,115.85,112.59,115.17,111.81705780875434,113226248,0.0000,1.0
2020-11-25,115.55,116.75,115.17,116.03,112.65202064382883,76499234,0.0000,1.0
2020-11-27,116.57,117.49,116.22,116.59,113.19571737364478,46691331,0.0000,1.0
2020-11-30,116.97,120.97,116.81,119.05,115.58409943676482,169410176,0.0000,1.0
2020-12-01,121.01,123.4693,120.01,122.72,119.14725479109433,125920963,0.0000,1.0
2020-12-02,122.02,123.37,120.89,123.08,119.49677411740457,89004195,0.0000,1.0
2020-12-03,123.52,123.78,122.21,122.94,119.36084993495058,78967630,0.0000,1.0
2020-12-04,122.6,122.8608,121.52,122.25,118.69093789285594,78260421,0.0000,1.0
2020-12-07,122.31,124.57,122.25,123.75,120.14726841914865,86711990,0.0000,1.0
2020-12-08,124.37,124.98,123.09,124.38,120.75892724019158,82225512,0.0000,1.0
2020-12-09,124.53,125.95,121.0,121.78,118.23462099461756,115089193,0.0000,1.0
2020-12-10,120.5,123.87,120.15,123.24,119.65211604020912,81312170,0.0000,1.0
2020-12-11,122.43,122.76,120.55,122.41,118.8462798156605,86939786,0.0000,1.0
2020-12-14,122.6,123.35,121.54,121.78,118.23462099461756,79075988,0.0000,1.0
2020-12-15,124.34,127.9,124.13,127.88,124.15703180154124,157572262,0.0000,1.0
2020-12-16,127.41,128.37,126.56,127.81,124.08906971031425,98208591,0.0000,1.0
2020-12-17,128.9,129.58,128.045,128.7,124.95315915591458,94359811,0.0000,1.0
2020-12-18,128.96,129.1,126.12,126.655,122.96769520506886,192541496,0.0000,1.0
2020-12-21,125.02,128.31,123.449,128.23,124.4968422576762,121251553,0.0000,1.0
2020-12-22,131.61,134.405,129.65,131.88,128.04057987165513,169351825,0.0000,1.0
2020-12-23,132.16,132.43,130.78,130.96,127.14736381552895,88223692,0.0000,1.0
2020-12-24,131.32,133.46,131.1,131.97,128.1279597032327,54930064,0.0000,1.0
2020-12-28,133.99,137.34,133.51,136.69,132.7105464259671,123124632,0.0000,1.0
2020-12-29,138.05,138.789,134.3409,134.87,130.9435320540653,121047324,0.0000,1.0
2020-12-30,135.58,135.99,133.4,133.72,129.82701198390754,96452124,0.0000,1.0
2020-12-31,134.08,134.74,131.72,132.69,128.8269983558532,99116586,0.0000,1.0
2021-01-04,133.52,133.6116,126.76,129.41,125.6424889383598,143301887,0.0000,1.0
2021-01-05,128.89,131.74,128.43,131.01,127.19590816640536,97664898,0.0000,1.0
2021-01-06,127.72,131.0499,126.382,126.6,122.9142964191048,155087970,0.0000,1.0
2021-01-07,128.36,131.63,127.86,130.92,127.1085283348278,109578157,0.0000,1.0
2021-01-08,132.43,132.63,130.23,132.05,128.20563066463498,105158245,0.0000,1.0
2021-01-11,129.19,130.17,128.5,128.98,125.22500752082256,100620880,0.0000,1.0
2021-01-12,128.5,129.69,126.86,128.8,125.05024785766746,90440255,0.0000,1.0
2021-01-13,128.76,131.45,128.49,130.89,127.07940172430195,88636831,0.0000,1.0
2021-01-14,130.8,131.0,128.76,128.91,125.15704542959557,90221755,0.0000,1.0
2021-01-15,128.78,130.2242,127.0,127.14,123.43857540857017,111598531,0.0000,1.0
2021-01-19,127.78,128.71,126.93799999999999,127.83,124.10848745066482,90757329,0.0000,1.0
2021-01-20,128.66,132.49,128.55,132.03,128.1862129242844,104319489,0.0000,1.0
2021-01-21,133.8,139.67,133.59,136.87,132.88530608912222,120529544,0.0000,1.0
2021-01-22,136.28,139.85,135.02,139.07,135.02125752768487,114459360,0.0000,1.0
2021-01-25,143.07,145.09,136.54,142.92,138.7591725451695,157611713,0.0000,1.0
2021-01-26,143.6,144.3,141.37,143.16,138.99218542937632,98390555,0.0000,1.0
2021-01-27,143.43,144.3,140.41,142.06,137.924209710095,140843759,0.0000,1.0
2021-01-28,139.52,141.99,136.7,137.09,133.0989012329785,142621128,0.0000,1.0
2021-01-29,135.83,136.74,130.21,131.96,128.11825083305743,177523812,0.0000,1.0
2021-02-01,133.75,135.38,130.93,134.14,130.23478453126947,106239823,0.0000,1.0
2021-02-02,135.73,136.31,134.61,134.99,131.06003849616872,82266419,0.0000,1.0
2021-02-03,135.76,135.77,133.61,133.94,130.0406071277638,89880937,0.0000,1.0
2021-02-04,136.3,137.4,134.59,137.39,133.390167338237,84183061,0.0000,1.0
2021-02-05,137.35,137.42,135.86,136.76,132.97754035578745,75693830,0.2050,1.0
2021-02-08,136.03,136.96,134.92,136.91,133.1233917089124,71297214,0.0000,1.0
2021-02-09,136.62,137.877,135.85,136.01,132.2482835901627,75986989,0.0000,1.0
2021-02-10,136.48,136.99,134.4,135.39,131.64543133057958,72647988,0.0000,1.0
2021-02-11,135.9,136.39,133.77,135.13,131.39262231849634,64280029,0.0000,1.0
2021-02-12,134.35,135.53,133.6921,135.37,131.62598448349627,60145130,0.0000,1.0
2021-02-16,135.49,136.01,132.79,133.19,129.50627815141365,80576316,0.0000,1.0
2021-02-17,131.25,132.22,129.47,130.84,127.22127361912278,97372199,0.0000,1.0
2021-02-18,129.2,129.995,127.41,129.71,126.12252675891483,96856748,0.0000,1.0
2021-02-19,130.24,130.71,128.8,129.87,126.27810153558144,87668834,0.0000,1.0
2021-02-22,128.01,129.72,125.6,126.0,122.51513662495773,102886922,0.0000,1.0
2021-02-23,123.76,126.71,118.39,125.86,122.37900869537445,158273022,0.0000,1.0
2021-02-24,124.94,125.56,122.23,125.35,121.88311409474962,111039904,0.0000,1.0
2021-02-25,124.68,126.4585,120.54,120.99,117.64370143058441,144766924,0.0000,1.0
2021-02-26,122.59,124.85,121.2,121.26,117.90623386620933,163424672,0.0000,1.0
2021-03-01,123.75,127.93,122.79,127.79,124.25562943891548,116307892,0.0000,1.0
2021-03-02,128.41,128.72,125.01,125.12,121.65947535329137,102260945,0.0000,1.0
2021-03-03,124.81,125.71,121.84,122.06,118.68410774954239,112966340,0.0000,1.0
2021-03-04,121.75,123.6,118.62,120.13,116.80748700600137,178154975,0.0000,1.0
2021-03-05,120.98,121.935,117.57,121.42,118.06180864287595,153766601,0.0000,1.0
2021-03-08,120.93,121.0,116.21,116.36,113.14175633079431,154376610,0.0000,1.0
2021-03-09,119.03,122.06,118.79,121.085,117.7360739542302,129525780,0.0000,1.0
2021-03-10,121.69,122.17,119.45,119.98,116.66163565287643,111943326,0.0000,1.0
2021-03-11,122.54,123.21,121.26,121.96,118.58687351412576,103026514,0.0000,1.0
2021-03-12,120.4,121.17,119.16,121.03,117.68259512475107,88105050,0.0000,1.0
2021-03-15,121.41,124.0,120.42,123.99,120.5607284930834,92590555,0.0000,1.0
2021-03-16,125.7,127.22,124.715,125.57,122.0970294126662,115227936,0.0000,1.0
2021-03-17,124.05,125.8599,122.336,124.76,121.30943210579149,111932636,0.0000,1.0
2021-03-18,122.88,123.18,120.32,120.53,117.19642394766791,121469755,0.0000,1.0
2021-03-19,119.9,121.43,119.675,119.99,116.67135907641809,185549522,0.0000,1.0
2021-03-22,120.33,123.87,120.26,123.39,119.97732308058362,111912284,0.0000,1.0
2021-03-23,123.33,124.24,122.14,122.54,119.15083207954224,95467142,0.0000,1.0
2021-03-24,122.82,122.9,120.065,120.09,116.76859331183472,88530485,0.0000,1.0
2021-03-25,119.54,121.66,119.0,120.59,117.25476448891789,98844681,0.0000,1.0
2021-03-26,120.35,121.48,118.92,121.21,117.857616748501,94071234,0.0000,1.0
2021-03-29,121.65,122.58,120.7299,121.39,118.03263837225096,80819203,0.0000,1.0
2021-03-30,120.11,120.4031,118.86,119.9,116.58384826454312,85671919,0.0000,1.0
2021-03-31,121.65,123.52,121.15,122.15,118.77161856141737,118323826,0.0000,1.0
2021-04-01,123.66,124.18,122.49,123.0,119.59810956245875,75089134,0.0000,1.0
2021-04-05,123.87,126.1601,123.07,125.9,122.41790238954111,88651175,0.0000,1.0
2021-04-06,126.5,127.13,125.65,126.21,122.71932851933266,80171253,0.0000,1.0
2021-04-07,125.83,127.92,125.14,127.9,124.36258709787377,83466716,0.0000,1.0
2021-04-08,128.95,130.39,128.52,130.36,126.75454928912295,88844591,0.0000,1.0
2021-04-09,129.8,133.04,129.47,132.995,129.31667139235122,106686703,0.0000,1.0
2021-04-12,132.52,132.85,130.63,131.24,127.61021056078933,91419983,0.0000,1.0
2021-04-13,132.44,134.66,131.93,134.43,130.7119826705799,91266545,0.0000,1.0
2021-04-14,134.94,135.0,131.655,132.03,128.3783610205807,87222782,0.0000,1.0
2021-04-15,133.82,135.0,133.64,134.5,130.78004663537155,89347102,0.0000,1.0
2021-04-16,134.3,134.67,133.28,134.16,130.449450234955,84922386,0.0000,1.0
2021-04-19,133.51,135.47,133.34,134.84,131.11064303578812,94264215,0.0000,1.0
2021-04-20,135.02,135.53,131.81,133.11,129.42849076308036,94812349,0.0000,1.0
2021-04-21,132.36,133.75,131.3001,133.5,129.80770428120522,68847136,0.0000,1.0
2021-04-22,133.04,134.15,131.41,131.94,128.29085020870573,84566456,0.0000,1.0
2021-04-23,132.16,135.12,132.16,134.32,130.60502501162162,78756779,0.0000,1.0
2021-04-26,134.83,135.06,133.56,134.72,130.99396195328814,66905069,0.0000,1.0
2021-04-27,135.01,135.41,134.11,134.39,130.67308897641325,66015804,0.0000,1.0
2021-04-28,134.31,135.02,133.08,133.58,129.88549166953854,107760097,0.0000,1.0
2021-04-29,136.47,137.07,132.45,133.48,129.78825743412187,151100953,0.0000,1.0
2021-04-30,131.78,133.56,131.065,131.46,127.82412587870591,109839466,0.0000,1.0
2021-05-03,132.04,134.07,131.83,132.54,128.87425562120555,75135100,0.0000,1.0
2021-05-04,131.19,131.4899,126.7,127.85,124.31396998016544,137564718,0.0000,1.0
2021-05-05,129.2,130.45,127.97,128.1,124.55705556870703,84000900,0.0000,1.0
2021-05-06,127.89,129.75,127.13,129.74,126.15169702953983,78128334,0.0000,1.0
2021-05-07,130.85,131.2582,129.475,130.21,126.82261325391458,78973273,0.2200,1.0
2021-05-10,129.41,129.54,126.81,126.85,123.55002297257556,88071229,0.0000,1.0
2021-05-11,123.5,126.27,122.77,125.91,122.63447688196285,126142826,0.0000,1.0
2021-05-12,123.4,124.64,122.25,122.77,119.57616334523533,112172282,0.0000,1.0
2021-05-13,124.58,126.15,124.26,124.97,121.71893079135016,105861339,0.0000,1.0
2021-05-14,126.25,127.89,125.85,127.45,124.13441409424324,81917951,0.0000,1.0
2021-05-17,126.82,126.93,125.17,126.27,122.98511155496347,74244624,0.0000,1.0
2021-05-18,126.56,126.99,124.78,124.85,121.60205256701663,63342929,0.0000,1.0
2021-05-19,123.16,124.915,122.86,124.69,121.44621493457191,92611989,0.0000,1.0
2021-05-20,125.23,127.72,125.1,127.31,123.99805616585412,76857123,0.0000,1.0
2021-05-21,127.82,128.0,125.21,125.43,122.16696398462872,79295436,0.0000,1.0
2021-05-24,126.01,127.94,125.94,127.1,123.79351927327042,63092945,0.0000,1.0
2021-05-25,127.82,128.32,126.32,126.9,123.59872223271454,72009482,0.0000,1.0
2021-05-26,126.955,127.39,126.42,126.85,123.55002297257556,56575920,0.0000,1.0
2021-05-27,126.44,127.64,125.08,125.28,122.0208662042118,94625601,0.0000,1.0
2021-05-28,125.57,125.8,124.55,124.61,121.36829611834955,71311109,0.0000,1.0
2021-06-01,125.08,125.35,123.94,124.28,121.04688100143233,67637118,0.0000,1.0
2021-06-02,124.28,125.24,124.05,125.06,121.80658945960032,59278862,0.0000,1.0
2021-06-03,124.68,124.85,123.13,123.54,120.32613195137553,76229170,0.0000,1.0
2021-06-04,124.07,126.16,123.85,125.89,122.61499717790727,75169343,0.0000,1.0
2021-06-07,126.17,126.32,124.8321,125.9,122.62473702993508,71057550,0.0000,1.0
2021-06-08,126.6,128.46,126.2101,126.74,123.44288460026982,74403774,0.0000,1.0
2021-06-09,127.21,127.75,126.52,127.13,123.82273882935381,56877937,0.0000,1.0
2021-06-10,127.02,128.19,125.94,126.11,122.82927392251875,71186421,0.0000,1.0
2021-06-11,126.53,127.44,126.1,127.35,124.03701557396529,53522373,0.0000,1.0
2021-06-14,127.82,130.54,127.07,130.48,127.08558925866502,96906490,0.0000,1.0
2021-06-15,129.94,130.6,129.39,129.64,126.26744168833027,62746332,0.0000,1.0
2021-06-16,130.37,130.89,128.461,130.15,126.76417414174782,91339351,0.0000,1.0
2021-06-17,129.8,132.55,129.65,131.79,128.36150987430614,96721669,0.0000,1.0
2021-06-18,130.71,131.51,130.24,130.46,127.06610955460945,108953309,0.0000,1.0
2021-06-21,130.3,132.41,129.21,132.3,128.85824232772367,79663316,0.0000,1.0
2021-06-22,132.13,134.08,131.62,133.98,130.49453746839316,74783618,0.0000,1.0
2021-06-23,133.77,134.32,133.23,133.7,130.2218216116149,60214200,0.0000,1.0
2021-06-24,134.45,134.64,132.93,133.41,129.93936590280887,68710998,0.0000,1.0
2021-06-25,133.46,133.89,132.81,133.11,129.64717034197506,70783746,0.0000,1.0
2021-06-28,133.41,135.245,133.35,134.78,131.27372563061675,62111303,0.0000,1.0
2021-06-29,134.8,136.49,134.35,136.33,132.78340269492494,64556081,0.0000,1.0
2021-06-30,136.17,137.41,135.87,136.96,133.39701337267599,63261393,0.0000,1.0
2021-07-01,136.6,137.33,135.76,137.27,133.69894878553762,52485781,0.0000,1.0
2021-07-02,137.9,140.0,137.745,139.96,136.3189689810144,78945572,0.0000,1.0
2021-07-06,140.07,143.15,140.07,142.02,138.32537849874012,108181793,0.0000,1.0
2021-07-07,143.535,144.89,142.66,144.57,140.80904076582775,104911589,0.0000,1.0
2021-07-08,141.58,144.06,140.665,143.24,139.51364044613106,105575458,0.0000,1.0
2021-07-09,142.75,145.65,142.6522,145.11,141.33499277532866,99890800,0.0000,1.0
2021-07-12,146.21,146.32,144.0,144.5,140.74086180163317,76299719,0.0000,1.0
2021-07-13,144.03,147.46,143.63,145.64,141.85120493280175,100827099,0.0000,1.0
2021-07-14,148.1,149.57,147.68,149.15,145.26989299455772,127050785,0.0000,1.0
2021-07-15,149.24,150.0,147.09,148.48,144.61732290869546,106820297,0.0000,1.0
2021-07-16,148.46,149.76,145.88,146.39,142.58169383488635,93251426,0.0000,1.0
2021-07-19,143.75,144.07,141.67,142.45,138.74419213593526,121434571,0.0000,1.0
2021-07-20,143.46,147.0997,142.96,146.15,142.34793738621931,96350036,0.0000,1.0
2021-07-21,145.53,146.13,144.63,145.4,141.6174484841347,74993460,0.0000,1.0
2021-07-22,145.935,148.195,145.81,146.8,142.98102776802597,77338156,0.0000,1.0
2021-07-23,147.55,148.7177,146.92,148.56,144.69524172491782,71447416,0.0000,1.0
2021-07-26,148.27,149.83,147.7,148.99,145.114055362113,72434089,0.0000,1.0
2021-07-27,149.12,149.21,145.55,146.77,142.9518082119426,104818578,0.0000,1.0
2021-07-28,144.81,146.97,142.54,144.98,141.2083746989673,118931191,0.0000,1.0
2021-07-29,144.685,146.55,144.58,145.64,141.85120493280175,54323047,0.0000,1.0
2021-07-30,144.38,146.33,144.11,145.86,142.06548167741326,70440626,0.0000,1.0
2021-08-02,146.36,146.95,145.25,145.52,141.73432670846825,62879961,0.0000,1.0
2021-08-03,145.81,148.045,145.18,147.36,143.52645948158246,64786618,0.0000,1.0
2021-08-04,147.27,147.79,146.28,146.95,143.12712554844288,56368271,0.0000,1.0
2021-08-05,146.98,147.84,146.17,147.06,143.23426392074862,46397674,0.0000,1.0
2021-08-06,146.35,147.11,145.63,146.14,142.55247427880298,54126813,0.2200,1.0
2021-08-09,146.2,146.7,145.52,146.09,142.50370170651655,48908689,0.0000,1.0
2021-08-10,146.44,147.71,145.3,145.6,142.02573049810943,69023081,0.0000,1.0
2021-08-11,146.05,146.72,145.53,145.86,142.27934787399894,48493463,0.0000,1.0
2021-08-12,146.19,149.05,145.84,148.89,145.2349657545571,73779113,0.0000,1.0
2021-08-13,148.97,149.4444,148.27,149.1,145.43981055816013,58846293,0.0000,1.0
2021-08-16,148.535,151.19,146.47,151.12,147.41022247853226,103558782,0.0000,1.0
2021-08-17,150.23,151.68,149.09,150.19,146.50305263400452,92229735,0.0000,1.0
2021-08-18,149.8,150.72,146.15,146.36,142.76707359686333,86325990,0.0000,1.0
2021-08-19,145.03,148.0,144.5,146.7,143.09872708841107,86960310,0.0000,1.0
2021-08-20,147.44,148.5,146.78,148.19,144.55214974254696,60549630,0.0000,1.0
2021-08-23,148.31,150.19,147.89,149.71,146.0348359400547,60131810,0.0000,1.0
2021-08-24,149.45,150.86,149.15,149.62,145.9470453099391,48606428,0.0000,1.0
2021-08-25,149.81,150.32,147.8,148.36,144.71797648832086,58991297,0.0000,1.0
2021-08-26,148.35,149.12,147.51,147.54,143.91810630282325,48597195,0.0000,1.0
2021-08-27,147.48,148.75,146.83,148.6,144.95208483529575,55802388,0.0000,1.0
2021-08-30,149.0,153.49,148.61,153.12,149.36112536998982,90956723,0.0000,1.0
2021-08-31,152.66,152.8,151.29,151.83,148.1027930049997,86453117,0.0000,1.0
2021-09-01,152.83,154.98,152.34,152.51,148.76609998809525,80313711,0.0000,1.0
2021-09-02,153.87,154.72,152.4,153.65,149.87811463622606,71171317,0.0000,1.0
2021-09-03,153.76,154.63,153.09,154.3,150.51215807594977,57866066,0.0000,1.0
2021-09-07,154.97,157.26,154.39,156.69,152.84348703124152,82278261,0.0000,1.0
2021-09-08,156.98,157.04,153.975,155.11,151.3022737469901,74420207,0.0000,1.0
2021-09-09,155.49,156.11,153.95,154.07,150.28780424343213,57305730,0.0000,1.0
2021-09-10,155.0,155.48,148.7,148.97,145.3130018702154,140893235,0.0000,1.0
2021-09-13,150.63,151.42,148.75,149.55,145.8787637087381,102404329,0.0000,1.0
2021-09-14,150.35,151.07,146.91,148.12,144.48386814134597,109296295,0.0000,1.0
2021-09-15,148.56,149.44,146.37,149.03,145.37152895695914,83281315,0.0000,1.0
2021-09-16,148.44,148.97,147.221,148.79,145.13742060998422,68034149,0.0000,1.0
2021-09-17,148.82,148.82,145.76,146.06,142.47443816314467,129868824,0.0000,1.0
2021-09-20,143.8,144.84,141.27,142.94,139.4310296524709,123478863,0.0000,1.0
2021-09-21,143.93,144.6,142.78,143.43,139.909000860878,75833962,0.0000,1.0
2021-09-22,144.45,146.43,143.7001,145.85,142.26959335954163,76404341,0.0000,1.0
2021-09-23,146.65,147.08,145.64,146.83,143.22553577635585,64838170,0.0000,1.0
2021-09-24,145.66,147.4701,145.56,146.92,143.31332640647142,53477869,0.0000,1.0
2021-09-27,145.47,145.96,143.82,145.37,141.80137666559182,74150729,0.0000,1.0
2021-09-28,143.25,144.75,141.69,141.91,138.42631466337025,108972340,0.0000,1.0
2021-09-29,142.47,144.45,142.03,142.83,139.32372999344074,74602044,0.0000,1.0
2021-09-30,143.66,144.378,141.28,141.5,138.02637957062146,89056664,0.0000,1.0
2021-10-01,141.9,142.92,139.1101,142.65,139.14814873320955,94639581,0.0000,1.0
2021-10-04,141.76,142.21,138.27,139.14,135.72431415870156,98322008,0.0000,1.0
2021-10-05,139.49,142.24,139.36,141.11,137.64595350678727,80861062,0.0000,1.0
2021-10-06,139.47,142.15,138.37,142.0,138.51410529348584,83221119,0.0000,1.0
2021-10-07,143.06,144.215,142.72,143.29,139.77243765847595,61732656,0.0000,1.0
2021-10-08,144.03,144.1781,142.56,142.9,139.39201159464176,58773155,0.0000,1.0
2021-10-11,142.27,144.81,141.81,142.81,139.30422096452617,64452219,0.0000,1.0
2021-10-12,143.23,143.25,141.0401,141.51,138.03613408507874,73035859,0.0000,1.0
2021-10-13,141.235,141.4,139.2,140.91,137.45086321764148,78762721,0.0000,1.0
2021-10-14,142.11,143.88,141.51,143.76,140.23089983796848,69907100,0.0000,1.0
2021-10-15,143.77,144.895,143.51,144.84,141.28438739935558,67940334,0.0000,1.0
2021-10-18,143.445,146.84,143.16,146.55,142.9524093715518,85589175,0.0000,1.0
2021-10-19,147.01,149.17,146.55,148.76,145.10815706661236,76378894,0.0000,1.0
2021-10-20,148.7,149.7539,148.12,149.26,145.59588278947675,58418788,0.0000,1.0
2021-10-21,148.81,149.64,147.87,149.48,145.81048210753707,61420990,0.0000,1.0
2021-10-22,149.69,150.18,148.64,148.69,145.03987546541134,58883443,0.0000,1.0
2021-10-25,148.68,149.37,147.6211,148.64,144.9911028931249,50720556,0.0000,1.0
2021-10-26,149.33,150.84,149.0101,149.32,145.65440987622048,60893395,0.0000,1.0
2021-10-27,149.36,149.73,148.49,148.85,145.19594769672796,56094929,0.0000,1.0
2021-10-28,149.82,153.165,149.72,152.57,148.824627074839,100077888,0.0000,1.0
2021-10-29,147.215,149.94,146.4128,149.8,146.1226265701703,124953168,0.0000,1.0
2021-11-01,148.985,149.7,147.8,148.96,145.30324735575812,73396551,0.0000,1.0
2021-11-02,148.66,151.57,148.65,150.02,146.33722588823062,68922374,0.0000,1.0
2021-11-03,150.39,151.97,149.82,151.49,147.7711395134519,54511534,0.0000,1.0
2021-11-04,151.58,152.43,150.64,150.96,147.25415024721568,60394616,0.0000,1.0
2021-11-05,151.89,152.2,150.06,151.28,147.78089402790923,65463883,0.2200,1.0
2021-11-08,151.41,151.57,150.16,150.44,146.9603232255332,55020868,0.0000,1.0
2021-11-09,150.2,151.428,150.0601,150.81,147.32176512657978,56573449,0.0000,1.0
2021-11-10,150.02,150.13,147.85,147.92,144.49861081840515,65187092,0.0000,1.0
2021-11-11,148.96,149.43,147.681,147.87,144.44976731826372,40999950,0.0000,1.0
2021-11-12,148.43,150.4,147.48,149.99,146.52073172426034,63245197,0.0000,1.0
2021-11-15,150.37,151.88,149.43,150.0,146.53050042428862,59222803,0.0000,1.0
2021-11-16,149.94,151.488,149.34,151.0,147.50737042711722,59256210,0.0000,1.0
2021-11-17,150.995,155.0,150.99,153.49,149.9397767341604,88807000,0.0000,1.0
2021-11-18,153.71,158.67,153.05,157.87,154.21846734654963,137827673,0.0000,1.0
2021-11-19,157.65,161.02,156.5328,160.55,156.83647895413026,117305597,0.0000,1.0
2021-11-22,161.68,165.7,161.0,161.02,157.2956078554597,117467889,0.0000,1.0
2021-11-23,161.12,161.8,159.0601,161.41,157.67658715656285,96041899,0.0000,1.0
2021-11-24,160.75,162.14,159.64,161.94,158.194328258062,69463623,0.0000,1.0
2021-11-26,159.565,160.45,156.36,156.81,153.18298514355132,76959752,0.0000,1.0
2021-11-29,159.37,161.19,158.7901,160.24,156.5336492532534,88748217,0.0000,1.0
2021-11-30,159.985,165.52,159.92,165.3,161.47661146756607,174048056,0.0000,1.0
2021-12-01,167.48,170.3,164.53,164.77,160.95887036606692,152423003,0.0000,1.0
2021-12-02,158.735,164.2,157.8,163.76,159.97223166321,136739174,0.0000,1.0
2021-12-03,164.02,164.96,159.72,161.84,158.09664125777914,118023116,0.0000,1.0
2021-12-06,164.29,167.8799,164.28,165.32,161.49614886762262,107496982,0.0000,1.0
2021-12-07,169.08,171.58,168.34,171.18,167.22060708419818,120405352,0.0000,1.0
2021-12-08,172.125,175.96,170.7,175.08,171.03040009522968,116998901,0.0000,1.0
2021-12-09,174.91,176.75,173.92,174.56,170.52242769375883,108923739,0.0000,1.0
2021-12-10,175.205,179.63,174.69,179.45,175.2993220075906,115402731,0.0000,1.0
2021-12-13,181.115,182.13,175.53,175.74,171.67513429709655,153237019,0.0000,1.0
2021-12-14,175.25,177.74,172.21,174.33,170.29774759310826,139380382,0.0000,1.0
2021-12-15,175.11,179.5,172.3108,179.3,175.15279150716634,131063257,0.0000,1.0
2021-12-16,179.28,181.14,170.75,172.26,168.27562668725304,150185843,0.0000,1.0
2021-12-17,169.93,173.47,169.69,171.14,167.18153228408502,195923441,0.0000,1.0
2021-12-20,168.28,170.58,167.46,169.75,165.82368298015328,107499114,0.0000,1.0
2021-12-21,171.555,173.2,169.12,172.99,168.98874178931794,91185905,0.0000,1.0
2021-12-22,173.04,175.86,172.15,175.64,171.5774472968137,92135303,0.0000,1.0
2021-12-23,175.85,176.8499,175.27,176.28,172.20264409862398,68356567,0.0000,1.0
2021-12-27,177.085,180.42,177.07,180.33,176.1589676100798,74919582,0.0000,1.0
2021-12-28,180.16,181.33,178.53,179.29,175.14302280713804,79144339,0.0000,1.0
2021-12-29,179.33,180.63,178.14,179.38,175.23094110739262,62348931,0.0000,1.0
2021-12-30,179.47,180.57,178.09,178.2,174.07823450405488,59773014,0.0000,1.0
2021-12-31,178.085,179.23,177.26,177.57,173.46280640227286,61661433,0.0000,1.0
2022-01-03,177.83,182.88,177.71,182.01,177.80010921483182,104701220,0.0000,1.0
2022-01-04,182.63,182.94,179.12,179.7,175.54353950829775,99310438,0.0000,1.0
2022-01-05,179.61,180.17,174.64,174.92,170.8741008947771,94537602,0.0000,1.0
2022-01-06,172.7,175.3,171.64,172.0,168.0216404865176,96903955,0.0000,1.0
2022-01-07,172.89,174.14,171.03,172.17,168.18770838699848,86709147,0.0000,1.0
2022-01-10,169.08,172.5,168.17,172.19,168.20724578705506,106765552,0.0000,1.0
2022-01-11,172.32,175.18,170.82,175.08,171.03040009522968,75937685,0.0000,1.0
2022-01-12,176.12,177.18,174.82,175.53,171.46999159650255,74805173,0.0000,1.0
2022-01-13,175.78,176.62,171.79,172.19,168.20724578705506,84505760,0.0000,1.0
2022-01-14,171.34,173.78,171.09,173.07,169.0668913895442,80440780,0.0000,1.0
2022-01-18,171.51,172.54,169.405,169.8,165.87252648029474,90500236,0.0000,1.0
2022-01-19,170.0,171.08,165.94,166.23,162.38510057019664,92914792,0.0000,1.0
2022-01-20,166.98,169.68,164.18,164.51,160.70488416533146,91420515,0.0000,1.0
2022-01-21,164.415,166.33,162.3,162.41,158.65345715939142,122848858,0.0000,1.0
2022-01-24,160.02,162.3,154.7,161.62,157.88172985715684,162706686,0.0000,1.0
2022-01-25,158.98,162.76,157.02,159.78,156.08428905195225,115798367,0.0000,1.0
2022-01-26,163.5,164.3894,157.82,159.69,155.99637075169767,108275308,0.0000,1.0
2022-01-27,162.45,163.84,158.28,159.22,155.53724185036822,121954638,0.0000,1.0
2022-01-28,165.71,170.35,162.8,170.33,166.3902675817939,179935660,0.0000,1.0
2022-01-31,170.16,175.0,169.51,174.78,170.7373390943811,115541590,0.0000,1.0
2022-02-01,174.01,174.84,172.31,174.61,170.57127119390026,86213911,0.0000,1.0
2022-02-02,174.745,175.88,173.33,175.84,171.7728212973794,84914256,0.0000,1.0
2022-02-03,174.48,176.2399,172.12,172.9,168.90082348906336,89418074,0.0000,1.0
2022-02-04,171.68,174.1,170.68,172.39,168.61753118824305,82465400,0.2200,1.0
2022-02-07,172.86,173.9458,170.95,171.66,167.9035060257196,77251204,0.0000,1.0
2022-02-08,171.73,175.35,171.43,174.83,171.00413584106116,74829217,0.0000,1.0
2022-02-09,176.05,176.65,174.9,176.28,172.42240499949816,71285038,0.0000,1.0
2022-02-10,174.14,175.48,171.55,172.12,168.35343968977548,90865899,0.0000,1.0
2022-02-11,172.33,173.08,168.04,168.64,164.94959370952668,98670687,0.0000,1.0
2022-02-14,167.37,169.58,166.56,168.88,165.18434170816454,86185530,0.0000,1.0
2022-02-15,170.97,172.95,170.25,172.79,169.00877785263947,64286320,0.0000,1.0
2022-02-16,171.85,173.34,170.05,172.55,168.77402985400164,61177398,0.0000,1.0
2022-02-17,171.03,171.91,168.47,168.88,165.18434170816454,69589344,0.0000,1.0
2022-02-18,169.82,170.5413,166.19,167.3,163.63891738379874,82772674,0.0000,1.0
2022-02-22,164.98,166.69,162.15,164.32,160.72412973404548,90457637,0.0000,1.0
2022-02-23,165.54,166.15,159.75,160.07,156.5671339248336,90009247,0.0000,1.0
2022-02-24,152.58,162.85,152.0,162.74,159.17870540967965,141147540,0.0000,1.0
2022-02-25,163.84,165.12,160.8738,164.85,161.24253156437072,91974222,0.0000,1.0
2022-02-28,163.06,165.42,162.43,165.12,161.5066230628383,95056629,0.0000,1.0
2022-03-01,164.695,166.6,161.97,163.2,159.6286390737355,83474425,0.0000,1.0
2022-03-02,164.39,167.36,162.95,166.56,162.91511105466537,79724750,0.0000,1.0
2022-03-03,168.47,168.91,165.55,166.23,162.5923325565383,76678441,0.0000,1.0
2022-03-04,164.49,165.55,162.1,163.17,159.59929557390578,83819592,0.0000,1.0
2022-03-07,163.36,165.02,159.04,159.3,155.81398409587052,96418845,0.0000,1.0
2022-03-08,158.82,162.88,155.8,157.44,153.9946871064272,131148280,0.0000,1.0
2022-03-09,161.475,163.41,159.41,162.95,159.38410990848774,91454905,0.0000,1.0
2022-03-10,160.2,160.39,155.98,158.52,155.05105310029754,105342033,0.0000,1.0
2022-03-11,158.93,159.28,154.5,154.73,151.34399095514152,96970102,0.0000,1.0
2022-03-14,151.45,154.12,150.1,150.62,147.3239314784684,108732111,0.0000,1.0
2022-03-15,150.9,155.57,150.38,155.09,151.6961129530983,92964302,0.0000,1.0
2022-03-16,157.05,160.0,154.46,159.59,156.0976379275579,102300157,0.0000,1.0
2022-03-17,158.61,161.0,157.63,160.62,157.10509808837867,75615376,0.0000,1.0
2022-03-18,160.51,164.48,159.76,163.98,160.3915700693085,122055535,0.0000,1.0
2022-03-21,163.51,166.35,163.015,165.38,161.76093339469597,89029269,0.0000,1.0
2022-03-22,165.51,169.42,164.91,168.82,165.1256547085051,80979755,0.0000,1.0
2022-03-23,167.99,172.64,167.65,170.21,166.48523686728262,98062674,0.0000,1.0
2022-03-24,171.06,174.14,170.21,174.07,170.26076717870797,90131418,0.0000,1.0
2022-03-25,173.88,175.28,172.75,174.72,170.89654300835215,80281664,0.0000,1.0
2022-03-28,172.17,175.73,172.0,175.6,171.75728567002423,90371916,0.0000,1.0
2022-03-29,176.69,179.01,176.34,178.96,175.0437576509541,100589440,0.0000,1.0
2022-03-30,178.55,179.61,176.7,177.77,173.87979882437477,92633154,0.0000,1.0
2022-03-31,177.84,178.03,174.4,174.61,170.78895017564315,103049285,0.0000,1.0
2022-04-01,174.03,174.88,171.94,174.31,170.49551517734582,78751328,0.0000,1.0
2022-04-04,174.57,178.49,174.44,178.44,174.53513698723876,76545983,0.0000,1.0
2022-04-05,177.5,178.3,174.415,175.06,171.2291026730891,70902999,0.0000,1.0
2022-04-06,172.36,173.63,170.13,171.83,168.0697858580881,89058782,0.0000,1.0
2022-04-07,171.16,173.36,169.85,172.14,168.37300202299528,77594650,0.0000,1.0
2022-04-08,171.78,171.78,169.2,170.09,166.3678628679637,76575508,0.0000,1.0
2022-04-11,168.71,169.03,165.5,165.75,162.12283655926265,72246706,0.0000,1.0
2022-04-12,168.02,169.87,166.64,167.66,163.99103938175548,79265181,0.0000,1.0
2022-04-13,167.39,171.04,166.77,170.4,166.67107903287092,70618925,0.0000,1.0
2022-04-14,170.62,171.27,165.04,165.29,161.67290289520676,75329376,0.0000,1.0
2022-04-18,163.92,166.5984,163.57,165.07,161.45771722978873,69023941,0.0000,1.0
2022-04-19,165.02,167.82,163.91,167.4,163.73672904989783,67723833,0.0000,1.0
2022-04-20,168.76,168.88,166.1,167.23,163.57044921752936,67718110,0.0000,1.0
2022-04-21,168.91,171.53,165.91,166.42,162.7781747221266,87227768,0.0000,1.0
2022-04-22,166.46,167.8699,161.5,161.79,158.24949458173816,84882424,0.0000,1.0
2022-04-25,161.12,163.17,158.46,162.88,159.3156417422184,96046376,0.0000,1.0
2022-04-26,162.25,162.34,156.72,156.8,153.36869244339297,94008394,0.0000,1.0
2022-04-27,155.91,159.79,155.38,156.57,153.143725611365,88063191,0.0000,1.0
2022-04-28,159.25,164.515,158.93,163.64,160.05901040457155,130216792,0.0000,1.0
2022-04-29,161.84,166.2,157.25,157.65,154.20009160523534,131747571,0.0000,1.0
2022-05-02,156.71,158.23,153.27,157.96,154.50330777014256,123055265,0.0000,1.0
2022-05-03,158.15,160.71,156.32,159.48,155.99004509484888,88966526,0.0000,1.0
2022-05-04,159.67,166.48,159.26,166.02,162.38692805773022,107521649,0.0000,1.0
2022-05-05,163.85,164.08,154.95,156.77,153.33934894356324,130525275,0.0000,1.0
2022-05-06,156.01,159.44,154.18,157.28,154.06315527269655,116124647,0.2300,1.0
2022-05-09,154.925,155.83,151.49,152.06,148.9499198293886,131577921,0.0000,1.0
2022-05-10,155.52,156.74,152.93,154.51,151.34981002787603,115366736,0.0000,1.0
2022-05-11,153.5,155.45,145.81,146.5,143.50363839935176,142689825,0.0000,1.0
2022-05-12,142.77,146.2,138.8,142.56,139.64422314137602,182602041,0.0000,1.0
2022-05-13,144.59,148.105,143.11,147.11,144.10116208142415,113990852,0.0000,1.0
2022-05-16,145.55,147.5199,144.18,145.54,142.5632732603526,86643781,0.0000,1.0
2022-05-17,148.86,149.77,146.68,149.24,146.18759723357854,78336254,0.0000,1.0
2022-05-18,146.85,147.3601,139.9,140.82,137.93981132694003,109742890,0.0000,1.0
2022-05-19,139.88,141.66,136.6,137.35,134.54078316826596,136095640,0.0000,1.0
2022-05-20,139.09,140.7,132.61,137.59,134.77587445301575,137426125,0.0000,1.0
2022-05-23,137.79,143.26,137.65,143.11,140.18297400226098,117726265,0.0000,1.0
2022-05-24,140.805,141.97,137.33,140.36,137.48921969783626,104132746,0.0000,1.0
2022-05-25,138.43,141.785,138.34,140.52,137.6459472210028,92482696,0.0000,1.0
2022-05-26,137.39,144.34,137.14,143.78,140.8392705055208,90601548,0.0000,1.0
2022-05-27,145.39,149.68,145.26,149.64,146.57941604149485,90978503,0.0000,1.0
2022-05-31,149.07,150.66,146.84,148.84,145.79577842566223,103718416,0.0000,1.0
2022-06-01,149.9,151.74,147.68,148.71,145.6684373130894,74286635,0.0000,1.0
2022-06-02,147.83,151.27,146.86,151.21,148.1173048625664,72348055,0.0000,1.0
2022-06-03,146.9,147.97,144.46,145.38,142.40654573718606,88570289,0.0000,1.0
2022-06-06,147.03,148.5689,144.9,146.14,143.15100147222705,71598380,0.0000,1.0
2022-06-07,144.345,149.0,144.1,148.71,145.6684373130894,67808150,0.0000,1.0
2022-06-08,148.58,149.8697,147.46,147.96,144.93377704824633,53950201,0.0000,1.0
2022-06-09,147.08,147.95,142.53,142.64,139.72258690295928,69472976,0.0000,1.0
2022-06-10,140.28,140.76,137.06,137.13,134.32528282391198,91566637,0.0000,1.0
2022-06-13,132.87,135.2,131.44,131.88,129.1826609700103,122207099,0.0000,1.0
2022-06-14,133.13,133.89,131.48,132.76,130.0446623474262,84784326,0.0000,1.0
2022-06-15,134.29,137.34,132.16,135.43,132.66005289026765,91532972,0.0000,1.0
2022-06-16,132.08,132.39,129.04,130.06,127.39988539399106,107961508,0.0000,1.0
2022-06-17,130.065,133.079,129.81,131.56,128.86920592367724,134520290,0.0000,1.0
2022-06-21,133.42,137.06,133.32,135.87,133.0910535789756,81000488,0.0000,1.0
2022-06-22,134.79,137.76,133.91,135.35,132.58168912868436,73409234,0.0000,1.0
2022-06-23,136.82,138.59,135.63,138.27,135.4419664264735,72433768,0.0000,1.0
2022-06-24,139.9,141.91,139.77,141.66,138.7626308235643,89116837,0.0000,1.0
2022-06-27,142.695,143.49,140.965,141.66,138.7626308235643,70207908,0.0000,1.0
2022-06-28,142.13,143.422,137.325,137.44,134.62894240004712,67315328,0.0000,1.0
2022-06-29,137.46,140.67,136.67,139.23,136.38233156547264,66242411,0.0000,1.0
2022-06-30,137.25,138.37,133.7737,136.72,133.92366854579777,98964467,0.0000,1.0
2022-07-01,136.04,139.04,135.66,138.93,136.08846745953542,71051552,0.0000,1.0
2022-07-05,137.77,141.61,136.93,141.56,138.66467612158522,73429641,0.0000,1.0
2022-07-06,141.355,144.12,141.08,142.92,139.9968600685007,74064254,0.0000,1.0
2022-07-07,143.29,146.55,143.28,146.35,143.35670634638313,66253709,0.0000,1.0
2022-07-08,145.265,147.55,145.0,147.04,144.0325937900388,64547798,0.0000,1.0
2022-07-11,145.67,146.64,143.78,144.87,141.90697675709276,63305113,0.0000,1.0
2022-07-12,145.76,148.45,145.05,145.86,142.87672830668566,77588759,0.0000,1.0
2022-07-13,142.99,146.45,142.1201,145.49,142.51429590936306,71185560,0.0000,1.0
2022-07-14,144.08,148.95,143.25,148.47,145.43334602833963,78140744,0.0000,1.0
2022-07-15,149.78,150.86,148.2,150.17,147.09857596198395,76259931,0.0000,1.0
2022-07-18,150.74,151.57,146.7,147.07,144.0619802006325,81420868,0.0000,1.0
2022-07-19,147.92,151.23,146.91,151.0,147.91159998841033,82982367,0.0000,1.0
2022-07-20,151.12,153.72,150.37,153.04,149.90987590878356,64823413,0.0000,1.0
2022-07-21,154.5,155.57,151.94,155.35,152.1726295245003,65086636,0.0000,1.0
2022-07-22,155.39,156.28,153.41,154.09,150.93840027956392,66675408,0.0000,1.0
2022-07-25,154.01,155.04,152.28,152.95,149.82171667700237,53623945,0.0000,1.0
2022-07-26,152.265,153.085,150.8,151.6,148.49932820028482,55138691,0.0000,1.0
2022-07-27,152.58,157.33,152.16,156.79,153.58317723299905,78620688,0.0000,1.0
2022-07-28,156.98,157.64,154.41,157.35,154.1317235640819,81378731,0.0000,1.0
2022-07-29,161.24,163.63,159.5,162.51,159.1861861862024,101786860,0.0000,1.0
2022-08-01,161.01,163.59,160.89,161.51,158.2066391664116,67829379,0.0000,1.0
2022-08-02,160.1,162.41,159.63,160.01,156.7373186367254,59907025,0.0000,1.0
2022-08-03,160.84,166.59,160.75,166.13,162.7321463978451,82507488,0.0000,1.0
2022-08-04,166.005,167.19,164.43,165.81,162.41869135151205,55474144,0.0000,1.0
2022-08-05,163.21,165.85,163.0,165.35,162.19339553696017,56696985,0.2300,1.0
2022-08-08,166.37,167.81,164.2,164.87,161.72255894876702,60362338,0.0000,1.0
2022-08-09,164.02,165.82,163.25,164.92,161.7716044267038,63135503,0.0000,1.0
2022-08-10,167.68,169.34,166.9,169.24,166.00913372044235,70170540,0.0000,1.0
2022-08-11,170.06,170.99,168.19,168.49,165.2734515513905,57149159,0.0000,1.0
2022-08-12,169.82,172.17,169.4,172.1,168.81453505842663,68039382,0.0000,1.0
2022-08-15,171.52,173.39,171.345,173.19,169.88372647744865,54091694,0.0000,1.0
2022-08-16,172.78,173.71,171.6618,173.03,169.7267809480509,56377050,0.0000,1.0
2022-08-17,172.77,176.15,172.57,174.55,171.2177634773293,79542037,0.0000,1.0
2022-08-18,173.75,174.9,173.12,174.15,170.82539965383498,62290075,0.0000,1.0
2022-08-19,173.03,173.74,171.3101,171.52,168.2456075143599,70346295,0.0000,1.0
2022-08-22,169.69,169.86,167.135,167.57,164.37101475735358,69026809,0.0000,1.0
2022-08-23,167.08,168.71,166.65,167.23,164.03750550738343,54147079,0.0000,1.0
2022-08-24,167.32,168.11,166.245,167.53,164.33177837500415,53841524,0.0000,1.0
2022-08-25,168.78,170.14,168.35,170.03,166.7840522718436,51218209,0.0000,1.0
2022-08-26,170.57,171.05,163.56,163.62,160.49642200034728,78960980,0.0000,1.0
2022-08-29,161.145,162.9,159.82,161.38,158.29918458877916,72724452,0.0000,1.0
2022-08-30,162.13,162.56,157.72,158.91,155.8763379787018,77906197,0.0000,1.0
2022-08-31,160.305,160.58,157.14,157.22,154.21860082443834,87991091,0.0000,1.0
2022-09-01,156.64,158.42,154.67,157.96,154.9444738979028,74229896,0.0000,1.0
2022-09-02,159.75,160.362,154.965,155.81,152.8355183466209,76957768,0.0000,1.0
2022-09-06,156.47,157.09,153.69,154.53,151.5799541114391,73295539,0.0000,1.0
2022-09-07,154.825,156.67,153.61,155.96,152.98265478043126,87449574,0.0000,1.0
2022-09-08,154.64,156.36,152.68,154.46,151.5112904423276,84923847,0.0000,1.0
2022-09-09,155.47,157.82,154.75,157.37,154.3657372582487,68081006,0.0000,1.0
2022-09-12,159.59,164.26,159.3,163.43,160.3100491841875,104955962,0.0000,1.0
2022-09-13,159.9,160.54,153.37,153.84,150.90312651591142,122656614,0.0000,1.0
2022-09-14,154.785,157.1,153.6106,155.31,152.34506356725302,87965409,0.0000,1.0
2022-09-15,154.65,155.24,151.38,152.37,149.46118946456983,90481110,0.0000,1.0
2022-09-16,151.21,151.35,148.37,150.7,147.82307050148108,162278841,0.0000,1.0
2022-09-19,149.31,154.56,149.1,154.48,151.5309086335023,81474246,0.0000,1.0
2022-09-20,153.4,158.08,153.08,156.9,153.90470976564288,107689796,0.0000,1.0
2022-09-21,157.34,158.74,153.6,153.72,150.78541736886314,101696790,0.0000,1.0
2022-09-22,152.38,154.47,150.91,152.74,149.82412600130206,86264792,0.0000,1.0
2022-09-23,151.19,151.47,148.56,150.43,147.55822492062242,96029909,0.0000,1.0
2022-09-26,149.66,153.7701,149.64,150.77,147.8917341705926,93339409,0.0000,1.0
2022-09-27,152.74,154.72,149.945,151.76,148.862834633741,84442741,0.0000,1.0
2022-09-28,147.64,150.6414,144.84,149.84,146.97948828096833,146691387,0.0000,1.0
2022-09-29,146.1,146.72,140.68,142.48,139.75999392867303,128138237,0.0000,1.0
2022-09-30,141.28,143.1,138.0,138.2,135.5617010172839,124925274,0.0000,1.0
2022-10-03,138.21,143.07,137.685,142.45,139.73056664191094,114311663,0.0000,1.0
2022-10-04,145.03,146.22,144.26,146.1,143.31088653129652,87830064,0.0000,1.0
2022-10-05,144.075,147.38,143.01,146.4,143.60515939891727,79470968,0.0000,1.0
2022-10-06,145.81,147.54,145.22,145.43,142.65367712694356,68402169,0.0000,1.0
2022-10-07,142.54,143.1,139.445,140.09,137.41562008329453,85925559,0.0000,1.0
2022-10-10,140.42,141.89,138.5729,140.42,137.73932023767733,74899002,0.0000,1.0
2022-10-11,139.9,141.35,138.22,138.98,136.32681047309782,77033672,0.0000,1.0
2022-10-12,139.13,140.36,138.16,138.34,135.69902835550693,70433744,0.0000,1.0
2022-10-13,134.99,143.59,134.37,142.99,140.2602578036283,113223975,0.0000,1.0
2022-10-14,144.31,144.52,138.19,138.38,135.73826473785635,88597969,0.0000,1.0
2022-10-17,141.065,142.9,140.27,142.41,139.6913302595615,85250939,0.0000,1.0
2022-10-18,145.49,146.7,140.61,143.75,141.00574906826745,99136610,0.0000,1.0
2022-10-19,141.69,144.9492,141.5,143.86,141.11364911972842,61758340,0.0000,1.0
2022-10-20,143.02,145.89,142.65,143.39,140.65262162712256,64521989,0.0000,1.0
2022-10-21,142.87,147.8479,142.649,147.27,144.4585507150174,86548609,0.0000,1.0
2022-10-24,147.185,150.23,146.0,149.45,146.59693355306135,75981918,0.0000,1.0
2022-10-25,150.09,152.49,149.36,152.34,149.43176217780777,74732290,0.0000,1.0
2022-10-26,150.96,151.99,148.04,149.35,146.49884259718777,88436172,0.0000,1.0
2022-10-27,148.07,149.046,144.13,144.8,142.03570410494004,109180150,0.0000,1.0
2022-10-28,148.2,157.5,147.82,155.74,152.7668546775094,164762371,0.0000,1.0
2022-10-31,153.155,154.24,151.92,153.34,150.41267173654353,97943171,0.0000,1.0
2022-11-01,155.08,155.45,149.13,150.65,147.7740250235443,80379345,0.0000,1.0
2022-11-02,148.945,152.17,145.0,145.03,142.26131330344924,93604623,0.0000,1.0
2022-11-03,142.06,142.8,138.75,138.88,136.22871951722425,97918516,0.0000,1.0
2022-11-04,142.09,142.67,134.38,138.38,135.96387393636556,140814796,0.2300,1.0
2022-11-07,137.11,139.145,135.671,138.92,136.4944454924115,83374628,0.0000,1.0
2022-11-08,140.41,141.43,137.49,139.5,137.0643186452016,89908477,0.0000,1.0
2022-11-09,138.5,138.55,134.5933,134.87,132.51515882206695,74917794,0.0000,1.0
2022-11-10,141.24,146.87,139.5,146.87,144.30563784531012,118854028,0.0000,1.0
2022-11-11,145.82,150.01,144.37,149.7,147.08622581495825,93979665,0.0000,1.0
2022-11-14,148.97,150.28,147.43,148.28,145.69101913054118,73374114,0.0000,1.0
2022-11-15,152.215,153.59,148.5613,150.04,147.4202893872835,89868332,0.0000,1.0
2022-11-16,149.13,149.87,147.29,148.79,146.192114489029,64218266,0.0000,1.0
2022-11-17,146.43,151.48,146.15,150.72,148.08841653193394,80389400,0.0000,1.0
2022-11-18,152.305,152.7,149.97,151.29,148.64846428553798,74829573,0.0000,1.0
2022-11-21,150.16,150.37,147.715,148.01,145.4257333525182,58724070,0.0000,1.0
2022-11-22,148.13,150.42,146.925,150.18,147.557844975888,51804132,0.0000,1.0
2022-11-23,149.45,151.83,149.34,151.07,148.4323055034452,58301395,0.0000,1.0
2022-11-25,148.305,148.88,147.12,148.11,145.52398734437858,35195860,0.0000,1.0
2022-11-28,145.14,146.64,143.38,144.22,141.7019070610106,69346522,0.0000,1.0
2022-11-29,144.29,144.81,140.355,141.17,138.7051603092696,83763803,0.0000,1.0
2022-11-30,141.395,148.72,140.55,148.03,145.44538415089028,111380880,0.0000,1.0
2022-12-01,148.21,149.13,146.61,148.31,145.72049532809928,71250416,0.0000,1.0
2022-12-02,145.96,148.0,145.65,147.81,145.22922536879747,65447446,0.0000,1.0
2022-12-05,147.77,150.9199,145.77,146.63,144.06982826484523,68826442,0.0000,1.0
2022-12-06,147.075,147.3,141.92,142.91,140.41477976763986,64727186,0.0000,1.0
2022-12-07,142.19,143.37,140.0,140.94,138.47917612799077,69721094,0.0000,1.0
2022-12-08,142.36,143.52,141.1,142.65,140.15931938880294,62128338,0.0000,1.0
2022-12-09,142.34,145.57,140.9,142.16,139.67787482868715,76097011,0.0000,1.0
2022-12-12,142.7,144.5,141.06,144.49,141.96719283903354,70462654,0.0000,1.0
2022-12-13,149.5,149.9692,144.24,145.47,142.93008195926507,93886161,0.0000,1.0
2022-12-14,145.35,146.655,141.16,143.21,140.70954174322094,82291182,0.0000,1.0
2022-12-15,141.11,141.8,136.025,136.5,134.11669888939082,98931907,0.0000,1.0
2022-12-16,136.685,137.65,133.73,134.51,132.16144445136965,160156900,0.0000,1.0
2022-12-19,135.11,135.2,131.32,132.37,130.05880902555796,79592614,0.0000,1.0
2022-12-20,131.39,133.25,129.89,132.3,129.99003123125573,77432819,0.0000,1.0
2022-12-21,132.98,136.81,132.75,135.45,133.08503197485703,85927993,0.0000,1.0
2022-12-22,134.352,134.56,130.3,132.23,129.92125343695346,77852108,0.0000,1.0
2022-12-23,130.92,132.415,129.64,131.86,129.55771366707015,63814893,0.0000,1.0
2022-12-27,131.38,131.41,128.72,130.03,127.75966561602556,69007830,0.0000,1.0
2022-12-28,129.67,131.0275,125.87,126.04,123.83933134079722,85438391,0.0000,1.0
2022-12-29,127.99,130.4814,127.73,129.61,127.34699885021206,75703710,0.0000,1.0
2022-12-30,128.41,129.95,127.43,129.93,127.6614116241652,77034209,0.0000,1.0
2023-01-03,130.28,130.9,124.17,125.07,122.8862676197517,112117471,0.0000,1.0
2023-01-04,126.89,128.6557,125.08,126.36,124.15374411475035,89113633,0.0000,1.0
2023-01-05,127.13,127.77,124.76,125.02,122.83714062382154,80962708,0.0000,1.0
2023-01-06,126.01,130.29,124.89,129.62,127.35682424939809,87754715,0.0000,1.0
2023-01-09,130.465,133.41,129.89,130.15,127.87757040625799,70790813,0.0000,1.0
2023-01-10,130.26,131.2636,128.12,130.73,128.44744355904805,63896155,0.0000,1.0
2023-01-11,131.25,133.51,130.46,133.49,131.159253734394,69458949,0.0000,1.0
2023-01-12,133.88,134.26,131.44,133.41,131.0806505409057,71379648,0.0000,1.0
2023-01-13,132.03,134.92,131.66,134.76,132.40707943102055,57809719,0.0000,1.0
2023-01-17,134.83,137.29,134.13,135.94,133.5664765349728,63646627,0.0000,1.0
2023-01-18,136.815,138.61,135.03,135.21,132.84922239439217,69672800,0.0000,1.0
2023-01-19,134.08,136.25,133.77,135.27,132.9081747895084,58280413,0.0000,1.0
2023-01-20,135.28,138.02,134.22,137.87,135.46277857787774,80223626,0.0000,1.0
2023-01-23,138.12,143.315,137.9,141.11,138.6462079141534,81760313,0.0000,1.0
2023-01-24,140.305,143.16,140.3,142.53,140.0414145985705,66435142,0.0000,1.0
2023-01-25,140.89,142.43,138.81,141.86,139.3831128531061,65799349,0.0000,1.0
2023-01-26,143.17,144.25,141.9,143.96,141.44644668217364,54105068,0.0000,1.0
2023-01-27,143.155,147.23,143.08,145.93,143.38205032182273,70555843,0.0000,1.0
2023-01-30,144.955,145.55,142.85,143.0,140.50320836031418,64015274,0.0000,1.0
2023-01-31,142.7,144.34,142.28,144.29,141.77068485531282,65874459,0.0000,1.0
2023-02-01,143.97,146.61,141.32,145.43,142.89078036252093,77663633,0.0000,1.0
2023-02-02,148.9,151.18,148.17,150.82,148.1866705237943,118338980,0.0000,1.0
2023-02-03,148.03,157.38,147.83,154.5,151.80241742425554,154357337,0.0000,1.0
2023-02-06,152.575,153.1,150.78,151.73,149.08078184972356,69858306,0.0000,1.0
2023-02-07,150.64,155.23,150.64,154.65,151.94979841204608,83322551,0.0000,1.0
2023-02-08,153.88,154.58,151.168,151.92,149.26746443425824,64120079,0.0000,1.0
2023-02-09,153.775,154.33,150.42,150.87,148.23579751972449,56007143,0.0000,1.0
2023-02-10,149.46,151.3401,149.22,151.01,148.5993372896078,57450708,0.2300,1.0
2023-02-13,150.952,154.26,150.92,153.85,151.39400067549275,62199013,0.0000,1.0
2023-02-14,152.12,153.77,150.86,153.2,150.75437701323034,61707573,0.0000,1.0
2023-02-15,153.11,155.5,152.88,155.33,152.85037455264407,65669252,0.0000,1.0
2023-02-16,153.51,156.33,153.3475,153.71,151.25623557900548,68167942,0.0000,1.0
2023-02-17,152.35,153.0,150.85,152.55,150.11475335096796,59144118,0.0000,1.0
2023-02-21,150.2,151.3,148.405,148.48,146.10972518880183,58867230,0.0000,1.0
2023-02-22,148.87,149.95,147.16,148.91,146.5328608422985,51011305,0.0000,1.0
2023-02-23,150.09,150.34,147.24,149.4,147.015038680004,48394249,0.0000,1.0
2023-02-24,147.11,147.19,145.7202,146.71,144.36798075464117,55469606,0.0000,1.0
2023-02-27,147.71,149.17,147.45,147.92,145.5586648028527,44998470,0.0000,1.0
2023-02-28,147.05,149.08,146.83,147.41,145.05680623707758,50546998,0.0000,1.0
2023-03-01,146.83,147.2285,145.01,145.31,142.9903297897683,55478991,0.0000,1.0
2023-03-02,144.38,146.71,143.9,145.91,143.58075163185666,52279761,0.0000,1.0
2023-03-03,148.045,151.11,147.33,151.03,148.61901801767743,70732297,0.0000,1.0
2023-03-06,153.785,156.3,153.46,153.83,151.37431994742315,87558028,0.0000,1.0
2023-03-07,153.7,154.0299,151.13,151.6,149.17991876766138,56182028,0.0000,1.0
2023-03-08,152.81,153.47,151.83,152.87,150.42964500008176,47204791,0.0000,1.0
2023-03-09,153.559,154.535,150.225,150.59,148.18604200014596,53833582,0.0000,1.0
2023-03-10,150.21,150.94,147.6096,148.5,146.12940591687146,68572400,0.0000,1.0
2023-03-13,147.805,153.14,147.7,150.47,148.06795763172826,84457122,0.0000,1.0
2023-03-14,151.28,153.4,150.1,152.59,150.1541148071072,73695893,0.0000,1.0
2023-03-15,151.19,153.245,149.92,152.99,150.54772936849943,77167866,0.0000,1.0
2023-03-16,152.16,156.46,151.64,155.85,153.36207348245398,76254419,0.0000,1.0
2023-03-17,156.08,156.74,154.28,155.0,152.52564253949546,98944633,0.0000,1.0
2023-03-20,155.07,157.82,154.15,157.4,154.88732990784894,73641415,0.0000,1.0
2023-03-21,157.32,159.4,156.54,159.28,156.7373183463925,73938285,0.0000,1.0
2023-03-22,159.3,162.14,157.81,157.83,155.3104655613456,75701811,0.0000,1.0
2023-03-23,158.83,161.5501,157.68,158.93,156.3929056051743,67622060,0.0000,1.0
2023-03-24,158.86,160.34,157.85,160.25,157.6918336577687,59256343,0.0000,1.0
2023-03-27,159.94,160.77,157.87,158.28,155.75328194291188,52390266,0.0000,1.0
2023-03-28,157.97,158.49,155.98,157.65,155.1333390087191,45992152,0.0000,1.0
2023-03-29,159.37,161.05,159.35,160.77,158.20353258757862,51305691,0.0000,1.0
2023-03-30,161.53,162.47,161.27100000000002,162.36,159.7681504691128,49501689,0.0000,1.0
2023-03-31,162.44,165.0,161.91,164.9,162.26760293395355,68749792,0.0000,1.0
2023-04-03,164.27,166.29,164.22,166.17,163.51732916637394,56976187,0.0000,1.0
2023-04-04,166.595,166.84,165.11,165.63,162.9859495084944,46278295,0.0000,1.0
2023-04-05,164.74,165.05,161.8,163.76,161.14580143398564,51511744,0.0000,1.0
2023-04-06,162.43,164.9584,162.0,164.66,162.03143419711822,45390123,0.0000,1.0
2023-04-10,161.42,162.03,160.08,162.03,159.4434184559642,47716882,0.0000,1.0
2023-04-11,162.35,162.36,160.51,160.8,158.23305367968305,47644217,0.0000,1.0
2023-04-12,161.22,162.06,159.78,160.1,157.5442281972466,50133062,0.0000,1.0
2023-04-13,161.63,165.8,161.42,165.56,162.91706696025076,68445649,0.0000,1.0
2023-04-14,164.59,166.32,163.82,165.21,162.57265421903256,49386480,0.0000,1.0
2023-04-17,165.09,165.39,164.03,165.23,162.59233494710216,40713618,0.0000,1.0
2023-04-18,166.1,167.41,165.65,166.47,163.81254008741814,49923008,0.0000,1.0
2023-04-19,165.8,168.16,165.54,167.63,164.95402231545563,47720166,0.0000,1.0
2023-04-20,166.09,167.87,165.56,166.65,163.98966664004465,52456377,0.0000,1.0
2023-04-21,165.05,166.4521,164.49,165.02,162.38568730237125,58337341,0.0000,1.0
2023-04-24,165.0,165.6,163.89,165.33,162.69073858745023,41949581,0.0000,1.0
2023-04-25,165.19,166.305,163.73,163.77,161.15564179802047,48714063,0.0000,1.0
2023-04-26,163.055,165.28,162.8,163.76,161.14580143398564,44105745,0.0000,1.0
2023-04-27,165.19,168.56,165.19,168.41,165.7215707101705,64902329,0.0000,1.0
2023-04-28,168.49,169.85,167.8801,169.68,166.97129694259093,55275851,0.0000,1.0
2023-05-01,169.28,170.45,168.64,169.59,166.88273366627766,52472936,0.0000,1.0
2023-05-02,170.09,170.35,167.54,168.54,165.849495442623,48425696,0.0000,1.0
2023-05-03,169.5,170.92,167.16,167.45,164.77689576282913,65136018,0.0000,1.0
2023-05-04,164.89,167.04,164.31,165.79,163.1433953330513,81235427,0.0000,1.0
2023-05-05,170.975,174.3,170.76,173.57,170.7991985521305,113453171,0.0000,1.0
2023-05-08,172.48,173.85,172.11,173.5,170.73031600388686,55962793,0.0000,1.0
2023-05-09,173.05,173.54,171.6,171.77,169.0279330258654,45326874,0.0000,1.0
2023-05-10,173.02,174.03,171.9,173.555,170.7844380060783,53724501,0.0000,1.0
2023-05-11,173.85,174.59,172.17,173.75,170.97632510475702,49514676,0.0000,1.0
2023-05-12,173.62,174.06,171.0,172.57,170.05133088548524,45533138,0.2400,1.0
2023-05-15,173.16,173.21,171.47,172.07,169.55862841435618,37266659,0.0000,1.0
2023-05-16,171.99,173.1383,171.7991,172.07,169.55862841435618,42110293,0.0000,1.0
2023-05-17,171.71,172.925,170.4201,172.69,170.16957947855622,57951604,0.0000,1.0
2023-05-18,173.0,175.24,172.58,175.05,172.49513514228542,65496657,0.0000,1.0
2023-05-19,176.39,176.39,174.94,175.16,172.60352968593378,55809475,0.0000,1.0
2023-05-22,173.98,174.71,173.45,174.2,171.65754094136597,43570932,0.0000,1.0
2023-05-23,173.13,173.3794,171.275,171.56,169.05607189380453,50747263,0.0000,1.0
2023-05-24,171.09,172.4183,170.52,171.84,169.33198527763682,45143488,0.0000,1.0
2023-05-25,172.41,173.895,171.69,172.99,170.46520096123365,56058258,0.0000,1.0
2023-05-26,173.32,175.77,173.11,175.43,172.86958902034348,54834975,0.0000,1.0
2023-05-30,176.96,178.99,176.57,177.3,174.7122962623662,55964401,0.0000,1.0
2023-05-31,177.325,179.35,176.76,177.25,174.66302601525328,99313268,0.0000,1.0
2023-06-01,177.7,180.12,176.9306,180.09,177.46157605126638,68901809,0.0000,1.0
2023-06-02,181.03,181.78,179.26,180.95,178.30902430160833,61996913,0.0000,1.0
2023-06-05,182.63,184.951,178.035,179.58,176.95901953071473,121946497,0.0000,1.0
2023-06-06,179.965,180.12,177.43,179.21,176.59441970207922,64848374,0.0000,1.0
2023-06-07,178.44,181.21,177.32,177.82,175.22470683234042,61944615,0.0000,1.0
2023-06-08,177.895,180.84,177.46,180.57,177.93457042355027,50214881,0.0000,1.0
2023-06-09,181.5,182.23,180.63,180.96,178.31887835103095,48899973,0.0000,1.0
2023-06-12,181.27,183.89,180.97,183.79,181.10757433762143,54754995,0.0000,1.0
2023-06-13,182.8,184.15,182.44,183.31,180.63457996533754,54929129,0.0000,1.0
2023-06-14,183.37,184.39,182.02,183.95,181.26523912838272,57462882,0.0000,1.0
2023-06-15,183.96,186.52,183.78,186.01,183.2951733094345,65433166,0.0000,1.0
2023-06-16,186.73,186.99,184.27,184.92,182.22108192237312,101256225,0.0000,1.0
2023-06-20,184.41,186.1,184.41,185.01,182.30976836717636,49799092,0.0000,1.0
2023-06-21,184.9,185.41,182.5901,183.96,181.27509317780533,49515697,0.0000,1.0
2023-06-22,183.74,187.045,183.67,187.0,184.27072420227003,51245327,0.0000,1.0
2023-06-23,185.55,187.56,185.01,186.68,183.95539462074743,53116996,0.0000,1.0
2023-06-26,186.83,188.05,185.23,185.27,182.56597365216348,48088661,0.0000,1.0
2023-06-27,185.89,188.39,185.67,188.06,185.31525344106365,50730846,0.0000,1.0
2023-06-28,187.93,189.9,187.6,189.25,186.48788532235082,51216801,0.0000,1.0
2023-06-29,189.08,190.07,188.94,189.59,186.8229230027186,46347308,0.0000,1.0
2023-06-30,191.63,194.48,191.26,193.97,191.13899664980917,85213216,0.0000,1.0
2023-07-03,193.78,193.88,191.76,192.46,189.65103518699942,31458198,0.0000,1.0
2023-07-05,191.565,192.98,190.62,191.33,188.53752760224774,46920261,0.0000,1.0
2023-07-06,189.84,192.02,189.2,191.81,189.01052197453163,45156009,0.0000,1.0
2023-07-07,191.41,192.67,190.24,190.68,187.89701438977994,46814998,0.0000,1.0
2023-07-10,189.26,189.99,187.035,188.61,185.85722615930564,59922163,0.0000,1.0
2023-07-11,189.16,189.3,186.6,188.08,185.33496153990882,46638119,0.0000,1.0
2023-07-12,189.68,191.7,188.47,189.77,187.00029589232506,60750248,0.0000,1.0
2023-07-13,190.5,191.19,189.78,190.54,187.7590576978638,41342338,0.0000,1.0
2023-07-14,190.23,191.1799,189.63,190.69,187.90686843920253,41616242,0.0000,1.0
2023-07-17,191.9,194.32,191.81,193.99,191.15870474865437,50520159,0.0000,1.0
2023-07-18,193.35,194.33,192.415,193.73,190.90249946366723,48353774,0.0000,1.0
2023-07-19,193.1,198.23,192.65,195.1,192.25250423456086,80507323,0.0000,1.0
2023-07-20,195.09,196.47,192.495,193.13,190.31125649831236,59581196,0.0000,1.0
2023-07-21,194.1,194.97,191.23,191.94,189.1386246170252,71951683,0.0000,1.0
2023-07-24,193.41,194.91,192.25,192.75,189.93680262025427,45505097,0.0000,1.0
2023-07-25,193.33,194.44,192.915,193.62,190.79410492001884,37283201,0.0000,1.0
2023-07-26,193.67,195.64,193.32,194.5,191.661261269206,47471868,0.0000,1.0
2023-07-27,196.02,197.2,192.55,193.22,190.39994294311558,47460180,0.0000,1.0
2023-07-28,194.67,196.62599999999998,194.14,195.83,192.9718498424093,48291443,0.0000,1.0
2023-07-31,196.06,196.49,195.26,196.45,193.58280090660932,38824113,0.0000,1.0
2023-08-01,196.235,196.73,195.28,195.605,192.75013373040122,35281426,0.0000,1.0
2023-08-02,195.04,195.18,191.8507,192.58,189.7692837800704,50389327,0.0000,1.0
2023-08-03,191.57,192.37,190.69,191.17,188.37986281148642,62243282,0.0000,1.0
2023-08-04,185.52,187.38,181.92,181.99,179.3338454415568,115956841,0.0000,1.0
2023-08-07,182.13,183.13,177.35,178.85,176.23967392286627,97576069,0.0000,1.0
2023-08-08,179.69,180.27,177.58,179.8,177.17580861801153,67823003,0.0000,1.0
2023-08-09,180.87,180.93,177.01,178.19,175.58930666097592,60378492,0.0000,1.0
2023-08-10,179.48,180.75,177.6,177.97,175.37251757367912,54686851,0.0000,1.0
2023-08-11,177.32,178.62,176.55,177.79,175.4316418702146,52036672,0.2400,1.0
2023-08-14,177.97,179.69,177.305,179.46,177.07948956650384,43675627,0.0000,1.0
2023-08-15,178.88,179.48,177.05,177.45,175.0961519200719,43622593,0.0000,1.0
2023-08-16,177.13,178.54,176.5,176.57,174.22782499029077,46964857,0.0000,1.0
2023-08-17,177.14,177.5054,173.48,174.0,171.69191566127085,66062882,0.0000,1.0
2023-08-18,172.3,175.1,171.96,174.49,172.17541588353535,61172150,0.0000,1.0
2023-08-21,175.07,176.13,173.735,175.84,173.50750833263143,46311879,0.0000,1.0
2023-08-22,177.06,177.68,176.25,177.23,174.8790701876266,42084245,0.0000,1.0
2023-08-23,178.52,181.55,178.325,181.12,178.71746991131826,52722752,0.0000,1.0
2023-08-24,180.674,181.104,176.01,176.38,174.04034531226984,54945798,0.0000,1.0
2023-08-25,177.38,179.15,175.82,178.61,176.24076469114706,51449594,0.0000,1.0
2023-08-28,180.09,180.59,178.545,180.19,177.79980622416318,43820697,0.0000,1.0
2023-08-29,179.695,184.9,179.5,184.12,181.67767535375395,53003948,0.0000,1.0
2023-08-30,184.94,187.85,184.74,187.65,185.1608504243533,60813888,0.0000,1.0
2023-08-31,187.84,189.12,187.48,187.87,185.3779321567986,60794467,0.0000,1.0
2023-09-01,189.485,189.92,188.28,189.46,186.94684104128953,45766503,0.0000,1.0
2023-09-05,188.28,189.98,187.61,189.7,187.18365747668435,45280027,0.0000,1.0
2023-09-06,188.4,188.85,181.47,182.91,180.4837258253049,81755816,0.0000,1.0
2023-09-07,175.18,178.21,173.54,177.56,175.20469278629454,112488803,0.0000,1.0
2023-09-08,178.35,180.239,177.79,178.18,175.81646857773129,65602066,0.0000,1.0
2023-09-11,180.07,180.3,177.34,179.36,176.980816051756,58953052,0.0000,1.0
2023-09-12,179.49,180.13,174.82,176.3,173.96140650047158,90370192,0.0000,1.0
2023-09-13,176.51,177.3,173.98,174.21,171.89913004224135,84267928,0.0000,1.0
2023-09-14,174.0,176.1,173.58,175.74,173.40883481788356,60895757,0.0000,1.0
2023-09-15,176.48,176.495,173.82,175.01,172.6885181602242,109259461,0.0000,1.0
2023-09-18,176.48,179.38,176.17,177.97,175.60925419676076,67257573,0.0000,1.0
2023-09-19,177.52,179.63,177.13,179.07,176.6946628589872,51826941,0.0000,1.0
2023-09-20,179.26,179.695,175.4,175.49,173.16215103101393,58436181,0.0000,1.0
2023-09-21,174.55,176.3,173.86,173.93,171.62284420094736,63149116,0.0000,1.0
2023-09-22,174.67,177.079,174.05,174.79,172.4714364277789,56725385,0.0000,1.0
2023-09-25,174.2,176.97,174.15,176.08,173.74432476802627,46172740,0.0000,1.0
2023-09-26,174.82,175.2,171.66,171.96,169.6789759604146,64588945,0.0000,1.0
2023-09-27,172.62,173.04,169.05,170.43,168.16927118477236,66921808,0.0000,1.0
2023-09-28,169.34,172.03,167.62,170.69,168.4258223231168,56294419,0.0000,1.0
2023-09-29,172.02,173.07,170.34099999999998,171.21,168.93892459980566,51861083,0.0000,1.0
2023-10-02,171.22,174.3,170.93,173.75,171.4452318744012,52164535,0.0000,1.0
2023-10-03,172.255,173.63,170.82,172.4,170.11313942530515,49594613,0.0000,1.0
2023-10-04,171.09,174.21,170.97,173.66,171.35642571112814,53020286,0.0000,1.0
2023-10-05,173.79,175.45,172.68,174.91,172.58984464547635,48527918,0.0000,1.0
2023-10-06,173.8,177.99,173.18,177.49,175.13562132597107,57266675,0.0000,1.0
2023-10-09,176.81,179.05,175.8,178.99,176.6157240471889,42390772,0.0000,1.0
2023-10-10,178.1,179.72,177.95,178.39,176.02368295870176,43698019,0.0000,1.0
2023-10-11,178.2,179.85,177.6,179.8,177.41497951664655,47551098,0.0000,1.0
2023-10-12,180.07,182.34,179.04,180.71,178.31290850085205,56743119,0.0000,1.0
2023-10-13,181.42,181.93,178.14,178.85,176.4775811265419,51456082,0.0000,1.0
2023-10-16,176.75,179.075,176.51,178.72,176.3493055573697,52516984,0.0000,1.0
2023-10-17,176.645,178.42,174.8,177.15,174.80013137582836,57549350,0.0000,1.0
2023-10-18,175.58,177.575,175.11,175.84,173.50750833263143,54764375,0.0000,1.0
2023-10-19,176.04,177.84,175.19,175.46,173.13254897658956,59302863,0.0000,1.0
2023-10-20,175.31,175.42,172.64,172.88,170.58677229609486,64244028,0.0000,1.0
2023-10-23,170.91,174.01,169.93,173.0,170.70518051379227,55980109,0.0000,1.0
2023-10-24,173.05,173.67,171.45,173.44,171.13934397868286,43816644,0.0000,1.0
2023-10-25,171.88,173.06,170.65,171.1,168.830383733583,57156962,0.0000,1.0
2023-10-26,170.37,171.3775,165.67,166.89,164.67622876269823,70625258,0.0000,1.0
2023-10-27,166.91,168.96,166.83,168.22,165.98858650884472,58499129,0.0000,1.0
2023-10-30,169.02,171.17,168.87,170.29,168.03112826412536,51130955,0.0000,1.0
2023-10-31,169.35,170.9,167.9,170.77,168.5047611349151,44846017,0.0000,1.0
2023-11-01,171.0,174.23,170.12,173.97,171.66231360684648,56934906,0.0000,1.0
2023-11-02,175.52,177.78,175.46,177.57,175.21456013776933,77334752,0.0000,1.0
2023-11-03,174.24,176.82,173.35,176.65,174.30676380208905,79829246,0.0000,1.0
2023-11-06,176.38,179.43,176.21,179.23,176.85254048258375,63841310,0.0000,1.0
2023-11-07,179.18,182.44,178.97,181.82,179.40818451455326,70529966,0.0000,1.0
2023-11-08,182.35,183.45,181.59,182.89,180.4639911223553,49340282,0.0000,1.0
2023-11-09,182.96,184.12,181.81,182.41,179.9903582515656,53763540,0.0000,1.0
2023-11-10,183.97,186.565,183.53,186.4,184.16424792539996,66177922,0.2400,1.0
2023-11-13,185.82,186.03,184.21,184.8,182.58343893033216,43627519,0.0000,1.0
2023-11-14,187.7,188.11,186.3,187.44,185.19177377219404,60108378,0.0000,1.0
2023-11-15,187.845,189.5,187.78,188.01,185.75493697668693,53790499,0.0000,1.0
2023-11-16,189.57,190.96,188.65,189.71,187.4345465339465,54412915,0.0000,1.0
2023-11-17,190.25,190.38,188.57,189.69,187.41478642150815,50941404,0.0000,1.0
2023-11-20,189.89,191.905,189.88,191.45,189.15367631608274,46538614,0.0000,1.0
2023-11-21,191.41,191.52,189.74,190.64,188.35339176232966,38134485,0.0000,1.0
2023-11-22,191.49,192.93,190.825,191.31,189.0153555290143,39630011,0.0000,1.0
2023-11-24,190.87,190.9,189.25,189.97,187.69142799564503,24048344,0.0000,1.0
2023-11-27,189.92,190.67,188.9,189.79,187.5135869836999,40552609,0.0000,1.0
2023-11-28,189.78,191.08,189.4,190.4,188.1162704130695,38415419,0.0000,1.0
2023-11-29,190.9,192.09,188.97,189.37,187.09862462249458,43014224,0.0000,1.0
2023-11-30,189.84,190.32,188.19,189.95,187.67166788320665,48794366,0.0000,1.0
2023-12-01,190.33,191.56,189.23,191.24,188.9461951354801,45704823,0.0000,1.0
2023-12-04,189.98,190.05,187.4511,189.43,187.15790495980963,43389519,0.0000,1.0
2023-12-05,190.21,194.4,190.18,193.42,191.10004739125998,66628398,0.0000,1.0
2023-12-06,194.45,194.76,192.11,192.32,190.01324120715086,40895115,0.0000,1.0
2023-12-07,193.63,195.0,193.59,194.27,191.93985216988978,47477655,0.0000,1.0
2023-12-08,194.2,195.99,193.67,195.71,193.3625802654508,53406358,0.0000,1.0
2023-12-11,193.11,193.49,191.42,193.18,190.86292604199983,60943699,0.0000,1.0
2023-12-12,193.08,194.72,191.72099999999998,194.71,192.3745746435334,52696900,0.0000,1.0
2023-12-13,195.09,198.0,194.85,197.96,195.5855929147649,70404183,0.0000,1.0
2023-12-14,198.02,199.62,196.16,198.11,195.7337937580525,66831572,0.0000,1.0
2023-12-15,197.53,198.3999,197.0,197.57,195.2002707222171,128538401,0.0000,1.0
2023-12-18,196.09,196.63,194.39,195.89,193.5404212773959,55751861,0.0000,1.0
2023-12-19,196.16,196.95,195.89,196.94,194.57782718040917,40233138,0.0000,1.0
2023-12-20,196.9,197.68,194.83,194.83,192.4931353181635,52242815,0.0000,1.0
2023-12-21,196.1,197.08,193.5,194.68,192.34493447487588,46482549,0.0000,1.0
2023-12-22,195.18,195.41,192.97,193.6,191.2778884032051,37149570,0.0000,1.0
2023-12-26,193.61,193.89,192.83,193.05,190.73448531115056,28919310,0.0000,1.0
2023-12-27,192.49,193.5,191.09,193.15,190.8332858733423,47899806,0.0000,1.0
2023-12-28,194.14,194.66,193.17,193.58,191.2581282907668,34049898,0.0000,1.0
2023-12-29,193.9,194.4,191.725,192.53,190.2207223877535,42672148,0.0000,1.0
2024-01-02,187.15,188.44,183.885,185.64,183.41336365274273,82488674,0.0000,1.0
2024-01-03,184.22,185.88,183.43,184.25,182.0400358382776,58414460,0.0000,1.0
2024-01-04,182.15,183.0872,180.88,181.91,179.7281026829909,71983570,0.0000,1.0
2024-01-05,181.99,182.76,180.17,181.18,179.00685857899123,62196924,0.0000,1.0
2024-01-08,182.085,185.6,181.5,185.56,183.33432320298937,59144470,0.0000,1.0
2024-01-09,183.92,185.15,182.73,185.14,182.91936084178406,42841809,0.0000,1.0
2024-01-10,184.35,186.4,183.92,186.19,183.9567667447973,46792908,0.0000,1.0
2024-01-11,186.54,187.05,183.62,185.59,183.3639633716469,49128408,0.0000,1.0
2024-01-12,186.06,186.74,185.19,185.92,183.6900052268796,40477782,0.0000,1.0
2024-01-16,182.16,184.26,180.93400000000003,183.63,181.42747235268882,65603041,0.0000,1.0
2024-01-17,181.27,182.93,180.3,182.68,180.4888670118673,47317433,0.0000,1.0
2024-01-18,186.09,189.14,185.83,188.63,186.36750046227573,78005754,0.0000,1.0
2024-01-19,189.33,191.95,188.82,191.56,189.26235693449365,68902985,0.0000,1.0
2024-01-22,192.3,195.33,192.26,193.89,191.56441003356113,60133852,0.0000,1.0
2024-01-23,195.02,195.75,193.8299,195.18,192.8389372858346,42355590,0.0000,1.0
2024-01-24,195.42,196.38,194.34,194.5,192.16709346293075,53463269,0.0000,1.0
2024-01-25,195.22,196.2675,193.1125,194.17,191.841051607698,54822126,0.0000,1.0
2024-01-26,194.27,194.76,191.94,192.42,190.1120417693426,44594011,0.0000,1.0
2024-01-29,192.01,192.2,189.58,191.73,189.4303178902196,47145622,0.0000,1.0
2024-01-30,190.94,191.8,187.47,188.04,185.78457714534446,55859370,0.0000,1.0
2024-01-31,187.04,187.095,184.35,184.4,182.1882366815652,55467803,0.0000,1.0
2024-02-01,183.985,186.95,183.82,186.86,184.61873051148197,64885408,0.0000,1.0
2024-02-02,179.86,187.33,179.25,185.85,183.6208448333454,102551680,0.0000,1.0
2024-02-05,188.15,189.25,185.84,187.68,185.42889512145422,69668820,0.0000,1.0
2024-02-06,186.86,189.31,186.7695,189.3,187.0294642289604,43490759,0.0000,1.0
2024-02-07,190.64,191.05,188.61,189.41,187.13814484737128,53438955,0.0000,1.0
2024-02-08,189.385,189.535,187.35,188.32,186.06121871948133,40962046,0.0000,1.0
2024-02-09,188.65,189.99,188.0,188.85,186.8219830483577,45155216,0.2400,1.0
2024-02-12,188.415,188.67,186.79,187.15,185.14023895949245,41781934,0.0000,1.0
2024-02-13,185.77,186.21,183.5128,185.04,183.052897766842,56529529,0.0000,1.0
2024-02-14,185.32,185.53,182.44,184.15,182.1724552732596,54630517,0.0000,1.0
2024-02-15,183.55,184.49,181.35,183.86,181.88556951692377,65434496,0.0000,1.0
2024-02-16,183.42,184.85,181.665,182.31,180.35221461237012,49752465,0.0000,1.0
2024-02-20,181.79,182.43,180.0,181.56,179.61026869081192,53665553,0.0000,1.0
2024-02-21,181.94,182.8888,180.66,182.32,180.36210722465756,41529674,0.0000,1.0
2024-02-22,183.48,184.955,182.46,184.37,182.39009274358335,52292208,0.0000,1.0
2024-02-23,185.01,185.04,182.23,182.52,180.55995947040643,45119677,0.0000,1.0
2024-02-26,182.24,182.76,180.65,181.16,179.2145641993142,40867421,0.0000,1.0
2024-02-27,181.1,183.9225,179.56,182.63,180.6687782055683,54318851,0.0000,1.0
2024-02-28,182.51,183.12,180.13,181.42,179.4717721187877,48953939,0.0000,1.0
2024-02-29,181.27,182.57,179.53,180.75,178.80896709552903,136682597,0.0000,1.0
2024-03-01,179.55,180.53,177.38,179.66,177.73067235619777,73563082,0.0000,1.0
2024-03-04,176.15,176.9,173.79,175.1,173.21964115312383,81510101,0.0000,1.0
2024-03-05,170.76,172.04,169.62,170.12,168.29312023397733,95132355,0.0000,1.0
2024-03-06,171.06,171.24,168.68,169.12,167.30385900523305,68587707,0.0000,1.0
2024-03-07,169.15,170.73,168.49,169.0,167.18514765778372,71765061,0.0000,1.0
2024-03-08,169.0,173.7,168.94,170.73,168.8965695835113,76267041,0.0000,1.0
2024-03-11,172.94,174.38,172.05,172.75,170.8948772655748,58929918,0.0000,1.0
2024-03-12,173.15,174.03,171.01,173.23,171.36972265537202,59544927,0.0000,1.0
2024-03-13,172.77,173.185,170.76,171.13,169.29227407500903,51948951,0.0000,1.0
2024-03-14,172.91,174.3078,172.05,173.0,171.14219257276085,72571635,0.0000,1.0
2024-03-15,171.17,172.62,170.285,172.62,170.76627330583804,121752699,0.0000,1.0
2024-03-18,175.57,177.71,173.52,173.72,171.85446065745674,75604184,0.0000,1.0
2024-03-19,174.34,176.605,173.03,176.08,174.18911715729325,55215244,0.0000,1.0
2024-03-20,175.72,178.67,175.09,178.67,176.7513037397409,53423102,0.0000,1.0
2024-03-21,177.05,177.49,170.84,171.37,169.52969676990767,106181270,0.0000,1.0
2024-03-22,171.76,173.05,170.06,172.28,170.42992448806496,71160138,0.0000,1.0
2024-03-25,170.565,171.94,169.45,170.85,169.01528093096064,54288328,0.0000,1.0
2024-03-26,170.0,171.42,169.58,169.71,167.88752313019216,57388449,0.0000,1.0
2024-03-27,170.41,173.6,170.11,173.31,171.44886355367157,60273265,0.0000,1.0
2024-03-28,171.75,172.23,170.51,171.48,169.63851550506953,65672690,0.0000,1.0
2024-04-01,171.19,171.25,169.475,170.03,168.20408672339033,43772506,0.0000,1.0
2024-04-02,169.08,169.34,168.2302,168.84,167.02686586118463,49013991,0.0000,1.0
2024-04-03,168.79,170.68,168.58,169.65,167.8281674564675,45571129,0.0000,1.0
2024-04-04,170.29,171.92,168.82,168.82,167.00708063660974,53355055,0.0000,1.0
2024-04-05,169.59,170.39,168.95,169.58,167.7589191704554,41975776,0.0000,1.0
2024-04-08,169.03,169.2,168.24,168.45,166.64105398197435,37216858,0.0000,1.0
2024-04-09,168.7,170.08,168.35,169.67,167.8479526810424,42231444,0.0000,1.0
2024-04-10,168.8,169.09,167.11,167.78,165.9782489587157,49709336,0.0000,1.0
2024-04-11,168.34,175.46,168.16,175.04,173.1602854793992,91070275,0.0000,1.0
2024-04-12,174.26,178.36,174.21,176.55,174.65406993480306,101670886,0.0000,1.0
2024-04-15,175.36,176.63,172.5,172.69,170.83552159185012,73531773,0.0000,1.0
2024-04-16,171.75,173.76,168.27,169.38,167.56106692470655,73711235,0.0000,1.0
2024-04-17,169.61,170.65,168.0,168.0,166.19588642903943,50901210,0.0000,1.0
2024-04-18,168.03,168.64,166.55,167.04,165.24619564944493,43122903,0.0000,1.0
2024-04-19,166.21,166.4,164.075,165.0,163.22810274280658,68149377,0.0000,1.0
2024-04-22,165.515,167.26,164.77,165.84,164.05908217495178,48116443,0.0000,1.0
2024-04-23,165.35,167.05,164.92,166.9,165.10769907742073,49537761,0.0000,1.0
2024-04-24,166.54,169.3,166.21,169.02,167.2049328823586,48251835,0.0000,1.0
2024-04-25,169.525,170.61,168.1511,169.89,168.0655901513661,50558329,0.0000,1.0
2024-04-26,169.88,171.34,169.18,169.3,167.48192602640702,44838354,0.0000,1.0
2024-04-29,173.37,176.03,173.1,173.5,171.636823187133,68169419,0.0000,1.0
2024-04-30,173.33,174.99,170.0,170.33,168.50086509201364,65934776,0.0000,1.0
2024-05-01,169.58,172.705,169.11,169.3,167.48192602640702,50383147,0.0000,1.0
2024-05-02,172.51,173.415,170.89,173.03,171.17187040962318,94214915,0.0000,1.0
2024-05-03,186.645,187.0,182.66,183.38,181.41072412712649,163224109,0.0000,1.0
2024-05-06,182.354,184.2,180.42,181.71,179.75865787512356,78569667,0.0000,1.0
2024-05-07,183.45,184.9,181.32,182.4,180.44124812295712,77305771,0.0000,1.0
2024-05-08,182.85,183.07,181.45,182.74,180.77759694073018,45057087,0.0000,1.0
2024-05-09,182.56,184.66,182.11,184.57,182.5879449893322,48982972,0.0000,1.0
2024-05-10,184.9,185.09,182.13,183.05,181.331583228827,50759496,0.2500,1.0
2024-05-13,185.435,187.1,184.62,186.28,184.53126098806823,72044809,0.0000,1.0
2024-05-14,187.51,188.3,186.29,187.43,185.67046514383523,52393619,0.0000,1.0
2024-05-15,187.91,190.65,187.37,189.72,187.9389673322756,70399988,0.0000,1.0
2024-05-16,190.47,191.095,189.6601,189.84,188.05784080939912,52845230,0.0000,1.0
2024-05-17,189.51,190.81,189.18,189.87,188.08755917868,41282925,0.0000,1.0
2024-05-20,189.325,191.9199,189.01,191.04,189.24657558063427,44361275,0.0000,1.0
2024-05-21,191.09,192.73,190.9201,192.35,190.5442777058993,42309401,0.0000,1.0
2024-05-22,192.265,192.8231,190.27,190.9,189.1078898573235,34648547,0.0000,1.0
2024-05-23,190.98,191.0,186.625,186.88,185.12562837368577,51005924,0.0000,1.0
2024-05-24,188.82,190.58,188.0404,189.98,188.1965265327099,36326975,0.0000,1.0
2024-05-28,191.51,193.0,189.1,189.99,188.20643265580352,52280051,0.0000,1.0
2024-05-29,189.61,192.247,189.51,190.29,188.5036163486123,53068016,0.0000,1.0
2024-05-30,190.76,192.18,190.63,191.29,189.49422865797493,49947941,0.0000,1.0
2024-05-31,191.44,192.57,189.91,192.25,190.44521647496305,75158277,0.0000,1.0
2024-06-03,192.9,194.99,192.52,194.03,192.2085063856285,50080539,0.0000,1.0
2024-06-04,194.635,195.32,193.0342,194.35,192.52550232462454,47471445,0.0000,1.0
2024-06-05,195.4,196.9,194.87,195.87,194.03123303485572,54156785,0.0000,1.0
2024-06-06,195.685,196.5,194.17,194.48,192.65428192484165,41181753,0.0000,1.0
2024-06-07,194.65,196.94,194.14,196.89,195.04165759040558,53103912,0.0000,1.0
2024-06-10,196.9,197.3,192.15,193.12,191.3070491841085,97262077,0.0000,1.0
2024-06-11,193.65,207.16,193.63,207.15,205.20533988446604,172373296,0.0000,1.0
2024-06-12,207.37,220.2,206.9,213.07,211.06976475589272,198134293,0.0000,1.0
2024-06-13,214.74,216.75,211.6,214.24,212.22878115784698,97862729,0.0000,1.0
2024-06-14,213.85,215.17,211.3,212.49,210.4952096164624,70122748,0.0000,1.0
2024-06-17,213.37,218.95,212.72,216.67,214.63596906959813,93728300,0.0000,1.0
2024-06-18,217.59,218.63,213.0,214.29,212.2783117733151,79943254,0.0000,1.0
2024-06-20,213.93,214.24,208.85,209.68,207.71158902715345,86172451,0.0000,1.0
2024-06-21,210.39,211.89,207.11,207.49,205.54214806964933,246421353,0.0000,1.0
2024-06-24,207.72,212.7,206.59,208.14,206.186046070735,80727006,0.0000,1.0
2024-06-25,209.15,211.38,208.61,209.07,207.10731551844225,56713868,0.0000,1.0
2024-06-26,211.5,214.86,210.64,213.25,211.24807497157798,66213186,0.0000,1.0
2024-06-27,214.69,215.7395,212.35,214.1,212.0900954345362,49772707,0.0000,1.0
2024-06-28,215.77,216.07,210.3,210.62,208.6427645979543,82542718,0.0000,1.0
2024-07-01,212.09,217.51,211.92,216.75,214.71521805434713,60402929,0.0000,1.0
2024-07-02,216.15,220.38,215.1,220.27,218.20217338330357,58046178,0.0000,1.0
2024-07-03,220.0,221.55,219.03,221.55,219.47015713928772,37369801,0.0000,1.0
2024-07-05,221.65,226.45,221.65,226.34,224.21519010113465,60412408,0.0000,1.0
2024-07-08,227.09,227.85,223.25,227.82,225.68129631899131,59085861,0.0000,1.0
2024-07-09,227.93,229.4,226.3721,228.68,226.53322290504317,48169822,0.0000,1.0
2024-07-10,229.3,233.08,229.25,232.98,230.7928558353024,62627687,0.0000,1.0
2024-07-11,231.39,232.39,225.77,227.57,225.43364324165066,64710617,0.0000,1.0
2024-07-12,228.92,232.64,228.68,230.54,228.3757618004576,53046527,0.0000,1.0
2024-07-15,236.48,237.23,233.09,234.4,232.19952531459734,62631252,0.0000,1.0
2024-07-16,235.0,236.27,232.33,234.82,232.61558248452963,43234278,0.0000,1.0
2024-07-17,229.45,231.4599,226.64,228.88,226.7313453669157,57345884,0.0000,1.0
2024-07-18,230.28,230.44,222.27,224.18,222.0754675129114,66034585,0.0000,1.0
2024-07-19,224.82,226.8,223.275,224.31,222.20424711312853,49151453,0.0000,1.0
2024-07-22,227.01,227.78,223.09,223.96,221.85753280485162,48201835,0.0000,1.0
2024-07-23,224.365,226.94,222.68,225.01,222.89767572968236,39960260,0.0000,1.0
2024-07-24,224.0,224.8,217.13,218.54,216.48841408810623,61777576,0.0000,1.0
2024-07-25,218.93,220.85,214.62,217.49,215.44827116327548,51391199,0.0000,1.0
2024-07-26,218.7,219.49,216.01,217.96,215.9138589486759,41601345,0.0000,1.0
2024-07-29,216.96,219.3,215.75,218.24,216.19123039529745,36311778,0.0000,1.0
2024-07-30,219.19,220.325,216.12,218.8,216.7459732885405,41643840,0.0000,1.0
2024-07-31,221.44,223.82,220.63,222.08,219.9951816632499,50036262,0.0000,1.0
2024-08-01,224.37,224.48,217.02,218.36,216.31010387242097,62500996,0.0000,1.0
2024-08-02,219.15,225.6,217.71,219.86,217.7960223364649,105568560,0.0000,1.0
2024-08-05,199.09,213.5,196.0,209.27,207.3054379803148,119548589,0.0000,1.0
2024-08-06,205.3,209.99,201.07,207.23,205.284588869215,69660488,0.0000,1.0
2024-08-07,206.9,213.64,206.39,209.82,207.8502747504642,63516417,0.0000,1.0
2024-08-08,213.11,214.2,208.83,213.31,211.30751171013975,47161149,0.0000,1.0
2024-08-09,212.1,216.78,211.97,216.24,214.21000577657222,42201646,0.0000,1.0
2024-08-12,216.07,219.5099,215.6,217.53,215.73554873299062,38028092,0.2500,1.0
2024-08-13,219.01,221.89,219.01,221.27,219.44469667700474,44155331,0.0000,1.0
2024-08-14,220.57,223.03,219.7,221.72,219.89098453123103,41960574,0.0000,1.0
2024-08-15,224.6,225.35,222.76,224.72,222.86623689273964,46414013,0.0000,1.0
2024-08-16,223.92,226.8271,223.6501,226.05,224.18526543967513,44340240,0.0000,1.0
2024-08-19,225.72,225.99,223.04,225.89,224.026585313728,40687813,0.0000,1.0
2024-08-20,225.77,227.17,225.45,226.51,224.64147080177312,30299033,0.0000,1.0
2024-08-21,226.52,227.98,225.05,226.4,224.53237821518448,34765480,0.0000,1.0
2024-08-22,227.79,228.34,223.9,224.53,222.67780424317743,43695321,0.0000,1.0
2024-08-23,225.6589,228.22,224.33,226.84,224.9687485615391,38677250,0.0000,1.0
2024-08-26,226.76,227.28,223.8905,227.18,225.30594382917673,30602208,0.0000,1.0
2024-08-27,225.995,228.85,224.89,228.03,226.14893199827083,35934559,0.0000,1.0
2024-08-28,227.92,229.86,225.68,226.49,224.62163578602974,38052167,0.0000,1.0
2024-08-29,230.1,232.92,228.88,229.79,227.89441338368923,51906297,0.0000,1.0
2024-08-30,230.19,230.4,227.48,229.0,227.11093026182527,52990770,0.0000,1.0
2024-09-03,228.55,229.0,221.17,222.77,220.93232285775903,50190574,0.0000,1.0
2024-09-04,221.66,221.78,217.48,220.85,219.02816134639352,43262758,0.0000,1.0
2024-09-05,221.625,225.48,221.52,222.38,220.54554005076292,36615398,0.0000,1.0
2024-09-06,223.95,225.24,219.77,220.82,218.99840882277843,48423011,0.0000,1.0
2024-09-09,220.82,221.27,216.71,220.91,219.0876663936237,67179965,0.0000,1.0
2024-09-10,218.92,221.48,216.73,220.11,218.29426576388806,51591033,0.0000,1.0
2024-09-11,221.455,223.09,217.89,222.66,220.8232302711704,44587072,0.0000,1.0
2024-09-12,222.5,223.55,219.82,222.77,220.93232285775903,37498225,0.0000,1.0
2024-09-13,223.58,224.04,221.91,222.5,220.66455014522327,36766619,0.0000,1.0
2024-09-16,216.54,217.22,213.92,216.32,214.53553028051547,59357427,0.0000,1.0
2024-09-17,215.75,216.9,214.5,216.79,215.00165315048517,45519339,0.0000,1.0
2024-09-18,217.55,222.71,217.54,220.69,218.86948122044637,59894928,0.0000,1.0
2024-09-19,224.99,229.82,224.63,228.87,226.98200265949325,66781315,0.0000,1.0
2024-09-20,229.97,233.09,227.62,228.2,226.31752963208965,318679888,0.0000,1.0
2024-09-23,227.34,229.45,225.81,226.47,224.60180077028633,54146023,0.0000,1.0
2024-09-24,228.645,229.35,225.73,227.37,225.49437647873893,43556068,0.0000,1.0
2024-09-25,224.93,227.29,224.02,226.37,224.5026256915694,42308715,0.0000,1.0
2024-09-26,227.3,228.5,225.41,227.52,225.64313909681437,36636707,0.0000,1.0
2024-09-27,228.46,229.52,227.3,227.79,225.91091180935013,34025967,0.0000,1.0
2024-09-30,230.04,233.0,229.65,233.0,231.07793341050345,54793391,0.0000,1.0
2024-10-01,229.52,229.65,223.74,226.21,224.34394556562228,63285048,0.0000,1.0
2024-10-02,225.89,227.37,223.02,226.78,224.9092435143089,32880605,0.0000,1.0
2024-10-03,225.14,226.805,223.32,225.67,223.8084001405507,34044158,0.0000,1.0
2024-10-04,227.9,228.0,224.13,226.8,224.9290785300523,37345098,0.0000,1.0
2024-10-07,224.5,225.69,221.33,221.69,219.86123200761594,39505354,0.0000,1.0
2024-10-08,224.3,225.98,223.25,225.77,223.90757521926767,31855693,0.0000,1.0
2024-10-09,225.23,229.75,224.83,229.54,227.64647568689682,33591091,0.0000,1.0
2024-10-10,227.78,229.5,227.17,229.04,227.15060029331207,28183544,0.0000,1.0
2024-10-11,229.3,229.41,227.34,227.55,225.67289162042945,31759188,0.0000,1.0
2024-10-14,228.7,231.73,228.6,231.3,229.39195707231525,39882085,0.0000,1.0
2024-10-15,233.61,237.49,232.37,233.85,231.92092157959758,64751367,0.0000,1.0
2024-10-16,231.6,232.12,229.84,231.78,229.86799745015662,34082240,0.0000,1.0
2024-10-17,233.43,233.85,230.52,232.15,230.23494524140935,32993810,0.0000,1.0
2024-10-18,236.18,236.18,234.01,235.0,233.06143498484255,46431472,0.0000,1.0
2024-10-21,234.45,236.85,234.45,236.48,234.52922614985346,36254470,0.0000,1.0
2024-10-22,233.885,236.22,232.6,235.86,233.91434066180835,38846578,0.0000,1.0
2024-10-23,234.08,235.144,227.76,230.76,228.85641164724368,52286979,0.0000,1.0
2024-10-24,229.98,230.82,228.41,230.57,228.66797899768147,31109503,0.0000,1.0
2024-10-25,229.74,233.22,229.57,231.41,229.5010496589039,38802304,0.0000,1.0
2024-10-28,233.32,234.73,232.55,233.4,231.4746337253713,36087134,0.0000,1.0
2024-10-29,233.1,234.325,232.32,233.67,231.74240643790705,35417247,0.0000,1.0
2024-10-30,232.61,233.47,229.55,230.1,228.20185612771178,47070907,0.0000,1.0
2024-10-31,229.34,229.83,225.37,225.91,224.0464203294714,64370086,0.0000,1.0
2024-11-01,220.965,225.35,220.27,222.91,221.07116796796277,65276741,0.0000,1.0
2024-11-04,220.99,222.79,219.71,222.01,220.17859225951017,44944468,0.0000,1.0
2024-11-05,221.795,223.95,221.14,223.45,221.6067133930343,28111338,0.0000,1.0
2024-11-06,222.61,226.065,221.19,222.72,220.88273531840056,54561121,0.0000,1.0
2024-11-07,224.625,227.875,224.57,227.48,225.60346906532757,42137691,0.0000,1.0
2024-11-08,227.17,228.66,226.405,226.96,225.3356963527918,38328824,0.2500,1.0
2024-11-11,225.0,225.7,221.5,224.23,222.6252343725172,42005602,0.0000,1.0
2024-11-12,224.55,225.59,223.355,224.23,222.6252343725172,40398299,0.0000,1.0
2024-11-13,224.01,226.65,222.76,225.12,223.50886483495108,48566217,0.0000,1.0
2024-11-14,225.02,228.87,225.0,228.22,226.58667880522626,44923941,0.0000,1.0
2024-11-15,226.4,226.92,224.27,225.0,223.38972364900494,47923696,0.0000,1.0
2024-11-18,225.25,229.74,225.17,228.02,226.3881101619827,44686020,0.0000,1.0
2024-11-19,226.98,230.16,226.66,228.28,226.6462493981993,36211774,0.0000,1.0
2024-11-20,228.06,229.93,225.89,229.0,227.36109651387613,35169566,0.0000,1.0
2024-11-21,228.88,230.155,225.7103,228.52,226.8845317700916,42108327,0.0000,1.0
2024-11-22,228.06,230.7199,228.06,229.87,228.2248701119856,38168252,0.0000,1.0
2024-11-25,231.46,233.245,229.74,232.87,231.20339976063903,90152832,0.0000,1.0
2024-11-26,233.33,235.57,233.33,235.06,233.377726404156,45986189,0.0000,1.0
2024-11-27,234.465,235.69,233.8101,234.93,233.2486567860477,33498439,0.0000,1.0
2024-11-29,234.81,237.81,233.97,237.33,235.63148050497043,28481377,0.0000,1.0
2024-12-02,237.27,240.79,237.16,239.59,237.87530617362262,48137103,0.0000,1.0
2024-12-03,239.81,242.76,238.9,242.65,240.9134064152491,38861017,0.0000,1.0
2024-12-04,242.87,244.11,241.25,243.01,241.2708299730875,44383935,0.0000,1.0
2024-12-05,243.99,244.54,242.13,243.04,241.30061526957402,40033878,0.0000,1.0
2024-12-06,242.905,244.63,242.08,242.84,241.1020466263305,36870619,0.0000,1.0
2024-12-09,241.83,247.24,241.75,246.75,244.98406360174206,44649232,0.0000,1.0
2024-12-10,246.89,248.21,245.34,247.77,245.99676368228424,36914806,0.0000,1.0
2024-12-11,247.96,250.8,246.2601,246.49,244.72592436552546,45205814,0.0000,1.0
2024-12-12,246.89,248.74,245.68,247.96,246.18540389336562,32777532,0.0000,1.0
2024-12-13,247.815,249.2902,246.24,248.13,246.35418724012263,33155290,0.0000,1.0
2024-12-16,247.99,251.38,247.65,251.04,249.24336099931642,51694753,0.0000,1.0
2024-12-17,250.08,253.83,249.78,253.48,251.66589844688787,51356360,0.0000,1.0
2024-12-18,252.16,254.28,247.74,248.05,246.2747597828252,56774101,0.0000,1.0
2024-12-19,247.5,252.0,247.0949,249.79,248.0023069790442,60882264,0.0000,1.0
2024-12-20,248.04,255.0,245.69,254.49,252.66867009526786,147495267,0.0000,1.0
2024-12-23,254.77,255.65,253.45,255.27,253.44308780391773,40858774,0.0000,1.0
2024-12-24,255.49,258.21,255.29,258.2,256.35211842743587,23234705,0.0000,1.0
2024-12-26,258.19,260.1,257.63,259.02,257.1662498647345,27262983,0.0000,1.0
2024-12-27,257.83,258.7,253.06,255.59,253.76079763310742,42355321,0.0000,1.0
2024-12-30,252.23,253.5,250.75,252.2,250.39505913012908,35557542,0.0000,1.0
2024-12-31,252.44,253.28,249.43,250.42,248.6277982052614,39480718,0.0000,1.0
2025-01-02,248.93,249.1,241.8201,243.85,242.10481827471045,55740731,0.0000,1.0
2025-01-03,243.36,244.18,241.89,243.36,241.61832509876373,40244114,0.0000,1.0
2025-01-06,244.31,247.33,243.2,245.0,243.24658797336093,45045571,0.0000,1.0
2025-01-07,242.98,245.55,241.35,242.21,240.47655540011328,40855960,0.0000,1.0
2025-01-08,241.92,243.7123,240.05,242.7,240.96304857605998,37628940,0.0000,1.0
2025-01-10,240.01,240.16,233.0,236.85,235.15491576118586,61710856,0.0000,1.0
2025-01-13,233.53,234.67,229.72,234.4,232.72244988145226,49630725,0.0000,1.0
2025-01-14,234.75,236.12,232.472,233.28,231.6104654792883,39435294,0.0000,1.0
2025-01-15,234.635,238.96,234.43,237.87,236.167615841728,39831969,0.0000,1.0
2025-01-16,237.35,238.01,228.03,228.26,226.62639253387496,71759052,0.0000,1.0
2025-01-17,232.115,232.29,228.48,229.98,228.33408286576957,68488301,0.0000,1.0
2025-01-21,224.0,224.42,219.38,222.64,221.0466136587309,98070429,0.0000,1.0
2025-01-22,219.79,224.12,219.79,223.83,222.22809708603012,64126500,0.0000,1.0
2025-01-23,224.74,227.03,222.3,223.66,222.05931373927308,60234760,0.0000,1.0
2025-01-24,224.78,225.63,221.41,222.78,221.18561170900142,54697907,0.0000,1.0
2025-01-27,224.02,232.15,223.98,229.86,228.21494167982345,94863418,0.0000,1.0
2025-01-28,230.85,240.19,230.81,238.26,236.55482469605295,75707569,0.0000,1.0
2025-01-29,234.12,239.855,234.01,239.36,237.64695223389256,45486100,0.0000,1.0
2025-01-30,238.665,240.79,237.21,237.59,235.88961974118703,55658279,0.0000,1.0
2025-01-31,247.19,247.19,233.44,236.0,234.31099902740073,101075128,0.0000,1.0
2025-02-03,229.99,231.83,225.7,228.01,226.3781817298205,73063301,0.0000,1.0
2025-02-04,227.25,233.13,226.65,232.8,231.13390073550377,45067301,0.0000,1.0
2025-02-05,228.53,232.67,228.27,232.47,230.8062624741519,39664989,0.0000,1.0
2025-02-06,231.285,233.8,230.425,233.22,231.55089488631523,29925349,0.0000,1.0
2025-02-07,232.6,234.0,227.26,227.63,226.00090130765773,39707224,0.0000,1.0
2025-02-10,229.57,230.585,227.2,227.65,226.26896897603658,33115645,0.2500,1.0
2025-02-11,228.2,235.23,228.13,232.62,231.20881863916375,53718362,0.0000,1.0
2025-02-12,231.2,236.96,230.68,236.87,235.43303615793448,45243292,0.0000,1.0
2025-02-13,236.91,242.3399,235.57,241.53,240.06476642557485,53614054,0.0000,1.0
2025-02-14,241.25,245.55,240.99,244.6,243.11614237442805,40896227,0.0000,1.0
2025-02-18,244.15,245.18,241.84,244.47,242.98693101503036,48822491,0.0000,1.0
2025-02-19,244.66,246.01,243.1604,244.87,243.3845044285617,32204215,0.0000,1.0
2025-02-20,244.94,246.78,244.29,245.83,244.33868062103699,32316907,0.0000,1.0
2025-02-21,245.95,248.69,245.22,245.55,244.06037923156504,53197431,0.0000,1.0
2025-02-24,244.925,248.86,244.42,247.1,245.60097620899904,51326396,0.0000,1.0
2025-02-25,248.0,250.0,244.91,247.04,245.54134019696934,48013272,0.0000,1.0
2025-02-26,244.33,244.98,239.13,240.36,238.9018641909956,44433564,0.0000,1.0
2025-02-27,239.41,242.46,237.06,237.3,235.8604275774807,41153639,0.0000,1.0
2025-02-28,236.95,242.09,230.2,241.84,240.37288582106166,56833360,0.0000,1.0
2025-03-03,241.79,244.0272,236.112,238.03,236.58599905717543,47183985,0.0000,1.0
2025-03-04,237.705,240.07,234.68,235.93,234.49873863613578,53798062,0.0000,1.0
2025-03-05,235.42,236.55,229.23,235.74,234.30989126470837,47227643,0.0000,1.0
2025-03-06,234.435,237.86,233.1581,235.33,233.90237851583873,45170419,0.0000,1.0
2025-03-07,235.105,241.37,234.76,239.07,237.61968993235695,46273565,0.0000,1.0
2025-03-10,235.54,236.16,224.22,227.48,226.10000027528574,71451281,0.0000,1.0
2025-03-11,223.805,225.8399,217.45,220.84,219.50028161066513,76137410,0.0000,1.0
2025-03-12,220.14,221.75,214.91,216.98,215.66369817008746,62547467,0.0000,1.0
2025-03-13,215.95,216.8394,208.42,209.68,208.40798337314013,61368330,0.0000,1.0
2025-03-14,211.25,213.95,209.58,213.49,212.19487013702636,60107582,0.0000,1.0
2025-03-17,213.31,215.22,209.97,214.0,212.70177623927884,48073426,0.0000,1.0
2025-03-18,214.16,215.15,211.49,212.69,211.3997233099636,42432426,0.0000,1.0
2025-03-19,214.22,218.76,213.75,215.24,213.93425382122606,54385391,0.0000,1.0
2025-03-20,213.99,217.4899,212.22,214.1,212.80116959266167,48862947,0.0000,1.0
2025-03-21,211.56,218.84,211.28,218.27,216.94587242872612,94127768,0.0000,1.0
2025-03-24,221.0,221.48,218.58,220.73,219.390948921944,44299483,0.0000,1.0
2025-03-25,220.77,224.1,220.08,223.75,222.39262819410578,34493583,0.0000,1.0
2025-03-26,223.51,225.02,220.47,221.53,220.18609574900674,34532656,0.0000,1.0
2025-03-27,221.39,224.99,220.5601,223.85,222.49202154748863,37094774,0.0000,1.0
2025-03-28,221.67,223.81,217.68,217.9,216.5781170212096,39818617,0.0000,1.0
2025-03-31,217.005,225.62,216.23,222.13,220.78245586930376,65299321,0.0000,1.0
2025-04-01,219.805,223.68,218.9,223.19,221.83602541516188,36412740,0.0000,1.0
2025-04-02,221.315,225.19,221.02,223.89,222.53177888884176,35905904,0.0000,1.0
2025-04-03,205.54,207.49,201.25,203.19,201.95735473859375,103419006,0.0000,1.0
2025-04-04,193.89,199.88,187.34,188.38,187.23719910259507,125910913,0.0000,1.0
2025-04-07,177.2,194.15,174.62,181.46,180.3591790485025,160466286,0.0000,1.0
2025-04-08,186.7,190.335,169.2101,172.42,171.3740199026937,120859491,0.0000,1.0
2025-04-09,171.95,200.61,171.89,198.85,197.6436832017785,184395885,0.0000,1.0
2025-04-10,189.065,194.7799,183.0,190.42,189.26482351160502,121879981,0.0000,1.0
2025-04-11,186.1,199.54,186.06,198.15,196.94792972809861,87435915,0.0000,1.0
2025-04-14,211.44,212.94,201.1621,202.52,201.29141927092874,101352911,0.0000,1.0
2025-04-15,201.855,203.51,199.8,202.14,200.9137245280739,51343872,0.0000,1.0
2025-04-16,198.36,200.7,192.37,194.27,193.0914676168444,59732423,0.0000,1.0
2025-04-17,197.2,198.8335,194.42,196.98,195.78502749351935,52164675,0.0000,1.0
2025-04-21,193.265,193.8,189.8112,193.16,191.98820139429486,46742537,0.0000,1.0
2025-04-22,196.12,201.59,195.97,199.74,198.52828404688577,52976371,0.0000,1.0
2025-04-23,206.0,208.0,202.799,204.6,203.3588010212918,52929165,0.0000,1.0
2025-04-24,204.89,208.8299,202.94,208.37,207.10593044382492,47310989,0.0000,1.0
2025-04-25,206.365,209.75,206.2,209.28,208.01040995960875,38222258,0.0000,1.0
2025-04-28,210.0,211.5,207.46,210.14,208.86519279870117,38743074,0.0000,1.0
2025-04-29,208.69299999999998,212.24,208.37,211.21,209.92870167989759,36827633,0.0000,1.0
2025-04-30,209.3,213.58,206.6705,212.5,211.21087593853622,52286454,0.0000,1.0
2025-05-01,209.08,214.56,208.9,213.32,212.02590143627552,57365675,0.0000,1.0
2025-05-02,206.09,206.99,202.16,205.35,204.10425117166312,101010621,0.0000,1.0
2025-05-05,203.1,204.1,198.21,198.89,197.6834405431316,69018452,0.0000,1.0
2025-05-06,198.21,200.65,197.02,198.51,197.3057458002768,51216482,0.0000,1.0
2025-05-07,199.17,199.44,193.25,196.25,195.05945601382462,68616943,0.0000,1.0
2025-05-08,197.72,200.05,194.6796,197.49,196.29193359577187,50478872,0.0000,1.0
2025-05-09,199.0,200.5399,197.535,198.53,197.3256244709534,36453923,0.0000,1.0
2025-05-12,210.97,211.2679,206.75,210.79,209.76967231448504,63775814,0.2600,1.0
2025-05-13,210.43,213.4,209.0,212.93,211.89931365777932,51909332,0.0000,1.0
2025-05-14,212.43,213.94,210.5801,212.33,211.30221795405194,49325825,0.0000,1.0
2025-05-15,210.95,212.96,209.54,211.45,210.42647758858513,45029473,0.0000,1.0
2025-05-16,212.36,212.57,209.77,211.26,210.2373972824048,54737850,0.0000,1.0
2025-05-19,207.91,209.48,204.26,208.78,207.76940170699837,46140527,0.0000,1.0
2025-05-20,207.67,208.47,205.03,206.86,205.85869545507083,42496635,0.0000,1.0
2025-05-21,205.17,207.04,200.71,202.09,201.11178461043826,59211774,0.0000,1.0
2025-05-22,200.71,202.75,199.7,201.36,200.38531817090333,46742407,0.0000,1.0
2025-05-23,193.665,197.7,193.46,195.27,194.32479677807058,78432918,0.0000,1.0
2025-05-27,198.3,200.74,197.43,200.21,199.2408847387592,56288475,0.0000,1.0
2025-05-28,200.59,202.73,199.9,200.42,199.44986823506375,45339678,0.0000,1.0
2025-05-29,203.575,203.81,198.51,199.95,198.98214326714398,51477938,0.0000,1.0
2025-05-30,199.37,201.96,196.78,200.85,199.87778682273503,70819942,0.0000,1.0
2025-06-02,200.28,202.13,200.12,201.7,200.72367240301546,35423294,0.0000,1.0
2025-06-03,201.35,203.77,200.955,203.27,202.28607282776875,46381567,0.0000,1.0
2025-06-04,202.91,206.24,202.1,202.82,201.83825104997322,43603985,0.0000,1.0
2025-06-05,203.5,204.75,200.15,200.63,199.65885173136834,55221235,0.0000,1.0
2025-06-06,203.0,205.7,202.05,203.92,202.93292650680672,46607693,0.0000,1.0
2025-06-09,204.39,206.0,200.02,201.45,200.4748825264624,72862557,0.0000,1.0
2025-06-10,200.6,204.35,200.57,202.67,201.68897712404137,54672608,0.0000,1.0
2025-06-11,203.5,204.5,198.41,198.78,197.81780664487565,60989857,0.0000,1.0
2025-06-12,199.08,199.68,197.3601,199.2,198.23577363748478,43904635,0.0000,1.0
2025-06-13,199.73,200.37,195.7,196.45,195.49908499540103,51447349,0.0000,1.0
2025-06-16,197.3,198.685,196.5636,198.42,197.4595492226392,43020691,0.0000,1.0
2025-06-17,197.2,198.39,195.21,195.64,194.6930057953691,38856152,0.0000,1.0
2025-06-18,195.94,197.57,195.07,196.58,195.62845573120865,45394689,0.0000,1.0
2025-06-20,198.235,201.7,196.855,201.0,200.02706074866688,96813542,0.0000,1.0
2025-06-23,201.625,202.3,198.96,201.5,200.52464050177304,55814272,0.0000,1.0
2025-06-24,202.59,203.44,200.2,200.3,199.3304490943183,54064033,0.0000,1.0
2025-06-25,201.45,203.67,200.6201,201.56,200.58435007214575,39525730,0.0000,1.0
2025-06-26,201.43,202.64,199.46,201.0,200.02706074866688,50799121,0.0000,1.0
2025-06-27,201.89,203.22,200.0,201.08,200.10667350916387,73188571,0.0000,1.0
2025-06-30,202.01,207.39,199.2607,205.17,204.17687588957205,91912816,0.0000,1.0
2025-07-01,206.665,210.1865,206.1401,207.82,206.81404858103457,78788867,0.0000,1.0
2025-07-02,208.91,213.34,208.14,212.44,211.41168549973528,67941811,0.0000,1.0
2025-07-03,212.145,214.65,211.8101,213.55,212.51631255163093,34955836,0.0000,1.0
2025-07-07,212.68,216.23,208.8,209.95,208.93373832926673,50228984,0.0000,1.0
2025-07-08,210.1,211.43,208.45,210.01,208.99344789963945,42848928,0.0000,1.0
2025-07-09,209.53,211.33,207.22,211.14,210.11797814165934,48749367,0.0000,1.0
2025-07-10,210.505,213.48,210.03,212.41,211.38183071454893,44443635,0.0000,1.0
2025-07-11,210.565,212.13,209.86,211.16,210.13788133178357,39765812,0.0000,1.0
2025-07-14,209.925,210.91,207.54,208.62,207.61017618600442,38840111,0.0000,1.0
2025-07-15,209.22,211.89,208.92,209.11,208.09780434404843,42296339,0.0000,1.0
2025-07-16,210.295,212.4,208.64,210.16,209.1427218255713,47490532,0.0000,1.0
2025-07-17,210.57,211.8,209.59,210.02,209.0033994947016,48068141,0.0000,1.0
2025-07-18,210.87,211.79,209.7045,211.18,210.15778452190784,48974591,0.0000,1.0
2025-07-21,212.1,215.78,211.63,212.48,211.45149187998376,51377434,0.0000,1.0
2025-07-22,213.14,214.95,212.2301,214.4,213.36219813191136,46404072,0.0000,1.0
2025-07-23,215.0,215.15,212.41,214.15,213.11340825535828,46989301,0.0000,1.0
2025-07-24,213.9,215.69,213.53,213.76,212.72529604793547,46022620,0.0000,1.0
2025-07-25,214.7,215.24,213.4,213.88,212.84471518868096,40268781,0.0000,1.0
2025-07-28,214.03,214.845,213.06,214.05,213.01389230473706,37858017,0.0000,1.0
2025-07-29,214.175,214.81,210.82,211.27,210.24734887746695,51411723,0.0000,1.0
2025-07-30,211.895,212.39,207.72,209.05,208.0380947736757,45512514,0.0000,1.0
2025-07-31,208.49,209.84,207.16,207.57,206.56525870448152,80698431,0.0000,1.0
2025-08-01,210.865,213.58,201.5,202.38,201.40038086723982,104434473,0.0000,1.0
2025-08-04,204.505,207.88,201.675,203.35,202.36568558826573,75109298,0.0000,1.0
2025-08-05,203.4,205.34,202.16,202.92,201.93776700059445,44155079,0.0000,1.0
2025-08-06,205.63,215.38,205.59,213.25,212.21776469976723,108483103,0.0000,1.0
2025-08-07,218.875,220.85,216.58,220.03,218.96494615188644,90224834,0.0000,1.0
2025-08-08,220.83,231.0,219.25,229.35,228.23983274978482,113853967,0.0000,1.0
2025-08-11,227.92,229.56,224.76,227.18,226.33907809291938,61806132,0.2600,1.0
2025-08-12,228.005,230.8,227.07,229.65,228.79993522334243,55672301,0.0000,1.0
2025-08-13,231.07,235.0,230.43,233.33,232.4663134581428,69878546,0.0000,1.0
2025-08-14,234.055,235.12,230.85,232.78,231.91834931978946,51916275,0.0000,1.0
2025-08-15,234.0,234.28,229.335,231.59,230.73275418407957,56038657,0.0000,1.0
2025-08-18,231.7,233.12,230.11,230.89,230.03534528072078,37476188,0.0000,1.0
2025-08-19,231.275,232.87,229.35,230.56,229.70656679770883,39402564,0.0000,1.0
2025-08-20,229.98,230.47,225.77,226.01,225.17340892587686,42263865,0.0000,1.0
2025-08-21,226.27,226.52,223.7804,224.9,224.06751766483654,30621249,0.0000,1.0
2025-08-22,226.17,229.09,225.41,227.76,226.91693118427375,42477811,0.0000,1.0
2025-08-25,226.48,229.3,226.23,227.16,226.31915212425196,30983133,0.0000,1.0
2025-08-26,226.87,229.49,224.69,229.31,228.46119375599673,54575107,0.0000,1.0
2025-08-27,228.61,230.9,228.26,230.49,229.63682590737295,31259513,0.0000,1.0
2025-08-28,230.82,233.41,229.335,232.56,231.69916366444815,38074700,0.0000,1.0
2025-08-29,232.51,233.38,231.37,232.14,231.28071832243288,39418437,0.0000,1.0
2025-09-02,229.25,230.85,226.97,229.72,228.8696761136783,44075638,0.0000,1.0
2025-09-03,237.21,238.85,234.36,238.47,237.58728740566283,66061716,0.0000,1.0
2025-09-04,238.45,239.8999,236.74,239.78,238.8924383533771,47549429,0.0000,1.0
2025-09-05,239.995,241.32,238.4901,239.69,238.80277149437381,54870397,0.0000,1.0
2025-09-08,239.3,240.15,236.34,237.88,236.9994713299747,48999495,0.0000,1.0
2025-09-09,237.0,238.7805,233.36,234.35,233.48253786017983,66313918,0.0000,1.0
2025-09-10,232.185,232.42,225.95,226.79,225.9505217039052,83440810,0.0000,1.0
2025-09-11,226.875,230.45,226.65,230.03,229.1785286280229,50208578,0.0000,1.0
2025-09-12,229.22,234.51,229.02,234.07,233.20357429883632,55824216,0.0000,1.0
2025-09-15,237.0,238.19,235.03,236.7,235.82383917859852,42699524,0.0000,1.0
2025-09-16,237.175,241.22,236.3235,238.15,237.26847190698453,63421099,0.0000,1.0
2025-09-17,238.97,240.1,237.7301,238.99,238.10536259101505,46508017,0.0000,1.0
2025-09-18,239.97,241.2,236.65,237.88,236.9994713299747,44249576,0.0000,1.0
2025-09-19,241.225,246.3,240.2106,245.5,244.59126539225153,163741314,0.0000,1.0
2025-09-22,248.3,256.64,248.12,256.08,255.13210281730252,105517416,0.0000,1.0
2025-09-23,255.875,257.34,253.58,254.43,253.4882104022426,60275187,0.0000,1.0
2025-09-24,255.22,255.74,251.04,252.31,251.37605772349892,42303710,0.0000,1.0
2025-09-25,253.205,257.17,251.71200000000002,256.87,255.91917857966456,55202075,0.0000,1.0
2025-09-26,254.095,257.6,253.78,255.46,254.51439778861337,46076258,0.0000,1.0
2025-09-29,254.56,255.0,253.01,254.43,253.4882104022426,40127687,0.0000,1.0
2025-09-30,254.855,255.919,253.11,254.63,253.68747008891654,37704259,0.0000,1.0
2025-10-01,255.04,258.79,254.93,255.45,254.50443480427964,48713940,0.0000,1.0
2025-10-02,256.575,258.18,254.15,257.13,256.1782161723407,42630239,0.0000,1.0
2025-10-03,254.665,259.24,253.95,258.02,257.06492177803966,49155614,0.0000,1.0
2025-10-06,257.99,259.07,255.05,256.69,255.73984486165804,44664118,0.0000,1.0
2025-10-07,256.805,257.4,255.43,256.48,255.53062219065043,31955776,0.0000,1.0
2025-10-08,256.52,258.52,256.11,258.06,257.10477371537445,36496895,0.0000,1.0
2025-10-09,257.805,258.0,253.14,254.04,253.09965401322842,38322012,0.0000,1.0
2025-10-10,254.94,256.38,244.0,245.27,244.36211675257653,61999098,0.0000,1.0
2025-10-13,249.38,249.69,245.56,247.66,246.74327000833,38142942,0.0000,1.0
2025-10-14,246.6,248.845,244.7,247.77,246.85286283600067,35477986,0.0000,1.0
2025-10-15,249.485,251.82,247.47,249.34,248.41705137639104,33893611,0.0000,1.0
2025-10-16,248.25,249.04,245.13,247.45,246.53404733732236,39776974,0.0000,1.0
2025-10-17,248.02,253.38,247.27,252.29,251.35613175483152,49146961,0.0000,1.0
2025-10-20,255.885,264.375,255.63,262.24,261.26930116685963,90483029,0.0000,1.0
2025-10-21,261.88,265.29,261.83,262.77,261.7973393365455,46695948,0.0000,1.0
2025-10-22,262.65,262.85,255.43,258.45,257.49333010438863,45015254,0.0000,1.0
2025-10-23,259.94,260.62,258.0101,259.58,258.61914733409634,32754941,0.0000,1.0
2025-10-24,261.19,264.13,259.18,262.82,261.84715425821406,38253717,0.0000,1.0
2025-10-27,264.88,269.12,264.6501,268.81,267.8149818740983,44888152,0.0000,1.0
2025-10-28,268.985,269.89,268.15,269.0,268.00427857643854,41534759,0.0000,1.0
2025-10-29,269.275,271.41,267.11,269.7,268.7016874797973,51086742,0.0000,1.0
2025-10-30,271.99,274.14,268.48,271.4,270.3953948165257,69886534,0.0000,1.0
2025-10-31,276.99,277.32,269.16,270.37,269.369207430155,86167123,0.0000,1.0
2025-11-03,270.42,270.85,266.25,269.05,268.054093498107,50194583,0.0000,1.0
2025-11-04,268.325,271.486,267.615,270.04,269.040428947143,49274846,0.0000,1.0
2025-11-05,268.61,271.7,266.93,270.14,269.14005879047994,42586288,0.0000,1.0
2025-11-06,267.89,273.4,267.89,269.77,268.77142837013315,51204045,0.0000,1.0
2025-11-07,269.795,272.29,266.77,268.47,267.47624040675265,48227365,0.0000,1.0
2025-11-10,268.96,273.73,267.455,269.43,268.6917244954636,41312412,0.2600,1.0
2025-11-11,269.81,275.91,269.8,275.25,274.4957768896424,46208318,0.0000,1.0
2025-11-12,275.0,275.73,271.7,273.47,272.72065433609635,48397982,0.0000,1.0
2025-11-13,274.11,276.699,272.09,272.95,272.20207920809406,49602794,0.0000,1.0
2025-11-14,271.05,275.96,269.6,272.41,271.663558882861,47431331,0.0000,1.0
2025-11-17,268.815,270.49,265.73,267.46,266.72712256822433,45018260,0.0000,1.0
2025-11-18,269.99,270.71,265.32,267.44,266.7071773709935,45677278,0.0000,1.0
2025-11-19,265.525,272.21,265.5,268.56,267.8241084159214,40424492,0.0000,1.0
2025-11-20,270.83,275.43,265.92,266.25,265.5204381357576,45823568,0.0000,1.0
2025-11-21,265.95,273.33,265.67,271.49,270.74607981024167,59030832,0.0000,1.0
2025-11-24,270.9,277.0,270.9,275.92,275.1639409968761,65585796,0.0000,1.0
2025-11-25,275.27,280.38,275.25,276.97,276.21106385149596,46914220,0.0000,1.0
2025-11-26,276.96,279.53,276.63,277.55,276.78947457119074,33431423,0.0000,1.0
2025-11-28,277.26,279.0,275.9865,278.85,278.08591239119636,20135620,0.0000,1.0
2025-12-01,278.01,283.42,276.14,283.1,282.324266802753,46587722,0.0000,1.0
2025-12-02,283.0,287.4,282.6301,286.19,285.4057997749201,53669532,0.0000,1.0
2025-12-03,286.2,288.62,283.3,284.15,283.3713896573729,43538687,0.0000,1.0
2025-12-04,284.095,284.73,278.59,280.7,279.9308431350504,43989056,0.0000,1.0
2025-12-05,280.54,281.14,278.05,278.78,278.0161042008883,47265845,0.0000,1.0
2025-12-08,278.13,279.6693,276.15,277.89,277.12854292411527,36406317,0.0000,1.0
2025-12-09,278.16,280.03,276.92,277.18,276.4204884224199,31753410,0.0000,1.0
2025-12-10,277.75,279.75,276.44,278.78,278.0161042008883,33038318,0.0000,1.0
2025-12-11,279.095,279.59,273.81,278.03,277.2681593047312,33247986,0.0000,1.0
2025-12-12,277.9,279.22,276.82,278.28,277.5174742701169,39532887,0.0000,1.0
2025-12-15,280.15,280.15,272.84,274.11,273.35890064748367,50409078,0.0000,1.0
2025-12-16,272.82,275.5,271.79,274.61,273.8575305782551,37648628,0.0000,1.0
2025-12-17,275.01,276.16,271.64,271.84,271.0951207617816,50138743,0.0000,1.0
2025-12-18,273.605,273.63,266.95,272.19,271.4441617133216,51630721,0.0000,1.0
2025-12-19,272.145,274.6,269.9,273.67,272.92010630840485,144632048,0.0000,1.0
2025-12-22,272.86,273.88,270.505,270.97,270.22750468223944,36571827,0.0000,1.0
2025-12-23,270.84,272.5,269.56,272.36,271.61369588978386,29641999,0.0000,1.0
2025-12-24,272.34,275.43,272.195,273.81,273.0597226890209,17910574,0.0000,1.0
2025-12-26,274.16,275.37,272.86,273.4,272.6508461457883,21521802,0.0000,1.0
2025-12-29,272.69,274.36,272.35,273.76,273.0098596959437,23715213,0.0000,1.0
2025-12-30,272.81,274.08,272.28,273.08,272.33172299009465,22139617,0.0000,1.0
2025-12-31,273.06,273.68,271.75,271.86,271.1150659590125,27293639,0.0000,1.0
2026-01-02,272.255,277.84,269.0,271.01,270.2673950767011,37838054,0.0000,1.0
2026-01-05,270.64,271.51,266.14,267.26,266.5276705959158,45647190,0.0000,1.0
2026-01-06,267.0,267.55,262.12,262.36,261.64109727435635,52352090,0.0000,1.0
2026-01-07,263.2,263.68,259.81,260.33,259.61665975542456,48309804,0.0000,1.0
2026-01-08,257.02,259.29,255.7,259.04,258.33019453403443,50419337,0.0000,1.0
2026-01-09,259.075,260.21,256.22,259.37,258.6592902883435,39996967,0.0000,1.0
2026-01-12,259.16,261.3,256.8,260.25,259.53687896650115,45263767,0.0000,1.0
2026-01-13,258.72,261.81,258.39,261.05,260.33468685573536,45730847,0.0000,1.0
2026-01-14,259.49,261.82,256.71,259.96,259.24767360665373,40019421,0.0000,1.0
2026-01-15,260.65,261.04,257.05,258.21,257.5024688489539,39388564,0.0000,1.0
2026-01-16,257.9,258.9,254.93,255.53,254.82981242001935,72142773,0.0000,1.0
2026-01-20,252.73,254.79,243.42,246.7,246.02400784259683,77280987,0.0000,1.0
2026-01-21,248.7,251.56,245.18,247.65,246.97140471106246,54641725,0.0000,1.0
2026-01-22,249.2,251.0,248.15,248.35,247.6694866141424,39708340,0.0000,1.0
2026-01-23,247.32,249.41,244.68,248.04,247.36033605706413,41688982,0.0000,1.0
2026-01-26,251.48,256.56,249.8,255.41,254.7101412366342,55969234,0.0000,1.0
2026-01-27,259.17,261.95,258.21,258.27,257.56230444064647,48787855,0.0000,1.0
2026-01-28,257.65,258.855,254.51,256.44,255.73731889402325,41287971,0.0000,1.0
2026-01-29,258.0,259.65,254.41,258.28,257.5722770392619,67253009,0.0000,1.0
2026-01-30,255.165,261.8999,252.18,259.48,258.76898887311324,92443408,0.0000,1.0
2026-02-02,260.03,270.49,259.205,270.01,269.2701352151584,73913425,0.0000,1.0
2026-02-03,269.2,271.875,267.61,269.48,268.74158748854074,63799388,0.0000,1.0
2026-02-04,272.285,278.95,272.285,276.49,275.7323791179554,90545710,0.0000,1.0
2026-02-05,278.13,279.5,273.23,275.91,275.15396839826064,52977441,0.0000,1.0
2026-02-06,277.12,280.905,276.925,278.12,277.35791269227013,50453414,0.0000,1.0
2026-02-09,277.905,278.2,271.7,274.62,274.1267907408716,44623396,0.2600,1.0
2026-02-10,274.885,275.37,272.94,273.68,273.1884789525954,34376898,0.0000,1.0
2026-02-11,274.695,280.18,274.45,275.5,275.005210287343,51931283,0.0000,1.0
2026-02-12,275.59,275.72,260.18,261.73,261.25994079312625,81077229,0.0000,1.0
2026-02-13,262.01,262.23,255.45,255.78,255.32062681414368,56290673,0.0000,1.0
2026-02-17,258.05,266.29,255.54,263.88,263.4060794578006,58469094,0.0000,1.0
2026-02-18,263.6,266.82,262.45,264.35,263.8752353519387,34203337,0.0000,1.0
2026-02-19,262.6,264.48,260.05,260.58,260.11200615853295,30845294,0.0000,1.0
2026-02-20,258.97,264.75,258.16,264.58,264.10482227885734,42070499,0.0000,1.0
2026-02-23,263.49,269.43,263.381,266.18,265.70194872698715,37308155,0.0000,1.0
2026-02-24,267.86,274.89,267.71,272.14,271.6512447462705,47014619,0.0000,1.0
2026-02-25,271.78,274.94,271.05,274.23,273.73749116914,33714342,0.0000,1.0
2026-02-26,274.945,276.11,270.795,272.95,272.45979001063614,32345114,0.0000,1.0
2026-02-27,272.81,272.81,262.89,264.18,263.70554066682496,72366505,0.0000,1.0
2026-03-02,262.41,266.53,260.2,264.72,264.24457084306874,41827946,0.0000,1.0
2026-03-03,263.48,265.56,260.13,263.75,263.27631293389004,38568921,0.0000,1.0
2026-03-04,264.65,266.15,261.42,262.52,262.0485219768903,39803119,0.0000,1.0
2026-03-05,260.79,261.555,257.25,260.29,259.8225269898095,49658626,0.0000,1.0
2026-03-06,258.63,258.77,254.37,257.46,256.99760958467994,41120042,0.0000,1.0
2026-03-09,255.69,261.15,253.6805,259.88,259.41326333747617,38218533,0.0000,1.0
2026-03-10,257.645,262.48,256.95,260.83,260.3615571660532,30590765,0.0000,1.0
2026-03-11,261.09,262.13,259.55,260.81,260.3415930854516,26218927,0.0000,1.0
2026-03-12,258.66,258.95,254.18,255.76,255.30066273354205,40794020,0.0000,1.0
2026-03-13,255.48,256.33,249.52,250.12,249.67079200388466,36929988,0.0000,1.0
2026-03-16,252.105,253.885,249.88,252.82,252.36594288510364,32074209,0.0000,1.0
2026-03-17,252.955,255.13,252.18,254.23,253.77341056751797,32361607,0.0000,1.0
2026-03-18,252.625,254.94,249.0,249.94,249.49111527847006,35757874,0.0000,1.0
2026-03-19,249.4,251.83,247.3,248.96,248.5128753289906,34864082,0.0000,1.0
2026-03-20,247.975,249.1999,246.0,247.99,247.54461741981194,88331081,0.0000,1.0
2026-03-23,253.97,254.6,250.28,251.49,251.03833152509577,40546109,0.0000,1.0
2026-03-24,250.35,254.825,249.55,251.64,251.1880621296079,45152288,0.0000,1.0
2026-03-25,254.095,255.0,251.6,252.62,252.16630207908742,28476668,0.0000,1.0
2026-03-26,252.115,257.0,250.77,252.89,252.4358171672093,41796650,0.0000,1.0
2026-03-27,253.9,255.493,248.07,248.8,248.35316268417762,47899998,0.0000,1.0
2026-03-30,250.07,250.87,245.51,246.63,246.18705993890163,39446213,0.0000,1.0
2026-03-31,247.91,255.48,247.101,253.79,253.33420079428228,49598091,0.0000,1.0
2026-04-01,254.08,256.18,253.33,255.63,255.1708962096315,40059432,0.0000,1.0
2026-04-02,254.2,256.13,250.65,255.92,255.46037537835502,31289369,0.0000,1.0
2026-04-06,256.51,262.16,256.46,258.86,258.3950952267935,29329911,0.0000,1.0
2026-04-07,256.155,256.2,245.7,253.5,253.0447216255588,62148008,0.0000,1.0
2026-04-08,258.45,259.7499,256.53,258.9,258.4350233879967,41032772,0.0000,1.0
2026-04-09,259.0,261.12,256.07,260.49,260.0221677958257,28121574,0.0000,1.0
2026-04-10,259.98,262.19,259.023123,260.48,260.01218575552485,31291473,0.0000,1.0
2026-04-13,259.73,260.18,256.66,259.2,258.73448459702104,36234698,0.0000,1.0
2026-04-14,259.245,261.93,257.19,258.83,258.365149105891,48370710,0.0000,1.0
2026-04-15,258.16,266.56,257.81,266.43,265.9514997345074,49913510,0.0000,1.0
2026-04-16,266.8,267.16,261.27,263.4,262.9269415233616,43323112,0.0000,1.0
2026-04-17,266.96,272.3,266.72,270.23,269.7446750488156,61436228,0.0000,1.0
2026-04-20,270.33,274.275,270.29,273.05,272.5596104136443,36590169,0.0000,1.0
2026-04-21,271.5,272.8,265.4,266.17,265.6919666866863,50209755,0.0000,1.0
2026-04-22,267.82,273.74,266.87,273.17,272.67939489725404,43249204,0.0000,1.0
2026-04-23,275.045,275.77,271.65,273.43,272.9389279450751,33399639,0.0000,1.0
2026-04-24,272.755,273.06,269.65,271.06,270.5731843937829,38157110,0.0000,1.0
2026-04-27,266.09,268.36,265.07,267.61,267.1293804900031,41466762,0.0000,1.0
2026-04-28,272.335,273.23,268.66,270.71,270.2238129832545,40018940,0.0000,1.0
2026-04-29,267.55,271.04,267.04,270.17,269.6847828070107,30047869,0.0000,1.0
2026-04-30,270.5,276.0,268.14,271.35,270.86266356250644,91848230,0.0000,1.0
2026-05-01,278.855,287.22,278.37,280.14,279.6368769869193,79915442,0.0000,1.0
2026-05-04,279.655,280.63,274.8601,276.83,276.33282164735084,46668401,0.0000,1.0
2026-05-05,276.925,284.57,276.501,284.18,283.6696212684469,49311712,0.0000,1.0
2026-05-06,281.915,288.03,281.07,287.51,286.99364068861695,58336072,0.0000,1.0
2026-05-07,289.27,292.13,285.78,287.44,286.92376640651133,45224300,0.0000,1.0
2026-05-08,290.01,294.76,290.0,293.32,292.7932061033882,52692761,0.0000,1.0
2026-05-11,291.97900000000004,293.88,290.23,292.68,292.4238706122581,42247285,0.2700,1.0
2026-05-12,292.56,295.27,292.56,294.8,294.5420153631738,45748129,0.0000,1.0
2026-05-13,293.5,300.92,293.5,298.87,298.6084536349788,52684260,0.0000,1.0
2026-05-14,299.82,300.45,295.38,298.21,297.9490312125239,35324922,0.0000,1.0
2026-05-15,297.9,303.2,296.52,300.23,299.9672634751888,54862836,0.0000,1.0
2026-05-18,300.24,300.66,294.91,297.84,297.57935500599615,34482959,0.0000,1.0
2026-05-19,296.97,300.51,296.35,298.97,298.70836612322955,42243561,0.0000,1.0
2026-05-20,298.18,302.8,298.08,302.25,301.9854957378537,37307876,0.0000,1.0
2026-05-21,301.055,305.54,300.4,304.99,304.7230979159239,42965126,0.0000,1.0
2026-05-22,306.12,311.4,305.84,308.82,308.54974621592714,43670223,0.0000,1.0
2026-05-26,309.56,311.82,307.67,308.33,308.0601750234985,48000493,0.0000,1.0
2026-05-27,308.33,313.26,308.3,310.85,310.5779697274171,50430919,0.0000,1.0
2026-05-28,310.68,312.8,309.57,312.51,312.2365170323793,48220390,0.0000,1.0
2026-05-29,311.775,315.0,309.53,312.06,311.78691083525104,70026752,0.0000,1.0
2026-06-01,309.625,310.94,305.02,306.31,306.04194276083365,48849933,0.0000,1.0
2026-06-02,307.46,315.45,306.685,315.2,314.92416296632416,44534716,0.0000,1.0
2026-06-03,314.175,316.94,308.85,310.26,309.98848604673776,50836705,0.0000,1.0
2026-06-04,313.23,313.54,309.65,311.23,310.95763718276993,44869134,0.0000,1.0
2026-06-05,312.86,315.17,307.15,307.34,307.0710413898162,65310502,0.0000,1.0
2026-06-08,308.73900000000003,317.4,301.17,301.54,301.27611707127346,77949082,0.0000,1.0
2026-06-09,300.275,300.75,287.78,290.55,290.29573461251744,70108847,0.0000,1.0
2026-06-10,290.74,294.75,287.38,291.58,291.3248332415,52793266,0.0000,1.0
2026-06-11,293.72,297.0,289.59,295.63,295.37128901565484,42572497,0.0000,1.0
2026-06-12,296.03,297.14,289.62,291.13,290.8752270443717,38784789,0.0000,1.0
2026-06-15,294.12,297.78,291.7,296.42,296.1605976728357,45732573,0.0000,1.0
2026-06-16,295.245,300.48,293.97,299.24,298.9781298415065,39874404,0.0000,1.0
2026-06-17,300.845,302.07,294.36,295.95,295.6910089780572,42745060,0.0000,1.0
2026-06-18,298.11,300.57,295.62,298.01,297.7492062360224,85962201,0.0000,1.0
2026-06-22,297.31,302.42,296.76,297.01,296.75008135351504,44879914,0.0000,1.0
2026-06-23,297.538,301.64,294.18,294.3,294.0424529219201,52010929,0.0000,1.0
2026-06-24,295.355,299.7,292.94,293.08,292.82352056526105,53081859,0.0000,1.0
2026-06-25,287.4,288.8,273.75,275.15,274.9092114219038,107253659,0.0000,1.0
2026-06-26,275.0,285.95,274.21,283.78,283.53165915794244,261775450,0.0000,1.0
2026-06-29,286.73,288.3697,279.85,281.74,281.49344439762746,66427002,0.0000,1.0
2026-06-30,281.17,289.94,280.695,289.36,289.1067760023337,65100155,0.0000,1.0
2026-07-01,293.44,296.59,289.195,294.38,294.12238291252066,50164232,0.0000,1.0
2026-07-02,294.12,309.42,293.68,308.63,308.3599124882507,75400626,0.0000,1.0
2026-07-06,307.36,314.2,307.0,312.66,312.38638576475546,53589977,0.0000,1.0
2026-07-07,315.29,315.48,310.15,310.66,310.3881359997407,42490002,0.0000,1.0
2026-07-08,311.91,314.82,307.05,313.39,313.1157469289858,41323480,0.0000,1.0
2026-07-09,310.51,316.53,308.16,316.22,315.9432703464817,48124490,0.0000,1.0
2026-07-10,314.72,316.91,312.17,315.32,315.04405795222505,34132321,0.0000,1.0
2026-07-13,317.015,323.45,315.78,317.31,317.0323164684147,43257804,0.0000,1.0
2026-07-14,313.76,316.19,311.91,314.86,314.5844605062717,36336829,0.0000,1.0
2026-07-15,317.615,328.73,317.32,327.5,327.2133990211649,60957644,0.0000,1.0
2026-07-16,328.005,334.68,326.79,333.26,332.9683583444073,62970617,0.0000,1.0
2026-07-17,331.98,334.99,329.0006,333.74,333.4479382880109,63407059,0.0000,1.0
2026-07-20,333.505,333.71,323.68,326.59,326.30419537808314,53468008,0.0000,1.0
2026-07-21,323.13,329.6,322.2204,327.74,327.45318899296666,41338917,0.0000,1.0
2026-07-22,327.87,328.9995,323.34,325.89,325.604807960328,38755929,0.0000,1.0
2026-07-23,321.73,323.3,319.35,321.66,321.3785097073218,40840778,0.0000,1.0
2026-07-24,321.79,334.37,321.62,333.02,332.72856837260554,47489415,0.0000,1.0
2026-07-27,334.54,339.57,334.02,336.91,336.6151641655593,49604297,0.0000,1.0
2026-07-28,340.03,342.89,335.6,340.08,339.7823900431076,51859042,0.0000,1.0
2026-07-29,339.73,344.5699,337.3501,338.19,337.8940440151687,56090840,0.0000,1.0
2026-07-30,333.1,334.75,329.59,333.43,333.1382095744336,74817792,0.0000,1.0
2026-07-31,304.81,310.69,300.0,308.91,308.6396674553528,132489137,0.0000,1.0
2026-08-03,309.58,311.8,302.56,303.42,303.1544718503873,75051951,0.0000,1.0
2026-08-04,302.725,310.42,301.32,309.38,309.1092561501313,68000969,0.0000,1.0
2026-08-05,309.36,311.71,305.67,311.0,310.7278384597932,49438763,0.0000,1.0
2026-08-06,314.34,316.2894,309.23,312.41,312.1366045441286,46139901,0.0000,1.0
2026-08-07,311.45,314.81,310.74,313.33,313.0557994360354,34437191,0.0000,1.0
2026-08-10,306.83,308.26,304.61,308.26,308.26,44812503,0.2700,1.0
2026-08-11,307.75,309.97,302.79,304.91,304.91,37476746,0.0000,1.0
2026-08-12,305.1,305.66,300.57,302.25,302.25,41657768,0.0000,1.0
2026-08-13,304.21,306.0,302.05,305.26,305.26,40349289,0.0000,1.0
2026-08-14,306.0,307.49,304.3,305.93,305.93,28229375,0.0000,1.0
2026-08-17,306.21,307.66,302.939,305.59,305.59,38169263,0.0000,1.0
2026-08-18,307.58,311.49,305.74,310.03,310.03,53424535,0.0000,1.0
2026-08-19,310.14,319.2799,309.6,316.83,316.83,50505646,0.0000,1.0
2026-08-20,317.455,320.28,310.65,311.3,311.3,40959184,0.0000,1.0
2026-08-21,312.05,312.38,307.01,309.35,309.35,46876815,0.0000,1.0
2026-08-24,311.47,313.36,309.97,310.34,310.34,34673582,0.0000,1.0
2026-08-25,310.79,313.59,308.21,309.9,309.9,25869807,0.0000,1.0
2026-08-26,310.3,315.43,308.8001,313.45,313.45,34024486,0.0000,1.0
2026-08-27,310.545,315.4,309.4001,314.58,314.58,32419233,0.0000,1.0
2026-08-28,316.845,322.37,315.4504,319.7,319.7,38649398,0.0000,1.0
2026-08-31,319.6,321.235,312.8,316.85,316.85,41242724,0.0000,1.0
2026-09-01,316.98,327.3,314.73,325.13,325.13,53167388,0.0000,1.0
2026-09-02,326.865,328.4,323.53,324.96,324.96,33776370,0.0000,1.0
2026-09-03,324.87,330.81,324.11,328.21,328.21,37225838,0.0000,1.0
2026-09-04,328.305,328.93,317.86,319.97,319.97,39606884,0.0000,1.0
2026-09-08,317.1,320.7,314.9,316.22,316.22,35477090,0.0000,1.0
2026-09-09,315.485,319.15,309.9,315.34,315.34,65639962,0.0000,1.0
2026-09-10,316.67,326.74,316.51,326.57,326.57,70011913,0.0000,1.0
2026-09-11,327.45,336.22,326.3,332.27,332.27,50716865,0.0000,1.0
