date,open,high,low,close,adj_close,volume,dividend,split
1999-11-01,98.5,98.81,96.37,96.75,46.80395455352345,9551800,0.0000,1.0
1999-11-02,96.75,96.81,93.69,94.81,45.865456653432126,11105400,0.0000,1.0
1999-11-03,95.87,95.94,93.5,94.37,45.65260145959698,10369100,0.0000,1.0
1999-11-04,94.44,94.44,90.0,91.56,44.29323078987707,16697600,0.0000,1.0
1999-11-05,92.75,92.94,90.19,90.25,43.659502826413345,13737600,0.0000,1.0
1999-11-08,90.5,93.94,90.5,93.94,45.50263530030404,8522300,0.1200,1.0
1999-11-09,95.06,95.5,92.12,93.62,45.34763377490382,9551200,0.0000,1.0
1999-11-10,94.62,97.06,94.12,97.0,46.98483738694371,8680300,0.0000,1.0
1999-11-11,97.5,97.5,94.87,95.0,46.01607785319229,7147500,0.0000,1.0
1999-11-12,96.0,96.25,93.0,95.87,46.437488250374166,9668400,0.0000,1.0
1999-11-15,96.0,96.37,93.87,94.06,45.56076087232913,6259400,0.0000,1.0
1999-11-16,94.62,95.0,93.0,94.62,45.83201354177953,8537400,0.0000,1.0
1999-11-17,94.87,94.87,92.62,93.75,45.41060314459766,8355100,0.0000,1.0
1999-11-18,94.0,98.25,93.56,98.0,47.46921715381942,18720500,0.0000,1.0
1999-11-19,99.0,105.12,98.37,103.94,50.34643296906113,19678400,0.0000,1.0
1999-11-22,105.5,108.44,104.44,107.87,52.25004545288267,13681600,0.0000,1.0
1999-11-23,108.81,109.87,106.0,106.06,51.373318074837634,10665200,0.0000,1.0
1999-11-24,105.0,105.0,101.81,104.5,50.617685638511524,9710400,0.0000,1.0
1999-11-26,105.94,106.0,104.12,105.0,50.85987552194938,3108400,0.0000,1.0
1999-11-29,104.94,104.94,103.37,104.19,50.467527910780056,5677700,0.0000,1.0
1999-11-30,103.69,104.5,102.12,103.06,49.920178774210505,5758700,0.0000,1.0
1999-12-01,102.56,104.44,102.25,103.42,50.094555490285764,5336400,0.0000,1.0
1999-12-02,103.44,106.31,103.37,105.27,50.99065805900582,6216900,0.0000,1.0
1999-12-03,109.81,112.87,107.94,111.87,54.1875645203855,14680300,0.0000,1.0
1999-12-06,113.0,116.5,112.5,116.0,56.18805295758217,9928300,0.0000,1.0
1999-12-07,117.0,119.19,115.44,116.62,56.48836841304511,11326100,0.0000,1.0
1999-12-08,116.25,121.0,115.5,118.28,57.292438826058785,8139800,0.0000,1.0
1999-12-09,120.5,122.12,112.25,113.37,54.91413417069906,16643000,0.0000,1.0
1999-12-10,111.62,111.94,107.56,109.0,52.79739458945221,12588800,0.0000,1.0
1999-12-13,108.12,112.75,106.56,109.7,53.13646042626521,7135200,0.0000,1.0
1999-12-14,110.19,110.19,106.87,109.25,52.91848953117114,7437900,0.0000,1.0
1999-12-15,107.75,107.94,104.5,107.0,51.82863505570079,9437900,0.0000,1.0
1999-12-16,108.0,109.69,105.75,109.19,52.889426745158595,7122300,0.0000,1.0
1999-12-17,110.69,111.06,108.62,110.0,53.28177435632792,7676800,0.0000,1.0
1999-12-20,109.06,110.44,107.75,109.2,52.89427054282736,4836300,0.0000,1.0
1999-12-21,108.5,110.12,108.06,110.12,53.339899928353006,4773500,0.0000,1.0
1999-12-22,109.87,110.31,108.0,108.0,52.313014822576505,4005600,0.0000,1.0
1999-12-23,109.12,110.44,108.19,108.62,52.61333027803944,4528700,0.0000,1.0
1999-12-27,109.69,110.0,108.12,109.75,53.16067941460899,3740700,0.0000,1.0
1999-12-28,109.56,110.75,109.06,109.81,53.18974220062154,4083100,0.0000,1.0
1999-12-29,110.44,110.5,108.75,109.0,52.79739458945221,2683300,0.0000,1.0
1999-12-30,109.69,110.5,108.56,108.75,52.67629964773329,3435100,0.0000,1.0
1999-12-31,109.19,109.5,106.62,107.87,52.25004545288267,2870300,0.0000,1.0
2000-01-03,112.44,116.0,111.87,116.0,56.18805295758217,10347700,0.0000,1.0
2000-01-04,114.0,114.5,110.87,112.06,54.27959667609188,8227800,0.0000,1.0
2000-01-05,112.94,119.75,112.12,116.0,56.18805295758217,12733200,0.0000,1.0
2000-01-06,118.0,118.94,113.5,114.0,55.219293423830756,7971900,0.0000,1.0
2000-01-07,117.25,117.94,110.62,113.5,54.977103540392896,11856700,0.0000,1.0
2000-01-10,117.25,119.37,115.37,118.0,57.15681249133359,8540500,0.0000,1.0
2000-01-11,117.87,121.12,116.62,119.0,57.641192258209294,7873300,0.0000,1.0
2000-01-12,119.62,122.0,118.25,119.5,57.88338214164715,6803800,0.0000,1.0
2000-01-13,119.94,121.0,115.75,118.25,57.27790743305251,8489700,0.0000,1.0
2000-01-14,120.94,123.31,117.5,119.62,57.94150771367224,10956600,0.0000,1.0
2000-01-18,119.69,119.75,115.0,115.75,56.06695801586324,7643900,0.0000,1.0
2000-01-19,115.56,122.0,112.69,119.5,57.88338214164715,8634500,0.0000,1.0
2000-01-20,123.0,124.75,119.0,119.0,57.641192258209294,17783400,0.0000,1.0
2000-01-21,121.87,123.0,119.94,121.5,58.85214167539856,7868700,0.0000,1.0
2000-01-24,121.87,122.87,116.56,121.5,58.85214167539856,6499200,0.0000,1.0
2000-01-25,116.75,119.5,116.0,119.12,57.699317830234385,6936900,0.0000,1.0
2000-01-26,119.06,119.94,116.0,116.75,56.551337782738955,4895100,0.0000,1.0
2000-01-27,118.0,118.44,111.62,113.5,54.977103540392896,8324600,0.0000,1.0
2000-01-28,112.75,114.19,110.06,111.56,54.037406792654025,6669400,0.0000,1.0
2000-01-31,111.37,112.81,109.62,112.25,54.37162883179826,6202700,0.0000,1.0
2000-02-01,112.37,113.44,109.12,110.0,53.28177435632792,7304700,0.0000,1.0
2000-02-02,112.0,115.81,110.37,113.5,54.977103540392896,7707700,0.0000,1.0
2000-02-03,115.0,117.5,114.06,117.12,56.73055829648297,6213800,0.0000,1.0
2000-02-04,118.19,118.44,114.81,115.62,56.003988646169404,5405300,0.0000,1.0
2000-02-07,116.0,116.87,113.12,114.12,55.27741899585584,5779500,0.0000,1.0
2000-02-08,116.94,119.0,116.19,118.81,57.607285674528,5464300,0.1200,1.0
2000-02-09,119.0,119.75,117.0,117.37,56.90907431713956,5374700,0.0000,1.0
2000-02-10,117.69,119.12,116.87,119.12,57.75759506396579,4446600,0.0000,1.0
2000-02-11,119.06,119.44,114.56,115.37,55.939336320766735,5749400,0.0000,1.0
2000-02-14,116.0,116.37,114.5,116.06,56.273895929515355,4544000,0.0000,1.0
2000-02-15,115.87,117.44,113.87,117.12,56.78785706759296,5177500,0.0000,1.0
2000-02-16,116.5,117.31,115.25,115.75,56.12358654007757,3966900,0.0000,1.0
2000-02-17,116.5,118.87,115.75,116.75,56.60845553826398,5237500,0.0000,1.0
2000-02-18,115.25,115.94,111.5,112.5,54.547762295971715,7673400,0.0000,1.0
2000-02-22,112.0,113.44,108.75,111.0,53.820458798692094,7654800,0.0000,1.0
2000-02-23,110.5,110.5,108.5,108.75,52.72950355277266,7435300,0.0000,1.0
2000-02-24,108.81,111.0,108.19,110.5,53.57802429959889,9112000,0.0000,1.0
2000-02-25,109.87,109.87,104.94,108.0,52.36585180413285,10312200,0.0000,1.0
2000-02-28,104.62,106.5,103.94,104.5,50.668810310480396,8479900,0.0000,1.0
2000-02-29,105.56,105.56,100.94,102.75,49.82028956365417,10484900,0.0000,1.0
2000-03-01,102.0,105.5,100.06,100.25,48.60811706818813,10807800,0.0000,1.0
2000-03-02,100.5,105.44,99.5,103.12,49.99969109298315,11192900,0.0000,1.0
2000-03-03,107.25,110.0,106.06,108.0,52.36585180413285,10162800,0.0000,1.0
2000-03-06,109.94,111.0,101.0,103.06,49.97059895309196,10747400,0.0000,1.0
2000-03-07,106.0,107.0,101.69,103.0,49.941506813200775,10035100,0.0000,1.0
2000-03-08,103.0,106.87,102.75,106.25,51.51733105730662,8376400,0.0000,1.0
2000-03-09,106.5,108.0,104.12,108.0,52.36585180413285,6334100,0.0000,1.0
2000-03-10,107.62,109.0,105.0,105.25,51.032462059120206,7093200,0.0000,1.0
2000-03-13,104.0,109.0,102.5,107.69,52.21554241469506,7871000,0.0000,1.0
2000-03-14,107.75,110.0,107.37,108.62,52.66647058300843,7973700,0.0000,1.0
2000-03-15,107.5,108.25,106.12,107.0,51.88098280594644,5665900,0.0000,1.0
2000-03-16,109.0,109.81,107.87,109.0,52.850720802319266,6622500,0.0000,1.0
2000-03-17,108.25,111.69,107.69,110.0,53.33558980050568,8857300,0.0000,1.0
2000-03-20,110.0,113.37,109.94,112.75,54.668979545518326,6563500,0.0000,1.0
2000-03-21,112.81,114.69,111.94,113.5,55.032631294158136,6771600,0.0000,1.0
2000-03-22,114.5,115.37,113.87,114.25,55.39628304279795,6137800,0.0000,1.0
2000-03-23,115.87,115.87,111.62,115.25,55.88115204098436,6492400,0.0000,1.0
2000-03-24,115.37,122.25,115.06,120.62,58.484898561245416,12125600,0.0000,1.0
2000-03-27,125.0,128.25,124.62,126.87,61.51532979991051,11862900,0.0000,1.0
2000-03-28,125.75,127.0,122.06,122.5,59.39645227783587,8149600,0.0000,1.0
2000-03-29,122.31,122.44,118.5,119.0,57.69941078418342,7312300,0.0000,1.0
2000-03-30,118.87,123.0,118.69,122.75,59.51766952738247,9158000,0.0000,1.0
2000-03-31,122.62,123.75,117.06,118.37,57.39394331532598,8015200,0.0000,1.0
2000-04-03,120.0,122.37,119.44,122.0,59.15401777874266,7715600,0.0000,1.0
2000-04-04,121.5,126.94,115.06,121.19,58.76127389021167,16667200,0.0000,1.0
2000-04-05,120.5,125.75,119.75,125.0,60.60862477330191,8693500,0.0000,1.0
2000-04-06,123.5,128.0,122.62,122.75,59.51766952738247,8887400,0.0000,1.0
2000-04-07,123.5,125.69,121.5,123.12,59.69707105671145,5380300,0.0000,1.0
2000-04-10,124.75,125.37,121.56,122.12,59.21220205852504,5507300,0.0000,1.0
2000-04-11,121.62,121.62,117.81,119.37,57.87881231351239,7738700,0.0000,1.0
2000-04-12,119.62,119.62,111.69,113.75,55.15384854370474,8885200,0.0000,1.0
2000-04-13,112.5,114.31,110.0,110.62,53.63620857938126,8236400,0.0000,1.0
2000-04-14,109.81,112.75,102.87,105.0,50.9112448095736,11782000,0.0000,1.0
2000-04-17,103.87,112.25,103.31,111.87,54.24229482711428,9969500,0.0000,1.0
2000-04-18,112.25,115.12,110.06,111.5,54.0628932977853,8205500,0.0000,1.0
2000-04-19,109.75,109.75,102.81,105.0,50.9112448095736,14674500,0.0000,1.0
2000-04-20,105.0,105.25,102.06,104.0,50.42637581138719,10633300,0.0000,1.0
2000-04-24,102.0,107.19,101.25,106.5,51.638548306853224,8523100,0.0000,1.0
2000-04-25,106.5,113.0,106.44,112.5,54.547762295971715,9576400,0.0000,1.0
2000-04-26,112.5,113.94,109.0,110.5,53.57802429959889,6182800,0.0000,1.0
2000-04-27,109.5,113.12,108.69,110.62,53.63620857938126,6317500,0.0000,1.0
2000-04-28,112.0,112.69,110.12,111.5,54.0628932977853,4888600,0.0000,1.0
2000-05-01,112.5,113.19,110.44,112.0,54.30532779687851,4196100,0.0000,1.0
2000-05-02,111.0,113.62,110.69,111.37,53.99986032802107,4085000,0.0000,1.0
2000-05-03,110.5,111.12,106.56,108.12,52.42403608391522,5543800,0.0000,1.0
2000-05-04,109.12,109.19,107.19,107.62,52.18160158482201,3631300,0.0000,1.0
2000-05-05,106.62,109.62,106.5,107.87,52.302818834368615,4695100,0.0000,1.0
2000-05-08,108.06,110.37,107.62,109.75,53.277405520723306,4826900,0.1300,1.0
2000-05-09,110.5,110.62,108.25,109.0,52.91332302285959,4864900,0.0000,1.0
2000-05-10,105.5,105.69,102.06,103.0,50.00066303994989,10012700,0.0000,1.0
2000-05-11,104.0,107.5,103.19,104.44,50.69970143584822,8106200,0.0000,1.0
2000-05-12,103.75,105.75,103.25,104.44,50.69970143584822,5599700,0.0000,1.0
2000-05-15,104.0,104.87,102.0,104.19,50.578340603226984,5907800,0.0000,1.0
2000-05-16,105.12,109.25,105.0,109.0,52.91332302285959,7265800,0.0000,1.0
2000-05-17,107.5,108.87,106.12,107.87,52.36477205941161,5524500,0.0000,1.0
2000-05-18,106.12,107.31,104.69,106.06,51.48611963123384,4577200,0.0000,1.0
2000-05-19,106.06,107.5,105.0,106.44,51.67058809681812,6419200,0.0000,1.0
2000-05-22,106.0,109.25,103.44,109.25,53.034683855480836,6769400,0.0000,1.0
2000-05-23,109.0,110.0,107.12,107.37,52.12205039416913,5978900,0.0000,1.0
2000-05-24,106.5,110.0,104.19,109.62,53.21429788776027,8184200,0.0000,1.0
2000-05-25,110.5,112.25,106.37,106.5,51.69971469664722,5967600,0.0000,1.0
2000-05-26,105.5,107.19,104.56,106.94,51.9133097620606,4296900,0.0000,1.0
2000-05-30,107.75,111.0,107.69,110.94,53.8550830840004,3617500,0.0000,1.0
2000-05-31,110.5,110.75,107.19,107.31,52.09292379434003,3732500,0.0000,1.0
2000-06-01,107.56,108.94,105.5,106.0,51.45699303140474,5712500,0.0000,1.0
2000-06-02,109.0,109.75,107.62,108.81,52.821088790067456,5473300,0.0000,1.0
2000-06-05,108.44,114.19,108.44,112.81,54.762862112007255,7281400,0.0000,1.0
2000-06-06,112.25,114.62,111.25,112.37,54.54926704659388,5369400,0.0000,1.0
2000-06-07,112.5,121.75,111.5,121.0,58.738642988679004,11115500,0.0000,1.0
2000-06-08,119.37,122.31,117.5,119.75,58.131838825572814,9325600,0.0000,1.0
2000-06-09,119.87,120.75,118.87,119.69,58.102712225743716,4739100,0.0000,1.0
2000-06-12,119.12,120.44,118.84,118.84,57.69008539483151,3640300,0.0000,1.0
2000-06-13,118.87,119.94,116.75,119.31,57.918243760159434,4008600,0.0000,1.0
2000-06-14,118.87,120.0,115.5,116.0,56.31142633625425,5282600,0.0000,1.0
2000-06-15,116.0,119.0,115.87,116.81,56.70463543394706,5386300,0.0000,1.0
2000-06-16,116.31,117.69,113.25,113.25,54.976457177420635,8046200,0.0000,1.0
2000-06-19,113.5,120.37,113.25,120.37,58.43281369047349,6059200,0.0000,1.0
2000-06-20,120.0,120.69,115.37,116.37,56.49104036853368,7103800,0.0000,1.0
2000-06-21,115.56,115.94,113.5,114.5,55.583261340526825,6487000,0.0000,1.0
2000-06-22,114.12,114.31,111.25,111.81,54.27741878152231,4853100,0.0000,1.0
2000-06-23,113.5,113.62,110.81,111.87,54.306545381351405,3360900,0.0000,1.0
2000-06-26,113.0,115.75,112.87,114.41,55.53957144078318,3625900,0.0000,1.0
2000-06-27,111.62,112.81,108.75,109.75,53.277405520723306,6607900,0.0000,1.0
2000-06-28,110.0,115.19,109.87,113.78,55.23374214257766,6436600,0.0000,1.0
2000-06-29,111.75,114.37,110.06,114.0,55.34053967528435,7688500,0.0000,1.0
2000-06-30,112.69,113.19,108.62,109.56,53.18517128793117,8612600,0.0000,1.0
2000-07-03,108.75,109.87,108.31,109.5,53.15604468810207,2304400,0.0000,1.0
2000-07-05,105.62,105.62,101.12,105.0,50.971549700919795,14339600,0.0000,1.0
2000-07-06,105.0,105.12,100.0,101.25,49.15113721160123,12932700,0.0000,1.0
2000-07-07,102.69,105.06,101.62,105.06,51.00067630074889,9031700,0.0000,1.0
2000-07-10,104.69,104.94,102.87,103.31,50.15115047240023,4212200,0.0000,1.0
2000-07-11,103.25,104.0,101.0,102.0,49.515219709464944,5619800,0.0000,1.0
2000-07-12,103.19,105.87,102.62,104.62,50.78708123533551,5550500,0.0000,1.0
2000-07-13,105.44,105.94,102.0,104.0,50.48610637043485,5669700,0.0000,1.0
2000-07-14,103.75,104.87,103.12,103.94,50.45697977060575,4020000,0.0000,1.0
2000-07-17,104.44,107.87,104.19,105.5,51.21427136616227,6632700,0.0000,1.0
2000-07-18,104.12,104.81,102.62,103.31,50.15115047240023,6452700,0.0000,1.0
2000-07-19,102.37,109.5,101.0,108.75,52.79196219023836,7781400,0.0000,1.0
2000-07-20,112.0,117.81,111.75,117.25,56.91823049936043,23048400,0.0000,1.0
2000-07-21,117.0,117.0,113.75,114.75,55.70462217314806,8966400,0.0000,1.0
2000-07-24,114.12,115.62,111.62,112.5,54.61237467955692,6814400,0.0000,1.0
2000-07-25,113.25,113.37,110.25,112.0,54.369653014314444,5566900,0.0000,1.0
2000-07-26,111.0,112.37,108.87,109.87,53.3356587203815,6670400,0.0000,1.0
2000-07-27,109.87,111.5,109.31,110.31,53.54925378579488,4047400,0.0000,1.0
2000-07-28,111.12,112.5,108.87,111.81,54.27741878152231,5355600,0.0000,1.0
2000-07-31,110.5,113.69,110.06,112.25,54.49101384693569,5113500,0.0000,1.0
2000-08-01,112.0,112.44,110.25,110.5,53.64148801858702,2996500,0.0000,1.0
2000-08-02,111.0,114.87,110.75,114.25,55.46190050790558,5877900,0.0000,1.0
2000-08-03,113.0,116.5,112.31,116.0,56.31142633625425,5567400,0.0000,1.0
2000-08-04,116.0,116.5,114.31,115.87,56.248318703291204,4460500,0.0000,1.0
2000-08-07,116.62,119.0,115.81,116.31,56.461913768704584,5910700,0.0000,1.0
2000-08-08,115.69,119.62,115.56,118.87,57.7677563277091,5736700,0.1300,1.0
2000-08-09,119.0,120.81,118.75,118.75,57.70943942050522,6585400,0.0000,1.0
2000-08-10,118.75,120.25,117.87,119.75,58.195413647204205,5484100,0.0000,1.0
2000-08-11,119.75,121.81,119.19,120.62,58.618211224432336,6142400,0.0000,1.0
2000-08-14,120.0,123.69,119.31,123.25,59.896323440650676,4949400,0.0000,1.0
2000-08-15,122.06,122.62,120.75,122.0,59.28885565727694,4378100,0.0000,1.0
2000-08-16,121.06,122.94,119.5,122.37,59.468666121155564,5946000,0.0000,1.0
2000-08-17,119.75,122.81,119.5,122.5,59.53184277062643,4338400,0.0000,1.0
2000-08-18,122.37,123.37,120.12,120.44,58.53073586362651,4127500,0.0000,1.0
2000-08-21,121.06,122.19,120.06,121.44,59.0167100903255,3234200,0.0000,1.0
2000-08-22,121.19,122.19,121.0,121.37,58.98269189445658,2769400,0.0000,1.0
2000-08-23,120.31,123.75,119.87,123.25,59.896323440650676,4251200,0.0000,1.0
2000-08-24,123.0,125.44,122.69,124.81,60.654443234301105,5988300,0.0000,1.0
2000-08-25,124.31,129.88,124.25,129.0,62.69067524416988,8279000,0.0000,1.0
2000-08-28,129.88,133.19,129.75,131.5,63.90561081091736,8536600,0.0000,1.0
2000-08-29,131.5,134.25,131.0,132.88,64.57625524376196,6040000,0.0000,1.0
2000-08-30,130.75,131.5,129.56,130.31,63.32730148114556,4928800,0.0000,1.0
2000-08-31,131.88,134.19,131.63,132.02,64.15831740880084,5469500,0.0000,1.0
2000-09-01,133.06,134.94,132.63,133.63,64.9407359137862,5776300,0.0000,1.0
2000-09-05,132.81,133.31,130.81,131.19,63.754958800640665,4112100,0.0000,1.0
2000-09-06,130.88,134.88,130.38,131.44,63.876452357315415,6473000,0.0000,1.0
2000-09-07,131.88,134.5,131.88,133.38,64.81924235711146,4622800,0.0000,1.0
2000-09-08,132.5,132.94,129.38,129.5,62.933662357519374,4993700,0.0000,1.0
2000-09-11,127.87,128.25,123.62,124.5,60.50379122402442,7617700,0.0000,1.0
2000-09-12,124.81,126.87,124.06,125.0,60.74677833737391,5001700,0.0000,1.0
2000-09-13,123.12,128.81,122.75,127.69,62.0540490071942,5473600,0.0000,1.0
2000-09-14,128.0,129.19,126.31,126.87,61.65555014130103,4425500,0.0000,1.0
2000-09-15,126.81,127.25,124.75,125.0,60.74677833737391,5481700,0.0000,1.0
2000-09-18,125.25,126.0,123.06,123.25,59.896323440650676,3932800,0.0000,1.0
2000-09-19,122.75,126.25,122.56,124.94,60.717619883771974,3341000,0.0000,1.0
2000-09-20,124.69,126.56,123.5,124.75,60.62528478069917,4623400,0.0000,1.0
2000-09-21,124.19,126.69,120.0,121.5,59.04586854392744,4302200,0.0000,1.0
2000-09-22,123.0,124.31,121.31,123.87,60.19762746120406,5930100,0.0000,1.0
2000-09-25,124.5,126.62,121.0,123.0,59.77482988397593,4291000,0.0000,1.0
2000-09-26,120.0,121.87,118.37,119.12,57.889249884383844,6217200,0.0000,1.0
2000-09-27,120.06,120.31,115.5,118.0,57.34495875048098,5948900,0.0000,1.0
2000-09-28,117.37,118.87,115.0,115.25,56.00852962705875,5309100,0.0000,1.0
2000-09-29,115.5,116.94,110.25,112.62,54.7304174108404,9594600,0.0000,1.0
2000-10-02,112.62,119.62,112.62,117.81,57.252623647408164,8872200,0.0000,1.0
2000-10-03,118.87,119.37,110.0,110.56,53.72931050384048,11744200,0.0000,1.0
2000-10-04,110.37,114.87,108.56,114.37,55.58087230756364,11668900,0.0000,1.0
2000-10-05,113.81,114.56,111.56,113.19,55.00742272005883,5547000,0.0000,1.0
2000-10-06,114.0,116.12,112.75,116.0,56.37301029708299,6108400,0.0000,1.0
2000-10-09,115.94,119.37,114.31,117.94,57.31580029687903,4898000,0.0000,1.0
2000-10-10,116.62,117.12,112.44,114.87,55.82385942091313,5614200,0.0000,1.0
2000-10-11,111.87,112.94,107.5,112.0,54.42911339028703,8775800,0.0000,1.0
2000-10-12,114.25,114.37,103.12,103.12,50.113662257199984,9704900,0.0000,1.0
2000-10-13,104.19,110.44,104.19,109.06,53.000349163791995,9092600,0.0000,1.0
2000-10-16,111.5,113.12,108.56,111.12,54.00145607079192,7710400,0.0000,1.0
2000-10-17,111.94,113.87,108.56,113.0,54.915087616986014,8882500,0.0000,1.0
2000-10-18,96.75,99.12,90.25,95.44,46.38138019615173,29777800,0.0000,1.0
2000-10-19,98.0,98.5,92.69,96.44,46.86735442285072,17966900,0.0000,1.0
2000-10-20,95.12,96.25,94.19,94.75,46.046057979729426,9369200,0.0000,1.0
2000-10-23,94.75,95.0,91.06,92.87,45.13242643353532,9338600,0.0000,1.0
2000-10-24,93.0,94.37,90.19,91.44,44.43748328935576,8826200,0.0000,1.0
2000-10-25,90.5,90.94,86.94,87.56,42.55190328976368,14058500,0.0000,1.0
2000-10-26,88.0,92.87,87.62,92.75,45.07410952633144,10135700,0.0000,1.0
2000-10-27,93.0,93.69,91.0,93.69,45.530925299428496,6431400,0.0000,1.0
2000-10-30,93.5,93.75,90.31,93.31,45.34625509328288,8084000,0.0000,1.0
2000-10-31,93.75,99.12,93.75,98.5,47.868461329850646,10902600,0.0000,1.0
2000-11-01,98.44,99.87,97.25,98.56,47.89761978345258,7466200,0.0000,1.0
2000-11-02,99.0,102.31,98.5,101.94,49.54021266969517,7445100,0.0000,1.0
2000-11-03,102.5,102.62,99.37,100.12,48.65573957710301,5848500,0.0000,1.0
2000-11-06,99.87,102.37,99.44,100.31,48.74807468017582,4448500,0.0000,1.0
2000-11-07,101.12,103.5,100.69,102.31,49.720023133573804,5420600,0.0000,1.0
2000-11-08,103.62,103.75,99.25,100.0,48.66059931937,6990800,0.1300,1.0
2000-11-09,96.75,100.0,95.69,99.44,48.388099963181524,9047900,0.0000,1.0
2000-11-10,98.0,98.37,93.0,93.0,45.254357367014094,6807900,0.0000,1.0
2000-11-13,91.81,99.44,91.62,97.44,47.41488797679413,8684900,0.0000,1.0
2000-11-14,99.25,99.87,98.5,99.5,48.41729632277315,5150900,0.0000,1.0
2000-11-15,99.5,100.06,97.62,99.37,48.35403754365797,4160300,0.0000,1.0
2000-11-16,99.25,99.69,98.25,98.25,47.80903883128102,3739700,0.0000,1.0
2000-11-17,98.31,102.5,98.25,101.94,49.604614946165775,7717400,0.0000,1.0
2000-11-20,101.5,103.25,100.87,103.25,50.24206879724952,7426600,0.0000,1.0
2000-11-21,103.25,104.37,98.5,98.5,47.93069032957945,7180700,0.0000,1.0
2000-11-22,98.5,100.81,98.31,98.5,47.93069032957945,5537100,0.0000,1.0
2000-11-24,99.37,101.75,99.25,99.94,48.63140295977838,2497500,0.0000,1.0
2000-11-27,100.44,102.0,98.44,98.44,47.901493969987825,3866200,0.0000,1.0
2000-11-28,98.75,100.75,97.37,97.87,47.624128553867415,4799100,0.0000,1.0
2000-11-29,97.75,99.94,96.69,99.81,48.5681441806632,5524600,0.0000,1.0
2000-11-30,98.0,98.0,92.25,93.5,45.49766036361095,10651400,0.0000,1.0
2000-12-01,94.44,99.31,94.37,95.62,46.52926506918159,7525100,0.0000,1.0
2000-12-04,96.0,99.19,95.75,98.37,47.86743155046427,5566800,0.0000,1.0
2000-12-05,100.44,104.75,99.62,103.37,50.30046151643277,7804200,0.0000,1.0
2000-12-06,101.75,101.81,94.81,96.75,47.07912984149047,10096900,0.0000,1.0
2000-12-07,95.06,95.94,93.12,93.12,45.31275008619734,7922000,0.0000,1.0
2000-12-08,98.0,99.0,95.75,97.0,47.2007813397889,6140600,0.0000,1.0
2000-12-11,96.5,98.25,93.75,95.0,46.2275693534015,6185600,0.0000,1.0
2000-12-12,95.25,96.12,92.5,93.87,45.67770458109262,7913300,0.0000,1.0
2000-12-13,94.87,96.62,90.69,91.25,44.40279687892512,6992600,0.0000,1.0
2000-12-14,92.0,93.69,91.81,92.44,44.981858010825626,6131400,0.0000,1.0
2000-12-15,90.0,90.69,87.31,87.81,42.7288722623388,14254500,0.0000,1.0
2000-12-18,88.37,90.5,88.37,90.5,44.037842384029844,7693800,0.0000,1.0
2000-12-19,90.19,94.44,89.81,90.12,43.852932106616244,7705300,0.0000,1.0
2000-12-20,85.87,88.0,84.81,86.0,41.848115414658196,12579400,0.0000,1.0
2000-12-21,85.5,87.94,80.06,81.56,39.68758480487817,12725500,0.0000,1.0
2000-12-22,84.5,89.37,84.5,89.0,43.3079333942393,9514000,0.0000,1.0
2000-12-26,89.0,89.56,84.25,84.81,41.26905428275769,6052300,0.0000,1.0
2000-12-27,84.75,88.12,83.56,84.69,41.21066156357445,8245100,0.0000,1.0
2000-12-28,83.5,88.19,82.12,85.25,41.48316091976292,9798600,0.0000,1.0
2000-12-29,86.94,86.94,84.25,85.0,41.3615094214645,6943700,0.0000,1.0
2001-01-02,84.5,87.5,84.12,84.81,41.26905428275769,8007200,0.0000,1.0
2001-01-03,83.75,95.0,83.75,94.62,46.04265907598789,12769900,0.0000,1.0
2001-01-04,94.75,99.75,92.69,93.19,45.3468125057209,15420500,0.0000,1.0
2001-01-05,93.94,94.69,91.0,94.0,45.7409633602078,8043200,0.0000,1.0
2001-01-08,93.5,93.94,91.56,93.56,45.52685672320257,6064800,0.0000,1.0
2001-01-09,94.44,95.75,91.44,92.56,45.04025073000887,7547100,0.0000,1.0
2001-01-10,92.5,94.94,91.69,93.44,45.468464004019324,7656100,0.0000,1.0
2001-01-11,92.94,94.25,91.25,93.69,45.59011550231775,9635000,0.0000,1.0
2001-01-12,93.69,96.44,92.37,93.81,45.648508221501,6448000,0.0000,1.0
2001-01-16,93.75,94.0,91.81,92.75,45.132705868715675,5671900,0.0000,1.0
2001-01-17,95.37,97.75,94.31,96.69,47.04993348189885,9727000,0.0000,1.0
2001-01-18,104.37,110.0,103.5,108.31,52.70429512280965,25244900,0.0000,1.0
2001-01-19,107.5,113.94,107.25,111.25,54.13491674279912,14762200,0.0000,1.0
2001-01-22,109.5,109.94,108.19,108.56,52.825946621108066,9618500,0.0000,1.0
2001-01-23,109.56,109.94,107.62,109.06,53.06924961770492,9826900,0.0000,1.0
2001-01-24,109.06,111.44,108.94,110.44,53.740765888312225,6760900,0.0000,1.0
2001-01-25,110.12,111.12,109.44,110.75,53.891613746202275,4982100,0.0000,1.0
2001-01-26,109.62,115.25,109.19,114.19,55.5655383627886,9095200,0.0000,1.0
2001-01-29,112.5,115.5,112.47,114.98,55.94995709741163,5125000,0.0000,1.0
2001-01-30,115.0,116.75,113.4,116.61,56.74312486631735,8242000,0.0000,1.0
2001-01-31,115.75,116.75,112.0,112.0,54.4998712376944,8314200,0.0000,1.0
2001-02-01,112.4,114.34,111.2,114.05,55.49741352374148,5580800,0.0000,1.0
2001-02-02,112.75,113.99,109.6,110.27,53.65804286946929,5428400,0.0000,1.0
2001-02-05,109.4,112.6,109.3,112.22,54.60692455619701,5113700,0.0000,1.0
2001-02-06,112.23,115.69,111.2,114.19,55.5655383627886,7526400,0.0000,1.0
2001-02-07,113.4,117.6,112.67,116.91,56.95236544339065,9006900,0.1300,1.0
2001-02-08,116.91,118.2,114.03,114.1,55.58348214088506,8380800,0.0000,1.0
2001-02-09,114.03,114.99,111.0,112.0,54.56047326712645,6318800,0.0000,1.0
2001-02-12,110.55,115.72,110.3,114.9,55.97319980707883,6729300,0.0000,1.0
2001-02-13,114.15,117.38,113.07,113.75,55.412980661925296,7193200,0.0000,1.0
2001-02-14,113.75,116.17,112.5,115.1,56.070629223627265,7032900,0.0000,1.0
2001-02-15,116.8,118.64,116.38,116.78,56.88903632263416,8098700,0.0000,1.0
2001-02-16,114.55,115.75,113.94,115.0,56.021914515353046,7073000,0.0000,1.0
2001-02-20,114.55,115.6,110.78,111.5,54.31689972575535,6748300,0.0000,1.0
2001-02-21,109.55,111.5,107.29,107.51,52.37318286561397,9156900,0.0000,1.0
2001-02-22,106.5,110.9,103.38,108.9,53.05031731062563,11709000,0.0000,1.0
2001-02-23,107.5,107.5,100.25,104.0,50.66329660518884,15276600,0.0000,1.0
2001-02-26,105.8,105.8,101.83,105.3,51.2965878127537,8344100,0.0000,1.0
2001-02-27,104.9,106.87,102.56,102.59,49.97641921852234,9787900,0.0000,1.0
2001-02-28,102.95,103.54,99.1,99.9,48.665993565945826,11933200,0.0000,1.0
2001-03-01,99.3,106.4,97.5,106.05,51.66194812481035,15102000,0.0000,1.0
2001-03-02,104.0,107.65,100.94,102.3,49.8351465645271,14745500,0.0000,1.0
2001-03-05,102.81,105.6,102.64,104.91,51.106600450484244,6743900,0.0000,1.0
2001-03-06,106.25,108.4,105.25,106.0,51.63759077067324,8120000,0.0000,1.0
2001-03-07,107.45,108.25,105.66,107.55,52.392668748923654,7788900,0.0000,1.0
2001-03-08,107.17,107.34,105.37,106.47,51.866549899562074,6793600,0.0000,1.0
2001-03-09,105.0,105.01,97.9,99.29,48.368833845473084,16688100,0.0000,1.0
2001-03-12,97.9,98.4,95.02,95.49,46.51767493105272,14494800,0.0000,1.0
2001-03-13,95.1,98.44,94.2,98.39,47.9304014710051,12127900,0.0000,1.0
2001-03-14,95.4,98.9,93.34,94.96,46.259486977199344,14246600,0.0000,1.0
2001-03-15,96.0,97.87,95.17,95.56,46.55177522684467,8420000,0.0000,1.0
2001-03-16,93.9,93.9,88.2,90.1,43.891952155072254,20029400,0.0000,1.0
2001-03-19,91.0,92.8,89.2,92.6,45.109819861927754,10235500,0.0000,1.0
2001-03-20,91.6,92.03,88.1,88.3,43.015087406136296,10101100,0.0000,1.0
2001-03-21,88.45,91.6,87.75,89.08,43.395062130675214,11013000,0.0000,1.0
2001-03-22,89.12,91.0,87.65,89.1,43.404805072330056,13328200,0.0000,1.0
2001-03-23,93.5,94.99,90.29,93.51,45.553123707223165,12233600,0.0000,1.0
2001-03-26,95.25,95.66,93.75,95.4,46.47383169360592,8581200,0.0000,1.0
2001-03-27,94.0,100.0,93.97,99.5,48.47113473284894,11851200,0.0000,1.0
2001-03-28,97.9,98.45,94.25,94.41,45.99155608169114,11890500,0.0000,1.0
2001-03-29,94.46,97.07,94.26,95.04,46.29845874381873,10553700,0.0000,1.0
2001-03-30,96.5,97.56,95.14,96.18,46.85380641814484,9461300,0.0000,1.0
2001-04-02,97.45,98.1,93.58,94.66,46.11334285237669,8787000,0.0000,1.0
2001-04-03,94.6,94.65,90.1,90.39,44.0332248090675,13330000,0.0000,1.0
2001-04-04,90.45,94.05,90.05,92.0,44.81753161228244,13515600,0.0000,1.0
2001-04-05,95.8,100.0,95.53,98.21,47.842714996111496,12506100,0.0000,1.0
2001-04-06,98.0,100.0,96.4,97.95,47.71605675459853,13424200,0.0000,1.0
2001-04-09,98.5,98.74,93.8,96.0,46.76611994325124,9486600,0.0000,1.0
2001-04-10,97.0,99.9,96.56,99.05,48.25191854561495,10499400,0.0000,1.0
2001-04-11,101.5,101.94,95.8,97.43,47.46274027157259,11498400,0.0000,1.0
2001-04-12,96.4,97.5,95.15,96.2,46.86354935979968,9390100,0.0000,1.0
2001-04-16,96.2,99.89,95.2,96.75,47.13148025530789,9188500,0.0000,1.0
2001-04-17,97.0,99.88,97.0,99.7,48.56856414939738,9957300,0.0000,1.0
2001-04-18,103.0,110.0,102.3,106.5,51.88116431204434,19814300,0.0000,1.0
2001-04-19,112.0,115.9,110.45,114.47,55.76372656149968,25822400,0.0000,1.0
2001-04-20,114.35,116.4,113.75,114.83,55.93909951128687,12759100,0.0000,1.0
2001-04-23,114.01,114.05,111.68,112.0,54.56047326712645,8537500,0.0000,1.0
2001-04-24,113.4,114.75,112.3,112.67,54.88686181256372,8742000,0.0000,1.0
2001-04-25,112.0,114.85,111.99,114.85,55.94884245294171,6858500,0.0000,1.0
2001-04-26,114.95,116.7,113.68,113.74,55.40810919109787,7346100,0.0000,1.0
2001-04-27,116.8,116.9,114.55,116.2,56.60649101464369,7390600,0.0000,1.0
2001-04-30,116.4,118.05,114.72,115.14,56.090115106936956,7357200,0.0000,1.0
2001-05-01,115.85,118.65,114.9,118.51,57.731800775778176,7790800,0.0000,1.0
2001-05-02,118.3,118.95,113.74,115.4,56.21677334844993,9706200,0.0000,1.0
2001-05-03,114.6,115.1,112.35,113.7,55.38862330778819,6578000,0.0000,1.0
2001-05-04,112.0,115.86,111.2,115.86,56.44086100651134,8681400,0.0000,1.0
2001-05-07,116.2,117.25,115.0,115.9,56.46034688982103,6088600,0.0000,1.0
2001-05-08,117.25,117.75,115.5,117.7,57.40541223034089,7605800,0.1400,1.0
2001-05-09,116.2,118.18,115.3,116.98,57.054249130885964,7680200,0.0000,1.0
2001-05-10,118.5,118.9,115.2,115.2,56.18609591278905,7993900,0.0000,1.0
2001-05-11,113.75,114.15,110.96,111.81,54.532702986188745,8390200,0.0000,1.0
2001-05-14,111.2,113.18,111.0,112.56,54.8984978814543,5254800,0.0000,1.0
2001-05-15,113.5,114.15,112.5,113.58,55.39597893901545,5873400,0.0000,1.0
2001-05-16,112.5,115.8,112.2,115.8,56.47873182900149,7796700,0.0000,1.0
2001-05-17,115.8,117.09,115.05,115.07,56.12269146427635,6887700,0.0000,1.0
2001-05-18,115.07,117.68,114.9,117.44,57.2786033333155,6714900,0.0000,1.0
2001-05-21,117.95,119.9,117.55,119.04,58.05896577654869,8409400,0.0000,1.0
2001-05-22,119.7,119.7,117.25,118.01,57.55660745371733,6005300,0.0000,1.0
2001-05-23,117.8,118.95,117.1,117.4,57.25909427223468,6402600,0.0000,1.0
2001-05-24,117.5,119.6,117.5,119.6,58.3320926316803,7726400,0.0000,1.0
2001-05-25,119.52,119.9,117.76,117.8,57.45418488304297,5629100,0.0000,1.0
2001-05-29,117.35,117.59,115.08,115.27,56.2202367696805,5818000,0.0000,1.0
2001-05-30,114.0,114.1,112.0,112.65,54.94239326888617,9598700,0.0000,1.0
2001-05-31,112.65,113.86,111.64,111.8,54.527825720918536,6724100,0.0000,1.0
2001-06-01,112.5,113.6,111.9,112.89,55.05944763537114,5138900,0.0000,1.0
2001-06-04,113.25,114.75,112.85,113.64,55.425242530636694,3812200,0.0000,1.0
2001-06-05,113.64,117.6,113.56,116.97,57.049371865615754,6154400,0.0000,1.0
2001-06-06,117.6,119.0,116.5,117.5,57.30786692493675,9624200,0.0000,1.0
2001-06-07,117.0,118.25,117.0,117.25,57.185935293181565,6423700,0.0000,1.0
2001-06-08,117.5,117.5,115.6,116.1,56.62504978710771,3099100,0.0000,1.0
2001-06-11,116.3,118.14,116.1,117.36,57.239585211153845,6542700,0.0000,1.0
2001-06-12,116.75,117.8,115.55,117.25,57.185935293181565,7301500,0.0000,1.0
2001-06-13,117.25,118.47,116.53,116.54,56.83964945899684,5703200,0.0000,1.0
2001-06-14,115.6,116.08,113.99,115.75,56.454345502650455,7502500,0.0000,1.0
2001-06-15,115.1,115.45,113.38,113.6,55.40573346955586,12470100,0.0000,1.0
2001-06-18,113.98,115.44,113.31,114.27,55.73251024265976,5182800,0.0000,1.0
2001-06-19,116.26,117.25,114.56,114.84,56.01051436306158,6152800,0.0000,1.0
2001-06-20,113.5,114.99,111.76,113.09,55.15699294077529,8828300,0.0000,1.0
2001-06-21,112.15,114.7,111.36,112.6,54.91800694253513,8155800,0.0000,1.0
2001-06-22,112.6,114.43,112.5,112.87,55.04969310483073,5607200,0.0000,1.0
2001-06-25,113.75,114.9,111.78,112.65,54.94239326888617,5675900,0.0000,1.0
2001-06-26,111.25,114.05,111.1,113.04,55.132606614424255,7081900,0.0000,1.0
2001-06-27,113.1,114.18,112.45,113.52,55.366715347394205,4814100,0.0000,1.0
2001-06-28,113.8,116.95,113.75,115.1,56.13732326008697,8181000,0.0000,1.0
2001-06-29,115.6,116.65,113.0,113.5,55.35696081685379,9477400,0.0000,1.0
2001-07-02,113.5,115.4,112.96,114.35,55.77152836482142,5913100,0.0000,1.0
2001-07-03,114.1,114.19,112.76,112.98,55.10334302280301,3325800,0.0000,1.0
2001-07-05,112.6,113.26,111.79,112.1,54.67414367902476,4419000,0.0000,1.0
2001-07-06,110.9,110.9,105.81,106.5,51.942875127708625,11704600,0.0000,1.0
2001-07-09,106.5,106.95,103.65,104.72,51.07472190961171,9312600,0.0000,1.0
2001-07-10,104.73,105.4,101.6,101.96,49.72859669503447,10266600,0.0000,1.0
2001-07-11,101.6,104.13,101.56,103.85,50.65039983110367,8895400,0.0000,1.0
2001-07-12,105.9,107.8,105.62,107.25,52.30867002297418,8766400,0.0000,1.0
2001-07-13,106.15,109.3,106.11,108.53,52.93295997756073,7841800,0.0000,1.0
2001-07-16,108.53,109.38,107.28,107.82,52.586674143375994,5330100,0.0000,1.0
2001-07-17,106.1,108.58,104.75,108.53,52.93295997756073,8662400,0.0000,1.0
2001-07-18,106.1,107.6,103.2,104.28,50.860122237722585,11670300,0.0000,1.0
2001-07-19,105.6,106.0,103.1,104.0,50.72355881015678,13644500,0.0000,1.0
2001-07-20,103.4,105.7,103.03,105.7,51.55269390609204,8991700,0.0000,1.0
2001-07-23,105.7,106.95,105.3,105.85,51.62585288514514,6315700,0.0000,1.0
2001-07-24,104.85,106.15,103.79,104.51,50.97229933893736,7299800,0.0000,1.0
2001-07-25,104.5,105.7,102.73,104.89,51.157635419205235,6247600,0.0000,1.0
2001-07-26,104.75,106.0,102.93,106.0,51.699011864198255,8428700,0.0000,1.0
2001-07-27,104.75,105.95,104.11,104.7,51.0649673790713,4346500,0.0000,1.0
2001-07-30,104.9,106.25,104.76,105.85,51.62585288514514,4030800,0.0000,1.0
2001-07-31,105.9,107.0,105.15,105.21,51.31370790785187,5603000,0.0000,1.0
2001-08-01,105.35,108.5,105.31,107.06,52.21600198284024,6036100,0.0000,1.0
2001-08-02,108.5,109.47,107.21,108.8,53.06464613985632,5675100,0.0000,1.0
2001-08-03,107.8,110.09,107.1,108.18,52.76225569310347,3704100,0.0000,1.0
2001-08-06,107.25,107.37,105.79,106.51,51.947752392978835,4176800,0.0000,1.0
2001-08-07,105.8,107.37,105.26,106.25,51.82094349595344,4029300,0.0000,1.0
2001-08-08,105.0,106.1,104.1,104.19,50.88450856407363,6398000,0.1400,1.0
2001-08-09,103.7,104.54,102.7,104.08,50.830786556759605,6763200,0.0000,1.0
2001-08-10,103.85,104.95,102.81,104.95,51.255678796425066,5254800,0.0000,1.0
2001-08-13,105.0,106.64,104.65,105.86,51.70010631147744,6024400,0.0000,1.0
2001-08-14,106.5,106.85,105.4,106.2,51.86615615226624,5730200,0.0000,1.0
2001-08-15,106.35,106.59,105.01,105.01,51.284981709505445,4712900,0.0000,1.0
2001-08-16,104.2,106.02,103.66,105.75,51.64638430416341,6215200,0.0000,1.0
2001-08-17,105.49,105.49,103.9,104.59,51.07986131794281,7006200,0.0000,1.0
2001-08-20,104.68,105.0,102.8,104.1,50.84055419445306,5612700,0.0000,1.0
2001-08-21,103.85,104.97,101.4,101.89,49.76123022932587,6515900,0.0000,1.0
2001-08-22,102.5,104.04,101.76,103.96,50.77218073059885,8029000,0.0000,1.0
2001-08-23,104.0,104.7,103.0,103.0,50.30333412131283,5474300,0.0000,1.0
2001-08-24,103.95,107.8,103.41,106.99,52.25197784115786,7711900,0.0000,1.0
2001-08-27,106.99,108.2,106.64,106.86,52.18848819615038,4540900,0.0000,1.0
2001-08-28,106.9,107.17,104.87,104.95,51.255678796425066,5808100,0.0000,1.0
2001-08-29,105.75,105.9,103.82,104.13,50.85520565099325,4840300,0.0000,1.0
2001-08-30,102.75,103.4,98.86,100.36,49.01400594577627,15015500,0.0000,1.0
2001-08-31,101.0,101.36,99.24,99.95,48.81376937306037,8126600,0.0000,1.0
2001-09-04,100.15,103.13,99.29,101.49,49.56587747545669,9891800,0.0000,1.0
2001-09-05,101.5,102.83,99.61,100.35,49.00912212692953,11880700,0.0000,1.0
2001-09-06,100.68,100.68,97.65,98.0,47.86142469794813,9043100,0.0000,1.0
2001-09-07,97.9,98.15,96.0,96.59,47.17280624055928,10507000,0.0000,1.0
2001-09-10,96.0,97.4,95.59,96.47,47.11420041439853,10311500,0.0000,1.0
2001-09-17,93.9,95.86,92.55,93.34,45.58556511537223,15132800,0.0000,1.0
2001-09-18,94.0,96.75,93.68,96.4,47.08001368247143,12305000,0.0000,1.0
2001-09-19,96.4,96.85,92.45,96.0,46.88466092860225,14883500,0.0000,1.0
2001-09-20,94.1,95.75,92.85,93.4,45.614868028452605,15182900,0.0000,1.0
2001-09-21,90.6,93.5,89.5,90.5,44.19856056290108,18364700,0.0000,1.0
2001-09-24,91.8,95.54,91.8,94.8,46.29860266699472,11201800,0.0000,1.0
2001-09-25,94.1,96.0,93.41,94.45,46.127669007359195,12575100,0.0000,1.0
2001-09-26,94.45,94.45,90.3,91.3,44.58926607063943,13783100,0.0000,1.0
2001-09-27,91.3,91.5,87.49,90.0,43.954369620564606,13172300,0.0000,1.0
2001-09-28,90.2,92.71,89.9,91.72,44.79438646220206,11077200,0.0000,1.0
2001-10-01,91.72,93.48,91.34,92.71,45.277884528028274,8676200,0.0000,1.0
2001-10-02,92.3,93.9,92.1,93.77,45.79556932578159,7221200,0.0000,1.0
2001-10-03,92.9,97.62,92.4,96.95,47.34862371904154,11117000,0.0000,1.0
2001-10-04,97.15,98.88,96.8,97.31,47.5244411975238,9785100,0.0000,1.0
2001-10-05,96.65,98.45,95.37,98.02,47.87119233564159,9708200,0.0000,1.0
2001-10-08,98.03,99.0,96.75,98.5,48.1056156402846,7093400,0.0000,1.0
2001-10-09,98.5,98.5,96.76,97.14,47.4414162771294,7525300,0.0000,1.0
2001-10-10,95.0,97.3,94.9,97.25,47.49513828444343,10636900,0.0000,1.0
2001-10-11,97.7,99.4,96.5,99.4,48.54515933649025,11501600,0.0000,1.0
2001-10-12,98.7,101.0,98.0,100.84,49.24842925041928,11501200,0.0000,1.0
2001-10-15,99.85,102.76,99.85,102.0,49.81495223663989,10204200,0.0000,1.0
2001-10-16,101.87,103.0,99.66,101.85,49.741694953938946,11946000,0.0000,1.0
2001-10-17,106.3,106.7,102.9,102.9,50.254495932845536,18920500,0.0000,1.0
2001-10-18,103.05,103.75,100.78,101.26,49.453549641981915,10694900,0.0000,1.0
2001-10-19,101.65,102.74,100.07,102.65,50.13240046167731,11771900,0.0000,1.0
2001-10-22,102.65,105.78,101.9,105.25,51.402193361826946,7623900,0.0000,1.0
2001-10-23,105.75,106.69,104.55,105.81,51.67568721724379,7429300,0.0000,1.0
2001-10-24,106.5,108.75,106.09,108.57,53.0236212189411,8293200,0.0000,1.0
2001-10-25,108.05,110.85,106.75,110.66,54.044339357907546,9683400,0.0000,1.0
2001-10-26,110.0,112.1,109.62,111.16,54.28853030024402,10142500,0.0000,1.0
2001-10-29,110.5,110.7,108.62,108.62,53.04804031317475,7072800,0.0000,1.0
2001-10-30,107.8,109.75,107.76,108.65,53.062691769714945,8625100,0.0000,1.0
2001-10-31,109.6,111.12,108.07,108.07,52.779430276604636,7177700,0.0000,1.0
2001-11-01,107.25,110.17,106.9,109.89,53.668285306709386,8024000,0.0000,1.0
2001-11-02,109.15,110.3,108.77,109.5,53.47781637168694,6216900,0.0000,1.0
2001-11-05,109.95,110.59,109.08,109.97,53.70735585748322,5708500,0.0000,1.0
2001-11-06,109.6,114.8,109.0,113.61,55.48506591769272,8509700,0.0000,1.0
2001-11-07,113.05,115.2,113.03,113.85,55.67065103386844,10129700,0.1400,1.0
2001-11-08,113.96,115.56,113.61,113.81,55.65109173618416,7991200,0.0000,1.0
2001-11-09,113.1,114.9,113.1,114.08,55.78311699555302,5045900,0.0000,1.0
2001-11-12,113.0,114.9,112.05,114.86,56.16452330039639,5608400,0.0000,1.0
2001-11-13,115.7,117.0,115.7,116.7,57.06425099387305,9216700,0.0000,1.0
2001-11-14,116.7,116.85,113.33,114.35,55.915142254921875,8091700,0.0000,1.0
2001-11-15,114.1,116.33,113.84,114.75,56.110735231764636,7013800,0.0000,1.0
2001-11-16,115.0,115.0,112.55,114.5,55.98848962123791,6661500,0.0000,1.0
2001-11-19,114.7,115.8,113.77,115.0,56.232980842291354,4931300,0.0000,1.0
2001-11-20,114.35,116.8,114.25,115.44,56.44813311681838,6452200,0.0000,1.0
2001-11-21,114.95,115.25,113.05,114.34,55.91025243050081,4184700,0.0000,1.0
2001-11-23,114.29,115.37,113.72,115.35,56.404124697028756,1714000,0.0000,1.0
2001-11-26,115.9,116.4,115.2,116.33,56.8833274902935,4854300,0.0000,1.0
2001-11-27,116.25,116.3,114.07,114.2,55.84179488860585,6894100,0.0000,1.0
2001-11-28,114.1,114.38,112.1,112.15,54.83938088228675,6161200,0.0000,1.0
2001-11-29,112.9,114.55,111.81,114.43,55.95426085029043,6128700,0.0000,1.0
2001-11-30,114.43,115.94,113.8,115.59,56.52148048313442,5597800,0.0000,1.0
2001-12-03,114.8,114.85,113.21,114.13,55.80756611765837,5785800,0.0000,1.0
2001-12-04,114.3,116.72,113.38,116.64,57.03491204734664,6585900,0.0000,1.0
2001-12-05,116.85,121.98,116.65,121.4,59.362468471775394,14646200,0.0000,1.0
2001-12-06,120.5,121.7,119.8,120.14,58.746350594720724,11225700,0.0000,1.0
2001-12-07,119.5,121.0,118.75,120.4,58.87348602966851,6889200,0.0000,1.0
2001-12-10,120.0,121.0,119.41,119.66,58.51163902250942,5570900,0.0000,1.0
2001-12-11,120.4,122.74,119.8,121.5,59.411366715986084,7793200,0.0000,1.0
2001-12-12,121.12,123.21,120.06,123.2,60.24263686756778,7977900,0.0000,1.0
2001-12-13,121.55,122.3,120.12,120.25,58.80013866335248,8061000,0.0000,1.0
2001-12-14,120.8,121.48,119.41,121.1,59.21577373914333,7036000,0.0000,1.0
2001-12-17,120.15,122.14,120.15,121.34,59.333129525248985,6205100,0.0000,1.0
2001-12-18,121.51,122.97,121.35,122.2,59.7536544254609,5596200,0.0000,1.0
2001-12-19,121.9,124.7,121.01,123.89,60.58003475262153,8053900,0.0000,1.0
2001-12-20,123.89,124.0,122.15,122.7,59.99814564651434,6344800,0.0000,1.0
2001-12-21,122.7,123.5,121.71,122.0,59.65585793703952,8659100,0.0000,1.0
2001-12-24,122.05,122.48,121.1,121.45,59.38691759388074,1654400,0.0000,1.0
2001-12-26,122.0,123.7,121.81,122.4,59.85145091388228,3755700,0.0000,1.0
2001-12-27,122.75,123.93,122.64,123.5,60.389331600199846,3826200,0.0000,1.0
2001-12-28,123.5,123.88,122.35,122.9,60.09594213493572,4213900,0.0000,1.0
2001-12-31,122.75,123.24,120.95,120.96,59.147316197248365,3512700,0.0000,1.0
2002-01-02,120.6,121.5,119.8,121.5,59.411366715986084,6862800,0.0000,1.0
2002-01-03,121.5,124.22,120.25,123.66,60.467568790936944,8621700,0.0000,1.0
2002-01-04,124.05,125.6,123.98,125.6,61.41619472862429,8405200,0.0000,1.0
2002-01-07,125.0,126.19,123.7,124.05,60.65827194335863,5939600,0.0000,1.0
2002-01-08,124.25,125.2,123.73,124.7,60.97611053072811,5311800,0.0000,1.0
2002-01-09,124.7,126.39,124.15,124.49,60.873424217885656,6839900,0.0000,1.0
2002-01-10,123.75,124.0,121.42,122.14,59.724315478934486,8926300,0.0000,1.0
2002-01-11,121.5,122.18,120.28,120.31,58.82947760987889,4797800,0.0000,1.0
2002-01-14,120.0,120.09,117.1,118.05,57.72437729071734,10026700,0.0000,1.0
2002-01-15,118.05,119.7,117.72,118.85,58.11556324440284,5647900,0.0000,1.0
2002-01-16,118.0,118.75,117.25,117.4,57.40653870334787,5366300,0.0000,1.0
2002-01-17,119.85,120.55,117.26,119.9,58.628994808615076,11153700,0.0000,1.0
2002-01-18,114.25,114.9,112.81,114.25,55.86624401071119,18440200,0.0000,1.0
2002-01-22,114.25,114.26,110.33,110.5,54.03255985281039,10130400,0.0000,1.0
2002-01-23,110.8,111.25,107.0,107.9,52.7612055033325,12556700,0.0000,1.0
2002-01-24,108.8,109.73,107.07,108.72,53.16217110586014,8581500,0.0000,1.0
2002-01-25,108.5,110.69,108.1,109.28,53.43600127343999,6761800,0.0000,1.0
2002-01-28,109.5,110.21,107.06,108.15,52.883451113859216,7092900,0.0000,1.0
2002-01-29,108.15,108.56,102.41,103.0,50.365191537008776,14509400,0.0000,1.0
2002-01-30,104.25,105.75,101.0,105.55,51.61209676438133,17713300,0.0000,1.0
2002-01-31,106.4,107.98,104.46,107.89,52.75631567891143,9877000,0.0000,1.0
2002-02-01,107.64,109.3,106.64,108.0,52.81010374754318,6799500,0.0000,1.0
2002-02-04,108.0,108.0,105.99,106.8,52.22332481701493,6601900,0.0000,1.0
2002-02-05,106.25,108.5,106.0,106.3,51.97883359596148,6737700,0.0000,1.0
2002-02-06,106.7,107.82,105.33,106.63,52.20865534375172,6669800,0.1400,1.0
2002-02-07,106.64,107.0,103.86,103.91,50.8768768336232,7253800,0.0000,1.0
2002-02-08,103.0,105.72,102.61,104.99,51.405671242056584,8339400,0.0000,1.0
2002-02-11,105.0,107.69,104.51,107.38,52.57587368294158,6271900,0.0000,1.0
2002-02-12,106.75,107.89,106.06,106.57,52.17927787661654,4559800,0.0000,1.0
2002-02-13,106.7,108.48,106.12,108.07,52.91371455499624,5086900,0.0000,1.0
2002-02-14,109.0,109.15,107.2,107.89,52.82558215359068,5816300,0.0000,1.0
2002-02-15,104.8,104.8,101.7,102.89,50.37745989232501,18204600,0.0000,1.0
2002-02-19,101.5,101.8,98.86,101.3,49.59895701324252,13395900,0.0000,1.0
2002-02-20,99.54,100.0,97.0,99.31,48.62460435325878,14525200,0.0000,1.0
2002-02-21,98.75,99.7,96.01,96.38,47.1900047081571,10131700,0.0000,1.0
2002-02-22,96.38,99.2,95.76,98.45,48.20352732432109,10471600,0.0000,1.0
2002-02-25,98.45,99.25,97.12,98.3,48.130083656483116,9902800,0.0000,1.0
2002-02-26,99.0,99.19,95.99,97.15,47.56701553639201,11634500,0.0000,1.0
2002-02-27,98.1,100.31,96.7,97.83,47.89996016392414,11978700,0.0000,1.0
2002-02-28,98.49,99.6,97.82,98.12,48.04195125507756,7939000,0.0000,1.0
2002-03-01,98.6,103.1,98.5,103.02,50.44111107111791,10492900,0.0000,1.0
2002-03-04,103.35,106.53,103.13,105.9,51.851229493606944,10767700,0.0000,1.0
2002-03-05,104.25,106.5,104.16,105.67,51.73861586958872,7562100,0.0000,1.0
2002-03-06,105.15,107.09,104.75,106.3,52.04707927450819,7687400,0.0000,1.0
2002-03-07,107.3,107.5,103.24,103.71,50.77895194317257,10971900,0.0000,1.0
2002-03-08,104.82,107.34,104.82,105.09,51.454633687281905,10726400,0.0000,1.0
2002-03-11,104.35,105.97,103.6,105.24,51.52807735511987,8639100,0.0000,1.0
2002-03-12,105.52,108.85,105.51,108.5,53.12425306946509,11059300,0.0000,1.0
2002-03-13,108.3,108.65,106.7,107.18,52.477948792490956,6409200,0.0000,1.0
2002-03-14,107.02,107.95,106.59,106.6,52.193966610184134,5335500,0.0000,1.0
2002-03-15,106.55,107.45,105.59,106.79,52.286995256112235,10864100,0.0000,1.0
2002-03-18,107.1,108.64,106.23,106.35,52.07156049712085,5301200,0.0000,1.0
2002-03-19,106.85,108.05,106.49,107.49,52.62973237268942,4614800,0.0000,1.0
2002-03-20,106.9,106.9,105.49,105.5,51.65537971270569,4844100,0.0000,1.0
2002-03-21,105.7,106.78,104.7,106.78,52.2820990115897,5113100,0.0000,1.0
2002-03-22,106.5,106.7,105.07,105.6,51.704342157930995,5507900,0.0000,1.0
2002-03-25,105.8,106.66,103.5,103.56,50.70550827533461,6277900,0.0000,1.0
2002-03-26,103.57,105.7,102.3,102.9,50.38235613684754,8144000,0.0000,1.0
2002-03-27,103.75,103.79,102.5,103.39,50.62227211845157,5602400,0.0000,1.0
2002-03-28,103.55,105.14,103.39,104.0,50.92094303432599,5347500,0.0000,1.0
2002-04-01,104.0,104.0,102.4,102.86,50.36277115875741,5587000,0.0000,1.0
2002-04-02,102.0,102.01,100.51,100.95,49.42758845495393,7382200,0.0000,1.0
2002-04-03,101.4,101.5,98.9,99.96,48.942860247223315,7649100,0.0000,1.0
2002-04-04,99.96,101.14,99.5,100.84,49.37372976520608,5928500,0.0000,1.0
2002-04-05,100.84,101.25,97.25,97.25,47.61597798161733,9801800,0.0000,1.0
2002-04-08,87.5,88.59,85.35,87.41,42.798073371446485,41207300,0.0000,1.0
2002-04-09,88.5,88.52,87.1,87.74,42.959649440690015,17383600,0.0000,1.0
2002-04-10,88.45,89.95,88.2,89.01,43.5814724950515,13143900,0.0000,1.0
2002-04-11,88.05,88.51,83.34,84.19,41.22148263519139,23343700,0.0000,1.0
2002-04-12,87.56,87.96,84.4,85.6,41.91185311286831,15819300,0.0000,1.0
2002-04-15,86.5,86.6,84.7,85.35,41.78944699980502,8871600,0.0000,1.0
2002-04-16,86.35,86.85,85.58,86.2,42.20562778422019,7933100,0.0000,1.0
2002-04-17,87.05,87.2,84.0,84.81,41.52504979558834,11019500,0.0000,1.0
2002-04-18,86.97,89.1,86.9,88.95,43.55209502791631,14763500,0.0000,1.0
2002-04-19,89.9,90.03,87.6,89.0,43.576576250528966,9273200,0.0000,1.0
2002-04-22,88.95,88.95,87.36,87.93,43.052678086618116,6757700,0.0000,1.0
2002-04-23,88.35,89.08,87.24,87.33,42.75890341526623,5144100,0.0000,1.0
2002-04-24,88.2,88.25,86.27,86.5,42.35251511989613,6520500,0.0000,1.0
2002-04-25,86.05,86.92,85.77,86.71,42.45533625486929,6870000,0.0000,1.0
2002-04-26,86.7,86.96,84.7,84.71,41.47608735036302,6684200,0.0000,1.0
2002-04-29,84.71,85.1,83.55,83.89,41.07459529951545,6535600,0.0000,1.0
2002-04-30,83.91,85.23,83.53,83.76,41.01094412072254,8883900,0.0000,1.0
2002-05-01,83.85,84.65,81.67,84.3,41.275341324939234,12203800,0.0000,1.0
2002-05-02,83.75,84.8,83.13,83.86,41.059906565947855,6582900,0.0000,1.0
2002-05-03,83.1,83.5,81.11,81.78,40.04148770526134,8656300,0.0000,1.0
2002-05-06,81.7,81.87,76.0,76.0,37.211458371238216,13648400,0.0000,1.0
2002-05-07,76.89,77.5,75.92,76.5,37.456270597364785,17418700,0.0000,1.0
2002-05-08,78.2,82.8,78.2,82.45,40.44297975610891,12779700,0.1500,1.0
2002-05-09,81.9,83.0,79.0,79.93,39.206881405770595,10130100,0.0000,1.0
2002-05-10,79.95,80.5,79.25,79.68,39.08425260117354,7386300,0.0000,1.0
2002-05-13,80.25,82.29,79.5,82.19,40.31544579932797,6527600,0.0000,1.0
2002-05-14,84.5,85.48,82.19,85.48,41.92924086782522,9624700,0.0000,1.0
2002-05-15,84.6,86.49,84.05,84.5,41.448535953804765,8552300,0.0000,1.0
2002-05-16,84.2,86.0,83.4,85.45,41.91452541127358,6768300,0.0000,1.0
2002-05-17,86.25,86.4,85.0,85.69,42.03224906368675,5874800,0.0000,1.0
2002-05-20,85.45,85.46,83.93,84.45,41.424010192885355,4530300,0.0000,1.0
2002-05-21,84.41,85.0,83.3,83.45,40.93349497449713,4454000,0.0000,1.0
2002-05-22,83.76,84.39,82.74,84.0,41.20327834461065,5040700,0.0000,1.0
2002-05-23,84.25,85.05,82.52,84.35,41.37495867104653,6865600,0.0000,1.0
2002-05-24,83.65,83.75,82.62,83.1,40.761814648061254,4122000,0.0000,1.0
2002-05-28,82.8,83.11,81.69,82.08,40.26148912530527,4552100,0.0000,1.0
2002-05-29,81.5,82.0,81.0,81.6,40.026041820478916,4519500,0.0000,1.0
2002-05-30,80.6,82.25,80.22,82.25,40.344876712431265,7374100,0.0000,1.0
2002-05-31,82.05,82.05,80.4,80.45,39.46194931933247,5126200,0.0000,1.0
2002-06-03,80.75,80.91,78.0,78.11,38.31414370830402,8383600,0.0000,1.0
2002-06-04,78.11,79.65,77.6,79.31,38.902761970369895,7273200,0.0000,1.0
2002-06-05,79.65,80.71,79.11,80.55,39.51100084117129,7172100,0.0000,1.0
2002-06-06,80.55,80.95,78.89,79.66,39.07444229680577,5540600,0.0000,1.0
2002-06-07,78.48,78.85,77.0,78.3,38.40734159979779,9309400,0.0000,1.0
2002-06-10,77.75,78.8,76.6,76.8,37.67156877221545,7075800,0.0000,1.0
2002-06-11,77.85,78.25,75.2,75.49,37.02899383612688,7953400,0.0000,1.0
2002-06-12,75.4,75.95,73.25,74.65,36.61696105268078,13296100,0.0000,1.0
2002-06-13,75.45,77.4,75.3,75.6,37.08295051014959,8909600,0.0000,1.0
2002-06-14,74.2,76.77,73.25,76.17,37.36254418463088,8592000,0.0000,1.0
2002-06-17,76.18,77.75,75.16,77.14,37.838343946467454,7775800,0.0000,1.0
2002-06-18,75.6,76.9,75.47,75.94,37.24972568440158,7242000,0.0000,1.0
2002-06-19,74.2,75.2,73.25,73.35,35.97929126877609,9455400,0.0000,1.0
2002-06-20,74.0,74.09,71.43,71.58,35.11107933222893,11116900,0.0000,1.0
2002-06-21,70.0,70.99,68.19,68.75,33.72292126419027,15542600,0.0000,1.0
2002-06-24,67.25,71.49,67.25,69.7,34.18891072165908,14687700,0.0000,1.0
2002-06-25,70.3,71.45,68.41,68.6,33.64934398143203,8554800,0.0000,1.0
2002-06-26,66.1,70.59,66.1,70.05,34.36059104809495,11544000,0.0000,1.0
2002-06-27,71.2,72.15,69.1,71.9,35.26804420211317,10610100,0.0000,1.0
2002-06-28,71.35,73.62,71.25,72.0,35.31709572395199,10945600,0.0000,1.0
2002-07-01,72.01,72.41,67.16,67.6,33.15882876304381,12055900,0.0000,1.0
2002-07-02,67.85,69.4,67.7,68.58,33.63953367706427,12012900,0.0000,1.0
2002-07-03,67.95,70.71,67.87,70.51,34.586228048553544,8469900,0.0000,1.0
2002-07-05,72.45,73.9,72.0,73.5,36.052868551534324,5243000,0.0000,1.0
2002-07-08,73.0,73.48,71.03,71.3,34.973735071080235,9488100,0.0000,1.0
2002-07-09,71.4,72.25,69.45,69.67,34.174195265107436,11165600,0.0000,1.0
2002-07-10,70.6,71.25,68.53,68.76,33.72782641637415,10073400,0.0000,1.0
2002-07-11,68.0,69.75,67.55,69.41,34.04666130832649,11026400,0.0000,1.0
2002-07-12,70.0,71.74,68.8,69.21,33.948558264648845,8572200,0.0000,1.0
2002-07-15,68.4,71.0,66.6,71.0,34.82658050556377,10420900,0.0000,1.0
2002-07-16,69.51,71.39,68.48,69.01,33.850455220971206,10486800,0.0000,1.0
2002-07-17,71.0,71.6,69.62,70.69,34.674520787863415,11537300,0.0000,1.0
2002-07-18,70.5,74.2,70.0,72.05,35.341621484871396,15310800,0.0000,1.0
2002-07-19,70.96,72.7,70.0,72.0,35.31709572395199,11612900,0.0000,1.0
2002-07-22,71.25,72.19,68.31,68.5,33.60029245959321,14866900,0.0000,1.0
2002-07-23,68.25,70.0,66.66,67.05,32.889045392930285,12766700,0.0000,1.0
2002-07-24,66.0,70.0,65.7,69.54,34.11042828671697,13804500,0.0000,1.0
2002-07-25,68.9,70.0,67.3,69.35,34.017230395223194,10989800,0.0000,1.0
2002-07-26,68.75,69.47,65.76,66.4,32.57021050097795,11576400,0.0000,1.0
2002-07-29,70.37,71.4,68.0,71.18,34.91487324487365,11919300,0.0000,1.0
2002-07-30,70.5,72.7,70.02,71.79,35.21408752809047,10138600,0.0000,1.0
2002-07-31,70.75,71.6,69.11,70.4,34.532271374530836,12718600,0.0000,1.0
2002-08-01,70.4,70.7,67.22,68.25,33.47766365499616,8832000,0.0000,1.0
2002-08-02,68.21,68.23,67.12,67.88,33.29617302419251,6915000,0.0000,1.0
2002-08-05,67.94,68.35,65.85,65.99,32.36909926143877,7126900,0.0000,1.0
2002-08-06,67.0,69.42,66.61,67.9,33.30598332856028,8370800,0.0000,1.0
2002-08-07,69.0,69.9,66.8,69.17,34.00251493867156,8037300,0.1500,1.0
2002-08-08,69.2,72.05,68.35,71.61,35.201967540238115,8420500,0.0000,1.0
2002-08-09,70.61,74.3,70.4,71.83,35.31011490595313,6940900,0.0000,1.0
2002-08-12,71.05,72.64,70.61,71.77,35.28062016984904,5263300,0.0000,1.0
2002-08-13,71.55,73.8,71.19,71.9,35.34452543140791,8014700,0.0000,1.0
2002-08-14,71.95,75.02,71.35,74.92,36.82909381531405,8353000,0.0000,1.0
2002-08-15,75.4,76.71,74.6,76.5,37.60578853272191,9267300,0.0000,1.0
2002-08-16,76.5,79.98,75.98,79.35,39.00678849766645,11645800,0.0000,1.0
2002-08-19,79.35,82.85,79.01,82.49,40.55034635378078,10803900,0.0000,1.0
2002-08-20,81.56,82.0,80.18,81.27,39.95062005299751,7671000,0.0000,1.0
2002-08-21,81.9,82.33,79.55,81.0,39.81789374052908,7768600,0.0000,1.0
2002-08-22,80.95,82.45,80.2,81.99,40.30455688624665,5446600,0.0000,1.0
2002-08-23,81.2,81.48,79.35,80.4,39.522946379488126,5908900,0.0000,1.0
2002-08-26,80.4,80.89,77.8,79.42,39.04119902312123,6997800,0.0000,1.0
2002-08-27,80.4,80.44,77.3,77.96,38.32349377792156,7087800,0.0000,1.0
2002-08-28,76.0,77.01,75.67,76.06,37.38949380129187,6590300,0.0000,1.0
2002-08-29,75.6,77.35,75.15,76.62,37.6647780049301,5857400,0.0000,1.0
2002-08-30,75.55,76.35,75.1,75.38,37.05522012544545,5002500,0.0000,1.0
2002-09-03,74.2,75.0,72.3,72.35,35.565735952188625,6849400,0.0000,1.0
2002-09-04,72.35,73.99,71.6,73.73,36.24411488258283,6264600,0.0000,1.0
2002-09-05,72.74,72.85,71.5,72.18,35.48216753322703,6467700,0.0000,1.0
2002-09-06,73.75,73.99,73.07,73.2,35.98357804699665,4586500,0.0000,1.0
2002-09-09,72.45,74.98,71.85,74.5,36.62263066258539,5785000,0.0000,1.0
2002-09-10,74.6,75.6,73.85,75.6,37.16336749116047,5538300,0.0000,1.0
2002-09-11,76.4,77.5,74.06,74.2,36.47515698206491,5394400,0.0000,1.0
2002-09-12,74.05,74.05,71.64,71.87,35.32977806335587,6707400,0.0000,1.0
2002-09-13,71.5,72.88,71.31,72.5,35.63947279244886,5949600,0.0000,1.0
2002-09-16,72.0,72.72,71.23,72.32,35.550988584136576,4595200,0.0000,1.0
2002-09-17,73.0,73.45,71.35,71.75,35.27078859114767,6195100,0.0000,1.0
2002-09-18,70.65,70.9,68.86,69.55,34.189314933997494,12712700,0.0000,1.0
2002-09-19,64.8,66.48,64.65,64.8,31.854314992423262,22034900,0.0000,1.0
2002-09-20,65.4,65.4,63.9,63.92,31.421725529563194,14195200,0.0000,1.0
2002-09-23,63.75,63.75,62.37,63.37,31.151357115275648,8377100,0.0000,1.0
2002-09-24,61.08,63.3,59.55,59.75,29.371841370328546,16710100,0.0000,1.0
2002-09-25,61.2,63.77,60.99,63.01,30.974388698651076,13119200,0.0000,1.0
2002-09-26,64.2,64.88,61.33,62.02,30.4877255529335,12368800,0.0000,1.0
2002-09-27,61.43,63.49,60.31,60.36,29.671704520720187,8793100,0.0000,1.0
2002-09-30,59.55,59.89,57.99,58.31,28.663967703830256,13020100,0.0000,1.0
2002-10-01,59.2,61.98,58.99,61.17,30.069883458125478,11642800,0.0000,1.0
2002-10-02,61.18,62.0,58.35,59.63,29.312851898120357,10653300,0.0000,1.0
2002-10-03,60.3,61.16,58.95,60.0,29.49473610409561,11001100,0.0000,1.0
2002-10-04,59.5,59.51,55.77,56.6,27.82336772486353,14551900,0.0000,1.0
2002-10-07,56.6,58.5,56.6,56.86,27.951178247981275,9641600,0.0000,1.0
2002-10-08,57.78,58.09,54.8,57.05,28.044578245644242,14744500,0.0000,1.0
2002-10-09,56.05,56.7,54.81,55.07,27.07125195420909,12156000,0.0000,1.0
2002-10-10,54.65,58.48,54.01,57.58,28.305115081230422,12670600,0.0000,1.0
2002-10-11,62.0,63.92,61.5,63.92,31.421725529563194,17853800,0.0000,1.0
2002-10-14,61.54,63.8,61.54,63.42,31.175936062029063,7925300,0.0000,1.0
2002-10-15,67.75,68.48,66.58,68.48,33.66332547347446,14600200,0.0000,1.0
2002-10-16,66.6,67.0,64.24,64.9,31.903472885930093,15900200,0.0000,1.0
2002-10-17,72.8,73.0,71.23,72.2,35.491999111928386,21344600,0.0000,1.0
2002-10-18,71.73,74.25,70.26,74.25,36.499735928818325,12482900,0.0000,1.0
2002-10-21,73.65,75.9,72.94,75.55,37.138788544407056,10875700,0.0000,1.0
2002-10-22,74.5,75.68,73.62,74.49,36.6177148732347,10371500,0.0000,1.0
2002-10-23,74.4,74.97,72.46,74.6,36.67178855609221,12441900,0.0000,1.0
2002-10-24,75.5,75.55,71.75,72.1,35.442841218421556,10524000,0.0000,1.0
2002-10-25,72.5,74.62,72.16,74.56,36.652125398689485,7514200,0.0000,1.0
2002-10-28,75.15,77.5,74.56,76.56,37.635283268826,12544900,0.0000,1.0
2002-10-29,76.56,77.05,74.2,76.74,37.72376747713829,11455200,0.0000,1.0
2002-10-30,77.0,79.4,76.02,78.67,38.67251482182003,12865800,0.0000,1.0
2002-10-31,78.67,79.79,78.5,78.94,38.80524113428846,9864300,0.0000,1.0
2002-11-01,78.9,80.5,78.32,80.4,39.522946379488126,9395200,0.0000,1.0
2002-11-04,81.99,83.81,81.7,82.5,40.555262143131465,12006000,0.0000,1.0
2002-11-05,81.75,82.01,80.47,81.68,40.1521674163755,10466700,0.0000,1.0
2002-11-06,80.8,81.88,80.05,81.54,40.15708320572618,10480800,0.1500,1.0
2002-11-07,80.0,80.0,78.32,78.95,38.881551619966665,11036800,0.0000,1.0
2002-11-08,78.5,79.29,77.2,77.59,38.21177441663349,8119600,0.0000,1.0
2002-11-11,77.59,78.36,76.7,77.29,38.06402944530999,7386400,0.0000,1.0
2002-11-12,77.5,79.9,77.3,79.15,38.98004826751566,9027700,0.0000,1.0
2002-11-13,79.5,80.33,77.98,79.35,39.078544915064654,11984700,0.0000,1.0
2002-11-14,80.38,80.99,79.4,80.72,39.75324695077529,9662800,0.0000,1.0
2002-11-15,80.38,80.4,79.01,80.01,39.40358385197635,11367800,0.0000,1.0
2002-11-18,80.8,80.99,79.08,79.18,38.99482276464801,7321300,0.0000,1.0
2002-11-19,78.24,79.45,77.84,78.37,38.59591134207458,6918400,0.0000,1.0
2002-11-20,77.95,81.71,77.9,81.61,40.19155703236833,9070900,0.0000,1.0
2002-11-21,82.05,84.92,82.05,84.9,41.81182688454933,12737200,0.0000,1.0
2002-11-22,83.95,85.17,83.8,84.43,41.580359762809195,9053300,0.0000,1.0
2002-11-25,84.63,86.25,83.52,86.2,42.452055093617815,8651200,0.0000,1.0
2002-11-26,86.15,86.15,84.39,85.06,41.89062420258853,8560800,0.0000,1.0
2002-11-27,85.9,88.11,85.85,87.7,43.190779950235296,8209800,0.0000,1.0
2002-11-29,87.71,88.05,86.76,86.92,42.806643024794205,2980700,0.0000,1.0
2002-12-02,88.6,89.46,86.3,87.3,42.9937866551373,9694200,0.0000,1.0
2002-12-03,86.72,87.03,85.15,85.21,41.96449668825028,7027800,0.0000,1.0
2002-12-04,83.41,84.86,82.82,83.69,41.2159221668779,10053500,0.0000,1.0
2002-12-05,84.9,84.98,82.6,83.06,40.90565772709856,6900000,0.0000,1.0
2002-12-06,81.5,82.75,81.07,82.32,40.541220131167265,7594800,0.0000,1.0
2002-12-09,81.0,81.33,79.5,79.59,39.19674089212346,8841900,0.0000,1.0
2002-12-10,78.6,81.0,78.6,80.8,39.79264560979489,6869800,0.0000,1.0
2002-12-11,80.8,82.48,79.99,81.44,40.10783488195168,6661000,0.0000,1.0
2002-12-12,81.25,81.69,79.7,80.17,39.48238117001555,7208700,0.0000,1.0
2002-12-13,79.25,80.0,78.27,80.0,39.3986590195989,7773800,0.0000,1.0
2002-12-16,79.6,81.79,79.05,81.62,40.196481864745785,8483500,0.0000,1.0
2002-12-17,80.6,81.77,80.03,80.31,39.55132882329985,6167100,0.0000,1.0
2002-12-18,79.25,79.69,78.24,79.13,38.97019860276076,6514900,0.0000,1.0
2002-12-19,78.6,80.34,78.35,78.66,38.738731481020615,7319900,0.0000,1.0
2002-12-20,79.4,80.0,78.88,79.79,39.295237539672456,8053800,0.0000,1.0
2002-12-23,79.75,81.5,79.44,80.26,39.5267046614126,5922200,0.0000,1.0
2002-12-24,80.2,81.0,79.76,79.76,39.280463042540106,2420200,0.0000,1.0
2002-12-26,79.81,80.7,78.26,78.5,38.65993416298142,5784300,0.0000,1.0
2002-12-27,78.5,79.18,76.61,77.36,38.09850327195214,6334100,0.0000,1.0
2002-12-30,77.0,77.43,75.6,76.25,37.5518468780552,8066600,0.0000,1.0
2002-12-31,77.1,78.46,77.1,77.5,38.16745092523644,7871400,0.0000,1.0
2003-01-02,78.8,80.57,78.19,80.57,39.67937446511354,7864500,0.0000,1.0
2003-01-03,80.7,81.65,80.21,81.65,40.21125636187813,5962300,0.0000,1.0
2003-01-06,81.9,84.8,81.81,83.59,41.1666738431034,7921300,0.0000,1.0
2003-01-07,83.95,86.18,83.75,86.0,42.35355844606882,11906900,0.0000,1.0
2003-01-08,85.55,85.69,84.07,84.19,41.46216378575039,9508800,0.0000,1.0
2003-01-09,84.75,87.02,84.75,87.0,42.8460416838138,10711600,0.0000,1.0
2003-01-10,85.85,88.04,85.7,87.68,43.1809302854804,9955400,0.0000,1.0
2003-01-13,88.31,88.95,87.35,87.51,43.09720813506375,10499000,0.0000,1.0
2003-01-14,87.23,88.59,87.22,88.58,43.624165199450886,7569100,0.0000,1.0
2003-01-15,88.58,88.65,86.95,87.59,43.13660679408335,8146600,0.0000,1.0
2003-01-16,87.4,87.71,85.38,86.05,42.37818260795607,9904300,0.0000,1.0
2003-01-17,83.74,83.74,81.18,81.3,40.038887228667384,17331200,0.0000,1.0
2003-01-21,81.3,81.85,80.5,80.54,39.6645999679812,8926900,0.0000,1.0
2003-01-22,80.0,80.77,79.39,79.7,39.250914048275405,9432400,0.0000,1.0
2003-01-23,80.15,81.36,79.8,81.05,39.91576641923113,8371400,0.0000,1.0
2003-01-24,80.6,81.5,78.82,78.99,38.90125094947646,7748000,0.0000,1.0
2003-01-27,77.99,79.5,77.61,78.42,38.620535503961825,9307800,0.0000,1.0
2003-01-28,78.5,80.47,78.36,80.11,39.45283217575085,8017400,0.0000,1.0
2003-01-29,79.5,80.7,78.57,80.32,39.556253655677295,7755000,0.0000,1.0
2003-01-30,81.3,81.3,78.3,78.3,38.561437515432424,7349500,0.0000,1.0
2003-01-31,77.7,78.34,77.02,78.2,38.512189191657924,9744100,0.0000,1.0
2003-02-03,78.2,78.87,77.75,78.18,38.50233952690303,6683500,0.0000,1.0
2003-02-04,78.18,78.18,76.25,77.09,37.96553279776099,7216200,0.0000,1.0
2003-02-05,77.85,78.9,76.87,77.26,38.04925494817764,7427200,0.0000,1.0
2003-02-06,77.11,78.2,76.51,77.51,38.24624824327564,7755200,0.1500,1.0
2003-02-07,77.97,78.15,76.61,77.1,38.0439393569417,8296400,0.0000,1.0
2003-02-10,77.1,78.02,76.45,77.91,38.44362276652825,7949100,0.0000,1.0
2003-02-11,78.3,78.97,77.31,77.39,38.187035886299846,8598200,0.0000,1.0
2003-02-12,77.5,78.09,76.5,76.5,37.74787757206278,5609200,0.0000,1.0
2003-02-13,76.1,76.35,74.31,75.86,37.432078334858595,11218400,0.0000,1.0
2003-02-14,76.4,77.45,75.35,77.45,38.21664206478774,8299500,0.0000,1.0
2003-02-18,78.02,79.5,77.91,79.33,39.144302324075035,7791200,0.0000,1.0
2003-02-19,79.08,79.7,78.82,79.51,39.233120859538715,5440300,0.0000,1.0
2003-02-20,79.57,80.05,78.71,79.15,39.05548378861136,6285100,0.0000,1.0
2003-02-21,79.49,80.0,78.16,79.95,39.450232835116594,7453900,0.0000,1.0
2003-02-24,79.7,79.99,78.56,78.56,38.76435636681375,6874700,0.0000,1.0
2003-02-25,77.9,79.37,76.9,79.07,39.01600888396083,7675900,0.0000,1.0
2003-02-26,78.45,79.05,77.3,77.4,38.191970249381164,8587000,0.0000,1.0
2003-02-27,77.9,78.59,76.75,77.28,38.13275789240538,9926500,0.0000,1.0
2003-02-28,77.0,78.47,77.0,77.95,38.46336021885351,6585200,0.0000,1.0
2003-03-03,78.9,79.0,77.12,77.33,38.15742970781196,6618300,0.0000,1.0
2003-03-04,77.6,77.75,76.53,76.7,37.84656483368909,5672200,0.0000,1.0
2003-03-05,76.7,77.73,76.25,77.73,38.35480423106458,6658000,0.0000,1.0
2003-03-06,77.0,77.78,76.7,77.07,38.02913626769775,5876300,0.0000,1.0
2003-03-07,75.71,77.99,75.71,77.9,38.43868840344694,8129200,0.0000,1.0
2003-03-10,77.45,77.45,75.5,75.7,37.35312852555755,6641300,0.0000,1.0
2003-03-11,75.82,76.33,75.2,75.35,37.1804258177115,8119200,0.0000,1.0
2003-03-12,75.25,75.63,73.17,75.18,37.09654164532915,12773700,0.0000,1.0
2003-03-13,75.99,78.68,75.31,78.45,38.710078372919284,10452500,0.0000,1.0
2003-03-14,78.45,79.48,78.11,79.0,38.98146834239163,10117700,0.0000,1.0
2003-03-17,78.0,82.67,77.84,82.46,40.68875796852675,15193000,0.0000,1.0
2003-03-18,82.46,83.5,81.49,82.47,40.69369233160807,10795400,0.0000,1.0
2003-03-19,82.09,82.5,81.08,82.0,40.46177726678625,10473100,0.0000,1.0
2003-03-20,81.71,82.49,80.64,82.2,40.56046452841255,9046400,0.0000,1.0
2003-03-21,82.76,84.9,82.76,84.9,41.892742560367715,12625400,0.0000,1.0
2003-03-24,82.46,83.35,82.23,82.25,40.58513634381913,9352600,0.0000,1.0
2003-03-25,82.0,84.0,81.74,83.45,41.17725991357698,8777100,0.0000,1.0
2003-03-26,83.0,83.25,81.18,81.55,40.23973092812705,10531600,0.0000,1.0
2003-03-27,80.75,82.33,80.51,81.45,40.1903872973139,7265800,0.0000,1.0
2003-03-28,81.05,81.99,80.5,80.85,39.894325512434975,6649200,0.0000,1.0
2003-03-31,79.26,79.61,78.31,78.43,38.700209646756655,10169200,0.0000,1.0
2003-04-01,78.5,79.56,78.12,78.73,38.84824053919611,7861400,0.0000,1.0
2003-04-02,79.9,81.97,79.9,81.46,40.19532166039521,9700100,0.0000,1.0
2003-04-03,82.32,83.48,81.71,81.91,40.417367999054406,9623600,0.0000,1.0
2003-04-04,82.35,82.55,80.04,80.79,39.864719333947086,8985000,0.0000,1.0
2003-04-07,82.6,82.9,80.25,80.47,39.70681971534499,8881400,0.0000,1.0
2003-04-08,80.62,80.7,78.47,80.07,39.50944519209237,8057600,0.0000,1.0
2003-04-09,79.7,80.74,78.63,78.71,38.838371813033476,8543200,0.0000,1.0
2003-04-10,79.1,79.25,78.13,79.01,38.98640270547295,6880100,0.0000,1.0
2003-04-11,80.1,81.29,78.45,78.75,38.85810926535874,7573500,0.0000,1.0
2003-04-14,78.5,80.07,78.16,80.07,39.50944519209237,9006000,0.0000,1.0
2003-04-15,80.07,82.85,79.71,82.79,40.851591950210164,13613500,0.0000,1.0
2003-04-16,83.38,84.4,82.74,82.88,40.896001217942,10790700,0.0000,1.0
2003-04-17,81.89,84.4,81.89,84.26,41.576943323163526,8802100,0.0000,1.0
2003-04-21,84.4,84.51,83.1,83.36,41.13285064584514,6703400,0.0000,1.0
2003-04-22,83.36,86.06,82.6,85.63,42.25295106530373,9542600,0.0000,1.0
2003-04-23,85.24,85.97,84.96,85.75,42.31216342227952,7084500,0.0000,1.0
2003-04-24,84.65,85.7,84.63,85.2,42.04077345280717,5943500,0.0000,1.0
2003-04-25,85.21,85.28,83.86,83.88,41.389437526073536,6790700,0.0000,1.0
2003-04-28,84.05,85.5,83.62,85.12,42.001298548156655,6363600,0.0000,1.0
2003-04-29,85.34,86.49,84.97,85.66,42.26775415454768,8682900,0.0000,1.0
2003-04-30,85.66,85.67,84.68,84.9,41.892742560367715,8444900,0.0000,1.0
2003-05-01,85.3,86.23,84.47,85.89,42.38124450541793,7485700,0.0000,1.0
2003-05-02,84.45,87.57,84.45,87.57,43.210217503078916,8381900,0.0000,1.0
2003-05-05,87.2,88.0,86.52,86.52,42.6921093795408,7632500,0.0000,1.0
2003-05-06,86.3,88.34,86.0,87.51,43.180611324591034,7459600,0.0000,1.0
2003-05-07,86.95,87.81,86.5,86.68,42.85000899814289,6754600,0.1600,1.0
2003-05-08,86.37,86.78,85.75,86.05,42.53857030791642,7188200,0.0000,1.0
2003-05-09,86.9,87.7,86.4,87.55,43.28009099893182,6222600,0.0000,1.0
2003-05-12,87.55,89.26,87.1,89.0,43.99689433358003,8445700,0.0000,1.0
2003-05-13,88.78,90.1,88.56,89.98,44.481354518376754,8668300,0.0000,1.0
2003-05-14,90.0,90.4,88.3,88.7,43.84859019537695,7752200,0.0000,1.0
2003-05-15,89.5,89.96,89.0,89.9,44.44180674818927,7102900,0.0000,1.0
2003-05-16,89.67,89.89,88.95,88.99,43.991950862306595,6831600,0.0000,1.0
2003-05-19,88.05,88.47,86.41,86.45,42.736309158853864,7298400,0.0000,1.0
2003-05-20,86.58,87.24,84.89,85.77,42.40015311226021,7331900,0.0000,1.0
2003-05-21,85.77,86.18,85.08,86.18,42.602835434471096,6741000,0.0000,1.0
2003-05-22,86.25,86.8,85.8,86.08,42.55340072173673,6277300,0.0000,1.0
2003-05-23,85.75,85.95,85.1,85.26,42.148036077314984,5187200,0.0000,1.0
2003-05-27,84.51,87.9,84.51,87.69,43.34929959675992,7163400,0.0000,1.0
2003-05-28,87.6,88.7,87.4,87.57,43.28997794147868,6539900,0.0000,1.0
2003-05-29,87.57,88.59,87.2,87.36,43.18616504473653,6898900,0.0000,1.0
2003-05-30,87.45,88.68,87.45,88.04,43.522321091330184,6184200,0.0000,1.0
2003-06-02,89.0,89.08,87.25,87.33,43.17133463091623,7697200,0.0000,1.0
2003-06-03,84.32,85.24,83.24,83.82,41.4361762139402,21106600,0.0000,1.0
2003-06-04,84.0,84.96,83.83,84.25,41.64874547869795,10734400,0.0000,1.0
2003-06-05,84.0,84.25,81.75,81.9,40.4870297294405,15256300,0.0000,1.0
2003-06-06,82.25,83.23,79.84,80.05,39.57248754385485,15160900,0.0000,1.0
2003-06-09,80.0,82.0,79.81,82.0,40.53646444217486,9756300,0.0000,1.0
2003-06-10,82.35,82.92,81.21,81.71,40.393103775245216,8896000,0.0000,1.0
2003-06-11,82.75,84.15,82.29,83.97,41.510328283041744,9815800,0.0000,1.0
2003-06-12,84.8,84.98,83.55,83.95,41.50044134049487,7072400,0.0000,1.0
2003-06-13,84.15,84.29,82.51,82.75,40.90722478768256,5727500,0.0000,1.0
2003-06-16,83.1,84.55,82.55,84.5,41.77233226053385,6492100,0.0000,1.0
2003-06-17,84.95,84.95,83.8,84.3,41.67346283506513,5873700,0.0000,1.0
2003-06-18,84.15,84.99,83.22,84.7,41.87120168600257,5941400,0.0000,1.0
2003-06-19,84.95,85.29,84.5,84.55,41.79704961690103,7277100,0.0000,1.0
2003-06-20,85.0,85.24,84.69,84.92,41.97995805401816,11900000,0.0000,1.0
2003-06-23,84.79,84.79,82.97,83.18,41.119794052440305,6311600,0.0000,1.0
2003-06-24,82.95,84.18,82.85,83.63,41.342250259744915,5062800,0.0000,1.0
2003-06-25,83.55,84.16,82.09,82.49,40.77869453457322,5548000,0.0000,1.0
2003-06-26,83.7,84.38,82.82,84.35,41.69818019143231,6374400,0.0000,1.0
2003-06-27,84.15,84.65,83.22,83.42,41.23843736300277,4532900,0.0000,1.0
2003-06-30,83.9,84.2,82.5,82.5,40.783638005846655,7950900,0.0000,1.0
2003-07-01,81.4,83.66,81.4,83.59,41.32247637465118,5785800,0.0000,1.0
2003-07-02,83.95,84.89,83.75,84.74,41.89097557109631,6009700,0.0000,1.0
2003-07-03,84.25,84.69,83.48,83.95,41.50044134049487,3009500,0.0000,1.0
2003-07-07,84.8,86.45,84.74,86.09,42.55834419301017,7614900,0.0000,1.0
2003-07-08,86.09,86.75,85.19,86.25,42.63743973338514,5873900,0.0000,1.0
2003-07-09,86.1,86.35,84.85,85.47,42.25184897405714,6709700,0.0000,1.0
2003-07-10,85.0,85.22,83.47,84.03,41.53998911068236,7509200,0.0000,1.0
2003-07-11,84.1,85.28,83.7,84.89,41.96512764019785,4534700,0.0000,1.0
2003-07-14,86.0,86.58,85.42,85.42,42.227131617689956,6455200,0.0000,1.0
2003-07-15,86.15,87.0,85.82,86.44,42.73136568758042,7910400,0.0000,1.0
2003-07-16,87.0,87.03,85.85,86.74,42.8796698257835,8837600,0.0000,1.0
2003-07-17,82.7,83.94,82.5,83.33,41.19394612154184,13515700,0.0000,1.0
2003-07-18,83.85,84.02,83.21,83.72,41.38674150120585,8567200,0.0000,1.0
2003-07-21,83.2,83.43,82.21,82.5,40.783638005846655,7036100,0.0000,1.0
2003-07-22,82.5,83.26,81.52,81.85,40.46231237307332,8744300,0.0000,1.0
2003-07-23,82.0,82.77,81.73,82.3,40.684768580377934,5326800,0.0000,1.0
2003-07-24,82.95,82.99,81.51,81.51,40.2942343497765,5859100,0.0000,1.0
2003-07-25,81.6,83.74,81.57,83.55,41.30270248955743,6204700,0.0000,1.0
2003-07-28,83.67,83.7,82.04,82.54,40.8034118909404,6423500,0.0000,1.0
2003-07-29,82.55,82.88,81.6,81.8,40.43759501670614,7282700,0.0000,1.0
2003-07-30,82.45,82.45,80.58,80.96,40.02234342973752,6654600,0.0000,1.0
2003-07-31,81.8,82.54,81.1,81.25,40.16570409666716,8050300,0.0000,1.0
2003-08-01,81.15,81.27,80.05,81.27,40.175591039214034,6475400,0.0000,1.0
2003-08-04,80.75,81.36,80.06,81.13,40.10638244138593,5888000,0.0000,1.0
2003-08-05,81.13,81.33,79.8,79.85,39.47361811838613,7018100,0.0000,1.0
2003-08-06,79.7,80.68,78.73,79.75,39.50327894602675,7472200,0.1600,1.0
2003-08-07,79.69,80.82,79.38,80.69,39.96889753172286,5298500,0.0000,1.0
2003-08-08,81.05,81.27,80.35,80.88,40.06301192670399,4613800,0.0000,1.0
2003-08-11,80.87,81.5,80.28,81.02,40.132359375637456,4261200,0.0000,1.0
2003-08-12,81.45,81.54,80.65,81.51,40.37507544690458,4634200,0.0000,1.0
2003-08-13,81.65,82.19,80.58,81.2,40.22152038140906,5138400,0.0000,1.0
2003-08-14,81.0,81.75,80.69,81.56,40.399842392952245,4562700,0.0000,1.0
2003-08-15,81.8,81.98,81.2,81.79,40.51377034477151,3623600,0.0000,1.0
2003-08-18,82.05,83.68,81.9,83.52,41.37070667802074,6847200,0.0000,1.0
2003-08-19,83.1,83.81,82.56,82.85,41.03882960098202,6318300,0.0000,1.0
2003-08-20,82.0,83.31,82.0,83.05,41.137897385172685,4829900,0.0000,1.0
2003-08-21,83.39,83.85,82.85,82.85,41.03882960098202,5185200,0.0000,1.0
2003-08-22,84.25,84.72,82.96,82.97,41.09827027149642,7434900,0.0000,1.0
2003-08-25,82.85,83.03,81.75,81.96,40.59797796133357,5150900,0.0000,1.0
2003-08-26,81.65,82.54,81.27,82.5,40.86546097864836,5569600,0.0000,1.0
2003-08-27,82.0,82.53,81.9,82.0,40.61779151817171,3834100,0.0000,1.0
2003-08-28,82.0,82.34,81.27,81.9,40.568257626076374,5516300,0.0000,1.0
2003-08-29,81.95,82.11,81.56,82.01,40.62274490738124,4222700,0.0000,1.0
2003-09-02,82.4,85.96,82.3,85.76,42.480265860956166,12406400,0.0000,1.0
2003-09-03,86.24,87.3,86.0,86.33,42.76260904589955,10835700,0.0000,1.0
2003-09-04,86.33,88.29,85.69,87.91,43.545244541005786,9889100,0.0000,1.0
2003-09-05,87.0,88.26,86.75,86.95,43.06971917689061,7896600,0.0000,1.0
2003-09-08,88.45,89.66,88.35,89.1,44.13469785694023,9213400,0.0000,1.0
2003-09-09,89.2,89.97,88.93,89.42,44.29320631164529,8102500,0.0000,1.0
2003-09-10,88.99,89.0,87.61,87.84,43.51057081653906,7322600,0.0000,1.0
2003-09-11,86.75,88.42,86.4,87.92,43.55019793021532,9753500,0.0000,1.0
2003-09-12,87.6,89.01,87.2,88.7,43.9365622885589,7209200,0.0000,1.0
2003-09-15,89.7,89.96,88.39,88.49,43.832541115158705,7305400,0.0000,1.0
2003-09-16,88.49,90.41,88.49,90.29,44.72415117287468,7896100,0.0000,1.0
2003-09-17,90.4,91.94,90.2,90.63,44.8925664059988,9086600,0.0000,1.0
2003-09-18,90.63,92.43,90.46,92.0,45.57118072770484,8338700,0.0000,1.0
2003-09-19,92.45,93.47,91.8,93.28,46.20521454652508,9412500,0.0000,1.0
2003-09-22,92.24,92.24,90.9,91.39,45.26902398592332,7302600,0.0000,1.0
2003-09-23,91.5,92.09,90.56,91.34,45.244257039875656,7935200,0.0000,1.0
2003-09-24,91.08,91.82,89.33,89.4,44.28329953322623,7575800,0.0000,1.0
2003-09-25,89.4,90.97,89.2,89.41,44.28825292243575,6585500,0.0000,1.0
2003-09-26,89.41,90.14,89.0,89.05,44.109930910892565,5095800,0.0000,1.0
2003-09-29,89.25,90.18,89.07,89.45,44.30806647927389,5723200,0.0000,1.0
2003-09-30,89.2,89.25,87.9,88.33,43.753286887806176,7056700,0.0000,1.0
2003-10-01,88.75,90.6,88.7,90.35,44.753871508131866,7925200,0.0000,1.0
2003-10-02,89.55,90.45,89.22,90.08,44.62012999947448,7428300,0.0000,1.0
2003-10-03,91.0,91.95,90.57,90.64,44.89751979520833,7479300,0.0000,1.0
2003-10-06,90.74,91.76,90.51,91.18,45.16500281252313,3845400,0.0000,1.0
2003-10-07,90.5,91.7,90.4,91.7,45.42257905141884,5369800,0.0000,1.0
2003-10-08,92.0,92.87,91.95,92.66,45.89810441553402,6418900,0.0000,1.0
2003-10-09,93.3,93.6,92.2,92.45,45.79408324213383,7593000,0.0000,1.0
2003-10-10,92.4,93.18,92.36,92.67,45.90305780474356,4500500,0.0000,1.0
2003-10-13,93.1,93.54,92.58,93.2,46.16558743284882,4839200,0.0000,1.0
2003-10-14,92.65,92.95,92.32,92.72,45.927824750791224,4699500,0.0000,1.0
2003-10-15,93.9,94.54,92.74,92.74,45.93773152921029,11558700,0.0000,1.0
2003-10-16,89.27,89.7,88.66,89.28,44.22385886271183,16994000,0.0000,1.0
2003-10-17,89.28,89.68,88.81,89.23,44.199091916664166,9506200,0.0000,1.0
2003-10-20,89.35,89.4,88.86,89.0,44.085163964844895,6971300,0.0000,1.0
2003-10-21,89.25,89.34,88.7,88.93,44.05049024037817,5287100,0.0000,1.0
2003-10-22,88.3,89.01,87.9,88.46,43.81768094753011,5600100,0.0000,1.0
2003-10-23,87.6,88.4,87.53,88.15,43.66412588203458,6046400,0.0000,1.0
2003-10-24,88.15,88.64,87.72,88.42,43.79786739069198,5471700,0.0000,1.0
2003-10-27,88.8,89.1,88.05,88.52,43.84740128278731,5099200,0.0000,1.0
2003-10-28,89.05,89.9,88.52,89.9,44.530968993702885,6959000,0.0000,1.0
2003-10-29,89.6,89.94,89.15,89.34,44.253579197969025,5180700,0.0000,1.0
2003-10-30,90.0,90.17,89.06,89.12,44.1446046353593,6535700,0.0000,1.0
2003-10-31,90.71,90.71,89.2,89.48,44.32292664690249,4836200,0.0000,1.0
2003-11-03,89.9,90.84,89.48,89.68,44.421994431093154,5825200,0.0000,1.0
2003-11-04,89.68,89.8,88.86,89.14,44.154511413778366,5146100,0.0000,1.0
2003-11-05,88.52,88.88,88.0,88.49,43.832541115158705,6296300,0.0000,1.0
2003-11-06,88.33,89.59,87.72,89.34,44.33283342532155,5668600,0.1600,1.0
2003-11-07,89.4,89.6,88.26,88.26,43.79690931406851,5543500,0.0000,1.0
2003-11-10,89.55,90.47,89.55,89.95,44.63553130297374,8349700,0.0000,1.0
2003-11-11,90.0,90.03,88.89,89.36,44.34275794590031,4841200,0.0000,1.0
2003-11-12,89.45,91.16,89.31,90.69,45.00273856438786,5901700,0.0000,1.0
2003-11-13,90.4,91.48,90.16,91.09,45.20122897596306,5277900,0.0000,1.0
2003-11-14,91.02,91.42,89.81,90.25,44.784399111655134,4510200,0.0000,1.0
2003-11-17,89.9,90.05,89.03,89.8,44.56109739863303,4748200,0.0000,1.0
2003-11-18,89.92,90.18,88.9,88.95,44.13930527403573,5284300,0.0000,1.0
2003-11-19,88.32,89.83,88.32,89.4,44.36260698705783,4156600,0.0000,1.0
2003-11-20,89.3,89.79,88.38,88.39,43.861418697830445,5111000,0.0000,1.0
2003-11-21,88.4,88.85,88.23,88.63,43.98051294477556,5935400,0.0000,1.0
2003-11-24,89.03,89.74,88.95,89.66,44.49162575458171,4722200,0.0000,1.0
2003-11-25,89.66,89.85,89.27,89.43,44.377493767925976,4305700,0.0000,1.0
2003-11-26,89.79,90.09,89.11,89.91,44.61568226181621,4146800,0.0000,1.0
2003-11-28,89.9,90.68,89.62,90.54,44.92830466004716,2195500,0.0000,1.0
2003-12-01,90.9,91.36,90.48,91.01,45.16153089364803,5234900,0.0000,1.0
2003-12-02,90.57,91.48,90.52,90.75,45.03251212612414,5091800,0.0000,1.0
2003-12-03,91.15,91.44,90.3,90.3,44.809210413102036,6169800,0.0000,1.0
2003-12-04,90.05,91.44,90.03,91.42,45.3649835655126,5360400,0.0000,1.0
2003-12-05,91.3,91.3,90.5,90.64,44.97792726294096,5878400,0.0000,1.0
2003-12-08,90.52,91.47,90.52,91.2,45.25581383914624,5342000,0.0000,1.0
2003-12-09,91.15,92.16,90.61,90.63,44.97296500265158,6971500,0.0000,1.0
2003-12-10,90.69,92.74,90.65,91.73,45.51881363448339,7138000,0.0000,1.0
2003-12-11,91.96,92.97,91.92,92.4,45.85128507387186,6412100,0.0000,1.0
2003-12-12,92.7,93.16,92.24,92.71,46.005115142842634,5079800,0.0000,1.0
2003-12-15,93.43,93.97,92.08,92.11,45.70737952547983,5964500,0.0000,1.0
2003-12-16,92.11,94.12,91.88,93.98,46.63532219959391,7501100,0.0000,1.0
2003-12-17,93.85,93.87,92.85,93.4,46.34751110280986,6052900,0.0000,1.0
2003-12-18,93.0,93.38,92.5,92.73,46.0150396634214,6873600,0.0000,1.0
2003-12-19,93.23,93.25,92.67,93.14,46.21849233528598,7090500,0.0000,1.0
2003-12-22,92.83,93.5,92.78,93.39,46.34254884252048,4332100,0.0000,1.0
2003-12-23,93.07,93.44,92.34,92.79,46.044813225157675,3677000,0.0000,1.0
2003-12-24,92.8,92.8,92.18,92.27,45.786775690109906,1760500,0.0000,1.0
2003-12-26,92.37,93.0,92.3,92.9,46.099398088340855,1408500,0.0000,1.0
2003-12-29,93.1,93.73,93.03,93.52,46.407058226282416,4033900,0.0000,1.0
2003-12-30,93.27,93.5,92.36,92.63,45.96541706052759,4003400,0.0000,1.0
2003-12-31,92.66,92.85,92.16,92.68,45.990228361974495,4726900,0.0000,1.0
2004-01-02,92.86,93.05,91.2,91.55,45.42949294927455,5327800,0.0000,1.0
2004-01-05,92.0,93.09,92.0,93.05,46.173831992681556,5276300,0.0000,1.0
2004-01-06,92.2,93.19,92.14,93.06,46.17879425297094,4380000,0.0000,1.0
2004-01-07,93.14,93.38,92.47,92.78,46.03985096486829,4927600,0.0000,1.0
2004-01-08,93.21,93.21,92.031,93.04,46.16886973239218,6179800,0.0000,1.0
2004-01-09,91.75,92.35,91.0,91.21,45.26077609943562,7930900,0.0000,1.0
2004-01-12,91.21,92.14,91.21,91.55,45.42949294927455,5130400,0.0000,1.0
2004-01-13,91.45,91.51,89.01,89.7,44.51147479573923,8842500,0.0000,1.0
2004-01-14,89.9,90.46,89.75,90.31,44.81417267339142,5505100,0.0000,1.0
2004-01-15,95.07,95.65,93.55,94.02,46.65517124075142,19812000,0.0000,1.0
2004-01-16,95.0,95.35,94.71,95.32,47.30026507837083,9302000,0.0000,1.0
2004-01-20,96.0,97.44,95.73,97.1,48.18354740988048,9285100,0.0000,1.0
2004-01-21,97.23,98.04,96.64,97.7,48.48128302724329,6949000,0.0000,1.0
2004-01-22,97.84,98.16,97.32,97.51,48.38700008174507,4371600,0.0000,1.0
2004-01-23,97.82,98.21,97.1,97.9,48.58052823303089,5283900,0.0000,1.0
2004-01-26,97.9,99.85,97.56,99.85,49.54816898946,6189400,0.0000,1.0
2004-01-27,99.4,99.67,98.7,98.8,49.027131659075096,5345300,0.0000,1.0
2004-01-28,99.15,99.42,97.28,97.38,48.32249069798313,6549700,0.0000,1.0
2004-01-29,98.1,98.6,96.55,98.01,48.63511309621408,6642500,0.0000,1.0
2004-01-30,98.02,99.33,97.84,99.23,49.24050885151844,6137600,0.0000,1.0
2004-02-02,99.15,99.94,98.5,99.39,49.319905016148525,6200000,0.0000,1.0
2004-02-03,99.0,100.0,98.95,100.0,49.6226028938007,5604300,0.0000,1.0
2004-02-04,99.38,100.43,99.3,100.19,49.716885839298925,8387500,0.0000,1.0
2004-02-05,100.0,100.09,98.26,98.86,49.05690522081138,5975000,0.0000,1.0
2004-02-06,98.85,99.24,98.25,98.94,49.175999467756505,5516900,0.1600,1.0
2004-02-09,99.31,99.44,98.6,98.95,49.18096975272394,3742400,0.0000,1.0
2004-02-10,98.45,99.97,98.41,99.61,49.509008560574344,4057500,0.0000,1.0
2004-02-11,99.2,100.31,98.8,99.96,49.6829685344344,5505700,0.0000,1.0
2004-02-12,100.06,100.3,99.3,99.3,49.354929726584,3611500,0.0000,1.0
2004-02-13,99.1,100.09,99.0828,99.71,49.55871141024864,3562400,0.0000,1.0
2004-02-17,99.99,100.0,99.32,99.37,49.38972172135601,3930400,0.0000,1.0
2004-02-18,99.31,99.77,98.15,98.42,48.91754464945012,4830300,0.0000,1.0
2004-02-19,98.42,99.23,97.52,97.8,48.609386981469434,5447200,0.0000,1.0
2004-02-20,98.6,98.6,97.19,97.31,48.36584301806535,5690200,0.0000,1.0
2004-02-23,97.4,97.51,95.46,95.96,47.694854547462235,6629100,0.0000,1.0
2004-02-24,95.2,97.46,95.2,96.79,48.107388199758965,7008300,0.0000,1.0
2004-02-25,96.5,97.09,96.23,96.54,47.983131075573205,3362500,0.0000,1.0
2004-02-26,96.27,97.26,96.25,96.79,48.107388199758965,3965700,0.0000,1.0
2004-02-27,96.8,97.38,96.1,96.5,47.96324993570348,4715000,0.0000,1.0
2004-03-01,96.5,97.25,96.15,97.04,48.231645323944726,4454000,0.0000,1.0
2004-03-02,97.6,97.6,96.62,96.82,48.122299054661255,4976200,0.0000,1.0
2004-03-03,96.57,96.89,95.6,96.84,48.13223962459612,4806500,0.0000,1.0
2004-03-04,96.58,96.92,96.132,96.39,47.90857680106175,3547900,0.0000,1.0
2004-03-05,95.95,96.98,95.56,96.45,47.938398510866335,3970900,0.0000,1.0
2004-03-08,96.49,96.88,94.59,94.59,47.013925506924274,5084200,0.0000,1.0
2004-03-09,94.3,95.28,93.77,94.53,46.984103797119694,6390600,0.0000,1.0
2004-03-10,94.38,94.74,92.68,93.06,46.25347190690742,6536300,0.0000,1.0
2004-03-11,92.0,92.98,91.15,91.21,45.333969187932794,8560800,0.0000,1.0
2004-03-12,92.0,93.38,91.68,93.3,46.37275874612575,6290600,0.0000,1.0
2004-03-15,92.6,92.69,90.88,91.82,45.63715657094605,6523000,0.0000,1.0
2004-03-16,92.4,92.7,91.42,92.45,45.95028452389417,4627600,0.0000,1.0
2004-03-17,92.57,93.79,92.45,93.39,46.417491310832624,4663000,0.0000,1.0
2004-03-18,93.05,93.18,91.9,92.85,46.14909592259138,4605200,0.0000,1.0
2004-03-19,92.86,92.97,91.51,91.62,45.537750871597446,7058700,0.0000,1.0
2004-03-22,91.27,91.48,90.28,91.02,45.239533773551614,6223500,0.0000,1.0
2004-03-23,91.6,92.16,90.68,91.32,45.388642322574526,5065300,0.0000,1.0
2004-03-24,91.57,92.49,91.04,91.77,45.612305146108895,6210400,0.0000,1.0
2004-03-25,92.15,92.63,91.45,92.39,45.92046281408958,5585800,0.0000,1.0
2004-03-26,92.39,93.25,92.16,92.77,46.10933364285194,4397700,0.0000,1.0
2004-03-29,92.99,93.61,92.18,92.68,46.06460107814507,4876300,0.0000,1.0
2004-03-30,92.67,92.67,91.35,92.32,45.88567081931757,5415700,0.0000,1.0
2004-03-31,92.07,92.24,91.51,91.84,45.64709714088091,4613500,0.0000,1.0
2004-04-01,91.67,92.68,91.62,92.37,45.91052224415473,4246900,0.0000,1.0
2004-04-02,93.55,94.55,93.33,94.2,46.82008439319449,5894500,0.0000,1.0
2004-04-05,93.95,94.37,93.51,94.18,46.81014382325963,3936000,0.0000,1.0
2004-04-06,93.6,93.79,93.02,93.7,46.57157014482297,3860100,0.0000,1.0
2004-04-07,93.37,93.58,92.51,93.08,46.263412476842284,4537300,0.0000,1.0
2004-04-08,94.0,94.39,92.55,93.12,46.28329361671201,3868000,0.0000,1.0
2004-04-12,93.5,94.36,93.4,93.74,46.59145128469269,3112600,0.0000,1.0
2004-04-13,93.79,94.04,92.5,93.04,46.243531336972566,5013600,0.0000,1.0
2004-04-14,92.1,93.86,92.1,93.7,46.57157014482297,5316300,0.0000,1.0
2004-04-15,93.8,94.09,93.06,93.97,46.705767838943586,6844200,0.0000,1.0
2004-04-16,92.3,92.35,91.04,92.28,45.86578967944785,11118000,0.0000,1.0
2004-04-19,91.9,92.3,91.7,91.94,45.69679999055521,4159400,0.0000,1.0
2004-04-20,92.0,92.48,90.65,90.65,45.055633229756694,4260200,0.0000,1.0
2004-04-21,91.15,91.42,90.69,91.26,45.35882061276995,4623400,0.0000,1.0
2004-04-22,90.5,91.51,89.7,90.74,45.10036579446356,7988000,0.0000,1.0
2004-04-23,91.0,91.61,90.36,91.28,45.36876118270481,5063200,0.0000,1.0
2004-04-26,90.75,91.56,90.349,90.43,44.94628696047322,4533600,0.0000,1.0
2004-04-27,90.65,91.99,90.56,91.11,45.28426633825849,4768000,0.0000,1.0
2004-04-28,90.3,90.98,90.21,90.41,44.93634639053836,4706000,0.0000,1.0
2004-04-29,90.01,90.26,88.19,89.08,44.27529848987012,7763200,0.0000,1.0
2004-04-30,89.01,89.2,88.01,88.17,43.82300255783395,5019500,0.0000,1.0
2004-05-03,88.13,88.52,87.2012,88.02,43.74844828332249,6070100,0.0000,1.0
2004-05-04,88.02,89.74,88.0,89.0,44.235536210130675,5451800,0.0000,1.0
2004-05-05,89.75,89.75,88.51,88.96,44.21565507026095,4402300,0.0000,1.0
2004-05-06,88.1,89.1,87.59,88.36,44.00690310162887,4319100,0.1800,1.0
2004-05-07,87.75,89.4,87.62,88.19,43.9222361309716,5407400,0.0000,1.0
2004-05-10,87.6,88.1025,86.37,86.88,43.2698024159067,6692400,0.0000,1.0
2004-05-11,87.2,88.15,86.82,87.13,43.39431266687328,6575000,0.0000,1.0
2004-05-12,87.25,87.25,85.12,86.81,43.23493954563606,8445800,0.0000,1.0
2004-05-13,86.79,87.41,86.26,87.19,43.424195127105264,4708400,0.0000,1.0
2004-05-14,86.65,87.35,86.07,86.41,43.03572314408953,5197800,0.0000,1.0
2004-05-17,85.3,86.03,85.15,85.53,42.59744706068716,5700000,0.0000,1.0
2004-05-18,86.08,86.49,86.0,86.06,42.86140879273631,4401100,0.0000,1.0
2004-05-19,87.4,88.88,86.5,87.05,43.35446938656398,7431800,0.0000,1.0
2004-05-20,87.06,87.95,87.05,87.42,43.53874455799453,4031500,0.0000,1.0
2004-05-21,87.59,88.18,86.91,87.13,43.39431266687328,5130000,0.0000,1.0
2004-05-24,87.75,87.84,86.55,87.1,43.379371436757296,3778100,0.0000,1.0
2004-05-25,86.75,88.92,86.55,88.7,44.17623704294343,5358100,0.0000,1.0
2004-05-26,88.64,88.85,88.04,88.35,44.00192269159021,4308200,0.0000,1.0
2004-05-27,88.75,89.08,87.98,88.59,44.12145253251813,4094600,0.0000,1.0
2004-05-28,88.48,88.85,88.25,88.59,44.12145253251813,3203800,0.0000,1.0
2004-06-01,88.09,88.48,87.3,88.12,43.887373260700954,4884300,0.0000,1.0
2004-06-02,88.64,88.64,87.89,87.98,43.81764752015967,3912600,0.0000,1.0
2004-06-03,87.85,88.1,87.35,87.35,43.503881687723876,3011500,0.0000,1.0
2004-06-04,87.95,88.49,87.5,87.56,43.60847029853581,3803400,0.0000,1.0
2004-06-07,88.75,88.99,88.01,88.64,44.146354582711446,4264500,0.0000,1.0
2004-06-08,88.64,90.5,88.4,90.04,44.84361198812431,5400300,0.0000,1.0
2004-06-09,89.9,90.55,89.81,90.09,44.86851403831763,5233400,0.0000,1.0
2004-06-10,90.23,90.75,89.891,90.46,45.05278920974816,3468700,0.0000,1.0
2004-06-14,90.05,90.58,89.62,90.07,44.858553218240296,4121400,0.0000,1.0
2004-06-15,90.49,91.21,90.2315,90.54,45.092632490057476,4508300,0.0000,1.0
2004-06-16,90.25,90.93,90.09,90.38,45.01294592943886,3145700,0.0000,1.0
2004-06-17,90.5,90.56,90.07,90.44,45.04282838967084,4180200,0.0000,1.0
2004-06-18,90.2,90.8,89.9,90.06,44.85357280820163,6470800,0.0000,1.0
2004-06-21,90.4,90.43,89.31,89.49,44.56968943599782,3843400,0.0000,1.0
2004-06-22,89.28,90.24,89.13,90.02,44.83365116804698,4149300,0.0000,1.0
2004-06-23,90.1,90.84,89.84,90.79,45.217142741024055,4354700,0.0000,1.0
2004-06-24,90.28,90.92,89.84,89.99,44.81870993793099,4069400,0.0000,1.0
2004-06-25,89.95,90.23,88.94,89.55,44.599571896229804,5604700,0.0000,1.0
2004-06-28,89.71,89.9,88.36,88.71,44.18121745298208,4423200,0.0000,1.0
2004-06-29,88.35,88.49,87.9,88.29,43.972040231358235,4394800,0.0000,1.0
2004-06-30,88.3,88.5,87.7,88.15,43.90231449081695,4724000,0.0000,1.0
2004-07-01,88.28,88.44,86.57,87.5,43.57858783830383,5093900,0.0000,1.0
2004-07-02,87.45,87.55,86.6,87.04,43.34948897652532,2874500,0.0000,1.0
2004-07-06,86.5,86.73,85.13,85.7,42.68211403134444,6408100,0.0000,1.0
2004-07-07,85.3,85.94,85.05,85.35,42.507799679991216,5677300,0.0000,1.0
2004-07-08,85.0,85.01,83.58,83.65,41.66112997341846,7529000,0.0000,1.0
2004-07-09,84.4,84.5,83.51,83.89,41.78065981434638,6595200,0.0000,1.0
2004-07-12,84.0,85.25,83.42,84.95,42.308583278444694,6009200,0.0000,1.0
2004-07-13,85.9,86.09,85.2,85.25,42.457995579604585,6001000,0.0000,1.0
2004-07-14,84.84,85.24,83.78,84.13,41.900189655274296,6298600,0.0000,1.0
2004-07-15,84.13,84.63,83.61,84.02,41.845405144849,7086500,0.0000,1.0
2004-07-16,86.05,86.48,84.28,84.28,41.974895805854246,10441400,0.0000,1.0
2004-07-19,84.5,85.85,84.4,85.3,42.482897629797904,6596000,0.0000,1.0
2004-07-20,85.63,86.49,85.3,86.36,43.01082109389621,5651300,0.0000,1.0
2004-07-21,86.75,87.11,85.3,85.3,42.482897629797904,5534000,0.0000,1.0
2004-07-22,85.0,86.4,84.68,86.06,42.86140879273631,5972600,0.0000,1.0
2004-07-23,85.7,86.06,84.5,84.85,42.258779178058056,4309400,0.0000,1.0
2004-07-26,84.85,85.58,84.51,85.09,42.37830901898597,4517500,0.0000,1.0
2004-07-27,85.6,86.3,85.45,85.88,42.77176141204038,4098500,0.0000,1.0
2004-07-28,85.88,86.28,84.88,85.85,42.75682018192438,6566200,0.0000,1.0
2004-07-29,86.25,87.22,86.23,86.77,43.21501790548141,4232300,0.0000,1.0
2004-07-30,86.45,87.4,86.3875,87.07,43.3644302066413,3508500,0.0000,1.0
2004-08-02,86.87,87.39,86.42,86.69,43.175174625172104,3408400,0.0000,1.0
2004-08-03,86.7,86.8,85.44,85.71,42.687094441383095,4147200,0.0000,1.0
2004-08-04,85.3,86.65,85.25,85.97,42.816585102388345,4160600,0.0000,1.0
2004-08-05,85.97,86.42,85.01,85.19,42.428113119372604,3879900,0.0000,1.0
2004-08-06,84.38,84.76,83.42,83.48,41.66611038345713,5219200,0.1800,1.0
2004-08-09,83.48,83.96,82.87,83.55,41.70104842522572,3621100,0.0000,1.0
2004-08-10,84.0,84.99,83.81,84.99,42.41977385589388,4351000,0.0000,1.0
2004-08-11,83.7,83.98,83.1,83.69,41.7709245087629,5288000,0.0000,1.0
2004-08-12,83.05,83.05,81.9,82.21,41.0322344827984,7134900,0.0000,1.0
2004-08-13,82.54,83.94,82.51,83.91,41.88072978289276,5801900,0.0000,1.0
2004-08-16,83.7,84.56,83.51,84.02,41.93563241995769,4361500,0.0000,1.0
2004-08-17,84.1,84.54,83.66,84.04,41.945614717605864,3559400,0.0000,1.0
2004-08-18,83.6,85.13,83.57,85.13,42.48964993943107,4397500,0.0000,1.0
2004-08-19,84.75,85.35,84.45,84.89,42.36986236765304,4704500,0.0000,1.0
2004-08-20,84.52,85.25,84.52,85.25,42.54954372532008,4501400,0.0000,1.0
2004-08-23,85.23,85.45,84.65,84.65,42.250074795875015,4260600,0.0000,1.0
2004-08-24,85.0,85.15,84.35,84.71,42.28002168881952,2710400,0.0000,1.0
2004-08-25,85.0,85.27,84.55,85.07,42.45970304648656,4405600,0.0000,1.0
2004-08-26,85.0,85.04,84.69,84.69,42.27003939117135,3134400,0.0000,1.0
2004-08-27,84.65,84.95,84.59,84.94,42.39481811177346,2444800,0.0000,1.0
2004-08-30,84.57,84.99,84.39,84.4,42.12529607527291,2277900,0.0000,1.0
2004-08-31,84.55,84.69,83.65,84.69,42.27003939117135,3399500,0.0000,1.0
2004-09-01,84.05,85.09,84.01,84.22,42.03545539643938,4748500,0.0000,1.0
2004-09-02,84.22,84.78,83.85,84.57,42.210145605282335,3380400,0.0000,1.0
2004-09-03,84.3,84.69,83.96,84.39,42.12030492644882,3479800,0.0000,1.0
2004-09-07,84.7,85.44,84.6,84.97,42.409791558245715,4002800,0.0000,1.0
2004-09-08,84.9,86.51,84.88,85.86,42.85400380358923,5721200,0.0000,1.0
2004-09-09,85.86,86.79,85.86,86.44,43.143490435386134,4517400,0.0000,1.0
2004-09-10,86.43,87.0,86.25,86.76,43.30320719775684,3753500,0.0000,1.0
2004-09-13,87.0,87.28,86.08,86.49,43.16844617950655,4801400,0.0000,1.0
2004-09-14,86.6,86.88,86.15,86.72,43.2832426024605,3953500,0.0000,1.0
2004-09-15,85.94,86.5,85.89,86.37,43.10855239361754,4631200,0.0000,1.0
2004-09-16,86.2,86.96,85.93,86.12,42.983773673015435,3623000,0.0000,1.0
2004-09-17,86.4,86.5,85.44,85.74,42.79411001770022,6198700,0.0000,1.0
2004-09-20,85.4,86.43,85.4,85.7,42.77414542240388,4380400,0.0000,1.0
2004-09-21,85.7,86.11,85.34,85.72,42.78412772005205,4049700,0.0000,1.0
2004-09-22,85.35,85.44,84.17,84.31,42.080375735856144,5037100,0.0000,1.0
2004-09-23,84.04,84.27,83.24,83.88,41.8657563364205,4801200,0.0000,1.0
2004-09-24,83.8,84.74,83.78,84.43,42.14026952174516,4899500,0.0000,1.0
2004-09-27,84.1,84.44,83.98,84.16,42.00550850349487,4650300,0.0000,1.0
2004-09-28,84.35,84.65,83.88,84.48,42.16522526586558,3874200,0.0000,1.0
2004-09-29,84.48,84.98,84.15,84.98,42.414782707069804,4204500,0.0000,1.0
2004-09-30,85.14,85.98,85.01,85.74,42.79411001770022,5198000,0.0000,1.0
2004-10-01,85.95,86.98,85.88,86.72,43.2832426024605,4538000,0.0000,1.0
2004-10-04,87.0,88.1,86.72,87.16,43.50285315072021,5001400,0.0000,1.0
2004-10-05,87.95,88.03,87.13,87.32,43.58271153190556,5150700,0.0000,1.0
2004-10-06,87.14,88.1,87.1,88.04,43.94207424723965,3984400,0.0000,1.0
2004-10-07,88.04,88.1,87.4,87.42,43.63262302014641,3076900,0.0000,1.0
2004-10-08,87.43,87.91,86.51,86.71,43.27825145363641,4090000,0.0000,1.0
2004-10-11,86.77,87.2,86.27,86.63,43.238322263043734,3016300,0.0000,1.0
2004-10-12,86.02,86.2,85.58,86.0,42.92387988712642,4626600,0.0000,1.0
2004-10-13,86.26,86.48,84.43,84.98,42.414782707069804,6651400,0.0000,1.0
2004-10-14,84.75,84.98,84.3,84.78,42.314959730588114,4233700,0.0000,1.0
2004-10-15,84.78,85.25,84.6,84.85,42.3498977723567,5928500,0.0000,1.0
2004-10-18,84.3,86.15,84.29,85.92,42.88395069653374,7182600,0.0000,1.0
2004-10-19,88.2,89.73,88.0,89.37,44.60589704084288,13692200,0.0000,1.0
2004-10-20,88.45,89.19,88.29,88.82,44.33138385551823,6926800,0.0000,1.0
2004-10-21,88.4,88.76,87.66,88.1,43.972021140184154,6137500,0.0000,1.0
2004-10-22,88.22,88.45,87.29,87.39,43.61764957367416,5988700,0.0000,1.0
2004-10-25,87.36,88.9,87.31,88.43,44.13672905137894,5774500,0.0000,1.0
2004-10-26,88.33,89.57,88.25,89.0,44.42122453435176,7335800,0.0000,1.0
2004-10-27,88.58,90.27,88.5,90.0,44.9203394167602,6035100,0.0000,1.0
2004-10-28,89.8,90.24,89.43,89.5,44.670781975555975,4226500,0.0000,1.0
2004-10-29,89.4,89.9,88.95,89.75,44.79556069615809,4518500,0.0000,1.0
2004-11-01,89.33,90.6,89.23,90.11,44.975242053825134,5160600,0.0000,1.0
2004-11-02,89.55,91.22,89.5,90.47,45.15492341149217,5388700,0.0000,1.0
2004-11-03,91.25,91.9,90.97,91.2,45.51927727565034,6553300,0.0000,1.0
2004-11-04,91.05,92.7,90.82,92.38,46.108232836892306,6951600,0.0000,1.0
2004-11-05,92.4,93.52,92.4,93.28,46.55743623105991,6708400,0.0000,1.0
2004-11-08,92.5,93.7,92.5,93.37,46.69219724931019,4907300,0.1800,1.0
2004-11-09,93.0,93.95,93.0,93.37,46.69219724931019,4513100,0.0000,1.0
2004-11-10,92.92,94.3,92.92,93.61,46.81221574925487,6258400,0.0000,1.0
2004-11-11,93.6,95.22,93.54,94.79,47.40230670731619,7453400,0.0000,1.0
2004-11-12,94.66,95.5,94.56,95.32,47.66734756136068,4958400,0.0000,1.0
2004-11-15,95.08,96.0,94.8,95.92,47.96739381122238,4887600,0.0000,1.0
2004-11-16,95.25,95.5,94.65,94.89,47.452314415626475,5684100,0.0000,1.0
2004-11-17,95.3,96.63,95.3,95.46,47.737358352995074,6353200,0.0000,1.0
2004-11-18,95.36,95.7,95.03,95.1,47.557330603078064,4655900,0.0000,1.0
2004-11-19,94.95,95.16,94.25,94.45,47.23228049906123,5679100,0.0000,1.0
2004-11-22,94.3,95.4,94.16,95.11,47.562331373909096,5814100,0.0000,1.0
2004-11-23,94.7,95.37,94.55,95.28,47.64734447803657,5529900,0.0000,1.0
2004-11-24,95.04,95.79,95.0375,95.46,47.737358352995074,3750600,0.0000,1.0
2004-11-26,95.05,95.38,94.58,94.72,47.36730131149899,2204300,0.0000,1.0
2004-11-29,94.94,96.38,94.94,95.5,47.757361436319194,5699800,0.0000,1.0
2004-11-30,95.15,95.65,94.24,94.24,47.127264311609636,5870300,0.0000,1.0
2004-12-01,94.5,96.07,94.47,95.88,47.94739072789826,5664500,0.0000,1.0
2004-12-02,95.65,96.78,95.49,95.76,47.88738147792593,5152300,0.0000,1.0
2004-12-03,96.55,97.63,96.55,97.08,48.54748322762165,7026800,0.0000,1.0
2004-12-06,96.88,97.9,96.65,97.67,48.84252870665231,5263000,0.0000,1.0
2004-12-07,97.7,98.25,95.99,96.1,48.05740768618088,6477100,0.0000,1.0
2004-12-08,96.43,97.35,95.77,96.65,48.33245008188744,5310700,0.0000,1.0
2004-12-09,96.2,97.6,95.71,97.51,48.76251637335586,5713700,0.0000,1.0
2004-12-10,96.1,97.99,96.1,96.67,48.34245162354949,4188300,0.0000,1.0
2004-12-13,96.85,97.2,96.08,96.45,48.23243466526687,4799500,0.0000,1.0
2004-12-14,96.3,97.7,96.2884,97.31,48.66250095673529,4493200,0.0000,1.0
2004-12-15,96.92,97.7,96.81,97.33,48.67250249839735,3914500,0.0000,1.0
2004-12-16,96.8,98.15,96.8,97.45,48.73251174836969,5660100,0.0000,1.0
2004-12-17,97.0,98.0,96.2,96.2,48.10741539449117,8853100,0.0000,1.0
2004-12-20,96.35,97.57,96.35,96.55,48.28244237357715,4769900,0.0000,1.0
2004-12-21,96.59,97.15,96.51,97.02,48.51747860263548,4841800,0.0000,1.0
2004-12-22,97.35,97.98,97.29,97.61,48.81252408166614,4950100,0.0000,1.0
2004-12-23,97.5,98.0,97.5,97.72,48.86753256080745,3590600,0.0000,1.0
2004-12-27,97.69,97.97,97.38,97.5,48.75751560252483,3262900,0.0000,1.0
2004-12-28,97.4,98.55,97.37,98.3,49.157577269007085,4336400,0.0000,1.0
2004-12-29,97.81,98.47,97.8,98.18,49.09756801903475,3296300,0.0000,1.0
2004-12-30,98.1,99.0,98.07,98.3,49.157577269007085,3812400,0.0000,1.0
2004-12-31,98.6,98.91,98.49,98.58,49.297598852275875,2793200,0.0000,1.0
2005-01-03,98.97,99.1,97.25,97.75,48.882534873300536,5295200,0.0000,1.0
2005-01-04,97.74,98.42,96.52,96.7,48.357453936042575,5711000,0.0000,1.0
2005-01-05,96.6,97.83,96.4,96.5,48.25743851942201,5646700,0.0000,1.0
2005-01-06,96.54,96.98,96.05,96.2,48.10741539449117,4561700,0.0000,1.0
2005-01-07,96.5,96.8,95.47,95.78,47.897383019587984,6200700,0.0000,1.0
2005-01-10,95.78,96.09,95.24,95.68,47.8473753112777,4625100,0.0000,1.0
2005-01-11,95.68,95.79,94.71,95.0,47.50732289476778,4746400,0.0000,1.0
2005-01-12,95.0,95.28,94.06,95.21,47.61233908221937,5828600,0.0000,1.0
2005-01-13,95.39,96.2,93.7,94.45,47.23228049906123,5339400,0.0000,1.0
2005-01-14,94.01,94.25,93.55,94.1,47.05725351997524,5520800,0.0000,1.0
2005-01-18,93.65,95.34,93.62,94.9,47.45731518645751,8492100,0.0000,1.0
2005-01-19,94.95,95.15,92.93,93.1,46.557176436872425,7352700,0.0000,1.0
2005-01-20,92.61,93.84,92.6,93.0,46.50716872856214,5708600,0.0000,1.0
2005-01-21,93.0,93.3,92.23,92.38,46.1971209370384,7002600,0.0000,1.0
2005-01-24,92.7,92.85,91.76,91.79,45.90207545800774,6537300,0.0000,1.0
2005-01-25,91.98,92.59,91.95,92.19,46.10210629124886,5070700,0.0000,1.0
2005-01-26,92.3,92.87,91.94,91.95,45.98208779130419,5352000,0.0000,1.0
2005-01-27,91.5,92.22,91.44,91.98,45.99709010379727,4746900,0.0000,1.0
2005-01-28,92.68,93.59,92.48,92.89,46.452160249420835,5960600,0.0000,1.0
2005-01-31,93.65,93.95,93.05,93.42,46.71720110346533,4759900,0.0000,1.0
2005-02-01,93.67,94.0,93.37,93.86,46.93723502003057,3637400,0.0000,1.0
2005-02-02,93.78,94.35,93.63,94.3,47.157268936595806,3597400,0.0000,1.0
2005-02-03,93.87,93.94,93.06,93.54,46.777210353437674,3928700,0.0000,1.0
2005-02-04,93.01,94.74,93.0,94.51,47.2622851240474,3807600,0.0000,1.0
2005-02-07,94.35,94.9,94.33,94.53,47.27228666570946,2837800,0.0000,1.0
2005-02-08,94.28,94.64,94.13,94.13,47.16226970742684,3541100,0.1800,1.0
2005-02-09,94.14,94.83,92.54,92.7,46.44579200975744,5657100,0.0000,1.0
2005-02-10,92.95,93.1,92.3,92.76,46.47585401105826,4838400,0.0000,1.0
2005-02-11,92.7,93.97,92.5,93.3,46.746412022765576,4229300,0.0000,1.0
2005-02-14,93.16,94.02,93.16,93.57,46.88169102861924,2868800,0.0000,1.0
2005-02-15,93.5,94.67,93.48,94.33,47.262476378429554,4148000,0.0000,1.0
2005-02-16,94.23,94.97,94.2,94.62,47.407776051383486,4466500,0.0000,1.0
2005-02-17,94.5,94.76,93.74,93.75,46.97187703252168,4254200,0.0000,1.0
2005-02-18,93.75,94.25,92.55,93.27,46.73138102211517,4265300,0.0000,1.0
2005-02-22,92.67,93.5,92.23,92.32,46.255399334852285,4825100,0.0000,1.0
2005-02-23,92.29,92.44,91.55,92.1,46.1451719967493,5622800,0.0000,1.0
2005-02-24,91.98,93.09,91.85,92.64,46.41573000845663,4153900,0.0000,1.0
2005-02-25,92.35,92.8,92.29,92.8,46.495895345258795,4078500,0.0000,1.0
2005-02-28,92.53,92.76,92.41,92.58,46.385668007155815,4949800,0.0000,1.0
2005-03-01,92.64,93.43,92.59,93.3,46.746412022765576,3819900,0.0000,1.0
2005-03-02,92.75,93.73,92.75,92.92,46.55601934786043,4467400,0.0000,1.0
2005-03-03,93.15,93.21,92.2,92.41,46.30049233680351,4037800,0.0000,1.0
2005-03-04,92.94,93.18,92.36,92.37,46.280451002602966,4754000,0.0000,1.0
2005-03-07,92.35,92.51,91.59,91.6,45.89465531924252,7046900,0.0000,1.0
2005-03-08,91.7,92.56,91.7,92.13,46.16020299739971,5087800,0.0000,1.0
2005-03-09,92.02,93.0,92.01,92.35,46.27043033550269,4511200,0.0000,1.0
2005-03-10,92.35,92.8,92.09,92.41,46.30049233680351,3422500,0.0000,1.0
2005-03-11,92.25,92.41,91.2,91.51,45.8495623172913,4494300,0.0000,1.0
2005-03-14,91.5,92.04,91.5,91.9,46.044965325746595,3935500,0.0000,1.0
2005-03-15,92.0,92.27,91.2,91.38,45.78442798113954,3663100,0.0000,1.0
2005-03-16,90.74,91.4,90.25,90.65,45.41867363197964,5065300,0.0000,1.0
2005-03-17,90.49,90.68,89.7,89.86,45.02285728151892,5562100,0.0000,1.0
2005-03-18,89.86,89.9,89.09,89.28,44.73225793561105,7541500,0.0000,1.0
2005-03-21,89.42,90.28,89.27,89.51,44.84749560726417,4402400,0.0000,1.0
2005-03-22,89.61,90.34,89.26,89.5,44.84248527371403,4452500,0.0000,1.0
2005-03-23,89.97,91.17,89.82,90.52,45.353539295827865,5472100,0.0000,1.0
2005-03-24,90.8,91.55,90.7,90.7,45.44372529973031,4577100,0.0000,1.0
2005-03-28,90.71,91.63,90.62,91.04,45.614076640434924,4088900,0.0000,1.0
2005-03-29,90.74,91.07,90.18,90.6,45.393621964228956,6070400,0.0000,1.0
2005-03-30,90.32,90.88,90.32,90.68,45.43370463263005,5253900,0.0000,1.0
2005-03-31,90.46,91.41,90.22,91.38,45.78442798113954,4418600,0.0000,1.0
2005-04-01,91.49,91.76,90.04,90.44,45.31345662742678,5721200,0.0000,1.0
2005-04-04,90.08,90.62,89.773,90.32,45.253332624825156,3737800,0.0000,1.0
2005-04-05,90.23,90.33,89.26,89.57,44.87755760856498,4568400,0.0000,1.0
2005-04-06,89.05,89.38,88.706,89.0,44.59196859620725,7836800,0.0000,1.0
2005-04-07,89.0,89.2,88.1,88.44,44.31138991739965,6355700,0.0000,1.0
2005-04-08,88.28,88.46,87.5,87.6,43.89052189918826,5179200,0.0000,1.0
2005-04-11,87.35,87.56,86.09,86.2,43.18907520216927,8296500,0.0000,1.0
2005-04-12,85.9,86.24,85.17,85.75,42.963610192413164,8429700,0.0000,1.0
2005-04-13,85.76,85.9722,84.24,84.57,42.37239083349716,7090700,0.0000,1.0
2005-04-14,84.63,85.41,83.47,83.64,41.90642981333455,10421200,0.0000,1.0
2005-04-15,79.49,79.66,76.33,76.7,38.42925832954041,27906300,0.0000,1.0
2005-04-18,77.15,77.75,76.14,76.65,38.40420666178973,13255000,0.0000,1.0
2005-04-19,76.98,77.2,75.25,75.48,37.81799763642386,9259900,0.0000,1.0
2005-04-20,75.48,75.87,71.85,72.01,36.07941189452679,20366300,0.0000,1.0
2005-04-21,72.99,74.1,72.8,74.0,37.07646827100378,16224400,0.0000,1.0
2005-04-22,74.05,74.7,73.26,74.21,37.181685275556625,10984400,0.0000,1.0
2005-04-25,75.24,75.72,74.05,74.61,37.38209861756206,10219400,0.0000,1.0
2005-04-26,74.68,76.98,74.65,75.43,37.79294596867318,12484300,0.0000,1.0
2005-04-27,75.69,77.18,75.5,77.05,38.604620003795155,11631400,0.0000,1.0
2005-04-28,77.05,77.11,75.65,75.91,38.03344197907969,8629200,0.0000,1.0
2005-04-29,77.05,77.08,75.91,76.38,38.26892765593606,8147700,0.0000,1.0
2005-05-02,76.88,77.29,76.03,76.51,38.33406199208783,7232500,0.0000,1.0
2005-05-03,76.78,76.96,75.93,76.47,38.31402065788728,6196300,0.0000,1.0
2005-05-04,76.6,77.2,76.5,77.08,38.61965100444556,5512300,0.0000,1.0
2005-05-05,78.0,78.11,75.33,75.5,37.82801830352413,12371800,0.0000,1.0
2005-05-06,75.56,75.92,74.97,75.26,37.80797696932358,7750300,0.2000,1.0
2005-05-09,75.26,75.46,74.71,74.98,37.66731481743134,5616700,0.0000,1.0
2005-05-10,74.75,74.76,73.04,73.3,36.82334190607784,7982200,0.0000,1.0
2005-05-11,73.63,73.69,72.51,73.28,36.81329460951412,6915700,0.0000,1.0
2005-05-12,73.53,73.8,72.5,72.62,36.48173382291096,6061900,0.0000,1.0
2005-05-13,72.53,73.86,72.52,73.16,36.75301083013172,7150600,0.0000,1.0
2005-05-16,73.09,74.49,73.09,74.34,37.34580132739191,5501500,0.0000,1.0
2005-05-17,73.93,74.43,73.33,74.29,37.32068308598259,5135600,0.0000,1.0
2005-05-18,75.0,76.816,74.69,76.36,38.360578280328845,10309600,0.0000,1.0
2005-05-19,76.5,77.64,76.37,77.16,38.76247014287812,7030400,0.0000,1.0
2005-05-20,77.28,77.28,76.36,76.41,38.385696521738176,6329800,0.0000,1.0
2005-05-23,76.3,76.95,76.0,76.51,38.43593300455684,4759800,0.0000,1.0
2005-05-24,76.14,76.51,75.56,75.81,38.084277624826214,5660700,0.0000,1.0
2005-05-25,75.42,76.03,75.17,76.0,38.17972694218167,5483400,0.0000,1.0
2005-05-26,76.45,77.41,76.29,77.14,38.752422846314396,5832000,0.0000,1.0
2005-05-27,77.11,77.24,76.53,77.1,38.73232825318693,3163900,0.0000,1.0
2005-05-31,76.6,77.41,75.5,75.55,37.9536627694977,6419000,0.0000,1.0
2005-06-01,75.57,77.5,75.57,76.84,38.60171339785842,7380600,0.0000,1.0
2005-06-02,76.75,77.39,76.68,77.35,38.857919460233575,4025600,0.0000,1.0
2005-06-03,77.06,77.1,75.74,75.79,38.07423032826249,6149900,0.0000,1.0
2005-06-06,75.8,75.9,74.92,75.0,37.677362113995066,5978600,0.0000,1.0
2005-06-07,75.0,76.09,75.0,75.04,37.697456707122534,5226600,0.0000,1.0
2005-06-08,75.15,75.4,74.63,74.8,37.57688914835774,4280000,0.0000,1.0
2005-06-09,74.58,75.47,74.23,74.93,37.64219657602201,4423200,0.0000,1.0
2005-06-10,74.25,75.05,74.1,74.77,37.561818203512146,4895800,0.0000,1.0
2005-06-13,74.5,75.93,74.45,75.05,37.7024803554044,5715700,0.0000,1.0
2005-06-14,75.05,75.43,74.73,74.89,37.62210198289454,4314900,0.0000,1.0
2005-06-15,75.7,76.5,75.15,76.3,38.33043639063765,7103600,0.0000,1.0
2005-06-16,76.4,77.25,76.31,77.05,38.7072100117776,7840000,0.0000,1.0
2005-06-17,77.7,77.73,76.38,76.39,38.37564922517444,8593800,0.0000,1.0
2005-06-20,76.03,76.98,75.57,76.55,38.4560275976843,3745600,0.0000,1.0
2005-06-21,76.7,77.0,76.11,76.41,38.385696521738176,5339100,0.0000,1.0
2005-06-22,76.83,77.49,76.67,77.23,38.79763568085119,5646300,0.0000,1.0
2005-06-23,76.81,76.97,75.06,75.41,37.883331693551575,7766700,0.0000,1.0
2005-06-24,75.17,75.4,74.0,74.01,37.18002093409034,10792100,0.0000,1.0
2005-06-27,74.01,74.77,73.5,73.88,37.11471350642607,6489800,0.0000,1.0
2005-06-28,73.83,75.301,73.45,75.3,37.82807156245104,8188800,0.0000,1.0
2005-06-29,75.26,75.68,74.62,74.73,37.541723610384686,5519100,0.0000,1.0
2005-06-30,74.8,75.49,74.07,74.2,37.27547025144579,6127000,0.0000,1.0
2005-07-01,74.3,75.33,74.3,74.67,37.51158172069349,4353100,0.0000,1.0
2005-07-05,74.38,74.97,74.16,74.79,37.57186550007589,5181800,0.0000,1.0
2005-07-06,74.8,76.15,74.4,75.81,38.084277624826214,8009300,0.0000,1.0
2005-07-07,75.15,77.53,75.0,77.38,38.87299040507918,10757200,0.0000,1.0
2005-07-08,77.38,79.52,77.14,79.3,39.83753087519745,13440500,0.0000,1.0
2005-07-11,79.4,79.52,78.52,78.96,39.66672683361401,7186700,0.0000,1.0
2005-07-12,79.2,80.49,79.18,80.04,40.20928084805554,10945500,0.0000,1.0
2005-07-13,81.16,81.75,81.16,81.45,40.917615255798644,11340000,0.0000,1.0
2005-07-14,82.0,82.67,82.0,82.42,41.40490913913965,8546200,0.0000,1.0
2005-07-15,82.43,82.75,81.52,82.38,41.38481454601218,7644100,0.0000,1.0
2005-07-18,81.99,83.94,81.68,81.81,41.09846659394582,8705600,0.0000,1.0
2005-07-19,84.72,85.11,83.7,83.7,42.0479361192185,14149700,0.0000,1.0
2005-07-20,83.2,84.96,82.99,84.6,42.50006446458644,9323200,0.0000,1.0
2005-07-21,84.6,84.95,83.4,84.4,42.39959149894912,8265300,0.0000,1.0
2005-07-22,83.98,84.63,83.86,84.44,42.41968609207658,4570400,0.0000,1.0
2005-07-25,83.98,84.52,83.92,84.2,42.2991185333118,4457800,0.0000,1.0
2005-07-26,84.15,84.35,83.85,84.12,42.25892934705687,4542900,0.0000,1.0
2005-07-27,83.8,84.13,82.81,83.87,42.13333814001022,4862200,0.0000,1.0
2005-07-28,83.55,83.97,83.27,83.8,42.09817260203715,6189700,0.0000,1.0
2005-07-29,83.3,83.95,83.22,83.46,41.92736856045371,4330300,0.0000,1.0
2005-08-01,83.0,83.85,82.85,83.43,41.91229761560812,3664300,0.0000,1.0
2005-08-02,83.27,83.86,83.04,83.31,41.85201383622572,5380700,0.0000,1.0
2005-08-03,83.31,84.2,83.11,84.06,42.22878745736568,4256200,0.0000,1.0
2005-08-04,83.75,83.89,82.98,83.12,41.75656451887027,5249900,0.0000,1.0
2005-08-05,82.75,83.74,82.73,83.36,41.87713207763505,3714600,0.0000,1.0
2005-08-08,83.41,83.89,83.02,83.36,41.97760504327237,4424300,0.2000,1.0
2005-08-09,83.4,83.95,82.94,83.5,42.04810485980378,3793500,0.0000,1.0
2005-08-10,83.65,84.01,81.97,82.02,41.302821085043185,5402400,0.0000,1.0
2005-08-11,81.93,82.75,81.62,82.66,41.62510596061533,4570400,0.0000,1.0
2005-08-12,82.15,82.58,82.0572,82.19,41.388428005117035,4378200,0.0000,1.0
2005-08-15,81.9,82.94,81.61,82.5,41.544534741722295,3431100,0.0000,1.0
2005-08-16,82.07,82.43,81.09,81.3,40.94025060002451,4407400,0.0000,1.0
2005-08-17,81.4,81.94,80.84,81.3,40.94025060002451,4853000,0.0000,1.0
2005-08-18,81.1,82.0,80.8,81.15,40.864715082312294,3713300,0.0000,1.0
2005-08-19,81.36,83.3,81.16,82.76,41.67546297242348,6481000,0.0000,1.0
2005-08-22,82.75,83.35,81.85,82.6,41.59489175353044,5157200,0.0000,1.0
2005-08-23,82.7,83.14,81.6,82.03,41.307856786224,4000300,0.0000,1.0
2005-08-24,81.53,82.4,81.23,81.32,40.950322002386145,4417600,0.0000,1.0
2005-08-25,81.45,81.45,80.72,81.1,40.839536576408214,3606100,0.0000,1.0
2005-08-26,80.81,81.02,80.26,80.38,40.47696609138955,5029300,0.0000,1.0
2005-08-29,80.0,81.75,79.9,81.34,40.96039340474778,4025300,0.0000,1.0
2005-08-30,81.0,81.0,79.98,80.54,40.55753731028259,5674200,0.0000,1.0
2005-08-31,80.35,80.79,79.87,80.62,40.59782291972911,5400800,0.0000,1.0
2005-09-01,80.16,80.32,79.34,79.54,40.053967192201114,6390600,0.0000,1.0
2005-09-02,79.5,80.01,79.46,79.46,40.013681582754586,3680600,0.0000,1.0
2005-09-06,79.7,81.19,79.7,81.02,40.7992509669617,6305500,0.0000,1.0
2005-09-07,80.7,81.13,80.32,80.98,40.779108162238444,4116300,0.0000,1.0
2005-09-08,81.28,81.52,80.5,80.8,40.68846554098378,4277300,0.0000,1.0
2005-09-09,80.86,81.49,80.52,81.44,41.01075041655592,3982200,0.0000,1.0
2005-09-12,81.03,82.11,81.0,81.48,41.030893221279186,3692800,0.0000,1.0
2005-09-13,81.49,81.49,80.52,80.75,40.663287035079705,5040900,0.0000,1.0
2005-09-14,80.75,81.4,80.42,80.48,40.5273231031977,3887700,0.0000,1.0
2005-09-15,80.43,80.65,79.67,80.01,40.29064514769941,4864100,0.0000,1.0
2005-09-16,80.38,80.5,79.83,80.33,40.45178758548548,7624900,0.0000,1.0
2005-09-19,79.74,79.98,79.01,79.43,39.998574479212145,5148500,0.0000,1.0
2005-09-20,79.27,79.65,78.63,78.7,39.630968293012664,7122300,0.0000,1.0
2005-09-21,78.0,78.46,77.37,77.56,39.05689835839977,7126000,0.0000,1.0
2005-09-22,77.56,78.5,77.3,78.21,39.38421893515273,6870400,0.0000,1.0
2005-09-23,77.7,78.11,77.5,78.0,39.278469210355624,5434600,0.0000,1.0
2005-09-26,78.31,78.41,76.93,77.41,38.981362840687545,5433200,0.0000,1.0
2005-09-27,77.17,78.6,77.16,77.99,39.27343350917481,5499600,0.0000,1.0
2005-09-28,78.06,79.73,78.06,79.5,40.03382438747785,7747700,0.0000,1.0
2005-09-29,79.25,80.55,78.87,80.36,40.466894689027924,5899700,0.0000,1.0
2005-09-30,80.02,80.5,79.97,80.22,40.396394872496515,5536500,0.0000,1.0
2005-10-03,80.22,80.6,79.5,80.45,40.51221599965526,5297600,0.0000,1.0
2005-10-04,80.65,81.47,79.93,80.11,40.34100215950755,6365100,0.0000,1.0
2005-10-05,80.11,80.68,79.56,79.82,40.19496682526392,4998800,0.0000,1.0
2005-10-06,79.82,80.27,78.7,79.7,40.13453841109415,8130200,0.0000,1.0
2005-10-07,80.25,81.12,80.09,80.5,40.537394505559334,6130100,0.0000,1.0
2005-10-10,81.24,82.1,81.08,81.25,40.91507209412044,7882900,0.0000,1.0
2005-10-11,82.25,83.52,81.97,83.19,41.89199812319852,9781300,0.0000,1.0
2005-10-12,82.75,82.93,81.95,82.19,41.388428005117035,7580800,0.0000,1.0
2005-10-13,81.7,83.2,81.7,82.2,41.39346370629785,5530600,0.0000,1.0
2005-10-14,82.6,82.71,81.6,82.35,41.46899922401007,5573700,0.0000,1.0
2005-10-17,82.36,82.99,81.93,82.59,41.58985605234963,7964800,0.0000,1.0
2005-10-18,84.33,84.6,83.35,83.48,42.038033457442154,12045300,0.0000,1.0
2005-10-19,82.41,84.2,82.38,84.17,42.38549683891837,7502600,0.0000,1.0
2005-10-20,84.0,84.19,82.88,83.17,41.88192672083689,5752700,0.0000,1.0
2005-10-21,83.08,84.0,82.91,83.33,41.96249793972993,6020700,0.0000,1.0
2005-10-24,83.15,83.61,82.6,83.47,42.03299775626133,5482200,0.0000,1.0
2005-10-25,83.08,83.95,82.71,83.36,41.97760504327237,5393300,0.0000,1.0
2005-10-26,82.97,83.87,82.72,82.89,41.740927087774075,4270800,0.0000,1.0
2005-10-27,82.53,82.93,82.25,82.31,41.44885641928681,3705800,0.0000,1.0
2005-10-28,82.32,82.43,80.5,81.42,41.0006790141943,6941300,0.0000,1.0
2005-10-31,81.51,82.3,81.3,81.88,41.232321268511775,7531200,0.0000,1.0
2005-11-01,81.85,82.15,81.29,81.59,41.08628593426815,5653100,0.0000,1.0
2005-11-02,81.2,81.89,80.64,81.06,40.819393771684965,6447400,0.0000,1.0
2005-11-03,81.55,83.03,81.31,82.87,41.73085568541244,7690900,0.0000,1.0
2005-11-04,82.91,83.3,82.6454,83.0,41.79631980076304,3831400,0.0000,1.0
2005-11-07,83.1,83.85,83.07,83.61,42.10349757279274,4455100,0.0000,1.0
2005-11-08,83.41,83.9,83.11,83.15,41.97256934209155,3798000,0.2000,1.0
2005-11-09,82.71,83.33,82.49,82.84,41.81608712325754,3936200,0.0000,1.0
2005-11-10,82.7,84.3,82.3,83.99,42.39658567699662,4732000,0.0000,1.0
2005-11-11,84.2,84.84,84.15,84.55,42.67926323360001,4841300,0.0000,1.0
2005-11-14,84.25,85.0,84.11,84.36,42.58335477689529,3915300,0.0000,1.0
2005-11-15,84.03,85.9,84.03,85.53,43.17394895765593,6830800,0.0000,1.0
2005-11-16,85.45,86.58,85.39,86.54,43.68377812224418,6694100,0.0000,1.0
2005-11-17,86.18,86.98,85.76,86.89,43.86045159512129,5293600,0.0000,1.0
2005-11-18,88.0,88.0,87.17,87.77,44.30465918406946,7985800,0.0000,1.0
2005-11-21,87.6,87.87,87.01,87.29,44.06236413555228,4807900,0.0000,1.0
2005-11-22,86.88,88.08,86.88,87.99,44.415711081306505,5786600,0.0000,1.0
2005-11-23,88.12,89.39,87.95,88.8,44.82458397567925,5399300,0.0000,1.0
2005-11-25,88.95,89.32,88.62,88.8,44.82458397567925,2199300,0.0000,1.0
2005-11-28,88.8,89.43,88.75,89.11,44.98106619451327,5197900,0.0000,1.0
2005-11-29,89.18,89.94,89.02,89.1,44.97601838100249,5147000,0.0000,1.0
2005-11-30,89.05,89.64,88.73,88.9,44.875062110787006,6021500,0.0000,1.0
2005-12-01,89.15,89.74,89.05,89.21,45.03154432962101,4668500,0.0000,1.0
2005-12-02,89.0,89.15,88.36,88.65,44.74886677301764,4730500,0.0000,1.0
2005-12-05,88.4,88.65,87.71,88.43,44.63781487578059,4023600,0.0000,1.0
2005-12-06,88.56,89.84,88.56,89.14,44.996209635045595,4871500,0.0000,1.0
2005-12-07,89.0,89.92,88.45,88.72,44.78420146759306,5284000,0.0000,1.0
2005-12-08,88.57,88.91,86.67,87.5,44.16836821927854,5787000,0.0000,1.0
2005-12-09,86.8,87.1,86.33,86.97,43.90083410320749,6461800,0.0000,1.0
2005-12-12,87.01,87.35,85.76,85.96,43.39100493861924,6044100,0.0000,1.0
2005-12-13,84.5,84.9,83.5,83.71,42.255246898694935,12545300,0.0000,1.0
2005-12-14,83.65,83.95,82.95,83.13,41.962473715070004,7161800,0.0000,1.0
2005-12-15,82.88,83.63,82.75,83.53,42.16438625550099,6155900,0.0000,1.0
2005-12-16,83.89,84.0,83.0,83.37,42.0836212393286,7398200,0.0000,1.0
2005-12-19,83.23,83.6,82.65,82.76,41.77570461517134,4985400,0.0000,1.0
2005-12-20,82.95,83.1,82.06,82.48,41.63436583686965,5276200,0.0000,1.0
2005-12-21,82.46,84.0,82.46,83.12,41.95742590155923,6846800,0.0000,1.0
2005-12-22,82.61,83.23,82.3,83.22,42.00790403666698,6573600,0.0000,1.0
2005-12-23,84.0,84.2,83.39,83.48,42.13914718794712,3616200,0.0000,1.0
2005-12-27,83.48,84.5,82.89,82.99,41.89180432591915,4377800,0.0000,1.0
2005-12-28,83.1,83.57,82.8,83.04,41.91704339347304,3836800,0.0000,1.0
2005-12-29,82.8,83.06,82.22,82.4,41.59398332878345,3958400,0.0000,1.0
2005-12-30,81.85,82.49,81.56,82.2,41.49302705856796,5449000,0.0000,1.0
2006-01-03,82.45,82.55,80.81,82.06,41.42235766941711,11715100,0.0000,1.0
2006-01-04,82.2,82.5,81.33,81.95,41.366831720798594,9832800,0.0000,1.0
2006-01-05,81.4,82.9,80.999,82.5,41.6444614638912,7213400,0.0000,1.0
2006-01-06,83.95,85.03,83.41,84.95,42.881175774031,8196900,0.0000,1.0
2006-01-09,83.9,84.25,83.38,83.73,42.265342525716484,6851100,0.0000,1.0
2006-01-10,83.15,84.12,83.12,84.07,42.43696818508282,5700000,0.0000,1.0
2006-01-11,84.37,84.81,83.4,84.17,42.48744632019057,5776400,0.0000,1.0
2006-01-12,83.82,83.96,83.4,83.57,42.184577509544084,4924100,0.0000,1.0
2006-01-13,83.0,83.45,82.5,83.17,41.9826649691131,6921600,0.0000,1.0
2006-01-17,82.8,83.16,82.54,83.0,41.89685213942993,8718400,0.0000,1.0
2006-01-18,84.0,84.7,83.52,84.46,42.63383291200304,10984800,0.0000,1.0
2006-01-19,84.14,84.39,83.02,83.09,41.942282461026906,6483500,0.0000,1.0
2006-01-20,83.04,83.05,81.25,81.36,41.069010723662885,8605800,0.0000,1.0
2006-01-23,81.33,81.92,80.92,81.41,41.094249791216754,6114100,0.0000,1.0
2006-01-24,81.39,82.15,80.8,80.85,40.81157223461337,6069000,0.0000,1.0
2006-01-25,81.05,81.62,80.61,80.91,40.84185911567802,6374300,0.0000,1.0
2006-01-26,81.5,81.65,80.59,80.72,40.7459506589733,7810200,0.0000,1.0
2006-01-27,80.75,81.77,80.75,81.02,40.89738506429654,6103400,0.0000,1.0
2006-01-30,81.02,81.81,80.21,81.63,41.2053016884538,5325100,0.0000,1.0
2006-01-31,81.5,82.0,81.17,81.3,41.03872384259824,6771600,0.0000,1.0
2006-02-01,80.9,82.24,80.65,81.94,41.361783907287816,5419300,0.0000,1.0
2006-02-02,81.45,81.59,80.9,81.23,41.00338914802281,6198000,0.0000,1.0
2006-02-03,80.55,80.77,79.72,79.97,40.3673646456652,9852000,0.0000,1.0
2006-02-06,79.94,79.95,78.93,79.51,40.13516522416957,9568500,0.0000,1.0
2006-02-07,79.5,80.19,79.3,79.65,40.20583461332041,5247300,0.0000,1.0
2006-02-08,80.6,80.9,80.24,80.8,40.887289437274994,5029200,0.2000,1.0
2006-02-09,80.2,80.8,79.5,80.4,40.68487711332809,7609200,0.0000,1.0
2006-02-10,80.4,81.46,80.2,81.33,41.15548576650464,5371900,0.0000,1.0
2006-02-13,81.33,81.91,80.18,80.44,40.705118345722774,5257400,0.0000,1.0
2006-02-14,80.55,81.45,80.35,81.09,41.0340383721365,6075500,0.0000,1.0
2006-02-15,80.86,81.5,80.5,80.85,40.91259097776835,5052000,0.0000,1.0
2006-02-16,80.68,80.91,80.13,80.91,40.94295282636039,5310500,0.0000,1.0
2006-02-17,80.91,81.03,80.13,80.71,40.84174666438694,5298800,0.0000,1.0
2006-02-21,80.1,80.75,79.97,80.5,40.73548019431481,5838000,0.0000,1.0
2006-02-22,80.0,81.65,79.97,81.35,41.16560638270199,5294300,0.0000,1.0
2006-02-23,81.05,81.34,80.04,80.2,40.583670951354634,4979400,0.0000,1.0
2006-02-24,80.65,80.65,79.85,80.1,40.5330678703679,3903200,0.0000,1.0
2006-02-27,80.0,80.89,79.95,80.63,40.801264199597554,3787000,0.0000,1.0
2006-02-28,80.1,80.55,79.71,80.24,40.60391218374932,5960700,0.0000,1.0
2006-03-01,80.01,80.81,79.78,79.9,40.43186170839446,5172300,0.0000,1.0
2006-03-02,79.9,80.21,79.54,79.94,40.452102940789146,4418800,0.0000,1.0
2006-03-03,79.51,80.83,79.51,79.96,40.46222355698649,4354400,0.0000,1.0
2006-03-06,80.05,80.64,79.9,80.0,40.48246478938118,4709500,0.0000,1.0
2006-03-07,79.86,80.79,79.86,80.29,40.62921372424269,4330800,0.0000,1.0
2006-03-08,80.39,81.6,80.25,81.14,41.059339912629866,5569900,0.0000,1.0
2006-03-09,81.15,81.98,80.8,81.02,40.998616215445786,4310700,0.0000,1.0
2006-03-10,81.03,82.25,81.03,81.57,41.27693316087279,4787200,0.0000,1.0
2006-03-13,81.56,82.4,81.45,81.93,41.45910425242501,4571400,0.0000,1.0
2006-03-14,81.51,82.99,81.47,82.88,41.9398335217989,4518000,0.0000,1.0
2006-03-15,82.65,83.76,82.64,83.38,42.19284892673253,5370400,0.0000,1.0
2006-03-16,83.43,83.72,82.61,82.87,41.93477321370023,4299500,0.0000,1.0
2006-03-17,83.28,83.41,82.82,83.3,42.15236646194315,6414400,0.0000,1.0
2006-03-20,83.11,83.75,82.99,83.58,42.29405508870599,3870300,0.0000,1.0
2006-03-21,83.82,84.99,83.58,83.81,42.41044217497546,7404300,0.0000,1.0
2006-03-22,83.66,84.68,83.35,84.45,42.734301893290514,4968600,0.0000,1.0
2006-03-23,84.23,84.27,82.93,83.2,42.10176338095643,5105800,0.0000,1.0
2006-03-24,83.1,83.72,82.99,83.36,42.18272831053519,4198800,0.0000,1.0
2006-03-27,82.98,83.26,82.58,83.08,42.041039683772354,3910100,0.0000,1.0
2006-03-28,82.86,83.39,82.29,82.43,41.712119657358635,4508600,0.0000,1.0
2006-03-29,82.2,83.55,82.2,83.13,42.06634122426572,4392100,0.0000,1.0
2006-03-30,82.88,83.7,82.83,83.2,42.10176338095643,4467000,0.0000,1.0
2006-03-31,82.95,83.6,82.29,82.47,41.73236088975332,5862000,0.0000,1.0
2006-04-03,82.72,83.59,82.65,83.06,42.03091906757501,4121600,0.0000,1.0
2006-04-04,83.1,83.78,82.8,83.45,42.228271083423245,3853000,0.0000,1.0
2006-04-05,83.33,84.45,83.32,84.17,42.59261326652768,5523900,0.0000,1.0
2006-04-06,84.1,84.32,83.36,83.81,42.41044217497546,4944100,0.0000,1.0
2006-04-07,83.6,83.8,82.44,82.48,41.737421197852,5337500,0.0000,1.0
2006-04-10,82.49,82.74,82.0,82.1,41.54512949010243,3627700,0.0000,1.0
2006-04-11,81.83,82.06,80.75,81.16,41.06946052882721,5959700,0.0000,1.0
2006-04-12,81.1,81.37,80.63,80.75,40.86198789678163,3905200,0.0000,1.0
2006-04-13,81.18,82.6,81.12,81.98,41.484405792918366,4799700,0.0000,1.0
2006-04-17,81.77,82.92,81.4,81.64,41.312355317563494,4634200,0.0000,1.0
2006-04-18,81.89,83.53,81.7,83.31,42.15742677004183,7905800,0.0000,1.0
2006-04-19,83.95,84.0,81.26,81.86,41.42368209573429,10554700,0.0000,1.0
2006-04-20,81.65,82.85,81.64,82.02,41.504647025313055,6237200,0.0000,1.0
2006-04-21,82.49,82.5,81.38,81.66,41.32247593376084,6117400,0.0000,1.0
2006-04-24,81.3,82.41,81.1,82.11,41.55018979820111,6604100,0.0000,1.0
2006-04-25,82.16,82.9,81.6,82.67,41.83356705172678,6856300,0.0000,1.0
2006-04-26,82.84,83.48,82.71,83.35,42.17766800243651,6648800,0.0000,1.0
2006-04-27,83.01,84.4,82.7,83.88,42.445864331666165,8174300,0.0000,1.0
2006-04-28,83.51,83.62,81.98,82.34,41.66657688447058,8201800,0.0000,1.0
2006-05-01,82.59,83.31,82.1,82.23,41.610913495385184,6011100,0.0000,1.0
2006-05-02,82.11,82.74,82.0,82.42,41.707059349259964,4336400,0.0000,1.0
2006-05-03,82.54,83.29,82.45,82.7,41.8487479760228,5721100,0.0000,1.0
2006-05-04,82.71,83.09,82.4,82.43,41.712119657358635,3966900,0.0000,1.0
2006-05-05,82.95,83.55,82.7,82.98,41.990436602785636,4504500,0.0000,1.0
2006-05-08,82.6,83.22,82.3,82.89,42.09670307285776,3856500,0.3000,1.0
2006-05-09,82.49,83.29,82.405,83.23,42.26937624265836,4072800,0.0000,1.0
2006-05-10,82.9,83.33,82.6,82.9,42.10178169549895,3430400,0.0000,1.0
2006-05-11,82.65,83.09,82.45,82.46,41.87832229928641,5274500,0.0000,1.0
2006-05-12,82.4,83.69,82.3,82.39,41.84277194079805,5685700,0.0000,1.0
2006-05-15,81.8,83.15,81.8,82.89,42.09670307285776,5776400,0.0000,1.0
2006-05-16,83.0,83.25,82.07,82.16,41.725963620050585,4454800,0.0000,1.0
2006-05-17,81.85,82.2117,81.02,81.27,41.27396620498431,5936000,0.0000,1.0
2006-05-18,80.5,81.35,80.03,80.66,40.96417022387148,5443600,0.0000,1.0
2006-05-19,80.87,81.0,79.51,80.28,40.7711825635061,7019100,0.0000,1.0
2006-05-22,79.94,80.34,79.4,80.02,40.63913837483505,6250900,0.0000,1.0
2006-05-23,80.25,81.3,79.0,79.83,40.54264454465237,5006400,0.0000,1.0
2006-05-24,79.4,80.04,79.06,79.78,40.5172514314464,7389600,0.0000,1.0
2006-05-25,79.89,80.18,79.65,80.14,40.700081846529386,3995000,0.0000,1.0
2006-05-26,80.16,80.86,79.7,80.75,41.00987782764222,3580800,0.0000,1.0
2006-05-30,80.35,80.96,80.15,80.16,40.71023909181177,5049100,0.0000,1.0
2006-05-31,80.15,80.83,79.61,79.9,40.57819490314073,6384900,0.0000,1.0
2006-06-01,79.89,80.87,79.81,80.69,40.979406091795056,4866500,0.0000,1.0
2006-06-02,80.5,80.56,79.15,79.52,40.38520724277535,7232300,0.0000,1.0
2006-06-05,79.1,80.04,79.01,79.06,40.151590601280425,5555800,0.0000,1.0
2006-06-06,79.06,79.9,78.5,79.76,40.50709418616401,7250600,0.0000,1.0
2006-06-07,79.78,80.74,79.12,79.15,40.19729820505117,7924800,0.0000,1.0
2006-06-08,78.74,79.58,76.75,77.03,39.120630205118026,13474400,0.0000,1.0
2006-06-09,77.33,78.1,77.05,78.01,39.61833522395504,6135400,0.0000,1.0
2006-06-12,77.68,78.09,76.85,77.02,39.115551582476826,4924900,0.0000,1.0
2006-06-13,77.27,77.93,76.82,76.93,39.06984397870609,7374100,0.0000,1.0
2006-06-14,77.1,77.85,76.93,77.71,39.46597654471922,6038600,0.0000,1.0
2006-06-15,78.2,78.78,76.95,78.56,39.89765946922072,6679400,0.0000,1.0
2006-06-16,78.26,78.53,77.57,77.95,39.58786348810788,8133500,0.0000,1.0
2006-06-19,78.06,78.3,77.34,77.67,39.44566205415445,5302100,0.0000,1.0
2006-06-20,77.84,78.3,77.25,77.99,39.60817797867265,6124500,0.0000,1.0
2006-06-21,77.99,78.56,77.98,78.3,39.76561528054967,5559100,0.0000,1.0
2006-06-22,78.16,78.37,77.0,77.19,39.20188816737713,5563700,0.0000,1.0
2006-06-23,77.15,77.84,76.94,77.1,39.15618056360638,4520600,0.0000,1.0
2006-06-26,77.04,77.52,76.8,77.15,39.181573676812356,3448000,0.0000,1.0
2006-06-27,77.32,77.6,76.32,76.63,38.91748529947026,5596800,0.0000,1.0
2006-06-28,76.53,76.65,76.06,76.56,38.8819349409819,4392100,0.0000,1.0
2006-06-29,76.66,77.8,76.56,77.59,39.405033073024896,5448900,0.0000,1.0
2006-06-30,77.7,77.93,76.79,76.82,39.013979129652945,7911700,0.0000,1.0
2006-07-03,77.54,78.27,77.27,78.02,39.623413846596236,3177300,0.0000,1.0
2006-07-05,78.0,78.39,77.52,77.77,39.49644828056638,4047800,0.0000,1.0
2006-07-06,77.59,78.53,77.57,78.09,39.6589642050846,4333100,0.0000,1.0
2006-07-07,78.09,78.09,76.12,76.42,38.810834224005184,6641600,0.0000,1.0
2006-07-10,76.18,76.83,75.87,76.67,38.93779979003504,7154700,0.0000,1.0
2006-07-11,76.4,76.6499,75.44,76.47,38.836227337211156,6086500,0.0000,1.0
2006-07-12,76.07,76.3,74.82,75.48,38.333443695732946,8372100,0.0000,1.0
2006-07-13,75.01,75.28,73.83,74.24,37.70369448822487,8754700,0.0000,1.0
2006-07-14,74.24,74.3,73.37,73.57,37.36342677126487,6957800,0.0000,1.0
2006-07-17,73.34,73.94,73.2,73.7,37.42944886560039,6822700,0.0000,1.0
2006-07-18,73.7,75.42,72.73,74.26,37.71385173350726,8667500,0.0000,1.0
2006-07-19,76.0,77.06,76.0,76.07,38.63308243156339,14536900,0.0000,1.0
2006-07-20,75.73,75.88,75.2,75.48,38.333443695732946,12214900,0.0000,1.0
2006-07-21,75.49,75.5,74.5,74.86,38.018569091978904,8372500,0.0000,1.0
2006-07-24,74.92,76.15,74.92,75.99,38.59245345043384,5611200,0.0000,1.0
2006-07-25,75.99,76.41,75.31,75.89,38.5416672240219,5580300,0.0000,1.0
2006-07-26,75.48,76.3,75.36,75.83,38.511195488174735,3870100,0.0000,1.0
2006-07-27,75.83,77.29,75.75,76.15,38.673711412692946,6439100,0.0000,1.0
2006-07-28,76.38,77.3,76.26,76.96,39.08507984662966,4165700,0.0000,1.0
2006-07-31,76.44,77.5,76.15,77.41,39.313617865483394,5381800,0.0000,1.0
2006-08-01,76.86,77.38,75.75,76.14,38.66863279005175,4406700,0.0000,1.0
2006-08-02,76.21,76.93,76.2,76.32,38.76004799759324,3283800,0.0000,1.0
2006-08-03,76.0,76.73,74.9,76.33,38.76512662023444,2765800,0.0000,1.0
2006-08-04,76.65,76.77,75.32,75.91,38.551824469304286,5062400,0.0000,1.0
2006-08-07,75.63,76.2,75.28,75.52,38.35375818629772,3870200,0.0000,1.0
2006-08-08,75.63,76.26,75.1116,75.33,38.40962303535085,3794700,0.3000,1.0
2006-08-09,75.75,76.28,75.39,75.39,38.44021612418825,4480400,0.0000,1.0
2006-08-10,75.2,76.08,75.05,75.74,38.61867580907305,3213600,0.0000,1.0
2006-08-11,75.2,75.78,75.2,75.48,38.48610575744434,3695800,0.0000,1.0
2006-08-14,75.85,77.49,75.6,76.68,39.097967534192264,4997400,0.0000,1.0
2006-08-15,76.9,77.14,76.31,77.08,39.3019214597749,5985400,0.0000,1.0
2006-08-16,77.45,79.28,77.35,79.09,40.32678993582768,7386500,0.0000,1.0
2006-08-17,78.93,79.56,78.53,79.37,40.46955768373552,5535400,0.0000,1.0
2006-08-18,79.38,79.97,78.63,79.9,40.73979663513252,5399200,0.0000,1.0
2006-08-21,79.51,79.88,78.87,79.28,40.42366805047943,3676500,0.0000,1.0
2006-08-22,79.28,79.55,78.61,78.95,40.25540606187375,4057200,0.0000,1.0
2006-08-23,78.95,79.47,78.42,78.67,40.1126383139659,3425700,0.0000,1.0
2006-08-24,78.9,79.5,78.87,79.38,40.474656531875084,3473300,0.0000,1.0
2006-08-25,79.2,80.0,79.14,79.88,40.729598938853385,3427400,0.0000,1.0
2006-08-28,79.91,80.47,79.76,80.32,40.95394825699429,5259400,0.0000,1.0
2006-08-29,80.06,81.48,80.06,81.4,41.504623856067425,5208500,0.0000,1.0
2006-08-30,81.18,81.68,80.84,81.22,41.412844589555235,4688800,0.0000,1.0
2006-08-31,81.3,81.5,80.78,80.97,41.285373386066084,3786200,0.0000,1.0
2006-09-01,81.13,81.57,80.81,81.41,41.509722704206986,3294000,0.0000,1.0
2006-09-05,81.19,81.54,80.6,80.85,41.22418720839129,3968500,0.0000,1.0
2006-09-06,80.29,80.69,80.17,80.28,40.93355286443603,3727600,0.0000,1.0
2006-09-07,79.9,80.38,79.31,79.4,40.48485422815422,3913300,0.0000,1.0
2006-09-08,79.6,80.86,79.35,80.66,41.127309093739534,4498600,0.0000,1.0
2006-09-11,80.6,81.2,80.25,80.93,41.26497799350783,4314300,0.0000,1.0
2006-09-12,81.14,82.5,81.06,82.28,41.95332249234924,5722200,0.0000,1.0
2006-09-13,82.25,82.7,81.84,82.21,41.91763055537227,4920200,0.0000,1.0
2006-09-14,81.9,83.0,81.74,82.47,42.05020060700099,4265300,0.0000,1.0
2006-09-15,83.21,83.59,82.79,82.94,42.28984646956059,8203800,0.0000,1.0
2006-09-18,82.56,83.21,82.17,82.24,41.932927099790966,4417600,0.0000,1.0
2006-09-19,81.95,82.09,81.42,81.87,41.74426971862703,5088600,0.0000,1.0
2006-09-20,82.37,83.79,82.2,83.42,42.53459118025976,7524600,0.0000,1.0
2006-09-21,82.61,83.25,81.35,81.61,41.61169966699831,8909000,0.0000,1.0
2006-09-22,81.75,82.12,81.01,81.21,41.40774574141567,4350200,0.0000,1.0
2006-09-25,81.64,82.28,81.28,82.0,41.81055474444138,5683000,0.0000,1.0
2006-09-26,81.9,82.66,81.7,82.5,42.065497151419684,4731800,0.0000,1.0
2006-09-27,82.0,82.67,81.71,82.09,41.85644437769748,5880500,0.0000,1.0
2006-09-28,81.85,82.35,81.72,81.99,41.805455896301815,4592300,0.0000,1.0
2006-09-29,81.9,82.79,81.77,81.94,41.77996165560399,4770700,0.0000,1.0
2006-10-02,81.76,82.47,81.58,81.87,41.74426971862703,4483300,0.0000,1.0
2006-10-03,81.88,82.26,81.56,81.65,41.632095059556576,4838500,0.0000,1.0
2006-10-04,81.65,83.25,81.631,83.1,42.37142803979364,6119300,0.0000,1.0
2006-10-05,82.81,83.21,82.6,82.92,42.27964877328146,4956600,0.0000,1.0
2006-10-06,82.93,83.78,82.5,83.14,42.39182343235191,5340900,0.0000,1.0
2006-10-09,83.14,84.08,83.0,84.0,42.83032437235459,4490200,0.0000,1.0
2006-10-10,83.71,84.63,83.56,84.19,42.92720248700634,4712900,0.0000,1.0
2006-10-11,84.15,84.6869,83.79,84.19,42.92720248700634,5210600,0.0000,1.0
2006-10-12,84.2,84.9,84.1,84.7,43.18724374212421,4661700,0.0000,1.0
2006-10-13,84.45,86.21,84.44,86.08,43.89088478538432,7788600,0.0000,1.0
2006-10-16,86.08,87.6,85.75,86.71,44.212112218176976,8633100,0.0000,1.0
2006-10-17,86.35,87.94,86.22,86.95,44.33448457352657,13295500,0.0000,1.0
2006-10-18,90.6,92.04,89.73,89.82,45.79785398958201,27875200,0.0000,1.0
2006-10-19,89.45,90.98,89.31,89.86,45.81824938214028,10671400,0.0000,1.0
2006-10-20,90.04,90.7,89.55,90.48,46.13437796679337,7390900,0.0000,1.0
2006-10-23,90.05,92.0,90.01,91.56,46.685053565866504,8862300,0.0000,1.0
2006-10-24,90.91,91.95,90.8,91.49,46.64936162888954,9222300,0.0000,1.0
2006-10-25,91.21,91.99,90.94,91.83,46.82272246563478,6122100,0.0000,1.0
2006-10-26,91.63,91.93,91.25,91.54,46.674855869587375,4990300,0.0000,1.0
2006-10-27,90.91,91.89,90.58,90.76,46.27714571470122,5840300,0.0000,1.0
2006-10-30,90.3,92.0,89.8,91.5,46.654460477029104,5594000,0.0000,1.0
2006-10-31,91.5,92.68,91.5,92.33,47.077664872613084,9267300,0.0000,1.0
2006-11-01,92.5,92.68,91.5,91.8,46.80742592121609,5845700,0.0000,1.0
2006-11-02,91.8,91.95,91.25,91.68,46.746239743541295,4895100,0.0000,1.0
2006-11-03,91.76,92.34,91.1816,91.41,46.60857084377301,4506400,0.0000,1.0
2006-11-06,91.5,92.74,91.5,92.6,47.21533377238136,6240600,0.0000,1.0
2006-11-07,92.42,93.4,92.41,92.45,47.13885105028788,7305200,0.0000,1.0
2006-11-08,92.25,92.92,92.01,92.59,47.36320036842879,6022200,0.3000,1.0
2006-11-09,92.59,93.19,92.37,92.42,47.27623909763677,4518900,0.0000,1.0
2006-11-10,92.3,92.35,91.63,91.76,46.93862475220894,5369600,0.0000,1.0
2006-11-13,91.75,92.43,91.41,92.07,47.09720118718261,4358300,0.0000,1.0
2006-11-14,92.0,93.29,91.65,93.29,47.7212761893371,5873000,0.0000,1.0
2006-11-15,93.08,93.28,92.54,93.11,47.62919954967496,4172800,0.0000,1.0
2006-11-16,93.07,93.6,92.6,93.47,47.81335282899923,4171500,0.0000,1.0
2006-11-17,93.42,94.05,93.31,93.81,47.98727537058327,5251000,0.0000,1.0
2006-11-20,93.77,93.8,93.01,93.25,47.70081471385662,5010600,0.0000,1.0
2006-11-21,92.85,93.43,92.85,93.08,47.6138534430646,3067800,0.0000,1.0
2006-11-22,92.9,93.74,92.8,93.52,47.838929673349824,3351700,0.0000,1.0
2006-11-24,93.05,93.75,92.98,93.35,47.7519684025578,2129800,0.0000,1.0
2006-11-27,92.71,93.24,91.12,91.45,46.78004831723526,6284000,0.0000,1.0
2006-11-28,91.05,91.57,90.43,91.35,46.72889462853407,4962100,0.0000,1.0
2006-11-29,91.35,91.66,91.01,91.52,46.81585589932609,4623000,0.0000,1.0
2006-11-30,91.35,92.48,91.25,91.92,47.02047065413084,6470700,0.0000,1.0
2006-12-01,91.9,91.91,90.55,91.25,46.67774093983289,5445400,0.0000,1.0
2006-12-04,92.5,93.95,92.25,93.51,47.83381430447971,7507900,0.0000,1.0
2006-12-05,93.6,94.64,93.44,94.48,48.330005084881215,6886200,0.0000,1.0
2006-12-06,94.7,94.87,94.01,94.12,48.145851805556944,5947300,0.0000,1.0
2006-12-07,94.0,94.43,93.5521,94.23,48.20212086312825,4310800,0.0000,1.0
2006-12-08,93.65,94.39,93.47,93.86,48.01285221493386,4140000,0.0000,1.0
2006-12-11,93.72,94.35,93.56,93.64,47.900314099791245,3459200,0.0000,1.0
2006-12-12,93.6,94.85,93.3,94.12,48.145851805556944,7783800,0.0000,1.0
2006-12-13,94.78,95.33,94.5,94.77,48.47835078211465,6441300,0.0000,1.0
2006-12-14,94.76,95.72,94.54,95.36,48.78015754545166,4644100,0.0000,1.0
2006-12-15,95.61,95.8,95.05,95.3,48.74946533223095,8086500,0.0000,1.0
2006-12-18,94.95,96.16,94.8,95.44,48.821080496412605,7984900,0.0000,1.0
2006-12-19,95.1,96.39,94.91,96.0,49.10754115313925,4933200,0.0000,1.0
2006-12-20,96.31,96.5,95.7,96.0,49.10754115313925,3654600,0.0000,1.0
2006-12-21,95.86,96.5,95.53,95.91,49.06150283330818,4405600,0.0000,1.0
2006-12-22,95.75,95.98,95.24,95.25,48.72388848788035,3031500,0.0000,1.0
2006-12-26,95.0,95.81,94.92,95.66,48.93361861155522,2278700,0.0000,1.0
2006-12-27,96.3,97.23,96.2728,97.2,49.7213854175535,4571600,0.0000,1.0
2006-12-28,97.11,97.4,96.87,96.97,49.603731933540764,4501700,0.0000,1.0
2006-12-29,97.0,97.88,96.83,97.15,49.6958085732029,4455900,0.0000,1.0
2007-01-03,97.17,98.4,96.26,97.27,49.757192999644325,9196800,0.0000,1.0
2007-01-04,96.95,98.79,96.88,98.31,50.28919136213667,10524500,0.0000,1.0
2007-01-05,97.6,97.95,96.91,97.42,49.833923532696105,7221300,0.0000,1.0
2007-01-08,98.5,99.5,98.35,98.9,50.590998125473675,10340000,0.0000,1.0
2007-01-09,99.24,100.33,99.07,100.07,51.18949628327755,11108200,0.0000,1.0
2007-01-10,99.03,99.05,97.93,98.89,50.58588275660355,8744800,0.0000,1.0
2007-01-11,99.85,99.9,98.5,98.65,50.4631139037207,8000700,0.0000,1.0
2007-01-12,98.99,99.69,98.5,99.34,50.81607435575889,6636500,0.0000,1.0
2007-01-16,99.4,100.84,99.3,100.82,51.57314894853645,9602200,0.0000,1.0
2007-01-17,100.69,100.9,99.9,100.02,51.16391943892696,8200700,0.0000,1.0
2007-01-18,99.79,99.95,98.91,99.45,50.8723434133302,14636100,0.0000,1.0
2007-01-19,95.0,96.85,94.55,96.17,49.194502423931276,26035800,0.0000,1.0
2007-01-22,96.42,97.23,96.12,97.11,49.67534709772243,13539300,0.0000,1.0
2007-01-23,96.91,97.38,96.2,97.08,49.66000099111207,10337400,0.0000,1.0
2007-01-24,97.14,97.58,96.58,97.4,49.823692794955875,5700000,0.0000,1.0
2007-01-25,97.22,97.92,97.22,97.51,49.879961852527174,6201300,0.0000,1.0
2007-01-26,97.49,97.83,96.84,97.45,49.84926963930646,5771100,0.0000,1.0
2007-01-29,98.1,98.66,97.45,98.54,50.4068448461494,7294800,0.0000,1.0
2007-01-30,98.62,99.45,98.5,99.37,50.83142046236925,7177900,0.0000,1.0
2007-01-31,98.8,99.48,98.35,99.15,50.71888234722664,6432600,0.0000,1.0
2007-02-01,98.97,99.18,97.96,99.0,50.64215181417486,6610700,0.0000,1.0
2007-02-02,99.1,99.73,98.88,99.17,50.729113084966876,6656300,0.0000,1.0
2007-02-05,99.17,100.44,98.9,100.38,51.34807271825123,8184800,0.0000,1.0
2007-02-06,100.0,100.4,99.54,99.55,50.923497102031384,6532800,0.0000,1.0
2007-02-07,99.8,100.36,99.12,99.54,51.07184279926483,7698200,0.3000,1.0
2007-02-08,98.9,99.74,98.65,99.62,51.11288908642518,6152200,0.0000,1.0
2007-02-09,99.35,99.7,97.81,98.55,50.563894995655495,6100400,0.0000,1.0
2007-02-12,98.8,99.2,98.22,98.58,50.57928735334063,5331000,0.0000,1.0
2007-02-13,98.6,98.74,97.8,98.29,50.43049456238437,5702800,0.0000,1.0
2007-02-14,98.5,99.43,98.25,99.2,50.89739607883334,5644800,0.0000,1.0
2007-02-15,99.06,99.52,98.48,98.92,50.753734073772115,5568600,0.0000,1.0
2007-02-16,99.12,99.25,98.63,98.99,50.789649575037416,4800700,0.0000,1.0
2007-02-20,98.66,99.46,98.55,99.35,50.974357867258995,4124200,0.0000,1.0
2007-02-21,98.9,99.37,98.7,99.09,50.84095743398786,4302400,0.0000,1.0
2007-02-22,98.8,99.5,97.77,98.5,50.538241066180284,5900100,0.0000,1.0
2007-02-23,98.4,98.44,97.41,97.73,50.14317055226192,6355800,0.0000,1.0
2007-02-26,97.86,97.86,96.46,96.91,49.72244610886833,5922100,0.0000,1.0
2007-02-27,96.0,96.01,92.88,93.96,48.20886426983044,11996700,0.0000,1.0
2007-02-28,93.71,94.09,92.47,92.94,47.68552410853599,12191600,0.0000,1.0
2007-03-01,90.25,93.05,88.77,92.27,47.34176145356806,12865700,0.0000,1.0
2007-03-02,91.86,92.37,90.84,90.9,46.63884378594709,9451300,0.0000,1.0
2007-03-05,90.25,92.15,90.1,91.81,47.10574530239606,10314900,0.0000,1.0
2007-03-06,92.4,93.89,92.26,93.8,48.126771695509746,9184200,0.0000,1.0
2007-03-07,93.97,94.85,93.62,93.94,48.19860269804036,10269100,0.0000,1.0
2007-03-08,94.25,94.82,92.519,93.0,47.71630882390625,7403900,0.0000,1.0
2007-03-09,93.48,94.0,92.82,93.28,47.85997082896748,6333000,0.0000,1.0
2007-03-12,93.29,94.17,92.97,94.11,48.285826058256106,5531300,0.0000,1.0
2007-03-13,93.86,94.47,92.62,92.71,47.56751603294999,7539100,0.0000,1.0
2007-03-14,92.71,94.03,92.1,93.76,48.106248551929575,8713900,0.0000,1.0
2007-03-15,93.4,93.97,93.1,93.45,47.94719418918322,5910000,0.0000,1.0
2007-03-16,93.49,94.45,93.02,93.25,47.84457847128235,8728700,0.0000,1.0
2007-03-19,93.95,94.32,93.39,93.99,48.22425662751558,4568100,0.0000,1.0
2007-03-20,94.0,94.53,93.55,94.5,48.48592670816281,4560000,0.0000,1.0
2007-03-21,94.5,95.81,93.83,95.36,48.92717429513657,7665600,0.0000,1.0
2007-03-22,95.22,95.44,94.65,95.19,48.83995093492082,5700400,0.0000,1.0
2007-03-23,94.86,95.22,94.65,95.03,48.757858360600125,4412500,0.0000,1.0
2007-03-26,94.84,95.25,94.32,95.0,48.742466002914995,6729400,0.0000,1.0
2007-03-27,94.71,95.03,94.2,94.73,48.60393478374881,4695800,0.0000,1.0
2007-03-28,93.9,95.02,93.8,94.26,48.36278784668176,8128000,0.0000,1.0
2007-03-29,94.95,95.11,93.96,94.57,48.52184220942811,6851500,0.0000,1.0
2007-03-30,94.24,94.75,93.57,94.26,48.36278784668176,7638100,0.0000,1.0
2007-04-02,94.51,95.5,94.06,95.21,48.8502125067109,5883700,0.0000,1.0
2007-04-03,95.45,96.23,95.33,96.1,49.30685245136979,5730800,0.0000,1.0
2007-04-04,95.8,96.45,95.57,96.21,49.36329109621528,4276200,0.0000,1.0
2007-04-05,95.98,96.75,95.75,96.52,49.52234545896163,3307100,0.0000,1.0
2007-04-09,96.43,96.94,96.12,96.62,49.57365331791207,4850600,0.0000,1.0
2007-04-10,96.4,96.8,96.1642,96.46,49.491560743591364,3596400,0.0000,1.0
2007-04-11,96.46,96.7,94.95,95.16,48.82455857723569,5936900,0.0000,1.0
2007-04-12,94.86,95.82,94.53,95.67,49.08622865788292,7085300,0.0000,1.0
2007-04-13,95.75,95.75,94.59,94.93,48.70655050164969,6027800,0.0000,1.0
2007-04-16,94.99,96.3,94.72,96.18,49.34789873853015,6865100,0.0000,1.0
2007-04-17,96.3,97.66,96.02,97.12,49.830192612664256,10264000,0.0000,1.0
2007-04-18,94.8,95.91,94.4,94.8,48.63985028501412,15871700,0.0000,1.0
2007-04-19,94.5,94.87,94.0,94.29,48.37818020436689,9445600,0.0000,1.0
2007-04-20,95.02,95.15,93.911,94.58,48.526972995323156,9340300,0.0000,1.0
2007-04-23,95.35,95.73,95.05,95.21,48.8502125067109,7247400,0.0000,1.0
2007-04-24,99.55,99.9,97.23,98.49,50.533110280285236,21450700,0.0000,1.0
2007-04-25,98.75,101.7,98.73,101.46,52.05695369111321,14827300,0.0000,1.0
2007-04-26,100.4,101.5,100.21,100.9,51.76962968099077,8608500,0.0000,1.0
2007-04-27,100.3,101.17,100.06,101.17,51.90816090015694,6141400,0.0000,1.0
2007-04-30,101.11,103.0,100.97,102.21,52.44176263324148,10050400,0.0000,1.0
2007-05-01,102.06,103.17,102.05,103.17,52.934318079165685,8670100,0.0000,1.0
2007-05-02,102.8,103.14,102.13,102.22,52.44689341913653,6820300,0.0000,1.0
2007-05-03,102.1,103.0,101.35,102.8,52.744479001049065,7302200,0.0000,1.0
2007-05-04,102.75,103.03,102.25,102.96,52.82657157536976,5464800,0.0000,1.0
2007-05-07,102.76,103.17,102.4,102.76,52.723955857468894,5620100,0.0000,1.0
2007-05-08,102.4,103.39,102.21,103.29,53.20111894570796,5965000,0.4000,1.0
2007-05-09,103.93,104.75,103.7,104.38,53.76254037712263,8408100,0.0000,1.0
2007-05-10,103.82,105.11,103.71,104.68,53.91706003714503,8959800,0.0000,1.0
2007-05-11,104.69,105.99,104.67,105.98,54.58664523057537,6026100,0.0000,1.0
2007-05-14,105.81,106.25,104.79,105.57,54.3754683618781,5732600,0.0000,1.0
2007-05-15,105.4,105.8,104.7,104.83,53.994319867156214,6104200,0.0000,1.0
2007-05-16,105.1,105.89,104.53,105.87,54.52998802190049,5613500,0.0000,1.0
2007-05-17,105.61,106.23,104.73,105.31,54.241551323192034,7706400,0.0000,1.0
2007-05-18,105.84,108.05,105.6,107.99,55.62192695272536,9857500,0.0000,1.0
2007-05-21,107.15,108.0,106.87,107.04,55.132614695987805,7512200,0.0000,1.0
2007-05-22,106.95,107.25,106.01,106.7,54.957492414629094,5313300,0.0000,1.0
2007-05-23,106.8,107.0,105.25,105.58,54.38061901721218,4396900,0.0000,1.0
2007-05-24,105.25,105.98,103.57,103.95,53.54106219775721,6926300,0.0000,1.0
2007-05-25,103.9,105.43,103.85,105.18,54.174592803849,6123000,0.0000,1.0
2007-05-29,105.57,106.63,105.3,105.91,54.55059064323681,5420300,0.0000,1.0
2007-05-30,105.4,107.1,105.21,106.93,55.07595748731293,7401000,0.0000,1.0
2007-05-31,107.23,107.67,106.0,106.6,54.9059858612883,5097700,0.0000,1.0
2007-06-01,106.62,107.24,106.02,106.54,54.87508192928382,5289200,0.0000,1.0
2007-06-04,106.5,106.59,105.58,106.23,54.71541161392736,4569900,0.0000,1.0
2007-06-05,106.55,106.55,105.54,105.84,54.514536055898255,5244200,0.0000,1.0
2007-06-06,105.5,105.51,102.39,102.41,52.74786127630895,30770700,0.0000,1.0
2007-06-07,102.46,103.17,101.56,101.8,52.4336713009301,14384600,0.0000,1.0
2007-06-08,101.8,103.21,101.75,103.07,53.087804528358205,8216300,0.0000,1.0
2007-06-11,102.87,104.0,102.5,103.22,53.1650643583694,7903100,0.0000,1.0
2007-06-12,103.11,103.18,102.15,102.34,52.7118066889704,5578400,0.0000,1.0
2007-06-13,102.91,103.26,102.1,103.12,53.11355780502861,6437600,0.0000,1.0
2007-06-14,103.12,104.24,102.81,103.85,53.48955564441641,5165600,0.0000,1.0
2007-06-15,104.4,105.19,103.88,105.09,54.128236905842286,9432300,0.0000,1.0
2007-06-18,105.27,105.65,104.89,105.33,54.251852633860196,6359200,0.0000,1.0
2007-06-19,104.93,106.66,104.9,106.5,54.85447930794751,5754000,0.0000,1.0
2007-06-20,106.5,107.02,105.95,106.0,54.596946541243526,6541500,0.0000,1.0
2007-06-21,105.77,107.0,105.61,106.6,54.9059858612883,5587800,0.0000,1.0
2007-06-22,105.79,106.44,104.44,104.44,53.79344430912711,10808500,0.0000,1.0
2007-06-25,104.73,105.77,104.5,105.1,54.13338756117636,8476400,0.0000,1.0
2007-06-26,105.1,106.06,104.82,105.33,54.251852633860196,5229600,0.0000,1.0
2007-06-27,104.4,105.47,104.4,105.43,54.303359187200996,5403800,0.0000,1.0
2007-06-28,105.52,106.92,105.22,105.95,54.57119326457313,5430900,0.0000,1.0
2007-06-29,105.96,106.58,104.1,105.25,54.21064739118756,7018400,0.0000,1.0
2007-07-02,105.39,105.8,104.58,105.01,54.08703166316965,4701300,0.0000,1.0
2007-07-03,105.5,107.08,105.24,106.58,54.89568455062014,4217900,0.0000,1.0
2007-07-05,106.31,108.39,105.98,108.05,55.65283088472984,6670900,0.0000,1.0
2007-07-06,107.79,109.66,107.66,109.03,56.15759510746964,8977200,0.0000,1.0
2007-07-09,108.73,109.35,108.2,108.97,56.12669117546516,6046300,0.0000,1.0
2007-07-10,108.55,109.15,108.25,108.63,55.95156889410645,6209300,0.0000,1.0
2007-07-11,108.3,109.6,108.25,109.1,56.193649694808194,5887800,0.0000,1.0
2007-07-12,109.35,109.65,108.22,109.28,56.286361490821626,9544100,0.0000,1.0
2007-07-13,108.75,109.2,108.1,108.6,55.93611692810421,7124100,0.0000,1.0
2007-07-16,108.57,110.04,108.42,109.66,56.482086393516646,8864200,0.0000,1.0
2007-07-17,109.66,111.47,109.45,110.77,57.05380913559948,7619900,0.0000,1.0
2007-07-18,110.25,111.88,110.04,111.08,57.21347945095595,10154100,0.0000,1.0
2007-07-19,115.0,116.48,114.65,115.86,59.67549270064599,17281600,0.0000,1.0
2007-07-20,114.85,115.86,113.94,114.81,59.13467389056763,11706300,0.0000,1.0
2007-07-23,114.88,116.43,114.85,116.38,59.943326778018125,8040900,0.0000,1.0
2007-07-24,115.32,117.0,115.02,116.17,59.835163016002454,10499300,0.0000,1.0
2007-07-25,116.19,118.38,115.24,118.1,60.82923949547981,11340000,0.0000,1.0
2007-07-26,117.01,118.82,115.52,116.53,60.02058660802932,16822100,0.0000,1.0
2007-07-27,116.62,117.95,115.62,115.62,59.55187697262808,18138700,0.0000,1.0
2007-07-30,115.62,115.75,113.52,114.52,58.98530488587932,15095400,0.0000,1.0
2007-07-31,114.72,114.72,110.02,110.65,56.99200127159053,17816200,0.0000,1.0
2007-08-01,110.39,112.73,110.06,112.04,57.70794236302759,12390300,0.0000,1.0
2007-08-02,112.1,114.05,111.5,113.23,58.320870347783064,11318900,0.0000,1.0
2007-08-03,113.24,114.18,111.7,111.89,57.6306825330164,9571300,0.0000,1.0
2007-08-06,111.97,113.89,111.7,113.89,58.66081359983231,7245500,0.0000,1.0
2007-08-07,113.02,114.17,112.25,113.53,58.47539000780545,8021400,0.0000,1.0
2007-08-08,114.3,114.6,112.26,112.98,58.39813017779425,7681400,0.4000,1.0
2007-08-09,110.77,114.49,110.73,110.73,57.23512970956946,9086000,0.0000,1.0
2007-08-10,109.75,113.5,109.7,112.64,58.22238788481806,9592200,0.0000,1.0
2007-08-13,112.99,113.95,112.31,112.71,58.25857012160727,6135500,0.0000,1.0
2007-08-14,112.83,113.15,111.74,112.05,57.91742331759467,5615600,0.0000,1.0
2007-08-15,111.0,112.85,109.91,111.23,57.49357425806386,11640200,0.0000,1.0
2007-08-16,110.98,111.42,103.7,109.69,56.69756504870111,16723000,0.0000,1.0
2007-08-17,111.9,112.67,108.66,110.9,57.323000856057554,15274600,0.0000,1.0
2007-08-20,110.9,111.1,109.13,109.22,56.45462717311638,9839800,0.0000,1.0
2007-08-21,108.9,110.11,108.08,109.04,56.3615871356584,8458500,0.0000,1.0
2007-08-22,110.09,110.5,109.15,110.0,56.85780066876764,6329700,0.0000,1.0
2007-08-23,110.4,111.68,110.01,111.45,57.60728985940139,8271000,0.0000,1.0
2007-08-24,111.45,113.25,110.81,113.24,58.53252134301134,7058700,0.0000,1.0
2007-08-27,113.0,113.85,112.8,113.44,58.635899162409096,4921800,0.0000,1.0
2007-08-28,112.9,113.59,111.63,112.0,57.891578862745234,6006600,0.0000,1.0
2007-08-29,112.88,114.98,112.07,114.57,59.219983842006435,7049800,0.0000,1.0
2007-08-30,113.62,116.0,113.62,115.37,59.63349511959748,7756100,0.0000,1.0
2007-08-31,115.99,117.35,115.55,116.69,60.31578872762269,6883600,0.0000,1.0
2007-09-04,116.34,118.89,116.15,118.19,61.09112237310588,8070500,0.0000,1.0
2007-09-05,117.48,118.15,116.55,117.88,60.93088675303935,6555500,0.0000,1.0
2007-09-06,117.92,118.75,116.24,117.62,60.79649558782227,6778600,0.0000,1.0
2007-09-07,116.2,116.97,115.33,115.55,59.72653515705546,7511700,0.0000,1.0
2007-09-10,116.15,117.5,115.32,115.8,59.855757431302656,6118300,0.0000,1.0
2007-09-11,116.35,117.78,116.04,117.35,60.65693553163529,8098700,0.0000,1.0
2007-09-12,116.95,117.4,115.69,116.0,59.95913525070042,6287200,0.0000,1.0
2007-09-13,116.3,117.0,115.74,115.95,59.93329079585098,4802700,0.0000,1.0
2007-09-14,115.05,116.0,114.65,115.13,59.50944173632016,6904400,0.0000,1.0
2007-09-17,114.7,115.25,114.3,114.52,59.194139387156994,5022400,0.0000,1.0
2007-09-18,115.0,116.78,114.83,116.63,60.28477538180336,7839500,0.0000,1.0
2007-09-19,116.9,117.19,115.78,116.67,60.305450945682914,10311200,0.0000,1.0
2007-09-20,116.27,117.65,116.2,116.86,60.40365987411078,5806400,0.0000,1.0
2007-09-21,117.89,118.1,116.35,116.78,60.36230874635168,9097300,0.0000,1.0
2007-09-24,116.9,117.43,115.85,116.25,60.08835752494762,5734300,0.0000,1.0
2007-09-25,116.02,117.59,115.79,116.51,60.22274869016471,7045200,0.0000,1.0
2007-09-26,116.94,118.08,116.75,117.3,60.63109107678585,6695200,0.0000,1.0
2007-09-27,117.5,118.21,117.04,117.71,60.843015606551255,5834500,0.0000,1.0
2007-09-28,117.14,118.5,117.1,117.8,60.88953562528025,7720200,0.0000,1.0
2007-10-01,117.61,119.5,117.5,119.03,61.525309214576474,6777300,0.0000,1.0
2007-10-02,119.31,119.6,118.14,118.36,61.17899351959398,6911500,0.0000,1.0
2007-10-03,117.65,117.84,116.28,116.4,60.16589088949594,7914100,0.0000,1.0
2007-10-04,116.2,116.75,115.0,115.69,59.79889963063389,6177500,0.0000,1.0
2007-10-05,116.17,116.71,115.47,116.3,60.11420197979705,5749400,0.0000,1.0
2007-10-08,116.1,118.23,115.88,117.77,60.87402895237059,4822900,0.0000,1.0
2007-10-09,117.85,118.5,116.42,118.3,61.14798017377465,5670600,0.0000,1.0
2007-10-10,118.0,118.8,117.68,118.62,61.31338468481107,5913800,0.0000,1.0
2007-10-11,118.99,121.46,117.37,118.05,61.01875789952745,13018800,0.0000,1.0
2007-10-12,118.5,118.89,117.28,117.81,60.894704516250144,5656200,0.0000,1.0
2007-10-15,117.95,118.37,116.75,118.03,61.008420117587676,6267300,0.0000,1.0
2007-10-16,118.02,119.94,117.5,119.6,61.819935999860085,11527300,0.0000,1.0
2007-10-17,118.01,118.01,114.15,115.78,59.84541964936288,18100500,0.0000,1.0
2007-10-18,114.82,116.41,114.44,114.8,59.33886833431386,7736500,0.0000,1.0
2007-10-19,113.98,114.93,111.8,112.28,58.0363078099021,10327200,0.0000,1.0
2007-10-22,110.97,113.88,110.96,113.37,58.59971692561989,7576900,0.0000,1.0
2007-10-23,113.78,114.8,113.5,114.68,59.27684164267521,5562900,0.0000,1.0
2007-10-24,114.2,114.45,111.68,112.95,58.38262350488459,8072600,0.0000,1.0
2007-10-25,113.32,114.4,111.69,112.81,58.31025903130616,6519900,0.0000,1.0
2007-10-26,113.0,114.0,112.07,113.73,58.78579700053585,5030300,0.0000,1.0
2007-10-29,113.9,115.01,113.85,114.8,59.33886833431386,5103200,0.0000,1.0
2007-10-30,114.5,114.9,113.75,114.12,58.98738374836148,4015500,0.0000,1.0
2007-10-31,114.75,116.25,113.28,116.12,60.02116194233908,7216800,0.0000,1.0
2007-11-01,115.5,116.09,113.32,113.65,58.74444587277675,7594400,0.0000,1.0
2007-11-02,114.42,115.15,113.57,114.59,59.23032162394622,6114800,0.0000,1.0
2007-11-05,115.11,115.11,112.83,113.4,58.615223598529546,7155300,0.0000,1.0
2007-11-06,113.49,113.95,111.67,113.17,58.49633910622212,7299700,0.0000,1.0
2007-11-07,113.56,113.64,110.9,111.08,57.62279653231106,7087000,0.4000,1.0
2007-11-08,110.1,110.32,103.99,106.11,55.04460695033783,23092200,0.0000,1.0
2007-11-09,104.92,104.92,99.27,100.2542,52.00690824729581,18084100,0.0000,1.0
2007-11-12,101.89,104.19,100.7,101.45,52.62722999822611,13553600,0.0000,1.0
2007-11-13,103.5,105.74,102.5,105.27,54.60885659845503,10777900,0.0000,1.0
2007-11-14,106.12,106.42,102.84,103.44,53.65954333185322,8453600,0.0000,1.0
2007-11-15,103.24,105.64,103.05,103.6,53.74254339887851,8023600,0.0000,1.0
2007-11-16,104.51,105.0,103.25,104.79,54.35985639737915,9294000,0.0000,1.0
2007-11-19,104.34,105.39,101.34,102.22,53.02666782078534,9502200,0.0000,1.0
2007-11-20,102.59,104.97,101.38,103.42,53.64916832347506,8393400,0.0000,1.0
2007-11-21,101.41,104.09,101.41,102.22,53.02666782078534,7097200,0.0000,1.0
2007-11-23,103.1,104.14,102.32,104.05,53.975981087387154,2827700,0.0000,1.0
2007-11-26,104.4,105.15,101.72,101.97,52.896980216058324,7340700,0.0000,1.0
2007-11-27,101.5,104.58,101.5,103.83,53.86185599522737,9117500,0.0000,1.0
2007-11-28,104.82,108.27,104.36,107.37,55.69823247816203,9397700,0.0000,1.0
2007-11-29,106.8,107.87,106.25,107.5,55.76567003262008,7813800,0.0000,1.0
2007-11-30,107.529,109.19,103.93,105.18,54.562169060753305,12900200,0.0000,1.0
2007-12-03,105.45,107.14,104.58,105.83,54.89935683304356,7918800,0.0000,1.0
2007-12-04,105.83,107.42,104.72,106.63,55.314357168170034,6361800,0.0000,1.0
2007-12-05,107.46,108.52,106.98,108.16,56.108045309099424,6090400,0.0000,1.0
2007-12-06,108.0,110.0,107.93,109.7,56.90692095421789,5315500,0.0000,1.0
2007-12-07,109.68,110.0,107.95,108.86,56.471170602335086,5985500,0.0000,1.0
2007-12-10,109.0,110.26,109.0,109.39,56.74610832435638,4442200,0.0000,1.0
2007-12-11,108.9,110.4,106.46,106.99,55.50110731897695,8439700,0.0000,1.0
2007-12-12,108.95,110.2,107.38,108.47,56.268857938960934,7879800,0.0000,1.0
2007-12-13,108.0,108.64,106.94,108.18,56.118420317477586,6252800,0.0000,1.0
2007-12-14,107.31,107.56,104.1,105.77,54.868231807909076,9711200,0.0000,1.0
2007-12-17,105.37,105.99,104.0,104.53,54.22498128846304,7131100,0.0000,1.0
2007-12-18,104.4,106.97,104.13,106.31,55.14835703411945,8042000,0.0000,1.0
2007-12-19,106.54,108.38,105.87,107.14,55.578919881813164,7031100,0.0000,1.0
2007-12-20,108.42,109.49,107.61,108.84,56.46079559395693,8030900,0.0000,1.0
2007-12-21,109.75,111.16,109.15,111.05,57.607234019743814,13246600,0.0000,1.0
2007-12-24,111.2,112.0,110.55,111.65,57.91848427108867,2342400,0.0000,1.0
2007-12-26,111.25,112.19,110.9,111.56,57.871796733386944,3849400,0.0000,1.0
2007-12-27,110.75,111.3,109.49,109.6,56.85504591232707,4513600,0.0000,1.0
2007-12-28,110.76,110.76,109.108,110.09,57.10923361759205,5834500,0.0000,1.0
2007-12-31,109.25,110.0,107.26,108.1,56.07692028396493,5732300,0.0000,1.0
2008-01-02,108.99,108.99,104.17,104.69,54.30798135548834,9503500,0.0000,1.0
2008-01-03,104.41,105.57,103.98,104.9,54.41691894345904,7528900,0.0000,1.0
2008-01-04,103.95,103.95,100.48,101.13,52.46122986417552,11034600,0.0000,1.0
2008-01-07,100.355,101.0,99.03,100.05,51.90097941175478,12650400,0.0000,1.0
2008-01-08,100.05,100.38,97.17,97.59,50.624853381240875,9434400,0.0000,1.0
2008-01-09,98.08,99.15,97.16,98.31,50.9983536828547,10922100,0.0000,1.0
2008-01-10,97.39,100.86,97.15,99.92,51.83354185729673,10634700,0.0000,1.0
2008-01-11,99.25,99.46,97.04,97.67,50.66635341475352,8959900,0.0000,1.0
2008-01-14,105.0,105.59,101.33,102.93,53.3949806182101,18009400,0.0000,1.0
2008-01-15,102.04,104.64,101.23,101.83,52.82435515741119,11629500,0.0000,1.0
2008-01-16,100.48,102.86,100.14,101.63,52.72060507362957,12681700,0.0000,1.0
2008-01-17,102.67,103.45,100.05,101.1,52.44566735160828,11934000,0.0000,1.0
2008-01-18,106.51,106.72,102.5,103.4,53.6387933150969,23871700,0.0000,1.0
2008-01-22,99.16,103.09,98.55,101.22,52.50791740187725,15129500,0.0000,1.0
2008-01-23,100.05,106.335,98.5,106.1,55.03941944614875,19588100,0.0000,1.0
2008-01-24,106.38,107.51,104.68,106.91,55.4596072854643,13025700,0.0000,1.0
2008-01-25,107.03,107.79,104.1,104.52,54.21979378427396,10025400,0.0000,1.0
2008-01-28,104.41,105.77,103.83,104.98,54.458418976971686,7858500,0.0000,1.0
2008-01-29,105.53,106.8,104.6,106.1,55.03941944614875,6616200,0.0000,1.0
2008-01-30,105.42,107.65,104.855,105.65,54.80598175764011,7431100,0.0000,1.0
2008-01-31,104.36,107.97,103.7,107.11,55.56335736924592,9054600,0.0000,1.0
2008-02-01,107.21,109.4,105.86,109.08,56.58529569449487,8047100,0.0000,1.0
2008-02-04,108.4,109.0,106.4567,107.93,55.98873271275056,5985500,0.0000,1.0
2008-02-05,106.87,108.05,104.68,105.02,54.479168993728,9048900,0.0000,1.0
2008-02-06,105.05,106.49,103.58,103.59,53.944856062252676,8265700,0.4000,1.0
2008-02-07,102.89,104.0,100.6,102.34,53.29391417521903,11255800,0.0000,1.0
2008-02-08,102.34,103.67,102.07,103.27,53.77821493917206,6085600,0.0000,1.0
2008-02-11,102.9,105.55,102.87,105.14,54.7520240021744,6098300,0.0000,1.0
2008-02-12,105.16,107.33,104.7,106.53,55.47587138055582,7650200,0.0000,1.0
2008-02-13,106.92,108.93,106.8,108.42,56.4600955137507,6608200,0.0000,1.0
2008-02-14,107.99,108.5,105.5,106.13,55.26756997670505,7340600,0.0000,1.0
2008-02-15,105.83,106.25,105.0,106.16,55.28319258199386,6235600,0.0000,1.0
2008-02-19,106.79,107.62,104.64,105.0,54.67911851082663,7376400,0.0000,1.0
2008-02-20,104.6,108.21,104.53,107.85,56.16326601326335,7671000,0.0000,1.0
2008-02-21,108.1,109.6,106.43,106.93,55.68417278440659,8328000,0.0000,1.0
2008-02-22,107.14,108.48,105.71,108.07,56.277831785381274,7917200,0.0000,1.0
2008-02-25,107.68,110.32,107.43,110.08,57.324546339731384,8158000,0.0000,1.0
2008-02-26,109.42,114.99,109.05,114.38,59.56378643112714,18651500,0.0000,1.0
2008-02-27,112.97,116.63,112.91,116.46,60.646953731151136,11854900,0.0000,1.0
2008-02-28,115.9,115.9,114.56,115.24,60.011634449406294,7227200,0.0000,1.0
2008-02-29,114.05,115.14,113.35,113.86,59.29299460612115,8475100,0.0000,1.0
2008-03-03,114.09,114.81,113.48,114.23,59.48567340468311,6335700,0.0000,1.0
2008-03-04,113.25,115.72,112.75,115.71,60.25638859893095,8593300,0.0000,1.0
2008-03-05,115.15,116.41,114.25,115.39,60.08974747585034,8434200,0.0000,1.0
2008-03-06,115.07,115.15,112.25,112.52,58.595184903221075,8018400,0.0000,1.0
2008-03-07,112.1,114.75,111.8,113.94,59.3346548868913,8124900,0.0000,1.0
2008-03-10,113.12,115.99,113.12,114.01,59.371107632565185,9747300,0.0000,1.0
2008-03-11,115.8,116.56,114.04,116.49,60.66257633643995,10480600,0.0000,1.0
2008-03-12,116.1,118.0,115.11,117.07,60.96461337202356,9083200,0.0000,1.0
2008-03-13,115.69,116.78,113.64,115.91,60.36053930085633,9548900,0.0000,1.0
2008-03-14,116.1,116.52,112.69,115.2301,60.006478989660984,9734600,0.0000,1.0
2008-03-17,113.0,117.04,113.0,115.55,60.17306803739064,9280300,0.0000,1.0
2008-03-18,116.76,118.43,113.81,118.41,61.66242307492363,9966500,0.0000,1.0
2008-03-19,118.29,118.5,116.65,116.94,60.896915415772064,9314400,0.0000,1.0
2008-03-20,117.6,118.48,116.65,118.33,61.62076279415348,11417900,0.0000,1.0
2008-03-24,118.57,119.79,118.13,119.06,62.00091285618113,8398000,0.0000,1.0
2008-03-25,119.1,119.1,117.15,117.97,61.43329153068779,8443600,0.0000,1.0
2008-03-26,117.48,117.97,114.96,116.91,60.88129281048325,9617100,0.0000,1.0
2008-03-27,116.1,116.2,114.51,115.52,60.15744543210183,8437200,0.0000,1.0
2008-03-28,116.01,116.75,114.21,114.57,59.66272959795626,6600900,0.0000,1.0
2008-03-31,113.95,115.87,113.34,115.14,59.959559098443606,9707200,0.0000,1.0
2008-04-01,115.14,118.37,114.97,116.49,60.66257633643995,11875400,0.0000,1.0
2008-04-02,116.84,116.88,113.98,114.81,59.78771044026672,8007600,0.0000,1.0
2008-04-03,114.35,116.82,113.86,116.02,60.417822186915295,7052900,0.0000,1.0
2008-04-04,116.05,116.58,114.6,115.76,60.2824262744123,5733200,0.0000,1.0
2008-04-07,116.37,117.37,115.82,116.31,60.56884070470711,6181200,0.0000,1.0
2008-04-08,115.5,116.88,115.28,116.27,60.54801056432202,7283300,0.0000,1.0
2008-04-09,116.5,117.72,115.72,116.77,60.808387319135484,6819100,0.0000,1.0
2008-04-10,117.5,119.22,116.8789,118.78,61.855101873485594,9149300,0.0000,1.0
2008-04-11,117.33,117.8,115.51,116.0,60.40740711672276,9556800,0.0000,1.0
2008-04-14,116.2,117.94,115.95,117.28,61.073971609045216,7745600,0.0000,1.0
2008-04-15,117.1,117.67,115.54,117.17,61.01668872298625,8642000,0.0000,1.0
2008-04-16,118.21,120.47,117.17,120.47,62.73517530475509,19317700,0.0000,1.0
2008-04-17,122.39,123.72,120.7,123.08,64.09434196488135,18999100,0.0000,1.0
2008-04-18,123.85,125.0,123.15,124.4,64.78173659758889,12490800,0.0000,1.0
2008-04-21,122.05,124.51,122.05,124.35,64.75569892210754,6952800,0.0000,1.0
2008-04-22,123.87,124.35,123.01,123.67,64.40158653556124,5417500,0.0000,1.0
2008-04-23,123.69,124.78,122.64,123.6,64.36513378988735,7593300,0.0000,1.0
2008-04-24,123.38,124.9,122.73,124.19,64.67237836056724,5996700,0.0000,1.0
2008-04-25,124.5,124.5,122.06,123.08,64.09434196488135,6313400,0.0000,1.0
2008-04-28,122.98,123.05,121.64,121.69,63.37049458649993,5605200,0.0000,1.0
2008-04-29,122.05,123.2,122.04,122.85,63.974568657667156,7226000,0.0000,1.0
2008-04-30,123.34,123.5,120.5,120.7,62.854948611969284,8128300,0.0000,1.0
2008-05-01,121.06,124.43,121.06,123.61,64.37034132498361,8230200,0.0000,1.0
2008-05-02,123.3,124.0,121.76,123.18,64.14641731584405,6916600,0.0000,1.0
2008-05-05,122.76,123.25,121.74,122.03,63.54755077977309,6359300,0.0000,1.0
2008-05-06,121.5,123.34,120.78,122.82,63.95894605237835,5910400,0.0000,1.0
2008-05-07,122.78,124.98,122.41,124.14,64.90671743989935,11406800,0.5000,1.0
2008-05-08,124.2,125.17,123.7,124.92,65.31454118408432,9794000,0.0000,1.0
2008-05-09,124.37,124.65,123.63,124.06,64.86488936357269,5502900,0.0000,1.0
2008-05-12,123.8,125.99,123.56,125.24,65.48185348939096,8666800,0.0000,1.0
2008-05-13,125.31,126.7,125.03,126.58,66.18247376786258,9693400,0.0000,1.0
2008-05-14,126.61,128.83,126.2,127.52,66.67395366470086,8888300,0.0000,1.0
2008-05-15,127.06,128.68,126.9,128.46,67.16543356153916,7227900,0.0000,1.0
2008-05-16,128.46,128.475,126.8,127.82,66.83080895092584,6372100,0.0000,1.0
2008-05-19,127.68,128.21,126.05,126.49,66.13541718199507,6385200,0.0000,1.0
2008-05-20,126.05,126.05,124.45,125.18,65.45048243214598,7017700,0.0000,1.0
2008-05-21,125.05,126.4,123.02,123.62,64.63483494377604,8333900,0.0000,1.0
2008-05-22,123.55,125.35,123.55,124.7,65.19951397418599,5031300,0.0000,1.0
2008-05-23,124.35,124.91,123.77,124.2,64.93808849714435,4701500,0.0000,1.0
2008-05-27,124.01,127.38,124.0,127.32,66.5693834738842,6989200,0.0000,1.0
2008-05-28,127.5,129.54,126.99,129.54,67.7301125919491,9875600,0.0000,1.0
2008-05-29,129.04,129.99,128.66,129.71,67.81899725414327,7561500,0.0000,1.0
2008-05-30,129.22,129.99,128.8,129.43,67.67259898699994,8652900,0.0000,1.0
2008-06-02,128.67,129.37,126.7,127.36,66.59029751204754,7599300,0.0000,1.0
2008-06-03,127.48,129.0,127.46,127.84,66.84126597000751,7238200,0.0000,1.0
2008-06-04,127.24,128.5,126.45,127.55,66.68963919332336,6432300,0.0000,1.0
2008-06-05,127.41,129.04,127.2,128.47,67.17066207107999,6153300,0.0000,1.0
2008-06-06,127.6,128.14,124.74,124.94,65.32499820316598,7886200,0.0000,1.0
2008-06-09,125.38,126.18,124.06,125.86,65.8060210809226,5584000,0.0000,1.0
2008-06-10,124.88,126.722,124.63,125.94,65.84784915724927,5384200,0.0000,1.0
2008-06-11,125.9,125.9,122.86,123.25,64.44138009076522,7207200,0.0000,1.0
2008-06-12,123.85,125.09,123.13,123.85,64.7550906632152,6748600,0.0000,1.0
2008-06-13,124.42,126.57,124.15,126.15,65.95764785760676,6379600,0.0000,1.0
2008-06-16,125.46,127.14,124.6466,126.71,66.2504443918934,6280200,0.0000,1.0
2008-06-17,127.1,127.1,124.62,125.1,65.40865435581931,5277900,0.0000,1.0
2008-06-18,124.55,125.4312,123.7,124.16,64.91717445898101,6614700,0.0000,1.0
2008-06-19,123.84,125.62,122.36,125.02,65.36682627949264,7570200,0.0000,1.0
2008-06-20,123.14,125.02,122.5,122.74,64.17472610418274,9624900,0.0000,1.0
2008-06-23,123.0,124.5,122.4,123.46,64.55117879112271,5852300,0.0000,1.0
2008-06-24,123.08,124.25,121.9,123.46,64.55117879112271,7552900,0.0000,1.0
2008-06-25,123.67,125.83,123.2,124.58,65.136771859696,7131500,0.0000,1.0
2008-06-26,123.43,123.82,120.76,121.13,63.33293606810865,9710600,0.0000,1.0
2008-06-27,121.02,122.05,118.26,120.05,62.7682570376987,11660400,0.0000,1.0
2008-06-30,119.99,120.22,118.15,118.53,61.9735235874921,8439000,0.0000,1.0
2008-07-01,117.5,119.36,116.6,119.27,62.360433293513736,10069400,0.0000,1.0
2008-07-02,118.41,120.55,118.12,119.1,62.271548631319575,8093200,0.0000,1.0
2008-07-03,119.95,120.78,117.89,119.54,62.50160305111623,6115200,0.0000,1.0
2008-07-07,119.62,122.64,119.62,121.5,63.52639092111947,9131100,0.0000,1.0
2008-07-08,120.55,123.99,120.55,123.88,64.7707761918377,9813300,0.0000,1.0
2008-07-09,124.21,124.5,120.4,120.4,62.95125487162785,9506700,0.0000,1.0
2008-07-10,120.66,123.54,120.66,123.18,64.4047805239794,10053600,0.0000,1.0
2008-07-11,121.8,123.74,120.57,122.12,63.85055851265111,8841400,0.0000,1.0
2008-07-14,121.8,124.25,121.24,121.54,63.547304959282805,8317400,0.0000,1.0
2008-07-15,121.0,124.5,119.9,123.2,64.41523754306107,10710500,0.0000,1.0
2008-07-16,122.81,126.89,122.25,125.94,65.84784915724927,9898800,0.0000,1.0
2008-07-17,126.39,126.96,124.0,126.52,66.15110271061758,12298200,0.0000,1.0
2008-07-18,125.81,130.0,125.42,129.89,67.91311042587824,18317800,0.0000,1.0
2008-07-21,129.83,129.9,127.64,128.66,67.2700037523558,7779600,0.0000,1.0
2008-07-22,127.5,130.0,127.26,130.0,67.97062403082742,11428600,0.0000,1.0
2008-07-23,129.78,130.33,128.29,129.52,67.71965557286744,10230300,0.0000,1.0
2008-07-24,129.06,130.93,128.8,130.0,67.97062403082742,8946300,0.0000,1.0
2008-07-25,129.0,129.9,128.0,128.53,67.20203312832498,7565500,0.0000,1.0
2008-07-28,127.69,128.44,126.13,126.25,66.00993295301508,6096800,0.0000,1.0
2008-07-29,126.54,128.168,126.25,127.66,66.74715279827252,5979400,0.0000,1.0
2008-07-30,128.12,129.0,127.09,128.86,67.37457394317248,5826100,0.0000,1.0
2008-07-31,128.1,129.5,127.74,127.98,66.91446510357918,5857300,0.0000,1.0
2008-08-01,128.52,129.3,126.28,126.64,66.21384482510757,4939700,0.0000,1.0
2008-08-04,126.77,128.1,126.25,127.56,66.6948677028642,5994900,0.0000,1.0
2008-08-05,127.56,128.9,127.08,128.87,67.3798024527133,6969900,0.0000,1.0
2008-08-06,128.45,129.5,127.75,129.16,67.7928547064391,6253800,0.5000,1.0
2008-08-07,129.16,129.97,127.9,129.05,67.73511845668912,6633500,0.0000,1.0
2008-08-08,129.05,129.88,127.63,128.81,67.6091484572346,8561800,0.0000,1.0
2008-08-11,128.43,128.43,125.75,126.6,66.44917471225759,7490400,0.0000,1.0
2008-08-12,126.01,126.5,124.4,125.22,65.72484721539412,6996800,0.0000,1.0
2008-08-13,125.0,126.99,124.75,125.8,66.02927471407587,5857800,0.0000,1.0
2008-08-14,125.01,128.25,124.8,126.94,66.62763221148482,6813000,0.0000,1.0
2008-08-15,127.07,127.19,125.35,126.36,66.32320471280308,5566200,0.0000,1.0
2008-08-18,126.49,127.0,123.68,124.59,65.39417596682601,5970000,0.0000,1.0
2008-08-19,123.63,124.79,122.01,122.56,64.3286797214399,9311600,0.0000,1.0
2008-08-20,123.5,123.97,122.01,122.51,64.30243597155354,6871600,0.0000,1.0
2008-08-21,121.58,123.43,121.55,122.99,64.55437597046257,6315000,0.0000,1.0
2008-08-22,123.3,125.35,122.8,124.93,65.57263346605325,5989200,0.0000,1.0
2008-08-25,124.48,124.93,122.7,122.86,64.48614222075804,5827400,0.0000,1.0
2008-08-26,122.58,122.85,121.5,122.5,64.29718722157627,6218200,0.0000,1.0
2008-08-27,122.42,124.85,122.18,123.38,64.75907721957616,5843800,0.0000,1.0
2008-08-28,124.06,125.45,123.58,124.58,65.38892721684874,5448200,0.0000,1.0
2008-08-29,123.71,123.99,121.63,121.73,63.89303347332636,7156000,0.0000,1.0
2008-09-02,122.87,124.0,117.9,118.41,62.15044848087221,11749800,0.0000,1.0
2008-09-03,118.34,118.65,115.15,118.34,62.11370723103131,11316600,0.0000,1.0
2008-09-04,117.99,118.9,114.9,115.0,60.36062473862262,10133800,0.0000,1.0
2008-09-05,114.15,115.09,113.17,114.33,60.008958490145424,8811400,0.0000,1.0
2008-09-08,118.0,118.28,115.14,117.29,61.5625884834178,10452800,0.0000,1.0
2008-09-09,117.78,118.1,115.0,115.04,60.381619738531704,8106300,0.0000,1.0
2008-09-10,116.4,119.95,116.1,118.04,61.95624473171316,11852200,0.0000,1.0
2008-09-11,116.6,119.37,116.11,119.2,62.565099729076664,9737400,0.0000,1.0
2008-09-12,118.66,119.28,116.82,118.97,62.444378479599415,6635100,0.0000,1.0
2008-09-15,115.36,118.41,115.19,115.19,60.460350988190775,9908300,0.0000,1.0
2008-09-16,113.73,117.64,113.32,116.05,60.911743486236126,13673200,0.0000,1.0
2008-09-17,114.79,115.5,110.61,111.47,58.50781599664577,12298000,0.0000,1.0
2008-09-18,112.91,118.59,111.04,115.12,60.423609738349874,15995000,0.0000,1.0
2008-09-19,119.59,124.0,117.5,118.85,62.38139347987215,14432600,0.0000,1.0
2008-09-22,118.45,120.14,116.02,116.21,60.99572348587247,8844000,0.0000,1.0
2008-09-23,116.21,118.17,114.14,115.36,60.54957973780439,8012800,0.0000,1.0
2008-09-24,116.93,118.17,114.26,116.46,61.126942235304256,6574100,0.0000,1.0
2008-09-25,117.75,121.99,116.12,120.11,63.04273597700837,6539200,0.0000,1.0
2008-09-26,117.21,121.01,117.01,119.42,62.68057222857664,4760500,0.0000,1.0
2008-09-29,117.44,118.43,109.95,114.46,60.07719223984995,9586700,0.0000,1.0
2008-09-30,115.83,116.96,111.81,116.96,61.38937973416783,18991900,0.0000,1.0
2008-10-01,115.51,116.8,107.75,110.13,57.80448349969138,13134400,0.0000,1.0
2008-10-02,108.48,109.97,103.04,104.74,54.975407261942024,11458200,0.0000,1.0
2008-10-03,105.16,110.95,103.03,103.44,54.29306976489672,9637900,0.0000,1.0
2008-10-06,101.21,103.0,96.6,100.62,52.81292227130616,11521400,0.0000,1.0
2008-10-07,101.5,102.62,94.24,95.65,50.20429353260221,11416100,0.0000,1.0
2008-10-08,91.51,97.48,89.98,90.55,47.52743104419372,17980400,0.0000,1.0
2008-10-09,95.29,95.31,88.23,89.0,46.713874797716635,21293600,0.0000,1.0
2008-10-10,87.41,91.66,83.51,87.75,46.05778105055769,24637400,0.0000,1.0
2008-10-13,90.44,93.61,86.95,92.21,48.39872354042079,17101600,0.0000,1.0
2008-10-14,96.42,99.0,92.0,93.6,49.12829978726153,15114200,0.0000,1.0
2008-10-15,92.77,95.29,87.71,88.29,46.341213549330355,11330800,0.0000,1.0
2008-10-16,89.38,92.0,84.35,91.52,48.036559791989056,16271300,0.0000,1.0
2008-10-17,91.75,95.91,87.71,90.78,47.64815229367097,15230700,0.0000,1.0
2008-10-20,92.21,93.31,89.33,92.51,48.55618603973895,9747100,0.0000,1.0
2008-10-21,92.22,92.46,88.57,88.86,46.64039229803483,9716400,0.0000,1.0
2008-10-22,87.0,87.59,80.8,83.6,43.87954980999,14198100,0.0000,1.0
2008-10-23,84.09,85.89,81.0,84.35,44.27320605828537,12358000,0.0000,1.0
2008-10-24,79.27,84.31,78.82,82.07,43.07649106346746,12287300,0.0000,1.0
2008-10-27,80.27,84.5,79.01,79.66,41.81154231894502,11099100,0.0000,1.0
2008-10-28,81.4,87.61,79.52,87.28,45.81108980162593,14205900,0.0000,1.0
2008-10-29,87.74,91.0,86.25,88.2,46.293974799534915,12692000,0.0000,1.0
2008-10-30,91.01,92.4,88.9,90.69,47.60091354387552,12033800,0.0000,1.0
2008-10-31,90.9,94.19,89.03,92.97,48.79762853869343,10506300,0.0000,1.0
2008-11-03,92.64,94.67,92.17,92.68,48.64541478935256,7686300,0.0000,1.0
2008-11-04,94.76,94.76,92.07,93.4,49.02332478771611,10173000,0.0000,1.0
2008-11-05,92.93,93.4,89.7,89.94,47.207257295580156,8706200,0.0000,1.0
2008-11-06,87.68,88.83,84.28,85.15,44.95554355533067,12522000,0.5000,1.0
2008-11-07,85.78,86.71,84.25,86.27,45.54685546116708,7927800,0.0000,1.0
2008-11-10,87.99,88.1,82.74,83.87,44.27975852008906,9685100,0.0000,1.0
2008-11-11,83.25,84.29,80.25,82.74,43.68316704366482,10013600,0.0000,1.0
2008-11-12,80.73,82.4,79.57,79.74,42.09929586731729,11368400,0.0000,1.0
2008-11-13,79.62,84.39,75.4,84.21,44.45926392007511,15103600,0.0000,1.0
2008-11-14,82.63,85.4,79.5,80.33,42.41079053199897,12023700,0.0000,1.0
2008-11-17,79.4,79.74,77.16,77.48,40.90611291446883,10315300,0.0000,1.0
2008-11-18,79.13,80.93,77.0,80.08,42.27880126730334,13050600,0.0000,1.0
2008-11-19,79.93,81.0,75.73,75.97,40.10889775570723,12606400,0.0000,1.0
2008-11-20,75.0,78.39,70.51,71.74,37.87563939705721,17634700,0.0000,1.0
2008-11-21,72.74,76.98,69.5,74.88,39.5334245616343,19804500,0.0000,1.0
2008-11-24,75.74,82.09,75.0,79.89,42.17848942613467,15023200,0.0000,1.0
2008-11-25,81.37,82.4,78.22,80.65,42.57973679080938,12519700,0.0000,1.0
2008-11-26,79.52,81.79,78.61,81.67,43.11825299076754,8240600,0.0000,1.0
2008-11-28,81.0,81.9,80.1,81.6,43.081295996652756,3908300,0.0000,1.0
2008-12-01,80.95,81.36,76.79,76.9,40.59989782037497,10265000,0.0000,1.0
2008-12-02,77.8,80.0,76.14,79.84,42.15209157319555,9305200,0.0000,1.0
2008-12-03,78.62,81.0,76.99,80.67,42.590295931985025,9757800,0.0000,1.0
2008-12-04,80.03,80.83,76.18,77.44,40.88499463211752,10914000,0.0000,1.0
2008-12-05,76.78,81.5,75.31,80.59,42.54805936728243,11212000,0.0000,1.0
2008-12-08,82.57,85.88,81.73,84.86,44.80243600828374,11177600,0.0000,1.0
2008-12-09,83.82,85.434,82.2,82.69,43.6567691907257,9356400,0.0000,1.0
2008-12-10,83.95,84.99,81.83,82.86,43.746521890718725,8187000,0.0000,1.0
2008-12-11,81.5,82.86,79.77,80.58,42.5427797966946,10682400,0.0000,1.0
2008-12-12,78.68,82.94,78.06,82.2,43.39807023192227,10381700,0.0000,1.0
2008-12-15,82.51,83.54,80.0,82.77,43.699005755428296,8848200,0.0000,1.0
2008-12-16,83.11,86.84,82.87,86.4,45.61548987880881,11559800,0.0000,1.0
2008-12-17,85.44,87.27,84.6566,85.84,45.3198339258906,8592000,0.0000,1.0
2008-12-18,85.77,86.64,82.96,84.0,44.348392937730786,8029500,0.0000,1.0
2008-12-19,84.59,85.22,82.97,83.52,44.094973549515174,13098600,0.0000,1.0
2008-12-22,83.27,83.45,80.32,81.99,43.28719924957794,7083300,0.0000,1.0
2008-12-23,82.35,82.81,80.13,80.6,42.55333893787025,6374400,0.0000,1.0
2008-12-24,80.55,81.22,79.92,80.52,42.511102373167645,2415200,0.0000,1.0
2008-12-26,80.93,81.8,80.55,81.33,42.93874759078148,3101300,0.0000,1.0
2008-12-29,81.72,81.72,79.68,81.25,42.89651102607888,6062600,0.0000,1.0
2008-12-30,81.83,83.64,81.52,83.55,44.11081226127865,5774400,0.0000,1.0
2008-12-31,83.5,85.0,83.5,84.16,44.43286606713598,6667700,0.0000,1.0
2009-01-02,83.89,87.59,83.89,87.37,46.12760822582784,7558200,0.0000,1.0
2009-01-05,86.42,87.67,86.18,86.82,45.837231843497456,8315700,0.0000,1.0
2009-01-06,87.11,90.41,86.37,89.23,47.10960835516331,9649500,0.0000,1.0
2009-01-07,87.83,88.8,87.12,87.79,46.349350190516496,8455100,0.0000,1.0
2009-01-08,87.81,88.14,85.98,87.18,46.02729638465917,7231800,0.0000,1.0
2009-01-09,87.05,87.5,84.25,84.7,44.71796287887854,7440300,0.0000,1.0
2009-01-12,84.57,86.6,84.42,85.71,45.251199508248874,8072700,0.0000,1.0
2009-01-13,85.5,86.59,84.79,85.34,45.05585539649935,7657200,0.0000,1.0
2009-01-14,84.2,84.82,82.11,83.19,43.92074772011695,9470000,0.0000,1.0
2009-01-15,83.34,84.83,82.256,84.12,44.41174778478469,11734800,0.0000,1.0
2009-01-16,84.61,85.74,83.08,84.92,44.83411343181069,11245300,0.0000,1.0
2009-01-20,84.76,84.92,81.76,81.98,43.281919678990114,13800100,0.0000,1.0
2009-01-21,86.35,91.6,86.0,91.42,48.265834313897,24905000,0.0000,1.0
2009-01-22,89.83,90.74,88.11,90.07,47.55309228454061,12350700,0.0000,1.0
2009-01-23,88.4,90.7,87.81,89.49,47.24687719044676,10253700,0.0000,1.0
2009-01-26,89.77,92.67,89.52,91.6,48.360866584477854,9840800,0.0000,1.0
2009-01-27,91.77,91.97,90.5,91.66,48.392544008004805,8720800,0.0000,1.0
2009-01-28,92.7,94.94,91.91,94.82,50.06088831375753,13407200,0.0000,1.0
2009-01-29,93.58,94.58,92.02,92.51,48.84130750796994,9233500,0.0000,1.0
2009-01-30,92.23,93.48,91.25,91.65,48.38726443741698,9617000,0.0000,1.0
2009-02-02,90.6,91.86,89.69,90.93,48.007135355093574,9926400,0.0000,1.0
2009-02-03,91.07,93.73,90.16,93.48,49.35342585498898,8864500,0.0000,1.0
2009-02-04,93.74,94.91,91.82,92.83,49.01025376678034,10189800,0.0000,1.0
2009-02-05,92.13,93.2,91.22,92.41,48.78851180209168,11622900,0.0000,1.0
2009-02-06,92.51,97.1,91.65,96.14,51.0217701607417,13055900,0.5000,1.0
2009-02-09,95.93,96.98,94.72,96.82,51.38264808573966,8165800,0.0000,1.0
2009-02-10,95.58,96.82,92.96,93.27,49.498653036117936,13541300,0.0000,1.0
2009-02-11,93.48,95.77,93.0,95.16,50.50168138647992,10765700,0.0000,1.0
2009-02-12,94.41,95.2,92.2,95.07,50.45391813170078,9917700,0.0000,1.0
2009-02-13,94.79,95.18,93.57,93.84,49.801153649719176,6742400,0.0000,1.0
2009-02-17,91.73,92.49,90.5,90.67,48.1188256758316,8903500,0.0000,1.0
2009-02-18,91.17,92.25,90.4406,91.51,48.564616053770266,8492600,0.0000,1.0
2009-02-19,91.69,92.16,88.45,88.93,47.195402750101515,12622700,0.0000,1.0
2009-02-20,88.05,89.9,87.34,88.79,47.12110435377841,12400700,0.0000,1.0
2009-02-23,89.3,89.33,84.19,84.37,44.775397841291635,13509600,0.0000,1.0
2009-02-24,84.42,87.08,84.1,86.4,45.85272458797674,12915300,0.0000,1.0
2009-02-25,86.0,87.12,82.85,85.9,45.587373172537056,12646400,0.0000,1.0
2009-02-26,87.0,90.2,86.33,88.97,47.21663086333669,17423200,0.0000,1.0
2009-02-27,88.01,93.28,88.01,92.03,48.84058152582753,21311200,0.0000,1.0
2009-03-02,91.17,91.9,88.75,89.05,47.25908708980703,15231700,0.0000,1.0
2009-03-03,90.16,90.18,87.19,87.77,46.57978746628145,13744100,0.0000,1.0
2009-03-04,88.97,91.24,87.602,89.49,47.492596335393955,15391700,0.0000,1.0
2009-03-05,88.13,90.16,87.02,87.48,46.425883645326444,14930100,0.0000,1.0
2009-03-06,87.47,88.25,83.81,85.81,45.53960991775791,15186000,0.0000,1.0
2009-03-09,84.7,86.8,83.02,83.48,44.303072321809005,13151800,0.0000,1.0
2009-03-10,85.11,87.25,83.64,87.25,46.30382199422419,15914800,0.0000,1.0
2009-03-11,87.51,89.54,86.72,88.62,47.030884872528915,11823900,0.0000,1.0
2009-03-12,88.59,90.6,87.49,90.4,47.97553591149418,11829200,0.0000,1.0
2009-03-13,90.4,90.65,89.29,90.36,47.954307798258995,9111900,0.0000,1.0
2009-03-16,91.34,93.0,90.54,91.22,48.41071223281525,11793700,0.0000,1.0
2009-03-17,91.11,92.91,90.45,92.91,49.30760001700136,11489700,0.0000,1.0
2009-03-18,89.41,92.9,89.41,91.95,48.79812529935718,17954300,0.0000,1.0
2009-03-19,93.08,93.35,91.51,92.66,49.17492430928152,9899300,0.0000,1.0
2009-03-20,93.16,95.0,92.18,92.51,49.09531888464963,12193900,0.0000,1.0
2009-03-23,93.7,98.71,93.7,98.71,52.385676436101654,12407200,0.0000,1.0
2009-03-24,97.69,99.55,97.52,98.3,52.168088275441114,9346700,0.0000,1.0
2009-03-25,98.47,99.86,96.09,97.95,51.98234228463335,12017000,0.0000,1.0
2009-03-26,98.47,99.2,97.75,98.78,52.42282563426321,11434600,0.0000,1.0
2009-03-27,95.99,96.0,92.75,94.15,49.965671527291775,15745200,0.0000,1.0
2009-03-30,92.0,94.74,91.8,94.52,50.16203157471713,10964000,0.0000,1.0
2009-03-31,94.96,98.66,94.85,96.89,51.41979728390122,14553700,0.0000,1.0
2009-04-01,96.13,98.0,95.7,97.61,51.80190332213436,12212900,0.0000,1.0
2009-04-02,99.15,101.99,98.38,100.82,53.50545940925711,16219000,0.0000,1.0
2009-04-03,99.73,102.66,99.71,102.22,54.24844337248821,10962900,0.0000,1.0
2009-04-06,100.9,101.85,100.0,101.56,53.89817950410784,8819800,0.0000,1.0
2009-04-07,100.1725,100.5,98.52,98.75,52.40690454933683,8768400,0.0000,1.0
2009-04-08,99.45,101.55,99.0,101.19,53.70181945668247,7285200,0.0000,1.0
2009-04-09,102.01,102.45,100.25,101.7,53.972477900430945,8013700,0.0000,1.0
2009-04-13,100.28,101.65,99.04,99.95,53.04374794639207,7797200,0.0000,1.0
2009-04-14,99.08,99.95,98.27,99.27,52.682870021394095,6276700,0.0000,1.0
2009-04-15,98.23,99.06,96.44,98.85,52.45997483242476,8164200,0.0000,1.0
2009-04-16,99.74,101.92,99.18,101.43,53.82918813609352,9259500,0.0000,1.0
2009-04-17,101.18,102.04,99.69,101.27,53.744275683152814,10214200,0.0000,1.0
2009-04-20,100.29,101.1899,99.21,100.43,53.29848530521416,12524700,0.0000,1.0
2009-04-21,98.41,102.48,98.2,102.31,54.29620662726735,15226700,0.0000,1.0
2009-04-22,101.17,103.86,101.06,102.55,54.4235753066784,12120000,0.0000,1.0
2009-04-23,102.65,102.78,99.8,101.42,53.82388110778472,9440400,0.0000,1.0
2009-04-24,101.17,101.58,99.5,100.08,53.112739314406376,10157500,0.0000,1.0
2009-04-27,99.61,101.69,99.29,99.95,53.04374794639207,8611400,0.0000,1.0
2009-04-28,99.36,102.73,99.25,101.94,54.09984657984199,11110500,0.0000,1.0
2009-04-29,101.98,105.0,101.67,104.04,55.21432252468865,9783700,0.0000,1.0
2009-04-30,104.55,106.05,102.85,103.21,54.773839175058775,10654500,0.0000,1.0
2009-05-01,103.78,104.86,102.94,104.61,55.51682313828988,6234200,0.0000,1.0
2009-05-04,105.26,106.75,104.61,106.19,56.355333611079274,8313900,0.0000,1.0
2009-05-05,106.0,106.82,105.51,105.85,56.174894648580285,6750000,0.0000,1.0
2009-05-06,105.23,105.5,103.71,104.62,55.81401672358233,7530900,0.5500,1.0
2009-05-07,104.65,104.7964,101.83,102.59,54.73102633982327,8521400,0.0000,1.0
2009-05-08,103.58,103.75,99.83,101.49,54.14418425995383,11575500,0.0000,1.0
2009-05-11,101.09,103.877,100.95,102.9,54.89640910778648,8253000,0.0000,1.0
2009-05-12,102.98,104.38,102.37,103.94,55.45124161966304,7961600,0.0000,1.0
2009-05-13,102.88,103.1,101.35,102.26,54.554973715862445,8202100,0.0000,1.0
2009-05-14,101.72,102.71,100.77,101.05,53.90944742800606,9445100,0.0000,1.0
2009-05-15,100.9,103.07,100.57,101.37,54.08016512396808,8367400,0.0000,1.0
2009-05-18,102.0,104.71,101.94,104.58,55.792677011587074,7429500,0.0000,1.0
2009-05-19,104.33,106.12,104.0,105.51,56.28882531547669,7079200,0.0000,1.0
2009-05-20,105.51,105.98,103.81,104.05,55.50992582764998,7083100,0.0000,1.0
2009-05-21,103.07,103.25,101.74,102.82,54.85372968379597,7411500,0.0000,1.0
2009-05-22,102.67,103.31,101.75,101.89,54.35758137990636,5596200,0.0000,1.0
2009-05-26,101.32,105.63,101.02,105.02,56.02741384353485,7211200,0.0000,1.0
2009-05-27,104.34,105.17,102.91,102.93,54.912413891782926,7119600,0.0000,1.0
2009-05-28,103.34,105.14,102.68,104.69,55.85136121957402,6127500,0.0000,1.0
2009-05-29,104.47,106.5,103.95,106.28,56.6996147713853,6871800,0.0000,1.0
2009-06-01,106.94,108.67,106.67,108.37,57.81461472313723,7725000,0.0000,1.0
2009-06-02,107.51,108.8,106.66,106.83,56.99303581132001,7045800,0.0000,1.0
2009-06-03,106.53,106.6,105.11,106.49,56.81164825936037,7688000,0.0000,1.0
2009-06-04,106.17,106.87,105.6,106.33,56.72628941137936,5468500,0.0000,1.0
2009-06-05,107.33,108.4,106.75,107.24,57.21176785927135,7665000,0.0000,1.0
2009-06-08,106.64,107.98,105.5,107.49,57.345141059241676,6363800,0.0000,1.0
2009-06-09,108.15,109.14,107.99,108.14,57.69191137916453,8585900,0.0000,1.0
2009-06-10,109.2,109.28,107.05,108.35,57.8039448671396,7578100,0.0000,1.0
2009-06-11,108.75,110.64,108.56,109.4,58.36411230701498,9134300,0.0000,1.0
2009-06-12,108.4,109.28,107.75,108.21,57.72925587515622,7250900,0.0000,1.0
2009-06-15,107.63,108.83,107.24,107.62,57.41449512322625,8567600,0.0000,1.0
2009-06-16,108.47,109.14,107.27,107.32,57.254447283261854,7231000,0.0000,1.0
2009-06-17,107.46,107.88,106.88,107.0,57.083729587299835,7366200,0.0000,1.0
2009-06-18,106.93,107.53,106.12,106.33,56.72628941137936,6206900,0.0000,1.0
2009-06-19,106.31,106.65,105.5,105.89,56.49155257943159,13559000,0.0000,1.0
2009-06-22,105.18,105.88,104.23,104.52,55.760667443594194,7295400,0.0000,1.0
2009-06-23,104.75,104.87,103.79,104.44,55.717988019603695,5152600,0.0000,1.0
2009-06-24,105.39,106.48,103.72,104.15,55.56327510763812,6395200,0.0000,1.0
2009-06-25,103.7,106.785,103.51,106.06,56.582246355411414,6900600,0.0000,1.0
2009-06-26,106.5,106.5,105.05,105.68,56.379519091456515,5127900,0.0000,1.0
2009-06-29,105.99,106.18,105.16,105.83,56.45954301143871,4681800,0.0000,1.0
2009-06-30,105.69,106.03,103.81,104.42,55.70731816360607,7512600,0.0000,1.0
2009-07-01,105.0,106.27,104.73,104.84,55.93138513955622,5537300,0.0000,1.0
2009-07-02,103.8,103.91,101.73,101.73,54.27222253192535,7026700,0.0000,1.0
2009-07-06,101.57,102.23,100.47,101.65,54.22954310793485,6522500,0.0000,1.0
2009-07-07,101.34,101.96,100.03,100.19,53.45064362010814,6685600,0.0000,1.0
2009-07-08,100.29,101.17,99.5,100.68,53.71205509204998,7380800,0.0000,1.0
2009-07-09,101.12,102.78,100.85,102.08,54.458945011883806,6153200,0.0000,1.0
2009-07-10,100.97,101.72,99.8,100.83,53.792079012032175,7465900,0.0000,1.0
2009-07-13,101.28,103.65,100.19,103.62,55.280523923701026,9494300,0.0000,1.0
2009-07-14,103.42,103.62,102.52,103.25,55.08313158774494,5413500,0.0000,1.0
2009-07-15,104.75,107.22,104.6,107.22,57.20109800327373,8699100,0.0000,1.0
2009-07-16,106.84,110.97,106.79,110.64,59.0256433788678,14997900,0.0000,1.0
2009-07-17,113.41,115.53,113.16,115.42,61.57573896230044,20188900,0.0000,1.0
2009-07-20,114.53,116.88,114.39,116.44,62.11990161817938,10682500,0.0000,1.0
2009-07-21,115.87,117.04,115.38,117.04,62.43999729810816,8301700,0.0000,1.0
2009-07-22,116.18,117.2,115.09,115.57,61.65576288228264,8813400,0.0000,1.0
2009-07-23,115.06,118.0,115.06,117.06,62.45066715410579,8461400,0.0000,1.0
2009-07-24,116.68,118.15,116.63,117.64,62.760092978036944,6261000,0.0000,1.0
2009-07-27,116.95,117.92,116.57,117.63,62.75475805003813,5069200,0.0000,1.0
2009-07-28,116.63,117.52,116.34,117.28,62.56803557007967,5782900,0.0000,1.0
2009-07-29,116.36,117.28,116.05,117.26,62.55736571408205,5100900,0.0000,1.0
2009-07-30,118.0,119.37,117.67,117.86,62.87746139401083,6803100,0.0000,1.0
2009-07-31,117.56,118.99,117.56,117.93,62.914805890002526,5329600,0.0000,1.0
2009-08-03,118.88,119.96,118.69,119.92,63.97645656176633,6108200,0.0000,1.0
2009-08-04,119.17,119.8,119.02,119.6,63.8057388658043,4993500,0.0000,1.0
2009-08-05,118.515,119.0,117.86,117.92,62.90947096200371,5025800,0.0000,1.0
2009-08-06,118.31,118.4,116.7,117.38,62.91480589000251,6003100,0.5500,1.0
2009-08-07,118.11,119.91,118.11,119.33,63.959991368665875,5763200,0.0000,1.0
2009-08-10,118.17,119.19,117.97,118.7,63.62231606017464,3981300,0.0000,1.0
2009-08-11,118.03,118.5,117.32,117.79,63.13456283679841,4844500,0.0000,1.0
2009-08-12,117.6,119.96,117.42,119.29,63.93855166653945,6289700,0.0000,1.0
2009-08-13,119.28,119.78,118.63,119.58,64.09398950695605,5489200,0.0000,1.0
2009-08-14,119.29,119.74,117.62,118.57,63.55263702826374,4796400,0.0000,1.0
2009-08-17,116.69,117.44,116.21,116.86,62.63608976235896,5349600,0.0000,1.0
2009-08-18,116.81,118.0,116.73,117.63,63.048804028292686,4286200,0.0000,1.0
2009-08-19,116.36,118.77,116.12,118.57,63.55263702826374,4837900,0.0000,1.0
2009-08-20,118.44,119.41,118.1,118.95,63.756314198464814,4841700,0.0000,1.0
2009-08-21,119.65,120.01,118.55,119.9,64.26550712396748,8306800,0.0000,1.0
2009-08-24,119.92,120.88,119.1,119.32,63.95463144313427,6363400,0.0000,1.0
2009-08-25,119.25,120.15,118.71,118.83,63.69199509208553,4652200,0.0000,1.0
2009-08-26,118.64,119.85,117.51,119.47,64.03503032610837,4515500,0.0000,1.0
2009-08-27,118.73,119.59,117.85,119.43,64.01359062398195,4356900,0.0000,1.0
2009-08-28,120.1,120.23,117.77,118.22,63.3650396346575,6235700,0.0000,1.0
2009-08-31,117.1,118.06,116.92,118.05,63.27392090062018,5439400,0.0000,1.0
2009-09-01,117.67,118.93,116.5,116.69,62.54497102832163,6303800,0.0000,1.0
2009-09-02,116.34,117.24,116.0,116.09,62.22337549642522,5178800,0.0000,1.0
2009-09-03,116.55,116.73,115.15,116.33,62.35201370918379,4936200,0.0000,1.0
2009-09-04,116.58,117.5,116.21,117.46,62.95768529425537,3451700,0.0000,1.0
2009-09-08,117.94,118.17,116.63,117.16,62.79688752830716,5797500,0.0000,1.0
2009-09-09,117.03,117.67,116.16,116.76,62.58249050704289,5248100,0.0000,1.0
2009-09-10,116.99,117.83,116.75,117.67,63.07024373041912,4889400,0.0000,1.0
2009-09-11,117.8,119.25,117.47,118.05,63.27392090062018,5893700,0.0000,1.0
2009-09-14,117.0,118.99,116.94,118.88,63.718794719743556,4758600,0.0000,1.0
2009-09-15,118.78,119.45,118.16,119.35,63.97071121972908,6536000,0.0000,1.0
2009-09-16,119.5,122.0,119.3,121.82,65.294612826036,11236700,0.0000,1.0
2009-09-17,121.14,122.78,121.05,121.88,65.32677237922564,8392600,0.0000,1.0
2009-09-18,122.45,122.88,121.62,122.11,65.45005066645261,9935800,0.0000,1.0
2009-09-21,121.03,122.08,120.88,121.57,65.16061468774583,4515100,0.0000,1.0
2009-09-22,122.09,122.11,120.98,121.61,65.18205438987226,5564700,0.0000,1.0
2009-09-23,121.26,122.74,120.71,120.82,64.7586202728753,5538100,0.0000,1.0
2009-09-24,120.69,121.65,120.4,120.94,64.82293937925459,5426800,0.0000,1.0
2009-09-25,120.27,121.65,120.1,121.08,64.8979783366971,5187900,0.0000,1.0
2009-09-28,120.52,122.0,118.94,119.33,63.959991368665875,8248600,0.0000,1.0
2009-09-29,119.36,119.94,118.6,118.81,63.68127524102231,6748800,0.0000,1.0
2009-09-30,119.18,120.0,117.55,119.61,64.11006928355087,7733300,0.0000,1.0
2009-10-01,119.39,119.61,117.56,117.9,63.19352201764608,7067500,0.0000,1.0
2009-10-02,117.4,119.66,117.26,119.02,63.79383367718606,7581900,0.0000,1.0
2009-10-05,118.9,120.18,118.13,119.75,64.18510824099337,5673300,0.0000,1.0
2009-10-06,120.39,121.59,120.22,121.35,65.04269632605047,6659100,0.0000,1.0
2009-10-07,121.12,122.85,120.94,122.78,65.80916567707028,5872000,0.0000,1.0
2009-10-08,122.52,122.98,121.85,122.29,65.54652932602154,6498000,0.0000,1.0
2009-10-09,122.43,126.0,122.3,125.93,67.49754221952648,13123100,0.0000,1.0
2009-10-12,125.44,127.1,125.2,127.04,68.09249395353484,7730500,0.0000,1.0
2009-10-13,126.22,127.39,126.2,127.02,68.08177410247163,7581300,0.0000,1.0
2009-10-14,127.71,128.61,126.6,128.35,68.79464419817535,9545500,0.0000,1.0
2009-10-15,127.56,128.0,126.32,127.98,68.5963269535059,11904600,0.0000,1.0
2009-10-16,123.15,123.7,121.25,121.64,65.19813416646709,19216900,0.0000,1.0
2009-10-19,121.76,123.36,121.61,123.06,65.95924359195527,7514100,0.0000,1.0
2009-10-20,123.36,123.5,121.5,122.82,65.8306053791967,8780700,0.0000,1.0
2009-10-21,122.18,124.11,120.86,120.87,64.78541990053336,7171000,0.0000,1.0
2009-10-22,120.75,123.0,120.34,122.69,65.76092634728582,6027000,0.0000,1.0
2009-10-23,122.95,123.06,120.0,120.36,64.51206369842139,6799200,0.0000,1.0
2009-10-26,120.61,122.44,119.55,120.11,64.37806556013122,6538500,0.0000,1.0
2009-10-27,120.18,122.14,119.15,120.65,64.667501538838,9445400,0.0000,1.0
2009-10-28,120.47,121.68,119.87,121.5,65.12309520902458,8780400,0.0000,1.0
2009-10-29,122.15,123.03,121.6,122.87,65.85740500685475,6309400,0.0000,1.0
2009-10-30,122.63,124.3,120.48,120.61,64.64606183671157,7711700,0.0000,1.0
2009-11-02,120.61,121.93,119.5,120.56,64.61926220905353,7049400,0.0000,1.0
2009-11-03,119.53,121.19,119.53,121.16,64.94085774094995,5706800,0.0000,1.0
2009-11-04,121.46,122.5,121.16,121.29,65.01053677286085,6353300,0.0000,1.0
2009-11-05,122.12,123.5,122.0,122.55,65.68588738984332,6701800,0.0000,1.0
2009-11-06,122.51,123.49,122.23,123.49,66.48451629405275,4979600,0.5500,1.0
2009-11-09,123.92,126.0,123.49,126.0,67.83584948619846,7764600,0.0000,1.0
2009-11-10,125.3,127.05,125.17,126.91,68.32577506582099,6444500,0.0000,1.0
2009-11-11,126.55,127.3,125.94,127.19,68.47652139801255,6530800,0.0000,1.0
2009-11-12,126.61,127.65,126.11,126.26,67.97582822323346,5345400,0.0000,1.0
2009-11-13,126.41,127.8,126.27,127.03,68.39038063676023,4979700,0.0000,1.0
2009-11-16,127.17,128.24,127.03,128.21,69.02566875099606,7822500,0.0000,1.0
2009-11-17,127.43,128.655,127.4,128.63,69.25178824928338,1027500,0.0000,1.0
2009-11-18,128.05,128.35,127.55,128.15,68.99336596552645,3970100,0.0000,1.0
2009-11-19,127.28,127.84,126.51,127.54,68.664954313252,5308400,0.0000,1.0
2009-11-20,127.17,127.69,126.46,126.96,68.35269405371234,5354200,0.0000,1.0
2009-11-23,127.7,128.94,127.65,128.2,69.02028495341779,7003500,0.0000,1.0
2009-11-24,127.9,128.32,127.14,127.93,68.87492241880452,4816500,0.0000,1.0
2009-11-25,127.88,128.22,127.08,127.28,68.52497557621697,3967700,0.0000,1.0
2009-11-27,124.59,126.62,124.26,125.7,67.67433555885036,3319200,0.0000,1.0
2009-11-30,125.12,126.6,124.92,126.35,68.02428240143789,6302700,0.0000,1.0
2009-12-01,127.29,128.39,126.85,127.94,68.88030621638278,6578600,0.0000,1.0
2009-12-02,127.32,128.39,127.16,127.21,68.48728899316909,4597900,0.0000,1.0
2009-12-03,127.6,128.47,127.25,127.55,68.67033811083026,5760000,0.0000,1.0
2009-12-04,128.4,128.9,126.0,127.25,68.50882418348216,7068500,0.0000,1.0
2009-12-07,126.88,127.53,126.59,127.04,68.3957644343385,4144400,0.0000,1.0
2009-12-08,126.97,127.35,126.16,126.8,68.26655329246003,5351400,0.0000,1.0
2009-12-09,126.7,128.39,126.11,128.39,69.12257710740491,6071900,0.0000,1.0
2009-12-10,128.13,129.47,128.09,129.34,69.63403787734055,7077800,0.0000,1.0
2009-12-11,129.01,129.77,128.71,129.68,69.81708699500172,6597200,0.0000,1.0
2009-12-14,129.65,129.98,129.6,129.93,69.95168193445845,5201300,0.0000,1.0
2009-12-15,129.46,129.86,127.94,128.49,69.17641508318762,7862600,0.0000,1.0
2009-12-16,128.74,129.6,128.35,128.71,69.29485862990956,6372500,0.0000,1.0
2009-12-17,128.0,128.56,127.12,127.4,68.58958114715621,5909500,0.0000,1.0
2009-12-18,127.97,128.39,127.0,127.91,68.86415482364797,9106600,0.0000,1.0
2009-12-21,127.8,128.94,127.68,128.65,69.26255584443993,4772500,0.0000,1.0
2009-12-22,129.3,129.98,129.19,129.93,69.95168193445845,5535500,0.0000,1.0
2009-12-23,129.7,130.0,129.3,130.0,69.98936851750634,4127600,0.0000,1.0
2009-12-24,129.89,130.57,129.48,130.57,70.29624497946772,4265100,0.0000,1.0
2009-12-28,130.99,132.31,130.72,132.31,71.23302575808664,5800400,0.0000,1.0
2009-12-29,132.28,132.37,131.8,131.85,70.98537106948623,4184200,0.0000,1.0
2009-12-30,131.23,132.68,130.68,132.57,71.37300449512165,3867000,0.0000,1.0
2009-12-31,132.41,132.85,130.75,130.9,70.47391029955062,4223400,0.0000,1.0
2010-01-04,131.18,132.97,130.85,132.45,71.30839892418241,6155300,0.0000,1.0
2010-01-05,131.68,131.85,130.1,130.85,70.44699131165926,6841400,0.0000,1.0
2010-01-06,130.68,131.49,129.81,130.0,69.98936851750634,5605300,0.0000,1.0
2010-01-07,129.87,130.25,128.91,129.55,69.7470976264842,5840600,0.0000,1.0
2010-01-08,129.07,130.9199,129.05,130.85,70.44699131165926,4197200,0.0000,1.0
2010-01-11,131.06,131.06,128.67,129.48,69.7094110434363,5730400,0.0000,1.0
2010-01-12,129.03,131.33,129.0,130.51,70.26394219399809,8081500,0.0000,1.0
2010-01-13,130.39,131.12,129.16,130.23,70.11319586180653,6455400,0.0000,1.0
2010-01-14,130.55,132.71,129.91,132.31,71.23302575808664,7111800,0.0000,1.0
2010-01-15,132.03,132.89,131.089,131.78,70.94768448643835,8494400,0.0000,1.0
2010-01-19,131.63,134.25,131.56,134.14,72.21826071491,13916200,0.0000,1.0
2010-01-20,130.46,131.15,128.95,130.25,70.12396345696308,15197500,0.0000,1.0
2010-01-21,130.47,130.69,128.06,129.0,69.45098875967936,9608600,0.0000,1.0
2010-01-22,128.67,128.89,125.37,125.5,67.56665960728496,10088600,0.0000,1.0
2010-01-25,126.33,126.895,125.71,126.12,67.90045505713769,5738500,0.0000,1.0
2010-01-26,125.92,127.75,125.41,125.75,67.70125454674171,7135300,0.0000,1.0
2010-01-27,125.82,126.96,125.04,126.33,68.01351480628135,8719200,0.0000,1.0
2010-01-28,127.03,127.04,123.05,123.75,66.62449503108776,9622200,0.0000,1.0
2010-01-29,124.32,125.0,121.9,122.39,65.89229856044308,11571200,0.0000,1.0
2010-02-01,123.23,124.95,122.78,124.67,67.11980440828859,7242900,0.0000,1.0
2010-02-02,124.79,125.81,123.95,125.53,67.58281100001977,5899900,0.0000,1.0
2010-02-03,125.16,126.07,125.07,125.66,67.65280036853729,4177100,0.0000,1.0
2010-02-04,125.19,125.44,122.9,123.0,66.22071021271753,9126900,0.0000,1.0
2010-02-05,123.04,123.72,121.83,122.97,66.20455881998272,8617000,0.0000,1.0
2010-02-08,123.15,123.22,121.74,121.88,65.91383375075617,5718500,0.5500,1.0
2010-02-09,122.65,124.2,122.46,123.21,66.63311007901761,6044500,0.0000,1.0
2010-02-10,122.94,123.65,122.21,122.81,66.41678637126981,5219100,0.0000,1.0
2010-02-11,122.58,124.2,122.06,123.73,66.91433089908976,5089000,0.0000,1.0
2010-02-12,123.01,124.05,121.61,124.0,67.06034940181954,8017700,0.0000,1.0
2010-02-16,124.91,125.23,124.11,125.23,67.72554480314403,6777300,0.0000,1.0
2010-02-17,125.5,126.53,125.21,126.33,68.3204349994505,5827400,0.0000,1.0
2010-02-18,126.13,128.0,126.0,127.81,69.12083271811737,5525900,0.0000,1.0
2010-02-19,127.35,128.06,126.8724,127.19,68.78553097110827,6303100,0.0000,1.0
2010-02-22,127.3,127.43,126.31,126.85,68.60165581952263,3808100,0.0000,1.0
2010-02-23,126.48,127.66,126.0,126.46,68.39074020446853,4591900,0.0000,1.0
2010-02-24,127.02,128.27,126.81,127.59,69.00185467885609,4782000,0.0000,1.0
2010-02-25,126.05,127.24,125.57,127.07,68.72063385878393,5658700,0.0000,1.0
2010-02-26,127.01,128.0,126.74,127.16,68.76930669302719,4784200,0.0000,1.0
2010-03-01,127.5,128.83,127.47,128.57,69.5318477628382,4577700,0.0000,1.0
2010-03-02,128.7,129.09,127.13,127.42,68.90991710306326,6013300,0.0000,1.0
2010-03-03,127.73,128.02,126.68,126.88,68.61788009760373,6390000,0.0000,1.0
2010-03-04,126.88,127.07,125.47,126.72,68.5313506145046,6032300,0.0000,1.0
2010-03-05,127.17,127.55,127.04,127.25,68.81797952727045,6140200,0.0000,1.0
2010-03-08,127.06,127.5,126.36,126.41,68.36369974100006,6199300,0.0000,1.0
2010-03-09,126.27,126.29,125.2,125.55,67.89860376934227,7528800,0.0000,1.0
2010-03-10,125.985,126.36,125.21,125.62,67.93646041819815,6916200,0.0000,1.0
2010-03-11,125.71,127.81,125.71,127.6,69.00726277154978,7922200,0.0000,1.0
2010-03-12,127.91,128.37,127.51,127.94,69.19113792313541,5169500,0.0000,1.0
2010-03-15,127.4,128.34,127.28,127.83,69.13164890350477,4497700,0.0000,1.0
2010-03-16,128.0,128.88,127.45,128.67,69.58592868977514,6134900,0.0000,1.0
2010-03-17,128.9,128.93,127.36,127.76,69.0937922546489,6348400,0.0000,1.0
2010-03-18,127.46,128.75,127.45,128.38,69.429094001658,4954400,0.0000,1.0
2010-03-19,128.84,128.93,126.78,127.71,69.06675179118042,10744300,0.0000,1.0
2010-03-22,127.11,128.39,126.57,127.98,69.2127702939102,5651900,0.0000,1.0
2010-03-23,127.94,129.43,127.64,129.37,69.96449517833382,5978500,0.0000,1.0
2010-03-24,128.63,129.95,128.47,128.53,69.51021539206343,6669300,0.0000,1.0
2010-03-25,129.36,130.73,129.13,129.24,69.89418997331579,7603200,0.0000,1.0
2010-03-26,128.93,129.78,128.7205,129.26,69.90500615870316,5550800,0.0000,1.0
2010-03-29,129.3,129.95,128.26,128.59,69.5426639482256,4643000,0.0000,1.0
2010-03-30,128.9,129.13,128.25,128.77,69.6400096167121,3426600,0.0000,1.0
2010-03-31,128.23,128.75,127.65,128.25,69.35878879663996,4904800,0.0000,1.0
2010-04-01,128.95,129.31,127.55,128.25,69.35878879663996,4980500,0.0000,1.0
2010-04-05,128.38,129.8,128.14,129.35,69.95367899294642,4118700,0.0000,1.0
2010-04-06,128.68,129.3,128.05,128.93,69.72653909981123,3926300,0.0000,1.0
2010-04-07,128.53,129.27,128.01,128.48,69.48317492859495,5157000,0.0000,1.0
2010-04-08,128.04,128.23,127.2,127.61,69.01267086424347,6006900,0.0000,1.0
2010-04-09,127.88,128.87,127.12,128.76,69.63460152401841,5185100,0.0000,1.0
2010-04-12,128.57,128.956,128.24,128.36,69.41827781627062,3992300,0.0000,1.0
2010-04-13,128.26,129.435,127.84,129.03,69.78062002674818,6819100,0.0000,1.0
2010-04-14,129.73,131.42,129.46,131.25,70.9812166047485,8545800,0.0000,1.0
2010-04-15,130.53,131.14,130.1902,130.89,70.78652526777546,6425300,0.0000,1.0
2010-04-16,130.68,132.17,130.25,130.63,70.6459148577394,9546200,0.0000,1.0
2010-04-19,130.38,132.28,130.38,132.23,71.51120968873062,11353700,0.0000,1.0
2010-04-20,129.2,130.33,128.26,129.69,70.13755414453206,15216500,0.0000,1.0
2010-04-21,129.87,130.27,128.5,128.99,69.7589876559734,7559200,0.0000,1.0
2010-04-22,128.64,129.36,127.77,129.13,69.83470095368513,6018500,0.0000,1.0
2010-04-23,129.08,130.1,128.71,129.99,70.29979692534292,6197300,0.0000,1.0
2010-04-26,129.76,131.04,129.54,130.73,70.69999578467635,5285400,0.0000,1.0
2010-04-27,129.9,132.0,128.71,128.82,69.66705008018057,10916700,0.0000,1.0
2010-04-28,129.4,130.47,129.03,130.1,70.35928594497355,7122300,0.0000,1.0
2010-04-29,130.55,131.21,130.15,130.46,70.55397728194659,5786900,0.0000,1.0
2010-04-30,130.43,130.636,128.84,129.0,69.7643957486671,6266700,0.0000,1.0
2010-05-03,129.39,130.14,128.8,129.6,70.0888813102888,4992100,0.0000,1.0
2010-05-04,128.89,128.93,126.5754,128.12,69.28848359162193,8285000,0.0000,1.0
2010-05-05,127.12,128.23,126.87,127.46,68.93154947383805,6072800,0.0000,1.0
2010-05-06,126.29,127.93,116.0,123.92,67.36861068536015,13168800,0.6500,1.0
2010-05-07,123.36,124.39,120.0,122.1,66.37917498936794,10584800,0.0000,1.0
2010-05-10,126.27,126.67,125.06,126.27,68.64617875436109,8463900,0.0000,1.0
2010-05-11,125.21,128.42,125.15,126.89,68.98323926618262,6498900,0.0000,1.0
2010-05-12,127.16,132.85,127.01,132.68,72.13094952980622,16626900,0.0000,1.0
2010-05-13,130.93,133.1,130.85,131.48,71.47857434563551,10497800,0.0000,1.0
2010-05-14,131.06,131.67,129.41,131.19,71.32091700946093,9920100,0.0000,1.0
2010-05-17,130.68,131.76,128.7,130.44,70.91318251935425,8923400,0.0000,1.0
2010-05-18,131.26,131.99,129.9,129.95,70.64679598581787,9330000,0.0000,1.0
2010-05-19,129.37,130.5,127.82,128.86,70.05422186019618,8669300,0.0000,1.0
2010-05-20,127.22,127.96,123.68,123.8,67.30337316694309,13176500,0.0000,1.0
2010-05-21,122.16,125.61,121.4,125.42,68.18407966557352,12639500,0.0000,1.0
2010-05-24,125.26,126.02,124.04,124.45,67.65674305836889,6868600,0.0000,1.0
2010-05-25,121.47,124.95,121.47,124.52,67.6947982774455,9494800,0.0000,1.0
2010-05-26,124.89,125.94,123.0,123.23,66.99349495446201,9083200,0.0000,1.0
2010-05-27,125.05,126.39,124.77,126.39,68.71141627277817,7725900,0.0000,1.0
2010-05-28,125.96,126.2794,124.29,125.26,68.0970963076841,7421900,0.0000,1.0
2010-06-01,124.69,126.88,124.2,124.34,67.5969419998199,7135400,0.0000,1.0
2010-06-02,124.85,127.5,124.35,127.41,69.26593517932325,7705300,0.0000,1.0
2010-06-03,127.75,128.22,126.46,127.96,69.56494047206816,6645300,0.0000,1.0
2010-06-04,126.37,127.1,124.67,125.28,68.10796922742027,9669200,0.0000,1.0
2010-06-07,125.57,125.86,124.13,124.13,67.48277634259003,6951400,0.0000,1.0
2010-06-08,124.26,124.46,122.82,123.72,67.25988148799837,8399200,0.0000,1.0
2010-06-09,124.83,125.84,123.58,123.9,67.35773776562398,7795500,0.0000,1.0
2010-06-10,125.99,128.22,125.8,127.68,69.41271959576166,7479700,0.0000,1.0
2010-06-11,126.73,128.8,126.44,128.45,69.83132700560452,5820200,0.0000,1.0
2010-06-14,128.5,129.97,128.49,128.5,69.85850930494497,6753000,0.0000,1.0
2010-06-15,128.93,129.95,128.37,129.79,70.55981262792845,6652500,0.0000,1.0
2010-06-16,128.34,130.68,128.34,130.35,70.86425438054145,6401000,0.0000,1.0
2010-06-17,130.07,131.03,129.86,130.98,71.20675135223105,5571000,0.0000,1.0
2010-06-18,131.02,131.25,130.13,130.15,70.75552518317967,9581400,0.0000,1.0
2010-06-21,131.42,131.94,130.22,130.65,71.02734817658413,6857800,0.0000,1.0
2010-06-22,130.37,131.47,129.07,129.3,70.2934260943921,6030200,0.0000,1.0
2010-06-23,129.25,131.47,129.09,130.11,70.73377934370733,6855800,0.0000,1.0
2010-06-24,129.57,129.73,127.7,128.19,69.6899790490342,5565500,0.0000,1.0
2010-06-25,128.34,129.095,127.12,127.12,69.10827784314867,10420400,0.0000,1.0
2010-06-28,127.65,129.47,127.22,128.98,70.11945937861324,6335100,0.0000,1.0
2010-06-29,127.35,128.4,124.12,125.09,68.00467648992658,9376200,0.0000,1.0
2010-06-30,124.83,125.22,123.0,123.48,67.12940645116424,8018000,0.0000,1.0
2010-07-01,123.55,124.21,121.61,122.57,66.63468860316813,9742100,0.0000,1.0
2010-07-02,123.29,123.29,120.61,121.86,66.2486999525338,6454500,0.0000,1.0
2010-07-06,123.58,124.63,122.17,123.46,67.11853353142806,6348700,0.0000,1.0
2010-07-07,123.47,127.12,123.47,127.0,69.0430403247316,7090300,0.0000,1.0
2010-07-08,127.37,128.15,126.74,127.97,69.57037693193624,5439300,0.0000,1.0
2010-07-09,127.9,128.2,127.29,127.96,69.56494047206816,3898000,0.0000,1.0
2010-07-12,127.37,128.83,127.16,128.67,69.95092912270248,4206900,0.0000,1.0
2010-07-13,128.97,130.98,128.69,130.48,70.93492835882661,6687700,0.0000,1.0
2010-07-14,129.32,131.6,129.14,130.72,71.06540339566075,6607200,0.0000,1.0
2010-07-15,129.87,130.92,129.55,130.72,71.06540339566075,6186800,0.0000,1.0
2010-07-16,129.96,130.15,127.85,128.03,69.60299569114478,7002900,0.0000,1.0
2010-07-19,128.67,130.38,128.37,129.79,70.55981262792845,8388600,0.0000,1.0
2010-07-20,122.97,126.56,122.93,126.55,68.79839963066759,16337400,0.0000,1.0
2010-07-21,126.44,126.5,124.62,125.27,68.10253276755219,8615500,0.0000,1.0
2010-07-22,126.32,127.78,126.05,127.47,69.29855393853178,6909000,0.0000,1.0
2010-07-23,127.3,128.8,127.0,128.38,69.7932717865279,5078000,0.0000,1.0
2010-07-26,128.18,128.43,127.14,128.41,69.80958116613216,5174900,0.0000,1.0
2010-07-27,128.78,129.17,127.89,128.63,69.92918328323012,4648200,0.0000,1.0
2010-07-28,128.67,129.35,127.88,128.43,69.82045408586835,4248800,0.0000,1.0
2010-07-29,129.06,129.5,127.14,128.02,69.59755923127669,8994200,0.0000,1.0
2010-07-30,127.43,128.98,127.04,128.4,69.80414470626408,6021000,0.0000,1.0
2010-08-02,129.25,131.2,129.25,130.76,71.0871492351331,6437500,0.0000,1.0
2010-08-03,130.03,131.04,129.33,130.37,70.87512730027763,5091800,0.0000,1.0
2010-08-04,130.46,131.5,129.85,131.27,71.36440868840566,4567500,0.0000,1.0
2010-08-05,130.73,131.98,130.53,131.83,71.66885044101865,4520600,0.0000,1.0
2010-08-06,130.41,130.48,128.76,130.14,71.10345861473736,6136200,0.6500,1.0
2010-08-09,130.79,132.34,130.4,132.0,72.11969061891297,6131700,0.0000,1.0
2010-08-10,131.18,132.49,130.77,131.84,72.03227281210216,5471700,0.0000,1.0
2010-08-11,130.69,130.69,129.461,129.83,70.93408661404145,6316100,0.0000,1.0
2010-08-12,127.69,128.78,127.52,128.3,70.09815383641313,5132200,0.0000,1.0
2010-08-13,127.96,128.46,127.33,127.87,69.8632184806091,4669400,0.0000,1.0
2010-08-16,127.47,128.23,126.96,127.77,69.80858235135234,4009200,0.0000,1.0
2010-08-17,128.83,129.85,127.905,128.45,70.18010803029826,4298300,0.0000,1.0
2010-08-18,128.87,130.195,127.8,129.3925,70.69505354854316,4883200,0.0000,1.0
2010-08-19,128.67,129.59,128.02,128.9,70.42597061195364,5402400,0.0000,1.0
2010-08-20,128.72,128.98,126.96,127.5,69.66106480235912,6246300,0.0000,1.0
2010-08-23,127.57,128.03,126.44,126.47,69.09831267101457,4034400,0.0000,1.0
2010-08-24,125.21,126.02,124.57,124.9,68.24052544168356,5621200,0.0000,1.0
2010-08-25,124.57,125.6,124.0,125.27,68.44267911993354,5235300,0.0000,1.0
2010-08-26,125.78,125.78,122.78,122.78,67.08223950144041,7746600,0.0000,1.0
2010-08-27,123.83,124.8,122.42,124.73,68.14764402194707,6214200,0.0000,1.0
2010-08-30,125.08,125.2699,123.4,123.4,67.42098350283227,3604000,0.0000,1.0
2010-08-31,123.31,123.99,122.28,123.13,67.27346595383904,5624200,0.0000,1.0
2010-09-01,125.31,126.31,124.52,125.77,68.71585976621729,5623100,0.0000,1.0
2010-09-02,126.03,126.23,124.65,125.04,68.31701602264302,5103300,0.0000,1.0
2010-09-03,126.22,127.6,125.9001,127.58,69.70477370576451,5142900,0.0000,1.0
2010-09-07,126.99,127.36,125.8801,125.95,68.81420479887946,4353300,0.0000,1.0
2010-09-08,126.02,126.5199,125.39,126.08,68.88523176691324,4477500,0.0000,1.0
2010-09-09,127.27,127.57,126.15,126.36,69.03821292883214,3436700,0.0000,1.0
2010-09-10,126.99,128.29,126.26,127.99,69.9287818357172,4418700,0.0000,1.0
2010-09-13,128.63,130.0,128.52,129.61,70.8138871296766,5271300,0.0000,1.0
2010-09-14,128.43,129.92,128.43,128.85,70.39865254732527,4850500,0.0000,1.0
2010-09-15,128.65,129.96,128.54,129.43,70.71554209701443,4762500,0.0000,1.0
2010-09-16,129.2,129.95,128.8,129.67,70.84666880723063,4685000,0.0000,1.0
2010-09-17,129.92,130.6,129.7,130.19,71.13077667936575,10397400,0.0000,1.0
2010-09-20,130.24,132.09,130.11,131.79,72.00495474747378,7145500,0.0000,1.0
2010-09-21,131.45,132.8,130.78,131.98,72.10876339306161,5267900,0.0000,1.0
2010-09-22,131.61,132.58,131.4,132.57,72.43111655567645,4922400,0.0000,1.0
2010-09-23,131.42,132.78,131.22,131.67,71.93939139236568,3898800,0.0000,1.0
2010-09-24,132.42,134.15,132.34,134.11,73.27251294623045,7122400,0.0000,1.0
2010-09-27,133.51,135.0,133.51,134.65,73.5675480442169,6155400,0.0000,1.0
2010-09-28,134.67,135.14,133.71,134.89,73.6986747544331,7481300,0.0000,1.0
2010-09-29,134.4,135.805,134.34,135.48,74.02102791704795,5151200,0.0000,1.0
2010-09-30,135.5,136.11,133.67,134.14,73.28890378500746,6425800,0.0000,1.0
2010-10-01,135.51,136.28,135.09,135.64,74.10844572385874,5621200,0.0000,1.0
2010-10-04,135.23,135.92,134.39,135.25,73.89536481975742,4059900,0.0000,1.0
2010-10-05,136.18,137.9015,136.12,137.66,75.21209553484515,6202500,0.0000,1.0
2010-10-06,136.88,137.96,136.83,137.84,75.3104405675073,4783000,0.0000,1.0
2010-10-07,137.92,138.88,137.52,138.72,75.79123850496671,6440800,0.0000,1.0
2010-10-08,138.4,139.09,138.06,138.85,75.86226547300049,4540800,0.0000,1.0
2010-10-11,138.79,139.94,138.64,139.66,76.30481811998018,4004300,0.0000,1.0
2010-10-12,138.4,139.99,138.27,139.85,76.40862676556802,5637300,0.0000,1.0
2010-10-13,139.91,141.48,139.78,140.37,76.69273463770313,8784300,0.0000,1.0
2010-10-14,140.35,141.5,139.69,141.5,77.31012289830443,5653100,0.0000,1.0
2010-10-15,142.1,142.1,140.54,141.06,77.06972392957472,7220400,0.0000,1.0
2010-10-18,140.9,143.03,140.84,142.83,78.03678341741924,10322700,0.0000,1.0
2010-10-19,137.3,139.34,136.7,138.03,75.41424921309513,14159100,0.0000,1.0
2010-10-20,138.28,139.87,138.13,139.07,75.98246495736535,6945500,0.0000,1.0
2010-10-21,139.81,140.49,138.4,139.83,76.39769953971667,6221200,0.0000,1.0
2010-10-22,140.15,140.75,139.46,139.67,76.31028173290585,4105300,0.0000,1.0
2010-10-25,140.42,141.4,139.81,139.84,76.40316315264235,4870000,0.0000,1.0
2010-10-26,139.29,142.0,138.53,140.67,76.85664302547337,7327100,0.0000,1.0
2010-10-27,139.52,141.57,139.0,141.43,77.2718776078247,6465300,0.0000,1.0
2010-10-28,141.84,141.95,140.42,140.9,76.98230612276392,5481600,0.0000,1.0
2010-10-29,140.9,144.0,140.75,143.6,78.45748161269623,8439300,0.0000,1.0
2010-11-01,143.64,144.26,142.32,143.32,78.30450045077731,5674600,0.0000,1.0
2010-11-02,143.85,144.71,143.71,143.84,78.58860832291244,4626400,0.0000,1.0
2010-11-03,144.24,144.46,142.63,144.17,78.76890754945971,5182100,0.0000,1.0
2010-11-04,144.82,146.84,144.71,146.79,80.20037413598662,6622500,0.0000,1.0
2010-11-05,145.94,146.93,145.67,146.92,80.2714011040204,4995800,0.0000,1.0
2010-11-08,145.35,146.58,145.25,146.46,80.37520974960823,4459700,0.6500,1.0
2010-11-09,146.7,147.53,145.63,146.14,80.19959820297518,5700600,0.0000,1.0
2010-11-10,146.09,146.79,145.63,146.55,80.42460049709878,5172000,0.0000,1.0
2010-11-11,144.7,145.5,143.35,145.43,79.80996008388314,4752200,0.0000,1.0
2010-11-12,144.59,145.77,143.55,143.74,78.88251160322741,4731500,0.0000,1.0
2010-11-15,143.89,144.75,143.27,143.64,78.82763299490458,3827700,0.0000,1.0
2010-11-16,142.93,143.38,141.18,142.24,78.05933247838506,6342100,0.0000,1.0
2010-11-17,142.49,142.49,141.39,141.95,77.90018451424885,4785900,0.0000,1.0
2010-11-18,143.04,144.99,142.75,144.36,79.22275897482893,4236200,0.0000,1.0
2010-11-19,144.38,145.35,143.99,145.05,79.60142137225641,5015900,0.0000,1.0
2010-11-22,144.0,145.43,143.56,145.39,79.788008640554,3730700,0.0000,1.0
2010-11-23,144.24,144.53,142.33,143.18,78.5751913966196,4570300,0.0000,1.0
2010-11-24,143.95,146.44,143.82,145.81,80.01849879550987,4874100,0.0000,1.0
2010-11-26,145.3,145.3,143.57,143.9,78.97031737654393,2081300,0.0000,1.0
2010-11-29,143.53,143.67,141.5,142.89,78.41604343248339,5040300,0.0000,1.0
2010-11-30,142.24,142.76,141.28,141.46,77.63127933346702,7674800,0.0000,1.0
2010-12-01,143.61,145.13,143.51,144.41,79.25019827899033,6822800,0.0000,1.0
2010-12-02,144.33,145.85,144.3,145.18,79.67276356307609,5374000,0.0000,1.0
2010-12-03,144.25,145.68,144.25,145.38,79.78252077972172,3710600,0.0000,1.0
2010-12-06,144.54,145.87,144.52,144.99,79.56849420726272,3321800,0.0000,1.0
2010-12-07,146.02,146.2999,143.87,144.02,79.03617170653132,4828600,0.0000,1.0
2010-12-08,144.35,145.65,143.84,144.98,79.56300634643043,4961400,0.0000,1.0
2010-12-09,145.94,145.94,143.52,144.3,79.18983180983523,4405300,0.0000,1.0
2010-12-10,144.88,144.95,143.73,144.82,79.47520057311391,3503800,0.0000,1.0
2010-12-13,145.14,145.4,144.21,144.28,79.17885608817066,4741000,0.0000,1.0
2010-12-14,144.26,146.01,144.26,145.82,80.02398665634215,4800800,0.0000,1.0
2010-12-15,145.13,145.72,144.31,144.72,79.42032196479109,4447400,0.0000,1.0
2010-12-16,144.84,145.32,144.15,144.55,79.32702833064229,4178600,0.0000,1.0
2010-12-17,144.69,145.5,144.4,145.0,79.57398206809499,10027000,0.0000,1.0
2010-12-20,145.39,145.54,144.39,144.51,79.30507688731315,3995000,0.0000,1.0
2010-12-21,144.99,145.99,144.33,145.74,79.9800837696839,3777100,0.0000,1.0
2010-12-22,145.66,146.4,145.58,145.95,80.09532884716182,3388800,0.0000,1.0
2010-12-23,145.89,146.33,145.33,145.89,80.06240168216812,2424500,0.0000,1.0
2010-12-27,145.12,145.7,145.0,145.34,79.76056933639259,2314700,0.0000,1.0
2010-12-28,145.31,146.15,145.06,145.71,79.96362018718705,2699600,0.0000,1.0
2010-12-29,146.0,147.5,145.71,146.52,80.40813691460193,3661100,0.0000,1.0
2010-12-30,146.36,147.11,146.25,146.67,80.49045482708615,3039100,0.0000,1.0
2010-12-31,146.73,147.07,145.96,146.76,80.53984557457669,2969800,0.0000,1.0
2011-01-03,147.21,148.2,147.14,147.48,80.93497155450103,4603800,0.0000,1.0
2011-01-04,147.56,148.22,146.64,147.64,81.02277732781755,5060100,0.0000,1.0
2011-01-05,147.34,147.48,146.73,147.05,80.6989935387129,4657400,0.0000,1.0
2011-01-06,147.13,148.79,146.82,148.66,81.58253913271035,5029200,0.0000,1.0
2011-01-07,148.79,148.86,146.94,147.93,81.18192529195375,4135700,0.0000,1.0
2011-01-10,147.58,148.06,147.23,147.64,81.02277732781755,3633400,0.0000,1.0
2011-01-11,148.2,148.35,146.75,147.28,80.82521433785539,4163600,0.0000,1.0
2011-01-12,147.99,149.29,147.67,149.1,81.82400500933078,4091500,0.0000,1.0
2011-01-13,149.24,149.29,148.25,148.82,81.67034490602687,3445800,0.0000,1.0
2011-01-14,148.89,150.0,148.47,150.0,82.3179124842362,4544200,0.0000,1.0
2011-01-18,149.82,151.465,149.38,150.65,82.67462343833456,9176900,0.0000,1.0
2011-01-19,153.26,156.13,152.8301,155.69,85.44050529780489,12141000,0.0000,1.0
2011-01-20,154.53,155.96,154.45,155.8,85.50087176696,7439900,0.0000,1.0
2011-01-21,156.4,156.78,154.96,155.5,85.33623594199153,7009000,0.0000,1.0
2011-01-24,155.42,159.79,155.33,159.63,87.60272246572416,7285100,0.0000,1.0
2011-01-25,159.21,164.35,159.0,161.44,88.59602527636729,8260800,0.0000,1.0
2011-01-26,161.67,161.904,160.42,161.04,88.37651084307598,5353100,0.0000,1.0
2011-01-27,161.43,162.18,160.86,161.07,88.39297442557283,4878300,0.0000,1.0
2011-01-28,161.05,161.9201,158.67,159.21,87.37223231076831,6725600,0.0000,1.0
2011-01-31,159.18,162.0,158.68,162.0,88.9033454829751,7197200,0.0000,1.0
2011-02-01,162.11,163.94,162.0,163.56,89.75945177281116,5831300,0.0000,1.0
2011-02-02,163.4,163.6,162.61,163.3,89.61676739117182,3904000,0.0000,1.0
2011-02-03,163.16,164.2,162.81,163.53,89.7429881903143,4683400,0.0000,1.0
2011-02-04,163.48,164.14,163.22,164.0,90.00091764943159,3755200,0.0000,1.0
2011-02-07,164.08,164.99,164.02,164.82,90.45092223767874,4928100,0.0000,1.0
2011-02-08,164.82,166.25,164.32,166.05,91.48264007414784,5612600,0.6500,1.0
2011-02-09,165.62,165.97,164.1,164.65,90.71133205786475,4633600,0.0000,1.0
2011-02-10,163.9,165.0,163.18,164.09,90.40280885135151,5737800,0.0000,1.0
2011-02-11,163.98,165.01,163.31,163.85,90.2705846199887,5185200,0.0000,1.0
2011-02-14,164.18,164.38,162.85,163.22,89.9234960126613,4129800,0.0000,1.0
2011-02-15,162.89,163.57,162.52,162.84,89.71414097967018,3768700,0.0000,1.0
2011-02-16,163.33,163.6,162.75,163.4,90.02266418618342,3216000,0.0000,1.0
2011-02-17,163.3,164.67,162.85,164.24,90.48544899595328,3230500,0.0000,1.0
2011-02-18,164.46,164.84,164.1,164.84,90.81600957436031,4245000,0.0000,1.0
2011-02-22,163.57,164.26,161.78,161.95,89.22380945503306,5209300,0.0000,1.0
2011-02-23,161.81,162.68,160.14,160.18,88.24865574873232,5998100,0.0000,1.0
2011-02-24,159.63,161.27,159.03,160.77,88.57370698416591,5707500,0.0000,1.0
2011-02-25,161.06,162.34,160.86,162.28,89.40561777315695,4518400,0.0000,1.0
2011-02-28,162.36,162.99,161.24,161.88,89.18524405421891,4773000,0.0000,1.0
2011-03-01,163.15,163.15,159.88,159.97,88.13295954628984,4382800,0.0000,1.0
2011-03-02,159.43,161.11,159.41,160.16,88.23763706278541,3413000,0.0000,1.0
2011-03-03,161.42,164.0,161.27,163.48,90.06673892997101,4057800,0.0000,1.0
2011-03-04,163.4,164.31,160.65,161.83,89.15769733935167,4910700,0.0000,1.0
2011-03-07,161.6,162.98,158.85,159.93,88.11092217439605,5312000,0.0000,1.0
2011-03-08,159.7,163.43,159.21,162.28,89.40561777315695,5384800,0.0000,1.0
2011-03-09,163.47,167.72,163.28,165.86,91.37796255765228,9086600,0.0000,1.0
2011-03-10,164.64,164.67,161.38,162.02,89.26237485584723,7041400,0.0000,1.0
2011-03-11,162.4,163.24,160.84,162.43,89.4882579177587,4271000,0.0000,1.0
2011-03-14,161.16,161.9804,160.09,161.39,88.91528624851983,4300500,0.0000,1.0
2011-03-15,157.35,159.64,156.88,159.02,87.60957196381204,6475800,0.0000,1.0
2011-03-16,156.52,156.98,151.71,153.0,84.29294749379476,12195300,0.0000,1.0
2011-03-17,154.0,154.5,152.7,154.18,84.94304996466194,7376400,0.0000,1.0
2011-03-18,156.5,156.95,154.32,155.89,85.88514761312197,11450000,0.0000,1.0
2011-03-21,157.64,159.63,157.07,157.68,86.87132000536965,5784000,0.0000,1.0
2011-03-22,158.56,158.61,157.52,158.0,87.04761898052007,4311400,0.0000,1.0
2011-03-23,158.0,160.08,157.53,159.53,87.89054845545802,4782500,0.0000,1.0
2011-03-24,160.23,160.71,158.84,160.04,88.171524947104,5145800,0.0000,1.0
2011-03-25,160.98,162.74,160.76,162.18,89.35052434342244,5348100,0.0000,1.0
2011-03-28,161.54,162.58,161.12,161.37,88.90426756257294,3972800,0.0000,1.0
2011-03-29,161.34,163.09,161.15,162.88,89.73617835156398,3456700,0.0000,1.0
2011-03-30,163.55,163.99,163.02,163.6,90.13285104565243,3394100,0.0000,1.0
2011-03-31,163.4,164.06,163.07,163.07,89.84085586805953,3860800,0.0000,1.0
2011-04-01,163.7,164.42,163.04,164.27,90.50197702487363,4381900,0.0000,1.0
2011-04-04,164.42,164.73,163.58,164.25,90.49095833892672,3225100,0.0000,1.0
2011-04-05,163.81,164.7,163.62,163.99,90.34771542161701,3612000,0.0000,1.0
2011-04-06,164.34,164.75,163.81,164.04,90.37526213648425,3774800,0.0000,1.0
2011-04-07,164.1,164.5463,163.28,164.38,90.56257979758158,3666700,0.0000,1.0
2011-04-08,164.35,164.38,163.16,164.05,90.3807714794577,3324100,0.0000,1.0
2011-04-11,163.44,164.0,163.11,163.95,90.3256780497232,4139000,0.0000,1.0
2011-04-12,163.36,163.77,162.3,163.25,89.94002404158165,3860600,0.0000,1.0
2011-04-13,163.97,164.93,163.66,163.95,90.3256780497232,4181900,0.0000,1.0
2011-04-14,163.84,165.36,163.16,164.97,90.88763103301517,4699100,0.0000,1.0
2011-04-15,165.0,166.34,164.87,166.21,91.57078956172305,5287400,0.0000,1.0
2011-04-18,164.64,166.16,162.86,165.94,91.42203730143987,6160700,0.0000,1.0
2011-04-19,165.71,166.38,164.44,165.4,91.12453278087355,6547100,0.0000,1.0
2011-04-20,163.1,165.89,162.19,164.75,90.76642548759925,10891800,0.0000,1.0
2011-04-21,165.63,168.45,164.86,168.28,92.71122355722733,6158400,0.0000,1.0
2011-04-25,167.65,168.77,167.23,167.67,92.37515363584683,3583800,0.0000,1.0
2011-04-26,167.99,169.2,167.4,168.49,92.82691975966979,7300000,0.0000,1.0
2011-04-27,168.61,170.59,168.46,170.37,93.86267623867852,5299700,0.0000,1.0
2011-04-28,169.99,171.38,169.7,170.78,94.08855930058999,5087700,0.0000,1.0
2011-04-29,171.1,173.0,170.48,170.58,93.97837244112098,5587700,0.0000,1.0
2011-05-02,172.11,173.54,171.49,172.15,94.84333928795273,5396200,0.0000,1.0
2011-05-03,172.0,173.48,171.23,172.87,95.24001198204117,5007700,0.0000,1.0
2011-05-04,172.36,172.62,169.59,170.62,94.00040981301478,6890300,0.0000,1.0
2011-05-05,170.47,170.87,167.5,168.46,92.81039173074944,7332000,0.0000,1.0
2011-05-06,169.03,170.15,168.24,168.89,93.4604942016166,4839400,0.7500,1.0
2011-05-09,168.39,169.85,168.31,169.1,93.57670418315689,3594800,0.0000,1.0
2011-05-10,169.25,170.9,169.22,170.38,94.28503168968818,4934800,0.0000,1.0
2011-05-11,170.3,170.52,167.82,169.5,93.79805652894792,4663200,0.0000,1.0
2011-05-12,169.65,172.77,168.65,172.24,95.31432009761647,5138500,0.0000,1.0
2011-05-13,171.7,172.15,169.44,169.92,94.0304764920285,5167400,0.0000,1.0
2011-05-16,169.81,170.64,168.31,168.86,93.44389277568229,4662200,0.0000,1.0
2011-05-17,167.85,171.41,166.53,170.5,94.3514373934255,8773200,0.0000,1.0
2011-05-18,170.1,171.19,169.46,170.44,94.31823454155685,4154300,0.0000,1.0
2011-05-19,170.86,171.4,169.32,170.59,94.40124167122848,3538300,0.0000,1.0
2011-05-20,170.4,171.15,169.38,170.16,94.16328789950312,4869900,0.0000,1.0
2011-05-23,168.58,168.69,167.07,168.26,93.11186425699574,5144000,0.0000,1.0
2011-05-24,168.5,168.67,167.51,167.99,92.9624514235868,4643600,0.0000,1.0
2011-05-25,167.63,168.4,167.51,167.75,92.82964001611218,3882100,0.0000,1.0
2011-05-26,167.46,167.5,165.9,167.18,92.51421292335998,5771300,0.0000,1.0
2011-05-27,167.91,168.47,167.0,167.5,92.69129479999279,3277600,0.0000,1.0
2011-05-31,168.44,169.89,167.82,168.93,93.48262943619572,9123400,0.0000,1.0
2011-06-01,168.9,169.58,166.5,166.56,92.17111678738388,5134600,0.0000,1.0
2011-06-02,166.44,167.1,165.71,166.09,91.91102778107943,3854100,0.0000,1.0
2011-06-03,164.3,165.89,164.13,165.05,91.33551168202276,5230500,0.0000,1.0
2011-06-06,164.76,165.58,164.27,164.75,91.16949742267947,3619700,0.0000,1.0
2011-06-07,165.11,165.24,163.61,163.69,90.58291370633326,4187000,0.0000,1.0
2011-06-08,163.27,164.85,163.26,164.34,90.94261126824368,3850800,0.0000,1.0
2011-06-09,165.01,165.96,164.76,164.84,91.21930170048246,4299800,0.0000,1.0
2011-06-10,164.57,164.84,162.87,163.18,90.3006894654497,4683300,0.0000,1.0
2011-06-13,164.44,164.46,162.73,163.17,90.29515565680491,5099200,0.0000,1.0
2011-06-14,163.87,164.57,163.65,164.12,90.82086747805862,7050000,0.0000,1.0
2011-06-15,162.75,163.41,161.52,162.33,89.83031573064376,5225600,0.0000,1.0
2011-06-16,162.06,163.63,161.78,162.67,90.01846522456613,4861100,0.0000,1.0
2011-06-17,164.24,165.1,163.58,164.44,90.99794935469143,7149700,0.0000,1.0
2011-06-20,163.7,165.61,163.59,165.02,91.31891025608843,3956100,0.0000,1.0
2011-06-21,165.2,166.75,164.0,166.22,91.9829672934615,5387300,0.0000,1.0
2011-06-22,165.59,166.81,165.1,165.68,91.68414162664362,3960500,0.0000,1.0
2011-06-23,164.06,166.73,163.8,166.12,91.92762920701375,5271500,0.0000,1.0
2011-06-24,165.85,165.94,164.57,165.07,91.3465792993123,4402600,0.0000,1.0
2011-06-27,165.74,168.24,165.21,167.62,92.7577005037301,4446700,0.0000,1.0
2011-06-28,168.33,170.7,168.01,170.01,94.08028076983149,4850000,0.0000,1.0
2011-06-29,170.61,170.86,169.82,170.54,94.3735726280046,3817100,0.0000,1.0
2011-06-30,171.11,172.4468,170.75,171.55,94.93248730112695,5105200,0.0000,1.0
2011-07-01,171.61,174.65,171.49,174.54,96.58709608591487,5181700,0.0000,1.0
2011-07-05,173.52,175.4309,173.52,175.43,97.07960505529992,4586500,0.0000,1.0
2011-07-06,175.19,177.77,175.09,177.71,98.34131342630877,5885900,0.0000,1.0
2011-07-07,176.78,177.27,176.12,176.48,97.66065496300135,5905600,0.0000,1.0
2011-07-08,175.49,176.49,175.01,176.49,97.66618877164613,4399900,0.0000,1.0
2011-07-11,174.9,176.15,174.61,174.99,96.8361174749298,4766500,0.0000,1.0
2011-07-12,174.93,175.37,173.89,174.05,96.31593946232087,5036800,0.0000,1.0
2011-07-13,174.9,176.32,174.0,174.32,96.4653522957298,4074800,0.0000,1.0
2011-07-14,174.4,176.1,173.84,174.23,96.41554801792682,4613100,0.0000,1.0
2011-07-15,175.08,175.94,174.07,175.54,97.14047695039244,5347100,0.0000,1.0
2011-07-18,174.73,176.46,173.58,175.28,96.99659792562828,8879700,0.0000,1.0
2011-07-19,178.74,185.21,178.65,185.21,102.49166990989055,13245600,0.0000,1.0
2011-07-20,183.84,184.42,183.0,183.65,101.62839576130553,5901100,0.0000,1.0
2011-07-21,183.59,185.5,182.9,184.9,102.32012184190249,4958400,0.0000,1.0
2011-07-22,184.64,185.63,184.26,185.18,102.4750684839562,4516100,0.0000,1.0
2011-07-25,183.89,184.96,183.28,183.7,101.65606480452941,4987000,0.0000,1.0
2011-07-26,182.94,184.05,182.65,182.93,101.22996153888168,4356200,0.0000,1.0
2011-07-27,182.01,182.91,180.93,181.35,100.35561977300712,5806800,0.0000,1.0
2011-07-28,181.06,183.27,180.88,181.8,100.60464116202203,4478800,0.0000,1.0
2011-07-29,180.26,183.43,179.73,181.85,100.6323102052459,6665600,0.0000,1.0
2011-08-01,182.6,183.69,178.5,180.75,100.02359125432058,5842700,0.0000,1.0
2011-08-02,179.95,182.29,177.86,178.05,98.52946292023115,5770400,0.0000,1.0
2011-08-03,177.67,179.23,175.41,178.83,98.96109999452365,6722000,0.0000,1.0
2011-08-04,176.5,177.92,171.18,171.48,94.8937506406135,11022300,0.0000,1.0
2011-08-05,172.1,174.22,166.52,172.98,95.72382193732986,11871800,0.0000,1.0
2011-08-08,168.83,172.61,166.0,166.22,92.39800294181968,15804900,0.7500,1.0
2011-08-09,167.46,171.05,162.0,170.61,94.8383063524477,12517600,0.0000,1.0
2011-08-10,168.18,169.23,161.85,162.54,90.35237274794471,13993600,0.0000,1.0
2011-08-11,164.1,168.77,162.94,166.73,92.68150060455778,9175600,0.0000,1.0
2011-08-12,168.5,169.38,165.83,168.2,93.49864092656762,5187000,0.0000,1.0
2011-08-15,171.32,174.0,170.39,172.99,96.16129544522553,7645400,0.0000,1.0
2011-08-16,172.19,172.19,169.0,171.24,95.18850934759477,5585400,0.0000,1.0
2011-08-17,171.57,172.99,169.89,171.48,95.32192001241269,5129700,0.0000,1.0
2011-08-18,166.32,166.46,160.16,163.83,91.06945507134111,15082600,0.0000,1.0
2011-08-19,162.17,163.94,157.13,157.54,87.57298389757112,14068600,0.0000,1.0
2011-08-22,161.35,161.68,157.62,158.98,88.37344788647871,7249100,0.0000,1.0
2011-08-23,160.65,164.59,159.53,164.32,91.34183517867771,6923300,0.0000,1.0
2011-08-24,164.13,166.83,163.35,166.76,92.69817693766002,6427000,0.0000,1.0
2011-08-25,167.52,168.53,164.85,165.58,92.04224116897187,6751600,0.0000,1.0
2011-08-26,164.85,169.33,163.28,169.14,94.02116603043785,6438200,0.0000,1.0
2011-08-29,170.58,172.72,170.36,172.62,95.95562067029788,5293400,0.0000,1.0
2011-08-30,172.06,173.51,170.88,172.51,95.89447411558966,4477700,0.0000,1.0
2011-08-31,173.29,173.72,170.71,171.91,95.56094745354483,6074200,0.0000,1.0
2011-09-01,172.71,173.68,170.12,170.33,94.68266057682678,5463900,0.0000,1.0
2011-09-02,167.69,168.93,166.0,166.98,92.82047004707647,4979100,0.0000,1.0
2011-09-06,163.06,165.55,162.2,165.11,91.78097861703675,5761200,0.0000,1.0
2011-09-07,167.28,167.9,166.16,167.31,93.00390971120113,6796600,0.0000,1.0
2011-09-08,167.0,169.58,165.1,165.25,91.85880150484721,6027200,0.0000,1.0
2011-09-09,164.57,165.19,160.81,161.37,89.7019957569573,6743900,0.0000,1.0
2011-09-12,159.64,162.44,158.76,162.42,90.28566741553574,5247200,0.0000,1.0
2011-09-13,163.64,163.92,161.54,163.43,90.84710396331123,4723800,0.0000,1.0
2011-09-14,164.01,169.66,161.99,167.24,92.9649982672959,6980700,0.0000,1.0
2011-09-15,168.64,170.16,167.23,170.09,94.54924991200885,5464400,0.0000,1.0
2011-09-16,171.33,172.99,169.74,172.99,96.16129544522553,11048100,0.0000,1.0
2011-09-19,169.5,173.87,169.43,173.13,96.23911833303599,4755600,0.0000,1.0
2011-09-20,173.57,177.43,172.7,174.72,97.12296398745478,6209600,0.0000,1.0
2011-09-21,175.0,177.67,172.62,173.02,96.17797177832777,7043100,0.0000,1.0
2011-09-22,168.33,169.97,166.5,168.62,93.73210958999901,8195600,0.0000,1.0
2011-09-23,166.99,169.54,165.76,169.34,94.1323415844528,5586600,0.0000,1.0
2011-09-26,170.96,174.7,169.86,174.51,97.00622965573909,6745700,0.0000,1.0
2011-09-27,176.82,179.62,176.43,177.71,98.7850385199782,7638800,0.0000,1.0
2011-09-28,177.97,180.75,177.08,177.55,98.69609807676625,7732200,0.0000,1.0
2011-09-29,179.69,180.91,175.53,179.17,99.59662006428728,6944300,0.0000,1.0
2011-09-30,176.01,178.27,174.75,174.87,97.206345652966,7807400,0.0000,1.0
2011-10-03,174.36,177.92,173.04,173.29,96.32805877624794,9042600,0.0000,1.0
2011-10-04,171.54,175.07,168.88,174.74,97.1340815428563,9200000,0.0000,1.0
2011-10-05,174.57,177.2961,172.68,176.85,98.30698363771394,5851700,0.0000,1.0
2011-10-06,176.81,181.99,175.66,181.69,100.99743204487558,7180900,0.0000,1.0
2011-10-07,182.32,183.72,181.64,182.39,101.38654648392787,6842600,0.0000,1.0
2011-10-10,183.0,186.63,182.9,186.62,103.73790945134394,5784800,0.0000,1.0
2011-10-11,184.59,186.0,184.11,185.0,102.83738746382289,5330500,0.0000,1.0
2011-10-12,186.08,188.0,185.65,186.12,103.45997056630658,5338200,0.0000,1.0
2011-10-13,184.97,187.5,184.5,186.82,103.84908500535887,4399200,0.0000,1.0
2011-10-14,188.19,190.53,187.7314,190.53,105.91139153233608,5368200,0.0000,1.0
2011-10-17,189.71,190.16,185.9,186.59,103.7212331182417,8790300,0.0000,1.0
2011-10-18,178.0,179.38,176.25,178.9,99.44653306636711,15729400,0.0000,1.0
2011-10-19,179.68,179.81,177.01,177.39,98.60715763355428,6708300,0.0000,1.0
2011-10-20,178.13,179.24,176.17,177.25,98.52933474574382,7513800,0.0000,1.0
2011-10-21,179.11,181.67,178.75,181.63,100.96407937867109,8054200,0.0000,1.0
2011-10-24,181.51,183.39,180.62,182.25,101.30872359611742,5890600,0.0000,1.0
2011-10-25,181.66,182.97,180.01,180.36,100.2581146106762,5373100,0.0000,1.0
2011-10-26,181.74,182.28,179.03,181.97,101.15307782049649,5387700,0.0000,1.0
2011-10-27,184.99,187.0,183.18,186.34,103.58226367572301,7057800,0.0000,1.0
2011-10-28,185.57,188.07,185.28,187.45,104.19928800050594,5009800,0.0000,1.0
2011-10-31,185.59,186.91,184.63,184.63,102.63171268889525,4710000,0.0000,1.0
2011-11-01,181.55,183.26,180.74,181.35,100.80843360305016,5881200,0.0000,1.0
2011-11-02,184.0,185.25,183.03,183.92,102.23703947214219,4136600,0.0000,1.0
2011-11-03,185.13,187.78,184.02,187.3,104.11590633499475,4953500,0.0000,1.0
2011-11-04,186.27,187.14,184.74,186.38,103.60449878652601,3237600,0.0000,1.0
2011-11-07,186.22,187.73,184.75,187.32,104.12702389039623,3530800,0.0000,1.0
2011-11-08,187.48,187.88,185.51,187.25,104.50502077404704,4330600,0.7500,1.0
2011-11-09,184.2,185.24,181.16,182.24,101.70891848257588,5494800,0.0000,1.0
2011-11-10,183.58,184.77,181.87,183.35,102.32841419984793,3881600,0.0000,1.0
2011-11-11,185.27,187.83,185.14,187.38,104.57757432652035,3665300,0.0000,1.0
2011-11-14,189.17,189.84,186.85,187.35,104.56083119902651,6038600,0.0000,1.0
2011-11-15,187.49,189.97,185.64,188.75,105.34217714873901,4585300,0.0000,1.0
2011-11-16,187.82,189.9,186.3,186.62,104.15341509667643,4616800,0.0000,1.0
2011-11-17,186.81,188.83,183.39,185.73,103.65670231435918,5840500,0.0000,1.0
2011-11-18,186.71,186.97,184.66,185.24,103.38323123195981,4440900,0.0000,1.0
2011-11-21,183.37,183.96,180.0,181.48,101.28475925273194,5145100,0.0000,1.0
2011-11-22,182.22,182.98,180.29,181.31,101.18988153026686,4178600,0.0000,1.0
2011-11-23,180.67,181.49,177.52,177.95,99.31465125095686,4800900,0.0000,1.0
2011-11-25,178.01,179.56,177.06,177.06,98.81793846863962,2232800,0.0000,1.0
2011-11-28,182.71,182.93,180.67,182.21,101.69217535508204,4524200,0.0000,1.0
2011-11-29,182.02,183.31,180.84,180.94,100.98338295784285,3661600,0.0000,1.0
2011-11-30,184.57,188.35,184.21,188.0,104.92359896139303,7836800,0.0000,1.0
2011-12-01,187.01,189.99,186.77,189.45,105.73285012359526,4858800,0.0000,1.0
2011-12-02,189.92,191.33,189.45,189.66,105.85005201605213,4962200,0.0000,1.0
2011-12-05,191.18,193.61,190.38,190.84,106.50861503080982,5699400,0.0000,1.0
2011-12-06,190.65,193.53,190.32,192.94,107.68063395537857,4144900,0.0000,1.0
2011-12-07,191.99,194.9,191.28,194.05,108.30012967265063,5081700,0.0000,1.0
2011-12-08,192.48,193.8,191.07,191.58,106.92161217565786,4369000,0.0000,1.0
2011-12-09,192.91,194.87,192.4,194.56,108.5847628400459,4847900,0.0000,1.0
2011-12-12,193.64,193.9,191.22,192.18,107.25647472553464,3796100,0.0000,1.0
2011-12-13,193.46,194.3,190.64,191.15,106.68162734824617,5008400,0.0000,1.0
2011-12-14,189.84,190.28,188.0,188.72,105.32543402124517,5057700,0.0000,1.0
2011-12-15,190.48,191.2,186.89,187.48,104.6333847514998,4474500,0.0000,1.0
2011-12-16,188.01,188.01,181.91,183.57,102.45119713480275,11849400,0.0000,1.0
2011-12-19,184.51,184.69,182.25,182.89,102.0716862449424,5039900,0.0000,1.0
2011-12-20,185.5,187.33,184.755,187.24,104.4994397315491,4740100,0.0000,1.0
2011-12-21,183.22,183.5,179.04,181.47,101.27917821023401,9282500,0.0000,1.0
2011-12-22,182.71,182.8,181.0,182.04,101.59729763261694,5052000,0.0000,1.0
2011-12-23,183.11,184.85,181.89,184.75,103.10976014956044,3052300,0.0000,1.0
2011-12-27,184.97,185.85,184.39,184.95,103.22138099951935,2775200,0.0000,1.0
2011-12-28,185.19,185.4,183.34,183.99,102.6856009197165,2872000,0.0000,1.0
2011-12-29,184.07,186.23,184.01,186.18,103.90784922676679,2941600,0.0000,1.0
2011-12-30,186.33,186.48,183.85,183.88,102.6242094522391,3530900,0.0000,1.0
2012-01-03,186.73,188.71,186.0,186.3,103.97482173674214,5646000,0.0000,1.0
2012-01-04,185.57,186.33,184.94,185.54,103.5506625068982,4346700,0.0000,1.0
2012-01-05,184.81,185.03,183.1,184.66,103.05953076707891,4463100,0.0000,1.0
2012-01-06,184.39,184.48,182.31,182.54,101.87634975751428,4897100,0.0000,1.0
2012-01-09,182.2,182.27,180.27,181.59,101.34615072020937,5201200,0.0000,1.0
2012-01-10,183.23,183.72,181.2,181.31,101.18988153026686,5161000,0.0000,1.0
2012-01-11,180.73,182.81,180.5,182.32,101.75356682255945,4110800,0.0000,1.0
2012-01-12,181.86,181.91,178.38,180.55,100.76572230042294,6881000,0.0000,1.0
2012-01-13,179.48,179.61,177.3472,179.16,99.98995739320837,5279200,0.0000,1.0
2012-01-17,180.36,182.0,179.32,180.0,100.45876496303588,6003400,0.0000,1.0
2012-01-18,179.83,181.6,179.5,181.07,101.05593651031614,4600600,0.0000,1.0
2012-01-19,181.79,182.3599,180.35,180.52,100.7489791729291,8567200,0.0000,1.0
2012-01-20,185.77,188.97,184.75,188.52,105.21381317128625,12849700,0.0000,1.0
2012-01-23,187.91,190.52,187.67,189.98,106.02864537598641,5751700,0.0000,1.0
2012-01-24,188.63,192.305,188.5241,191.93,107.11694866308598,5345700,0.0000,1.0
2012-01-25,191.33,192.2399,189.61,191.73,107.00532781312704,4359700,0.0000,1.0
2012-01-26,191.79,192.79,190.47,190.98,106.58674962578107,4004700,0.0000,1.0
2012-01-27,190.01,191.77,189.81,190.46,106.29653541588786,3360400,0.0000,1.0
2012-01-30,189.39,192.73,188.22,192.5,107.43506808546893,4359000,0.0000,1.0
2012-01-31,193.09,193.1,191.0,192.6,107.49087851044838,4826800,0.0000,1.0
2012-02-01,193.21,194.81,192.41,192.62,107.50204059544429,5088800,0.0000,1.0
2012-02-02,192.72,193.33,191.33,191.53,106.89370696316813,3907300,0.0000,1.0
2012-02-03,192.93,194.13,192.54,193.64,108.07130693023481,4521700,0.0000,1.0
2012-02-06,192.48,193.76,192.0,192.82,107.61366144540321,3639800,0.0000,1.0
2012-02-07,192.45,194.14,191.97,193.35,107.90945669779437,3433000,0.0000,1.0
2012-02-08,192.78,193.58,191.73,192.95,108.1047931852225,3803800,0.7500,1.0
2012-02-09,193.03,194.46,192.55,193.13,108.20564243514912,3876400,0.0000,1.0
2012-02-10,191.76,192.43,191.28,192.42,107.8078481715497,3391100,0.0000,1.0
2012-02-13,193.31,193.69,191.74,192.62,107.91990289369038,2458800,0.0000,1.0
2012-02-14,191.76,192.6,190.831,192.22,107.69579344940902,3398100,0.0000,1.0
2012-02-15,192.31,193.44,191.26,192.25,107.71260165773012,4020900,0.0000,1.0
2012-02-16,192.61,193.25,192.0,193.02,108.14401233797174,3525500,0.0000,1.0
2012-02-17,193.71,193.86,192.3,193.42,108.3681217822531,3746500,0.0000,1.0
2012-02-21,193.73,194.24,192.46,193.39,108.351313573932,3293600,0.0000,1.0
2012-02-22,193.03,194.74,192.75,193.87,108.62024490706965,3275800,0.0000,1.0
2012-02-23,193.87,199.23,193.28,197.61,110.7156682111004,8032700,0.0000,1.0
2012-02-24,198.38,198.56,196.61,197.76,110.7997092527059,3353200,0.0000,1.0
2012-02-27,196.78,198.71,196.1,197.53,110.67084632224412,3758400,0.0000,1.0
2012-02-28,197.75,198.96,197.4322,197.98,110.92296944706064,3167400,0.0000,1.0
2012-02-29,197.86,199.17,196.45,196.73,110.22262743368138,5117100,0.0000,1.0
2012-03-01,197.23,198.47,196.93,197.53,110.67084632224412,3560300,0.0000,1.0
2012-03-02,197.1,198.89,197.06,198.81,111.38799654394448,3727400,0.0000,1.0
2012-03-05,198.36,201.19,198.3,200.66,112.42450272374577,6938000,0.0000,1.0
2012-03-06,199.14,199.64,196.812,197.26,110.5195724473542,5214700,0.0000,1.0
2012-03-07,198.09,198.57,197.31,197.77,110.80531198881293,3346900,0.0000,1.0
2012-03-08,199.24,199.99,198.65,199.81,111.94827015464789,3145800,0.0000,1.0
2012-03-09,199.98,201.1,199.72,200.62,112.40209177931764,3178200,0.0000,1.0
2012-03-12,200.93,201.57,200.23,201.0,112.61499575138494,3119700,0.0000,1.0
2012-03-13,201.72,203.9,201.6107,203.78,114.17255638914041,4866000,0.0000,1.0
2012-03-14,203.78,205.15,203.64,204.72,114.69921358320161,4602300,0.0000,1.0
2012-03-15,204.94,206.18,204.74,206.0,115.41636380490198,3621100,0.0000,1.0
2012-03-16,207.03,207.52,206.01,206.01,115.421966541009,9637000,0.0000,1.0
2012-03-19,205.71,206.53,204.5,205.72,115.25948719390502,3763200,0.0000,1.0
2012-03-20,204.74,205.0,203.702,204.25,114.43588498617102,3695100,0.0000,1.0
2012-03-21,204.32,205.77,204.3,204.69,114.6824053748805,3329900,0.0000,1.0
2012-03-22,204.0,205.99,203.96,205.49,115.13062426344324,3307800,0.0000,1.0
2012-03-23,205.89,205.96,204.56,205.48,115.1250215273362,3036200,0.0000,1.0
2012-03-26,206.45,207.92,206.32,207.77,116.40804809584701,3418200,0.0000,1.0
2012-03-27,208.46,208.66,207.0,207.18,116.077486665532,2704500,0.0000,1.0
2012-03-28,207.44,208.69,206.27,207.29,116.13911676270936,3265700,0.0000,1.0
2012-03-29,206.09,208.5,206.02,208.27,116.68818490119871,3403700,0.0000,1.0
2012-03-30,208.74,209.12,208.012,208.65,116.901088873266,3215200,0.0000,1.0
2012-04-02,208.96,209.69,208.09,209.47,117.3605132340428,3387900,0.0000,1.0
2012-04-03,209.31,210.69,208.54,209.5,117.37732144236391,4091500,0.0000,1.0
2012-04-04,206.22,206.9802,205.19,206.05,115.44437748543716,4404000,0.0000,1.0
2012-04-05,205.15,205.68,204.46,205.47,115.11941879122917,3809000,0.0000,1.0
2012-04-09,204.4,206.17,203.37,204.94,114.82247377755637,3326900,0.0000,1.0
2012-04-10,204.94,205.74,202.17,202.33,113.36015965362047,4132900,0.0000,1.0
2012-04-11,203.99,204.32,202.4593,202.58,113.50022805629632,3366200,0.0000,1.0
2012-04-12,202.8,205.56,202.64,205.32,115.03537774962365,2929600,0.0000,1.0
2012-04-13,204.32,204.6499,202.8,202.8,113.62348825065108,3767000,0.0000,1.0
2012-04-16,204.74,205.97,202.72,202.72,113.5786663617948,3826600,0.0000,1.0
2012-04-17,204.57,207.64,204.15,207.45,116.22876054042192,6065500,0.0000,1.0
2012-04-18,202.43,204.07,200.0,200.13,112.12755771007296,10153500,0.0000,1.0
2012-04-19,200.03,201.26,197.521,199.51,111.78018807143685,5762900,0.0000,1.0
2012-04-20,199.83,200.12,199.09,199.6,111.83061269640017,4758200,0.0000,1.0
2012-04-23,197.89,199.1,196.791,198.62,111.28154455791083,3618800,0.0000,1.0
2012-04-24,199.06,202.48,198.87,200.0,112.05472214068153,5626300,0.0000,1.0
2012-04-25,202.02,203.69,201.8,203.57,114.05489893089269,4003400,0.0000,1.0
2012-04-26,203.4,206.21,203.4,205.58,115.18104888840655,3302700,0.0000,1.0
2012-04-27,206.47,208.17,205.91,206.81,115.87018542957173,3496900,0.0000,1.0
2012-04-30,206.71,207.96,206.32,207.08,116.02145930446166,2773200,0.0000,1.0
2012-05-01,207.18,208.929,206.71,208.0,116.53691102630879,2715900,0.0000,1.0
2012-05-02,206.97,208.27,206.91,208.06,116.57052744295099,2360300,0.0000,1.0
2012-05-03,208.27,208.92,206.55,207.24,116.11110308217421,2826600,0.0000,1.0
2012-05-04,206.47,207.11,204.4,204.99,114.85048745809154,4023600,0.0000,1.0
2012-05-07,203.96,204.77,202.9,203.75,114.1557481808193,3373400,0.0000,1.0
2012-05-08,202.44,203.06,199.718,201.48,113.36015965362046,3881500,0.8500,1.0
2012-05-09,199.99,203.0,199.06,201.23,113.21950033302582,3742500,0.0000,1.0
2012-05-10,201.0,203.25,200.02,200.6,112.86503884512737,3830500,0.0000,1.0
2012-05-11,199.96,202.12,199.95,201.17,113.18574209608312,2391500,0.0000,1.0
2012-05-14,199.92,200.71,198.56,199.44,112.21237959756832,3029200,0.0000,1.0
2012-05-15,199.44,201.4679,198.76,199.04,111.98732468461691,2987400,0.0000,1.0
2012-05-16,199.42,201.35,198.18,199.73,112.37554440945807,5001000,0.0000,1.0
2012-05-17,199.67,200.79,197.64,197.89,111.34029180988163,5626300,0.0000,1.0
2012-05-18,198.78,198.78,195.16,195.88,110.20939087230084,5737100,0.0000,1.0
2012-05-21,195.98,197.93,194.63,197.76,111.26714896317243,3831700,0.0000,1.0
2012-05-22,198.04,198.26,196.06,196.82,110.73826991773664,3567100,0.0000,1.0
2012-05-23,195.53,196.49,193.2,196.12,110.3444238200717,4100000,0.0000,1.0
2012-05-24,195.99,196.28,194.0,196.09,110.32754470160033,3569300,0.0000,1.0
2012-05-25,195.11,196.0,194.0,194.3,109.32042396614283,2901900,0.0000,1.0
2012-05-29,195.22,198.08,195.22,196.46,110.53572049608039,3618500,0.0000,1.0
2012-05-30,194.8,195.47,193.77,194.53,109.44983054108988,3602500,0.0000,1.0
2012-05-31,194.1,194.93,192.0,192.9,108.53273177081292,9287500,0.0000,1.0
2012-06-01,190.12,191.72,188.6,189.08,106.38345735212705,5206400,0.0000,1.0
2012-06-04,188.34,189.38,187.0,188.54,106.07963321964264,4624500,0.0000,1.0
2012-06-05,187.92,189.85,187.56,189.2,106.45097382601246,3556500,0.0000,1.0
2012-06-06,190.78,194.0,190.02,193.99,109.14600640860549,3641300,0.0000,1.0
2012-06-07,195.28,195.8299,193.94,194.44,109.39919318567581,3701100,0.0000,1.0
2012-06-08,193.71,195.14,192.7,195.14,109.79303928334075,2479200,0.0000,1.0
2012-06-11,196.6,196.7,192.37,192.51,108.31330323068529,3273300,0.0000,1.0
2012-06-12,192.14,194.67,192.14,194.55,109.46108328673745,3023700,0.0000,1.0
2012-06-13,194.36,195.19,192.345,193.1,108.64525922728862,3247700,0.0000,1.0
2012-06-14,193.0,195.83,192.74,195.1,109.77053379204561,3585000,0.0000,1.0
2012-06-15,196.08,199.27,195.4,199.1,112.02108292155962,6389000,0.0000,1.0
2012-06-18,197.57,199.64,197.17,198.29,111.56534672283303,3378900,0.0000,1.0
2012-06-19,198.83,199.99,198.8,198.93,111.92543458355529,3297600,0.0000,1.0
2012-06-20,198.7,199.74,197.5,198.78,111.8410389911985,3378200,0.0000,1.0
2012-06-21,199.07,199.45,193.19,193.39,108.80842403917838,4316600,0.0000,1.0
2012-06-22,193.87,194.88,193.22,193.7,108.98284159671572,8823000,0.0000,1.0
2012-06-25,192.48,193.39,191.68,192.86,108.51022627951778,3211600,0.0000,1.0
2012-06-26,193.54,193.68,190.75,191.95,107.99822635255333,3435900,0.0000,1.0
2012-06-27,192.14,193.7,190.9,193.0,108.58899549905077,2762700,0.0000,1.0
2012-06-28,191.23,192.08,188.9,191.4,107.68877584724517,3967300,0.0000,1.0
2012-06-29,194.55,195.81,192.41,195.58,110.0405996875873,5259600,0.0000,1.0
2012-07-02,196.36,197.2,194.85,195.83,110.18125900818193,2827000,0.0000,1.0
2012-07-03,195.46,196.34,194.91,195.93,110.23752273641978,1450400,0.0000,1.0
2012-07-05,194.88,196.85,193.63,195.29,109.87743487569753,2690200,0.0000,1.0
2012-07-06,193.92,193.94,189.74,191.41,107.69440222006895,4952900,0.0000,1.0
2012-07-09,190.76,190.9991,188.05,189.67,106.71541334873035,3988100,0.0000,1.0
2012-07-10,190.3,191.14,185.6,186.26,104.79682021581966,4690300,0.0000,1.0
2012-07-11,186.22,187.36,183.51,185.25,104.22855656061738,5456100,0.0000,1.0
2012-07-12,184.25,184.39,181.85,183.09,103.01326003067982,4931300,0.0000,1.0
2012-07-13,183.46,186.33,183.03,186.01,104.65616089522504,3933000,0.0000,1.0
2012-07-16,185.58,186.1,184.58,184.79,103.96974341072327,3144400,0.0000,1.0
2012-07-17,185.73,186.29,183.2,183.65,103.32833690881178,5158600,0.0000,1.0
2012-07-18,184.15,188.59,183.55,188.25,105.91646840775289,8019500,0.0000,1.0
2012-07-19,193.4,196.85,192.97,195.34,109.90556673981646,10395400,0.0000,1.0
2012-07-20,194.09,194.9,192.17,192.45,108.27954499374259,4789700,0.0000,1.0
2012-07-23,189.78,191.3,188.2,190.83,107.36807259628942,3904500,0.0000,1.0
2012-07-24,190.92,191.32,188.56,190.34,107.09238032792395,3597100,0.0000,1.0
2012-07-25,190.31,192.77,189.32,191.08,107.50873191688405,3833800,0.0000,1.0
2012-07-26,193.49,194.95,192.57,193.95,109.12350091731034,3282900,0.0000,1.0
2012-07-27,195.1,197.41,193.95,196.39,110.49633588631387,4177300,0.0000,1.0
2012-07-30,196.32,197.84,195.92,196.68,110.65950069820366,2787000,0.0000,1.0
2012-07-31,196.5,197.58,195.88,195.98,110.2656546005387,3507000,0.0000,1.0
2012-08-01,196.96,197.85,194.72,195.18,109.81554477463591,2559300,0.0000,1.0
2012-08-02,194.16,196.6,193.02,194.45,109.40481955849958,2812600,0.0000,1.0
2012-08-03,196.48,198.95,196.16,198.52,111.6947532977801,3278100,0.0000,1.0
2012-08-06,198.76,199.94,198.52,198.76,111.82978624555093,2337800,0.0000,1.0
2012-08-07,199.43,200.88,198.8,199.93,112.48807186593379,3209400,0.0000,1.0
2012-08-08,198.27,199.69,198.16,199.03,112.45994000181484,2068300,0.8500,1.0
2012-08-09,198.62,199.46,197.89,198.42,112.11526551354117,2160100,0.0000,1.0
2012-08-10,197.87,199.37,197.24,199.29,112.60685043943968,2600500,0.0000,1.0
2012-08-13,198.88,199.98,197.79,199.01,112.44863919892062,2418300,0.0000,1.0
2012-08-14,198.88,199.33,197.72,198.29,112.04181029472876,2562300,0.0000,1.0
2012-08-15,198.9,199.33,197.92,198.4,112.10396471064696,2111800,0.0000,1.0
2012-08-16,198.77,201.324,198.12,200.84,113.48266266374162,2729500,0.0000,1.0
2012-08-17,201.08,202.0,200.66,201.22,113.69737791873176,2551800,0.0000,1.0
2012-08-20,200.69,201.13,200.03,200.5,113.2905490145399,2336000,0.0000,1.0
2012-08-21,200.99,201.0,198.37,198.65,112.2452247468247,3111300,0.0000,1.0
2012-08-22,198.64,198.65,196.905,197.25,111.4541685442294,3296100,0.0000,1.0
2012-08-23,197.04,197.37,195.44,195.7,110.57835631992747,2757400,0.0000,1.0
2012-08-24,194.96,198.11,194.2,197.77,111.74798941947908,2639500,0.0000,1.0
2012-08-27,197.96,198.3,195.61,195.69,110.57270591848037,2498800,0.0000,1.0
2012-08-28,195.56,196.11,194.5,194.87,110.10937299981741,2539200,0.0000,1.0
2012-08-29,195.13,196.0399,194.9,195.08,110.22803143020671,2141400,0.0000,1.0
2012-08-30,194.77,195.47,193.18,193.37,109.26181278275102,2740900,0.0000,1.0
2012-08-31,194.31,195.95,193.46,194.85,110.09807219692318,3193300,0.0000,1.0
2012-09-04,196.61,197.17,193.25,194.54,109.9229097520628,4514400,0.0000,1.0
2012-09-05,194.41,195.85,193.89,195.04,110.20542982441826,3312500,0.0000,1.0
2012-09-06,196.26,199.46,196.11,199.1,112.4994928119446,3931700,0.0000,1.0
2012-09-07,199.12,199.5,198.08,199.5,112.72550886982897,3413700,0.0000,1.0
2012-09-10,199.39,201.82,198.73,200.95,113.54481707965981,4208000,0.0000,1.0
2012-09-11,200.55,203.46,200.51,203.27,114.85571021538917,3910600,0.0000,1.0
2012-09-12,203.52,204.65,202.96,203.77,115.13823028774462,3284000,0.0000,1.0
2012-09-13,204.38,206.81,203.46,206.36,116.60168426254592,3879600,0.0000,1.0
2012-09-14,206.24,207.65,206.05,206.81,116.85595232766582,4057100,0.0000,1.0
2012-09-17,205.55,207.99,205.55,207.15,117.04806597686753,3275100,0.0000,1.0
2012-09-18,206.88,207.8798,206.48,207.07,117.00286276529066,2476100,0.0000,1.0
2012-09-19,207.55,207.57,206.01,206.43,116.64123707267568,2605600,0.0000,1.0
2012-09-20,205.85,206.99,205.3,206.18,116.49997703649794,3739100,0.0000,1.0
2012-09-21,207.36,207.94,205.921,205.98,116.38696900755575,12771500,0.0000,1.0
2012-09-24,205.02,206.06,204.9,205.29,115.99709130770522,3511100,0.0000,1.0
2012-09-25,205.6,207.32,204.95,204.98,115.82192886284483,3345200,0.0000,1.0
2012-09-26,205.05,205.98,203.9,204.0,115.26818952102813,3423300,0.0000,1.0
2012-09-27,204.37,206.9,204.14,205.91,116.34741619742599,2771900,0.0000,1.0
2012-09-28,205.66,208.32,205.31,207.45,117.2175780202808,4910900,0.0000,1.0
2012-10-01,208.01,211.75,207.94,210.47,118.9239992573078,5456900,0.0000,1.0
2012-10-02,210.96,211.47,208.5,209.84,118.56802396613992,3321000,0.0000,1.0
2012-10-03,209.94,211.305,209.3,210.51,118.94660086309622,3192300,0.0000,1.0
2012-10-04,210.28,210.97,208.53,210.39,118.87879604573091,2957500,0.0000,1.0
2012-10-05,211.15,211.79,210.06,210.59,118.99180407467311,2858400,0.0000,1.0
2012-10-08,210.02,210.64,209.21,209.82,118.55672316324569,1982600,0.0000,1.0
2012-10-09,209.95,210.74,207.7,207.99,117.52269969842472,3580400,0.0000,1.0
2012-10-10,207.82,208.23,205.05,205.82,116.296562584402,4024500,0.0000,1.0
2012-10-11,206.57,207.27,205.63,205.76,116.26266017571935,2910000,0.0000,1.0
2012-10-12,205.64,207.96,205.56,207.8,117.41534207092964,2712000,0.0000,1.0
2012-10-15,208.88,209.4,207.82,208.93,118.05383743445297,3060900,0.0000,1.0
2012-10-16,209.94,211.0,209.474,211.0,119.22347053400458,5632100,0.0000,1.0
2012-10-17,201.21,203.41,198.55,200.63,113.36400423335232,12673900,0.0000,1.0
2012-10-18,199.91,200.14,194.07,194.96,110.1602266128414,9295900,0.0000,1.0
2012-10-19,195.29,196.08,193.18,193.36,109.25616238130392,6620300,0.0000,1.0
2012-10-22,193.71,194.68,192.44,194.4,109.84380413180328,4402500,0.0000,1.0
2012-10-23,193.53,194.0,190.94,191.25,108.06392767596387,4427400,0.0000,1.0
2012-10-24,192.44,193.29,190.56,190.72,107.76445639926708,3738000,0.0000,1.0
2012-10-25,191.41,192.44,190.71,191.6,108.26169172661268,3249600,0.0000,1.0
2012-10-26,191.49,193.87,191.47,193.27,109.20530876827993,4006500,0.0000,1.0
2012-10-31,194.8,196.41,193.63,194.53,109.9172593506157,6052300,0.0000,1.0
2012-11-01,194.96,197.89,194.55,197.15,111.39766452975832,3758800,0.0000,1.0
2012-11-02,197.53,198.0,193.29,193.43,109.29571519143369,4260100,0.0000,1.0
2012-11-05,192.36,194.97,192.01,194.14,109.69689369417843,2736200,0.0000,1.0
2012-11-06,195.26,196.75,194.68,195.07,110.22238102875959,3281000,0.0000,1.0
2012-11-07,193.36,193.68,191.16,191.16,108.49335818594417,4746200,0.8500,1.0
2012-11-08,191.4,191.81,190.09,190.1,107.89175241236653,3542200,0.0000,1.0
2012-11-09,189.85,191.64,188.88,189.64,107.6306782087385,3671600,0.0000,1.0
2012-11-12,190.03,190.77,187.407,189.25,107.40933268827126,3067400,0.0000,1.0
2012-11-13,188.39,190.88,188.25,188.32,106.88150875484938,3406700,0.0000,1.0
2012-11-14,189.14,189.27,185.28,185.51,105.28668590225205,4404400,0.0000,1.0
2012-11-15,185.83,187.2,184.78,185.85,105.47965379189016,3411700,0.0000,1.0
2012-11-16,186.33,187.56,185.1,186.94,106.09828614396528,4660800,0.0000,1.0
2012-11-19,188.62,190.39,188.3,190.35,108.0336405665122,3588900,0.0000,1.0
2012-11-20,189.88,190.11,188.25,189.2,107.38095505744212,3170200,0.0000,1.0
2012-11-21,189.3,190.89,188.95,190.29,107.99958740951725,5189600,0.0000,1.0
2012-11-23,191.0,193.49,190.8,193.49,109.8157557825818,3877600,0.0000,1.0
2012-11-26,192.45,193.37,191.77,192.88,109.46954868646637,5210300,0.0000,1.0
2012-11-27,192.08,193.05,191.0,191.23,108.53308686910495,3290900,0.0000,1.0
2012-11-28,190.98,192.04,189.27,191.98,108.95875133154196,3603600,0.0000,1.0
2012-11-29,192.75,192.9,190.2,191.53,108.70335265407977,4077900,0.0000,1.0
2012-11-30,191.75,192.0,189.501,190.07,107.87472583386905,4936400,0.0000,1.0
2012-12-03,190.76,191.3,188.36,189.48,107.53986979008528,3349600,0.0000,1.0
2012-12-04,189.71,190.75,189.02,189.36,107.47176347609536,3990700,0.0000,1.0
2012-12-05,189.01,189.46,186.94,188.65,107.06880111832166,4202100,0.0000,1.0
2012-12-06,189.17,190.18,188.41,189.7,107.66473136573346,3216600,0.0000,1.0
2012-12-07,190.14,192.2,190.11,191.95,108.94172475304448,4091300,0.0000,1.0
2012-12-10,192.17,193.54,191.65,192.62,109.32198500615488,3438500,0.0000,1.0
2012-12-11,193.18,194.8,193.15,194.2,110.21871814035549,4144000,0.0000,1.0
2012-12-12,194.6,194.75,192.46,192.95,109.50927736962716,4241900,0.0000,1.0
2012-12-13,192.18,193.05,191.37,191.99,108.96442685770779,3623200,0.0000,1.0
2012-12-14,191.69,193.4,191.26,191.76,108.83388975589378,3826900,0.0000,1.0
2012-12-17,191.76,193.91,191.76,193.62,109.88953762273755,3792400,0.0000,1.0
2012-12-18,193.85,195.92,193.84,195.69,111.06437153906369,4125900,0.0000,1.0
2012-12-19,195.46,196.45,195.0,195.08,110.71816444294826,4270500,0.0000,1.0
2012-12-20,194.47,194.95,193.16,194.77,110.54222313180763,4184500,0.0000,1.0
2012-12-21,193.1,194.5,191.57,193.42,109.77602709942101,8225300,0.0000,1.0
2012-12-24,193.05,193.83,192.02,192.4,109.1971234305067,1631200,0.0000,1.0
2012-12-26,192.21,193.53,190.95,191.95,108.94172475304448,2776500,0.0000,1.0
2012-12-27,191.53,193.28,190.7,192.71,109.37306474164733,3967600,0.0000,1.0
2012-12-28,191.11,192.22,189.83,189.83,107.73851320588922,3536600,0.0000,1.0
2012-12-31,189.23,191.68,188.84,191.55,108.71470370641143,4684900,0.0000,1.0
2013-01-02,194.09,196.35,193.8,196.35,111.43895626600825,4234100,0.0000,1.0
2013-01-03,195.67,196.29,194.44,195.27,110.82599944009897,3644700,0.0000,1.0
2013-01-04,194.19,194.46,192.78,193.99,110.09953209087315,3380200,0.0000,1.0
2013-01-07,193.4,193.78,192.34,193.14,109.61711236677786,2862300,0.0000,1.0
2013-01-08,192.92,193.3,191.605,192.87,109.46387316030055,3026900,0.0000,1.0
2013-01-09,193.48,193.49,191.65,192.32,109.15171922118007,3212000,0.0000,1.0
2013-01-10,192.65,192.96,191.28,192.88,109.46954868646637,3608100,0.0000,1.0
2013-01-11,194.15,195.0,192.9,194.45,110.36060629450117,3880400,0.0000,1.0
2013-01-14,192.82,193.28,191.75,192.62,109.32198500615488,4172200,0.0000,1.0
2013-01-15,191.31,192.73,190.39,192.5,109.25387869216496,4172100,0.0000,1.0
2013-01-16,192.0,193.18,191.35,192.59,109.3049584276574,2962900,0.0000,1.0
2013-01-17,193.85,194.46,193.24,193.65,109.90656420123504,3881600,0.0000,1.0
2013-01-18,194.03,195.0,193.8,194.47,110.37195734683283,4559600,0.0000,1.0
2013-01-22,194.36,196.08,194.01,196.08,111.28571705953094,7172300,0.0000,1.0
2013-01-23,203.5,208.58,203.36,204.72,116.18937166680524,12530500,0.0000,1.0
2013-01-24,203.91,205.06,203.08,204.42,116.01910588183044,4447200,0.0000,1.0
2013-01-25,204.45,205.18,204.13,204.97,116.33125982095092,3358900,0.0000,1.0
2013-01-28,204.85,206.22,204.29,204.93,116.30855771628761,2823700,0.0000,1.0
2013-01-29,204.34,205.7301,203.64,203.9,115.72397852120746,3617100,0.0000,1.0
2013-01-30,203.69,204.88,203.186,203.52,115.50830852690605,2998400,0.0000,1.0
2013-01-31,203.32,204.4699,202.96,203.07,115.25290984944382,3091400,0.0000,1.0
2013-02-01,204.65,205.35,203.84,205.18,116.45044587043328,3370700,0.0000,1.0
2013-02-04,204.19,205.02,203.57,203.79,115.66154773338336,3188800,0.0000,1.0
2013-02-05,204.31,204.75,202.51,202.79,115.09399511680068,3636900,0.0000,1.0
2013-02-06,200.39,201.29,199.56,201.02,114.5718467095446,3624200,0.8500,1.0
2013-02-07,200.62,200.91,198.68,199.74,113.84230754036633,3076700,0.0000,1.0
2013-02-08,199.97,202.09,199.68,201.68,114.94801534365216,2893300,0.0000,1.0
2013-02-11,200.98,201.95,199.75,200.16,114.08168758025295,2944700,0.0000,1.0
2013-02-12,200.01,200.735,199.02,200.04,114.01329328314247,2461800,0.0000,1.0
2013-02-13,200.65,200.95,199.57,200.09,114.04179090693852,2169800,0.0000,1.0
2013-02-14,199.73,200.32,199.26,199.65,113.79101181753349,3294200,0.0000,1.0
2013-02-15,199.98,201.25,199.82,200.98,114.54904861050778,3627800,0.0000,1.0
2013-02-19,200.6,201.89,200.22,200.32,114.17287997640022,2998300,0.0000,1.0
2013-02-20,200.62,201.72,198.86,199.31,113.5972279757205,3715400,0.0000,1.0
2013-02-21,198.63,199.07,198.11,198.33,113.03867454931839,3922900,0.0000,1.0
2013-02-22,199.23,201.09,198.84,201.09,114.61174338285905,3107900,0.0000,1.0
2013-02-25,201.67,202.49,197.51,197.51,112.57131351906354,3844800,0.0000,1.0
2013-02-26,198.63,199.9,197.84,199.14,113.500336054814,3391600,0.0000,1.0
2013-02-27,198.89,202.75,198.6,202.33,115.31848445300051,4185100,0.0000,1.0
2013-02-28,202.18,203.123,200.79,200.83,114.46355573911971,4689200,0.0000,1.0
2013-03-01,200.65,202.94,199.36,202.91,115.6490568890344,3308300,0.0000,1.0
2013-03-04,202.59,205.19,202.55,205.19,116.94854853413321,3693400,0.0000,1.0
2013-03-05,205.86,207.7,205.69,206.53,117.71228485186671,3807800,0.0000,1.0
2013-03-06,207.03,208.49,206.66,208.38,118.76669693231969,3594800,0.0000,1.0
2013-03-07,208.29,209.6,208.24,209.42,119.35944750727704,3884400,0.0000,1.0
2013-03-08,209.85,210.74,209.43,210.38,119.90660188416075,3700500,0.0000,1.0
2013-03-11,210.04,210.1999,209.04,210.08,119.7356161413846,3049700,0.0000,1.0
2013-03-12,209.4,210.73,209.09,210.55,120.00349380506724,3591600,0.0000,1.0
2013-03-13,210.2001,212.36,209.77,212.06,120.86412204370724,3355900,0.0000,1.0
2013-03-14,212.15,215.86,212.15,215.8,122.99574430365001,5505500,0.0000,1.0
2013-03-15,215.38,215.9,213.41,214.92,122.49418612483994,7930300,0.0000,1.0
2013-03-18,212.9,214.5,212.64,213.21,121.51956739101584,3006000,0.0000,1.0
2013-03-19,214.13,215.12,211.829,213.44,121.65065646047756,3198600,0.0000,1.0
2013-03-20,214.76,215.82,214.3,215.06,122.57397947146882,3019000,0.0000,1.0
2013-03-21,212.96,213.0,210.11,212.26,120.97811253889134,5830400,0.0000,1.0
2013-03-22,212.21,213.17,211.619,212.08,120.87552109322566,3031500,0.0000,1.0
2013-03-25,212.54,212.81,210.05,210.74,120.11178477549214,3242500,0.0000,1.0
2013-03-26,211.77,212.504,211.5,212.36,121.0351077864834,2300300,0.0000,1.0
2013-03-27,210.96,212.16,210.1,210.89,120.19727764688021,3223400,0.0000,1.0
2013-03-28,209.83,213.44,209.735,213.3,121.5708631138487,3749900,0.0000,1.0
2013-04-01,212.8,213.5,211.25,212.38,121.0465068360018,2144500,0.0000,1.0
2013-04-02,212.92,214.71,211.57,214.36,122.17501273832445,3116800,0.0000,1.0
2013-04-03,214.32,214.89,212.6275,212.66,121.20609352925955,3128800,0.0000,1.0
2013-04-04,212.77,212.93,210.04,211.31,120.43665768676684,3709500,0.0000,1.0
2013-04-05,209.1,209.84,206.34,209.41,119.35374798251783,4148000,0.0000,1.0
2013-04-08,209.07,209.32,207.33,209.32,119.30245225968498,2351200,0.0000,1.0
2013-04-09,209.56,210.0,208.61,209.22,119.24545701209293,2577300,0.0000,1.0
2013-04-10,211.86,212.51,210.47,212.0,120.829924895152,3524200,0.0000,1.0
2013-04-11,211.5,213.09,210.85,212.92,121.35428117299888,3655600,0.0000,1.0
2013-04-12,210.79,211.49,209.78,211.38,120.47655436008127,3165400,0.0000,1.0
2013-04-15,210.44,211.69,209.26,209.26,119.26825511112975,4218100,0.0000,1.0
2013-04-16,210.84,212.0,209.2,212.0,120.829924895152,2859500,0.0000,1.0
2013-04-17,210.53,211.09,209.5,209.67,119.50193562625716,3269800,0.0000,1.0
2013-04-18,210.11,210.25,206.15,207.15,118.06565538693745,6502000,0.0000,1.0
2013-04-19,195.74,196.5,189.76,190.0,108.29097042490038,18847000,0.0000,1.0
2013-04-22,191.15,191.38,187.68,187.83,107.05417355215285,9845400,0.0000,1.0
2013-04-23,189.27,192.555,188.61,191.61,109.20859391113244,6296100,0.0000,1.0
2013-04-24,192.16,192.5,191.09,191.71,109.26558915872448,3693900,0.0000,1.0
2013-04-25,192.69,195.17,192.32,193.95,110.54228270478646,4650900,0.0000,1.0
2013-04-26,194.16,194.71,193.25,194.31,110.74746559611786,3490300,0.0000,1.0
2013-04-29,194.78,199.68,194.65,199.15,113.50603557957322,5932400,0.0000,1.0
2013-04-30,199.13,202.59,197.35,202.54,115.4381744729438,7539900,0.0000,1.0
2013-05-01,201.87,202.17,199.2,199.63,113.77961276801507,4899100,0.0000,1.0
2013-05-02,200.12,202.43,199.75,202.39,115.35268160155572,3945100,0.0000,1.0
2013-05-03,203.94,205.319,203.75,204.51,116.56098085050724,4492700,0.0000,1.0
2013-05-06,203.79,203.99,201.52,202.78,115.57496306716473,4826500,0.0000,1.0
2013-05-07,202.81,203.73,201.65,203.63,116.05942267169718,3451000,0.0000,1.0
2013-05-08,202.94,204.85,202.51,204.82,117.2791209701671,3601700,0.9500,1.0
2013-05-09,204.69,205.0,202.72,203.24,116.37441922652458,3542300,0.0000,1.0
2013-05-10,203.37,204.53,202.82,204.47,117.07871235606908,3279200,0.0000,1.0
2013-05-13,204.18,204.47,202.22,202.47,115.9335202755089,3648400,0.0000,1.0
2013-05-14,202.09,203.67,202.08,203.21,116.35724134531617,3699700,0.0000,1.0
2013-05-15,202.25,203.6799,202.04,203.32,116.42022690974697,4028100,0.0000,1.0
2013-05-16,204.0,206.59,204.0,204.69,117.2046834849307,4507000,0.0000,1.0
2013-05-17,205.25,209.5,204.99,208.44,119.35191863598101,5704100,0.0000,1.0
2013-05-20,208.02,209.15,207.42,207.6,118.87093796214575,3614500,0.0000,1.0
2013-05-21,207.24,209.48,207.0,208.65,119.47216380443983,2982900,0.0000,1.0
2013-05-22,208.5,210.15,206.121,206.99,118.52165437757489,5186800,0.0000,1.0
2013-05-23,205.48,208.61,205.13,206.16,118.04639966414241,5179100,0.0000,1.0
2013-05-24,204.69,206.43,204.42,205.72,117.79445740641918,3295800,0.0000,1.0
2013-05-28,207.44,208.59,207.16,207.78,118.97400524939616,4011500,0.0000,1.0
2013-05-29,206.22,208.42,206.04,207.92,119.05416869503536,3439400,0.0000,1.0
2013-05-30,206.97,210.99,206.97,209.36,119.8787069930387,4399700,0.0000,1.0
2013-05-31,208.59,211.98,208.02,208.02,119.11142829906339,4949000,0.0000,1.0
2013-06-03,208.25,210.05,207.33,208.95,119.64394261652386,3322000,0.0000,1.0
2013-06-04,208.6,209.0,205.08,206.19,118.06357754535082,3598300,0.0000,1.0
2013-06-05,205.16,206.29,202.4,202.74,116.08812120638453,4215400,0.0000,1.0
2013-06-06,203.0,204.2,201.47,203.8,116.69507300908143,3679400,0.0000,1.0
2013-06-07,204.85,206.35,204.11,206.35,118.15519291179564,2953400,0.0000,1.0
2013-06-10,206.97,206.98,204.9,205.02,117.39364017822312,2652300,0.0000,1.0
2013-06-11,203.17,205.95,202.51,203.98,116.79814029633182,2814400,0.0000,1.0
2013-06-12,204.59,205.23,200.51,201.2,115.20632330435319,3409800,0.0000,1.0
2013-06-13,201.01,204.4,200.34,203.77,116.67789512787301,2899500,0.0000,1.0
2013-06-14,203.97,204.745,201.81,202.2,115.77891934463328,2804500,0.0000,1.0
2013-06-17,203.44,205.1713,202.55,203.04,116.25990001846854,3219900,0.0000,1.0
2013-06-18,203.02,206.09,202.87,204.87,117.30775077218111,3277800,0.0000,1.0
2013-06-19,204.44,205.03,201.93,201.94,115.63004437416046,2846100,0.0000,1.0
2013-06-20,200.67,201.7,197.28,197.35,113.00182854927486,4514800,0.0000,1.0
2013-06-21,198.5,198.52,193.5401,195.46,111.91962203314552,8914800,0.0000,1.0
2013-06-24,193.99,194.91,191.34,193.54,110.82023763580774,4356200,0.0000,1.0
2013-06-25,195.31,195.59,193.15,194.98,111.64477593381106,3846200,0.0000,1.0
2013-06-26,195.97,196.23,194.5,194.86,111.57606440897746,3320200,0.0000,1.0
2013-06-27,196.05,196.9,195.29,195.65,112.02841528079873,3514200,0.0000,1.0
2013-06-28,191.73,192.66,188.41,191.11,109.42882925792715,10055800,0.0000,1.0
2013-07-01,192.15,193.8,191.12,191.28,109.52617058477475,4442400,0.0000,1.0
2013-07-02,190.78,193.23,190.26,191.5,109.65214171363637,3657700,0.0000,1.0
2013-07-03,190.65,194.22,190.51,193.25,110.65418478412651,1872600,0.0000,1.0
2013-07-05,194.49,195.16,192.35,194.93,111.61614613179707,2405400,0.0000,1.0
2013-07-08,195.6,195.78,194.61,194.98,111.64477593381106,2947500,0.0000,1.0
2013-07-09,191.88,192.8,190.78,191.3,109.53762250558036,5204200,0.0000,1.0
2013-07-10,191.51,193.43,191.2714,192.25,110.08158874384642,3892000,0.0000,1.0
2013-07-11,193.78,194.11,192.61,192.8,110.39651656600049,4177500,0.0000,1.0
2013-07-12,193.07,193.6999,191.5901,192.07,109.97852145659601,4494700,0.0000,1.0
2013-07-15,192.42,194.89,191.68,194.0,111.08363181433658,5674700,0.0000,1.0
2013-07-16,194.04,194.58,192.685,193.85,110.99774240829457,3745300,0.0000,1.0
2013-07-17,194.72,194.89,193.03,194.55,111.39855963649063,6868400,0.0000,1.0
2013-07-18,198.27,200.94,195.99,197.99,113.36829001505413,8393400,0.0000,1.0
2013-07-19,197.91,197.99,193.24,193.54,110.82023763580774,6997600,0.0000,1.0
2013-07-22,193.4,195.79,193.2804,194.09,111.13516545796179,3398000,0.0000,1.0
2013-07-23,194.21,196.43,194.1,194.98,111.64477593381106,2863800,0.0000,1.0
2013-07-24,195.95,197.3,195.861,196.61,112.5781074794676,2957900,0.0000,1.0
2013-07-25,196.3,197.83,195.66,197.22,112.92739106403846,3014300,0.0000,1.0
2013-07-26,196.59,197.37,195.0,197.35,113.00182854927486,2485100,0.0000,1.0
2013-07-29,196.83,197.19,195.53,196.21,112.34906906335557,2113700,0.0000,1.0
2013-07-30,196.99,197.83,195.81,196.01,112.23454985529955,2663200,0.0000,1.0
2013-07-31,194.49,196.9099,194.49,195.04,111.67913169622787,3810000,0.0000,1.0
2013-08-01,196.65,197.17,195.41,195.81,112.12003064724354,2877700,0.0000,1.0
2013-08-02,195.5,195.5,193.2215,195.16,111.74784322106147,3874000,0.0000,1.0
2013-08-05,195.16,195.88,194.35,195.5,111.94252587475671,2490900,0.0000,1.0
2013-08-06,192.26,192.51,190.27,190.99,109.36011773309353,5938500,0.0000,1.0
2013-08-07,189.6,189.93,188.05,188.56,108.512675593479,3901700,0.9500,1.0
2013-08-08,189.45,189.87,186.79,187.93,108.15012263620338,4547600,0.0000,1.0
2013-08-09,188.0,189.16,187.0,187.82,108.08681973890128,3249600,0.0000,1.0
2013-08-12,186.97,189.556,186.89,189.09,108.81768046229818,3026500,0.0000,1.0
2013-08-13,189.54,189.99,187.56,188.42,108.43210826963997,3542900,0.0000,1.0
2013-08-14,188.58,188.926,187.3,187.53,107.91993028237758,2892300,0.0000,1.0
2013-08-15,186.23,187.0,185.45,185.79,106.91859354323537,3692400,0.0000,1.0
2013-08-16,185.54,186.46,185.34,185.34,106.65962714518136,3426400,0.0000,1.0
2013-08-19,185.3,186.5,183.9787,184.23,106.02084336331478,3248900,0.0000,1.0
2013-08-20,184.37,185.63,183.1685,184.56,106.21075205522106,3117800,0.0000,1.0
2013-08-21,184.67,186.57,184.28,184.86,106.38339632059042,3551000,0.0000,1.0
2013-08-22,185.65,186.25,184.25,185.19,106.57330501249669,2354300,0.0000,1.0
2013-08-23,185.34,185.74,184.57,185.42,106.70566561594651,2292700,0.0000,1.0
2013-08-26,185.27,187.0,184.68,184.74,106.31433861444268,2170400,0.0000,1.0
2013-08-27,183.63,184.5,182.5701,182.74,105.1633768453137,3190700,0.0000,1.0
2013-08-28,182.68,183.47,181.1,182.16,104.82959793226631,3979200,0.0000,1.0
2013-08-29,181.96,183.7,181.44,182.64,105.10582875685725,2980900,0.0000,1.0
2013-08-30,182.75,182.99,181.51,182.27,104.8929008295684,2731000,0.0000,1.0
2013-09-03,183.63,184.32,182.51,183.96,105.86546352448238,3487200,0.0000,1.0
2013-09-04,183.58,184.19,182.31,183.13,105.38781439029385,2597900,0.0000,1.0
2013-09-05,183.35,185.0,183.07,184.15,105.97480489254963,2867600,0.0000,1.0
2013-09-06,184.65,184.99,182.65,183.03,105.33026630183741,2903500,0.0000,1.0
2013-09-09,183.68,185.49,183.31,184.98,106.45245402673814,3017200,0.0000,1.0
2013-09-10,187.2,187.65,186.37,186.6,107.38473305973261,3149600,0.0000,1.0
2013-09-11,186.83,190.87,186.82,190.7,109.74420468644699,4962900,0.0000,1.0
2013-09-12,190.96,191.32,189.85,190.73,109.76146911298393,3354800,0.0000,1.0
2013-09-13,191.21,193.1,191.0,192.17,110.59016158675678,3710400,0.0000,1.0
2013-09-16,193.7,194.81,192.61,193.15,111.15413285362999,3902400,0.0000,1.0
2013-09-17,193.42,194.15,191.83,192.16,110.58440677791114,2930900,0.0000,1.0
2013-09-18,192.6,194.89,192.0,194.42,111.88499357702686,3841800,0.0000,1.0
2013-09-19,194.18,194.89,193.22,193.39,111.29224826592545,3178100,0.0000,1.0
2013-09-20,193.96,194.4299,190.02,190.02,109.35287768494315,8525900,0.0000,1.0
2013-09-23,190.06,192.41,189.3301,190.99,109.9110941429707,3340800,0.0000,1.0
2013-09-24,190.93,191.56,189.66,189.97,109.32410364071492,3085300,0.0000,1.0
2013-09-25,190.14,190.62,188.5,189.47,109.03636319843268,2654500,0.0000,1.0
2013-09-26,190.1,191.76,189.455,190.22,109.46797386185604,2093600,0.0000,1.0
2013-09-27,188.92,188.94,186.45,186.92,107.56888694279324,3905500,0.0000,1.0
2013-09-30,185.56,186.74,184.34,185.18,106.56755020365105,3978200,0.0000,1.0
2013-10-01,185.34,186.65,184.65,186.38,107.25812726512842,2681200,0.0000,1.0
2013-10-02,185.54,186.3099,184.41,184.96,106.44094440904686,3617100,0.0000,1.0
2013-10-03,184.7,184.96,183.0,183.86,105.80791543602594,3211800,0.0000,1.0
2013-10-04,184.17,185.13,183.58,184.1,105.9460308483214,2863600,0.0000,1.0
2013-10-07,181.85,183.31,181.85,182.01,104.74327579958162,3966400,0.0000,1.0
2013-10-08,181.89,181.99,178.71,178.72,102.84994368936448,5578300,0.0000,1.0
2013-10-09,179.37,181.67,179.1,181.32,104.34619398923213,4423500,0.0000,1.0
2013-10-10,183.17,184.77,182.358,184.77,106.33160304097962,3658900,0.0000,1.0
2013-10-11,185.25,186.23,184.12,186.16,107.13152147052423,3232600,0.0000,1.0
2013-10-14,185.41,186.99,184.42,186.97,107.59766098702147,2663100,0.0000,1.0
2013-10-15,185.74,185.94,184.22,184.66,106.26830014367752,3365100,0.0000,1.0
2013-10-16,185.42,186.73,184.994,186.73,107.459545574726,6718000,0.0000,1.0
2013-10-17,173.84,177.0,172.57,174.83,100.61132304840865,22368900,0.0000,1.0
2013-10-18,174.8,175.0,173.25,173.78,100.00706811961594,10548000,0.0000,1.0
2013-10-21,174.42,174.75,172.6301,172.86,99.47762570581662,7098700,0.0000,1.0
2013-10-22,173.35,175.57,172.9512,174.97,100.69189037224767,6977300,0.0000,1.0
2013-10-23,175.09,175.99,174.4,175.77,101.15227507989927,5409400,0.0000,1.0
2013-10-24,176.43,177.89,176.25,177.8,102.32050127556516,5533300,0.0000,1.0
2013-10-25,178.43,179.1,176.26,176.85,101.7737944352289,4842800,0.0000,1.0
2013-10-28,177.04,177.89,176.2,177.35,102.06153487751114,3712700,0.0000,1.0
2013-10-29,177.62,182.32,177.5,182.12,104.80657869688373,8904600,0.0000,1.0
2013-10-30,181.69,182.18,179.86,180.15,103.6728813542917,5273700,0.0000,1.0
2013-10-31,179.65,181.67,179.04,179.21,103.13192932280108,4318100,0.0000,1.0
2013-11-01,179.81,180.339,178.88,179.23,103.14343894049236,3644500,0.0000,1.0
2013-11-04,179.9,180.8,179.34,180.27,103.74193906043944,3483300,0.0000,1.0
2013-11-05,179.54,179.8,177.71,177.85,102.34927531979338,6096800,0.0000,1.0
2013-11-06,177.91,179.75,177.78,179.19,103.66712654544605,4560700,0.9500,1.0
2013-11-07,179.6,181.39,179.6,180.0,104.13573736358217,5219500,0.0000,1.0
2013-11-08,178.83,180.08,177.35,179.99,104.12995204483975,6275000,0.0000,1.0
2013-11-11,180.19,183.39,180.04,182.88,105.80190916139948,5222300,0.0000,1.0
2013-11-12,182.53,184.0487,182.26,183.07,105.91183021750548,4258500,0.0000,1.0
2013-11-13,182.27,183.55,181.59,183.55,106.18952551714172,4704400,0.0000,1.0
2013-11-14,180.48,183.2,179.66,182.21,105.41429280565727,6321500,0.0000,1.0
2013-11-15,182.38,183.28,181.16,183.19,105.98125404241455,5176100,0.0000,1.0
2013-11-18,183.52,184.99,183.27,184.47,106.72177484144446,5344900,0.0000,1.0
2013-11-19,184.63,186.2,184.15,185.25,107.17302970335332,4577000,0.0000,1.0
2013-11-20,185.22,186.24,184.645,185.19,107.13831779089878,3645800,0.0000,1.0
2013-11-21,185.54,185.75,183.411,184.13,106.52507400420214,4459500,0.0000,1.0
2013-11-22,183.5001,184.99,179.92,181.3,104.88782880009694,7610200,0.0000,1.0
2013-11-25,180.25,180.75,177.82,178.94,103.52249357688552,7161900,0.0000,1.0
2013-11-26,178.67,178.94,177.31,177.31,102.57948662187086,5756000,0.0000,1.0
2013-11-27,177.83,180.18,177.82,178.97,103.53984953311279,4596500,0.0000,1.0
2013-11-29,179.21,180.76,179.0,179.68,103.9506071638247,2870500,0.0000,1.0
2013-12-02,179.46,179.59,177.12,177.48,102.67783704049201,4560000,0.0000,1.0
2013-12-03,177.0,178.23,175.64,176.08,101.86789241655305,5864000,0.0000,1.0
2013-12-04,175.37,177.5,175.16,175.74,101.67119157931073,5267400,0.0000,1.0
2013-12-05,176.15,176.86,175.28,176.08,101.86789241655305,4384900,0.0000,1.0
2013-12-06,176.7,178.0,176.01,177.67,102.78775809659801,4739800,0.0000,1.0
2013-12-09,177.99,178.152,176.83,177.46,102.66626640300719,3796600,0.0000,1.0
2013-12-10,176.9,177.67,176.06,177.12,102.46956556576485,4127800,0.0000,1.0
2013-12-11,177.0,177.76,175.1,175.2,101.35878436721997,4090400,0.0000,1.0
2013-12-12,175.06,175.8,173.3,173.37,100.3000710373569,5671600,0.0000,1.0
2013-12-13,173.52,174.379,172.73,172.8,99.97030786903889,4184400,0.0000,1.0
2013-12-16,173.22,178.35,172.73,177.85,102.8918938339616,7517000,0.0000,1.0
2013-12-17,177.36,177.49,175.12,175.76,101.68276221679557,5471900,0.0000,1.0
2013-12-18,176.45,178.74,174.851,178.7,103.3836459270674,5697700,0.0000,1.0
2013-12-19,177.88,180.54,177.88,180.22,104.26301437591543,5927000,0.0000,1.0
2013-12-20,180.12,182.0,180.02,180.02,104.14730800106702,7653500,0.0000,1.0
2013-12-23,181.05,182.93,180.61,182.23,105.42586344314209,4079900,0.0000,1.0
2013-12-24,181.955,183.5,181.91,183.22,105.99860999864181,1613600,0.0000,1.0
2013-12-26,183.56,185.56,183.51,185.35,107.23088289077752,3325700,0.0000,1.0
2013-12-27,185.84,186.5,184.56,185.08,107.07467928473216,3381600,0.0000,1.0
2013-12-30,185.32,186.7,184.67,186.41,107.84412667747418,3018600,0.0000,1.0
2013-12-31,186.49,187.79,186.3,187.57,108.51522365159504,3619700,0.0000,1.0
2014-01-02,187.21,187.4,185.2,185.53,107.33501862814111,4546500,0.0000,1.0
2014-01-03,185.83,187.35,185.3,186.64,107.97718900854986,4063200,0.0000,1.0
2014-01-06,187.15,187.355,185.3,186.0,107.60692860903491,4067800,0.0000,1.0
2014-01-07,186.39,190.35,186.38,189.71,109.75328186247319,5932300,0.0000,1.0
2014-01-08,189.33,189.4175,187.26,187.97,108.7466364012919,4603700,0.0000,1.0
2014-01-09,189.02,189.5,186.55,187.38,108.40530259548903,4321300,0.0000,1.0
2014-01-10,188.31,188.57,186.28,187.26,108.33587877057998,4022400,0.0000,1.0
2014-01-13,186.26,186.95,183.86,184.16,106.5424299604294,5784700,0.0000,1.0
2014-01-14,185.06,186.428,183.8818,185.92,107.56064605909553,4619200,0.0000,1.0
2014-01-15,185.82,188.65,185.49,187.74,108.6135740702162,4816500,0.0000,1.0
2014-01-16,187.53,188.99,186.8,188.76,109.20367658194316,4770300,0.0000,1.0
2014-01-17,188.04,190.81,187.86,190.09,109.9731239746852,7644600,0.0000,1.0
2014-01-21,190.23,190.39,186.79,188.43,109.01276106344328,11076300,0.0000,1.0
2014-01-22,181.28,183.5,179.67,182.25,105.43743408062694,13796100,0.0000,1.0
2014-01-23,181.43,183.72,180.71,182.73,105.71512938026316,6973900,0.0000,1.0
2014-01-24,181.25,182.8141,179.64,179.64,103.927465888855,6890600,0.0000,1.0
2014-01-27,179.605,179.65,177.66,177.9,102.92082042767372,5208600,0.0000,1.0
2014-01-28,178.05,178.45,176.16,176.85,102.31336195971947,5333300,0.0000,1.0
2014-01-29,175.98,178.53,175.89,176.4,102.05302261631053,4970900,0.0000,1.0
2014-01-30,177.17,177.86,176.36,177.36,102.60841321558297,4853700,0.0000,1.0
2014-01-31,176.11,177.835,175.34,176.68,102.21501154109832,5193400,0.0000,1.0
2014-02-03,176.02,176.02,172.72,172.9,100.0281610564631,7186800,0.0000,1.0
2014-02-04,173.53,173.75,172.36,172.84,99.99344914400857,4349800,0.0000,1.0
2014-02-05,172.19,174.97,172.19,174.24,100.80339376794754,4712300,0.0000,1.0
2014-02-06,173.97,174.85,173.79,174.67,101.60176775440166,4292200,0.9500,1.0
2014-02-07,175.64,177.56,175.07,177.25,103.10249805042478,4692900,0.0000,1.0
2014-02-10,176.97,177.65,176.25,177.14,103.03851342540054,3540400,0.0000,1.0
2014-02-11,176.81,180.39,176.8,179.7,104.52761015323742,4647300,0.0000,1.0
2014-02-12,179.52,181.25,179.26,180.24,104.84171649426553,3983000,0.0000,1.0
2014-02-13,178.22,182.36,177.86,181.84,105.77240194916357,4482000,0.0000,1.0
2014-02-14,181.26,184.43,180.99,183.69,106.84850700638944,4659900,0.0000,1.0
2014-02-18,183.18,184.0,182.32,183.19,106.5576678017338,4435200,0.0000,1.0
2014-02-19,182.74,185.65,182.41,182.95,106.41806498349908,4671500,0.0000,1.0
2014-02-20,182.96,184.8599,182.79,184.26,107.18006369969686,4968200,0.0000,1.0
2014-02-21,184.25,185.71,182.62,182.79,106.32499643800928,5699300,0.0000,1.0
2014-02-24,182.82,185.16,182.82,183.45,106.70890418815472,4595300,0.0000,1.0
2014-02-25,183.52,184.6,182.88,183.23,106.58093493810624,3902300,0.0000,1.0
2014-02-26,183.94,185.28,183.56,184.06,107.06372801783462,3740700,0.0000,1.0
2014-02-27,183.83,185.95,183.81,185.27,107.76755889310127,3827800,0.0000,1.0
2014-02-28,185.38,186.12,183.65,185.17,107.70939105217013,4667900,0.0000,1.0
2014-03-03,183.33,184.64,182.82,184.26,107.18006369969686,3950100,0.0000,1.0
2014-03-04,185.81,187.16,185.68,186.44,108.44812263199546,4733000,0.0000,1.0
2014-03-05,186.57,187.95,186.4,187.14,108.85529751851335,3485200,0.0000,1.0
2014-03-06,187.37,188.39,186.9,187.64,109.146136723169,3817300,0.0000,1.0
2014-03-07,188.35,188.92,187.18,187.68,109.16940385954146,4117800,0.0000,1.0
2014-03-10,187.55,188.37,185.849,186.39,108.4190387115299,4591200,0.0000,1.0
2014-03-11,187.41,188.45,186.04,186.76,108.63425972297507,4229500,0.0000,1.0
2014-03-12,186.01,187.45,185.89,186.22,108.32015338194698,4833000,0.0000,1.0
2014-03-13,186.41,187.0,183.71,183.9,106.9706594723448,4913200,0.0000,1.0
2014-03-14,183.89,184.29,182.21,182.21,105.98762296060875,5490300,0.0000,1.0
2014-03-17,182.66,186.35,182.66,185.81,108.08166523412936,4938100,0.0000,1.0
2014-03-18,185.99,187.9,185.54,186.81,108.66334364344064,3961300,0.0000,1.0
2014-03-19,185.6,186.7,183.5001,184.71,107.44181898388695,4323900,0.0000,1.0
2014-03-20,184.47,188.26,184.17,187.9,109.29737310958994,5062600,0.0000,1.0
2014-03-21,188.5,188.7,186.4,186.67,108.58190866613705,12535200,0.0000,1.0
2014-03-24,187.43,189.44,187.37,188.25,109.50096055284888,5738500,0.0000,1.0
2014-03-25,188.76,195.395,188.7,195.04,113.45055695207249,10912700,0.0000,1.0
2014-03-26,194.98,195.63,191.96,192.62,112.0428952015392,6851700,0.0000,1.0
2014-03-27,191.91,192.67,189.322,189.83,110.42001243956072,6767700,0.0000,1.0
2014-03-28,189.94,192.62,189.11,190.45,110.7806530533337,5194400,0.0000,1.0
2014-03-31,191.64,193.77,191.4,192.49,111.96727700832872,8537300,0.0000,1.0
2014-04-01,193.12,195.13,192.78,194.5,113.1364506110444,5394100,0.0000,1.0
2014-04-02,194.24,194.5,192.49,193.55,112.58385612219868,4924100,0.0000,1.0
2014-04-03,193.2,193.38,192.35,192.69,112.08361269019098,4091100,0.0000,1.0
2014-04-04,193.12,193.97,191.28,191.77,111.5484685536246,6089900,0.0000,1.0
2014-04-07,191.72,195.309,191.57,194.52,113.14808417923064,6740500,0.0000,1.0
2014-04-08,193.89,194.1675,192.6898,193.29,112.43261973577775,5125000,0.0000,1.0
2014-04-09,193.88,197.0,193.6,196.64,114.38124240697053,5480100,0.0000,1.0
2014-04-10,196.06,199.21,195.66,195.68,113.82283113403172,8417900,0.0000,1.0
2014-04-11,195.04,197.0,194.27,195.19,113.53780871346919,4835000,0.0000,1.0
2014-04-14,196.24,198.24,195.88,197.77,115.0385390094923,5431100,0.0000,1.0
2014-04-15,195.98,197.41,195.42,197.02,114.60228020250884,5351300,0.0000,1.0
2014-04-16,198.05,198.71,195.0,196.4,114.24163958873584,8527300,0.0000,1.0
2014-04-17,187.25,190.7,187.01,190.01,110.52471455323673,11255500,0.0000,1.0
2014-04-21,189.8,192.805,189.74,192.27,111.83930775828024,5419700,0.0000,1.0
2014-04-22,192.01,193.0,191.2,192.15,111.7695063491629,3878600,0.0000,1.0
2014-04-23,191.79,192.41,190.11,191.73,111.52520141725215,4736400,0.0000,1.0
2014-04-24,192.22,192.22,190.03,190.22,110.64686701919211,4407100,0.0000,1.0
2014-04-25,190.54,190.67,189.11,189.63,110.30367675769845,3871000,0.0000,1.0
2014-04-28,191.14,193.99,190.58,193.14,112.34536797438105,5638300,0.0000,1.0
2014-04-29,193.59,195.94,193.41,195.11,113.49127444072428,4626300,0.0000,1.0
2014-04-30,194.38,196.86,194.35,196.47,114.28235707738763,4206800,0.0000,1.0
2014-05-01,196.31,196.74,193.15,193.53,112.57222255401246,3674000,0.0000,1.0
2014-05-02,193.75,193.84,191.25,191.44,111.35651467855187,3049900,0.0000,1.0
2014-05-05,191.05,191.49,189.8,191.26,111.25181256487583,2222100,0.0000,1.0
2014-05-06,190.93,190.95,189.25,190.03,110.53634812142298,3188700,0.0000,1.0
2014-05-07,189.34,190.3,186.93,189.3,110.75156913286816,3821000,1.1000,1.0
2014-05-08,189.16,190.57,188.23,188.91,110.52339632799853,2431900,0.0000,1.0
2014-05-09,188.98,190.5854,188.37,190.08,111.20791474260739,2261600,0.0000,1.0
2014-05-12,191.12,193.02,190.94,192.57,112.66471034292879,3777400,0.0000,1.0
2014-05-13,192.79,193.03,191.76,192.19,112.44238812279941,2226600,0.0000,1.0
2014-05-14,191.91,191.99,188.17,188.72,110.41223521793384,5251500,0.0000,1.0
2014-05-15,189.07,189.08,186.18,186.46,109.09000306663812,4202200,0.0000,1.0
2014-05-16,186.27,187.41,185.93,187.06,109.44103815105291,3949500,0.0000,1.0
2014-05-19,186.61,187.13,186.04,187.0,109.40593464261143,3270700,0.0000,1.0
2014-05-20,186.25,186.7,184.7,184.89,108.17146126241938,3026500,0.0000,1.0
2014-05-21,185.85,187.16,184.95,186.39,109.04904897345638,2988000,0.0000,1.0
2014-05-22,186.45,186.45,185.03,185.68,108.63365745689887,2218000,0.0000,1.0
2014-05-23,185.84,186.14,185.3101,185.94,108.78577266014528,2562900,0.0000,1.0
2014-05-27,184.8,185.65,183.93,184.78,108.10710483027668,4793800,0.0000,1.0
2014-05-28,184.48,184.88,182.94,183.08,107.11250542443477,3721600,0.0000,1.0
2014-05-29,183.64,183.78,182.33,183.76,107.51034518677153,2759900,0.0000,1.0
2014-05-30,183.38,184.57,182.49,184.36,107.86138027118633,4620500,0.0000,1.0
2014-06-02,184.76,186.2801,184.67,185.69,108.63950804163912,3200500,0.0000,1.0
2014-06-03,185.55,185.76,184.12,184.37,107.86723085592658,2517100,0.0000,1.0
2014-06-04,184.71,185.45,184.2,184.51,107.94913904229001,2376800,0.0000,1.0
2014-06-05,184.66,186.09,183.92,185.98,108.80917499910628,2852200,0.0000,1.0
2014-06-06,186.47,187.65,185.9,186.37,109.03734780397589,3296700,0.0000,1.0
2014-06-09,186.22,187.64,185.96,186.22,108.9495890328722,2728400,0.0000,1.0
2014-06-10,186.2,186.2199,183.82,184.29,107.8204261780046,4154900,0.0000,1.0
2014-06-11,183.61,184.2,182.01,182.25,106.62690689099429,4061700,0.0000,1.0
2014-06-12,182.48,182.55,180.91,181.22,106.0242966627489,4425300,0.0000,1.0
2014-06-13,182.0,183.0,181.52,182.56,106.80827501794194,2773600,0.0000,1.0
2014-06-16,182.4,182.71,181.235,182.35,106.68541273839675,3556200,0.0000,1.0
2014-06-17,181.9,182.81,181.56,182.26,106.63275747573454,2460900,0.0000,1.0
2014-06-18,182.04,183.61,181.79,183.6,107.41673583092758,3931800,0.0000,1.0
2014-06-19,184.12,184.47,182.356,182.82,106.96039022118835,3551100,0.0000,1.0
2014-06-20,182.59,182.67,181.4,181.55,106.21736595917703,10686800,0.0000,1.0
2014-06-23,181.92,182.25,181.0,182.14,106.56255045885158,3231700,0.0000,1.0
2014-06-24,181.5,183.0,180.65,180.88,105.8253767815805,3875400,0.0000,1.0
2014-06-25,180.25,180.97,180.06,180.72,105.73176742573656,2762800,0.0000,1.0
2014-06-26,180.87,181.37,179.27,180.37,105.52699695982794,3258500,0.0000,1.0
2014-06-27,179.77,182.46,179.66,181.71,106.31097531502098,4575500,0.0000,1.0
2014-06-30,181.33,181.93,180.26,181.27,106.05354958645013,4223800,0.0000,1.0
2014-07-01,181.7,187.27,181.7,186.35,109.0256466344954,6643100,0.0000,1.0
2014-07-02,186.34,188.99,186.17,188.39,110.21916592150569,5093000,0.0000,1.0
2014-07-03,188.39,188.806,187.35,188.53,110.30107410786916,2422400,0.0000,1.0
2014-07-07,187.61,188.27,187.44,188.04,110.01439545559707,2958700,0.0000,1.0
2014-07-08,187.65,188.08,186.37,187.22,109.53464750689685,3135100,0.0000,1.0
2014-07-09,187.68,188.9,186.89,188.42,110.23671767572644,3309600,0.0000,1.0
2014-07-10,186.44,188.05,186.21,187.7,109.81547557442869,3177800,0.0000,1.0
2014-07-11,187.73,188.35,186.705,188.0,109.99099311663609,2402500,0.0000,1.0
2014-07-14,188.55,190.44,188.53,189.86,111.07920187832197,4501100,0.0000,1.0
2014-07-15,189.54,190.08,188.21,188.49,110.27767176890818,4864700,0.0000,1.0
2014-07-16,192.24,193.36,190.76,192.36,112.54184806338361,7812600,0.0000,1.0
2014-07-17,192.36,195.95,192.0,192.49,112.61790566500682,8872300,0.0000,1.0
2014-07-18,191.96,193.44,190.0,192.5,112.62375624974706,8166400,0.0000,1.0
2014-07-21,191.3,191.7,189.25,190.85,111.65840976760637,4154400,0.0000,1.0
2014-07-22,191.59,194.72,191.56,194.09,113.55399922344627,4853000,0.0000,1.0
2014-07-23,194.11,194.9,193.57,193.63,113.28487232539491,3584200,0.0000,1.0
2014-07-24,193.95,195.62,193.75,195.24,114.22681646857463,3612700,0.0000,1.0
2014-07-25,195.3,195.9,193.7901,194.4,113.73536735039391,3376400,0.0000,1.0
2014-07-28,194.3,196.4,193.65,195.78,114.54274804454795,3242400,0.0000,1.0
2014-07-29,195.3,195.89,194.54,194.57,113.8348272909781,3264100,0.0000,1.0
2014-07-30,195.2,195.99,192.9,194.0,113.50134396078404,3943800,0.0000,1.0
2014-07-31,192.84,194.29,191.54,191.67,112.13815771630658,4207500,0.0000,1.0
2014-08-01,190.5,191.5,188.86,189.15,110.66381036176445,5181100,0.0000,1.0
2014-08-04,189.35,189.95,188.6,189.64,110.95048901403652,2125900,0.0000,1.0
2014-08-05,188.75,189.196,186.44,187.1,109.46444049001389,3307900,0.0000,1.0
2014-08-06,185.36,186.88,184.44,185.97,109.44688873579317,3847000,1.1000,1.0
2014-08-07,186.64,186.68,183.58,184.3,108.46406191324773,2708600,0.0000,1.0
2014-08-08,184.4,186.67,183.58,186.63,109.835311312368,2781500,0.0000,1.0
2014-08-11,187.81,188.36,186.28,187.47,110.3296673189178,2527200,0.0000,1.0
2014-08-12,187.45,188.69,186.81,187.34,110.25315984171367,1858600,0.0000,1.0
2014-08-13,188.0,188.48,187.37,187.95,110.61215646551769,1797000,0.0000,1.0
2014-08-14,187.57,188.17,186.93,187.88,110.57096013163854,1929500,0.0000,1.0
2014-08-15,187.85,188.88,186.79,187.38,110.27670060393032,2814800,0.0000,1.0
2014-08-18,188.1,189.81,187.76,189.36,111.44196833365486,2420300,0.0000,1.0
2014-08-19,190.04,190.25,189.36,190.07,111.85981686300052,2040100,0.0000,1.0
2014-08-20,189.86,190.39,189.25,190.1,111.877472434663,2177600,0.0000,1.0
2014-08-21,190.9,192.07,190.5,191.23,112.54249896728356,2496500,0.0000,1.0
2014-08-22,190.77,191.88,190.29,190.41,112.0599133418421,1940300,0.0000,1.0
2014-08-25,191.39,191.81,190.71,191.16,112.50130263340442,1723600,0.0000,1.0
2014-08-26,191.02,193.53,191.02,192.99,113.57829250481649,3160900,0.0000,1.0
2014-08-27,193.03,194.133,191.56,192.25,113.14278840380832,2190200,0.0000,1.0
2014-08-28,191.47,192.2986,190.66,192.0,112.99565863995423,1503600,0.0000,1.0
2014-08-29,192.28,192.75,191.14,192.3,113.17221435657916,2909400,0.0000,1.0
2014-09-02,192.68,192.97,190.93,191.56,112.736710255571,2679700,0.0000,1.0
2014-09-03,192.39,192.95,191.86,191.95,112.96623268718339,1822800,0.0000,1.0
2014-09-04,191.69,192.69,190.06,190.68,112.21881348680454,2865000,0.0000,1.0
2014-09-05,190.53,191.75,190.09,191.2,112.52484339562108,2260200,0.0000,1.0
2014-09-08,190.75,191.2,189.51,190.14,111.90101319687966,2524200,0.0000,1.0
2014-09-09,190.34,190.74,189.78,189.99,111.81273533856721,2390400,0.0000,1.0
2014-09-10,190.12,192.15,190.1,191.54,112.72493987446266,2764000,0.0000,1.0
2014-09-11,191.08,192.78,190.12,191.72,112.83087330443762,2298500,0.0000,1.0
2014-09-12,191.47,191.6,190.57,191.28,112.5719249200544,2901000,0.0000,1.0
2014-09-15,191.42,192.49,190.58,191.81,112.88384001942511,2456400,0.0000,1.0
2014-09-16,191.25,193.57,190.82,192.96,113.560636933154,2561500,0.0000,1.0
2014-09-17,193.22,193.64,192.3,192.8,113.46647388428737,3210800,0.0000,1.0
2014-09-18,192.79,194.13,192.71,193.75,114.02556698693297,2963300,0.0000,1.0
2014-09-19,194.54,195.0,193.19,194.0,114.17269675078708,8852000,0.0000,1.0
2014-09-22,193.72,194.14,192.63,193.11,113.64891479146647,3266955,0.0000,1.0
2014-09-23,192.75,193.07,191.52,191.62,112.77202139889599,3257449,0.0000,1.0
2014-09-24,191.0,192.45,189.88,192.31,113.17809954713331,3076722,0.0000,1.0
2014-09-25,192.05,192.5,188.97,189.01,111.2359866642591,4114751,0.0000,1.0
2014-09-26,188.93,190.33,188.61,190.06,111.85393167244635,2494024,0.0000,1.0
2014-09-29,188.51,189.96,188.12,189.64,111.60675366917144,2344723,0.0000,1.0
2014-09-30,189.64,190.85,189.15,189.83,111.71857228970057,2929335,0.0000,1.0
2014-10-01,189.91,190.4,186.79,187.17,110.15311160229287,3723166,0.0000,1.0
2014-10-02,187.66,187.78,186.24,186.91,110.0000966478846,2283619,0.0000,1.0
2014-10-03,188.11,189.37,187.56,188.67,111.03589018541751,3071521,0.0000,1.0
2014-10-06,189.69,190.89,188.71,189.04,111.25364223592159,2100191,0.0000,1.0
2014-10-07,187.77,188.12,185.54,185.71,109.29387378138489,2994065,0.0000,1.0
2014-10-08,185.97,189.6,185.61,189.36,111.44196833365486,2985329,0.0000,1.0
2014-10-09,189.12,189.5,186.09,186.42,109.71172231073055,2625509,0.0000,1.0
2014-10-10,185.86,187.74,185.1,185.93,109.42334797357651,5090177,0.0000,1.0
2014-10-13,185.49,186.65,183.42,183.52,108.00501705002291,3599924,0.0000,1.0
2014-10-14,184.89,185.72,183.59,183.8,108.16980238553951,3924974,0.0000,1.0
2014-10-15,182.46,183.79,178.7488,181.75,106.96333832193584,6897656,0.0000,1.0
2014-10-16,179.8,181.48,178.69,179.84,105.83926692609046,5578572,0.0000,1.0
2014-10-17,181.24,182.84,180.22,182.05,107.13989403856077,4354442,0.0000,1.0
2014-10-20,166.845,170.331,166.69,169.1,99.51857227091801,23408902,0.0000,1.0
2014-10-21,166.4,166.68,161.68,163.23,96.06396541562357,20952120,0.0000,1.0
2014-10-22,162.41,165.41,161.1,161.79,95.21649797582393,11088493,0.0000,1.0
2014-10-23,162.12,162.83,161.54,162.18,95.44602040743634,7599510,0.0000,1.0
2014-10-24,162.08,162.44,161.45,162.08,95.38716850189469,6652321,0.0000,1.0
2014-10-27,162.0,162.91,161.81,161.87,95.26357950025724,4989213,0.0000,1.0
2014-10-28,162.0,163.6,161.8,163.6,96.28171746612766,7896863,0.0000,1.0
2014-10-29,164.33,164.615,162.76,163.46,96.19932479836936,4741689,0.0000,1.0
2014-10-30,163.5,164.62,163.02,164.35,96.72310675768998,3895979,0.0000,1.0
2014-10-31,165.48,165.59,163.6165,164.4,96.75253271046081,5818375,0.0000,1.0
2014-11-03,164.25,164.54,163.375,164.36,96.72899194824416,4691074,0.0000,1.0
2014-11-04,164.34,164.36,162.24,162.65,95.72262436348205,4246854,0.0000,1.0
2014-11-05,163.13,163.54,161.56,161.82,95.23415354748641,4103003,0.0000,1.0
2014-11-06,161.28,161.53,160.05,161.46,95.66965764849458,4067587,1.1000,1.0
2014-11-07,161.42,162.2069,160.85,162.07,96.03110005630816,3494803,0.0000,1.0
2014-11-10,161.9,164.47,161.61,163.49,96.8724905794152,4958236,0.0000,1.0
2014-11-11,163.7,163.9,162.6,163.3,96.75991015730933,3535694,0.0000,1.0
2014-11-12,162.28,163.0,161.76,161.92,95.94222077569826,3377798,0.0000,1.0
2014-11-13,162.0,162.8,161.8,162.79,96.45772060323567,3239726,0.0000,1.0
2014-11-14,162.1,164.49,161.69,164.16,97.26948469947274,4976697,0.0000,1.0
2014-11-17,164.16,164.97,163.72,164.16,97.26948469947274,4798933,0.0000,1.0
2014-11-18,164.73,164.75,161.89,161.89,95.92444491957627,5412495,0.0000,1.0
2014-11-19,162.05,162.1,160.96,161.43,95.65188179237259,3802175,0.0000,1.0
2014-11-20,160.95,161.5,159.8,160.64,95.18378424782712,4182746,0.0000,1.0
2014-11-21,161.83,161.95,160.75,160.92,95.34969223829893,4076868,0.0000,1.0
2014-11-24,161.54,163.86,161.06,162.15,96.07850233930012,6618779,0.0000,1.0
2014-11-25,162.65,163.5,161.56,161.76,95.84741620971437,4062378,0.0000,1.0
2014-11-26,161.93,162.1,161.01,161.95,95.95999663182023,3967223,0.0000,1.0
2014-11-28,162.75,163.37,161.44,162.17,96.09035291004808,2405512,0.0000,1.0
2014-12-01,161.64,163.315,161.35,161.54,95.71705993148652,4168384,0.0000,1.0
2014-12-02,162.47,162.73,161.64,162.67,96.38661717874774,3465747,0.0000,1.0
2014-12-03,162.47,164.52,162.0,164.52,97.4827949729365,6434994,0.0000,1.0
2014-12-04,164.01,164.5,163.01,164.05,97.20430656035883,3862816,0.0000,1.0
2014-12-05,163.61,164.5,162.91,163.27,96.74213430118735,3013500,0.0000,1.0
2014-12-08,163.29,163.29,161.54,161.86,95.90666906345432,2851383,0.0000,1.0
2014-12-09,160.84,163.02,160.8,162.99,96.57622631071554,3865785,0.0000,1.0
2014-12-10,163.01,163.33,160.03,160.51,95.10675553796521,4081714,0.0000,1.0
2014-12-11,160.82,162.93,160.52,161.07,95.43857151890883,3987625,0.0000,1.0
2014-12-12,160.25,160.5,155.33,155.38,92.06708414110669,8611249,0.0000,1.0
2014-12-15,155.93,156.739,152.84,153.06,90.69241793434027,6500311,0.0000,1.0
2014-12-16,152.03,154.89,150.5,151.41,89.71474584763138,6782173,0.0000,1.0
2014-12-17,151.52,153.308,151.11,151.93,90.02286068707903,5139465,0.0000,1.0
2014-12-18,153.58,157.68,153.3,157.68,93.42989977712514,7301971,0.0000,1.0
2014-12-19,157.49,160.41,157.49,158.51,93.92169846316656,8864850,0.0000,1.0
2014-12-22,158.33,161.91,158.33,161.44,95.65780707774658,4682509,0.0000,1.0
2014-12-23,162.23,162.9,161.61,162.24,96.13182990766605,4044120,0.0000,1.0
2014-12-24,162.88,162.99,161.61,161.82,95.88296792195833,1869977,0.0000,1.0
2014-12-26,162.27,163.09,162.01,162.34,96.19108276140598,1912310,0.0000,1.0
2014-12-29,162.0,162.34,159.45,160.51,95.10675553796521,3331833,0.0000,1.0
2014-12-30,160.02,160.82,159.79,160.05,94.83419241076153,2829904,0.0000,1.0
2014-12-31,160.41,161.5,160.38,160.44,95.06527854034726,4011909,0.0000,1.0
2015-01-02,161.31,163.31,161.0,162.06,96.02517477093417,5525341,0.0000,1.0
2015-01-05,161.27,161.27,159.19,159.51,94.5142270005659,4880389,0.0000,1.0
2015-01-06,159.67,159.96,155.17,156.07,92.47592883191223,6145670,0.0000,1.0
2015-01-07,157.2,157.2,154.03,155.05,91.87154972376493,4701015,0.0000,1.0
2015-01-08,156.24,159.044,155.55,158.42,93.86837089480062,4240585,0.0000,1.0
2015-01-09,158.42,160.34,157.25,159.11,94.27721558560617,4472701,0.0000,1.0
2015-01-12,159.0,159.25,155.76,156.44,92.69516439074998,4187588,0.0000,1.0
2015-01-13,157.26,159.97,155.68,156.81,92.91439994958773,4386989,0.0000,1.0
2015-01-14,154.86,156.49,153.74,155.8,92.31594612681441,4689740,0.0000,1.0
2015-01-15,156.69,156.97,154.16,154.57,91.58713602581324,4251698,0.0000,1.0
2015-01-16,153.82,157.63,153.82,157.14,93.1099343669295,5756041,0.0000,1.0
2015-01-20,156.7,157.33,154.03,156.95,92.99735394482363,8380815,0.0000,1.0
2015-01-21,153.03,154.5,151.07,152.09,90.11766525306292,11896012,0.0000,1.0
2015-01-22,151.94,155.72,151.76,155.39,92.07300942648068,6119523,0.0000,1.0
2015-01-23,155.03,157.6,154.89,155.87,92.35742312443236,4834447,0.0000,1.0
2015-01-26,158.26,159.46,155.77,156.36,92.64776210775804,7888037,0.0000,1.0
2015-01-27,154.94,155.09,152.59,153.67,91.05386034215384,5659568,0.0000,1.0
2015-01-28,154.0,154.53,151.55,151.55,89.7976998428673,4495633,0.0000,1.0
2015-01-29,151.38,155.58,149.52,155.48,92.12633699484662,8320622,0.0000,1.0
2015-01-30,153.91,155.24,153.04,153.31,90.84055006869009,6563447,0.0000,1.0
2015-02-02,154.0,154.66,151.51,154.66,91.64046359417918,4712017,0.0000,1.0
2015-02-03,154.75,158.6,154.75,158.47,93.8979973216706,5539406,0.0000,1.0
2015-02-04,157.21,158.71,156.7,156.96,93.00327923019763,3678339,0.0000,1.0
2015-02-05,157.29,158.59,157.1501,157.91,93.56618134072698,5253628,0.0000,1.0
2015-02-06,157.34,158.08,156.23,156.72,93.51285377236104,3256440,1.1000,1.0
2015-02-09,156.0,157.5,155.4,155.75,92.93406696685318,3057502,0.0000,1.0
2015-02-10,156.74,158.56,155.08,158.56,94.61075864054088,4440614,0.0000,1.0
2015-02-11,157.76,159.09,157.17,158.2,94.39595116633177,3626658,0.0000,1.0
2015-02-12,158.72,159.5,158.09,158.52,94.58689114340653,3333063,0.0000,1.0
2015-02-13,158.78,160.8,158.64,160.4,95.70866350872072,3706919,0.0000,1.0
2015-02-17,159.75,161.41,159.73,160.96,96.04280846860154,2893590,0.0000,1.0
2015-02-18,161.86,162.47,160.64,162.19,96.77673400548262,4358252,0.0000,1.0
2015-02-19,162.05,164.49,161.44,163.89,97.79110263369225,3504269,0.0000,1.0
2015-02-20,163.64,164.34,162.09,163.65,97.6478976508862,3352781,0.0000,1.0
2015-02-23,164.23,164.4,162.5,162.91,97.20634895390081,2714434,0.0000,1.0
2015-02-24,162.49,164.99,161.51,164.83,98.35198881634935,4701626,0.0000,1.0
2015-02-25,164.94,164.96,162.58,162.81,97.14668021106496,4004559,0.0000,1.0
2015-02-26,163.74,164.14,159.77,160.87,95.98910660004925,7110571,0.0000,1.0
2015-02-27,161.05,162.29,160.16,161.94,96.62756214839297,4410037,0.0000,1.0
2015-03-02,161.68,161.89,159.8101,160.48,95.7563985029894,5917812,0.0000,1.0
2015-03-03,160.27,161.75,160.0,161.03,96.08457658858664,3234068,0.0000,1.0
2015-03-04,160.54,160.56,158.72,159.42,95.12390982892927,3633335,0.0000,1.0
2015-03-05,159.86,161.5,159.703,161.18,96.17407970284043,3791660,0.0000,1.0
2015-03-06,160.19,161.44,158.06,158.5,94.57495739483936,4540174,0.0000,1.0
2015-03-09,158.2,161.15,158.2,160.77,95.9294378572134,5193874,0.0000,1.0
2015-03-10,159.6,160.23,157.81,157.81,94.16324306927191,4600968,0.0000,1.0
2015-03-11,158.57,159.14,155.935,156.8,93.56058876662973,5709290,0.0000,1.0
2015-03-12,156.27,158.72,156.27,157.98,94.26467993209287,4567346,0.0000,1.0
2015-03-13,157.46,157.52,153.4,154.28,92.05693644716604,6063970,0.0000,1.0
2015-03-16,155.05,157.09,154.8,157.08,93.72766124657014,3749638,0.0000,1.0
2015-03-17,156.2,157.29,155.37,156.96,93.65605875516711,3311792,0.0000,1.0
2015-03-18,156.85,160.7,155.8,159.81,95.35661792598914,5738466,0.0000,1.0
2015-03-19,159.7,160.92,158.81,159.81,95.35661792598914,3878559,0.0000,1.0
2015-03-20,160.95,163.0,160.35,162.88,97.18844833105005,9006417,0.0000,1.0
2015-03-23,162.77,165.35,162.73,164.63,98.23265133067763,5929927,0.0000,1.0
2015-03-24,164.79,164.89,162.9,163.0,97.2600508224531,4336706,0.0000,1.0
2015-03-25,163.08,163.08,159.2,159.2,94.99263859469038,5428730,0.0000,1.0
2015-03-26,159.27,161.25,158.91,160.59,95.82203412010885,4396024,0.0000,1.0
2015-03-27,160.79,160.9,159.23,160.4,95.70866350872072,3477826,0.0000,1.0
2015-03-30,161.31,163.6,161.25,162.67,97.06314397109475,4138018,0.0000,1.0
2015-03-31,161.08,162.33,160.4,160.5,95.76833225155657,4255158,0.0000,1.0
2015-04-01,160.23,160.62,158.39,159.18,94.98070484612322,3700791,0.0000,1.0
2015-04-02,159.52,162.54,158.89,160.45,95.73849788013864,4671578,0.0000,1.0
2015-04-06,159.69,162.8,158.702,162.04,96.68723089122882,3465681,0.0000,1.0
2015-04-07,161.67,163.84,161.62,162.07,96.70513151407958,3147966,0.0000,1.0
2015-04-08,161.72,163.55,161.01,161.85,96.57386027984069,2524323,0.0000,1.0
2015-04-09,161.7,162.47,160.72,162.34,96.86623711973641,2263490,0.0000,1.0
2015-04-10,162.34,163.33,161.25,162.86,97.1765145824829,2515603,0.0000,1.0
2015-04-13,162.37,164.0,162.36,162.38,96.89010461687076,3868911,0.0000,1.0
2015-04-14,162.42,162.7352,160.79,162.3,96.84236962260208,2719287,0.0000,1.0
2015-04-15,162.63,164.96,162.5,164.13,97.93430761649832,3498756,0.0000,1.0
2015-04-16,163.31,163.98,162.54,163.13,97.33762018813971,3136947,0.0000,1.0
2015-04-17,161.75,161.86,160.03,160.67,95.86976911437753,4308880,0.0000,1.0
2015-04-20,162.1,166.64,161.9,166.16,99.14558309606629,9609204,0.0000,1.0
2015-04-21,166.07,167.38,164.05,164.26,98.01187698218493,9683592,0.0000,1.0
2015-04-22,164.39,166.0,162.89,165.36,98.66823315337942,4024674,0.0000,1.0
2015-04-23,165.23,171.91,165.14,170.24,101.58006780376942,8230392,0.0000,1.0
2015-04-24,170.23,170.85,168.74,169.78,101.30559158672446,3888439,0.0000,1.0
2015-04-27,170.89,171.49,170.3,170.73,101.87244464366513,3166588,0.0000,1.0
2015-04-28,170.83,174.69,170.02,173.92,103.77587754012909,5816308,0.0000,1.0
2015-04-29,173.4,175.1303,172.8,174.4,104.06228750574122,4517190,0.0000,1.0
2015-04-30,173.77,174.28,170.3,171.29,102.20658960354595,5062613,0.0000,1.0
2015-05-01,173.2,174.0,172.42,173.67,103.62670568303943,3312052,0.0000,1.0
2015-05-04,174.47,176.3,173.7,173.97,103.80571191154702,4023850,0.0000,1.0
2015-05-05,173.51,174.23,171.96,173.08,103.27466010030787,3593465,0.0000,1.0
2015-05-06,172.9,174.05,168.86,170.05,102.24239084924749,3610900,1.3000,1.0
2015-05-07,169.63,171.98,169.04,170.99,102.80756490039887,2472627,0.0000,1.0
2015-05-08,172.94,173.33,172.24,172.68,103.82367569449019,3092599,0.0000,1.0
2015-05-11,172.65,172.99,170.86,171.12,102.88572726917512,2661030,0.0000,1.0
2015-05-12,170.55,171.4899,168.84,170.55,102.54301534454078,2961739,0.0000,1.0
2015-05-13,171.24,172.74,170.75,172.28,103.58317609825555,2457521,0.0000,1.0
2015-05-14,173.5,174.4,173.22,174.05,104.6473868115938,2438669,0.0000,1.0
2015-05-15,173.91,174.41,172.6,173.26,104.17240010903039,2916115,0.0000,1.0
2015-05-18,173.44,173.49,172.3,173.06,104.05215031091308,1970630,0.0000,1.0
2015-05-19,172.97,173.75,171.93,173.48,104.30467488695943,2523002,0.0000,1.0
2015-05-20,173.33,174.44,172.46,173.76,104.47302460432368,2300693,0.0000,1.0
2015-05-21,173.32,174.14,173.035,173.34,104.22050002827733,2295590,0.0000,1.0
2015-05-22,173.04,173.39,172.19,172.22,103.54710115882035,2849692,0.0000,1.0
2015-05-26,172.11,172.12,169.13,170.13,102.29049076849441,3848738,0.0000,1.0
2015-05-27,171.16,172.48,170.49,172.0,103.41482638089131,2764378,0.0000,1.0
2015-05-28,171.45,171.84,170.66,171.71,103.2404641736212,1731372,0.0000,1.0
2015-05-29,171.35,171.35,169.65,169.65,102.00189125301286,4091431,0.0000,1.0
2015-06-01,170.21,171.04,169.03,170.18,102.32055321802375,2985479,0.0000,1.0
2015-06-02,169.66,170.45,168.43,169.65,102.00189125301286,2571762,0.0000,1.0
2015-06-03,170.5,171.5601,169.63,169.92,102.16422848047122,2131031,0.0000,1.0
2015-06-04,169.53,170.6,167.93,168.38,101.2383050349679,3079334,0.0000,1.0
2015-06-05,168.25,168.9103,167.2,167.4,100.64908102419305,3100505,0.0000,1.0
2015-06-08,167.17,167.28,165.02,165.34,99.4105081035847,3758726,0.0000,1.0
2015-06-09,165.34,166.02,163.37,165.68,99.61493276038415,3395901,0.0000,1.0
2015-06-10,166.49,169.39,166.06,168.92,101.56297948988464,4680545,0.0000,1.0
2015-06-11,169.26,170.44,168.54,168.78,101.47880463120254,3464013,0.0000,1.0
2015-06-12,168.23,168.3,166.69,166.99,100.40256893805257,3065085,0.0000,1.0
2015-06-15,165.33,166.44,164.25,166.26,99.96365717492435,4245657,0.0000,1.0
2015-06-16,166.33,167.4,165.91,166.84,100.31238158946458,3249842,0.0000,1.0
2015-06-17,167.0,167.8476,166.1,167.17,100.51079375635814,2862993,0.0000,1.0
2015-06-18,167.05,168.72,167.05,168.25,101.16014266619165,3330864,0.0000,1.0
2015-06-19,167.62,168.42,166.77,166.99,100.40256893805257,7072020,0.0000,1.0
2015-06-22,167.65,168.34,167.2,167.73,100.84749319108661,2335796,0.0000,1.0
2015-06-23,168.38,169.97,167.573,168.62,101.38260479270868,3701637,0.0000,1.0
2015-06-24,168.71,168.84,166.8301,166.97,100.39054395824083,3548079,0.0000,1.0
2015-06-25,167.8,168.13,166.08,166.08,99.85543235661878,2408780,0.0000,1.0
2015-06-26,166.23,166.8116,165.23,165.46,99.4826579824551,8945485,0.0000,1.0
2015-06-29,163.92,165.35,162.89,162.97,97.98554799589452,3314679,0.0000,1.0
2015-06-30,163.99,164.0,162.12,162.66,97.79916080881267,3597288,0.0000,1.0
2015-07-01,163.97,165.61,163.6,164.49,98.89944646158612,3214547,0.0000,1.0
2015-07-02,165.05,165.32,164.42,165.09,99.26019585593806,2852696,0.0000,1.0
2015-07-06,163.83,165.23,163.52,164.73,99.04374621932689,3079782,0.0000,1.0
2015-07-07,164.94,165.35,162.2317,165.0,99.20608344678527,3549861,0.0000,1.0
2015-07-08,164.0,164.94,162.68,163.16,98.09978530410596,2776286,0.0000,1.0
2015-07-09,165.34,165.51,163.7,163.85,98.5146471076107,4199708,0.0000,1.0
2015-07-10,165.66,167.4,165.515,166.95,100.37851897842908,4538349,0.0000,1.0
2015-07-13,167.93,169.89,167.52,169.38,101.83955402555448,4228963,0.0000,1.0
2015-07-14,169.43,169.54,168.24,168.61,101.37659230280282,3025263,0.0000,1.0
2015-07-15,168.48,169.27,168.0,168.53,101.32849238355588,1998004,0.0000,1.0
2015-07-16,169.47,171.09,169.16,171.0,102.81357739030473,3529874,0.0000,1.0
2015-07-17,170.33,172.52,170.1,172.51,103.72146336609046,4356391,0.0000,1.0
2015-07-20,172.79,173.78,172.14,173.22,104.14835014940694,7335491,0.0000,1.0
2015-07-21,164.34,166.35,162.02,163.07,98.04567289495317,13747503,0.0000,1.0
2015-07-22,162.73,163.0695,159.7,160.35,96.41027564055769,7180385,0.0000,1.0
2015-07-23,160.27,162.75,159.83,161.73,97.23999924756716,5034246,0.0000,1.0
2015-07-24,161.29,161.93,159.41,159.75,96.04952624620574,3777631,0.0000,1.0
2015-07-27,159.0,160.18,158.6,159.07,95.64067693260687,3706240,0.0000,1.0
2015-07-28,159.91,160.19,158.5,160.05,96.22990094338172,2720890,0.0000,1.0
2015-07-29,160.0,161.5,159.39,161.09,96.85519989359176,3378396,0.0000,1.0
2015-07-30,160.5,161.4,159.75,160.96,96.7770375248155,1994660,0.0000,1.0
2015-07-31,161.4,162.06,160.63,161.99,97.39632398511968,3580226,0.0000,1.0
2015-08-03,161.7,161.85,157.9,158.71,95.4242272959957,4615511,0.0000,1.0
2015-08-04,158.4,158.82,156.87,157.6,94.75684091644459,5260575,0.0000,1.0
2015-08-05,159.1,159.54,157.48,157.9,94.93721561362057,3463034,0.0000,1.0
2015-08-06,157.13,157.54,156.18,156.32,94.76886589625634,3004487,1.3000,1.0
2015-08-07,155.89,156.25,154.335,155.12,94.0413669257119,3794897,0.0000,1.0
2015-08-10,156.77,157.4652,156.12,156.75,95.0295530273681,4613371,0.0000,1.0
2015-08-11,155.96,155.99,154.86,155.51,94.27780409113883,3167111,0.0000,1.0
2015-08-12,154.26,156.52,153.95,156.16,94.67186603351708,3624852,0.0000,1.0
2015-08-13,156.06,156.09,154.3171,155.07,94.01105446860588,2533318,0.0000,1.0
2015-08-14,155.0,156.21,154.58,155.75,94.42330388524773,3226434,0.0000,1.0
2015-08-17,155.2,156.69,154.7,156.31,94.76280340483514,2249554,0.0000,1.0
2015-08-18,155.51,156.52,155.25,156.01,94.58092866219901,2018337,0.0000,1.0
2015-08-19,155.15,155.67,153.41,153.94,93.32599293800986,4205904,0.0000,1.0
2015-08-20,152.74,153.91,152.5,152.66,92.54999403609578,4011514,0.0000,1.0
2015-08-21,151.5,153.19,148.7,148.85,90.24018480461717,7360898,0.0000,1.0
2015-08-24,143.47,147.76,142.32,143.47,86.97856442000958,10186817,0.0000,1.0
2015-08-25,146.94,147.11,140.62,140.96,85.45687907328745,7071869,0.0000,1.0
2015-08-26,144.09,146.98,142.14,146.7,88.93674914905837,6197229,0.0000,1.0
2015-08-27,148.63,148.97,145.66,148.54,90.05224757055986,4975966,0.0000,1.0
2015-08-28,147.75,148.2,147.18,147.98,89.71274805097245,4076211,0.0000,1.0
2015-08-31,147.26,148.4,146.26,147.89,89.65818562818161,4093078,0.0000,1.0
2015-09-01,144.84,144.98,141.85,142.68,86.49962759773449,5271696,0.0000,1.0
2015-09-02,144.92,145.08,143.18,145.05,87.93643806455977,4251778,0.0000,1.0
2015-09-03,146.05,148.03,145.77,146.78,88.985249080428,3603518,0.0000,1.0
2015-09-04,144.57,145.4,143.32,143.7,87.11800172269726,4201068,0.0000,1.0
2015-09-08,145.86,147.34,145.66,147.23,89.25806119438217,3933010,0.0000,1.0
2015-09-09,148.74,149.04,144.85,145.05,87.93643806455977,3407761,0.0000,1.0
2015-09-10,145.85,147.16,144.51,146.2,88.63362457799818,3461658,0.0000,1.0
2015-09-11,145.91,147.5,145.67,147.37,89.34293607427902,3113953,0.0000,1.0
2015-09-14,147.37,147.37,145.41,145.65,88.30018754983199,3226747,0.0000,1.0
2015-09-15,146.6,147.93,145.76,147.53,89.43993593701829,2717060,0.0000,1.0
2015-09-16,147.84,148.89,147.54,148.41,89.9734351820842,2799222,0.0000,1.0
2015-09-17,148.1,149.68,147.3,148.14,89.8097479137117,4002952,0.0000,1.0
2015-09-18,146.05,146.385,143.98,144.51,87.60906352781475,7975845,0.0000,1.0
2015-09-21,145.39,146.98,144.92,146.48,88.8033743377919,3824858,0.0000,1.0
2015-09-22,144.62,145.06,143.7699,144.43,87.56056359644514,3564015,0.0000,1.0
2015-09-23,144.21,144.57,142.75,143.66,87.09375175701244,2674225,0.0000,1.0
2015-09-24,142.6,145.07,141.95,144.41,87.54843861360273,3278207,0.0000,1.0
2015-09-25,145.55,146.27,144.53,145.42,88.16075024714429,3474279,0.0000,1.0
2015-09-28,144.42,145.38,142.47,142.52,86.40262773499524,4292421,0.0000,1.0
2015-09-29,141.99,142.66,141.1501,142.47,86.3723152778892,4763509,0.0000,1.0
2015-09-30,143.69,145.71,143.66,144.97,87.88793813319013,3923866,0.0000,1.0
2015-10-01,145.31,145.67,141.59,143.59,87.05131431706403,3880747,0.0000,1.0
2015-10-02,141.05,144.59,140.56,144.58,87.6515009677632,3053928,0.0000,1.0
2015-10-05,145.82,149.8925,145.82,149.04,90.35537214162004,5131669,0.0000,1.0
2015-10-06,149.06,150.15,148.49,148.78,90.19774736466874,3018074,0.0000,1.0
2015-10-07,150.04,150.73,148.8565,150.09,90.99193374084643,2989915,0.0000,1.0
2015-10-08,149.69,153.019,149.29,152.28,92.31961936209005,4794357,0.0000,1.0
2015-10-09,152.46,153.147,151.27,152.39,92.38630676772328,3531107,0.0000,1.0
2015-10-12,152.4,152.58,150.85,151.14,91.62849534007282,3227636,0.0000,1.0
2015-10-13,150.78,150.78,149.18,149.62,90.70699664404987,3915707,0.0000,1.0
2015-10-14,149.6,150.65,149.02,150.01,90.9434338094768,3352327,0.0000,1.0
2015-10-15,150.91,151.24,148.58,150.09,90.99193374084643,3476219,0.0000,1.0
2015-10-16,150.45,151.2,149.26,150.39,91.17380848348253,3483599,0.0000,1.0
2015-10-19,149.85,149.97,148.38,149.22,90.46449698720171,7954684,0.0000,1.0
2015-10-20,142.49,142.88,140.27,140.64,85.26287934780892,16025591,0.0000,1.0
2015-10-21,140.25,142.66,139.3,140.92,85.43262910760262,7134526,0.0000,1.0
2015-10-22,141.74,145.07,141.62,144.09,87.3544388881242,5583076,0.0000,1.0
2015-10-23,144.61,145.49,143.7,144.68,87.71212588197523,5370439,0.0000,1.0
2015-10-26,144.75,145.0,143.21,143.66,87.09375175701244,3489428,0.0000,1.0
2015-10-27,143.51,143.83,137.33,137.86,83.57750673271431,15005072,0.0000,1.0
2015-10-28,137.92,141.23,137.5,140.83,85.37806668481181,8510027,0.0000,1.0
2015-10-29,140.36,140.82,139.0201,140.55,85.20831692501811,3710245,0.0000,1.0
2015-10-30,140.44,141.33,139.9,140.08,84.92337982822153,3983990,0.0000,1.0
2015-11-02,140.5,140.5165,139.57,140.37,85.09919207943643,3822212,0.0000,1.0
2015-11-03,140.02,142.8,139.9,141.88,86.01462828403818,4349317,0.0000,1.0
2015-11-04,142.55,142.65,141.3,141.63,85.86306599850809,3516890,0.0000,1.0
2015-11-05,141.61,142.38,139.63,139.89,84.80819249121865,5093471,0.0000,1.0
2015-11-06,138.6,139.55,137.87,138.25,84.60206778289773,4744493,1.3000,1.0
2015-11-09,137.92,138.08,134.88,135.31,82.80293520219813,8074476,0.0000,1.0
2015-11-10,135.36,135.735,134.12,135.47,82.90084717937907,4520387,0.0000,1.0
2015-11-11,136.09,136.2,134.5,135.02,82.6254697435577,3164806,0.0000,1.0
2015-11-12,134.7,134.7,133.01,133.04,81.41380902594368,4700465,0.0000,1.0
2015-11-13,132.95,133.0,131.65,131.75,80.62439370992243,4609621,0.0000,1.0
2015-11-16,131.79,134.09,131.79,133.71,81.82381543038883,4190777,0.0000,1.0
2015-11-17,134.22,134.82,133.31,133.82,81.89112991470071,2814487,0.0000,1.0
2015-11-18,134.79,135.91,134.26,135.82,83.11502962946234,4148771,0.0000,1.0
2015-11-19,136.21,137.7355,136.01,136.74,83.6780234982527,4753503,0.0000,1.0
2015-11-20,137.37,138.915,137.25,138.5,84.75505524724294,5176255,0.0000,1.0
2015-11-23,138.53,138.87,137.12,138.46,84.73057725294771,5137872,0.0000,1.0
2015-11-24,137.65,139.34,137.31,138.6,84.81625023298102,3407603,0.0000,1.0
2015-11-25,138.37,138.43,137.375,138.0,84.44908031855253,3238166,0.0000,1.0
2015-11-27,138.0,138.81,137.21,138.46,84.73057725294771,1415840,0.0000,1.0
2015-11-30,138.61,139.9,138.52,139.42,85.31804911603328,4542014,0.0000,1.0
2015-12-01,139.58,141.4,139.58,141.28,86.4562758507616,4195119,0.0000,1.0
2015-12-02,140.93,141.21,139.5,139.7,85.48939507609991,3725193,0.0000,1.0
2015-12-03,140.1,140.73,138.19,138.92,85.01207418734288,5905763,0.0000,1.0
2015-12-04,138.09,141.02,137.99,140.43,85.93611847198791,4567752,0.0000,1.0
2015-12-07,140.16,140.41,138.81,139.55,85.39760259749279,3279300,0.0000,1.0
2015-12-08,138.28,139.06,137.53,138.05,84.47967781142158,3904755,0.0000,1.0
2015-12-09,137.38,139.84,136.23,136.61,83.5984700167932,4614993,0.0000,1.0
2015-12-10,137.03,137.85,135.7201,136.78,83.70250149254794,4221948,0.0000,1.0
2015-12-11,135.23,135.44,133.91,134.57,82.35009230773633,5333567,0.0000,1.0
2015-12-14,135.31,136.14,134.02,135.93,83.18234411377425,5141549,0.0000,1.0
2015-12-15,137.4,138.97,137.28,137.79,84.32057084850256,4238546,0.0000,1.0
2015-12-16,139.12,139.65,137.79,139.29,85.23849563457378,4345474,0.0000,1.0
2015-12-17,139.35,139.5,136.3075,136.75,83.68414299682651,4089539,0.0000,1.0
2015-12-18,136.41,136.96,134.27,134.9,82.552035760672,10008280,0.0000,1.0
2015-12-21,135.83,135.83,134.02,135.5,82.91920567510049,5616636,0.0000,1.0
2015-12-22,135.88,138.19,135.65,137.93,84.40624382853588,4263538,0.0000,1.0
2015-12-23,138.3,139.305,138.11,138.54,84.77953324153816,5164909,0.0000,1.0
2015-12-24,138.43,138.88,138.11,138.25,84.60206778289773,1495226,0.0000,1.0
2015-12-28,137.74,138.045,136.54,137.61,84.21041987417402,3143412,0.0000,1.0
2015-12-29,138.25,140.06,138.2,139.78,85.53835106469037,3943691,0.0000,1.0
2015-12-30,139.58,140.44,139.22,139.34,85.26909312744282,2989367,0.0000,1.0
2015-12-31,139.07,139.1,137.57,137.62,84.21653937274782,3462037,0.0000,1.0
2016-01-04,135.6,135.97,134.24,135.95,83.19458311092185,5229231,0.0000,1.0
2016-01-05,136.76,136.89,134.8501,135.85,83.13338812518377,3924785,0.0000,1.0
2016-01-06,134.38,135.58,133.62,135.17,82.7172622221648,4310774,0.0000,1.0
2016-01-07,133.7,135.02,132.43,132.86,81.30365805161514,7024500,0.0000,1.0
2016-01-08,133.18,133.816,131.32,131.63,80.55095972703673,4762583,0.0000,1.0
2016-01-11,131.81,133.82,131.76,133.23,81.53007949884604,4974236,0.0000,1.0
2016-01-12,133.65,133.78,131.13,132.9,81.32813604591037,5078360,0.0000,1.0
2016-01-13,133.5,134.2799,131.1,131.17,80.26946279264155,4700115,0.0000,1.0
2016-01-14,131.93,133.79,131.22,132.91,81.33425554448418,5709426,0.0000,1.0
2016-01-15,130.01,130.88,128.87,130.03,79.57183995522743,9007945,0.0000,1.0
2016-01-19,130.11,132.1,128.06,128.11,78.39689622905627,9955973,0.0000,1.0
2016-01-20,118.46,123.99,118.0,121.86,74.57220962042616,16157769,0.0000,1.0
2016-01-21,121.3,125.1,120.5751,122.91,75.21475697067602,8851531,0.0000,1.0
2016-01-22,124.67,124.74,121.77,122.5,74.96385752914989,9238219,0.0000,1.0
2016-01-25,122.1,124.23,121.64,122.08,74.70683858904995,5445560,0.0000,1.0
2016-01-26,122.25,123.61,122.24,122.59,75.01893301631416,4617414,0.0000,1.0
2016-01-27,122.73,123.37,120.65,120.96,74.02145474878343,5025161,0.0000,1.0
2016-01-28,121.26,122.83,121.01,122.22,74.79251156908326,3942537,0.0000,1.0
2016-01-29,123.28,124.79,122.96,124.79,76.36522270255196,8248077,0.0000,1.0
2016-02-01,124.4,125.29,123.71,124.83,76.38970069684719,3574834,0.0000,1.0
2016-02-02,123.67,124.14,122.64,122.94,75.23311546639745,3287218,0.0000,1.0
2016-02-03,123.99,125.4499,122.29,124.72,76.32238621253529,6223424,0.0000,1.0
2016-02-04,125.08,128.5,125.0,127.65,78.11539929466109,5265650,0.0000,1.0
2016-02-05,127.22,128.64,125.85,128.57,78.67839316345143,7176765,0.0000,1.0
2016-02-08,126.0,127.51,124.13,126.98,78.50092770481099,7363893,1.3000,1.0
2016-02-09,126.12,126.93,123.77,124.07,76.70192235262166,5956138,0.0000,1.0
2016-02-10,125.0,125.29,119.84,120.19,74.30324854970257,6462375,0.0000,1.0
2016-02-11,118.78,119.66,116.901,117.85,72.8566256891792,7307503,0.0000,1.0
2016-02-12,119.26,121.05,118.35,121.04,74.82873121271321,4935670,0.0000,1.0
2016-02-16,121.83,123.09,121.34,122.74,75.87969653873445,4061066,0.0000,1.0
2016-02-17,123.71,126.57,123.25,126.1,77.95689859487057,4820982,0.0000,1.0
2016-02-18,130.0,134.0,129.75,132.45,81.88256319500877,9951438,0.0000,1.0
2016-02-19,132.36,133.65,130.84,133.08,82.27203858053431,5125276,0.0000,1.0
2016-02-22,133.84,134.31,132.41,133.77,82.69860685991941,4457444,0.0000,1.0
2016-02-23,133.14,133.41,132.01,132.4,81.85165245012581,3439631,0.0000,1.0
2016-02-24,131.55,133.49,129.68,132.8,82.09893840918964,4122421,0.0000,1.0
2016-02-25,133.29,134.51,130.88,134.5,83.14990373521088,4358205,0.0000,1.0
2016-02-26,134.51,134.92,131.95,132.03,81.62291293799177,4385699,0.0000,1.0
2016-02-29,132.0,133.36,130.9,131.03,81.00469804033222,4427472,0.0000,1.0
2016-03-01,132.24,134.64,132.03,134.37,83.06953579851515,3788084,0.0000,1.0
2016-03-02,133.7,137.44,133.22,136.3,84.2626905509981,5217230,0.0000,1.0
2016-03-03,137.22,137.9602,136.07,137.8,85.19001289748743,5155978,0.0000,1.0
2016-03-04,137.535,139.42,137.02,137.8,85.19001289748743,3968423,0.0000,1.0
2016-03-07,137.28,140.51,136.8718,140.15,86.6428179069874,5170228,0.0000,1.0
2016-03-08,139.71,140.35,137.42,139.07,85.97514581751507,5537856,0.0000,1.0
2016-03-09,139.31,142.17,139.23,140.41,86.80355378037888,4406304,0.0000,1.0
2016-03-10,141.24,141.47,138.09,140.19,86.66754650289379,4020024,0.0000,1.0
2016-03-11,141.73,142.9236,140.51,142.36,88.00907283081504,4421748,0.0000,1.0
2016-03-14,142.01,143.19,141.04,142.78,88.26872308783204,4047634,0.0000,1.0
2016-03-15,141.74,143.33,141.54,142.96,88.38000176941077,3707538,0.0000,1.0
2016-03-16,142.62,144.88,142.11,144.79,89.51133503212776,4221939,0.0000,1.0
2016-03-17,144.78,147.32,144.45,147.04,90.90231855186177,5821180,0.0000,1.0
2016-03-18,147.4,147.51,145.51,147.09,90.93322929674476,12088126,0.0000,1.0
2016-03-21,147.3,148.71,146.7201,148.63,91.88528023914047,3721463,0.0000,1.0
2016-03-22,148.06,149.28,147.84,148.1,91.5576263433809,4081924,0.0000,1.0
2016-03-23,148.0,148.03,145.13,145.4,89.88844611970009,4763987,0.0000,1.0
2016-03-24,144.98,148.22,144.49,147.95,91.46489410873197,5044335,0.0000,1.0
2016-03-28,147.75,148.65,147.23,148.4,91.74309081267877,3265084,0.0000,1.0
2016-03-29,147.59,149.76,147.5,149.33,92.31803066750217,3138545,0.0000,1.0
2016-03-30,149.95,150.41,148.32,148.41,91.74927296165536,3330841,0.0000,1.0
2016-03-31,149.79,153.1,149.36,151.45,93.62864625054043,6780132,0.0000,1.0
2016-04-01,150.51,152.96,150.25,152.52,94.29013619103617,3925181,0.0000,1.0
2016-04-04,152.34,153.52,151.91,152.07,94.01193948708935,3930319,0.0000,1.0
2016-04-05,151.43,151.6,149.65,150.0,92.73223464893407,3336952,0.0000,1.0
2016-04-06,149.9,150.15,147.81,150.02,92.74459894688727,4194265,0.0000,1.0
2016-04-07,149.07,149.6,148.0,148.25,91.65035857802984,3662508,0.0000,1.0
2016-04-08,149.06,149.99,148.12,149.35,92.33039496545535,3293512,0.0000,1.0
2016-04-11,150.26,151.95,149.22,149.25,92.2685734756894,3845918,0.0000,1.0
2016-04-12,149.61,150.11,148.58,149.63,92.50349513680003,3595549,0.0000,1.0
2016-04-13,150.75,151.23,149.63,151.23,93.49263897305532,3167970,0.0000,1.0
2016-04-14,151.5,152.76,150.38,151.16,93.44936393021916,3176300,0.0000,1.0
2016-04-15,151.04,152.1,150.96,151.72,93.7955642729085,3657466,0.0000,1.0
2016-04-18,151.75,153.14,151.49,152.53,94.29631834001276,6538819,0.0000,1.0
2016-04-19,146.47,146.95,142.61,144.0,89.0229452629767,13188308,0.0000,1.0
2016-04-20,144.24,147.2,144.0,146.11,90.32737869703838,6754189,0.0000,1.0
2016-04-21,146.58,150.12,146.46,149.3,92.29948422057238,6015526,0.0000,1.0
2016-04-22,149.44,151.0,147.5,148.5,91.80491230244473,5191802,0.0000,1.0
2016-04-25,148.16,148.9,147.11,148.81,91.9965589207192,2848935,0.0000,1.0
2016-04-26,148.65,149.79,147.9,149.08,92.16347694308728,2979699,0.0000,1.0
2016-04-27,149.35,150.78,148.97,150.47,93.02279565083407,3110789,0.0000,1.0
2016-04-28,149.75,150.18,146.725,147.07,90.92086499879156,3791337,0.0000,1.0
2016-04-29,146.49,147.34,144.191,145.94,90.22228216443625,4225790,0.0000,1.0
2016-05-02,146.56,147.0,144.43,145.27,89.80807818300435,3502443,0.0000,1.0
2016-05-03,144.65,144.9,142.9,144.13,89.10331319967244,3584261,0.0000,1.0
2016-05-04,143.36,145.0,143.31,144.25,89.1774989873916,2576786,0.0000,1.0
2016-05-05,145.95,147.3,145.45,146.47,90.54993606019582,6500738,0.0000,1.0
2016-05-06,144.86,147.97,144.47,147.29,91.92237313300005,4895684,1.4000,1.0
2016-05-09,147.7,148.2,147.01,147.34,91.95357768630748,4302425,0.0000,1.0
2016-05-10,148.24,150.04,147.74,149.97,93.5949371902778,3992536,0.0000,1.0
2016-05-11,149.71,151.09,148.74,148.95,92.95836430280642,3092408,0.0000,1.0
2016-05-12,149.21,149.39,147.11,148.84,92.8897142855301,3249032,0.0000,1.0
2016-05-13,148.79,149.86,147.42,147.72,92.19073229144388,2397902,0.0000,1.0
2016-05-16,147.65,149.99,147.44,149.46,93.27665074654212,3069126,0.0000,1.0
2016-05-17,149.21,149.5,147.29,148.0,92.36547778996542,3490374,0.0000,1.0
2016-05-18,147.99,148.52,146.36,147.34,91.95357768630748,2491086,0.0000,1.0
2016-05-19,146.48,146.93,143.955,144.93,90.4495182168898,3685595,0.0000,1.0
2016-05-20,145.71,147.51,145.55,147.25,91.89740949035412,3670262,0.0000,1.0
2016-05-23,147.61,147.95,146.66,146.77,91.59784577860289,2103733,0.0000,1.0
2016-05-24,146.88,148.75,146.88,148.31,92.55894602047144,2929132,0.0000,1.0
2016-05-25,148.93,152.09,148.5001,151.69,94.66837382405308,4358039,0.0000,1.0
2016-05-26,151.55,152.51,151.05,152.44,95.1364421236644,3062934,0.0000,1.0
2016-05-27,152.35,152.93,152.15,152.84,95.38607855012376,2457037,0.0000,1.0
2016-05-31,152.56,153.81,152.27,153.74,95.94776050965734,5836645,0.0000,1.0
2016-06-01,153.0,153.27,151.54,152.51,95.18012849829478,2662937,0.0000,1.0
2016-06-02,152.59,153.5,152.12,153.5,95.79797865378171,2642601,0.0000,1.0
2016-06-03,152.4,153.04,151.7,152.89,95.41728310343117,2328056,0.0000,1.0
2016-06-06,153.09,153.95,152.34,152.73,95.31742853284743,2378462,0.0000,1.0
2016-06-07,153.31,153.93,152.66,153.33,95.69188317253649,4464985,0.0000,1.0
2016-06-08,153.53,154.09,153.04,154.0,96.11002418685592,2935036,0.0000,1.0
2016-06-09,152.92,153.76,152.73,153.42,95.74805136848983,2021796,0.0000,1.0
2016-06-10,152.79,153.3299,151.86,152.37,95.09275574903401,3120563,0.0000,1.0
2016-06-13,151.63,152.5,150.28,151.28,94.41249648693223,3610407,0.0000,1.0
2016-06-14,151.28,151.79,150.4,151.06,94.27519645237957,2865833,0.0000,1.0
2016-06-15,151.46,151.7925,150.6,150.68,94.03804184724319,2260406,0.0000,1.0
2016-06-16,150.19,151.295,149.0,151.06,94.27519645237957,2449064,0.0000,1.0
2016-06-17,150.96,152.72,150.6044,151.99,94.85560114389762,4663870,0.0000,1.0
2016-06-20,152.6,154.67,152.52,153.61,95.86662867105805,3572102,0.0000,1.0
2016-06-21,154.16,154.5689,153.69,154.05,96.14122874016334,2760344,0.0000,1.0
2016-06-22,153.75,154.71,152.27,152.92,95.43600583541563,2833364,0.0000,1.0
2016-06-23,153.45,155.48,152.6,155.35,96.95254712615628,3967419,0.0000,1.0
2016-06-24,149.97,150.61,146.18,146.59,91.48550938669617,9081182,0.0000,1.0
2016-06-27,146.18,146.6,142.5,143.5,89.55706799229756,5166665,0.0000,1.0
2016-06-28,144.78,145.73,144.22,145.7,90.93006833782407,3996007,0.0000,1.0
2016-06-29,146.5,148.48,146.45,148.46,92.65255968039371,3367736,0.0000,1.0
2016-06-30,148.86,151.91,148.67,151.78,94.72454202000644,3967126,0.0000,1.0
2016-07-01,152.19,152.97,151.4,152.35,95.08027392771103,2658280,0.0000,1.0
2016-07-05,151.19,152.0,150.76,151.68,94.6621329133916,2464820,0.0000,1.0
2016-07-06,151.85,152.41,149.92,152.37,95.09275574903401,2569393,0.0000,1.0
2016-07-07,152.75,153.6891,151.89,152.6,95.23629669424814,2138421,0.0000,1.0
2016-07-08,154.0,154.6,153.08,154.46,96.39710607728419,3040593,0.0000,1.0
2016-07-11,154.6,156.04,154.5,155.33,96.94006530483333,2833612,0.0000,1.0
2016-07-12,156.0,157.12,155.52,157.04,98.0072610279471,3843773,0.0000,1.0
2016-07-13,157.75,158.34,157.06,158.02,98.61887027277255,2746089,0.0000,1.0
2016-07-14,158.81,161.4,158.58,160.28,100.02931608226797,4637624,0.0000,1.0
2016-07-15,159.9,159.98,158.5,159.78,99.71727054919376,4474358,0.0000,1.0
2016-07-18,159.3,160.75,158.73,159.86,99.76719783448564,6716340,0.0000,1.0
2016-07-19,161.78,162.14,157.89,159.58,99.59245233596408,7119917,0.0000,1.0
2016-07-20,159.97,161.71,159.6,161.36,100.70333443370826,4373609,0.0000,1.0
2016-07-21,160.75,161.85,159.89,160.45,100.13541156351319,4046030,0.0000,1.0
2016-07-22,160.78,162.17,160.479,162.07,101.14643909067362,2520077,0.0000,1.0
2016-07-25,162.0,162.88,161.75,162.65,101.50841190903971,2804578,0.0000,1.0
2016-07-26,162.65,163.6,161.37,162.12,101.17764364398106,2892969,0.0000,1.0
2016-07-27,162.12,162.57,161.18,161.83,100.99665723479802,2162680,0.0000,1.0
2016-07-28,161.38,161.81,160.71,161.37,100.70957534436974,2340369,0.0000,1.0
2016-07-29,161.36,161.67,160.03,160.62,100.24150704475844,3547395,0.0000,1.0
2016-08-01,160.65,161.65,159.84,161.45,100.75950262966161,2823578,0.0000,1.0
2016-08-02,161.27,161.4499,160.36,160.58,100.2165434021125,3080899,0.0000,1.0
2016-08-03,160.13,160.86,159.8,160.67,100.27271159806584,2861558,0.0000,1.0
2016-08-04,160.86,161.7,160.12,161.55,100.82191173627646,2488878,0.0000,1.0
2016-08-05,162.0,163.51,161.57,163.5,102.03888931526586,3812370,0.0000,1.0
2016-08-08,162.73,163.27,161.58,162.04,102.00144385129695,3039081,1.4000,1.0
2016-08-09,162.22,162.772,161.645,161.77,101.8314834104191,2737530,0.0000,1.0
2016-08-10,162.19,162.66,161.955,162.08,102.02662317587146,2466675,0.0000,1.0
2016-08-11,162.25,164.95,162.18,163.53,102.93937369169706,8768585,0.0000,1.0
2016-08-12,163.19,163.46,161.52,161.95,101.94479037100432,2543079,0.0000,1.0
2016-08-15,162.4,162.97,161.78,161.88,101.90072655299895,2970415,0.0000,1.0
2016-08-16,161.11,161.93,160.69,160.7,101.15793647805121,2210229,0.0000,1.0
2016-08-17,160.97,161.16,159.84,160.44,100.99427086831697,3225919,0.0000,1.0
2016-08-18,160.89,162.0,160.4401,161.36,101.57339533353047,3652013,0.0000,1.0
2016-08-19,160.84,160.91,159.52,160.04,100.74247762257198,2815163,0.0000,1.0
2016-08-22,160.0,160.57,159.13,160.0,100.71729829799749,2039331,0.0000,1.0
2016-08-23,160.33,161.34,160.23,160.26,100.88096390773173,2838137,0.0000,1.0
2016-08-24,159.89,160.18,158.32,159.05,100.11928933935313,3620365,0.0000,1.0
2016-08-25,159.0,159.54,158.42,158.63,99.85490643132088,2575023,0.0000,1.0
2016-08-26,158.88,160.44,157.85,158.32,99.6597666658685,2498909,0.0000,1.0
2016-08-29,158.83,160.21,158.5,159.72,100.541043025976,2475853,0.0000,1.0
2016-08-30,159.76,160.15,158.81,159.4,100.33960842938,1813343,0.0000,1.0
2016-08-31,159.66,159.66,158.26,158.88,100.0122772099115,2323649,0.0000,1.0
2016-09-01,158.32,159.62,158.1,159.54,100.42773606539073,2358385,0.0000,1.0
2016-09-02,159.88,160.57,159.15,159.55,100.43403089653438,2315366,0.0000,1.0
2016-09-06,159.88,160.86,159.11,160.35,100.93761738802435,2994056,0.0000,1.0
2016-09-07,160.19,161.76,160.0,161.64,101.74965060555195,2866227,0.0000,1.0
2016-09-08,160.55,161.21,158.76,159.0,100.087815183635,3963164,0.0000,1.0
2016-09-09,158.03,158.4,155.65,155.69,98.00422607509518,5185972,0.0000,1.0
2016-09-12,155.26,158.53,154.84,158.29,99.64088217243763,4367529,0.0000,1.0
2016-09-13,157.63,157.93,155.5,155.81,98.07976404881867,3636719,0.0000,1.0
2016-09-14,155.7,155.87,153.39,154.05,96.97187376754071,3860553,0.0000,1.0
2016-09-15,154.3,156.33,153.21,155.66,97.9853415816643,3662573,0.0000,1.0
2016-09-16,155.04,155.4,153.47,153.84,96.83968231352459,6463213,0.0000,1.0
2016-09-19,154.87,156.19,154.55,154.87,97.48804992131794,2450117,0.0000,1.0
2016-09-20,155.87,156.57,154.45,154.45,97.22366701328569,2159092,0.0000,1.0
2016-09-21,154.91,155.68,153.87,155.53,97.90350877679718,2473895,0.0000,1.0
2016-09-22,156.15,157.22,155.69,156.11,98.26860898312744,2690915,0.0000,1.0
2016-09-23,155.62,156.04,154.71,154.98,97.5572930638978,2702143,0.0000,1.0
2016-09-26,154.46,154.46,153.46,153.98,96.92780994953533,2533325,0.0000,1.0
2016-09-27,154.32,156.77,153.81,156.77,98.68406783860667,2987195,0.0000,1.0
2016-09-28,156.99,158.625,156.23,158.29,99.64088217243763,3309408,0.0000,1.0
2016-09-29,158.63,165.0,157.46,158.11,99.5275752118524,3374838,0.0000,1.0
2016-09-30,158.9,159.838,158.06,158.85,99.99339271648063,3596878,0.0000,1.0
2016-10-03,158.06,158.37,157.02,157.61,99.21283365467116,2227800,0.0000,1.0
2016-10-04,157.67,158.53,155.82,156.46,98.4889280731543,2884146,0.0000,1.0
2016-10-05,157.07,157.83,156.72,157.08,98.87920760405903,1684458,0.0000,1.0
2016-10-06,156.84,157.43,155.89,156.88,98.75331098118653,1950106,0.0000,1.0
2016-10-07,157.14,157.7,154.86,155.67,97.99163641280792,2671256,0.0000,1.0
2016-10-10,156.71,158.49,156.655,157.02,98.84143861719728,2481288,0.0000,1.0
2016-10-11,156.73,156.95,153.89,154.79,97.43769127216893,2901226,0.0000,1.0
2016-10-12,154.97,154.97,153.08,154.29,97.1229497149877,2963843,0.0000,1.0
2016-10-13,153.7,154.22,152.27,153.72,96.76414433980108,2909948,0.0000,1.0
2016-10-14,154.47,155.53,154.09,154.45,97.22366701328569,4358147,0.0000,1.0
2016-10-17,154.45,155.89,154.34,154.77,97.4251016098817,5890421,0.0000,1.0
2016-10-18,150.02,151.0,147.79,150.72,94.87569499671363,12770570,0.0000,1.0
2016-10-19,151.27,152.45,150.83,151.26,95.21561587846936,4632854,0.0000,1.0
2016-10-20,151.28,152.9,151.02,151.52,95.37928148820363,4023075,0.0000,1.0
2016-10-21,150.58,151.15,149.56,149.63,94.18955840205852,4414171,0.0000,1.0
2016-10-24,150.4,151.52,150.4,150.57,94.78127252955926,2666740,0.0000,1.0
2016-10-25,150.69,151.16,149.83,150.88,94.97641229501163,2647416,0.0000,1.0
2016-10-26,150.71,152.94,150.255,151.81,95.56183159136874,2811421,0.0000,1.0
2016-10-27,152.82,154.06,152.02,153.35,96.53123558748696,4229336,0.0000,1.0
2016-10-28,154.05,154.44,152.18,152.61,96.06541808285874,3654446,0.0000,1.0
2016-10-31,152.76,154.33,152.76,153.69,96.7452598463702,3553172,0.0000,1.0
2016-11-01,153.5,153.91,151.74,152.79,96.17872504344398,3191924,0.0000,1.0
2016-11-02,152.48,153.345,151.67,151.95,95.64995922737948,3074338,0.0000,1.0
2016-11-03,152.51,153.74,151.8,152.37,95.91434213541173,2878728,0.0000,1.0
2016-11-04,152.4,153.64,151.87,152.43,95.95211112227348,2470353,0.0000,1.0
2016-11-07,153.99,156.11,153.84,155.72,98.02311056852605,3804943,0.0000,1.0
2016-11-08,154.56,155.93,153.06,155.17,98.55817121573416,3921044,1.4000,1.0
2016-11-09,152.96,155.56,151.0,154.81,98.32951270160345,5403688,0.0000,1.0
2016-11-10,157.66,161.16,157.59,160.22,101.7657420389568,7715807,0.0000,1.0
2016-11-11,159.97,161.34,159.33,161.27,102.43266270517142,4446630,0.0000,1.0
2016-11-14,161.25,161.86,157.58,158.21,100.48906533506027,5196498,0.0000,1.0
2016-11-15,158.42,159.15,157.55,158.67,100.78124010311619,3476996,0.0000,1.0
2016-11-16,158.46,159.55,158.03,159.29,101.17504087745243,2252806,0.0000,1.0
2016-11-17,159.22,159.93,158.85,159.8,101.49897377247098,2260984,0.0000,1.0
2016-11-18,159.8,160.72,159.21,160.39,101.87371967062964,2981633,0.0000,1.0
2016-11-21,160.69,163.0,160.3697,162.77,103.38540651404944,4637097,0.0000,1.0
2016-11-22,163.0,163.0,161.95,162.67,103.32189026012422,2770736,0.0000,1.0
2016-11-23,161.94,162.38,161.3557,161.98,102.88362810804034,2256035,0.0000,1.0
2016-11-25,161.83,163.19,161.83,163.14,103.62041665357266,1605344,0.0000,1.0
2016-11-28,163.2,164.66,162.7,164.52,104.49694095774045,4449355,0.0000,1.0
2016-11-29,164.0,164.41,163.03,163.53,103.86813004388095,3148196,0.0000,1.0
2016-11-30,163.35,163.8,162.21,162.22,103.03606711746083,4397777,0.0000,1.0
2016-12-01,161.95,162.195,158.3,159.82,101.511677023256,4634740,0.0000,1.0
2016-12-02,159.0,160.29,158.41,160.02,101.63870953110641,2740782,0.0000,1.0
2016-12-05,160.85,161.15,159.5875,159.84,101.52438027404105,3447052,0.0000,1.0
2016-12-06,160.13,160.79,158.93,160.35,101.84831316905957,2858962,0.0000,1.0
2016-12-07,160.6,165.18,160.39,164.79,104.66843484333849,4435050,0.0000,1.0
2016-12-08,164.87,166.0,164.22,165.36,105.03047749071214,3266336,0.0000,1.0
2016-12-09,165.18,166.72,164.6042,166.52,105.76726603624446,3146930,0.0000,1.0
2016-12-12,166.72,166.79,165.07,165.5,105.11940024620742,3392030,0.0000,1.0
2016-12-13,165.68,169.952,165.68,168.29,106.89150373072052,5932271,0.0000,1.0
2016-12-14,168.37,169.89,167.45,168.51,107.03123948935595,4123821,0.0000,1.0
2016-12-15,168.01,169.85,167.78,168.02,106.72000984512248,3388570,0.0000,1.0
2016-12-16,168.97,169.11,166.06,166.73,105.90065016948738,7117050,0.0000,1.0
2016-12-19,166.83,167.26,166.0,166.68,105.86889204252479,2955864,0.0000,1.0
2016-12-20,167.49,168.25,166.45,167.6,106.45324157863662,2174569,0.0000,1.0
2016-12-21,166.25,167.94,165.25,167.33,106.2817476930386,3575210,0.0000,1.0
2016-12-22,167.36,168.23,166.58,167.06,106.11025380744054,2802631,0.0000,1.0
2016-12-23,167.0,167.49,166.45,166.71,105.88794691870235,1701228,0.0000,1.0
2016-12-27,166.98,167.98,166.85,167.14,106.16106681058069,1397455,0.0000,1.0
2016-12-28,167.29,167.74,166.0,166.19,105.5576623982913,1757500,0.0000,1.0
2016-12-29,166.02,166.99,166.0,166.6,105.81807903938461,1663542,0.0000,1.0
2016-12-30,166.44,166.7,165.5,165.99,105.4306298904409,2952200,0.0000,1.0
2017-01-03,167.0,167.87,166.01,167.19,106.1928249375433,2934299,0.0000,1.0
2017-01-04,167.77,169.87,167.36,169.26,107.50761139379496,3381232,0.0000,1.0
2017-01-05,169.25,169.39,167.26,168.7,107.15192037181383,2682181,0.0000,1.0
2017-01-06,168.69,169.92,167.52,169.53,107.67910527939301,2945536,0.0000,1.0
2017-01-09,169.47,169.8,167.62,167.65,106.48499970559924,3189413,0.0000,1.0
2017-01-10,167.98,168.09,165.34,165.52,105.13210349699246,4118694,0.0000,1.0
2017-01-11,166.05,167.76,165.6,167.75,106.54851595952444,3599464,0.0000,1.0
2017-01-12,167.77,168.01,165.56,167.95,106.67554846737482,2927953,0.0000,1.0
2017-01-13,167.97,168.48,166.875,167.34,106.28809931843111,2875319,0.0000,1.0
2017-01-17,166.69,168.18,166.1201,167.89,106.6374387150197,3315655,0.0000,1.0
2017-01-18,167.45,168.59,166.69,166.8,105.94511154723503,4005626,0.0000,1.0
2017-01-19,166.96,167.45,165.8,166.81,105.95146317262754,6963386,0.0000,1.0
2017-01-20,167.81,170.64,166.0,170.55,108.32697106943006,12606847,0.0000,1.0
2017-01-23,170.08,171.25,170.01,171.03,108.63184908827103,5477314,0.0000,1.0
2017-01-24,171.36,176.0,171.16,175.9,111.7250906544283,6952369,0.0000,1.0
2017-01-25,176.26,179.25,176.13,178.29,113.24312912324059,5922462,0.0000,1.0
2017-01-26,178.06,178.88,177.51,178.66,113.47813926276385,3063911,0.0000,1.0
2017-01-27,178.47,179.2,177.3,177.3,112.61431820938112,3482105,0.0000,1.0
2017-01-30,176.98,177.07,174.5768,175.8,111.66157440050311,4093555,0.0000,1.0
2017-01-31,175.05,175.58,173.61,174.52,110.84856635026054,4134049,0.0000,1.0
2017-02-01,175.0,175.7025,172.89,174.29,110.70247896623256,2795445,0.0000,1.0
2017-02-02,174.23,174.97,173.55,174.58,110.88667610261565,2620526,0.0000,1.0
2017-02-03,175.0,176.34,174.89,175.82,111.67427765128814,3309179,0.0000,1.0
2017-02-06,175.31,175.98,174.38,175.86,111.69968415285823,2650509,0.0000,1.0
2017-02-07,176.0,178.62,175.9,178.46,113.35110675491345,3873233,0.0000,1.0
2017-02-08,177.5,177.5,175.88,176.17,112.78581209497914,2913126,1.4000,1.0
2017-02-09,176.17,177.8,175.91,177.21,113.4516305917651,3090710,0.0000,1.0
2017-02-10,177.37,178.8701,176.76,178.68,114.39273942856829,2930710,0.0000,1.0
2017-02-13,179.24,179.9,178.84,179.36,114.8280822918514,3093372,0.0000,1.0
2017-02-14,178.57,180.13,178.35,180.13,115.32104406351021,2775818,0.0000,1.0
2017-02-15,180.2,181.92,179.81,181.68,116.31336970775848,2914292,0.0000,1.0
2017-02-16,181.45,182.79,180.87,181.43,116.15331718449264,3251547,0.0000,1.0
2017-02-17,181.25,181.57,180.0,180.67,115.66675751376444,3552305,0.0000,1.0
2017-02-21,180.6,180.79,179.12,180.26,115.40427137560845,4480199,0.0000,1.0
2017-02-22,180.09,181.34,180.09,181.15,115.97405835843489,3020540,0.0000,1.0
2017-02-23,182.0,182.5,180.92,181.65,116.29416340496658,2282526,0.0000,1.0
2017-02-24,180.21,181.49,179.89,181.35,116.10210037704755,3299019,0.0000,1.0
2017-02-27,181.19,181.25,179.28,179.4,114.85369069557393,3691209,0.0000,1.0
2017-02-28,179.38,180.63,179.35,179.82,115.12257893466055,3273335,0.0000,1.0
2017-03-01,180.48,182.55,180.03,181.95,116.48622643288559,3005564,0.0000,1.0
2017-03-02,181.88,181.88,180.43,180.53,115.57712810073558,2918153,0.0000,1.0
2017-03-03,180.04,181.32,179.7649,180.05,115.26982725606514,1825048,0.0000,1.0
2017-03-06,179.72,180.99,179.57,180.47,115.53871549515176,3204434,0.0000,1.0
2017-03-07,180.71,181.29,180.1997,180.38,115.48109658677606,2977596,0.0000,1.0
2017-03-08,180.75,180.95,179.3,179.45,114.88570120022709,3557396,0.0000,1.0
2017-03-09,179.15,179.25,175.88,177.18,113.43242428897318,5444076,0.0000,1.0
2017-03-10,178.21,179.49,177.42,177.83,113.8485608494644,3100116,0.0000,1.0
2017-03-13,177.85,178.06,176.415,176.46,112.97147302196754,3482189,0.0000,1.0
2017-03-14,176.18,176.82,175.211,175.72,112.49771755310061,3147497,0.0000,1.0
2017-03-15,175.71,176.28,174.75,175.81,112.55533646147633,3815537,0.0000,1.0
2017-03-16,178.46,179.0,176.82,177.24,113.470836894557,4311848,0.0000,1.0
2017-03-17,176.29,176.79,175.65,175.65,112.45290284658618,5920967,0.0000,1.0
2017-03-20,175.65,176.18,175.14,175.7,112.48491335123934,2476125,0.0000,1.0
2017-03-21,176.01,176.23,173.84,173.88,111.31973098186396,3927741,0.0000,1.0
2017-03-22,174.04,175.06,172.8,174.78,111.89592006562103,3450512,0.0000,1.0
2017-03-23,174.43,175.67,173.56,174.82,111.92152846934356,3739976,0.0000,1.0
2017-03-24,175.12,175.5,173.39,173.83,111.2877204772108,3221672,0.0000,1.0
2017-03-27,172.69,174.16,172.0937,173.77,111.249307871627,3259049,0.0000,1.0
2017-03-28,173.94,175.0,173.0,174.51,111.7230633404939,3523345,0.0000,1.0
2017-03-29,174.3,174.49,173.46,173.94,111.35814358744777,3085606,0.0000,1.0
2017-03-30,173.86,174.59,173.69,173.86,111.3069267800027,3168254,0.0000,1.0
2017-03-31,173.98,174.95,173.69,174.14,111.48618560606043,2913684,0.0000,1.0
2017-04-03,173.82,174.87,173.38,174.5,111.71666123956327,4286498,0.0000,1.0
2017-04-04,173.52,174.96,173.26,174.52,111.72946544142455,3108855,0.0000,1.0
2017-04-05,174.7,176.33,172.81,172.88,110.67952088880055,6238894,0.0000,1.0
2017-04-06,173.47,173.47,172.25,172.45,110.40423054878329,3435403,0.0000,1.0
2017-04-07,172.08,172.93,171.28,172.14,110.20576541993364,3588302,0.0000,1.0
2017-04-10,172.53,172.56,171.0,171.2,109.60396793245404,3789936,0.0000,1.0
2017-04-11,170.65,171.23,168.98,170.58,109.20703767475474,4890163,0.0000,1.0
2017-04-12,171.04,171.2,170.02,170.66,109.25825448219982,3276931,0.0000,1.0
2017-04-13,169.92,171.36,169.53,169.53,108.53481707703817,3205462,0.0000,1.0
2017-04-17,169.75,171.3,169.62,171.1,109.53994692314771,3720218,0.0000,1.0
2017-04-18,170.79,171.69,169.83,170.05,108.86772632543115,6345465,0.0000,1.0
2017-04-19,161.76,162.64,159.6,161.69,103.51556994742111,19284300,0.0000,1.0
2017-04-20,161.32,162.4,160.5,162.3,103.9060981041898,6486809,0.0000,1.0
2017-04-21,162.05,162.11,160.38,160.38,102.67689472550806,5607756,0.0000,1.0
2017-04-24,161.29,161.57,160.42,160.75,102.91377245994153,5320608,0.0000,1.0
2017-04-25,161.78,162.04,160.38,160.39,102.68329682643869,4842189,0.0000,1.0
2017-04-26,160.53,161.1,159.89,160.06,102.47202749572777,4311484,0.0000,1.0
2017-04-27,160.29,160.48,159.63,160.32,102.63848211992426,4081640,0.0000,1.0
2017-04-28,160.5,160.59,159.7,160.29,102.61927581713235,4029533,0.0000,1.0
2017-05-01,160.05,160.42,158.7,158.84,101.69097118219044,4919710,0.0000,1.0
2017-05-02,159.44,159.49,158.64,159.1,101.85742580638691,3149949,0.0000,1.0
2017-05-03,158.74,159.45,158.52,158.63,101.5565270626471,3990429,0.0000,1.0
2017-05-04,158.89,159.14,158.36,159.05,101.82541530173376,4271669,0.0000,1.0
2017-05-05,153.52,155.78,153.0,155.05,99.26457492948015,12415240,0.0000,1.0
2017-05-08,152.8,153.47,152.2,153.03,98.93166568108717,7415765,1.5000,1.0
2017-05-09,152.6,153.1,151.5552,152.11,98.33689908351414,6823015,0.0000,1.0
2017-05-10,151.651,152.37,151.13,151.25,97.78092161186979,4995590,0.0000,1.0
2017-05-11,151.05,151.15,149.79,150.65,97.39303035258304,5546379,0.0000,1.0
2017-05-12,150.3,151.265,150.0,150.37,97.21201443158255,3651964,0.0000,1.0
2017-05-15,150.62,151.83,150.4502,151.51,97.94900782422738,4218359,0.0000,1.0
2017-05-16,151.66,153.99,151.66,153.68,99.35188121198115,5452539,0.0000,1.0
2017-05-17,153.3,154.14,150.89,150.93,97.57404627358352,5048937,0.0000,1.0
2017-05-18,150.86,151.33,150.11,150.78,97.47707345876182,3268772,0.0000,1.0
2017-05-19,151.01,152.46,150.89,151.98,98.25285597733533,5617824,0.0000,1.0
2017-05-22,152.1,152.84,151.5992,152.64,98.67953636255076,3248372,0.0000,1.0
2017-05-23,152.57,153.68,151.92,152.03,98.28518024894257,2563975,0.0000,1.0
2017-05-24,152.21,152.76,151.23,152.51,98.59549325637197,3731333,0.0000,1.0
2017-05-25,153.25,153.73,152.9459,153.2,99.04156820455174,2579828,0.0000,1.0
2017-05-26,152.85,153.0,152.06,152.49,98.5825635477291,2440117,0.0000,1.0
2017-05-30,151.95,152.67,151.59,151.73,98.09123461929919,3609710,0.0000,1.0
2017-05-31,152.03,152.8,151.65,152.63,98.67307150822933,3496466,0.0000,1.0
2017-06-01,152.8,152.87,151.63,152.67,98.6989309255151,2904189,0.0000,1.0
2017-06-02,153.07,153.2,151.8,152.05,98.29810995758547,3573193,0.0000,1.0
2017-06-05,151.82,152.93,151.6826,152.41,98.5308447131575,3971157,0.0000,1.0
2017-06-06,152.0,152.89,152.0,152.37,98.50498529587173,3786593,0.0000,1.0
2017-06-07,153.05,154.2,150.8,150.98,97.60637054519074,4858631,0.0000,1.0
2017-06-08,151.0,152.82,150.92,152.1,98.33043422919269,3681319,0.0000,1.0
2017-06-09,152.0,154.265,151.88,154.1,99.62340509348188,4355401,0.0000,1.0
2017-06-12,154.19,157.2,154.02,155.18,100.32160936019804,6461725,0.0000,1.0
2017-06-13,155.44,155.48,154.15,154.25,99.72037790830356,3509558,0.0000,1.0
2017-06-14,153.97,154.9399,152.94,153.81,99.43592431815995,3035864,0.0000,1.0
2017-06-15,153.29,154.69,153.29,154.22,99.70098334533922,4626272,0.0000,1.0
2017-06-16,154.23,155.42,152.9676,155.38,100.45090644662696,6128190,0.0000,1.0
2017-06-19,155.51,155.86,154.54,154.84,100.10180431326889,4381436,0.0000,1.0
2017-06-20,154.48,155.389,154.25,154.95,100.17291771080478,4469538,0.0000,1.0
2017-06-21,155.79,155.79,153.39,153.79,99.42299460951705,3934281,0.0000,1.0
2017-06-22,154.55,154.99,153.69,154.4,99.81735072312526,2361275,0.0000,1.0
2017-06-23,154.34,154.68,153.8,154.11,99.62986994780333,3148468,0.0000,1.0
2017-06-26,154.71,155.75,154.63,155.23,100.35393363180526,2129945,0.0000,1.0
2017-06-27,155.0,155.34,154.5,154.75,100.04362062437586,2385619,0.0000,1.0
2017-06-28,155.15,155.55,154.78,155.32,100.41211732069827,2203062,0.0000,1.0
2017-06-29,155.35,155.74,153.62,154.13,99.64279965644621,3245649,0.0000,1.0
2017-06-30,154.28,154.5,153.14,153.83,99.44885402680285,3501395,0.0000,1.0
2017-07-03,153.58,156.025,153.52,155.58,100.58020353305588,2822499,0.0000,1.0
2017-07-05,155.77,155.89,153.63,153.67,99.3454163576597,3558639,0.0000,1.0
2017-07-06,153.36,153.83,152.23,152.36,98.4985204415503,2735717,0.0000,1.0
2017-07-07,152.62,153.49,152.14,152.94,98.87348199219414,2345721,0.0000,1.0
2017-07-10,152.91,153.89,152.63,153.42,99.18379499962354,2804780,0.0000,1.0
2017-07-11,153.26,153.65,152.05,153.19,99.0351033502303,3431418,0.0000,1.0
2017-07-12,153.48,154.24,153.05,153.7,99.36481092062404,3090315,0.0000,1.0
2017-07-13,153.7,154.19,153.19,153.63,99.31955694037391,2474847,0.0000,1.0
2017-07-14,154.01,154.615,153.4,154.24,99.71391305398213,3214337,0.0000,1.0
2017-07-17,153.59,153.88,152.2399,153.01,98.91873597244427,4751141,0.0000,1.0
2017-07-18,152.36,154.29,152.0,154.0,99.55875655026742,6867302,0.0000,1.0
2017-07-19,150.02,150.25,146.71,147.53,95.3759958042919,14043000,0.0000,1.0
2017-07-20,147.53,148.83,147.03,147.66,95.46003891047069,7105481,0.0000,1.0
2017-07-21,147.59,147.87,146.51,147.08,95.08507735982684,6456514,0.0000,1.0
2017-07-24,147.0,147.04,145.8,145.99,94.38040823878923,3818232,0.0000,1.0
2017-07-25,146.57,147.49,146.03,146.19,94.50970532521814,4184435,0.0000,1.0
2017-07-26,146.27,146.46,144.47,145.36,93.97312241653813,3806651,0.0000,1.0
2017-07-27,145.0,145.395,143.64,145.07,93.78564164121619,6374650,0.0000,1.0
2017-07-28,144.81,145.04,143.84,144.29,93.28138300414341,3022662,0.0000,1.0
2017-07-31,144.38,144.93,144.17,144.67,93.52704746835835,4333680,0.0000,1.0
2017-08-01,145.0,145.67,144.72,145.3,93.93433329060946,3197848,0.0000,1.0
2017-08-02,145.12,145.29,144.22,144.45,93.38482067328654,3400024,0.0000,1.0
2017-08-03,144.43,145.34,144.43,144.94,93.7015985350374,3028769,0.0000,1.0
2017-08-04,145.0,145.39,144.4,145.16,93.84382533010921,2542800,0.0000,1.0
2017-08-07,145.0,145.09,142.75,143.47,92.75126494978485,4576508,0.0000,1.0
2017-08-08,142.0,142.76,142.0,142.11,92.8417729102851,3281972,1.5000,1.0
2017-08-09,141.75,142.03,141.19,141.77,92.61964777630791,2920582,0.0000,1.0
2017-08-10,141.64,142.42,141.23,141.84,92.66537942153852,4378186,0.0000,1.0
2017-08-11,142.45,142.59,141.52,141.84,92.66537942153852,3004040,0.0000,1.0
2017-08-14,142.0,142.76,141.94,142.32,92.97896784597688,2222304,0.0000,1.0
2017-08-15,142.55,143.34,140.58,142.07,92.81564054158189,4652618,0.0000,1.0
2017-08-16,141.79,142.91,141.61,142.5,93.09656350514128,3239516,0.0000,1.0
2017-08-17,142.52,142.89,140.7,140.7,91.92060691349737,4342286,0.0000,1.0
2017-08-18,140.87,141.15,139.58,139.7,91.26729769591743,4128761,0.0000,1.0
2017-08-21,139.59,140.42,139.13,140.33,91.6788825029928,2949410,0.0000,1.0
2017-08-22,140.64,141.15,140.38,141.01,92.12313277094715,2495902,0.0000,1.0
2017-08-23,140.7,143.05,140.68,142.14,92.86137218681249,4035421,0.0000,1.0
2017-08-24,142.5,143.68,142.25,142.94,93.38401956087644,3580245,0.0000,1.0
2017-08-25,143.3,144.19,143.25,143.74,93.9066669349404,2866131,0.0000,1.0
2017-08-28,144.11,144.56,142.39,142.51,93.10309659731706,5086015,0.0000,1.0
2017-08-29,142.1,143.425,141.9,143.14,93.51468140439242,3000993,0.0000,1.0
2017-08-30,143.26,143.28,142.41,142.56,93.13576205819606,2715466,0.0000,1.0
2017-08-31,143.02,143.66,142.63,143.03,93.44281739045864,3614517,0.0000,1.0
2017-09-01,142.98,144.5,142.98,144.08,94.12879206891758,3348503,0.0000,1.0
2017-09-05,143.5,144.3575,142.7,143.04,93.44935048263443,3097503,0.0000,1.0
2017-09-06,143.88,144.47,143.5,143.82,93.95893167234678,3205295,0.0000,1.0
2017-09-07,144.1,144.64,142.41,142.9,93.35788719217325,4155968,0.0000,1.0
2017-09-08,143.15,143.15,141.64,142.45,93.06389804426226,3344701,0.0000,1.0
2017-09-11,143.54,145.13,143.01,144.86,94.63837325862994,4549334,0.0000,1.0
2017-09-12,145.11,146.37,144.51,145.76,95.22635155445187,5222522,0.0000,1.0
2017-09-13,145.35,146.29,145.34,145.99,95.37661267449526,4070378,0.0000,1.0
2017-09-14,145.86,146.38,145.51,145.54,95.08262352658427,3742944,0.0000,1.0
2017-09-15,144.82,145.17,144.08,144.82,94.61224088992672,7297773,0.0000,1.0
2017-09-18,144.81,145.4799,144.27,144.55,94.43584740118015,3018012,0.0000,1.0
2017-09-19,144.79,144.98,144.22,144.39,94.33131792636735,3456574,0.0000,1.0
2017-09-20,144.93,145.88,144.42,145.88,95.30474866056146,5384615,0.0000,1.0
2017-09-21,145.65,145.8911,145.1,145.26,94.89969694566189,2289276,0.0000,1.0
2017-09-22,145.59,145.59,144.59,145.13,94.81476674737651,2741663,0.0000,1.0
2017-09-25,145.12,146.03,144.91,145.87,95.29821556838567,5179476,0.0000,1.0
2017-09-26,146.36,147.42,145.94,146.56,95.74899892851582,4106513,0.0000,1.0
2017-09-27,146.68,146.9,145.03,145.66,95.16102063269388,3446073,0.0000,1.0
2017-09-28,145.33,145.86,144.21,145.66,95.16102063269388,2763219,0.0000,1.0
2017-09-29,145.45,145.69,144.92,145.08,94.78210128649752,2635887,0.0000,1.0
2017-10-02,145.35,146.865,145.21,146.66,95.81432985027381,2955450,0.0000,1.0
2017-10-03,146.69,147.1999,146.34,146.78,95.89272695638341,2285725,0.0000,1.0
2017-10-04,147.0,147.02,146.11,146.48,95.69673419110941,2225673,0.0000,1.0
2017-10-05,146.68,147.54,146.48,146.72,95.85352840332861,2536971,0.0000,1.0
2017-10-06,146.64,146.85,146.32,146.48,95.69673419110941,2248474,0.0000,1.0
2017-10-09,146.5,147.79,146.35,147.39,96.29124557910716,2678887,0.0000,1.0
2017-10-10,147.71,148.95,147.65,148.5,97.0164188106209,4028877,0.0000,1.0
2017-10-11,148.4,148.47,147.28,147.62,96.44150669915057,3674765,0.0000,1.0
2017-10-12,147.56,147.89,146.77,147.03,96.0560542607784,3255559,0.0000,1.0
2017-10-13,147.48,147.85,146.94,147.1,96.10178590600898,2490548,0.0000,1.0
2017-10-16,147.22,147.67,146.51,146.83,95.92539241726242,3035184,0.0000,1.0
2017-10-17,146.63,147.12,146.18,146.54,95.73593274416422,4941313,0.0000,1.0
2017-10-18,157.12,161.23,156.95,159.53,104.22241948052762,30445283,0.0000,1.0
2017-10-19,159.8,160.96,159.085,160.9,105.11745310861214,9878844,0.0000,1.0
2017-10-20,161.07,162.48,159.77,162.07,105.88182489318066,7848320,0.0000,1.0
2017-10-23,162.05,162.51,159.54,159.55,104.23548566487923,5765384,0.0000,1.0
2017-10-24,159.65,159.7,155.171,155.88,101.83784083636084,8173017,0.0000,1.0
2017-10-25,156.01,156.37,153.06,153.495,100.2796983524327,5443794,0.0000,1.0
2017-10-26,154.31,155.12,153.54,153.6,100.34829582027858,4253664,0.0000,1.0
2017-10-27,154.54,154.63,152.911,153.68,100.40056055768498,4893779,0.0000,1.0
2017-10-30,153.76,154.59,152.71,154.36,100.84481082563936,4206189,0.0000,1.0
2017-10-31,154.33,154.93,152.93,154.06,100.64881806036536,4224346,0.0000,1.0
2017-11-01,154.1,154.9,153.83,154.03,100.62921878383797,3228302,0.0000,1.0
2017-11-02,154.18,154.49,152.91,153.35,100.1849685158836,3388284,0.0000,1.0
2017-11-03,153.42,153.47,151.49,151.58,99.02861120076712,4420582,0.0000,1.0
2017-11-06,151.77,151.82,150.28,150.84,98.54516237975795,4498372,0.0000,1.0
2017-11-07,151.37,151.51,150.5,151.35,98.87835008072372,3688378,0.0000,1.0
2017-11-08,151.6,151.7944,150.28,151.57,99.02207810859132,4630031,0.0000,1.0
2017-11-09,149.93,151.8,149.86,150.3,99.17233922863471,4770841,1.5000,1.0
2017-11-10,150.65,150.89,149.14,149.16,98.42013386123188,4304369,0.0000,1.0
2017-11-13,148.88,149.0,147.92,148.4,97.91866361629667,5085257,0.0000,1.0
2017-11-14,147.95,148.97,147.49,148.89,98.24197995842594,3691934,0.0000,1.0
2017-11-15,148.0,148.705,146.211,147.1,97.06088556574959,4695745,0.0000,1.0
2017-11-16,147.73,149.65,147.5,149.12,98.39374069044582,5393609,0.0000,1.0
2017-11-17,149.34,150.15,148.83,148.97,98.29476629999807,4865373,0.0000,1.0
2017-11-20,150.64,151.95,149.9,150.51,99.31090337526153,5654091,0.0000,1.0
2017-11-21,151.3,152.45,151.2,151.95,100.26105752355983,3756184,0.0000,1.0
2017-11-22,152.0,152.39,151.33,151.77,100.14228825502255,3125416,0.0000,1.0
2017-11-24,151.95,152.2,151.33,151.84,100.18847630389816,1193025,0.0000,1.0
2017-11-27,152.06,152.49,151.62,151.98,100.28085240164937,3303663,0.0000,1.0
2017-11-28,152.35,152.93,151.7,152.47,100.60416874377866,3915618,0.0000,1.0
2017-11-29,152.81,153.61,152.17,153.55,101.31678435500238,5098702,0.0000,1.0
2017-11-30,153.65,154.41,153.08,153.97,101.59391264825605,6500769,0.0000,1.0
2017-12-01,154.4,155.02,152.91,154.76,102.11517777128081,5567852,0.0000,1.0
2017-12-04,155.67,156.8,155.07,156.46,103.23688752968853,4639109,0.0000,1.0
2017-12-05,156.45,156.74,154.68,155.35,102.50447704037525,5042724,0.0000,1.0
2017-12-06,155.69,156.22,154.09,154.1,101.67969045331076,3345712,0.0000,1.0
2017-12-07,154.03,154.45,153.26,153.57,101.32998094039542,3768443,0.0000,1.0
2017-12-08,153.94,155.03,153.55,154.81,102.14816923476339,3440847,0.0000,1.0
2017-12-11,154.97,155.89,154.57,155.41,102.54406679655435,4068982,0.0000,1.0
2017-12-12,155.2,157.85,155.16,156.74,103.42163972519097,6314835,0.0000,1.0
2017-12-13,156.6,156.73,153.89,153.91,101.55432289207695,5624428,0.0000,1.0
2017-12-14,154.5,155.11,153.7,154.0,101.6137075263456,4623845,0.0000,1.0
2017-12-15,153.75,153.8,152.03,152.5,100.62396362186821,10469312,0.0000,1.0
2017-12-18,153.41,154.18,153.21,153.33,101.17162191567904,5054265,0.0000,1.0
2017-12-19,154.135,154.17,153.09,153.23,101.10563898871386,4111495,0.0000,1.0
2017-12-20,153.65,153.89,152.78,152.95,100.92088679321142,3771425,0.0000,1.0
2017-12-21,153.17,153.46,151.49,151.5,99.96413435221662,4126632,0.0000,1.0
2017-12-22,151.82,153.0,151.5,152.5,100.62396362186821,2982114,0.0000,1.0
2017-12-26,152.51,153.86,152.5,152.83,100.84170728085324,2477240,0.0000,1.0
2017-12-27,152.95,153.18,152.61,153.13,101.03965606174872,2116522,0.0000,1.0
2017-12-28,153.2,154.12,153.2,154.04,101.64010069713166,2669076,0.0000,1.0
2017-12-29,154.17,154.72,153.42,153.42,101.23100654994767,3310894,0.0000,1.0
2018-01-02,154.5,154.81,153.54,154.25,101.77866484375849,4195225,0.0000,1.0
2018-01-03,157.34,159.81,156.33,158.49,104.57634094708126,9439063,0.0000,1.0
2018-01-04,159.65,162.32,159.37,161.7,106.69439290266287,7363843,0.0000,1.0
2018-01-05,162.44,162.9,161.1,162.49,107.21565802568765,5162075,0.0000,1.0
2018-01-08,162.66,163.91,161.7,163.47,107.86229070994621,5101023,0.0000,1.0
2018-01-09,163.9,164.53,163.06,163.83,108.09982924702078,4333418,0.0000,1.0
2018-01-10,162.91,164.33,162.5,164.18,108.33076949139884,4150836,0.0000,1.0
2018-01-11,164.8,164.94,163.3,164.2,108.34396607679186,3783614,0.0000,1.0
2018-01-12,164.02,164.74,163.03,163.14,107.64454705096117,5007254,0.0000,1.0
2018-01-16,165.1,165.29,163.35,163.85,108.11302583241381,7588202,0.0000,1.0
2018-01-17,168.01,169.13,167.26,168.65,111.28020632674146,11630539,0.0000,1.0
2018-01-18,170.0,171.13,168.15,169.12,111.59032608347772,10948033,0.0000,1.0
2018-01-19,164.46,165.4,161.3,162.37,107.13647851332945,21079530,0.0000,1.0
2018-01-22,161.51,163.98,161.11,162.6,107.28823924534932,8340507,0.0000,1.0
2018-01-23,162.82,166.26,162.51,166.25,109.69661607957764,7417268,0.0000,1.0
2018-01-24,166.75,168.72,164.82,165.37,109.11596632228424,5507664,0.0000,1.0
2018-01-25,165.91,166.78,165.19,165.47,109.18194924924939,3240177,0.0000,1.0
2018-01-26,166.12,167.41,165.79,167.34,110.41582998349787,3664496,0.0000,1.0
2018-01-29,167.45,168.39,166.01,166.8,110.05952217788602,3423903,0.0000,1.0
2018-01-30,166.21,166.77,163.16,163.62,107.96126510039394,4796200,0.0000,1.0
2018-01-31,163.75,164.99,162.76,163.7,108.01405144196606,4025105,0.0000,1.0
2018-02-01,163.19,164.13,161.9,162.4,107.156273391419,4422505,0.0000,1.0
2018-02-02,161.7,162.0,158.87,159.03,104.93264875269313,5174779,0.0000,1.0
2018-02-05,157.89,158.5,150.0,152.53,100.64375849995776,8600416,0.0000,1.0
2018-02-06,150.29,155.49,149.11,155.34,102.49787874767874,9823824,0.0000,1.0
2018-02-07,154.17,155.34,153.28,153.85,101.51473313589786,6069258,0.0000,1.0
2018-02-08,152.48,153.16,147.5,147.59,98.37394581235627,6599136,1.5000,1.0
2018-02-09,148.6,150.54,144.4,149.51,99.65369359987386,7763603,0.0000,1.0
2018-02-12,150.9,152.4,150.3,151.4,100.91344532821152,5659623,0.0000,1.0
2018-02-13,150.9,151.18,149.64,150.75,100.48019737931233,4854790,0.0000,1.0
2018-02-14,150.19,155.0,150.0,154.76,103.15300395636733,5422862,0.0000,1.0
2018-02-15,155.5,156.86,153.7,156.01,103.98617308886577,5525079,0.0000,1.0
2018-02-16,155.71,157.79,155.69,156.18,104.09948409088557,4239560,0.0000,1.0
2018-02-20,155.79,155.96,153.87,155.16,103.41961807876683,4267801,0.0000,1.0
2018-02-21,155.43,156.79,153.9,153.96,102.61977571156834,3492694,0.0000,1.0
2018-02-22,154.5,155.04,152.79,153.18,102.0998781728893,4017699,0.0000,1.0
2018-02-23,154.3,155.85,154.07,155.52,103.6595707889264,3208908,0.0000,1.0
2018-02-26,155.81,158.88,155.51,158.58,105.69916882528258,3576723,0.0000,1.0
2018-02-27,158.46,159.78,156.53,156.55,104.34610215410511,4192962,0.0000,1.0
2018-02-28,157.5,158.14,155.8,155.83,103.86619673378601,3761597,0.0000,1.0
2018-03-01,155.53,156.97,152.79,153.81,102.51979541566853,4039339,0.0000,1.0
2018-03-02,152.79,154.76,151.88,154.49,102.97303942374768,3261141,0.0000,1.0
2018-03-05,154.12,157.49,153.75,156.95,104.6127162765046,3670630,0.0000,1.0
2018-03-06,157.28,157.89,155.16,155.72,103.79287785012613,3685736,0.0000,1.0
2018-03-07,155.0,158.83,154.73,158.32,105.52586964572289,4607677,0.0000,1.0
2018-03-08,159.0,159.57,155.07,156.21,104.11948015006554,6095521,0.0000,1.0
2018-03-09,157.47,159.58,157.3,159.31,106.18573959866167,4783247,0.0000,1.0
2018-03-12,159.64,161.02,158.87,160.26,106.81894813936049,5056489,0.0000,1.0
2018-03-13,160.09,162.11,158.81,159.32,106.19240495172166,4097662,0.0000,1.0
2018-03-14,160.17,160.68,157.74,158.12,105.39256258452315,3614293,0.0000,1.0
2018-03-15,158.71,161.25,158.52,159.61,106.3857001904613,3860479,0.0000,1.0
2018-03-16,160.06,161.98,159.64,160.26,106.81894813936049,8447294,0.0000,1.0
2018-03-19,159.71,159.89,156.45,157.35,104.8793303989041,5415258,0.0000,1.0
2018-03-20,157.52,157.93,155.29,156.2,104.11281479700554,4296935,0.0000,1.0
2018-03-21,156.57,158.2,155.92,156.69,104.43941709694494,3240695,0.0000,1.0
2018-03-22,155.0,155.25,152.0,152.09,101.37335468935066,4617371,0.0000,1.0
2018-03-23,152.25,152.58,148.54,148.89,99.24044171015463,4389015,0.0000,1.0
2018-03-26,151.21,153.66,150.28,153.37,102.22651988102906,4038586,0.0000,1.0
2018-03-27,153.95,154.87,151.16,151.91,101.25337833427088,3810994,0.0000,1.0
2018-03-28,152.07,153.86,151.89,152.52,101.65996487093012,3664826,0.0000,1.0
2018-03-29,153.07,153.89,151.08,153.43,102.266511999389,3419959,0.0000,1.0
2018-04-02,153.34,153.38,148.43,150.07,100.02695337123316,5150435,0.0000,1.0
2018-04-03,150.8,151.0,148.3,149.85,99.88031560391344,4135696,0.0000,1.0
2018-04-04,147.89,154.47,147.45,154.12,102.72642136052814,4805261,0.0000,1.0
2018-04-05,154.44,154.92,153.34,154.03,102.66643318298824,3185388,0.0000,1.0
2018-04-06,153.46,153.95,149.54,150.57,100.36022102423254,3672919,0.0000,1.0
2018-04-09,151.8,154.66,151.74,152.69,101.77327587294991,4413178,0.0000,1.0
2018-04-10,155.03,156.6,154.75,155.39,103.57292119914653,3955952,0.0000,1.0
2018-04-11,154.37,155.78,153.88,155.36,103.5529251399666,3306539,0.0000,1.0
2018-04-12,156.75,158.98,156.67,158.07,105.35923581922322,5639444,0.0000,1.0
2018-04-13,158.67,159.22,155.91,156.71,104.45274780306491,4057058,0.0000,1.0
2018-04-16,157.99,159.14,157.67,157.89,105.23925946414343,4186755,0.0000,1.0
2018-04-17,158.82,162.0,158.51,160.91,107.25219608825968,10207534,0.0000,1.0
2018-04-18,152.14,152.63,148.26,148.79,99.17378817955476,20381695,0.0000,1.0
2018-04-19,149.19,149.21,146.62,147.7,98.44726469601612,8086056,0.0000,1.0
2018-04-20,147.9,147.97,144.51,144.9,96.58096583921962,8265643,0.0000,1.0
2018-04-23,145.03,145.96,144.33,145.86,97.22083973297842,5315625,0.0000,1.0
2018-04-24,146.51,147.3,144.53,145.56,97.0208791411788,4916476,0.0000,1.0
2018-04-25,145.79,146.4,144.11,145.94,97.27416255745831,7324654,0.0000,1.0
2018-04-26,146.6,147.36,146.2,146.72,97.79406009613734,4265812,0.0000,1.0
2018-04-27,146.84,147.25,145.66,146.48,97.63409162269764,3205482,0.0000,1.0
2018-04-30,146.86,147.38,144.96,144.96,96.62095795757953,4415533,0.0000,1.0
2018-05-01,144.65,145.02,143.47,145.0,96.64761936981948,4433393,0.0000,1.0
2018-05-02,144.46,144.82,142.07,142.45,94.94795433952265,5194917,0.0000,1.0
2018-05-03,142.13,142.23,139.9,141.99,94.64134809876325,5018592,0.0000,1.0
2018-05-04,141.1,144.35,140.28,143.91,95.92109588628084,4402170,0.0000,1.0
2018-05-07,144.0,144.32,142.64,143.22,95.4611865251417,3657009,0.0000,1.0
2018-05-08,143.0,143.51,142.06,143.0,95.31454875782198,5369119,0.0000,1.0
2018-05-09,141.9,143.02,141.28,142.61,96.1010604189005,4195953,1.5700,1.0
2018-05-10,143.15,144.33,143.01,144.24,97.19947377338342,3726608,0.0000,1.0
2018-05-11,144.11,144.85,143.58,144.14,97.13208645102249,3073167,0.0000,1.0
2018-05-14,144.47,145.12,144.14,144.3,97.23990616679997,3216062,0.0000,1.0
2018-05-15,143.5,143.99,142.92,143.74,96.86253716157884,4089397,0.0000,1.0
2018-05-16,143.7,145.03,143.27,144.63,97.46228433059098,3168659,0.0000,1.0
2018-05-17,144.5,145.19,143.77,144.5,97.37468081152178,3147659,0.0000,1.0
2018-05-18,144.47,144.94,143.99,144.08,97.09165405760595,2682243,0.0000,1.0
2018-05-21,144.95,146.04,144.68,145.49,98.04181530289485,2894698,0.0000,1.0
2018-05-22,145.52,146.2,145.0,145.09,97.77226601345119,2284020,0.0000,1.0
2018-05-23,144.35,144.7,143.48,144.67,97.48923925953534,3459747,0.0000,1.0
2018-05-24,144.39,144.48,142.95,144.07,97.08491532536985,3398701,0.0000,1.0
2018-05-25,143.9,144.57,143.46,143.64,96.79514983921791,4914294,0.0000,1.0
2018-05-29,142.53,142.89,140.21,141.22,95.16437663808378,4537638,0.0000,1.0
2018-05-30,141.9,143.1,141.82,142.62,96.10779915113659,5118530,0.0000,1.0
2018-05-31,142.81,142.81,141.05,141.31,95.22502522820861,6830256,0.0000,1.0
2018-06-01,142.43,142.84,141.62,141.95,95.65630409131846,3857530,0.0000,1.0
2018-06-04,142.3,143.17,142.18,143.04,96.39082590505242,3035257,0.0000,1.0
2018-06-05,143.05,144.08,143.04,143.7,96.83558223263447,2836017,0.0000,1.0
2018-06-06,144.34,144.72,143.54,144.71,97.51619418847972,3220139,0.0000,1.0
2018-06-07,145.0,146.7,144.93,145.36,97.95421178382567,4316484,0.0000,1.0
2018-06-08,145.0,146.43,144.37,146.14,98.47983289824079,5210468,0.0000,1.0
2018-06-11,146.62,147.41,146.14,146.58,98.77633711662882,3259986,0.0000,1.0
2018-06-12,147.1,147.52,146.62,146.87,98.97176035147547,2640515,0.0000,1.0
2018-06-13,146.79,147.47,146.2,146.35,98.6213462751987,2968180,0.0000,1.0
2018-06-14,146.65,146.98,145.09,145.2,97.84639206804819,3326343,0.0000,1.0
2018-06-15,144.9,145.47,143.7,145.39,97.97442798053392,9116048,0.0000,1.0
2018-06-18,144.18,144.52,143.14,144.48,97.3612033470496,4286406,0.0000,1.0
2018-06-19,143.12,144.22,142.95,143.9,96.97035687735631,3487015,0.0000,1.0
2018-06-20,144.22,144.52,142.41,142.63,96.11453788337268,3329917,0.0000,1.0
2018-06-21,142.59,143.14,140.83,141.25,95.18459283479206,3887650,0.0000,1.0
2018-06-22,141.64,141.81,140.78,141.28,95.20480903150033,6013678,0.0000,1.0
2018-06-25,140.4,140.4,138.28,138.79,93.52686470471355,8937085,0.0000,1.0
2018-06-26,139.36,139.85,138.33,139.08,93.72228793956022,4139455,0.0000,1.0
2018-06-27,139.11,139.78,137.45,137.48,92.64409078178556,4097588,0.0000,1.0
2018-06-28,138.1,140.54,137.95,140.04,94.36920623422499,4523666,0.0000,1.0
2018-06-29,140.32,141.36,139.61,139.7,94.14008933819787,3753684,0.0000,1.0
2018-07-02,138.28,140.22,138.2,139.86,94.24790905397535,3405642,0.0000,1.0
2018-07-03,140.65,140.94,139.37,139.57,94.05248581912869,1963232,0.0000,1.0
2018-07-05,140.48,141.43,139.93,141.43,95.30589001504171,3744730,0.0000,1.0
2018-07-06,141.53,142.94,141.17,142.48,96.0134568998313,2910426,0.0000,1.0
2018-07-09,142.59,144.72,142.47,144.39,97.30055475692477,3904652,0.0000,1.0
2018-07-10,144.51,145.59,144.26,144.71,97.51619418847972,3776991,0.0000,1.0
2018-07-11,144.0,146.19,144.0,144.94,97.67118502990981,3526565,0.0000,1.0
2018-07-12,145.85,146.83,145.74,146.45,98.68873359755962,3119505,0.0000,1.0
2018-07-13,146.45,146.98,145.8,145.9,98.3181033245746,3067638,0.0000,1.0
2018-07-16,145.67,145.79,144.21,145.46,98.02159910618657,3468817,0.0000,1.0
2018-07-17,144.75,145.0,143.34,143.49,96.69406885567656,5096741,0.0000,1.0
2018-07-18,143.51,144.8,142.74,144.52,97.38815827599397,6935288,0.0000,1.0
2018-07-19,147.85,150.54,147.25,149.24,100.56883989142915,14655804,0.0000,1.0
2018-07-20,148.58,148.86,146.26,146.35,98.6213462751987,6415972,0.0000,1.0
2018-07-23,146.35,146.7,145.01,145.7,98.18332867985276,3897892,0.0000,1.0
2018-07-24,146.7,147.04,145.92,146.38,98.64156247190698,3891625,0.0000,1.0
2018-07-25,146.01,146.65,145.5,146.62,98.80329204557319,3623182,0.0000,1.0
2018-07-26,147.43,149.27,146.63,146.71,98.86394063569801,4778022,0.0000,1.0
2018-07-27,146.89,147.14,144.66,145.15,97.81269840686774,3749642,0.0000,1.0
2018-07-30,144.8,146.24,144.69,145.49,98.04181530289485,3608283,0.0000,1.0
2018-07-31,145.74,145.8,144.16,144.93,97.66444629767372,5474478,0.0000,1.0
2018-08-01,144.76,145.19,143.34,143.5,96.70080758791264,3388386,0.0000,1.0
2018-08-02,142.86,143.36,142.33,142.96,96.33691604716371,3841447,0.0000,1.0
2018-08-03,143.24,147.92,143.0,147.7,99.53107512707105,8053567,0.0000,1.0
2018-08-06,146.95,147.2,145.57,146.03,98.40570684364378,3913743,0.0000,1.0
2018-08-07,146.65,147.64,146.35,147.01,99.06610260278075,3508758,0.0000,1.0
2018-08-08,147.33,147.43,146.24,146.89,98.98523781594764,3581746,0.0000,1.0
2018-08-09,145.53,145.94,144.73,144.77,98.61460754296263,3093504,1.5700,1.0
2018-08-10,144.5,145.07,143.88,144.48,98.41706498450812,3003158,0.0000,1.0
2018-08-13,144.15,144.3,142.53,142.71,97.21137419669958,2858842,0.0000,1.0
2018-08-14,143.0,143.82,142.93,143.36,97.6541420001321,2860041,0.0000,1.0
2018-08-15,142.55,144.0,142.0,143.91,98.0287916799596,4241496,0.0000,1.0
2018-08-16,144.37,145.68,144.37,145.34,99.00288084751115,5250878,0.0000,1.0
2018-08-17,144.79,146.39,144.69,146.06,99.49333133746717,2678820,0.0000,1.0
2018-08-20,146.37,147.16,146.15,146.51,99.79986289368968,2499654,0.0000,1.0
2018-08-21,147.0,147.12,145.89,145.97,99.43202502622266,3106876,0.0000,1.0
2018-08-22,146.01,146.16,145.19,145.24,98.93476272390615,2388961,0.0000,1.0
2018-08-23,145.04,145.52,144.75,145.37,99.02331628459265,2220603,0.0000,1.0
2018-08-24,145.46,146.09,144.87,146.04,99.47970771274616,2776813,0.0000,1.0
2018-08-27,146.94,147.62,146.52,146.69,99.92247551617868,3491565,0.0000,1.0
2018-08-28,146.95,146.99,146.19,146.59,99.85435739257369,2455328,0.0000,1.0
2018-08-29,146.87,147.93,146.6,147.54,100.5014795668212,3153845,0.0000,1.0
2018-08-30,147.03,147.3,145.25,145.93,99.40477777678066,3340369,0.0000,1.0
2018-08-31,145.72,146.78,145.54,146.48,99.77942745660818,3488476,0.0000,1.0
2018-09-04,145.98,146.19,144.81,145.68,99.23448246776816,3326153,0.0000,1.0
2018-09-05,145.19,146.75,145.05,146.66,99.90204007909718,3126540,0.0000,1.0
2018-09-06,146.88,147.66,145.54,146.39,99.71812114536367,4248831,0.0000,1.0
2018-09-07,145.94,146.5,145.12,145.45,99.07781078347664,4693127,0.0000,1.0
2018-09-10,146.6,147.3,145.56,145.65,99.21404703068666,3618209,0.0000,1.0
2018-09-11,146.0,146.99,145.25,146.49,99.78623926896869,3374774,0.0000,1.0
2018-09-12,146.37,147.98,146.03,146.57,99.84073376785268,4506679,0.0000,1.0
2018-09-13,147.35,149.0,147.12,148.95,101.46194510965174,5346540,0.0000,1.0
2018-09-14,148.85,149.3,147.78,148.33,101.03961274330074,3452144,0.0000,1.0
2018-09-17,148.44,149.07,147.77,147.94,100.77395206124122,3551882,0.0000,1.0
2018-09-18,147.76,148.99,147.47,148.56,101.19628442759225,3629596,0.0000,1.0
2018-09-19,148.63,149.96,148.23,149.06,101.53687504561725,4246382,0.0000,1.0
2018-09-20,149.58,151.38,149.44,151.15,102.96054382896182,5952223,0.0000,1.0
2018-09-21,151.48,152.6,150.74,151.35,103.09678007617181,19947878,0.0000,1.0
2018-09-24,151.1,151.2,149.46,150.03,102.19762084458578,4264984,0.0000,1.0
2018-09-25,149.91,150.41,148.36,148.91,101.43469786020975,4397457,0.0000,1.0
2018-09-26,152.4,153.35,151.34,151.61,103.27388719754484,7401862,0.0000,1.0
2018-09-27,152.01,152.39,151.16,151.5,103.19895726157932,3477643,0.0000,1.0
2018-09-28,151.16,151.63,150.79,151.21,103.00141470312482,3305798,0.0000,1.0
2018-10-01,151.71,153.42,151.71,153.0,104.22072911565436,3757419,0.0000,1.0
2018-10-02,152.99,153.84,152.5,153.75,104.73161504269189,3030125,0.0000,1.0
2018-10-03,154.0,154.36,152.8,153.22,104.37058898758536,3315298,0.0000,1.0
2018-10-04,151.69,152.8,150.36,151.31,103.06953282672981,4238143,0.0000,1.0
2018-10-05,150.9,151.79,147.87,149.03,101.51643960853575,4602252,0.0000,1.0
2018-10-08,148.5,149.07,147.18,148.39,101.08048361746373,3239347,0.0000,1.0
2018-10-09,148.08,148.36,146.93,147.24,100.2971251960062,3642496,0.0000,1.0
2018-10-10,147.5,147.69,142.5,142.69,97.19775057197857,5547697,0.0000,1.0
2018-10-11,142.62,144.19,138.78,139.02,94.69781543567497,8710491,0.0000,1.0
2018-10-12,141.12,141.54,139.08,140.85,95.94437709764651,6563403,0.0000,1.0
2018-10-15,140.38,142.26,140.14,141.13,96.13510784374053,4965533,0.0000,1.0
2018-10-16,142.93,145.45,141.58,145.12,98.85302097558014,8695489,0.0000,1.0
2018-10-17,135.89,137.15,133.42,134.05,91.31234469250633,19464000,0.0000,1.0
2018-10-18,132.73,133.4,130.04,130.55,88.92821036633123,10011678,0.0000,1.0
2018-10-19,130.65,131.89,127.96,129.1,87.94049757405868,7791636,0.0000,1.0
2018-10-22,129.58,130.44,128.4,130.02,88.56718431122472,5719518,0.0000,1.0
2018-10-23,129.02,131.9,128.41,131.21,89.37778998212424,6463580,0.0000,1.0
2018-10-24,131.17,131.69,127.0,127.21,86.65306503792412,5710320,0.0000,1.0
2018-10-25,127.25,127.79,125.14,126.45,86.1353672985261,10304327,0.0000,1.0
2018-10-26,125.21,125.78,123.71,124.79,85.00460644668307,8767029,0.0000,1.0
2018-10-29,119.34,123.95,118.3,119.64,81.49652308102542,20450448,0.0000,1.0
2018-10-30,120.48,121.5,115.15,115.4,78.60831464017329,21458594,0.0000,1.0
2018-10-31,116.49,116.5,114.09,115.43,78.6287500772548,21644978,0.0000,1.0
2018-11-01,115.5,117.0,115.11,116.83,79.58240380772483,13626730,0.0000,1.0
2018-11-02,117.51,117.75,114.54,115.67,78.7922335739068,10592681,0.0000,1.0
2018-11-05,116.1,120.77,116.0,120.06,81.78261920016642,9144598,0.0000,1.0
2018-11-06,120.7,123.81,120.31,123.12,83.86703378247951,9597392,0.0000,1.0
2018-11-07,123.79,125.06,122.33,124.84,85.03866550848556,12382666,0.0000,1.0
2018-11-08,122.66,124.4,122.63,123.38,85.11359544445105,10396439,1.5700,1.0
2018-11-09,123.61,124.57,121.96,123.54,85.22397131794037,6961902,0.0000,1.0
2018-11-12,123.5,123.57,120.65,120.9,83.40276940536661,5379113,0.0000,1.0
2018-11-13,121.19,122.25,119.9,120.84,83.36137845280811,4084385,0.0000,1.0
2018-11-14,121.11,121.93,119.77,120.2,82.91987495885084,4762275,0.0000,1.0
2018-11-15,119.66,121.44,119.51,121.44,83.77528797839305,5207973,0.0000,1.0
2018-11-16,120.89,121.85,120.54,121.57,83.86496837560313,4076315,0.0000,1.0
2018-11-19,121.63,122.18,119.77,120.31,82.99575837187474,4131238,0.0000,1.0
2018-11-20,118.49,119.49,116.7,117.2,80.8503273309261,6233777,0.0000,1.0
2018-11-21,117.61,119.51,117.39,118.57,81.79542074767839,5335842,0.0000,1.0
2018-11-23,118.09,118.3382,116.91,117.19,80.84342883883302,2334730,0.0000,1.0
2018-11-26,118.37,120.25,118.06,119.56,82.47837146489356,5011130,0.0000,1.0
2018-11-27,118.38,120.04,118.37,120.03,82.80260059326844,4903771,0.0000,1.0
2018-11-28,121.01,123.09,120.22,123.0,84.85145274491391,5104520,0.0000,1.0
2018-11-29,122.44,123.12,121.4,121.48,83.8028819467654,5200113,0.0000,1.0
2018-11-30,121.66,124.69,121.48,124.27,85.72756124073538,7251590,0.0000,1.0
2018-12-03,125.67,126.59,124.36,125.31,86.44500441841596,5843112,0.0000,1.0
2018-12-04,124.49,124.92,121.33,121.6,83.88566385188237,6000697,0.0000,1.0
2018-12-06,119.72,123.91,119.301,123.91,85.47921552538442,6938049,0.0000,1.0
2018-12-07,123.9,124.05,118.87,119.34,82.32660463884575,7019616,0.0000,1.0
2018-12-10,119.74,121.68,118.52,121.13,83.5614347235075,6549506,0.0000,1.0
2018-12-11,123.25,123.81,120.0,120.89,83.39587091327353,5043081,0.0000,1.0
2018-12-12,122.51,122.88,121.0,121.16,83.58213019978675,3560790,0.0000,1.0
2018-12-13,121.26,121.79,120.17,120.73,83.28549503978421,3993597,0.0000,1.0
2018-12-14,119.5,121.11,119.44,119.9,82.71292019605836,4554204,0.0000,1.0
2018-12-17,119.07,119.78,115.07,116.1,80.09149320068704,7374476,0.0000,1.0
2018-12-18,116.9,118.23,116.02,116.65,80.47091026580658,6290186,0.0000,1.0
2018-12-19,117.15,120.27,115.97,116.43,80.31914343975876,6979823,0.0000,1.0
2018-12-20,115.7,116.45,111.7,113.02,77.96675763601765,8454350,0.0000,1.0
2018-12-21,112.5,115.28,110.44,110.94,76.5318712806565,10386453,0.0000,1.0
2018-12-24,109.9,111.0,107.5,107.57,74.20707944528772,3821376,0.0000,1.0
2018-12-26,108.0,111.39,105.94,111.39,76.84230342484521,6645794,0.0000,1.0
2018-12-27,109.99,113.78,109.47,113.78,78.49104303509192,6045590,0.0000,1.0
2018-12-28,114.22,114.8,112.5,113.03,77.97365612811073,5117533,0.0000,1.0
2018-12-31,113.33,114.35,112.4201,113.67,78.415159622068,4982755,0.0000,1.0
2019-01-02,112.01,115.98,111.69,115.21,79.4775274044027,4239924,0.0000,1.0
2019-01-03,114.53,114.88,112.69,112.91,77.89087422299374,4346659,0.0000,1.0
2019-01-04,114.91,117.49,114.44,117.32,80.9331092360431,4477755,0.0000,1.0
2019-01-07,117.5,118.83,116.67,118.15,81.50568407976894,3751204,0.0000,1.0
2019-01-08,119.66,120.57,118.98,119.83,82.66463075140679,4763636,0.0000,1.0
2019-01-09,120.91,121.4,119.87,120.69,83.25790107141188,3633663,0.0000,1.0
2019-01-10,120.08,121.86,119.95,121.79,84.01673520165095,3909971,0.0000,1.0
2019-01-11,121.58,121.62,120.2,121.46,83.78908496257922,3722370,0.0000,1.0
2019-01-14,120.51,120.65,119.76,120.39,83.0509463086194,5228909,0.0000,1.0
2019-01-15,120.96,121.93,120.82,121.73,83.97534424909246,3507719,0.0000,1.0
2019-01-16,121.58,122.0,120.83,121.62,83.89946083606854,3841100,0.0000,1.0
2019-01-17,120.56,122.41,120.55,122.19,84.29267488537424,5029871,0.0000,1.0
2019-01-18,123.27,124.72,122.71,123.82,85.41712909654667,6008509,0.0000,1.0
2019-01-22,123.3,123.8,121.54,122.52,84.52032512444596,10052384,0.0000,1.0
2019-01-23,131.37,135.0,130.31,132.89,91.67406142497244,22063666,0.0000,1.0
2019-01-24,132.63,133.21,131.43,132.53,91.42571570962147,6322928,0.0000,1.0
2019-01-25,132.87,134.44,132.43,133.97,92.41909857102534,5708500,0.0000,1.0
2019-01-28,133.1,134.81,132.58,134.27,92.62605333381782,5357736,0.0000,1.0
2019-01-29,134.29,135.41,133.6,134.33,92.66744428637632,5037129,0.0000,1.0
2019-01-30,134.0,135.03,133.25,134.38,92.70193674684172,4500919,0.0000,1.0
2019-01-31,134.45,134.72,133.74,134.42,92.72953071521405,4884031,0.0000,1.0
2019-02-01,134.97,135.2,133.35,134.1,92.50877896823542,3806047,0.0000,1.0
2019-02-04,134.02,135.2,132.99,135.19,93.2607146063814,3966597,0.0000,1.0
2019-02-05,135.28,135.82,134.92,135.55,93.50906032173238,5398907,0.0000,1.0
2019-02-06,135.22,136.65,135.17,136.32,94.04024421289971,4879670,0.0000,1.0
2019-02-07,133.55,134.47,132.12,133.19,92.96407944637886,4379439,1.5700,1.0
2019-02-08,132.34,133.71,132.19,133.71,93.32702952755702,3250074,0.0000,1.0
2019-02-11,134.29,135.15,133.91,133.99,93.52246418665294,3095069,0.0000,1.0
2019-02-12,135.15,136.2,134.86,136.05,94.96030489285866,3317161,0.0000,1.0
2019-02-13,136.92,137.92,136.41,137.52,95.98633685311226,4253042,0.0000,1.0
2019-02-14,137.17,137.6,136.21,136.48,95.26043669075595,2789839,0.0000,1.0
2019-02-15,137.58,138.19,137.39,138.03,96.34230712503697,3844062,0.0000,1.0
2019-02-19,137.81,138.7,137.36,138.7,96.8099543450165,3385675,0.0000,1.0
2019-02-20,138.76,139.24,137.22,138.0,96.3213676972767,3801979,0.0000,1.0
2019-02-21,137.82,138.35,137.35,137.84,96.20969074922188,2937467,0.0000,1.0
2019-02-22,138.73,139.38,138.43,139.25,97.19384385395493,3113698,0.0000,1.0
2019-02-25,140.0,140.47,139.32,139.46,97.34041984827687,3194161,0.0000,1.0
2019-02-26,139.67,140.49,139.47,139.72,97.52189488886594,3060381,0.0000,1.0
2019-02-27,139.25,139.57,138.4,139.17,97.1380053799275,2530968,0.0000,1.0
2019-02-28,138.77,139.06,137.72,138.13,96.41210521757122,3457788,0.0000,1.0
2019-03-01,139.31,140.04,138.64,139.2,97.15894480768779,3030044,0.0000,1.0
2019-03-04,139.99,140.08,137.17,138.43,96.621499495174,3407217,0.0000,1.0
2019-03-05,138.37,138.74,137.56,137.88,96.23760998623558,4250650,0.0000,1.0
2019-03-06,138.12,138.39,136.72,136.98,95.60942715342725,2768256,0.0000,1.0
2019-03-07,136.61,136.89,134.63,135.36,94.47869805437227,4358802,0.0000,1.0
2019-03-08,134.21,135.24,133.58,135.09,94.29024320452977,3773722,0.0000,1.0
2019-03-11,136.03,137.73,135.84,137.71,96.11895322892735,3939517,0.0000,1.0
2019-03-12,138.52,139.7,137.86,138.28,96.51680235637262,3954653,0.0000,1.0
2019-03-13,138.05,139.32,137.85,138.56,96.71223701546855,3173179,0.0000,1.0
2019-03-14,138.51,138.94,138.06,138.79,96.87277262829733,2738790,0.0000,1.0
2019-03-15,139.37,140.33,139.23,139.43,97.3194804205166,7153687,0.0000,1.0
2019-03-18,139.83,140.37,138.72,140.21,97.86390554228382,3268510,0.0000,1.0
2019-03-19,140.96,141.7,140.0,140.49,98.05934020137974,3482336,0.0000,1.0
2019-03-20,140.53,140.7,138.98,139.6,97.43813717782483,3649455,0.0000,1.0
2019-03-21,139.1,142.12,138.88,141.44,98.72242208045519,3605420,0.0000,1.0
2019-03-22,140.97,141.44,138.9,139.45,97.33344003902343,3877616,0.0000,1.0
2019-03-25,139.06,139.91,138.35,139.18,97.14498518918094,2839766,0.0000,1.0
2019-03-26,139.93,141.02,139.42,140.22,97.87088535153723,2553708,0.0000,1.0
2019-03-27,140.41,140.49,138.4,139.24,97.18686404470151,3098233,0.0000,1.0
2019-03-28,139.91,140.44,139.1,139.92,97.66149107393444,2663884,0.0000,1.0
2019-03-29,140.5,141.22,140.15,141.1,98.4851085658387,3101454,0.0000,1.0
2019-04-01,141.51,143.41,141.51,143.3,100.0206666015924,3984250,0.0000,1.0
2019-04-02,143.35,143.95,142.6,143.0,99.81127232398961,2404920,0.0000,1.0
2019-04-03,143.65,144.22,143.01,143.63,100.25100030695545,2681645,0.0000,1.0
2019-04-04,143.62,144.14,142.54,142.78,99.65771652041425,2771462,0.0000,1.0
2019-04-05,143.29,143.5,142.46,143.28,100.00670698308554,2731985,0.0000,1.0
2019-04-08,143.02,143.42,142.87,143.39,100.08348488487322,2118228,0.0000,1.0
2019-04-09,142.66,142.95,141.84,142.11,99.19006930043473,3038460,0.0000,1.0
2019-04-10,142.2,143.5,141.98,143.02,99.82523194249647,2678310,0.0000,1.0
2019-04-11,143.8,144.11,143.03,143.78,100.35569744575683,2941985,0.0000,1.0
2019-04-12,144.26,144.44,143.7,144.35,100.7535465732021,2898899,0.0000,1.0
2019-04-15,144.4,144.46,143.27,143.9,100.43945515679795,3603158,0.0000,1.0
2019-04-16,144.4,145.39,144.02,145.14,101.30495150422274,6301671,0.0000,1.0
2019-04-17,137.37,141.98,136.26,139.11,97.09612652440697,12525693,0.0000,1.0
2019-04-18,139.0,140.49,138.7,140.33,97.94766325332492,4960015,0.0000,1.0
2019-04-22,139.42,140.56,138.48,138.89,96.94257072083158,4494333,0.0000,1.0
2019-04-23,139.15,140.92,138.94,140.44,98.0244411551126,4462240,0.0000,1.0
2019-04-24,140.6,141.31,139.78,139.95,97.68243050169472,2774867,0.0000,1.0
2019-04-25,139.7,139.75,137.71,138.63,96.76109568024252,2910113,0.0000,1.0
2019-04-26,139.34,139.89,138.81,139.44,97.32646022977002,2319834,0.0000,1.0
2019-04-29,139.15,139.63,138.81,139.05,97.05424766888642,2958333,0.0000,1.0
2019-04-30,139.11,140.44,138.68,140.27,97.90578439780437,4638828,0.0000,1.0
2019-05-01,140.55,141.81,140.17,140.56,98.10819886615371,3053683,0.0000,1.0
2019-05-02,140.5,141.28,139.41,139.59,97.4311573685714,3541352,0.0000,1.0
2019-05-03,139.7,141.0,139.63,140.25,97.89182477929751,2580034,0.0000,1.0
2019-05-06,138.3,140.69,137.9,140.38,97.98256229959205,2793655,0.0000,1.0
2019-05-07,139.15,139.51,136.19,137.64,96.07009456415335,4726771,0.0000,1.0
2019-05-08,137.77,138.7,137.13,138.0,96.3213676972767,3818909,0.0000,1.0
2019-05-09,134.89,135.58,133.03,135.34,95.5954675349204,4192942,1.6200,1.0
2019-05-10,134.88,135.75,132.42,135.32,95.5813408218223,3977686,0.0000,1.0
2019-05-13,133.28,133.57,130.96,131.42,92.82663176769054,4958021,0.0000,1.0
2019-05-14,131.82,134.32,131.68,133.31,94.1616061554621,3280374,0.0000,1.0
2019-05-15,132.59,134.59,132.37,134.4,94.93151201930917,2551009,0.0000,1.0
2019-05-16,134.74,136.11,134.64,135.88,95.97688878856941,3017472,0.0000,1.0
2019-05-17,134.68,135.41,133.94,134.32,94.87500516691672,2619135,0.0000,1.0
2019-05-20,133.53,135.43,132.93,135.12,95.44007369084119,3264649,0.0000,1.0
2019-05-21,136.12,137.06,135.79,136.45,96.37950011186558,2503504,0.0000,1.0
2019-05-22,136.0,136.75,135.71,136.35,96.30886654637503,1849821,0.0000,1.0
2019-05-23,135.13,135.13,130.44,132.39,93.51177735294895,5343437,0.0000,1.0
2019-05-24,133.53,134.25,131.59,132.28,93.43408043090935,2596121,0.0000,1.0
2019-05-28,132.13,132.64,130.27,130.46,92.14854953898121,4909121,0.0000,1.0
2019-05-29,130.0,130.28,128.32,129.69,91.60467108470391,3678978,0.0000,1.0
2019-05-30,129.74,129.97,128.93,129.57,91.51991080611523,2741880,0.0000,1.0
2019-05-31,128.44,128.44,126.85,126.99,89.69756481645886,3539343,0.0000,1.0
2019-06-03,127.1,128.56,127.06,128.27,90.601674454738,4267080,0.0000,1.0
2019-06-04,129.56,132.74,129.09,132.69,93.72367804942063,3913535,0.0000,1.0
2019-06-05,133.38,133.61,130.47,131.49,92.87607526353395,3161584,0.0000,1.0
2019-06-06,132.19,132.65,130.9,132.22,93.39170029161501,2298248,0.0000,1.0
2019-06-07,132.47,134.72,132.21,133.31,94.1616061554621,2553398,0.0000,1.0
2019-06-10,134.38,135.35,133.91,134.74,95.17166614197707,2911327,0.0000,1.0
2019-06-11,135.32,136.46,135.05,135.95,96.0263322844128,3407345,0.0000,1.0
2019-06-12,135.56,135.94,134.41,134.87,95.26348977711478,2254741,0.0000,1.0
2019-06-13,135.13,136.27,135.09,135.76,95.89212850998074,2955419,0.0000,1.0
2019-06-14,135.44,135.88,134.43,135.15,95.46126376048835,2193367,0.0000,1.0
2019-06-17,135.39,136.03,134.7,134.95,95.31999662950723,2194129,0.0000,1.0
2019-06-18,135.2,137.19,135.2,136.38,96.3300566160222,2914698,0.0000,1.0
2019-06-19,136.43,138.36,136.24,137.08,96.82449157445612,2382520,0.0000,1.0
2019-06-20,138.93,139.54,138.2,138.85,98.07470568363897,3071017,0.0000,1.0
2019-06-21,138.44,139.54,138.39,139.2,98.32192316285591,5288759,0.0000,1.0
2019-06-24,139.2,140.15,139.05,139.35,98.42787351109176,2186137,0.0000,1.0
2019-06-25,139.46,139.55,138.13,138.36,97.72860121273526,2801251,0.0000,1.0
2019-06-26,138.87,139.68,138.41,138.52,97.84161491752013,2284567,0.0000,1.0
2019-06-27,138.72,139.3,137.95,138.52,97.84161491752013,2149824,0.0000,1.0
2019-06-28,138.57,139.14,137.84,137.9,97.40368681147868,6154039,0.0000,1.0
2019-07-01,139.6,141.49,139.28,139.88,98.80223140819172,3387184,0.0000,1.0
2019-07-02,139.75,140.43,139.47,140.22,99.0423855308596,2410092,0.0000,1.0
2019-07-03,140.72,141.82,140.43,141.54,99.97474859533496,1930361,0.0000,1.0
2019-07-05,140.87,141.49,139.91,141.38,99.86173489055007,2135085,0.0000,1.0
2019-07-08,141.05,141.29,140.27,140.57,99.28960301007655,2395487,0.0000,1.0
2019-07-09,140.61,140.99,139.13,139.33,98.41374679799365,3365227,0.0000,1.0
2019-07-10,140.0,141.91,139.79,140.47,99.218969444586,2513931,0.0000,1.0
2019-07-11,140.79,141.58,140.3,141.24,99.7628478988633,2133327,0.0000,1.0
2019-07-12,141.92,142.92,141.66,142.74,100.82235138122167,2786276,0.0000,1.0
2019-07-15,142.89,143.51,142.12,143.32,101.23202606106689,2368309,0.0000,1.0
2019-07-16,143.17,144.04,143.02,143.53,101.38035654859706,3474688,0.0000,1.0
2019-07-17,143.61,143.8,141.95,143.07,101.05544214734049,6064265,0.0000,1.0
2019-07-18,142.5,150.31,142.2,149.63,105.68900404352105,12695387,0.0000,1.0
2019-07-19,149.96,151.58,149.55,149.68,105.72432082626635,7290678,0.0000,1.0
2019-07-22,150.16,151.94,149.7,149.74,105.76670096556069,4093239,0.0000,1.0
2019-07-23,150.57,150.72,148.38,150.38,106.21875578470024,3742204,0.0000,1.0
2019-07-24,150.12,151.45,149.2,150.03,105.97153830548329,2952435,0.0000,1.0
2019-07-25,149.82,150.62,148.61,150.39,106.22581914124929,3102113,0.0000,1.0
2019-07-26,151.0,151.41,150.1,151.36,106.91096472650771,2904494,0.0000,1.0
2019-07-29,151.11,151.48,150.32,150.88,106.57192361215303,2075528,0.0000,1.0
2019-07-30,150.0,150.4,149.22,149.77,105.78789103520785,2632726,0.0000,1.0
2019-07-31,149.7,150.18,146.39,148.24,104.70719748320232,3722907,0.0000,1.0
2019-08-01,148.9,152.82,148.5,150.32,106.1763756454059,6344006,0.0000,1.0
2019-08-02,149.03,152.95,145.59,147.25,104.00792518484579,8101720,0.0000,1.0
2019-08-05,144.98,145.1,139.15,140.76,99.42380678450861,7114871,0.0000,1.0
2019-08-06,142.03,142.47,139.31,140.73,99.40261671486144,5070650,0.0000,1.0
2019-08-07,138.74,139.58,136.41,139.11,98.25835295391443,5931883,0.0000,1.0
2019-08-08,138.45,140.42,137.76,140.1,100.10188901321797,5261444,1.6200,1.0
2019-08-09,139.27,139.31,135.35,136.13,97.26531157294335,5244594,0.0000,1.0
2019-08-12,135.66,135.87,133.18,134.12,95.82916027446677,4516866,0.0000,1.0
2019-08-13,133.8,136.57,132.81,135.79,97.02238050752939,4551170,0.0000,1.0
2019-08-14,133.91,134.16,130.98,131.25,93.77853628111961,5114159,0.0000,1.0
2019-08-15,131.22,132.37,130.25,131.92,94.2572533806118,3738945,0.0000,1.0
2019-08-16,133.04,134.59,132.95,133.76,95.57193914638141,3011993,0.0000,1.0
2019-08-19,134.88,136.33,134.88,135.04,96.48650315735156,3165436,0.0000,1.0
2019-08-20,135.24,135.28,132.81,133.0,95.02891676486789,3018934,0.0000,1.0
2019-08-21,134.96,135.94,133.8,134.25,95.92204568183092,2806774,0.0000,1.0
2019-08-22,134.69,135.68,133.81,134.32,95.97206090118085,2695009,0.0000,1.0
2019-08-23,133.63,134.26,128.83,129.57,92.57817101672129,4818759,0.0000,1.0
2019-08-26,131.05,131.3,129.16,129.99,92.87826233282088,2836837,0.0000,1.0
2019-08-27,131.2,131.7,130.31,131.17,93.72137603043397,4728392,0.0000,1.0
2019-08-28,130.44,132.89,130.04,132.76,94.85743601281096,2713251,0.0000,1.0
2019-08-29,134.18,135.69,134.04,134.88,96.3721826559803,2972842,0.0000,1.0
2019-08-30,135.58,136.07,134.36,135.53,96.83660969280108,2960594,0.0000,1.0
2019-09-03,134.85,134.9,133.33,134.1,95.81487021179535,2827919,0.0000,1.0
2019-09-04,135.71,136.43,135.15,136.32,97.40106716832172,2247924,0.0000,1.0
2019-09-05,138.3,141.7,138.05,140.97,100.72350673942425,5011628,0.0000,1.0
2019-09-06,141.52,141.53,140.46,140.57,100.43770548599608,2576441,0.0000,1.0
2019-09-09,140.59,143.02,140.46,142.6,101.88814684714406,4218622,0.0000,1.0
2019-09-10,143.0,145.46,142.96,145.05,103.63867952439163,4979341,0.0000,1.0
2019-09-11,144.85,145.12,142.71,143.6,102.60264998071449,3867963,0.0000,1.0
2019-09-12,144.03,144.04,141.88,143.62,102.61694004338591,2504162,0.0000,1.0
2019-09-13,144.32,144.65,143.26,143.67,102.65266520006442,2206605,0.0000,1.0
2019-09-16,142.56,143.64,142.27,142.48,101.8024064711156,1928269,0.0000,1.0
2019-09-17,142.48,142.48,140.66,142.2,101.60234559371588,2940494,0.0000,1.0
2019-09-18,142.05,142.3,140.51,142.22,101.61663565638729,1994714,0.0000,1.0
2019-09-19,142.46,145.03,142.45,142.97,102.15251300656512,3181790,0.0000,1.0
2019-09-20,143.25,143.83,141.82,141.88,101.37370459097335,5217726,0.0000,1.0
2019-09-23,141.19,142.22,140.56,142.07,101.50946018635172,1849558,0.0000,1.0
2019-09-24,142.5,142.89,141.07,141.68,101.23080396425927,3311403,0.0000,1.0
2019-09-25,141.74,143.63,140.86,143.16,102.2882686019435,2544628,0.0000,1.0
2019-09-26,143.17,143.88,141.41,143.55,102.56692482403598,2313892,0.0000,1.0
2019-09-27,144.41,145.09,142.38,143.24,102.34542885262914,2356682,0.0000,1.0
2019-09-30,143.73,146.57,143.73,145.42,103.90304568381268,4004019,0.0000,1.0
2019-10-01,145.59,147.35,143.54,143.66,102.64552016872872,2973628,0.0000,1.0
2019-10-02,142.19,142.27,140.57,141.69,101.23794899559496,3347129,0.0000,1.0
2019-10-03,141.62,142.07,139.18,142.02,101.47373502967321,3138743,0.0000,1.0
2019-10-04,142.06,143.06,141.03,142.99,102.16680306923654,2447901,0.0000,1.0
2019-10-07,142.26,142.7,141.22,141.28,100.94500271083109,2487737,0.0000,1.0
2019-10-08,140.24,140.47,138.25,138.38,98.87294362347681,3342266,0.0000,1.0
2019-10-09,139.77,140.33,138.79,139.67,99.79465266578268,2631860,0.0000,1.0
2019-10-10,139.77,141.78,139.56,141.13,100.83782724079552,2619287,0.0000,1.0
2019-10-11,142.77,144.5,142.61,142.76,102.00246734851532,3015458,0.0000,1.0
2019-10-14,142.31,142.43,141.32,142.04,101.48802509234461,2325055,0.0000,1.0
2019-10-15,142.54,143.72,141.81,143.0,102.17394810057223,3044933,0.0000,1.0
2019-10-16,142.49,142.95,141.39,142.11,101.53804031169456,5835941,0.0000,1.0
2019-10-17,135.0,136.0,132.91,134.26,95.92919071316662,15824614,0.0000,1.0
2019-10-18,134.22,134.49,132.25,134.09,95.80772518045966,7177468,0.0000,1.0
2019-10-21,132.61,133.1,130.9,132.58,94.7288254487683,6370639,0.0000,1.0
2019-10-22,132.55,134.05,131.61,133.96,95.7148397730955,4193653,0.0000,1.0
2019-10-23,133.52,134.57,132.7,134.38,96.01493108919507,3626724,0.0000,1.0
2019-10-24,134.83,135.07,133.3,134.07,95.79343511778823,2619190,0.0000,1.0
2019-10-25,134.12,135.93,134.1,135.44,96.77230441077974,2577995,0.0000,1.0
2019-10-28,136.0,136.63,135.45,135.97,97.15099107157208,3225692,0.0000,1.0
2019-10-29,135.42,135.57,133.44,133.82,95.61480933439563,4158483,0.0000,1.0
2019-10-30,133.83,135.28,133.2,135.25,96.63654881540135,2252680,0.0000,1.0
2019-10-31,135.11,135.25,133.23,133.73,95.5505040523743,3410851,0.0000,1.0
2019-11-01,134.5,135.56,134.09,135.53,96.83660969280108,3088769,0.0000,1.0
2019-11-04,136.24,137.74,136.23,137.67,98.3656463986418,3333510,0.0000,1.0
2019-11-05,137.8,138.76,137.63,137.89,98.5228370880273,3012926,0.0000,1.0
2019-11-06,138.0,138.78,137.55,138.78,99.158744876905,4476362,0.0000,1.0
2019-11-07,137.87,139.14,137.58,137.69,99.53743153769732,4073697,1.6200,1.0
2019-11-08,137.58,137.61,136.16,137.61,99.47959876463455,2278446,0.0000,1.0
2019-11-11,137.2,137.2,135.0,135.47,97.93257208520485,2568022,0.0000,1.0
2019-11-12,135.87,136.66,135.02,135.59,98.01932124479904,3046496,0.0000,1.0
2019-11-13,135.39,135.58,133.85,134.48,97.2168915185528,3060919,0.0000,1.0
2019-11-14,134.13,134.33,133.33,134.0,96.86989488017606,4231231,0.0000,1.0
2019-11-15,134.39,135.12,134.03,134.4,97.15905874549001,3262504,0.0000,1.0
2019-11-18,134.3,134.48,133.23,134.31,97.09399687579437,3210383,0.0000,1.0
2019-11-19,134.88,135.38,134.46,134.52,97.2458079050842,2995004,0.0000,1.0
2019-11-20,134.06,134.46,132.75,133.2,96.29156714954813,4138165,0.0000,1.0
2019-11-21,133.4,134.17,132.98,133.84,96.75422933405048,3322158,0.0000,1.0
2019-11-22,134.19,134.65,133.59,134.34,97.11568416569293,3297397,0.0000,1.0
2019-11-25,134.47,136.0,134.35,135.97,98.2940269168473,2590146,0.0000,1.0
2019-11-26,136.15,136.15,134.77,135.09,97.6578664131566,3806859,0.0000,1.0
2019-11-27,135.35,135.71,133.62,133.77,96.70362565762053,3280699,0.0000,1.0
2019-11-29,133.6,134.52,133.03,134.45,97.19520422865425,1825255,0.0000,1.0
2019-12-02,134.45,134.5,132.48,132.91,96.08192334719551,3066813,0.0000,1.0
2019-12-03,132.0,132.44,130.69,132.12,95.51082471320045,3708102,0.0000,1.0
2019-12-04,132.86,133.68,131.96,131.99,95.41684645697342,3530028,0.0000,1.0
2019-12-05,132.99,133.24,131.63,131.91,95.35901368391062,3595312,0.0000,1.0
2019-12-06,132.75,133.89,132.7,133.22,96.30602534281384,3437438,0.0000,1.0
2019-12-09,133.35,134.59,133.26,133.92,96.81206210711326,2968310,0.0000,1.0
2019-12-10,133.92,134.84,133.56,133.91,96.80483301048041,3478362,0.0000,1.0
2019-12-11,134.11,134.51,133.67,133.76,96.69639656098768,3698494,0.0000,1.0
2019-12-12,133.7,135.66,133.66,135.32,97.82413563571211,4824103,0.0000,1.0
2019-12-13,134.75,135.5,134.01,134.21,97.0217059094659,2534970,0.0000,1.0
2019-12-16,134.94,135.45,133.85,134.13,96.9638731364031,3049224,0.0000,1.0
2019-12-17,134.28,134.69,133.46,134.22,97.02893500609873,2907186,0.0000,1.0
2019-12-18,134.55,135.0,134.15,134.41,97.16628784212286,3101819,0.0000,1.0
2019-12-19,134.46,134.73,134.19,134.56,97.2747242916156,3866494,0.0000,1.0
2019-12-20,135.74,136.42,134.95,135.59,98.01932124479904,7111779,0.0000,1.0
2019-12-23,135.78,136.15,135.0,135.55,97.99040485826765,2803158,0.0000,1.0
2019-12-24,135.61,135.62,134.61,134.98,97.57834635019525,1202087,0.0000,1.0
2019-12-26,134.98,135.31,134.65,134.91,97.5277426737653,2129654,0.0000,1.0
2019-12-27,135.0,135.75,134.87,135.27,97.78799015254788,2752185,0.0000,1.0
2019-12-30,135.2,135.3,132.5,132.81,96.00963238086703,4118929,0.0000,1.0
2019-12-31,132.53,134.12,132.4,134.04,96.89881126670744,3777504,0.0000,1.0
2020-01-02,135.0,135.92,134.77,135.42,97.8964266020406,3148461,0.0000,1.0
2020-01-03,133.57,134.86,133.56,134.34,97.11568416569293,2373470,0.0000,1.0
2020-01-06,133.42,134.24,133.2,134.1,96.94218584650454,2421128,0.0000,1.0
2020-01-07,133.69,134.96,133.4,134.19,97.00724771620018,3267592,0.0000,1.0
2020-01-08,134.51,135.86,133.92,135.31,97.81690653907927,4345952,0.0000,1.0
2020-01-09,135.74,136.79,135.31,136.74,98.85066735757668,3730549,0.0000,1.0
2020-01-10,137.0,137.87,136.31,136.69,98.81452187441242,3255398,0.0000,1.0
2020-01-13,135.48,136.64,135.07,136.6,98.74946000471678,3162843,0.0000,1.0
2020-01-14,136.28,137.14,135.55,135.82,98.18559046735456,3680958,0.0000,1.0
2020-01-15,136.0,138.06,135.71,136.62,98.76391819798249,4045591,0.0000,1.0
2020-01-16,137.32,138.19,137.01,137.98,99.74707534004993,4319896,0.0000,1.0
2020-01-17,136.54,138.33,136.16,138.31,99.98563552893395,5622251,0.0000,1.0
2020-01-21,137.81,139.35,137.6,139.17,100.60733783935896,7130819,0.0000,1.0
2020-01-22,143.32,145.79,142.55,143.89,104.01947145006366,16464948,0.0000,1.0
2020-01-23,144.2,144.41,142.15,142.87,103.28210359351309,5654308,0.0000,1.0
2020-01-24,143.39,143.92,140.46,140.56,101.61218227132498,5579292,0.0000,1.0
2020-01-27,138.5,140.07,138.1,138.62,100.20973752455228,4165146,0.0000,1.0
2020-01-28,139.5,140.47,138.75,139.55,100.88204351140723,3449000,0.0000,1.0
2020-01-29,139.17,139.58,137.6,137.69,99.53743153769732,3053189,0.0000,1.0
2020-01-30,136.76,136.97,134.97,136.77,98.87235464747522,5007038,0.0000,1.0
2020-01-31,142.9,144.05,140.79,143.73,103.90380590393809,18987138,0.0000,1.0
2020-02-03,144.25,147.28,143.9,146.27,105.73999644868174,8886414,0.0000,1.0
2020-02-04,147.78,149.38,146.88,149.11,107.79305989241084,5619700,0.0000,1.0
2020-02-05,150.21,157.44,150.15,156.33,113.01246766132779,14379714,0.0000,1.0
2020-02-06,156.82,158.75,155.42,156.76,113.32331881654028,8394374,0.0000,1.0
2020-02-07,154.55,155.54,152.92,153.41,112.07268509905742,6414553,1.6200,1.0
2020-02-10,152.97,154.44,151.58,154.43,112.81783951403062,5237553,0.0000,1.0
2020-02-11,155.12,155.22,152.73,153.48,112.12382314714381,3833574,0.0000,1.0
2020-02-12,153.75,155.6,153.52,155.31,113.46071783283102,4437792,0.0000,1.0
2020-02-13,154.37,154.83,153.41,154.31,112.73017428873966,3819757,0.0000,1.0
2020-02-14,154.42,154.56,149.77,150.7,110.0929120945698,6095081,0.0000,1.0
2020-02-18,149.79,151.38,149.64,151.1,110.38512951220635,3343038,0.0000,1.0
2020-02-19,151.54,151.89,150.31,150.86,110.20979906162444,2732905,0.0000,1.0
2020-02-20,150.81,151.62,149.51,151.22,110.47279473749731,2880483,0.0000,1.0
2020-02-21,151.04,151.04,148.84,149.84,109.46464464665122,3536740,0.0000,1.0
2020-02-24,145.51,148.05,145.38,146.43,106.97349116129965,5447948,0.0000,1.0
2020-02-25,146.51,147.07,141.26,141.71,103.52532563318837,6210878,0.0000,1.0
2020-02-26,142.9,144.06,139.6,139.75,102.09346028676927,5407690,0.0000,1.0
2020-02-27,137.24,138.69,133.01,133.11,97.24265115400257,8404903,0.0000,1.0
2020-02-28,129.98,131.09,126.36,130.15,95.08024226349211,13009236,0.0000,1.0
2020-03-02,130.75,134.44,127.95,134.3,98.11199797147131,8528971,0.0000,1.0
2020-03-03,134.48,136.1,127.8,128.9,94.16706283337788,7893390,0.0000,1.0
2020-03-04,131.58,134.28,129.0,134.22,98.05355448794398,4994682,0.0000,1.0
2020-03-05,130.5,132.29,128.45,129.55,94.64191613703728,5445193,0.0000,1.0
2020-03-06,126.7,128.33,124.52,127.73,93.31232688679098,8192525,0.0000,1.0
2020-03-09,120.16,122.41,117.28,117.81,86.06533492940457,10750357,0.0000,1.0
2020-03-10,122.78,124.88,115.76,124.77,91.14991799628052,11403865,0.0000,1.0
2020-03-11,121.01,122.58,116.38,117.97,86.18222189645918,8446480,0.0000,1.0
2020-03-12,109.65,109.8,102.28,102.81,75.10718176803398,12485925,0.0000,1.0
2020-03-13,108.68,109.16,100.81,107.95,78.86217558466363,12493419,0.0000,1.0
2020-03-16,98.0,107.41,95.0,99.08,72.38225434857317,10564044,0.0000,1.0
2020-03-17,100.61,107.4,97.1,106.65,77.91246897734486,8887501,0.0000,1.0
2020-03-18,99.41,106.93,99.4,103.55,75.6477839906616,8751994,0.0000,1.0
2020-03-19,102.33,103.69,98.24,100.34,73.3027392141283,8391294,0.0000,1.0
2020-03-20,100.92,100.99,94.71,95.39,69.68654867087601,10543213,0.0000,1.0
2020-03-23,94.6,97.74,90.56,94.77,69.23361167353934,9718602,0.0000,1.0
2020-03-24,99.99,106.04,99.26,105.48,77.05773303075794,7967768,0.0000,1.0
2020-03-25,105.48,112.48,102.83,105.85,77.32803414207176,8646557,0.0000,1.0
2020-03-26,106.91,113.15,105.57,112.89,82.47106069247502,7153135,0.0000,1.0
2020-03-27,108.58,111.5,107.65,108.03,78.92061906819094,6421470,0.0000,1.0
2020-03-30,108.09,113.46,107.81,112.93,82.50028243423867,5562501,0.0000,1.0
2020-03-31,112.0,113.81,110.17,110.93,81.03919534605593,6342167,0.0000,1.0
2020-04-01,106.36,109.92,104.52,105.14,76.80934822576688,6111890,0.0000,1.0
2020-04-02,105.37,110.32,105.14,110.0,80.35978985005094,6327540,0.0000,1.0
2020-04-03,108.92,110.07,104.92,106.34,77.68600047867653,4538113,0.0000,1.0
2020-04-06,110.35,115.63,110.13,114.82,83.88100973257136,7026457,0.0000,1.0
2020-04-07,118.8,119.57,114.87,114.94,83.96867495786233,5592463,0.0000,1.0
2020-04-08,116.31,119.96,115.07,119.29,87.14653937465981,5155987,0.0000,1.0
2020-04-09,120.48,122.92,120.17,121.5,88.76104060710173,5576210,0.0000,1.0
2020-04-13,121.63,121.8,118.04,121.15,88.50535036666976,5118777,0.0000,1.0
2020-04-14,123.46,125.18,122.62,123.91,90.52165054836193,5087292,0.0000,1.0
2020-04-15,119.12,120.19,116.76,118.69,86.70821324820497,5632156,0.0000,1.0
2020-04-16,119.01,119.75,114.42,115.73,84.54580435769452,6438128,0.0000,1.0
2020-04-17,119.3,120.39,117.92,120.12,87.75289051625565,4964018,0.0000,1.0
2020-04-20,119.15,122.86,118.14,120.41,87.96474814404213,7965530,0.0000,1.0
2020-04-21,114.0,117.15,112.06,116.76,85.29826420810863,14341304,0.0000,1.0
2020-04-22,119.87,120.33,117.55,119.31,87.16115024554163,7085901,0.0000,1.0
2020-04-23,119.57,123.03,119.12,121.35,88.65145907548802,6873899,0.0000,1.0
2020-04-24,122.41,125.0,120.76,124.72,91.11339081907595,4985575,0.0000,1.0
2020-04-27,125.56,126.99,125.47,125.92,91.9900430719856,4920443,0.0000,1.0
2020-04-28,128.03,128.2,125.38,126.27,92.24573331241757,4775867,0.0000,1.0
2020-04-29,128.88,129.31,127.53,128.69,94.0136486891187,5252734,0.0000,1.0
2020-04-30,126.52,127.27,125.22,125.56,91.72704739611271,6630032,0.0000,1.0
2020-05-01,123.19,123.47,121.39,121.87,89.03134171841555,4923913,0.0000,1.0
2020-05-04,120.82,121.97,119.39,121.68,88.89253844503818,4016551,0.0000,1.0
2020-05-05,123.39,124.32,122.47,122.58,89.55002763472041,3897761,0.0000,1.0
2020-05-06,123.24,124.05,122.41,123.17,89.98104832573432,3861081,0.0000,1.0
2020-05-07,122.98,123.26,120.85,121.23,89.754579827066,4412047,1.6300,1.0
2020-05-08,122.67,123.23,121.06,122.99,91.05762412712073,5002450,0.0000,1.0
2020-05-11,121.81,123.45,120.67,122.59,90.76147769529011,3533382,0.0000,1.0
2020-05-12,123.01,124.32,120.26,120.26,89.03642472987673,4779635,0.0000,1.0
2020-05-13,119.95,119.99,114.85,115.73,85.68256638939494,5874676,0.0000,1.0
2020-05-14,114.57,117.09,111.81,116.95,86.58581300647833,5255607,0.0000,1.0
2020-05-15,115.93,117.39,115.25,116.98,86.60802398886563,4785773,0.0000,1.0
2020-05-18,119.88,122.36,119.75,121.56,89.99890063332626,4205425,0.0000,1.0
2020-05-19,121.19,122.17,120.14,120.29,89.05863571226404,3239964,0.0000,1.0
2020-05-20,120.93,122.47,120.6,121.38,89.86563473900247,3840563,0.0000,1.0
2020-05-21,120.99,121.72,118.97,119.12,88.19240739915946,4018329,0.0000,1.0
2020-05-22,119.37,119.47,117.59,118.39,87.65194016106857,4179906,0.0000,1.0
2020-05-26,121.3,122.62,121.01,121.76,90.14697384924158,5467436,0.0000,1.0
2020-05-27,123.94,125.83,123.47,125.54,92.94555763004095,5725163,0.0000,1.0
2020-05-28,126.87,126.97,124.22,124.53,92.19778788966863,3915224,0.0000,1.0
2020-05-29,123.67,125.13,122.24,124.9,92.47172333911196,7929905,0.0000,1.0
2020-06-01,124.64,125.75,124.03,124.89,92.46431967831619,2867306,0.0000,1.0
2020-06-02,125.67,126.0,124.66,126.0,93.28612602664617,2976908,0.0000,1.0
2020-06-03,127.15,129.6,127.0,129.05,95.54424256935468,3913804,0.0000,1.0
2020-06-04,127.78,128.95,127.02,128.89,95.4257839966224,3864131,0.0000,1.0
2020-06-05,133.89,134.23,131.75,132.06,97.7727444688801,5892718,0.0000,1.0
2020-06-08,132.27,135.88,132.27,135.75,100.50469530251759,5368387,0.0000,1.0
2020-06-09,133.52,133.6,131.02,131.87,97.63207491376056,5391520,0.0000,1.0
2020-06-10,132.15,132.23,129.8,129.87,96.15134275460744,4725055,0.0000,1.0
2020-06-11,126.03,126.1,117.84,118.01,87.37060105082948,11753674,0.0000,1.0
2020-06-12,121.25,123.12,119.28,121.91,90.25802876117805,6218003,0.0000,1.0
2020-06-15,119.19,122.37,118.29,121.65,90.06553358048815,5148756,0.0000,1.0
2020-06-16,125.0,127.5,123.16,125.15,92.6568148590061,5605791,0.0000,1.0
2020-06-17,125.83,126.25,123.4,124.15,91.91644877942954,3153862,0.0000,1.0
2020-06-18,123.0,124.4,122.33,124.16,91.9238524402253,2860286,0.0000,1.0
2020-06-19,126.17,126.82,122.25,122.47,90.67263376574093,8098994,0.0000,1.0
2020-06-22,122.12,122.5,120.53,121.07,89.63612125433373,4762601,0.0000,1.0
2020-06-23,122.01,122.9,119.23,119.41,88.40711356223666,6628278,0.0000,1.0
2020-06-24,118.32,118.32,115.88,116.42,86.19341898430275,6747421,0.0000,1.0
2020-06-25,116.76,119.21,116.1,119.03,88.12577445199757,6128720,0.0000,1.0
2020-06-26,118.26,118.99,116.26,117.19,86.7635008655767,10749166,0.0000,1.0
2020-06-29,117.98,119.78,117.37,119.75,88.65883802929268,4159488,0.0000,1.0
2020-06-30,119.19,121.2,119.0,120.77,89.41401143046077,3916381,0.0000,1.0
2020-07-01,120.27,121.23,118.37,118.54,87.76299507300506,4657168,0.0000,1.0
2020-07-02,119.69,121.42,119.26,119.7,88.62181972531386,3745663,0.0000,1.0
2020-07-06,121.25,121.85,119.46,120.19,88.98459910430637,4044188,0.0000,1.0
2020-07-07,119.0,119.51,117.33,117.58,87.05224363661155,4278088,0.0000,1.0
2020-07-08,118.06,118.64,116.48,117.71,87.14849122695651,5191792,0.0000,1.0
2020-07-09,118.0,118.0,115.2,115.71,85.66775906780339,4760875,0.0000,1.0
2020-07-10,115.5,118.57,115.29,118.35,87.6223255178855,4285088,0.0000,1.0
2020-07-13,119.78,120.99,118.66,119.2,88.25163668552558,4644595,0.0000,1.0
2020-07-14,118.62,120.89,117.92,120.6,89.28814919693275,4531393,0.0000,1.0
2020-07-15,122.4,123.96,122.15,123.0,91.06502778791649,4470095,0.0000,1.0
2020-07-16,122.68,124.48,122.16,124.01,91.81279752828883,4328856,0.0000,1.0
2020-07-17,124.39,125.63,123.2,125.11,92.62720021582302,3983972,0.0000,1.0
2020-07-20,126.07,127.07,125.14,126.37,93.5600614760895,9737157,0.0000,1.0
2020-07-21,131.16,132.17,125.8,126.06,93.33054799142076,15356679,0.0000,1.0
2020-07-22,125.9,129.47,125.8,128.67,95.26290345911556,8195366,0.0000,1.0
2020-07-23,129.1,129.37,127.15,127.33,94.27081291248298,4220136,0.0000,1.0
2020-07-24,126.48,127.6459,125.5,125.79,93.1306491499351,3531076,0.0000,1.0
2020-07-27,124.86,126.32,124.71,126.21,93.44160290335724,3733547,0.0000,1.0
2020-07-28,125.82,126.34,124.15,124.47,92.15336592489403,4178176,0.0000,1.0
2020-07-29,124.56,125.99,124.07,125.32,92.7826770925341,2833141,0.0000,1.0
2020-07-30,123.71,123.9046,121.64,122.9,90.99099117995884,3988062,0.0000,1.0
2020-07-31,122.71,122.99,121.09,122.94,91.0206058231419,5277652,0.0000,1.0
2020-08-03,123.5,124.41,122.15,124.31,92.03490735216178,3526574,0.0000,1.0
2020-08-04,123.82,125.86,123.82,125.84,93.16766745391392,3431366,0.0000,1.0
2020-08-05,126.73,126.75,124.61,125.45,92.87892468287906,3675400,0.0000,1.0
2020-08-06,125.0,126.26,125.0,126.12,93.37496995619536,3417131,0.0000,1.0
2020-08-07,123.5,125.07,123.21,124.96,93.72294201359632,3651226,1.6300,1.0
2020-08-10,125.42,127.24,125.1849,127.11,95.33549263242821,3968295,0.0000,1.0
2020-08-11,128.76,130.47,126.61,126.75,95.06548415671683,5001176,0.0000,1.0
2020-08-12,127.61,127.79,125.876,126.7,95.0279829795347,3530177,0.0000,1.0
2020-08-13,125.96,126.39,124.77,125.03,93.77544366165132,3171258,0.0000,1.0
2020-08-14,124.2,125.56,123.91,125.27,93.95544931212558,2963753,0.0000,1.0
2020-08-17,125.25,125.59,124.41,124.44,93.33292977090211,3336459,0.0000,1.0
2020-08-18,125.0,125.5,124.24,124.92,93.69294107185063,2882355,0.0000,1.0
2020-08-19,124.83,125.5,123.5,123.84,92.88291564471648,3743949,0.0000,1.0
2020-08-20,123.2,124.04,122.81,123.15,92.36539939960298,2561164,0.0000,1.0
2020-08-21,123.01,123.4842,122.31,123.16,92.3728996350394,3385051,0.0000,1.0
2020-08-24,123.79,126.06,123.36,125.68,94.26295896501911,4070816,0.0000,1.0
2020-08-25,126.0,126.82,124.49,124.64,93.48293447963066,2977697,0.0000,1.0
2020-08-26,124.95,125.12,123.95,124.17,93.13042341411857,3388687,0.0000,1.0
2020-08-27,124.6,125.1,123.98,124.65,93.4904347150671,3422654,0.0000,1.0
2020-08-28,124.96,125.3,124.2187,125.07,93.80544460339704,3099940,0.0000,1.0
2020-08-31,125.25,125.25,123.03,123.31,92.48540316658583,4827879,0.0000,1.0
2020-09-01,122.85,123.95,122.15,123.4,92.55290528551367,3155623,0.0000,1.0
2020-09-02,123.72,128.7,123.575,128.18,96.13801782412595,6592430,0.0000,1.0
2020-09-03,128.19,129.95,123.65,124.45,93.34043000633854,5716750,0.0000,1.0
2020-09-04,124.35,125.35,121.24,122.3,91.72787938750665,6018238,0.0000,1.0
2020-09-08,122.16,122.87,120.71,121.21,90.91035372493607,5210292,0.0000,1.0
2020-09-09,122.13,123.7,121.29,122.26,91.69787844576095,3770678,0.0000,1.0
2020-09-10,122.53,123.5764,120.24,120.56,90.4228384215683,3978805,0.0000,1.0
2020-09-11,121.39,122.7,120.73,121.46,91.09785961084675,3548091,0.0000,1.0
2020-09-14,122.36,123.38,121.76,122.09,91.57037444334168,3641887,0.0000,1.0
2020-09-15,122.82,123.4,122.24,122.44,91.83288268361663,2915221,0.0000,1.0
2020-09-16,122.71,125.82,122.71,124.22,93.1679245913007,3789458,0.0000,1.0
2020-09-17,122.62,125.55,121.97,124.92,93.69294107185063,3171262,0.0000,1.0
2020-09-18,124.26,124.92,122.65,122.76,92.07289021758231,5391570,0.0000,1.0
2020-09-21,120.48,120.7,118.58,120.25,90.19033112303904,5311441,0.0000,1.0
2020-09-22,120.33,121.45,119.53,120.51,90.38533724438616,2957809,0.0000,1.0
2020-09-23,120.8,121.59,118.43,118.83,89.12529769106636,3939398,0.0000,1.0
2020-09-24,118.1,119.515,116.48,118.09,88.57028026877073,3546160,0.0000,1.0
2020-09-25,117.6,119.41,116.94,118.95,89.21530051630349,2953686,0.0000,1.0
2020-09-28,120.57,122.33,120.41,121.73,91.3003659676303,3509576,0.0000,1.0
2020-09-29,121.41,122.1858,120.21,120.94,90.70784736815253,2130564,0.0000,1.0
2020-09-30,121.38,122.91,120.8,121.67,91.25536455501174,3261235,0.0000,1.0
2020-10-01,122.36,123.3,120.355,121.09,90.82035089969895,3211661,0.0000,1.0
2020-10-02,119.04,121.75,118.82,120.57,90.43033865700471,2925228,0.0000,1.0
2020-10-05,121.84,122.75,121.05,122.01,91.51037255985027,3050949,0.0000,1.0
2020-10-06,122.58,124.83,121.59,121.97,91.48037161810456,3872265,0.0000,1.0
2020-10-07,122.67,124.39,122.32,124.07,93.0554210597543,2815663,0.0000,1.0
2020-10-08,130.86,135.5,129.77,131.49,98.6205957535834,25288926,0.0000,1.0
2020-10-09,132.0,132.0,127.6,127.79,95.84550864210529,8353704,0.0000,1.0
2020-10-12,128.07,128.25,126.44,127.21,95.41049498679249,4635115,0.0000,1.0
2020-10-13,126.57,127.15,124.46,125.1,93.82794530970631,5406088,0.0000,1.0
2020-10-14,125.13,126.94,125.13,125.94,94.45796508636622,3730139,0.0000,1.0
2020-10-15,124.08,125.215,123.85,124.89,93.67044036554134,3389301,0.0000,1.0
2020-10-16,125.17,126.43,124.655,125.93,94.45046485092979,4714320,0.0000,1.0
2020-10-19,126.8,127.35,125.08,125.52,94.14295519803626,7478735,0.0000,1.0
2020-10-20,119.8,120.15,116.84,117.37,88.03026331734797,21501073,0.0000,1.0
2020-10-21,116.66,117.6899,114.79,115.06,86.29770893153325,9755308,0.0000,1.0
2020-10-22,115.0,116.06,112.98,115.76,86.82272541208316,7858158,0.0000,1.0
2020-10-23,116.5,116.62,115.53,116.0,87.00273106255742,3893362,0.0000,1.0
2020-10-26,114.45,114.9,111.84,112.22,84.16764206758788,7203366,0.0000,1.0
2020-10-27,112.15,112.22,110.03,110.56,82.92260298514093,5936106,0.0000,1.0
2020-10-28,108.66,109.73,105.92,106.65,79.99001092949783,9427321,0.0000,1.0
2020-10-29,107.25,109.64,106.55,108.91,81.68506413813041,6760241,0.0000,1.0
2020-10-30,107.9,111.8,107.75,111.66,83.74762888314794,7923882,0.0000,1.0
2020-11-02,112.65,113.8265,112.25,112.91,84.68515831270136,5311497,0.0000,1.0
2020-11-03,114.0,115.65,113.63,114.16,85.62268774225478,4204287,0.0000,1.0
2020-11-04,112.33,113.91,111.16,111.9,83.9276345336222,5800071,0.0000,1.0
2020-11-05,113.3,115.29,113.01,114.77,86.08020210387684,4902206,0.0000,1.0
2020-11-06,115.08,115.1,113.39,114.04,85.53268491701766,5249171,0.0000,1.0
2020-11-09,117.88,119.74,115.27,115.53,87.87275837318299,8992152,1.6300,1.0
2020-11-10,116.69,118.17,116.25,117.91,89.68299956532508,5622756,0.0000,1.0
2020-11-11,118.12,118.35,116.22,117.2,89.14296962985412,4289601,0.0000,1.0
2020-11-12,115.63,116.37,113.48,114.5,87.08933466397863,6500799,0.0000,1.0
2020-11-13,115.19,117.37,115.01,116.85,88.87675768983321,4683512,0.0000,1.0
2020-11-16,118.3,118.55,117.12,118.36,90.02527205963766,5293385,0.0000,1.0
2020-11-17,117.6,118.54,117.07,117.7,89.52327240131254,4134455,0.0000,1.0
2020-11-18,117.72,118.88,116.75,116.77,88.81590924639987,4606828,0.0000,1.0
2020-11-19,116.54,117.45,115.89,117.18,89.1277575189958,3439648,0.0000,1.0
2020-11-20,117.6,118.04,116.69,116.94,88.94521218869573,5024593,0.0000,1.0
2020-11-23,117.43,120.515,117.27,120.09,91.3411196488838,5655119,0.0000,1.0
2020-11-24,120.86,124.73,120.805,124.42,94.63454164971374,7535949,0.0000,1.0
2020-11-25,122.93,124.33,122.11,124.2,94.46720843027202,4135894,0.0000,1.0
2020-11-27,124.2,125.31299999999999,123.91,124.35,94.58129926170955,2091186,0.0000,1.0
2020-11-30,124.1,125.0,123.09,123.52,93.94999666108856,5987991,0.0000,1.0
2020-12-01,123.9,125.83,123.08,123.16,93.6761786656385,5099334,0.0000,1.0
2020-12-02,122.85,124.64,122.41,124.62,94.7866627582971,3690737,0.0000,1.0
2020-12-03,124.16,124.86,123.29,123.61,94.01845115995108,4548161,0.0000,1.0
2020-12-04,123.97,127.38,123.64,127.2,96.74902505902256,5522760,0.0000,1.0
2020-12-07,126.49,126.97,124.57,124.7,94.84751120173046,8318500,0.0000,1.0
2020-12-08,125.32,126.33,124.64,125.71,95.61572280007645,5395024,0.0000,1.0
2020-12-09,125.8,127.69,125.7,126.79,96.43717678642666,6513517,0.0000,1.0
2020-12-10,126.35,126.93,124.94,124.96,95.04526864288883,4803172,0.0000,1.0
2020-12-11,124.08,125.51,123.61,124.27,94.5204508182762,4481416,0.0000,1.0
2020-12-14,125.32,126.2435,123.47,123.53,93.95760271651774,5050023,0.0000,1.0
2020-12-15,124.39,125.93,123.44,125.93,95.78305601951817,4359601,0.0000,1.0
2020-12-16,125.93,126.5728,125.286,125.55,95.49402591320977,4530096,0.0000,1.0
2020-12-17,126.08,126.09,124.91,125.55,95.49402591320977,3787962,0.0000,1.0
2020-12-18,125.59,126.4,124.97,125.85,95.72220757608481,7552845,0.0000,1.0
2020-12-21,123.97,124.18,121.72,123.39,93.85111794050938,6115671,0.0000,1.0
2020-12-22,123.31,124.22,122.41,123.61,94.01845115995108,4337757,0.0000,1.0
2020-12-23,123.88,125.21,123.74,123.9,94.23902676739698,2693889,0.0000,1.0
2020-12-24,125.0,125.1,124.21,124.69,94.83990514630128,1761122,0.0000,1.0
2020-12-28,125.1,126.6,124.46,124.82,94.93878386688047,3583222,0.0000,1.0
2020-12-29,125.35,125.48,123.24,123.8,94.16296621310529,3487007,0.0000,1.0
2020-12-30,123.8,124.85,123.63,124.34,94.57369320628038,3380494,0.0000,1.0
2020-12-31,124.22,126.03,123.99,125.88,95.74502574237232,3574696,0.0000,1.0
2021-01-04,125.85,125.9174,123.04,123.94,94.26945098911365,5179161,0.0000,1.0
2021-01-05,125.01,126.68,124.61,126.14,95.94278318353071,6114619,0.0000,1.0
2021-01-06,126.9,131.88,126.72,129.29,98.33869064371875,7956740,0.0000,1.0
2021-01-07,130.04,130.46,128.26,128.99,98.11050898084372,4507382,0.0000,1.0
2021-01-08,128.57,129.32,126.98,128.53,97.76063043110196,4676487,0.0000,1.0
2021-01-11,127.95,129.675,127.66,128.58,97.79866070824781,5602466,0.0000,1.0
2021-01-12,129.09,129.85,127.94,129.21,98.27784220028542,3729068,0.0000,1.0
2021-01-13,129.15,129.75,126.455,126.92,96.53605550700584,7677739,0.0000,1.0
2021-01-14,128.02,130.16,127.55,128.97,98.09529686998538,7503180,0.0000,1.0
2021-01-15,128.28,129.24,127.67,128.39,97.65414565509359,4905506,0.0000,1.0
2021-01-19,129.28,129.59,128.0885,129.02,98.13332714713123,5397956,0.0000,1.0
2021-01-20,129.7,131.06,128.56,130.08,98.93956902262308,5598705,0.0000,1.0
2021-01-21,130.12,132.24,130.05,131.65,100.13371972500252,12819233,0.0000,1.0
2021-01-22,120.7,120.7,117.36,118.61,90.21542344536687,38063533,0.0000,1.0
2021-01-25,118.7624,119.538,117.45,118.58,90.19260527907936,13686391,0.0000,1.0
2021-01-26,119.18,122.59,118.42,122.49,93.16657295188422,10694708,0.0000,1.0
2021-01-27,122.08,124.79,121.6214,122.47,93.15136084102589,12146541,0.0000,1.0
2021-01-28,122.8,123.2,120.07,120.08,91.33351359345463,8084051,0.0000,1.0
2021-01-29,120.22,121.3,118.9,119.11,90.59572621682528,11825496,0.0000,1.0
2021-02-01,119.9,120.95,118.73,120.54,91.68339214319639,6250508,0.0000,1.0
2021-02-02,119.36,121.0,119.28,119.44,90.84672604598785,6311881,0.0000,1.0
2021-02-03,119.04,119.8,118.12,119.12,90.60333227225446,6715366,0.0000,1.0
2021-02-04,119.91,121.1,118.87,121.02,92.04848280379646,4562124,0.0000,1.0
2021-02-05,121.0,121.81,120.52,121.79,92.63414907184244,4565727,0.0000,1.0
2021-02-08,122.62,123.9767,122.4,123.61,94.01845115995108,5887999,0.0000,1.0
2021-02-09,121.9,122.5953,121.05,122.1,94.1097238251011,4661655,1.6300,1.0
2021-02-10,123.03,123.41,121.2138,122.24,94.21763014234527,4831858,0.0000,1.0
2021-02-11,122.0,122.205,120.63,120.91,93.19252012852559,5381556,0.0000,1.0
2021-02-12,121.0,121.36,120.09,120.8,93.10773659354801,3871195,0.0000,1.0
2021-02-16,120.15,120.6,119.36,120.07,92.54508222506051,6639790,0.0000,1.0
2021-02-17,119.27,120.56,119.02,119.97,92.46800628417182,3949876,0.0000,1.0
2021-02-18,120.5,120.94,119.7,120.73,93.05378343492593,5399145,0.0000,1.0
2021-02-19,120.75,120.76,118.38,118.99,91.71266206346257,6578741,0.0000,1.0
2021-02-22,118.5,121.125,118.44,120.86,93.15398215808123,5838841,0.0000,1.0
2021-02-23,120.92,121.35,119.8,120.71,93.03836824674819,4531464,0.0000,1.0
2021-02-24,120.8,123.49,120.52,123.21,94.96526676896565,5819983,0.0000,1.0
2021-02-25,123.37,124.35,122.335,122.47,94.39490480638929,5672671,0.0000,1.0
2021-02-26,122.25,122.25,118.88,118.93,91.66641649892937,8868848,0.0000,1.0
2021-03-01,120.35,122.32,119.8649,120.74,93.06149102901479,5715767,0.0000,1.0
2021-03-02,120.74,121.9,120.26,120.33,92.74547967137113,4524299,0.0000,1.0
2021-03-03,120.5,122.634,119.98,122.36,94.31012127141172,7404269,0.0000,1.0
2021-03-04,122.0,123.22,118.755,120.11,92.575912601416,8068492,0.0000,1.0
2021-03-05,120.64,123.75,120.25,122.83,94.6723781935886,6949265,0.0000,1.0
2021-03-08,122.99,126.85,122.88,124.81,96.19848182318484,7239191,0.0000,1.0
2021-03-09,125.4,126.43,124.16,124.18,95.71290339558604,5609029,0.0000,1.0
2021-03-10,125.05,128.24,124.61,127.87,98.55700561437902,7247807,0.0000,1.0
2021-03-11,128.09,128.64,126.78,127.14,97.99435124589152,5146937,0.0000,1.0
2021-03-12,127.19,127.68,126.61,127.61,98.3566081680684,4010100,0.0000,1.0
2021-03-15,127.77,128.75,127.5401,128.58,99.10424479468878,3421281,0.0000,1.0
2021-03-16,128.28,128.52,127.34,128.24,98.84218659566721,4653178,0.0000,1.0
2021-03-17,128.46,129.49,127.49,129.03,99.45108652868792,4291351,0.0000,1.0
2021-03-18,128.94,130.995,127.79,130.06,100.24496871984152,5835669,0.0000,1.0
2021-03-19,130.02,130.44,128.53,128.9,99.35088780553262,9844983,0.0000,1.0
2021-03-22,128.5,130.72,127.89,130.55,100.62264083019615,4164914,0.0000,1.0
2021-03-23,130.44,131.56,129.8,130.46,100.55327248339631,4356359,0.0000,1.0
2021-03-24,130.95,132.11,130.57,130.62,100.67659398881824,4005027,0.0000,1.0
2021-03-25,130.33,133.24,129.77,133.07,102.56495454059134,5553966,0.0000,1.0
2021-03-26,133.29,136.48,133.12,136.38,105.11616818400726,5567592,0.0000,1.0
2021-03-29,135.98,137.07,135.51,135.86,104.71537329138606,4622664,0.0000,1.0
2021-03-30,135.86,136.27,134.02,134.72,103.83670756525487,4790366,0.0000,1.0
2021-03-31,134.54,134.71,132.71,133.26,102.71139882827987,4945315,0.0000,1.0
2021-04-01,133.76,133.93,132.27,133.23,102.68827604601326,4074161,0.0000,1.0
2021-04-05,133.64,136.69,133.4,135.93,104.76932645000814,5471616,0.0000,1.0
2021-04-06,135.58,135.64,134.09,134.22,103.45132786081139,3620964,0.0000,1.0
2021-04-07,133.84,134.94,133.78,134.93,103.99856704112115,2976136,0.0000,1.0
2021-04-08,134.57,135.6299,134.16,135.12,104.14501132880967,4087228,0.0000,1.0
2021-04-09,134.87,135.74,134.71,135.73,104.61517456823073,3023916,0.0000,1.0
2021-04-12,135.02,135.37,133.85,134.59,103.73650884209957,3753959,0.0000,1.0
2021-04-13,133.0,133.62,130.38,131.18,101.10821925779494,8033530,0.0000,1.0
2021-04-14,131.305,132.78,130.52,132.63,102.22582040068107,5868049,0.0000,1.0
2021-04-15,133.28,133.87,132.22,132.58,102.18728243023673,3883955,0.0000,1.0
2021-04-16,133.0,134.1,132.95,133.59,102.96574943321258,5291756,0.0000,1.0
2021-04-19,133.6,133.815,132.58,133.12,102.6034925110357,8198582,0.0000,1.0
2021-04-20,137.07,139.77,136.7,138.16,106.4881199318261,15480579,0.0000,1.0
2021-04-21,138.06,143.73,137.71,143.55,110.64251314572698,11909005,0.0000,1.0
2021-04-22,143.7,144.74,141.0,141.28,108.89288928755352,7101368,0.0000,1.0
2021-04-23,141.31,143.61,140.95,142.43,109.77926260777355,4556700,0.0000,1.0
2021-04-26,142.42,143.63,141.48,141.57,109.11640951613073,4710763,0.0000,1.0
2021-04-27,141.69,142.56,140.75,142.01,109.455543656041,3884037,0.0000,1.0
2021-04-28,142.92,143.4,142.1,143.0,110.21859547083913,3768129,0.0000,1.0
2021-04-29,144.13,148.74,142.98,144.24,111.174337137859,4353880,0.0000,1.0
2021-04-30,143.7,143.83,140.55,141.88,109.3553449328857,8872181,0.0000,1.0
2021-05-03,143.81,145.75,143.55,144.75,111.56742443639135,5733463,0.0000,1.0
2021-05-04,144.41,146.59,144.33,145.75,112.33818384527834,6350479,0.0000,1.0
2021-05-05,145.94,145.94,144.97,145.22,111.92968135856823,4999900,0.0000,1.0
2021-05-06,145.26,148.515,145.18,148.42,114.39611146700659,7503487,0.0000,1.0
2021-05-07,145.92,146.14,144.57,145.46,113.37870904727576,7003467,1.6400,1.0
2021-05-10,145.8,148.38,145.8,146.17,113.9321181179726,6983377,0.0000,1.0
2021-05-11,144.99,145.19,142.9,144.22,112.41219179704461,7126404,0.0000,1.0
2021-05-12,143.84,144.15,141.14,141.3,110.13619956262936,5959579,0.0000,1.0
2021-05-13,141.45,144.9,141.28,144.17,112.37321932727723,4598920,0.0000,1.0
2021-05-14,145.11,145.69,143.96,144.68,112.77073851890457,2747385,0.0000,1.0
2021-05-17,144.44,145.8,144.33,145.11,113.10590175890408,4275172,0.0000,1.0
2021-05-18,144.78,145.3,143.23,143.91,112.17056248448682,3824050,0.0000,1.0
2021-05-19,142.32,143.2,140.92,143.19,111.6093589198365,4300732,0.0000,1.0
2021-05-20,143.12,144.91,142.16,143.88,112.1471790026264,4112690,0.0000,1.0
2021-05-21,144.28,145.69899999999998,144.28,144.74,112.81750548262542,4033482,0.0000,1.0
2021-05-24,145.06,145.39,144.18,144.72,112.80191649471847,3297570,0.0000,1.0
2021-05-25,144.92,145.0,143.2,143.79,112.0770285570451,3937323,0.0000,1.0
2021-05-26,143.5,143.9894,143.04,143.38,111.75745430495255,3083789,0.0000,1.0
2021-05-27,143.82,144.77,143.63,143.82,112.10041203890553,5630345,0.0000,1.0
2021-05-28,144.21,144.33,143.485,143.74,112.03805608727774,2534811,0.0000,1.0
2021-06-01,145.0,145.83,143.75,144.19,112.38880831518418,2417455,0.0000,1.0
2021-06-02,144.62,145.75,144.11,145.72,113.58136589006617,2786916,0.0000,1.0
2021-06-03,144.91,145.88,144.04,145.55,113.44885949285707,4130741,0.0000,1.0
2021-06-04,146.0,147.55,145.76,147.42,114.90642986215724,3117905,0.0000,1.0
2021-06-07,147.55,148.74,147.17,148.02,115.37409949936587,3462712,0.0000,1.0
2021-06-08,148.12,150.2,148.12,149.07,116.19252136448094,5080099,0.0000,1.0
2021-06-09,149.03,151.07,148.82,150.67,117.43964039703724,5303252,0.0000,1.0
2021-06-10,151.47,152.84,149.76,150.54,117.33831197564204,4758488,0.0000,1.0
2021-06-11,150.43,151.845,150.37,151.28,117.91510452819935,3438255,0.0000,1.0
2021-06-14,150.71,151.03,148.655,150.03,116.94079278401473,3344845,0.0000,1.0
2021-06-15,149.85,149.91,148.6,149.36,116.41856168913178,2513281,0.0000,1.0
2021-06-16,149.76,149.76,147.22,147.83,115.2260041142498,3795420,0.0000,1.0
2021-06-17,147.55,148.06,145.28,145.6,113.48783196262443,4367387,0.0000,1.0
2021-06-18,144.48,144.68,143.04,143.12,111.55479746216216,9156505,0.0000,1.0
2021-06-21,144.11,147.07,144.06,146.65,114.30625382773952,4285711,0.0000,1.0
2021-06-22,146.52,146.81,145.35,146.36,114.0802135030887,2437121,0.0000,1.0
2021-06-23,146.43,146.5,144.57,144.61,112.71617706123023,3202644,0.0000,1.0
2021-06-24,145.8,146.19,144.69,145.44,113.36312005936881,3609679,0.0000,1.0
2021-06-25,145.38,146.93,144.945,146.84,114.45434921285558,3594218,0.0000,1.0
2021-06-28,147.01,147.3,144.9121,145.29,113.24620265006665,3888869,0.0000,1.0
2021-06-29,145.26,146.74,145.1,145.55,113.44885949285707,2428626,0.0000,1.0
2021-06-30,145.13,146.93,144.71,146.59,114.25948686401865,3245091,0.0000,1.0
2021-07-01,146.96,147.5,146.57,146.84,114.45434921285558,2686289,0.0000,1.0
2021-07-02,146.91,146.95,139.46,140.02,109.1385043365843,16828161,0.0000,1.0
2021-07-06,139.99,140.42,137.1,138.78,108.17198708635316,8093747,0.0000,1.0
2021-07-07,138.76,140.33,138.76,139.82,108.98261445751476,4059667,0.0000,1.0
2021-07-08,137.78,141.31,137.66,140.74,109.69970790123465,5487425,0.0000,1.0
2021-07-09,141.45,141.98,140.841,141.52,110.30767842960584,3904059,0.0000,1.0
2021-07-12,141.43,141.9599,140.115,140.92,109.84000879239721,3342627,0.0000,1.0
2021-07-13,140.92,140.92,139.63,140.28,109.3411611793747,3164294,0.0000,1.0
2021-07-14,140.72,140.75,138.9273,139.82,108.98261445751476,4403752,0.0000,1.0
2021-07-15,139.32,140.46,138.8005,140.45,109.4736675765838,3639698,0.0000,1.0
2021-07-16,141.0,141.0,138.59,138.9,108.26552101379488,4109308,0.0000,1.0
2021-07-19,136.45,138.49,136.2089,137.92,107.50166060635412,8582302,0.0000,1.0
2021-07-20,143.0,144.92,138.7,139.97,109.09953186681692,13611675,0.0000,1.0
2021-07-21,139.97,141.39,139.65,141.3,110.13619956262936,4803977,0.0000,1.0
2021-07-22,141.66,141.81,140.41,140.71,109.67632441937421,3314153,0.0000,1.0
2021-07-23,140.96,141.7,140.33,141.34,110.16737753844326,4474157,0.0000,1.0
2021-07-26,141.39,143.0,141.13,142.77,111.28199017379046,4246266,0.0000,1.0
2021-07-27,142.53,143.64,141.6,142.75,111.26640118588351,3137027,0.0000,1.0
2021-07-28,143.01,143.1,141.64,141.77,110.50254077844278,2544099,0.0000,1.0
2021-07-29,142.33,142.96,141.6,141.93,110.6272526816984,2657669,0.0000,1.0
2021-07-30,141.52,141.85,140.79,140.96,109.87118676821113,3535555,0.0000,1.0
2021-08-02,141.45,143.06,141.03,141.42,110.22973349007106,2929540,0.0000,1.0
2021-08-03,141.9,144.7,141.65,144.07,112.29527438774245,4084724,0.0000,1.0
2021-08-04,143.8,144.18,142.47,142.76,111.27419567983698,2830079,0.0000,1.0
2021-08-05,143.03,143.41,142.22,142.77,111.28199017379046,2757389,0.0000,1.0
2021-08-06,143.0,144.39,142.89,144.09,112.31086337564942,3826835,0.0000,1.0
2021-08-09,142.2,142.495,140.97,141.25,111.37552410123217,4904065,1.6400,1.0
2021-08-10,141.21,141.811,140.34,141.38,111.47802900836959,5299869,0.0000,1.0
2021-08-11,141.78,142.7685,141.5,142.13,112.06940347262392,4259952,0.0000,1.0
2021-08-12,142.26,143.15,142.0766,143.07,112.810592801156,2089418,0.0000,1.0
2021-08-13,142.64,143.58,142.44,143.18,112.89732772257999,1908951,0.0000,1.0
2021-08-16,143.23,143.74,142.23,143.59,113.22061242970568,2786343,0.0000,1.0
2021-08-17,143.0,143.16,141.09,142.42,112.29806826546891,3074078,0.0000,1.0
2021-08-18,141.67,141.915,139.39,139.47,109.97199537273522,3510694,0.0000,1.0
2021-08-19,138.69,139.45,137.21,138.02,108.82867140851019,4160129,0.0000,1.0
2021-08-20,137.74,139.38,137.27,139.11,109.68813562989315,2657763,0.0000,1.0
2021-08-23,139.62,140.15,138.8,139.62,110.0902702655861,3039587,0.0000,1.0
2021-08-24,139.78,140.23,139.32,139.84,110.26374010843404,2365638,0.0000,1.0
2021-08-25,139.92,140.8,139.46,139.86,110.27951009414748,2012817,0.0000,1.0
2021-08-26,139.97,140.8,138.71,138.78,109.42793086562125,2498915,0.0000,1.0
2021-08-27,138.71,139.585,138.4,139.41,109.92468541559488,2459643,0.0000,1.0
2021-08-30,139.5,139.88,138.815,138.97,109.57774572989901,1995526,0.0000,1.0
2021-08-31,139.54,140.94,138.95,140.34,110.65798975127025,4235101,0.0000,1.0
2021-09-01,139.98,140.0699,139.19,139.3,109.83795049417093,2474544,0.0000,1.0
2021-09-02,139.72,140.05,139.03,140.01,110.39778498699833,2715659,0.0000,1.0
2021-09-03,139.68,140.47,139.3,139.58,110.0587302941592,1924215,0.0000,1.0
2021-09-07,139.65,139.79,137.7614,138.06,108.86021137993708,3285363,0.0000,1.0
2021-09-08,138.14,139.09,137.6,138.67,109.34119594419727,2985409,0.0000,1.0
2021-09-09,137.85,138.96,137.555,137.74,108.60789160852191,3508363,0.0000,1.0
2021-09-10,138.82,139.3699,137.0,137.02,108.04017212283776,3975115,0.0000,1.0
2021-09-13,138.4,138.99,137.51,138.15,108.9311763156476,4144345,0.0000,1.0
2021-09-14,138.4,138.57,135.34,136.22,107.40937269429979,4454291,0.0000,1.0
2021-09-15,136.22,137.8,135.67,137.2,108.18210199425877,3254122,0.0000,1.0
2021-09-16,137.28,137.95,135.71,136.43,107.57495754429101,2643975,0.0000,1.0
2021-09-17,135.75,135.9199,135.05,135.23,106.62875840148408,5633480,0.0000,1.0
2021-09-20,133.9,135.18,132.78,134.31,105.90333905866544,4770651,0.0000,1.0
2021-09-21,135.11,135.65,132.94,132.97,104.84675001586436,4074528,0.0000,1.0
2021-09-22,133.72,135.37,133.47,134.63,106.15565883008061,3602416,0.0000,1.0
2021-09-23,135.25,137.42,135.03,136.73,107.81150732999274,3013238,0.0000,1.0
2021-09-24,137.03,138.48,136.75,137.49,108.4107667871038,2964397,0.0000,1.0
2021-09-27,137.96,139.065,137.48,138.56,109.25446102277331,3306865,0.0000,1.0
2021-09-28,139.17,139.688,137.21,137.47,108.39499680139035,4314595,0.0000,1.0
2021-09-29,137.73,139.93,136.44,139.18,109.74333057989023,3774236,0.0000,1.0
2021-09-30,140.0,140.57,138.5,138.93,109.54620575847211,5824431,0.0000,1.0
2021-10-01,141.0,143.97,140.37,143.32,113.00771762257412,6604064,0.0000,1.0
2021-10-04,142.74,146.0,142.3501,144.11,113.63063205825536,7351128,0.0000,1.0
2021-10-05,144.75,145.0,142.64,143.15,112.87367274400981,6976648,0.0000,1.0
2021-10-06,142.48,143.37,140.89,142.36,112.25075830832859,5328433,0.0000,1.0
2021-10-07,142.73,143.395,141.53,141.81,111.81708370120873,3823803,0.0000,1.0
2021-10-08,141.81,143.65,141.05,143.22,112.92886769400687,3731279,0.0000,1.0
2021-10-11,143.5,144.08,142.4,142.43,112.30595325832566,2793298,0.0000,1.0
2021-10-12,142.21,142.3,140.3,140.47,110.76049465840767,3148559,0.0000,1.0
2021-10-13,140.52,141.41,139.66,140.76,110.98915945125266,2880747,0.0000,1.0
2021-10-14,141.04,143.92,141.01,143.39,113.06291257257118,4217305,0.0000,1.0
2021-10-15,143.39,144.85,142.79,144.61,114.02488170109157,3222778,0.0000,1.0
2021-10-18,144.0,144.94,141.759,142.32,112.21921833690168,6154055,0.0000,1.0
2021-10-19,141.08,142.94,140.5201,141.98,111.95112857977304,4339548,0.0000,1.0
2021-10-20,141.68,142.2,140.7,141.9,111.88804863691927,6189255,0.0000,1.0
2021-10-21,133.51,133.72,128.1,128.33,101.18811333034425,31466529,0.0000,1.0
2021-10-22,128.05,130.25,126.611,127.88,100.83328865179163,11582195,0.0000,1.0
2021-10-25,127.53,128.65,126.94,127.64,100.64404882323026,6374038,0.0000,1.0
2021-10-26,127.52,128.3,126.755,127.13,100.2419141875373,8520872,0.0000,1.0
2021-10-27,127.44,127.88,125.01,125.17,98.69645558761933,6973432,0.0000,1.0
2021-10-28,125.17,126.31,124.62,125.84,99.22475010901987,6503003,0.0000,1.0
2021-10-29,125.43,126.32,124.91,125.1,98.64126063762225,5916789,0.0000,1.0
2021-11-01,125.05,126.31,123.8375,126.28,99.57168979471574,5874767,0.0000,1.0
2021-11-02,126.3,127.17,124.91,126.18,99.4928398661485,4496393,0.0000,1.0
2021-11-03,126.23,127.29,125.68,127.13,100.2419141875373,5421406,0.0000,1.0
2021-11-04,123.05,123.34,119.9,120.85,99.67348505249606,7208736,0.0000,1.046
2021-11-05,121.43,123.77,121.43,123.61,101.94985095026097,6790478,0.0000,1.0
2021-11-08,123.985,124.78,123.53,124.54,102.71688728537741,5625275,0.0000,1.0
2021-11-09,122.56,122.9,120.26,120.85,101.02610826710996,7195453,1.6400,1.0
2021-11-10,121.0,122.43,119.932,120.22,100.49945168284619,6268961,0.0000,1.0
2021-11-11,120.9,121.7894,120.08,120.27,100.54124982445441,4643257,0.0000,1.0
2021-11-12,120.0,120.64,118.78,118.96,99.44613851431859,5376966,0.0000,1.0
2021-11-15,119.54,120.16,118.31,118.87,99.37090185942377,5046321,0.0000,1.0
2021-11-16,118.92,119.9,118.42,118.46,99.02815709823622,4750760,0.0000,1.0
2021-11-17,118.38,119.33,117.78,118.06,98.69377196537032,4043289,0.0000,1.0
2021-11-18,118.36,118.36,116.31,116.66,97.52342400033967,5047879,0.0000,1.0
2021-11-19,116.49,116.56,115.27,116.05,97.01348667271917,5384548,0.0000,1.0
2021-11-22,116.0,118.81,115.19,116.47,97.36459106222837,6417218,0.0000,1.0
2021-11-23,116.79,117.94,116.04,116.79,97.6320991685211,4914995,0.0000,1.0
2021-11-24,116.16,117.27,116.08,116.73,97.58194139859121,3220802,0.0000,1.0
2021-11-26,115.0,116.335,114.56,115.81,96.81285559299964,3322012,0.0000,1.0
2021-11-29,118.62,119.61,117.53,118.5,99.0615956115228,8949795,0.0000,1.0
2021-11-30,117.5,119.2399,116.45,117.1,97.89124764649216,9252701,0.0000,1.0
2021-12-01,118.25,118.93,116.85,116.92,97.74077433670251,5959867,0.0000,1.0
2021-12-02,117.37,117.98,116.56,116.9,97.72405508005922,5267149,0.0000,1.0
2021-12-03,117.36,119.36,117.36,118.84,99.34582297445883,6630139,0.0000,1.0
2021-12-06,119.4,121.15,119.4,119.91,100.2403032048751,4785560,0.0000,1.0
2021-12-07,120.475,122.08,120.07,121.58,101.63636113459023,5193991,0.0000,1.0
2021-12-08,122.0,123.38,121.52,123.02,102.84014761290747,5483948,0.0000,1.0
2021-12-09,122.15,123.95,121.79,123.57,103.29992717059808,4601092,0.0000,1.0
2021-12-10,124.3,125.33,123.36,124.09,103.73462784332376,4966921,0.0000,1.0
2021-12-13,123.76,124.3554,120.79,122.58,102.47232396675498,6847468,0.0000,1.0
2021-12-14,122.35,125.03,122.3,123.76,103.4587601087094,5716124,0.0000,1.0
2021-12-15,123.8,124.815,122.18,123.11,102.91538426780231,4990028,0.0000,1.0
2021-12-16,123.51,126.6399,123.475,125.93,105.27279945450691,7280537,0.0000,1.0
2021-12-17,125.87,128.64,125.2093,127.4,106.50166481778909,10382693,0.0000,1.0
2021-12-20,125.72,127.2,124.7,127.06,106.21743745485307,4941411,0.0000,1.0
2021-12-21,127.66,129.3356,127.66,128.97,107.81412646428774,4855972,0.0000,1.0
2021-12-22,129.06,129.79,127.6,129.75,108.46617747337625,3923198,0.0000,1.0
2021-12-23,130.0,130.96,129.52,130.63,109.20182476568122,3649044,0.0000,1.0
2021-12-27,130.63,131.65,129.95,131.62,110.02942796952432,4294499,0.0000,1.0
2021-12-28,131.6,133.22,131.59,132.63,110.87375043001072,3447079,0.0000,1.0
2021-12-29,132.4,134.21,132.3,133.35,111.47564366916933,4239935,0.0000,1.0
2021-12-30,133.75,134.37,133.33,133.91,111.9437828551816,3158111,0.0000,1.0
2021-12-31,134.0,134.99,133.61,133.66,111.73479214714041,3315313,0.0000,1.0
2022-01-03,134.07,136.295,133.63,136.04,113.72438368769251,4610665,0.0000,1.0
2022-01-04,136.1,139.95,135.9,138.02,115.37959009537873,7300011,0.0000,1.0
2022-01-05,138.31,142.2,137.88,138.22,115.54678266181168,8956910,0.0000,1.0
2022-01-06,138.2,138.4099,132.51,135.34,113.1392097051772,9908081,0.0000,1.0
2022-01-07,134.9,135.6618,133.5111,134.83,112.71286866077318,5238099,0.0000,1.0
2022-01-10,134.47,136.2,133.38,135.03,112.88006122720613,5432807,0.0000,1.0
2022-01-11,130.52,133.25,127.97,132.87,111.07438150973026,11081210,0.0000,1.0
2022-01-12,133.25,134.47,131.37,133.59,111.67627474888889,5352014,0.0000,1.0
2022-01-13,133.9,136.05,133.56,134.76,112.65435126252163,4868349,0.0000,1.0
2022-01-14,134.55,135.14,133.3,134.21,112.19457170483103,5310305,0.0000,1.0
2022-01-18,132.95,133.89,131.78,132.94,111.1328989079818,5236258,0.0000,1.0
2022-01-19,132.9,133.9,131.5,131.58,109.99598945623774,4099035,0.0000,1.0
2022-01-20,131.26,132.88,130.5705,130.82,109.36065770379251,5278244,0.0000,1.0
2022-01-21,131.65,131.87,129.27,129.35,108.13179234051034,5906950,0.0000,1.0
2022-01-24,127.99,129.15,124.193,128.82,107.68873203946302,13777648,0.0000,1.0
2022-01-25,129.14,137.3361,128.3,136.1,113.77454145762239,19715698,0.0000,1.0
2022-01-26,136.47,137.07,133.13,134.26,112.23636984643926,8335992,0.0000,1.0
2022-01-27,133.66,134.75,132.08,132.52,110.78179451847261,5499566,0.0000,1.0
2022-01-28,133.19,134.53,131.79,134.5,112.4370009261588,5471497,0.0000,1.0
2022-01-31,134.09,134.09,132.3,133.57,111.65955549224557,5859043,0.0000,1.0
2022-02-01,133.76,135.96,132.5,135.53,113.2980426432885,6206448,0.0000,1.0
2022-02-02,135.7,137.555,135.26,137.25,114.73589871461186,5357237,0.0000,1.0
2022-02-03,137.0,138.76,135.83100000000002,137.78,115.17895901565917,6100777,0.0000,1.0
2022-02-04,137.86,138.82,136.215,137.15,114.6523024313954,4142045,0.0000,1.0
2022-02-07,137.45,137.8223,136.27,137.24,114.72753908629022,3759046,0.0000,1.0
2022-02-08,137.23,137.52,135.78,137.02,114.54362726321398,4181825,0.0000,1.0
2022-02-09,137.84,138.35,136.83,137.79,115.18731864398082,5393478,0.0000,1.0
2022-02-10,135.47,136.56,133.17,133.52,112.98873639538753,5978640,1.6400,1.0
2022-02-11,133.9,134.7099,132.38,132.69,112.28636483151566,4176155,0.0000,1.0
2022-02-14,132.59,132.65,129.07,130.15,110.13693859990778,5345289,0.0000,1.0
2022-02-15,130.64,131.68,129.61,129.94,109.9592301319402,4395714,0.0000,1.0
2022-02-16,129.45,130.44,128.26,129.18,109.31609472405754,4875612,0.0000,1.0
2022-02-17,128.05,128.5,124.85,124.97,105.75346305670746,6796997,0.0000,1.0
2022-02-18,124.94,125.44,123.61,124.35,105.22879996080316,4609212,0.0000,1.0
2022-02-22,124.2,125.0,122.68,123.92,104.86492071686955,5306688,0.0000,1.0
2022-02-23,124.38,124.7,121.87,122.07,103.29939373715514,4086367,0.0000,1.0
2022-02-24,120.0,122.1,118.81,121.97,103.21477065717059,6563202,0.0000,1.0
2022-02-25,122.05,124.2625,121.45,124.18,105.08494072482942,4460904,0.0000,1.0
2022-02-28,122.21,123.3851,121.0388,122.51,103.67173528908722,6757332,0.0000,1.0
2022-03-01,122.67,123.39,120.7,121.35,102.6901075612663,4873331,0.0000,1.0
2022-03-02,122.59,124.64,121.8,123.86,104.81414686887881,4891435,0.0000,1.0
2022-03-03,124.96,126.665,124.2351,125.93,106.56584462455926,5206649,0.0000,1.0
2022-03-04,124.4,127.35,124.2103,126.62,107.14974387645273,4402911,0.0000,1.0
2022-03-07,126.47,127.905,125.62,126.07,106.68431693653764,5047358,0.0000,1.0
2022-03-08,126.62,128.345,124.82,125.68,106.35428692459786,4887565,0.0000,1.0
2022-03-09,127.41,128.1,125.91,126.22,106.81125155651448,4403499,0.0000,1.0
2022-03-10,125.75,126.03,123.125,124.35,105.22879996080316,5326835,0.0000,1.0
2022-03-11,125.0,126.77,123.91,123.96,104.89876994886338,4119630,0.0000,1.0
2022-03-14,124.45,125.16,122.685,123.94,104.88184533286646,3289440,0.0000,1.0
2022-03-15,124.0,125.9398,123.22,125.64,106.32043769260402,4021228,0.0000,1.0
2022-03-16,126.5,127.2842,124.71,127.04,107.5051608123879,4292845,0.0000,1.0
2022-03-17,127.1,128.29,126.53,127.96,108.28369314824586,3671903,0.0000,1.0
2022-03-18,127.38,128.93,126.37,128.76,108.96067778812235,7400216,0.0000,1.0
2022-03-21,129.0,129.74,127.4,128.1,108.40216546022425,3379393,0.0000,1.0
2022-03-22,128.5,129.3,127.85,129.06,109.21454702807605,2649026,0.0000,1.0
2022-03-23,129.08,129.32,128.25,128.3,108.57141162019339,2924535,0.0000,1.0
2022-03-24,128.33,129.37,127.8,129.25,109.37533088004672,2971075,0.0000,1.0
2022-03-25,129.5,131.4,129.31,131.35,111.15241555972253,3516923,0.0000,1.0
2022-03-28,130.82,131.5,129.6,131.47,111.25396325570401,2483492,0.0000,1.0
2022-03-29,132.04,132.84,130.43,131.94,111.65169173163144,5791032,0.0000,1.0
2022-03-30,132.01,133.08,131.39,132.13,111.81247558360211,2622860,0.0000,1.0
2022-03-31,130.72,131.88,130.0,130.02,110.02692859592786,4274029,0.0000,1.0
2022-04-01,129.66,130.27,128.06,130.15,110.13693859990778,4012373,0.0000,1.0
2022-04-04,130.26,130.45,128.93,130.27,110.23848629588926,2811100,0.0000,1.0
2022-04-05,129.85,131.23,128.66,128.89,109.07068779210229,3102238,0.0000,1.0
2022-04-06,127.78,129.515,127.25,129.39,109.4938031920251,3958057,0.0000,1.0
2022-04-07,128.87,129.2499,126.73,128.55,108.78296932015479,3538317,0.0000,1.0
2022-04-08,128.01,128.78,127.27,127.73,108.08906006428138,3143309,0.0000,1.0
2022-04-11,127.95,128.175,126.18,126.37,106.93818617649133,3202545,0.0000,1.0
2022-04-12,126.42,127.34,125.5835,125.98,106.60815616455154,2690998,0.0000,1.0
2022-04-13,125.64,126.67,124.91,126.14,106.74355309252684,3064918,0.0000,1.0
2022-04-14,128.93,130.58,126.38,126.56,107.09897002846199,6384180,0.0000,1.0
2022-04-18,126.6,127.3899,125.53,126.17,106.76894001652221,4884150,0.0000,1.0
2022-04-19,126.08,129.4,126.0,129.15,109.29070780006217,7971361,0.0000,1.0
2022-04-20,135.0,139.56,133.38,138.32,117.05064423464651,17770306,0.0000,1.0
2022-04-21,138.23,141.88,137.35,139.85,118.34537735841032,9922349,0.0000,1.0
2022-04-22,139.7,140.4399,137.35,138.25,116.99140807865733,6508599,0.0000,1.0
2022-04-25,137.59,139.65,135.19,139.1,117.71070425852609,5748289,0.0000,1.0
2022-04-26,139.0,139.87,136.17,136.19,115.24817263097533,4887395,0.0000,1.0
2022-04-27,135.78,137.12,134.63,135.06,114.2919318271498,4369052,0.0000,1.0
2022-04-28,136.85,136.99,134.81,135.74,114.86736877104482,4477068,0.0000,1.0
2022-04-29,135.13,135.5545,132.0,132.21,111.88017404758978,5078660,0.0000,1.0
2022-05-02,133.0,133.77,130.89,133.04,112.58254561146163,4213477,0.0000,1.0
2022-05-03,133.0,133.6,131.99,132.52,112.14250559554192,3688574,0.0000,1.0
2022-05-04,132.87,137.87,132.14,137.4,116.27211189878855,5913705,0.0000,1.0
2022-05-05,136.46,137.26,134.76,135.92,115.01969031501702,5957434,0.0000,1.0
2022-05-06,135.47,137.99,135.47,137.67,116.50059421474685,7306396,0.0000,1.0
2022-05-09,134.41,136.345,133.315,134.44,115.16354955099078,7647933,1.6500,1.0
2022-05-10,135.0,135.41,128.43,129.13,110.61491485807379,8642398,0.0000,1.0
2022-05-11,129.86,132.96,129.86,130.75,112.00263391692982,5301131,0.0000,1.0
2022-05-12,131.27,133.62,130.41,132.9,113.84435982837456,5384809,0.0000,1.0
2022-05-13,133.0,133.8,131.05,133.6,114.44399152047284,4195218,0.0000,1.0
2022-05-16,133.1,136.51,132.41,135.03,115.66895340575934,4250395,0.0000,1.0
2022-05-17,137.19,138.37,135.64,138.37,118.53005319377117,4372909,0.0000,1.0
2022-05-18,137.1,137.615,132.17,132.94,113.87862449649445,6003015,0.0000,1.0
2022-05-19,132.0,132.32,128.71,129.66,111.06892171066248,5819664,0.0000,1.0
2022-05-20,130.18,130.37,125.8,128.48,110.05811400112538,6914458,0.0000,1.0
2022-05-23,129.5,131.95,129.42,131.17,112.36241293218878,3591511,0.0000,1.0
2022-05-24,130.57,134.37,130.42,133.8,114.61531486107236,4189723,0.0000,1.0
2022-05-25,132.86,134.82,132.86,134.39,115.1207187158409,3299303,0.0000,1.0
2022-05-26,135.0,137.55,134.52,136.89,117.26226047333478,3929338,0.0000,1.0
2022-05-27,137.39,139.7394,137.24,139.27,119.30100822646897,4608215,0.0000,1.0
2022-05-31,138.2,139.83,136.81,138.84,118.93266304418002,7978053,0.0000,1.0
2022-06-01,139.67,140.4699,138.52,139.43,119.43806689894858,3796488,0.0000,1.0
2022-06-02,139.45,140.29,136.85,140.15,120.05483092510681,3734812,0.0000,1.0
2022-06-03,140.26,142.5794,139.74,141.18,120.93714612919429,4352213,0.0000,1.0
2022-06-06,142.98,144.73,142.0,142.88,122.39339452429012,4767100,0.0000,1.0
2022-06-07,142.6,142.98,140.96,142.78,122.30773285399036,2887051,0.0000,1.0
2022-06-08,142.07,142.8,140.15,140.83,120.63733028314515,3005666,0.0000,1.0
2022-06-09,140.15,141.04,137.93,137.96,118.17884034554217,3592551,0.0000,1.0
2022-06-10,137.8,137.8,135.25,136.19,116.66262878123649,4661716,0.0000,1.0
2022-06-13,133.97,137.57,133.76,135.11,115.73748274199916,6486044,0.0000,1.0
2022-06-14,135.0,136.9501,134.86,135.72,116.26001893082766,4607785,0.0000,1.0
2022-06-15,136.01,138.45,135.58,137.06,117.40788531284437,4606887,0.0000,1.0
2022-06-16,135.3,136.24,134.39,135.67,116.21718809567776,5386396,0.0000,1.0
2022-06-17,135.99,136.98,132.85,135.02,115.66038723872937,12968509,0.0000,1.0
2022-06-21,135.9,138.5,135.9,137.85,118.08461250821243,4089272,0.0000,1.0
2022-06-22,136.1,138.18,136.03,137.08,117.42501764690434,3791635,0.0000,1.0
2022-06-23,137.14,138.62,136.5,138.44,118.59001636298099,4547925,0.0000,1.0
2022-06-24,139.2,142.37,139.13,142.06,121.69096882783212,11493012,0.0000,1.0
2022-06-27,142.26,143.83,141.95,142.8,122.32486518805032,3935968,0.0000,1.0
2022-06-28,142.92,144.155,141.32,141.86,121.51964548723262,4065202,0.0000,1.0
2022-06-29,142.74,143.5213,139.5,140.71,120.53453627878544,4161491,0.0000,1.0
2022-06-30,139.58,142.46,139.28,141.19,120.94571229622426,4878020,0.0000,1.0
2022-07-01,141.0,141.67,139.26,141.12,120.88574912701444,4012106,0.0000,1.0
2022-07-05,139.97,139.97,135.27,137.62,117.887590666523,6274067,0.0000,1.0
2022-07-06,138.0,139.14,137.13,138.08,118.28163434990188,3237059,0.0000,1.0
2022-07-07,138.91,141.325,138.83,140.83,120.63733028314515,3897077,0.0000,1.0
2022-07-08,140.76,141.3203,139.82,140.47,120.32894827006602,2820928,0.0000,1.0
2022-07-11,140.62,141.87,140.13,141.0,120.78295512265473,3912773,0.0000,1.0
2022-07-12,140.84,141.55,138.565,139.18,119.22391272319918,3235571,0.0000,1.0
2022-07-13,137.18,138.9,136.8,137.18,117.51067931720408,4123213,0.0000,1.0
2022-07-14,135.6,139.43,135.02,139.06,119.12111871883947,5298351,0.0000,1.0
2022-07-15,140.68,140.68,138.61,139.92,119.85780908341735,4519320,0.0000,1.0
2022-07-18,140.15,140.31,137.7844,138.13,118.32446518505175,8231694,0.0000,1.0
2022-07-19,131.58,132.56,127.72,130.88,112.1139940883195,29690535,0.0000,1.0
2022-07-20,130.7,130.72,128.06,129.18,110.65774569322367,9882016,0.0000,1.0
2022-07-21,128.75,128.81,125.13,127.15,108.91881378613864,11975361,0.0000,1.0
2022-07-22,127.03,128.32,125.71,128.25,109.86109215943594,6467205,0.0000,1.0
2022-07-25,128.44,129.1257,127.9,128.54,110.10951100330523,4702352,0.0000,1.0
2022-07-26,128.26,129.3,127.63,128.08,109.71546731992638,3645313,0.0000,1.0
2022-07-27,127.97,129.43,127.58,129.12,110.60634869104382,4175625,0.0000,1.0
2022-07-28,128.75,129.81,128.606,129.22,110.69201036134356,3913680,0.0000,1.0
2022-07-29,129.52,131.0,129.31,130.79,112.03689858504971,5786815,0.0000,1.0
2022-08-01,130.75,132.7,130.7,132.04,113.10766946379665,4142099,0.0000,1.0
2022-08-02,132.2,132.78,130.51,131.81,112.91064762210722,4403633,0.0000,1.0
2022-08-03,131.82,132.862,131.32,132.34,113.36465447469593,3088532,0.0000,1.0
2022-08-04,132.15,132.2866,131.02,131.64,112.76502278259763,3179789,0.0000,1.0
2022-08-05,131.25,132.67,131.07,132.48,113.48458081311557,2586519,0.0000,1.0
2022-08-08,133.1,133.35,132.02,132.61,113.59594098450528,3825145,0.0000,1.0
2022-08-09,129.92,130.79,129.12,129.47,112.3195820970389,3495991,1.6500,1.0
2022-08-10,130.75,131.78,130.34,131.5,114.08067541330513,3663995,0.0000,1.0
2022-08-11,132.36,133.225,132.0,132.54,114.98291041277157,3501925,0.0000,1.0
2022-08-12,132.62,134.09,131.98,134.01,116.25818488317125,2767054,0.0000,1.0
2022-08-15,132.96,135.19,132.24,134.93,117.05631584423774,2791241,0.0000,1.0
2022-08-16,134.6,137.37,134.4517,136.56,118.47039569917072,4313600,0.0000,1.0
2022-08-17,136.46,138.415,136.3,137.79,119.53746209277045,3667568,0.0000,1.0
2022-08-18,137.79,139.12,137.75,139.07,120.64790516903685,3177726,0.0000,1.0
2022-08-19,138.75,139.34,137.66,138.37,120.04063161170367,3155842,0.0000,1.0
2022-08-22,137.65,137.85,135.47,135.55,117.59418670930428,3093629,0.0000,1.0
2022-08-23,135.37,136.1,134.72,134.74,116.89148445010446,4141798,0.0000,1.0
2022-08-24,134.89,135.11,133.11,133.23,115.58150863357142,2855421,0.0000,1.0
2022-08-25,133.65,134.425,133.07,133.98,116.23215887357127,2706005,0.0000,1.0
2022-08-26,134.1,134.18,130.34,130.38,113.10903772157204,4185254,0.0000,1.0
2022-08-29,129.99,131.42,129.57,130.31,113.04831036583873,2751308,0.0000,1.0
2022-08-30,130.56,130.77,129.29,129.58,112.41501079890556,2407888,0.0000,1.0
2022-08-31,129.92,130.0,128.4,128.45,111.43469777063912,3490380,0.0000,1.0
2022-09-01,128.4,129.8173,127.74,129.66,112.48441349117219,3396219,0.0000,1.0
2022-09-02,130.3,130.56,127.24,127.79,110.86212555943928,3040813,0.0000,1.0
2022-09-06,127.8,128.06,126.3,126.72,109.93386455037283,3345343,0.0000,1.0
2022-09-07,126.69,127.8667,126.28,127.71,110.79272286717261,2401513,0.0000,1.0
2022-09-08,127.2,128.54,126.59,128.47,111.45204844370579,2964613,0.0000,1.0
2022-09-09,128.9,129.49,128.06,129.19,112.07667267410562,3293365,0.0000,1.0
2022-09-12,130.33,130.99,129.89,130.66,113.35194714450532,3741168,0.0000,1.0
2022-09-13,129.14,129.909,126.7709,127.25,110.39365738663938,4565585,0.0000,1.0
2022-09-14,127.5,129.0,126.845,127.69,110.77537219410596,3819067,0.0000,1.0
2022-09-15,127.39,127.465,124.9,125.49,108.86679815677309,5141671,0.0000,1.0
2022-09-16,124.36,127.53,123.83,127.27,110.41100805970603,9839696,0.0000,1.0
2022-09-19,126.49,128.06,126.28,127.73,110.81007354023929,3981606,0.0000,1.0
2022-09-20,126.9,126.99,125.52,126.3,109.56950041597291,2837485,0.0000,1.0
2022-09-21,126.89,127.84,124.92,124.93,108.38097931090655,3389545,0.0000,1.0
2022-09-22,124.76,126.51,124.41,125.31,108.71064209917313,4038335,0.0000,1.0
2022-09-23,124.53,125.0,121.74,122.71,106.45505460050701,5195693,0.0000,1.0
2022-09-26,122.3,124.26,121.75,122.01,105.84778104317384,3987817,0.0000,1.0
2022-09-27,122.6,123.95,121.08,121.74,105.61354695677389,4117215,0.0000,1.0
2022-09-28,121.65,123.23,119.81,122.76,106.49843128317369,4996378,0.0000,1.0
2022-09-29,121.85,122.62,120.57,121.63,105.51811825490725,3817723,0.0000,1.0
2022-09-30,121.66,122.43,118.61,118.81,103.07167335250786,5346108,0.0000,1.0
2022-10-03,120.16,122.21,119.6,121.51,105.41401421650728,4261729,0.0000,1.0
2022-10-04,122.8,125.65,122.52,125.5,108.87547349330643,4566055,0.0000,1.0
2022-10-05,124.71,126.46,124.23,125.74,109.08368157010636,3212872,0.0000,1.0
2022-10-06,124.88,125.3,121.77,122.23,106.03863844690713,5074624,0.0000,1.0
2022-10-07,121.5,121.8016,118.07,118.82,103.08034868904119,4499672,0.0000,1.0
2022-10-10,119.79,119.96,117.04,117.75,102.15208767997476,5990008,0.0000,1.0
2022-10-11,117.46,119.23,116.94,117.8,102.1954643626414,4043265,0.0000,1.0
2022-10-12,118.0,118.81,117.2,117.57,101.99593162237478,3338754,0.0000,1.0
2022-10-13,116.1,122.15,115.545,121.79,105.65692363944056,5837645,0.0000,1.0
2022-10-14,121.8,122.54,119.84,120.04,104.1387397461076,3763840,0.0000,1.0
2022-10-17,121.8,122.875,121.43,121.52,105.42268955304061,5458585,0.0000,1.0
2022-10-18,123.0,123.94,121.82,122.94,106.65458734077363,5120336,0.0000,1.0
2022-10-19,122.36,123.94,121.9875,122.51,106.28154786984041,5906576,0.0000,1.0
2022-10-20,126.25,128.96,125.15,128.3,111.30456772263916,13623115,0.0000,1.0
2022-10-21,128.39,130.845,127.59,129.9,112.69262156797215,7201256,0.0000,1.0
2022-10-24,130.9,133.11,129.85,132.69,115.11304046077154,5610914,0.0000,1.0
2022-10-25,132.0,133.3,131.3,132.93,115.3212485375715,5957623,0.0000,1.0
2022-10-26,133.72,135.863,132.81,135.01,117.12571853650438,5140023,0.0000,1.0
2022-10-27,135.55,136.4,134.445,134.77,116.91751045970445,3993168,0.0000,1.0
2022-10-28,135.56,138.8615,135.22,138.51,120.16208632317029,5965457,0.0000,1.0
2022-10-31,138.06,138.7699,136.595,138.29,119.97122891943701,4915270,0.0000,1.0
2022-11-01,138.25,138.65,136.7,138.2,119.89315089063702,3590607,0.0000,1.0
2022-11-02,137.75,140.17,136.8,136.83,118.70462978557067,5365264,0.0000,1.0
2022-11-03,136.42,136.48,133.97,134.47,116.6572503637045,4442443,0.0000,1.0
2022-11-04,135.65,137.73,134.94,136.96,118.81740916050397,4177972,0.0000,1.0
2022-11-07,136.64,138.7,136.51,138.34,120.01460560210367,4043062,0.0000,1.0
2022-11-08,139.0,140.93,138.72,140.04,121.48941281276997,5042756,0.0000,1.0
2022-11-09,137.95,138.9,136.94,137.39,120.62187915943684,4720007,1.6500,1.0
2022-11-10,140.26,141.37,138.29,141.23,123.9932163453473,5389025,0.0000,1.0
2022-11-11,141.5,144.13,140.96,143.17,125.69644398614581,5871264,0.0000,1.0
2022-11-14,142.63,146.08,142.18,144.2,126.60073495007492,5245624,0.0000,1.0
2022-11-15,144.08,146.1609,142.0,144.34,126.72364828497793,4727107,0.0000,1.0
2022-11-16,144.13,144.95,144.0081,144.52,126.88167971556749,3445302,0.0000,1.0
2022-11-17,143.41,146.18,143.25,146.09,128.26006497126525,3955162,0.0000,1.0
2022-11-18,146.56,148.31,145.94,147.64,129.6208911791197,4661735,0.0000,1.0
2022-11-21,147.55,147.928,146.45,146.68,128.77805688264212,3476208,0.0000,1.0
2022-11-22,147.6,149.35,147.02,149.1,130.9027016716794,7062060,0.0000,1.0
2022-11-23,149.1,150.46,148.3,148.75,130.59541833442196,3658459,0.0000,1.0
2022-11-25,148.27,149.49,148.101,148.37,130.26179642539958,2075156,0.0000,1.0
2022-11-28,147.98,148.24,145.935,146.18,128.33908068656,3538696,0.0000,1.0
2022-11-29,145.91,147.1668,145.7,146.49,128.61124592813093,2754744,0.0000,1.0
2022-11-30,146.19,149.64,145.67,148.9,130.7271111932466,6377582,0.0000,1.0
2022-12-01,149.98,150.01,147.34,149.16,130.95537881520926,4495924,0.0000,1.0
2022-12-02,148.13,149.16,147.73,148.67,130.52518214304882,2899995,0.0000,1.0
2022-12-05,147.94,148.93,146.8,147.41,129.41896212892195,2784767,0.0000,1.0
2022-12-06,147.3,147.8,146.7,147.5,129.49797784421673,2847610,0.0000,1.0
2022-12-07,147.33,148.105,146.29,147.27,129.296048794019,3971285,0.0000,1.0
2022-12-08,147.9,149.153,147.365,147.78,129.7438045140227,2665687,0.0000,1.0
2022-12-09,147.4,148.34,146.97,147.05,129.10289926774286,3047581,0.0000,1.0
2022-12-12,147.82,149.21,146.9426,149.21,130.9992764348175,4032780,0.0000,1.0
2022-12-13,150.37,153.21,149.95,150.57,132.19329168816077,8811553,0.0000,1.0
2022-12-14,150.47,151.91,148.45,149.86,131.5699454897242,4205878,0.0000,1.0
2022-12-15,148.52,148.98,141.58,142.36,124.98530254849285,6687744,0.0000,1.0
2022-12-16,141.25,141.915,138.97,140.16,123.05380728573164,9834427,0.0000,1.0
2022-12-19,140.16,140.44,137.195,138.87,121.92124869983985,5282860,0.0000,1.0
2022-12-20,138.84,141.425,138.34,141.28,124.03711396495552,5156450,0.0000,1.0
2022-12-21,141.84,143.09,140.975,142.14,124.79215302221671,3793700,0.0000,1.0
2022-12-22,140.95,141.44,138.62,140.88,123.68593300808985,3337851,0.0000,1.0
2022-12-23,140.59,141.8565,139.6,141.65,124.36195635005627,2092715,0.0000,1.0
2022-12-27,141.73,142.72,141.23,142.42,125.03797969202267,2742525,0.0000,1.0
2022-12-28,142.4,142.81,139.95,140.02,122.93089395082866,2539577,0.0000,1.0
2022-12-29,140.58,142.26,140.45,141.06,123.84396443867941,2337207,0.0000,1.0
2022-12-30,140.54,140.9,139.45,140.89,123.69471253201148,2858110,0.0000,1.0
2023-01-03,141.1,141.9,140.48,141.55,124.27416111083986,3338829,0.0000,1.0
2023-01-04,142.07,143.615,141.3675,142.6,125.19601112261223,3869236,0.0000,1.0
2023-01-05,142.44,142.498,140.01,141.11,123.88786205828762,2866648,0.0000,1.0
2023-01-06,142.38,144.25,141.58,143.7,126.16175875399283,3574042,0.0000,1.0
2023-01-09,144.08,145.47,143.4,143.55,126.03006589516822,3987782,0.0000,1.0
2023-01-10,143.61,144.85,142.9,144.8,127.12750638537345,2152172,0.0000,1.0
2023-01-11,145.0,145.53,143.45,145.26,127.53136448576896,3268738,0.0000,1.0
2023-01-12,144.88,146.66,144.52,145.55,127.78597067949659,2716118,0.0000,1.0
2023-01-13,144.06,146.1,144.01,145.89,128.08447449283238,2455786,0.0000,1.0
2023-01-17,146.42,147.18,145.01,145.19,127.46990781831747,2986461,0.0000,1.0
2023-01-18,144.4,144.678,140.225,140.41,123.27329538377268,6445642,0.0000,1.0
2023-01-19,140.0,142.23,139.75,140.62,123.45766538612718,4833924,0.0000,1.0
2023-01-20,141.67,141.86,140.51,141.2,123.96687777358238,7153341,0.0000,1.0
2023-01-23,141.4,142.985,141.06,141.86,124.54632635241076,5898436,0.0000,1.0
2023-01-24,141.25,142.75,140.0,141.49,124.22148396731001,4407622,0.0000,1.0
2023-01-25,140.47,141.03,139.36,140.76,123.58057872103014,7347453,0.0000,1.0
2023-01-26,137.53,138.27,132.98,134.45,118.04069912647415,17548483,0.0000,1.0
2023-01-27,134.44,135.488,133.7701,134.39,117.9880219829443,8143146,0.0000,1.0
2023-01-30,134.32,136.11,133.98,135.3,118.78695865981373,5375712,0.0000,1.0
2023-01-31,135.5,135.65,133.76,134.73,118.28652579628013,7206448,0.0000,1.0
2023-02-01,134.49,135.79,132.8,135.09,118.60258865745925,5428898,0.0000,1.0
2023-02-02,135.96,136.72,134.85,136.39,119.74392676727267,6107793,0.0000,1.0
2023-02-03,136.35,136.95,135.53,136.94,120.22680058296298,3755720,0.0000,1.0
2023-02-06,135.83,136.32,134.95,136.18,119.5595567649182,4841300,0.0000,1.0
2023-02-07,135.67,136.4,134.45,135.84,119.26105295158239,3737553,0.0000,1.0
2023-02-08,135.71,136.74,135.16,135.98,119.38396628648536,4593748,0.0000,1.0
2023-02-09,134.99,135.73,133.34,133.75,118.87475389903015,3918817,1.6500,1.0
2023-02-10,133.78,135.77,133.5,135.6,120.51900283146533,5049571,0.0000,1.0
2023-02-13,136.0,137.39,135.85,137.35,122.07437344322834,4403015,0.0000,1.0
2023-02-14,137.05,137.24,135.05,136.01,120.88340394622124,3202172,0.0000,1.0
2023-02-15,135.2,136.445,135.07,136.4,121.23002939684271,2507004,0.0000,1.0
2023-02-16,135.57,135.9672,134.59,135.0,119.9857329074323,2965495,0.0000,1.0
2023-02-17,134.5,135.58,133.89,135.02,120.00350857156674,3466184,0.0000,1.0
2023-02-21,134.0,134.385,131.66,131.71,117.06163615731785,4257210,0.0000,1.0
2023-02-22,131.9,131.99,130.29,130.97,116.40393658434377,3200185,0.0000,1.0
2023-02-23,131.5,131.7,128.86,130.79,116.24395560713386,3725648,0.0000,1.0
2023-02-24,129.62,130.67,129.22,130.57,116.04842330165508,3015907,0.0000,1.0
2023-02-27,131.42,131.87,130.13,130.49,115.97732064511735,2761326,0.0000,1.0
2023-02-28,130.55,130.61,129.14,129.3,114.9196686291185,5143133,0.0000,1.0
2023-03-01,128.9,129.4726,127.74,128.19,113.93311926965738,3760678,0.0000,1.0
2023-03-02,128.39,129.22,127.71,128.93,114.59081884263146,3340254,0.0000,1.0
2023-03-03,129.35,129.905,128.77,129.64,115.22185491940387,2860286,0.0000,1.0
2023-03-06,129.64,130.86,129.59,130.19,115.71068568310082,2982980,0.0000,1.0
2023-03-07,130.28,130.42,128.19,128.25,113.98644626206068,3530439,0.0000,1.0
2023-03-08,128.48,128.74,127.545,128.05,113.80868962071635,2778798,0.0000,1.0
2023-03-09,128.3,128.53,125.98,126.16,112.12888936001228,5478317,0.0000,1.0
2023-03-10,126.12,127.29,125.13,125.45,111.49785328323986,5990867,0.0000,1.0
2023-03-13,125.15,128.19,124.85,125.58,111.61339510011369,8188369,0.0000,1.0
2023-03-14,126.49,126.64,123.2,124.65,110.7868267178625,8114792,0.0000,1.0
2023-03-15,122.99,123.35,121.71,123.28,109.56919372465373,5989339,0.0000,1.0
2023-03-16,122.96,124.82,121.92,124.7,110.83126587819858,6440023,0.0000,1.0
2023-03-17,124.08,124.52,122.93,123.69,109.93359483940964,37400167,0.0000,1.0
2023-03-20,124.31,126.16,124.19,125.94,111.9333570545335,4588304,0.0000,1.0
2023-03-21,126.9,127.15,125.66,126.57,112.49329047476819,3856345,0.0000,1.0
2023-03-22,127.0,127.215,124.01,124.05,110.25355679382946,3549024,0.0000,1.0
2023-03-23,123.81,124.93,122.6,123.37,109.64918421325869,4651936,0.0000,1.0
2023-03-24,123.36,125.4,122.88,125.29,111.3556479701644,3812644,0.0000,1.0
2023-03-27,126.47,130.255,126.47,129.31,114.9285564611857,6524113,0.0000,1.0
2023-03-28,129.18,129.66,128.8,129.34,114.95521995738737,2889115,0.0000,1.0
2023-03-29,130.12,130.35,129.18,129.71,115.28406974387441,3279846,0.0000,1.0
2023-03-30,130.16,131.48,129.1,129.22,114.84856597258076,3561762,0.0000,1.0
2023-03-31,129.47,131.23,129.42,131.09,116.51059056915038,4524686,0.0000,1.0
2023-04-03,130.97,132.61,130.77,132.06,117.37271027967044,3840139,0.0000,1.0
2023-04-04,131.99,132.1499,130.89,131.6,116.96387000457844,3382783,0.0000,1.0
2023-04-05,131.37,132.61,131.37,132.14,117.44381293620816,2898759,0.0000,1.0
2023-04-06,132.16,132.6,130.315,130.5,115.98620847718456,3050581,0.0000,1.0
2023-04-10,129.83,131.08,129.24,131.03,116.45726357674707,2614402,0.0000,1.0
2023-04-11,130.58,131.105,130.18,130.42,115.91510582064682,3132430,0.0000,1.0
2023-04-12,130.4,130.8857,128.17,128.54,114.24419339200998,3957542,0.0000,1.0
2023-04-13,128.01,128.39,126.0,127.9,113.67537213970809,5621512,0.0000,1.0
2023-04-14,128.46,129.84,127.31,128.14,113.88868010932129,4180614,0.0000,1.0
2023-04-17,128.3,128.72,126.8,127.82,113.60426948317034,3657929,0.0000,1.0
2023-04-18,128.14,128.68,127.35,127.78,113.56871815490148,3193787,0.0000,1.0
2023-04-19,126.5,126.98,125.3,126.32,112.27109467308776,7014368,0.0000,1.0
2023-04-20,130.15,130.98,125.84,126.36,112.30664600135663,9749618,0.0000,1.0
2023-04-21,126.0,126.7,125.27,125.73,111.74671258112195,6725426,0.0000,1.0
2023-04-24,125.55,126.05,124.56,125.4,111.45341412290378,4043892,0.0000,1.0
2023-04-25,124.9,126.19,124.76,125.89,111.88891789419742,4275396,0.0000,1.0
2023-04-26,125.81,126.545,125.12,125.85,111.85336656592855,4058800,0.0000,1.0
2023-04-27,126.37,127.02,125.455,126.97,112.84880375745688,3204889,0.0000,1.0
2023-04-28,126.58,127.25,125.64,126.41,112.35108516169272,5061247,0.0000,1.0
2023-05-01,126.35,126.75,126.06,126.09,112.06667453554176,2724992,0.0000,1.0
2023-05-02,126.3,126.45,123.27,125.16,111.24010615329057,4445283,0.0000,1.0
2023-05-03,125.46,125.57,123.26,123.45,109.72028686979642,4554212,0.0000,1.0
2023-05-04,123.03,123.52,121.7563,122.57,108.93815764788131,4468237,0.0000,1.0
2023-05-05,123.11,124.1,122.805,123.65,109.89804351114077,4971936,0.0000,1.0
2023-05-08,123.76,123.92,122.55,123.4,109.67584770946034,3663818,0.0000,1.0
2023-05-09,121.9,121.97,120.66,121.17,109.16924128162894,4540047,1.6600,1.0
2023-05-10,121.99,122.49,121.1,122.02,109.93505670697667,4189222,0.0000,1.0
2023-05-11,122.02,122.24,120.55,120.9,108.92598226416555,3446452,0.0000,1.0
2023-05-12,121.41,122.86,121.11,122.84,110.67384335260626,4564825,0.0000,1.0
2023-05-15,123.0,123.6881,122.34,123.36,111.14234220105428,2915725,0.0000,1.0
2023-05-16,123.35,123.86,122.45,123.46,111.23243813344811,2749125,0.0000,1.0
2023-05-17,123.94,125.85,123.47,125.71,113.25959661230976,4515134,0.0000,1.0
2023-05-18,125.3,126.51,125.1894,126.15,113.65601871484272,3797883,0.0000,1.0
2023-05-19,126.79,128.29,126.55,127.26,114.65608356441446,4306657,0.0000,1.0
2023-05-22,127.5,128.19,127.15,127.5,114.8723138021597,2806770,0.0000,1.0
2023-05-23,127.24,129.09,127.13,128.18,115.48496614243788,4592280,0.0000,1.0
2023-05-24,127.82,127.9,125.47,125.68,113.23256783259161,3915505,0.0000,1.0
2023-05-25,125.61,127.23,125.01,126.76,114.2056039024452,4102854,0.0000,1.0
2023-05-26,127.06,129.66,126.81,128.89,116.12464726243421,5612570,0.0000,1.0
2023-05-30,129.56,130.0699,128.26,129.48,116.65621326355793,3741050,0.0000,1.0
2023-05-31,128.51,129.44,127.46,128.59,115.85435946525267,11086313,0.0000,1.0
2023-06-01,128.44,130.145,127.78,129.82,116.96253943369703,4136086,0.0000,1.0
2023-06-02,130.38,133.12,130.15,132.42,119.30503367593714,5375796,0.0000,1.0
2023-06-05,133.12,133.58,132.27,132.64,119.50324472720361,3993516,0.0000,1.0
2023-06-06,132.43,132.94,131.88,132.69,119.54829269340054,3297951,0.0000,1.0
2023-06-07,132.5,134.44,132.19,134.38,121.07091395085662,5772024,0.0000,1.0
2023-06-08,134.69,135.98,134.01,134.41,121.09794273057477,4128939,0.0000,1.0
2023-06-09,134.36,136.1,134.17,135.3,121.89979652888006,3981748,0.0000,1.0
2023-06-12,136.0,136.62,135.8216,136.42,122.90887097169117,4500120,0.0000,1.0
2023-06-13,136.51,138.17,136.0,137.6,123.97200297393861,3927331,0.0000,1.0
2023-06-14,137.8,138.93,136.94,137.2,123.61161924436321,4514888,0.0000,1.0
2023-06-15,137.27,138.8,137.175,138.4,124.69277043308944,3812582,0.0000,1.0
2023-06-16,139.23,139.469,137.47,137.48,123.86388785506598,7473676,0.0000,1.0
2023-06-20,136.36,137.23,135.89,135.96,122.49442968267947,4272511,0.0000,1.0
2023-06-21,135.11,135.39,133.29,133.69,120.44925201733905,5501272,0.0000,1.0
2023-06-22,131.68,132.96,130.68,131.17,118.17883452101401,6013021,0.0000,1.0
2023-06-23,130.4,130.62,129.18,129.43,116.61116529736103,11324705,0.0000,1.0
2023-06-26,129.39,131.41,129.31,131.34,118.33199760608356,4845649,0.0000,1.0
2023-06-27,131.3,132.95,130.83,132.34,119.23295693002207,3219909,0.0000,1.0
2023-06-28,132.06,132.17,130.91,131.76,118.71040052213773,2753779,0.0000,1.0
2023-06-29,131.75,134.35,131.69,134.06,120.7826069671963,3639836,0.0000,1.0
2023-06-30,134.69,135.03,133.425,133.81,120.55736713621168,4236677,0.0000,1.0
2023-07-03,133.42,134.35,132.87,133.67,120.43123283086027,1477149,0.0000,1.0
2023-07-05,133.32,134.31,132.59,134.24,120.94477964550524,2955870,0.0000,1.0
2023-07-06,133.235,133.9,131.55,132.16,119.07078425171314,3508083,0.0000,1.0
2023-07-07,131.78,133.855,131.75,132.08,118.99870750579807,2982738,0.0000,1.0
2023-07-10,131.76,133.05,131.695,132.9,119.73749415142764,2369425,0.0000,1.0
2023-07-11,133.66,134.56,133.23,134.44,121.12497151029294,2925238,0.0000,1.0
2023-07-12,135.07,135.33,132.575,132.84,119.68343659199132,3732189,0.0000,1.0
2023-07-13,133.51,135.07,133.36,133.92,120.6564726618449,3221422,0.0000,1.0
2023-07-14,133.91,133.92,132.94,133.4,120.1879738133969,2861496,0.0000,1.0
2023-07-17,133.26,134.61,133.1,134.24,120.94477964550524,3168419,0.0000,1.0
2023-07-18,134.71,135.95,134.29,135.36,121.95385408831638,3852058,0.0000,1.0
2023-07-19,135.53,136.45,135.19,135.48,122.06196920718898,5519992,0.0000,1.0
2023-07-20,137.19,140.32,136.56,138.38,124.67475124661065,10896330,0.0000,1.0
2023-07-21,138.21,139.7799,137.76,138.94,125.17928846801621,5858741,0.0000,1.0
2023-07-24,139.35,140.12,138.7788,139.54,125.71986406237932,3475442,0.0000,1.0
2023-07-25,139.42,140.43,139.0403,140.33,126.43162192829075,3770813,0.0000,1.0
2023-07-26,140.44,141.25,139.88,141.07,127.09833182800523,4046441,0.0000,1.0
2023-07-27,142.3,143.38,141.9,142.97,128.8101545434884,6331563,0.0000,1.0
2023-07-28,143.44,143.95,142.85,143.45,129.24261501897888,6686627,0.0000,1.0
2023-07-31,143.81,144.605,143.53,144.18,129.90031532545402,6138902,0.0000,1.0
2023-08-01,144.25,144.48,142.17,143.33,129.13449990010628,4798703,0.0000,1.0
2023-08-02,142.78,144.3,142.31,144.17,129.8913057322146,4959381,0.0000,1.0
2023-08-03,143.78,145.22,143.3116,144.45,130.1435743429174,3952640,0.0000,1.0
2023-08-04,145.09,146.09,143.99,144.24,129.95437288489032,4223204,0.0000,1.0
2023-08-07,145.0,146.5,144.93,146.18,131.702233973331,3438654,0.0000,1.0
2023-08-08,145.7,146.15,144.11,145.91,131.4589749558676,4654582,0.0000,1.0
2023-08-09,144.94,144.94,142.3,142.49,129.87328654573585,4073038,1.6600,1.0
2023-08-10,143.04,144.58,142.69,143.25,130.5659926849369,4735763,0.0000,1.0
2023-08-11,143.12,143.45,142.205,143.12,130.44750347691567,2526433,0.0000,1.0
2023-08-14,143.05,143.365,141.80200000000002,141.91,129.34464238687187,4226563,0.0000,1.0
2023-08-15,141.5,142.31,141.2,141.87,129.3081841690192,3656559,0.0000,1.0
2023-08-16,141.7,142.09,140.56,140.64,128.18709397004903,3285347,0.0000,1.0
2023-08-17,141.01,142.66,140.6,140.66,128.2053230789754,3742058,0.0000,1.0
2023-08-18,140.0,141.83,139.76,141.41,128.88891466371328,3915480,0.0000,1.0
2023-08-21,141.42,142.39,141.11,142.28,129.68188090200923,2937781,0.0000,1.0
2023-08-22,142.66,143.225,141.3,141.49,128.96183109941867,3557734,0.0000,1.0
2023-08-23,141.72,143.475,141.58,143.41,130.71182555634766,2559083,0.0000,1.0
2023-08-24,143.505,144.47,143.22,143.55,130.83942931883206,2900244,0.0000,1.0
2023-08-25,144.18,145.47,143.5,145.35,132.48004912220298,3660147,0.0000,1.0
2023-08-28,145.41,146.74,145.21,146.02,133.09072427123553,3561347,0.0000,1.0
2023-08-29,146.3,146.73,145.62,146.45,133.4826501131519,2778113,0.0000,1.0
2023-08-30,146.42,146.92,145.7452,146.86,133.85634684614195,2245402,0.0000,1.0
2023-08-31,146.94,147.7275,146.54,146.83,133.82900318275244,3885949,0.0000,1.0
2023-09-01,147.26,148.1,146.92,147.94,134.84071872816452,2727796,0.0000,1.0
2023-09-05,147.91,149.0,147.5719,148.13,135.01389526296478,3731281,0.0000,1.0
2023-09-06,147.66,148.33,147.12,148.06,134.95009338172258,2932203,0.0000,1.0
2023-09-07,148.13,148.78,147.4,147.52,134.4579074407113,3333040,0.0000,1.0
2023-09-08,147.35,148.59,147.26,147.68,134.60374031212206,3722927,0.0000,1.0
2023-09-11,148.57,148.78,147.58,148.38,135.24175912454407,3273720,0.0000,1.0
2023-09-12,147.92,148.0,145.8,146.3,133.34593179620433,4457695,0.0000,1.0
2023-09-13,145.95,146.98,145.92,146.55,133.57379565778362,2627999,0.0000,1.0
2023-09-14,147.38,147.73,146.48,147.35,134.30296001483737,2723200,0.0000,1.0
2023-09-15,147.11,147.85,145.53,145.99,133.063380607846,6234033,0.0000,1.0
2023-09-18,145.77,146.48,145.06,145.09,132.24307070616052,2508062,0.0000,1.0
2023-09-19,145.0,146.72,144.66,146.52,133.54645199439412,3945423,0.0000,1.0
2023-09-20,148.36,151.9299,148.13,149.83,136.563369521704,9636681,0.0000,1.0
2023-09-21,149.0,149.25,147.31,147.38,134.33030367822687,4944786,0.0000,1.0
2023-09-22,147.41,148.1,146.82,146.91,133.9019196184578,2562216,0.0000,1.0
2023-09-25,146.57,147.43,146.25,146.48,133.5099937765414,2694245,0.0000,1.0
2023-09-26,145.51,146.17,143.0201,143.24,130.55687813047373,4824654,0.0000,1.0
2023-09-27,143.67,143.82,141.76,143.17,130.4930762492315,4439121,0.0000,1.0
2023-09-28,142.14,142.282,140.205,141.58,129.0438620895872,5783422,0.0000,1.0
2023-09-29,142.0,142.13,139.61,140.3,127.87719911830122,5703983,0.0000,1.0
2023-10-02,140.04,141.45,139.86,140.8,128.33292684145982,3275461,0.0000,1.0
2023-10-03,140.87,141.64,140.0,140.39,127.95923010846974,3284421,0.0000,1.0
2023-10-04,140.37,141.2004,139.99,141.07,128.57901981196542,2637779,0.0000,1.0
2023-10-05,140.9,141.7,140.19,141.52,128.98917476280818,3223910,0.0000,1.0
2023-10-06,141.4,142.94,140.11,142.03,129.45401704042993,3511347,0.0000,1.0
2023-10-09,142.3,142.4,140.68,142.2,129.60896446630386,2354396,0.0000,1.0
2023-10-10,142.6,143.415,141.72,142.11,129.52693347613533,3015784,0.0000,1.0
2023-10-11,142.51,143.34,142.14,143.23,130.54776357601054,2511459,0.0000,1.0
2023-10-12,142.51,142.93,140.95,141.24,128.73396723783938,3921142,0.0000,1.0
2023-10-13,139.77,140.12,138.27,138.46,126.20012109707758,4583553,0.0000,1.0
2023-10-16,139.28,139.78,138.52,139.21,126.88371268181548,3361468,0.0000,1.0
2023-10-17,137.12,140.62,136.31,140.32,127.89542822722754,4172822,0.0000,1.0
2023-10-18,140.0,140.43,139.58,139.97,127.57641882101653,3329985,0.0000,1.0
2023-10-19,138.64,139.405,137.93,138.01,125.78996614623485,5314159,0.0000,1.0
2023-10-20,138.15,139.27,137.12,137.16,125.01522901686523,4865615,0.0000,1.0
2023-10-23,136.63,137.68,135.87,136.38,124.30429376873784,3457527,0.0000,1.0
2023-10-24,136.74,137.98,136.05,137.79,125.58944594804507,3697975,0.0000,1.0
2023-10-25,137.5,138.49,136.33,137.08,124.94231258115988,6472549,0.0000,1.0
2023-10-26,142.2,144.41,141.58,143.76,131.03083496255866,11130170,0.0000,1.0
2023-10-27,143.62,144.7,141.71,142.52,129.90063020912538,5469227,0.0000,1.0
2023-10-30,143.19,144.5,142.58,142.63,130.00089030822025,4204190,0.0000,1.0
2023-10-31,143.0,144.76,142.59,144.64,131.83291575531777,6592041,0.0000,1.0
2023-11-01,145.0,146.51,144.45,145.4,132.52562189451885,4750081,0.0000,1.0
2023-11-02,145.77,147.1,144.84,147.01,133.9930651630895,3902657,0.0000,1.0
2023-11-03,147.45,148.445,147.28,147.9,134.80426051031182,3510495,0.0000,1.0
2023-11-06,147.89,149.225,147.85,148.97,135.7795178378712,4597249,0.0000,1.0
2023-11-07,149.03,149.28,148.03,148.83,135.65191407538683,3549853,0.0000,1.0
2023-11-08,149.25,149.68,147.585,148.03,134.92274971833305,3618588,0.0000,1.0
2023-11-09,146.55,146.99,145.28,146.62,135.15061357991235,3412713,1.6600,1.0
2023-11-10,147.44,149.17,146.85,149.02,137.36287297557317,3179541,0.0000,1.0
2023-11-13,148.46,148.49,147.35,148.1,136.51484020723652,2647288,0.0000,1.0
2023-11-14,149.45,150.8063,149.05,150.41,138.64413987556006,4321940,0.0000,1.0
2023-11-15,150.4,153.22,150.4,152.58,140.64439107913674,4632519,0.0000,1.0
2023-11-16,153.0,153.35,152.13,153.06,141.08684295826887,3519172,0.0000,1.0
2023-11-17,153.29,153.5,152.4601,152.89,140.93014125107624,4426676,0.0000,1.0
2023-11-20,152.51,154.68,152.35,154.35,142.27593238343658,3658936,0.0000,1.0
2023-11-21,154.6,154.66,153.51,153.91,141.8703514942321,2859508,0.0000,1.0
2023-11-22,154.5,155.705,154.16,155.13,142.99491668702635,3045091,0.0000,1.0
2023-11-24,155.13,155.4,153.92,155.18,143.04100542443595,1799161,0.0000,1.0
2023-11-27,154.99,156.135,154.75,155.57,143.40049757623083,4053093,0.0000,1.0
2023-11-28,155.44,155.745,154.86,155.65,143.4742395560862,2666182,0.0000,1.0
2023-11-29,156.15,157.51,156.02,156.41,144.1747883647121,3568887,0.0000,1.0
2023-11-30,156.95,158.6,156.89,158.56,146.15660407332493,6740622,0.0000,1.0
2023-12-01,158.41,160.59,158.0,160.55,147.99093582222704,4871860,0.0000,1.0
2023-12-04,160.29,162.79,160.29,161.1,148.49791193373264,5779017,0.0000,1.0
2023-12-05,160.76,162.47,160.72,161.39,148.7652266107083,4556668,0.0000,1.0
2023-12-06,161.59,162.355,160.01,160.28,147.7420566402152,3356432,0.0000,1.0
2023-12-07,161.0,161.465,159.97,160.22,147.68675015532367,3665498,0.0000,1.0
2023-12-08,160.0,162.04,160.0,161.96,149.29063821717776,4561342,0.0000,1.0
2023-12-11,162.68,163.65,161.95,163.51,150.71938907687536,6077207,0.0000,1.0
2023-12-12,163.27,166.34,162.92,164.71,151.82551877470578,5292290,0.0000,1.0
2023-12-13,164.37,164.9653,162.735,163.62,150.8207842991765,4989141,0.0000,1.0
2023-12-14,162.93,163.499,160.149,162.91,150.16632422796016,6129804,0.0000,1.0
2023-12-15,162.3,164.09,162.04,162.23,149.5395173991896,11016108,0.0000,1.0
2023-12-18,162.23,163.33,161.5766,162.74,150.00962252076755,3677533,0.0000,1.0
2023-12-19,161.8,162.28,161.32,161.56,148.92192831790095,3717429,0.0000,1.0
2023-12-20,161.29,161.8,160.01,160.05,147.53004844813103,4865797,0.0000,1.0
2023-12-21,160.59,161.08,159.53,160.78,148.20294401431119,2982924,0.0000,1.0
2023-12-22,161.1,162.41,161.0,162.14,149.45655767185232,2442715,0.0000,1.0
2023-12-26,162.23,163.31,162.05,163.21,150.4428566524178,1772443,0.0000,1.0
2023-12-27,163.14,163.64,162.68,163.46,150.67330033946578,3006612,0.0000,1.0
2023-12-28,163.96,163.96,163.4,163.75,150.94061501644146,2071313,0.0000,1.0
2023-12-29,163.75,164.18,162.83,163.55,150.75626006680307,2526169,0.0000,1.0
2024-01-02,162.83,163.29,160.46,161.5,148.86662183300945,3825044,0.0000,1.0
2024-01-03,161.0,161.73,160.08,160.1,147.57613718554063,4086065,0.0000,1.0
2024-01-04,160.22,161.81,160.17,160.86,148.27668599416657,3212004,0.0000,1.0
2024-01-05,159.91,160.55,158.67,159.16,146.70966892224013,3698961,0.0000,1.0
2024-01-08,158.69,161.216,157.885,161.14,148.53478292366032,3321698,0.0000,1.0
2024-01-09,160.0,160.4837,159.51,160.08,147.5577016905768,2617186,0.0000,1.0
2024-01-10,160.28,161.34,159.74,161.23,148.6177426509976,2967852,0.0000,1.0
2024-01-11,161.02,162.23,160.29,162.16,149.47499316681615,3778395,0.0000,1.0
2024-01-12,162.97,165.98,162.355,165.8,152.83025325023507,4958261,0.0000,1.0
2024-01-16,165.8,167.25,165.34,166.96,153.89951195813782,4869635,0.0000,1.0
2024-01-17,166.79,167.82,165.495,166.08,153.08835017972885,4288604,0.0000,1.0
2024-01-18,166.49,166.99,165.04,166.84,153.78889898835476,3776990,0.0000,1.0
2024-01-19,170.59,171.5791,169.18,171.48,158.06593381996566,6929079,0.0000,1.0
2024-01-22,172.82,174.45,172.4,172.83,159.3103297300249,4925964,0.0000,1.0
2024-01-23,172.9,174.02,172.48,173.94,160.33349970051802,3983461,0.0000,1.0
2024-01-24,174.76,174.86,172.9,173.93,160.32428195303612,7831157,0.0000,1.0
2024-01-25,184.96,196.9,184.83,190.43,175.53356529820425,29596239,0.0000,1.0
2024-01-26,191.31,192.3896,186.16,187.42,172.7590233061463,9895941,0.0000,1.0
2024-01-29,187.46,189.46,186.05,187.14,172.50092637665253,6107908,0.0000,1.0
2024-01-30,187.71,188.65,186.77,187.87,173.17382194283272,4575058,0.0000,1.0
2024-01-31,187.05,187.65,183.14,183.66,169.29315025294434,8876055,0.0000,1.0
2024-02-01,183.63,187.51,182.71,186.9,172.27970043708646,4669444,0.0000,1.0
2024-02-02,187.1,187.39,185.615,185.79,171.25653046659332,4055411,0.0000,1.0
2024-02-05,185.51,185.78,183.255,183.42,169.07192431337828,4379602,0.0000,1.0
2024-02-06,183.55,184.68,183.04,183.41,169.06270656589635,3338196,0.0000,1.0
2024-02-07,183.34,184.02,182.625,183.74,169.36689223279973,4841188,0.0000,1.0
2024-02-08,182.63,184.55,181.49,184.36,171.4685386586775,5161185,1.6600,1.0
2024-02-09,184.44,187.18,183.85,186.34,173.3100862099043,5064641,0.0000,1.0
2024-02-12,185.9,186.48,184.03,186.16,173.1426727961564,4724021,0.0000,1.0
2024-02-13,184.28,184.77,182.36,183.7,170.85468947493518,4290453,0.0000,1.0
2024-02-14,185.0,185.0,182.26,183.57,170.73377978722837,3173391,0.0000,1.0
2024-02-15,183.62,186.98,183.62,186.87,173.80302570593977,4714301,0.0000,1.0
2024-02-16,186.63,188.95,185.9452,187.64,174.51918308697242,4842840,0.0000,1.0
2024-02-20,187.64,188.77,183.06,183.44,170.61287009952156,4247181,0.0000,1.0
2024-02-21,182.56,183.03,178.75,179.7,167.13439139164862,4728473,0.0000,1.0
2024-02-22,182.45,184.55,181.93,184.21,171.32902748055423,5078398,0.0000,1.0
2024-02-23,184.9,186.455,184.57,185.72,172.7334400069949,3433800,0.0000,1.0
2024-02-26,185.6,186.125,184.06,184.13,171.25462151888848,4620815,0.0000,1.0
2024-02-27,184.16,185.13,182.62,184.87,171.9428766642965,3641378,0.0000,1.0
2024-02-28,184.63,185.37,183.55,185.3,172.3428087082498,3216345,0.0000,1.0
2024-02-29,186.15,186.8495,184.69,185.03,172.09168858762797,6458487,0.0000,1.0
2024-03-01,185.49,188.38,185.18,188.2,175.04002481863256,4018354,0.0000,1.0
2024-03-04,187.76,193.898,187.6,193.06,179.56018698982572,7938266,0.0000,1.0
2024-03-05,192.0,193.94,190.57,191.95,178.5278042717137,5653641,0.0000,1.0
2024-03-06,193.5,198.13,192.96,196.16,182.4434180043728,6945818,0.0000,1.0
2024-03-07,197.58,198.73,196.14,196.54,182.79684632228503,4604458,0.0000,1.0
2024-03-08,196.06,197.77,194.38,195.95,182.24810235500027,3943113,0.0000,1.0
2024-03-11,195.09,195.38,190.88,191.73,178.32318787713294,4712688,0.0000,1.0
2024-03-12,192.46,199.18,192.15,197.78,183.95013872810387,5862512,0.0000,1.0
2024-03-13,197.55,198.1,195.32,196.7,182.9456582456165,3960737,0.0000,1.0
2024-03-14,196.95,197.748,192.12,193.43,179.90431456252975,4102202,0.0000,1.0
2024-03-15,191.99,193.0573,190.7,191.07,177.70933869339066,8828184,0.0000,1.0
2024-03-18,191.7,193.23,190.32,191.69,178.28598489630008,5410562,0.0000,1.0
2024-03-19,191.49,193.58,190.28,193.34,179.8206078556558,5317341,0.0000,1.0
2024-03-20,192.87,193.98,191.31,193.96,180.3972540585652,3238643,0.0000,1.0
2024-03-21,193.0,193.37,190.01,191.9,178.48130054567264,6013561,0.0000,1.0
2024-03-22,192.0,192.985,190.51,190.84,177.4954215536017,3988398,0.0000,1.0
2024-03-25,190.26,190.82,188.75,188.79,175.58876878591732,3718289,0.0000,1.0
2024-03-26,189.02,190.0,188.5,188.5,175.31904717487905,4229535,0.0000,1.0
2024-03-27,189.6,190.96,188.6,190.8,177.45821857276883,3693305,0.0000,1.0
2024-03-28,190.94,191.9299,190.34,190.96,177.6070304961003,3742169,0.0000,1.0
2024-04-01,190.0,190.46,188.52,189.83,176.55604628757183,2362586,0.0000,1.0
2024-04-02,189.14,189.8,187.6,188.88,175.67247549279128,2689711,0.0000,1.0
2024-04-03,188.6,191.35,188.485,190.9,177.551226024851,2818910,0.0000,1.0
2024-04-04,192.0,193.28,187.34,187.94,174.79820544321893,2924438,0.0000,1.0
2024-04-05,188.59,190.32,188.02,189.14,175.91429486820488,2012428,0.0000,1.0
2024-04-08,189.24,190.24,188.9118,189.82,176.54674554236362,2673611,0.0000,1.0
2024-04-09,190.54,191.25,186.66,189.31,176.07240753674458,2790673,0.0000,1.0
2024-04-10,187.42,187.915,185.52,186.04,173.0310638536578,3081915,0.0000,1.0
2024-04-11,186.04,186.795,184.58,185.9,172.9008534207428,2861736,0.0000,1.0
2024-04-12,184.0,185.1699,181.685,182.27,169.52468291016024,3547378,0.0000,1.0
2024-04-15,185.57,187.48,180.88,181.25,168.57600689892217,3528140,0.0000,1.0
2024-04-16,185.59,185.71,182.86,183.75,170.90119320097625,4473654,0.0000,1.0
2024-04-17,184.16,184.67,181.78,183.1,170.29664476244218,3003033,0.0000,1.0
2024-04-18,182.35,183.46,180.17,181.47,168.7806232935029,2886733,0.0000,1.0
2024-04-19,182.43,182.8,180.57,181.58,168.8829314907933,3037990,0.0000,1.0
2024-04-22,182.45,183.315,180.45,181.9,169.18055533745624,3076451,0.0000,1.0
2024-04-23,182.73,184.68,179.0,182.19,169.45027694849452,5950229,0.0000,1.0
2024-04-24,183.17,184.29,181.4,184.1,171.22671928326383,7616643,0.0000,1.0
2024-04-25,168.2,172.45,165.66,168.91,157.09888731198313,16702150,0.0000,1.0
2024-04-26,167.5,167.87,165.73,167.13,155.4433546649206,8983796,0.0000,1.0
2024-04-29,167.4,168.22,166.225,167.43,155.72237702116712,5263342,0.0000,1.0
2024-04-30,166.49,166.76,165.2605,166.2,154.57838536055647,6011634,0.0000,1.0
2024-05-01,165.69,166.27,164.3,164.43,152.9321534587022,4030960,0.0000,1.0
2024-05-02,164.35,164.88,162.62,164.69,153.1739728341158,3829853,0.0000,1.0
2024-05-03,165.0,166.61,164.92,165.71,154.1226488453539,3400405,0.0000,1.0
2024-05-06,166.5,168.67,166.38,168.61,156.81986495573665,4222266,0.0000,1.0
2024-05-07,169.0,169.29,167.94,168.38,156.60594781594767,3155260,0.0000,1.0
2024-05-08,168.01,170.26,167.9,169.9,158.01966108759657,3522011,0.0000,1.0
2024-05-09,167.5,167.55,165.88,166.27,156.19671502678614,4266616,1.6700,1.0
2024-05-10,167.13,168.07,166.32,167.15,157.0234011952084,2255370,0.0000,1.0
2024-05-13,167.5,168.06,166.76,167.56,157.40856179640514,2414859,0.0000,1.0
2024-05-14,167.86,168.13,166.48,167.36,157.22067857630918,2600967,0.0000,1.0
2024-05-15,167.94,168.35,167.34,168.26,158.06615306674104,4468823,0.0000,1.0
2024-05-16,168.26,169.63,167.79,168.97,158.73313849808173,3492267,0.0000,1.0
2024-05-17,168.97,169.11,167.33,169.03,158.78950346411054,2956387,0.0000,1.0
2024-05-20,169.0,170.16,168.38,169.92,159.6255837935376,2726261,0.0000,1.0
2024-05-21,169.94,174.97,169.94,173.47,162.96051095024112,6459800,0.0000,1.0
2024-05-22,173.39,174.99,172.76,173.69,163.16718249234668,3294900,0.0000,1.0
2024-05-23,175.39,175.46,170.435,170.67,160.3301458688975,3341335,0.0000,1.0
2024-05-24,171.48,172.01,170.21,170.89,160.53681741100306,2587829,0.0000,1.0
2024-05-28,170.44,171.085,168.65,169.66,159.38133560741284,2629645,0.0000,1.0
2024-05-29,168.0,168.63,166.21,167.05,156.92945958516043,4206576,0.0000,1.0
2024-05-30,165.56,166.73,164.23,165.63,155.59548872247902,3852963,0.0000,1.0
2024-05-31,165.7,166.97,163.84,166.85,156.74157636506445,4905002,0.0000,1.0
2024-06-03,166.54,166.78,163.53,165.28,155.26669308731107,2776058,0.0000,1.0
2024-06-04,164.6,166.4,163.88,165.81,155.7645836205654,2594203,0.0000,1.0
2024-06-05,166.41,167.79,165.78,167.38,157.23946689831877,3049377,0.0000,1.0
2024-06-06,167.38,168.44,166.8,168.2,158.00978810071223,2207263,0.0000,1.0
2024-06-07,168.18,171.305,168.06,170.01,159.7101312425808,3475495,0.0000,1.0
2024-06-10,169.55,170.76,168.88,170.38,160.05771519975835,3444684,0.0000,1.0
2024-06-11,169.98,170.0,166.81,169.32,159.06193413324968,2951251,0.0000,1.0
2024-06-12,171.35,172.47,168.101,169.0,158.76132098109613,3522698,0.0000,1.0
2024-06-13,169.01,169.59,168.335,169.12,158.87405091315372,3525717,0.0000,1.0
2024-06-14,168.29,169.47,167.23,169.21,158.9585983621969,2777717,0.0000,1.0
2024-06-17,168.76,169.72,167.5,169.5,159.23102903133605,3239815,0.0000,1.0
2024-06-18,170.0,170.75,168.38,170.55,160.21741593683993,3386442,0.0000,1.0
2024-06-20,174.08,174.28,171.22,173.92,163.383248195457,4723078,0.0000,1.0
2024-06-21,173.97,174.96,171.4,172.46,162.01170068875646,10182025,0.0000,1.0
2024-06-24,175.0,178.4599,174.15,175.01,164.4072117449801,4864735,0.0000,1.0
2024-06-25,175.14,175.7526,171.42,172.6,162.1432189428236,4119267,0.0000,1.0
2024-06-26,171.28,172.68,170.41,171.87,161.45744518947333,2779016,0.0000,1.0
2024-06-27,171.12,172.5,170.48,170.85,160.49924076698386,2894001,0.0000,1.0
2024-06-28,170.85,173.46,170.53,172.95,162.47201457799156,4193459,0.0000,1.0
2024-07-01,173.45,176.46,173.38,175.1,164.49175919402327,3320961,0.0000,1.0
2024-07-02,174.84,177.485,174.32,177.3,166.55847461507898,2883275,0.0000,1.0
2024-07-03,177.88,177.98,175.17,175.73,165.08359133732557,1649049,0.0000,1.0
2024-07-05,175.74,176.09,173.95,176.02,165.35602200646474,2085970,0.0000,1.0
2024-07-08,176.41,178.59,176.01,177.64,166.8778760892421,2503038,0.0000,1.0
2024-07-09,177.6,177.7,175.58,176.48,165.78815341268546,2513305,0.0000,1.0
2024-07-10,176.6,178.22,174.45,177.84,167.0657593093381,3462182,0.0000,1.0
2024-07-11,177.65,179.44,176.62,178.31,167.50728487656363,2807145,0.0000,1.0
2024-07-12,178.56,184.16,178.5,182.83,171.7534456507326,4785565,0.0000,1.0
2024-07-15,183.38,184.9,182.6,182.88,171.80041645575656,2925794,0.0000,1.0
2024-07-16,184.67,186.6,184.52,185.81,174.55290563016257,3374526,0.0000,1.0
2024-07-17,185.44,187.94,185.07,187.45,176.09354803494952,4225302,0.0000,1.0
2024-07-18,186.64,189.47,185.1,185.22,173.99865013087944,3487808,0.0000,1.0
2024-07-19,186.33,187.0,181.95,183.25,172.14800041293412,3816039,0.0000,1.0
2024-07-22,183.4,184.97,182.86,184.15,172.993474903366,2488525,0.0000,1.0
2024-07-23,184.36,185.38,183.01,184.1,172.946504098342,2180225,0.0000,1.0
2024-07-24,184.14,185.0714,183.145,184.02,172.87135081030362,6962071,0.0000,1.0
2024-07-25,186.8,196.26,185.3,191.98,180.34910297012328,9532802,0.0000,1.0
2024-07-26,190.51,193.57,189.622,191.75,180.13303726701292,4294875,0.0000,1.0
2024-07-29,193.18,193.29,189.18,191.5,179.89818324189295,3336806,0.0000,1.0
2024-07-30,191.48,192.77,189.09,191.04,179.4660518356722,3064978,0.0000,1.0
2024-07-31,191.0,194.5499,189.99,192.14,180.49940954620004,5558405,0.0000,1.0
2024-08-01,192.81,193.635,188.29,189.66,178.16965761701002,4085354,0.0000,1.0
2024-08-02,188.78,189.26,185.7,189.12,177.6623729227509,4548824,0.0000,1.0
2024-08-05,184.55,185.255,181.81,183.31,172.2043653789629,4975002,0.0000,1.0
2024-08-06,184.7,188.9,183.64,186.8,175.48292756963764,3632517,0.0000,1.0
2024-08-07,188.08,189.87,186.7,186.8,175.48292756963764,3801942,0.0000,1.0
2024-08-08,187.5,192.88,187.0,192.61,180.9409351134256,3712698,0.0000,1.0
2024-08-09,191.18,192.63,189.04,191.45,181.4200373246703,2773706,1.6700,1.0
2024-08-12,191.25,191.5761,189.0001,189.48,179.55324456661543,2290421,0.0000,1.0
2024-08-13,190.29,191.31,189.21,190.99,180.98413647761183,2178862,0.0000,1.0
2024-08-14,191.15,193.09,190.73,192.32,182.2444584919331,1895114,0.0000,1.0
2024-08-15,193.51,194.25,193.28,193.95,183.78906366737948,2471985,0.0000,1.0
2024-08-16,193.58,194.35,192.86,193.78,183.62796987607527,2494472,0.0000,1.0
2024-08-19,193.84,195.525,193.715,194.73,184.52819988630475,2361378,0.0000,1.0
2024-08-20,194.59,196.21,193.75,196.03,185.76009358451356,1790371,0.0000,1.0
2024-08-21,195.97,197.33,194.115,197.21,186.8782740182723,2579343,0.0000,1.0
2024-08-22,197.25,197.92,195.57,195.96,185.6937608469177,1969496,0.0000,1.0
2024-08-23,196.79,197.38,194.39,196.1,185.8264263221094,2321961,0.0000,1.0
2024-08-26,196.0,198.345,195.9,197.98,187.6079341318267,2567217,0.0000,1.0
2024-08-27,197.44,199.4,196.97,198.73,188.31864203463948,2617229,0.0000,1.0
2024-08-28,199.0,200.0,197.49,198.46,188.0627871896269,2645244,0.0000,1.0
2024-08-29,199.3,201.12,198.27,198.9,188.47973582594372,2989594,0.0000,1.0
2024-08-30,199.11,202.17,198.73,202.13,191.54051786072398,4750999,0.0000,1.0
2024-09-03,201.91,204.72,200.21,201.28,190.73504890420287,3874697,0.0000,1.0
2024-09-04,200.76,204.36,200.5,204.11,193.4167867241497,3111332,0.0000,1.0
2024-09-05,204.08,205.95,200.96,202.59,191.9764187077825,3229345,0.0000,1.0
2024-09-06,202.38,204.1,199.335,200.74,190.22333921417768,3304491,0.0000,1.0
2024-09-09,201.94,205.05,201.43,203.53,192.86717261264116,3705004,0.0000,1.0
2024-09-10,204.2,205.83,202.87,205.32,194.56339547402092,3070644,0.0000,1.0
2024-09-11,207.76,210.12,203.04,209.89,198.89397562849334,5554309,0.0000,1.0
2024-09-12,210.0,212.65,208.265,211.61,200.5238657522773,4616446,0.0000,1.0
2024-09-13,212.48,216.09,212.13,214.79,203.53726726020335,4572344,0.0000,1.0
2024-09-16,215.88,217.9,215.52,217.16,205.78310423309168,4176257,0.0000,1.0
2024-09-17,217.25,218.84,213.0,214.13,202.91184430572812,5635210,0.0000,1.0
2024-09-18,214.13,216.86,213.59,214.94,203.67940884076592,3482764,0.0000,1.0
2024-09-19,218.01,218.48,210.37,213.89,202.68441777682804,5279559,0.0000,1.0
2024-09-20,214.33,217.85,213.74,217.7,206.29481392311686,9958980,0.0000,1.0
2024-09-23,218.0,220.62,217.27,220.5,208.94812342695118,4074755,0.0000,1.0
2024-09-24,219.78,221.19,218.16,220.97,209.3935003793805,3184114,0.0000,1.0
2024-09-25,221.17,221.85,220.16,221.23,209.63987911902225,2537751,0.0000,1.0
2024-09-26,222.11,224.0,221.355,223.43,211.72462230060637,2673210,0.0000,1.0
2024-09-27,223.0,224.15,220.77,220.84,209.27031100955963,3830335,0.0000,1.0
2024-09-30,220.65,221.32,219.02,221.08,209.49773753845972,3544264,0.0000,1.0
2024-10-01,220.63,221.1,215.9,219.35,207.85837130930494,3548374,0.0000,1.0
2024-10-02,218.31,220.2,215.798,219.73,208.21846331339674,3343399,0.0000,1.0
2024-10-03,219.5,222.83,219.27,222.72,211.05181881927695,3788265,0.0000,1.0
2024-10-04,223.75,226.08,223.27,226.0,214.1599813809114,3554328,0.0000,1.0
2024-10-07,225.38,227.67,225.02,227.12,215.22130518244512,3457952,0.0000,1.0
2024-10-08,228.11,229.345,227.0401,228.62,216.64272098807064,3245342,0.0000,1.0
2024-10-09,229.2,234.95,228.5,234.3,222.02514883870595,5083566,0.0000,1.0
2024-10-10,235.1,235.83,231.81,233.02,220.81220735123884,3142031,0.0000,1.0
2024-10-11,233.25,233.44,230.46,233.26,221.0396338801389,3469322,0.0000,1.0
2024-10-14,233.57,236.12,233.17,235.26,222.93485495430627,2524389,0.0000,1.0
2024-10-15,236.4,237.37,232.71,232.96,220.75535071901382,3350556,0.0000,1.0
2024-10-16,232.11,233.88,231.12,233.67,221.42815420034322,2846669,0.0000,1.0
2024-10-17,232.0,233.145,230.655,232.88,220.6795418760471,5040092,0.0000,1.0
2024-10-18,231.92,232.6499,230.17,232.2,220.0351667108302,4715688,0.0000,1.0
2024-10-21,231.21,232.42,230.26,231.75,219.60874196914256,2733336,0.0000,1.0
2024-10-22,231.99,232.97,230.67,232.25,220.0825472376844,3180807,0.0000,1.0
2024-10-23,230.41,233.34,230.26,232.75,220.55635250622623,5791002,0.0000,1.0
2024-10-24,220.8,221.32,216.16,218.39,206.94866519370458,11193440,0.0000,1.0
2024-10-25,216.8,218.65,214.385,214.67,203.4235539957533,8482235,0.0000,1.0
2024-10-28,215.5,216.25,212.7,212.91,201.75575945048604,4993343,0.0000,1.0
2024-10-29,211.99,213.34,209.85,210.43,199.40568531851852,5258366,0.0000,1.0
2024-10-30,209.48,211.12,204.26,204.9,194.16539904844578,6956624,0.0000,1.0
2024-10-31,204.13,208.13,203.51,206.72,195.89005022593807,5925250,0.0000,1.0
2024-11-01,207.77,209.84,207.41,208.25,197.3398943476761,3334308,0.0000,1.0
2024-11-04,207.65,207.7,205.8,206.32,195.5110060111046,2594119,0.0000,1.0
2024-11-05,206.17,208.115,205.57,207.57,196.6955191824592,2441535,0.0000,1.0
2024-11-06,213.48,214.33,210.37,213.6,202.4096107210738,3934386,0.0000,1.0
2024-11-07,213.64,214.5199,211.93,213.69,202.4948956694113,3675812,0.0000,1.0
2024-11-08,214.16,216.7,212.7809,213.72,202.52332398552383,3201038,0.0000,1.0
2024-11-11,214.4,215.41,213.48,213.57,202.38118240496127,3012987,0.0000,1.0
2024-11-12,211.9,213.03,209.06,210.86,201.3956674463942,2818216,1.6700,1.0
2024-11-13,209.5,211.41,209.0701,210.92,201.45297438012645,3247830,0.0000,1.0
2024-11-14,210.0,210.4999,206.35,208.99,199.6096013450722,6372853,0.0000,1.0
2024-11-15,207.46,208.49,204.07,204.99,195.7891390962551,3986460,0.0000,1.0
2024-11-18,207.0,208.415,205.3701,208.09,198.74999733908837,3406045,0.0000,1.0
2024-11-19,206.5,210.33,206.19,210.25,200.8130469534496,2860746,0.0000,1.0
2024-11-20,211.0,214.96,209.7725,214.6,204.9677996490382,4562901,0.0000,1.0
2024-11-21,215.81,222.63,215.2701,222.4,212.41770103423158,5236434,0.0000,1.0
2024-11-22,223.35,227.2,220.89,222.97,212.96211690468803,5320740,0.0000,1.0
2024-11-25,223.35,226.42,222.65,226.13,215.98028208125353,7189260,0.0000,1.0
2024-11-26,226.73,228.98,225.5115,228.83,218.5590940992051,4449543,0.0000,1.0
2024-11-27,228.83,229.19,224.27,226.92,216.7348233753949,2995121,0.0000,1.0
2024-11-29,227.75,230.36,227.19,227.41,217.20283000087503,2640253,0.0000,1.0
2024-12-02,227.5,228.38,225.51,227.39,217.18372768963093,2656181,0.0000,1.0
2024-12-03,227.24,229.11,226.67,229.0,218.72146374477984,3163815,0.0000,1.0
2024-12-04,230.0,233.74,229.35,233.49,223.00993261907703,4104195,0.0000,1.0
2024-12-05,233.55,236.52,233.46,234.75,224.21337822745443,4791116,0.0000,1.0
2024-12-06,234.43,238.38,234.22,238.04,227.3557084271065,4028430,0.0000,1.0
2024-12-09,238.0,239.35,228.91,230.0,219.6765793069841,4970449,0.0000,1.0
2024-12-10,228.4,234.39,227.8,231.72,221.31937807397546,4769531,0.0000,1.0
2024-12-11,232.69,233.0,229.13,230.12,219.79119317444864,3872680,0.0000,1.0
2024-12-12,230.66,233.89,230.38,232.26,221.83514047756577,4515741,0.0000,1.0
2024-12-13,232.25,233.775,230.26,230.82,220.45977406799162,2757683,0.0000,1.0
2024-12-16,230.73,231.03,226.88,229.33,219.03665188030726,3610257,0.0000,1.0
2024-12-17,229.23,230.2,227.62,228.97,218.6928102779137,3651346,0.0000,1.0
2024-12-18,229.035,229.035,220.03,220.17,210.28779333051602,4152517,0.0000,1.0
2024-12-19,224.42,226.2,222.98,223.92,213.86947668878207,4430120,0.0000,1.0
2024-12-20,222.73,227.6847,221.68,223.36,213.33461197394772,12423200,0.0000,1.0
2024-12-23,222.81,223.74,221.08,221.93,211.9687967199956,2988137,0.0000,1.0
2024-12-24,222.27,224.4446,221.5428,224.41,214.3374833142622,1186216,0.0000,1.0
2024-12-26,223.31,225.4,222.55,224.89,214.79593878412024,3287238,0.0000,1.0
2024-12-27,223.14,224.42,221.4054,222.78,212.7806449478692,1810760,0.0000,1.0
2024-12-30,220.54,221.5942,217.6523,220.25,210.36420257549238,2095565,0.0000,1.0
2024-12-31,220.72,221.0493,218.44,219.83,209.9630540393666,2270512,0.0000,1.0
2025-01-02,221.82,222.49,217.6,219.94,210.06811675120906,2579498,0.0000,1.0
2025-01-03,220.55,223.66,220.55,222.65,212.65647992478267,3873578,0.0000,1.0
2025-01-06,223.0,224.35,220.75,222.67,212.67558223602674,2847128,0.0000,1.0
2025-01-07,223.35,226.71099999999998,222.83,223.96,213.90768131127027,3299701,0.0000,1.0
2025-01-08,223.91,224.9,220.83,223.18,213.16269117275093,2619768,0.0000,1.0
2025-01-10,222.0,222.43,216.8,219.75,209.88664479439024,3570497,0.0000,1.0
2025-01-13,217.89,219.59,214.75,217.4,207.6421232232102,3716816,0.0000,1.0
2025-01-14,218.0,218.125,214.61,217.75,207.9764136699817,3485829,0.0000,1.0
2025-01-15,220.87,221.6761,218.01,220.03,210.15407715180746,2951825,0.0000,1.0
2025-01-16,219.69,222.68,217.38,222.66,212.6660310804047,3329060,0.0000,1.0
2025-01-17,225.955,225.955,223.64,224.79,214.7004272278998,5506837,0.0000,1.0
2025-01-21,224.99,227.45,222.8302,224.26,214.19421597993153,3982203,0.0000,1.0
2025-01-22,221.98,224.4,220.35,223.26,213.23910041772726,4759490,0.0000,1.0
2025-01-23,223.94,226.04,223.15,226.04,215.89432168065517,3619651,0.0000,1.0
2025-01-24,225.27,226.8104,223.8,224.8,214.70997838352187,3233293,0.0000,1.0
2025-01-27,222.19,224.3,219.84,224.13,214.070050956845,4898355,0.0000,1.0
2025-01-28,224.32,225.77,221.77,225.66,215.53137776701755,4485429,0.0000,1.0
2025-01-29,225.62,229.47,223.73,228.63,218.36807098676425,7079804,0.0000,1.0
2025-01-30,250.0,261.8,247.01,258.27,246.67769625049905,15381890,0.0000,1.0
2025-01-31,256.05,257.235,251.89,255.7,244.22304925563407,7203519,0.0000,1.0
2025-02-03,252.4,262.06,251.84,260.73,249.0272805335216,8408523,0.0000,1.0
2025-02-04,260.0,265.25,258.1233,264.46,252.58986158054353,6077652,0.0000,1.0
2025-02-05,265.71,265.72,261.18,263.3,251.4819275283866,6165096,0.0000,1.0
2025-02-06,262.98,263.38,252.73,253.44,242.0644880850524,6128293,0.0000,1.0
2025-02-07,255.28,256.93,252.02,252.34,241.0138609666277,3370284,0.0000,1.0
2025-02-10,250.86,251.95,246.87,249.27,239.6766991795417,3564400,1.6700,1.0
2025-02-11,251.1,256.75,250.58,254.7,244.8977224737404,4801550,0.0000,1.0
2025-02-12,252.72,256.4,252.02,255.81,245.96500347863187,3075308,0.0000,1.0
2025-02-13,255.66,259.28,254.41,259.19,249.21492221424728,4531538,0.0000,1.0
2025-02-14,259.0,261.94,257.91,261.28,251.2244873495834,3925277,0.0000,1.0
2025-02-18,261.93,263.965,259.83,263.07,252.94559815927323,4262812,0.0000,1.0
2025-02-19,262.0,264.36,260.09,264.32,254.14749118279963,3718678,0.0000,1.0
2025-02-20,263.65,265.09,262.15,264.74,254.55132723870452,4884805,0.0000,1.0
2025-02-21,263.845,264.83,261.1,261.48,251.41679023334765,5667874,0.0000,1.0
2025-02-24,261.5,263.845,259.58,261.87,251.7917808566879,4398107,0.0000,1.0
2025-02-25,261.08,263.48,256.77,257.75,247.83034145114485,6292487,0.0000,1.0
2025-02-26,258.1,258.325,254.4104,255.84,245.9938489111965,3460124,0.0000,1.0
2025-02-27,255.22,257.63,253.05,253.23,243.48429627807337,3402234,0.0000,1.0
2025-02-28,250.855,252.8099,246.54,252.44,242.72469988720468,7988809,0.0000,1.0
2025-03-03,254.735,255.99,248.245,250.19,240.56129244485714,2977699,0.0000,1.0
2025-03-04,248.75,255.48,248.1,253.21,243.46506598969697,5342106,0.0000,1.0
2025-03-05,251.58,252.74,247.0146,251.35,241.67664917068964,4009813,0.0000,1.0
2025-03-06,249.75,252.1,246.8019,248.69,239.11902081662546,3254358,0.0000,1.0
2025-03-07,245.95,261.96,245.1823,261.54,251.47448109847693,6700184,0.0000,1.0
2025-03-10,261.56,266.45,254.75,256.9,247.01305419514688,8126234,0.0000,1.0
2025-03-11,255.99,256.7,245.86,248.95,239.36901456551894,5630570,0.0000,1.0
2025-03-12,250.35,253.127296,245.53,249.63,240.02284437031733,3849206,0.0000,1.0
2025-03-13,248.8,249.27,243.04,245.8,236.34024414623244,3862416,0.0000,1.0
2025-03-14,242.745,248.9499,241.68,248.35,238.79210591422628,4045284,0.0000,1.0
2025-03-17,249.25,254.63,249.0,252.97,243.23430252917987,3234149,0.0000,1.0
2025-03-18,252.51,252.57,245.12,246.95,237.4459857278767,4172239,0.0000,1.0
2025-03-19,248.33,253.66,246.64,252.29,242.5804727243815,3853598,0.0000,1.0
2025-03-20,244.24,246.8,237.22400000000002,243.32,233.95568838755602,7026796,0.0000,1.0
2025-03-21,241.69,245.205,238.5,243.87,234.48452131790765,9580084,0.0000,1.0
2025-03-24,247.31,248.82,245.965,248.45,238.8882573561084,4753331,0.0000,1.0
2025-03-25,248.36,250.9,248.2,249.9,240.28245326339902,3133809,0.0000,1.0
2025-03-26,251.25,254.32,249.53,250.34,240.70551960768032,4452220,0.0000,1.0
2025-03-27,249.71,250.3,245.725,246.21,236.73446505794908,2889328,0.0000,1.0
2025-03-28,246.27,247.57,242.07,244.0,234.6095181923544,3125594,0.0000,1.0
2025-03-31,242.74,250.89,242.49,248.66,239.0901753840608,6794972,0.0000,1.0
2025-04-01,248.03,250.62,243.49,250.34,240.70551960768032,4413139,0.0000,1.0
2025-04-02,248.22,252.79,247.23,249.98,240.3593744169047,4080832,0.0000,1.0
2025-04-03,242.71,250.61,242.53,243.49,234.11914583875563,5309626,0.0000,1.0
2025-04-04,238.0,240.16,226.88,227.48,218.72529999342942,7407096,0.0000,1.0
2025-04-07,219.24,232.29,214.5,225.78,217.0907254814335,7797889,0.0000,1.0
2025-04-08,232.56,233.05,217.28,221.03,212.52353199203316,6849996,0.0000,1.0
2025-04-09,217.12,236.3,215.1636,235.31,226.2539578927988,7302808,0.0000,1.0
2025-04-10,231.0,232.57,222.02,229.55,220.71563484038916,5656108,0.0000,1.0
2025-04-11,229.72,237.58,227.51,235.48,226.41741534399839,4325895,0.0000,1.0
2025-04-14,239.77,241.77,236.73,239.06,229.85963696337805,3321717,0.0000,1.0
2025-04-15,239.55,241.53,238.27,240.7,231.43652061024466,3363708,0.0000,1.0
2025-04-16,240.28,243.2999,235.89,238.57,229.38849489815567,4870299,0.0000,1.0
2025-04-17,239.68,241.775,237.4,238.81,229.61925835867277,4635204,0.0000,1.0
2025-04-21,238.065,240.805,232.93,236.22,227.12893601392605,4908923,0.0000,1.0
2025-04-22,238.5,242.64,238.02,240.9,231.6288234940089,4232658,0.0000,1.0
2025-04-23,246.0,249.34,243.66,245.48,236.03255953220963,7948259,0.0000,1.0
2025-04-24,231.175,232.78,224.4401,229.33,220.5041016682485,15428144,0.0000,1.0
2025-04-25,228.95,233.36,226.32,232.41,223.46556607821756,6700068,0.0000,1.0
2025-04-28,232.86,236.63,232.07,236.16,227.07124514879678,3653461,0.0000,1.0
2025-04-29,237.0,239.98,236.14,239.39,230.176936721589,3426508,0.0000,1.0
2025-04-30,236.73,242.47,234.3401,241.82,232.51341675932434,5142993,0.0000,1.0
2025-05-01,241.44,242.37,237.945,239.66,230.4365456146707,4243294,0.0000,1.0
2025-05-02,243.125,245.69,241.33,245.55,236.09986554152715,3731946,0.0000,1.0
2025-05-05,243.74,249.8,243.64,249.18,239.59016288184782,4138168,0.0000,1.0
2025-05-06,247.76,250.19,246.11,249.12,239.53247201671854,2900556,0.0000,1.0
2025-05-07,249.45,254.47,248.832,253.37,243.61890829670833,3400001,0.0000,1.0
2025-05-08,255.0,256.52,253.25,254.14,244.3592743992006,3637012,0.0000,1.0
2025-05-09,252.51,253.0,247.64,249.2,241.22473739384375,2901346,1.6800,1.0
2025-05-12,252.5,253.81,244.65,253.69,245.57104185170235,4609520,0.0000,1.0
2025-05-13,254.43,259.58,252.88,258.59,250.31422489034532,3521389,0.0000,1.0
2025-05-14,257.6,260.55,256.22,257.82,249.56886755570144,3635124,0.0000,1.0
2025-05-15,259.01,267.43,258.61,266.68,258.1453168867988,4856276,0.0000,1.0
2025-05-16,266.35,267.98,264.59,266.76,258.2227566098787,3817937,0.0000,1.0
2025-05-19,265.45,269.135,265.08,268.41,259.8199508984013,3198903,0.0000,1.0
2025-05-20,267.4,269.28,265.6201,266.95,258.4066759521934,2437860,0.0000,1.0
2025-05-21,264.97,265.6499,260.41,260.87,252.52125699812208,3753904,0.0000,1.0
2025-05-22,260.77,261.2711,257.91,258.37,250.10126565187565,3091253,0.0000,1.0
2025-05-23,258.58,259.8696,255.79,258.63,250.35294475188527,2722721,0.0000,1.0
2025-05-27,261.0,263.7869,259.63,263.23,254.80572882897872,3284216,0.0000,1.0
2025-05-28,263.16,265.0,259.94,260.24,251.911419178868,2318437,0.0000,1.0
2025-05-29,260.75,261.13,256.77,258.69,250.4110245441952,2295228,0.0000,1.0
2025-05-30,258.75,260.12,257.1,259.06,250.7691832634397,9668923,0.0000,1.0
2025-06-02,257.85,263.976,257.22,263.9,255.45428650977274,2831881,0.0000,1.0
2025-06-03,263.35,265.56,262.58,265.2,256.71268200982087,2494922,0.0000,1.0
2025-06-04,264.9,267.0,264.79,265.52,257.02244090214043,2588741,0.0000,1.0
2025-06-05,265.2,267.51,265.1,266.86,258.31955626372854,2659478,0.0000,1.0
2025-06-06,267.99,270.17,267.53,268.87,260.26522930611065,2495543,0.0000,1.0
2025-06-09,268.1,273.47,266.71,272.08,263.37249819469105,4331464,0.0000,1.0
2025-06-10,273.19,277.47,272.56,276.24,267.3993637948451,5163507,0.0000,1.0
2025-06-11,276.7,281.75,275.11,281.52,272.5103855181176,4656034,0.0000,1.0
2025-06-12,281.53,283.06,279.83,281.03,272.03606721425325,3418007,0.0000,1.0
2025-06-13,278.205,279.84,275.83,277.22,268.34800040257375,3243824,0.0000,1.0
2025-06-16,279.305,284.5,278.6657,281.83,272.8104644450521,3685321,0.0000,1.0
2025-06-17,281.15,284.7899,281.0001,283.05,273.9914202220204,3069556,0.0000,1.0
2025-06-18,285.0,286.91,282.94,283.21,274.1462996681801,3534110,0.0000,1.0
2025-06-20,279.28,284.12,277.2,280.97,271.9779874219434,7676962,0.0000,1.0
2025-06-23,281.65,289.58,280.21,289.18,279.9252390030166,3786159,0.0000,1.0
2025-06-24,290.46,294.3399,288.41,293.79,284.387703045495,4219120,0.0000,1.0
2025-06-25,294.49,296.16,289.5,291.06,281.7450724953939,3862309,0.0000,1.0
2025-06-26,291.8,292.91,290.165,291.93,282.5872294838877,3621110,0.0000,1.0
2025-06-27,292.97,293.12,288.52,289.7,280.42859720303585,3562501,0.0000,1.0
2025-06-30,290.93,294.81,290.0,294.78,285.3460196186086,3495386,0.0000,1.0
2025-07-01,294.55,295.1081,290.08,291.2,281.88059201078374,3272797,0.0000,1.0
2025-07-02,290.0,290.19,286.9,287.65,278.4442042991138,3257515,0.0000,1.0
2025-07-03,287.94,292.32,287.9,291.97,282.62594934542767,1853289,0.0000,1.0
2025-07-07,292.5,295.2199,290.3607,292.47,283.1099476146769,4488064,0.0000,1.0
2025-07-08,293.1,295.61,289.49,290.42,281.12555471075484,2925329,0.0000,1.0
2025-07-09,291.39,291.6,288.63,290.14,280.85451567997524,2971309,0.0000,1.0
2025-07-10,288.9,288.9,282.21,287.43,278.23124506064414,3489068,0.0000,1.0
2025-07-11,285.01,287.43,282.92,283.59,274.5141383528096,3790679,0.0000,1.0
2025-07-14,282.83,284.925,281.71,283.79,274.70773766050934,2857401,0.0000,1.0
2025-07-15,283.77,284.155,280.7301,282.7,273.65262143354585,2864106,0.0000,1.0
2025-07-16,282.75,283.87,279.87,281.92,272.897584133517,2804831,0.0000,1.0
2025-07-17,281.5,283.4566,280.9,282.0,272.97502385659686,3337168,0.0000,1.0
2025-07-18,283.38,287.16,282.22,285.87,276.72117046058634,4478165,0.0000,1.0
2025-07-21,286.29,287.73,284.38,284.71,275.59829447592796,3051791,0.0000,1.0
2025-07-22,284.74,284.88,281.25,281.96,272.9363039950569,4824219,0.0000,1.0
2025-07-23,284.3,288.08,281.44,282.01,272.98470382198184,8105906,0.0000,1.0
2025-07-24,261.25,262.0486,252.75,260.51,252.1727782442626,22647720,0.0000,1.0
2025-07-25,260.02,260.8,256.35,259.72,251.40806097884877,7758653,0.0000,1.0
2025-07-28,260.3,264.0,259.61,263.21,254.7863688982087,5192516,0.0000,1.0
2025-07-29,264.3,265.7999,261.02,262.41,254.0119716674099,4627265,0.0000,1.0
2025-07-30,261.6,262.0,258.9,260.26,251.93077910963794,3718290,0.0000,1.0
2025-07-31,259.57,259.99,252.22,253.15,245.04832372091312,6739092,0.0000,1.0
2025-08-01,251.405,251.4791,245.61,250.05,242.04753445156757,9683404,0.0000,1.0
2025-08-04,251.05,252.08,248.11,251.98,243.9157677708698,5280588,0.0000,1.0
2025-08-05,252.0,252.8,248.995,250.67,242.64769230543666,5823016,0.0000,1.0
2025-08-06,251.53,254.32,249.28,252.28,244.20616673241938,3692105,0.0000,1.0
2025-08-07,252.81,255.0,248.875,250.16,242.1540140708024,6251285,0.0000,1.0
2025-08-08,248.88,249.48,241.65,242.27,236.1427555667263,6828390,1.6800,1.0
2025-08-11,242.24,243.15,234.7,236.3,230.32374268550552,9381960,0.0000,1.0
2025-08-12,236.53,237.96,233.36,234.77,228.83243787675045,8800597,0.0000,1.0
2025-08-13,236.2,240.8411,236.2,240.07,233.99839571100003,5663562,0.0000,1.0
2025-08-14,238.25,239.0,235.62,237.11,231.11325699602293,4556725,0.0000,1.0
2025-08-15,237.61,240.62,236.77,239.72,233.6572475521345,4344322,0.0000,1.0
2025-08-18,239.57,241.42,239.1158,239.45,233.39407611529535,3569594,0.0000,1.0
2025-08-19,240.0,242.83,239.49,241.28,235.17779363164948,3328305,0.0000,1.0
2025-08-20,242.11,242.88,240.34,242.55,236.41567409381872,3240064,0.0000,1.0
2025-08-21,242.21,242.5,238.65,239.4,233.34534066402887,2991902,0.0000,1.0
2025-08-22,240.74,243.68,240.22,242.09,235.96730794216688,3134882,0.0000,1.0
2025-08-25,242.565,242.565,239.43,239.43,233.37458193478878,3513327,0.0000,1.0
2025-08-26,241.02,244.98,240.38,242.63,236.49365081584511,5386582,0.0000,1.0
2025-08-27,242.87,245.96,242.0,244.84,238.64775776182466,3698372,0.0000,1.0
2025-08-28,245.43,245.88,243.36,245.73,239.51524879436846,2820817,0.0000,1.0
2025-08-29,245.23,245.4599,241.72,243.49,237.33190057762903,2967558,0.0000,1.0
2025-09-02,240.9,241.55,238.25,241.5,235.3922296172221,3469501,0.0000,1.0
2025-09-03,240.02,244.25,239.41,244.1,237.9264730830804,3156289,0.0000,1.0
2025-09-04,245.42,249.28,242.85,247.18,240.92857688109714,4765087,0.0000,1.0
2025-09-05,248.23,249.03,245.45,248.53,242.24443406529278,3147478,0.0000,1.0
2025-09-08,248.63,257.15,247.02,256.09,249.61323429678842,6940270,0.0000,1.0
2025-09-09,256.12,260.66,254.88,259.11,252.5568555532854,4931105,0.0000,1.0
2025-09-10,259.65,260.08,254.56,256.88,250.38325442679923,5185420,0.0000,1.0
2025-09-11,257.56,258.545,255.655,257.01,250.50996660009213,3576048,0.0000,1.0
2025-09-12,256.95,257.25,252.425,253.44,247.03025537966363,3433300,0.0000,1.0
2025-09-15,254.02,259.05,254.0,256.24,249.75944065058798,4028365,0.0000,1.0
2025-09-16,256.26,258.0,254.41,257.52,251.00706820301048,2719918,0.0000,1.0
2025-09-17,257.495,260.9644,257.01,259.08,252.52761428252546,3974785,0.0000,1.0
2025-09-18,258.86,265.23,256.8004,265.0,258.2978917124797,4988421,0.0000,1.0
2025-09-19,266.05,267.87,263.64,266.4,259.66248434794187,9858112,0.0000,1.0
2025-09-22,266.62,272.31,266.0,271.37,264.50678820383257,5030540,0.0000,1.0
2025-09-23,272.7,273.2962,269.265,272.24,265.35478505586974,5394121,0.0000,1.0
2025-09-24,272.62,273.6499,267.3,267.53,260.7639055465649,3159924,0.0000,1.0
2025-09-25,272.935,284.23,271.14799999999997,281.44,274.32210808890676,11506192,0.0000,1.0
2025-09-26,280.51,288.85,280.11,284.31,277.1195229916042,9063938,0.0000,1.0
2025-09-29,286.0,286.0,279.66,279.8,272.7235852873654,6022125,0.0000,1.0
2025-09-30,280.88,286.025,280.52,282.16,275.0238985871445,5926924,0.0000,1.0
2025-10-01,280.2,286.59,280.15,286.49,279.24438866682385,4381338,0.0000,1.0
2025-10-02,285.79,288.54,282.79,286.72,279.46857174264983,3814232,0.0000,1.0
2025-10-03,287.5,293.32,287.3,288.37,281.07684163444446,4375082,0.0000,1.0
2025-10-06,288.61,291.45,287.8,289.42,282.1002861110411,2881947,0.0000,1.0
2025-10-07,295.55,301.0425,293.285,293.87,286.4377412737601,7190126,0.0000,1.0
2025-10-08,294.16,294.2,286.473,289.46,282.13927447205424,5297030,0.0000,1.0
2025-10-09,289.82,290.13,283.32,288.23,280.94038237089825,4912375,0.0000,1.0
2025-10-10,288.97,290.385,277.5,277.82,270.79366141721175,4508506,0.0000,1.0
2025-10-13,279.79,282.4399,274.64,277.22,270.20883600201375,4333836,0.0000,1.0
2025-10-14,275.52,277.53,272.5469,276.15,269.1658973449105,3058149,0.0000,1.0
2025-10-15,278.38,285.45,277.0,280.75,273.649558861429,3346753,0.0000,1.0
2025-10-16,281.11,282.56,275.6,275.97,268.9904497203511,2956923,0.0000,1.0
2025-10-17,276.15,283.4,275.35,281.28,274.1661546448539,5309565,0.0000,1.0
2025-10-20,281.25,285.5,280.96,283.65,276.4762150348863,3494336,0.0000,1.0
2025-10-21,283.31,285.31,281.6,282.05,274.9166805943582,4080981,0.0000,1.0
2025-10-22,281.99,289.17,281.35,287.51,280.23859187266055,10538480,0.0000,1.0
2025-10-23,264.95,285.5791,263.5623,285.0,277.792072219082,16676394,0.0000,1.0
2025-10-24,283.77,310.75,282.21,307.46,299.68403692799626,16914243,0.0000,1.0
2025-10-27,307.8,313.5,302.88,313.09,305.17164874060484,9868151,0.0000,1.0
2025-10-28,312.6,319.35,311.41,312.57,304.6648000474332,6044770,0.0000,1.0
2025-10-29,312.79,314.33,307.52,308.21,300.41506869699384,4135948,0.0000,1.0
2025-10-30,306.65,313.75,305.02,310.06,302.21828039385457,4694275,0.0000,1.0
2025-10-31,312.0,313.5,301.63,307.41,299.6353014767298,7697499,0.0000,1.0
2025-11-03,308.0,312.1411,304.23,304.73,297.0230812888451,4957958,0.0000,1.0
2025-11-04,300.0,303.17,296.0,300.85,293.2412102705643,5677330,0.0000,1.0
2025-11-05,301.38,307.2,299.71,306.77,299.0114877005185,4633195,0.0000,1.0
2025-11-06,306.75,315.44,301.09,312.42,304.51859369363365,6818521,0.0000,1.0
2025-11-07,309.68,310.0,302.6301,306.38,298.6313511806398,5070773,0.0000,1.0
2025-11-10,306.82,309.94,304.23,309.13,302.9493121628521,2975188,1.6800,1.0
2025-11-11,309.0,317.91,308.43,313.72,307.44754055487977,4381913,0.0000,1.0
2025-11-12,319.89,324.9,314.5324,314.98,308.68234834876966,6042686,0.0000,1.0
2025-11-13,312.29,314.6,303.68,304.86,298.76468575022517,5310150,0.0000,1.0
2025-11-14,300.0,307.72,297.59,305.69,299.5780908842955,3592455,0.0000,1.0
2025-11-17,305.59,306.0,296.51,297.17,291.2284381827541,3909741,0.0000,1.0
2025-11-18,297.0,297.0,289.92,289.95,284.15279352252765,4861928,0.0000,1.0
2025-11-19,290.5,291.1099,288.07,288.53,282.7611847389374,3595912,0.0000,1.0
2025-11-20,294.64,300.71,290.16,290.4,284.59379630605974,5597028,0.0000,1.0
2025-11-21,293.48,300.48,291.89,297.44,291.4930398528733,5710903,0.0000,1.0
2025-11-24,299.18,307.18,297.51,304.12,298.0394811728612,6050640,0.0000,1.0
2025-11-25,304.125,306.0,297.06,304.48,298.3922833996869,2825322,0.0000,1.0
2025-11-26,305.18,306.6,301.64,303.21,297.1476755439407,2196446,0.0000,1.0
2025-11-28,304.06,309.18,303.6,308.58,302.4103087607573,1689031,0.0000,1.0
2025-12-01,306.505,307.12,302.8,305.67,299.55849076058297,3166555,0.0000,1.0
2025-12-02,307.0,310.4675,301.57,301.78,295.7462666984942,4261100,0.0000,1.0
2025-12-03,302.88,303.97,298.905,302.62,296.5694718944208,3953390,0.0000,1.0
2025-12-04,302.875,309.61,302.54,307.99,301.8321051112374,2962463,0.0000,1.0
2025-12-05,308.59,311.83,307.18,307.94,301.7831048019561,2344667,0.0000,1.0
2025-12-08,309.62,315.3454,307.95,309.18,302.9983124721335,3615794,0.0000,1.0
2025-12-09,309.63,313.97,308.75,310.48,304.2723205134485,2914275,0.0000,1.0
2025-12-10,310.23,314.69,306.6513,312.67,306.4185340599715,3411524,0.0000,1.0
2025-12-11,312.0,313.44,308.4,310.74,304.5271221217115,2755749,0.0000,1.0
2025-12-12,310.57,311.05,303.33,309.24,303.0571128432711,2953374,0.0000,1.0
2025-12-15,308.985,311.3629,306.35,308.66,302.4887092556075,3566732,0.0000,1.0
2025-12-16,307.315,307.38,300.42,303.18,297.11827535837193,3366878,0.0000,1.0
2025-12-17,303.79,306.25,303.08,303.32,297.25547622435965,3130954,0.0000,1.0
2025-12-18,303.15,304.45,295.7,300.45,294.44285847161035,5411669,0.0000,1.0
2025-12-19,300.35,306.86,299.1,300.98,294.9622617499927,11031341,0.0000,1.0
2025-12-22,301.03,303.18,298.32,302.79,296.7360729459774,2612100,0.0000,1.0
2025-12-23,301.34,305.13,300.65,303.78,297.706279069748,2923037,0.0000,1.0
2025-12-24,303.76,305.15,302.3,304.56,298.47068389453705,1210642,0.0000,1.0
2025-12-26,304.69,305.75,303.665,305.09,298.9900871729193,2814732,0.0000,1.0
2025-12-29,304.65,310.0,303.75,305.74,299.62709119357686,4664711,0.0000,1.0
2025-12-30,306.15,306.235,302.0,302.05,296.0108683686135,1883651,0.0000,1.0
2025-12-31,301.76,301.85,295.87,296.21,290.2876322445522,3430133,0.0000,1.0
2026-01-02,297.56,297.5699,289.0,291.5,285.6718031102494,4662804,0.0000,1.0
2026-01-05,295.77,299.19,294.25,294.97,289.07242457437485,4189960,0.0000,1.0
2026-01-06,295.0,303.04,294.42,302.47,296.4224709665768,4147315,0.0000,1.0
2026-01-07,302.5,304.31,296.345,296.73,290.79723546107823,2833274,0.0000,1.0
2026-01-08,295.0,303.67,295.0,302.72,296.6674725129835,3343273,0.0000,1.0
2026-01-09,302.61,307.0,302.0,304.22,298.1374817914239,2718828,0.0000,1.0
2026-01-12,302.62,312.33,299.96,312.18,305.93833102901425,3895197,0.0000,1.0
2026-01-13,311.6,312.81,301.87,303.16,297.09867523465937,4507760,0.0000,1.0
2026-01-14,303.5,309.19,301.5,309.03,302.8513115442894,3779045,0.0000,1.0
2026-01-15,309.0,311.88,297.04,297.95,291.99284300754306,4932480,0.0000,1.0
2026-01-16,301.0,307.45,300.78,305.67,299.55849076058297,6199635,0.0000,1.0
2026-01-20,301.35,301.6,290.16,291.35,285.5248021824054,7211706,0.0000,1.0
2026-01-21,292.76,297.67,292.51,297.54,291.59104047143603,5185023,0.0000,1.0
2026-01-22,299.42,300.93,293.53,294.67,288.7784227186868,3670152,0.0000,1.0
2026-01-23,294.07,294.335,289.79,292.44,286.5930089247387,3298424,0.0000,1.0
2026-01-26,293.16,296.815,293.14,296.33,290.40523298682746,3726890,0.0000,1.0
2026-01-27,297.16,297.33,293.27,293.86,287.9846177083289,2944722,0.0000,1.0
2026-01-28,294.17,295.95,291.2601,294.16,288.27861956401705,5790347,0.0000,1.0
2026-01-29,317.86,319.9,303.47,309.24,303.0571128432711,10124929,0.0000,1.0
2026-01-30,307.6,307.783,299.73,306.7,300.5678971317787,5940669,0.0000,1.0
2026-02-02,307.51,316.64,306.41,314.73,308.4373468023629,4581189,0.0000,1.0
2026-02-03,312.4,312.975,283.85,294.31,288.4256204918611,11296020,0.0000,1.0
2026-02-04,291.41,291.41,278.96,289.05,283.27078795546345,8708033,0.0000,1.0
2026-02-05,286.1,291.81,285.1,289.89,284.09399315139,5532797,0.0000,1.0
2026-02-06,292.5,299.89,290.657,298.93,292.95324906945746,3744313,0.0000,1.0
2026-02-09,295.91,297.72,291.42,296.34,290.4150330486837,4627815,0.0000,1.0
2026-02-10,294.99,297.61,290.33,291.76,287.5730151103656,3837343,1.6800,1.0
2026-02-11,292.34,293.5,272.3601,272.81,268.8949624768949,7628244,0.0000,1.0
2026-02-12,270.3,271.3,257.22,259.52,255.79568440307813,12565380,0.0000,1.0
2026-02-13,260.0,264.66,256.64,262.38,258.6146411593698,6842620,0.0000,1.0
2026-02-17,259.2,260.7,254.65,258.31,254.60304885233938,4929733,0.0000,1.0
2026-02-18,258.64,261.11,256.25,260.79,257.04745890674616,3949229,0.0000,1.0
2026-02-19,256.0,258.28,253.511,256.28,252.6021809449016,4948700,0.0000,1.0
2026-02-20,255.195,259.04,253.8,257.16,253.46955225452984,4708550,0.0000,1.0
2026-02-23,254.37,255.19,220.72,223.35,220.14475227892842,19522881,0.0000,1.0
2026-02-24,227.8,236.5937,223.63,229.32,226.02907809538334,13379817,0.0000,1.0
2026-02-25,233.22,239.55,231.22,237.54,234.13111464668305,8569713,0.0000,1.0
2026-02-26,239.71,247.4899,238.95,242.01,238.53696663990806,7343055,0.0000,1.0
2026-02-27,238.07,240.21,234.565,240.21,236.76279805203225,6642222,0.0000,1.0
2026-03-02,235.7,240.78,233.78,239.37,235.9348527110235,6220287,0.0000,1.0
2026-03-03,236.35,246.09,234.29,245.28,241.7600395745492,6960369,0.0000,1.0
2026-03-04,245.745,250.85,244.955,250.06,246.4714428245751,6084995,0.0000,1.0
2026-03-05,249.32,260.38,249.0,256.55,252.86830623308302,9899962,0.0000,1.0
2026-03-06,256.44,259.3999,252.21,258.85,255.13529942870218,6234402,0.0000,1.0
2026-03-09,255.38,258.08,251.571,253.33,249.69451575921622,6126567,0.0000,1.0
2026-03-10,253.26,253.44,246.55,250.2,246.60943371474318,4937960,0.0000,1.0
2026-03-11,250.005,253.715,247.2,248.87,245.29852025814606,4012239,0.0000,1.0
2026-03-12,247.1,250.045,245.64,247.68,244.12559769171702,5547724,0.0000,1.0
2026-03-13,247.67,249.72,244.71,246.28,242.74568879003579,4338431,0.0000,1.0
2026-03-16,247.87,252.2,246.1,249.25,245.67306696003095,5674228,0.0000,1.0
2026-03-17,250.51,256.39,250.0,256.11,252.43462057826892,5840139,0.0000,1.0
2026-03-18,254.16,258.28,250.16,251.6,247.9893426164244,5177047,0.0000,1.0
2026-03-19,249.43,252.19,248.25,250.37,246.77699408137593,4249458,0.0000,1.0
2026-03-20,249.0,250.28,241.77,241.77,238.3004108281913,11314093,0.0000,1.0
2026-03-23,246.5,251.35,244.7101,248.44,244.8746910954868,4972008,0.0000,1.0
2026-03-24,246.445,247.11,238.0,240.59,237.13734475391715,4151491,0.0000,1.0
2026-03-25,243.6,246.19,238.0,241.39,237.92586412630638,4207946,0.0000,1.0
2026-03-26,240.56,246.6742,239.8,241.67,238.20184590664263,3606840,0.0000,1.0
2026-03-27,238.85,239.44,233.75,236.34,232.94833558809916,4853707,0.0000,1.0
2026-03-30,237.8,240.21,236.13099999999997,237.25,233.84527637419194,3882602,0.0000,1.0
2026-03-31,240.27,242.85,236.38,242.39,238.91151334179298,4750293,0.0000,1.0
2026-04-01,242.12,246.2618,240.14,243.14,239.65075025340792,4228653,0.0000,1.0
2026-04-02,243.0,248.2103,241.485,248.16,244.59870931515056,3350858,0.0000,1.0
2026-04-06,248.14,248.8999,244.74,246.74,243.19908742915962,3376019,0.0000,1.0
2026-04-07,245.32,245.76,241.1,245.07,241.55305323929701,2356072,0.0000,1.0
2026-04-08,248.63,250.0,240.8,241.74,238.27084135172672,4771476,0.0000,1.0
2026-04-09,240.88,241.74,233.76,237.18,233.77628092910788,5078595,0.0000,1.0
2026-04-10,239.19,239.2674,230.51,230.76,227.448412965684,5869361,0.0000,1.0
2026-04-13,233.63,238.07,231.7,237.82,234.4070964270193,5349619,0.0000,1.0
2026-04-14,238.75,241.5375,238.12,240.27,236.82193700496143,3777272,0.0000,1.0
2026-04-15,242.25,246.06,240.985,244.8,241.28692795111567,3879518,0.0000,1.0
2026-04-16,248.75,251.22,246.125,251.0,247.39795308713246,4817500,0.0000,1.0
2026-04-17,254.67,255.65,251.04,253.47,249.83250664938433,5671471,0.0000,1.0
2026-04-20,255.0,258.5,252.56,253.71,250.0690624611011,5157714,0.0000,1.0
2026-04-21,254.0,258.09,251.865,255.68,252.01079141560967,5584901,0.0000,1.0
2026-04-22,254.51,257.54,247.21,251.86,248.24561141245096,12190197,0.0000,1.0
2026-04-23,232.27,232.91,221.73,231.08,227.76382071463973,22297831,0.0000,1.0
2026-04-24,231.93,232.7999,225.0,231.98,228.65090500857764,9816859,0.0000,1.0
2026-04-27,229.95,231.32,227.12,228.05,224.7773035917154,8060665,0.0000,1.0
2026-04-28,230.5,233.555,228.46,233.04,229.69569317699342,5162895,0.0000,1.0
2026-04-29,230.34,231.48,226.82,227.1,223.8409368370031,6443724,0.0000,1.0
2026-04-30,226.53,231.6,224.9,230.98,227.66525579309106,6283334,0.0000,1.0
2026-05-01,234.55,235.95,231.75,232.2,228.8677478359847,3582091,0.0000,1.0
2026-05-04,232.0,234.09,228.615,229.48,226.1867819698612,4003082,0.0000,1.0
2026-05-05,230.16,231.0,227.15,229.03,225.74323982289224,4221889,0.0000,1.0
2026-05-06,228.75,229.0,224.38,225.74,222.50045390394138,7673185,0.0000,1.0
2026-05-07,227.5,231.82,227.41,231.31,227.99052003420164,5485545,0.0000,1.0
2026-05-08,229.73,230.705,224.83,229.76,228.12851092436975,5332800,1.6900,1.0
2026-05-11,228.66,230.23,222.55,223.55,221.96260714285717,6677186,0.0000,1.0
2026-05-12,224.43,224.43,219.22,219.22,217.66335378151263,6045225,0.0000,1.0
2026-05-13,218.27,218.31,212.34,214.64,213.1158756302521,8361214,0.0000,1.0
2026-05-14,215.545,220.96,215.0,218.37,216.81938949579833,5906199,0.0000,1.0
2026-05-15,218.2,220.91,217.615,219.3,217.74278571428573,6154450,0.0000,1.0
2026-05-18,218.55,223.33,217.75,222.75,221.16828781512606,5946367,0.0000,1.0
2026-05-19,224.5,227.35,221.92,222.33,220.75127016806726,5937754,0.0000,1.0
2026-05-20,221.05,225.0,216.78,225.0,223.40231092436977,4858990,0.0000,1.0
2026-05-21,232.58,253.63,230.935,252.97,251.17370042016807,25707791,0.0000,1.0
2026-05-22,262.05,264.38,253.39,253.84,252.03752268907564,19072873,0.0000,1.0
2026-05-26,254.55,254.55,245.45,250.69,248.90989033613445,9256109,0.0000,1.0
2026-05-27,250.455,257.62,250.455,255.2,253.38786554621848,9275543,0.0000,1.0
2026-05-28,261.0,268.89,257.0,264.22,262.3438159663866,12432879,0.0000,1.0
2026-05-29,277.3,300.9999,273.33,297.8,295.6853697478992,28480996,0.0000,1.0
2026-06-01,322.55,327.98,308.0,320.42,318.1447487394958,32880180,0.0000,1.0
2026-06-02,313.75,332.46,310.10900000000004,329.23,326.8921903361345,17210696,0.0000,1.0
2026-06-03,318.295,318.295,302.5301,305.63,303.4597701680672,13926558,0.0000,1.0
2026-06-04,307.425,310.44,300.18,301.77,299.6271794117647,9608097,0.0000,1.0
2026-06-05,300.0,302.3,281.0701,284.84,282.81739663865545,12509480,0.0000,1.0
2026-06-08,286.44,290.5,279.43,280.82,278.8259420168067,6790639,0.0000,1.0
2026-06-09,281.135,283.59,271.29,277.49,275.5195878151261,9007918,0.0000,1.0
2026-06-10,273.82,280.51,271.33,272.36,270.42601512605046,5497137,0.0000,1.0
2026-06-11,268.0,276.4799,266.5,274.85,272.8983340336135,7558322,0.0000,1.0
2026-06-12,278.94,278.94,267.68,272.24,270.3068672268908,5748915,0.0000,1.0
2026-06-15,272.0,272.25,264.8,268.71,266.8019331932773,7178779,0.0000,1.0
2026-06-16,270.87,276.62,268.61,270.81,268.8870214285715,4917642,0.0000,1.0
2026-06-17,266.35,268.87,261.88,262.35,260.48709453781515,5537042,0.0000,1.0
2026-06-18,251.38,252.47,243.68,249.1,247.3311806722689,16619749,0.0000,1.0
2026-06-22,248.43,253.31,243.81,252.22,250.4290260504202,9615393,0.0000,1.0
2026-06-23,261.58,267.53,255.26,264.94,263.05870336134456,15686117,0.0000,1.0
2026-06-24,261.843,265.07,256.1836,262.96,261.0927630252101,8149935,0.0000,1.0
2026-06-25,267.67,268.7559,256.0,258.27,256.43606596638654,8539694,0.0000,1.0
2026-06-26,258.94,273.135,258.28,271.63,269.7011987394958,9719927,0.0000,1.0
2026-06-29,274.3,278.15,269.06,278.0,276.0259663865546,6464204,0.0000,1.0
2026-06-30,273.21,282.5694,271.12,281.21,279.21317268907563,7458360,0.0000,1.0
2026-07-01,279.66,294.49,278.96,286.25,284.2173844537815,6905811,0.0000,1.0
2026-07-02,283.14,290.93,282.28,289.52,287.46416470588235,5950158,0.0000,1.0
2026-07-06,288.345,300.8199,287.65,299.52,297.393156302521,7181525,0.0000,1.0
2026-07-07,305.66,311.8,300.4901,306.13,303.9562197478992,8618569,0.0000,1.0
2026-07-08,300.77,303.82,295.59,302.05,299.9051911764706,7416749,0.0000,1.0
2026-07-09,285.835,297.2838,284.4381,295.3,293.2031218487395,10841979,0.0000,1.0
2026-07-10,297.26,298.77,287.5,287.56,285.5180823529412,3640089,0.0000,1.0
2026-07-13,290.5,297.5,289.1,290.23,288.16912310924374,5024243,0.0000,1.0
2026-07-14,226.365,229.92,213.22,217.07,215.5286205882353,67440873,0.0000,1.0
2026-07-15,220.965,223.813,211.03,211.2,209.7003025210084,29590356,0.0000,1.0
2026-07-16,208.82,219.95,204.44,219.05,217.49456092436978,22533271,0.0000,1.0
2026-07-17,215.62,217.1699,210.22,212.67,211.1598642857143,13150177,0.0000,1.0
2026-07-20,210.07,216.2762,208.82,213.0,211.48752100840338,9585016,0.0000,1.0
2026-07-21,210.72,214.97,209.18,210.5,209.00527310924372,11954411,0.0000,1.0
2026-07-22,207.68,212.3417,204.73,205.77,204.30886008403363,14606736,0.0000,1.0
2026-07-23,202.64,207.55,199.19,206.65,205.18261134453783,15306010,0.0000,1.0
2026-07-24,209.28,216.1,206.8,214.19,212.66907100840336,10578780,0.0000,1.0
2026-07-27,217.75,219.63,215.29,216.28,214.74423025210086,8369433,0.0000,1.0
2026-07-28,219.73,228.98,215.1101,227.55,225.93420378151262,13262958,0.0000,1.0
2026-07-29,227.7,230.97,223.95,226.44,224.8320857142857,8806699,0.0000,1.0
2026-07-30,222.0,224.86,220.2,221.74,220.16545966386556,9675157,0.0000,1.0
2026-07-31,221.15,224.76,216.585,223.65,222.06189705882355,9093613,0.0000,1.0
2026-08-03,228.33,228.55,224.87,226.31,224.70300882352942,7974681,0.0000,1.0
2026-08-04,224.76,235.31,223.3,235.15,233.480237394958,7537896,0.0000,1.0
2026-08-05,236.1,238.9627,233.46,235.92,234.24476974789917,5726854,0.0000,1.0
2026-08-06,229.61,234.47,228.44,233.43,231.77245084033615,4250062,0.0000,1.0
2026-08-07,235.38,237.315,232.72,237.28,235.59511260504203,4763304,0.0000,1.0
2026-08-10,235.0,240.735,234.13,236.31,236.31,7348858,1.6900,1.0
2026-08-11,236.31,241.8,235.44,238.42,238.42,4468987,0.0000,1.0
2026-08-12,236.95,237.46,231.68,235.98,235.98,5696182,0.0000,1.0
2026-08-13,238.92,239.71,233.61,237.14,237.14,5395192,0.0000,1.0
2026-08-14,238.37,239.15,233.73,234.32,234.32,4523467,0.0000,1.0
2026-08-17,231.59,233.65,227.4,228.85,228.85,7564317,0.0000,1.0
2026-08-18,229.73,234.4499,229.415,232.67,232.67,4650116,0.0000,1.0
2026-08-19,232.26,238.615,230.51,237.16,237.16,5342567,0.0000,1.0
2026-08-20,236.0,237.5,233.03,233.69,233.69,4986890,0.0000,1.0
2026-08-21,233.71,238.72,233.12,235.68,235.68,3888743,0.0000,1.0
2026-08-24,234.37,234.49,230.47,231.04,231.04,4085030,0.0000,1.0
2026-08-25,230.0,234.435,229.51,234.19,234.19,3023636,0.0000,1.0
2026-08-26,230.7,234.23,228.96,229.87,229.87,4631964,0.0000,1.0
2026-08-27,232.8,240.8065,231.45,238.79,238.79,5505922,0.0000,1.0
2026-08-28,238.3,239.08,235.09,235.59,235.59,3945403,0.0000,1.0
2026-08-31,232.73,235.9379,232.18,233.87,233.87,6101445,0.0000,1.0
2026-09-01,231.0,233.09,229.9,231.4,231.4,3240341,0.0000,1.0
2026-09-02,230.545,232.88,229.1,231.7,231.7,4654576,0.0000,1.0
2026-09-03,234.38,238.29,232.815,234.71,234.71,4375426,0.0000,1.0
2026-09-04,233.33,236.17,231.68,234.89,234.89,3722860,0.0000,1.0
2026-09-08,232.95,233.4,230.2,232.09,232.09,4787646,0.0000,1.0
2026-09-09,232.65,241.5,230.36,239.94,239.94,6404717,0.0000,1.0
2026-09-10,238.18,242.31,231.83,234.02,234.02,5820269,0.0000,1.0
2026-09-11,235.78,243.63,235.0,243.29,243.29,4919572,0.0000,1.0
