date,open,high,low,close,adj_close,volume,dividend,split
1999-11-01,68.94,70.0,68.25,68.75,33.90183470498711,2400000,0.0000,1.0
1999-11-02,69.63,69.88,68.56,68.88,33.96593999242927,2254400,0.0000,1.0
1999-11-03,70.88,72.38,70.81,71.88,35.44529277955598,4182500,0.0000,1.0
1999-11-04,73.13,76.56,72.75,76.13,37.54104256131882,5294600,0.0000,1.0
1999-11-05,77.19,78.75,76.75,77.0,37.97005486958557,5094000,0.0000,1.0
1999-11-08,76.0,76.38,74.63,75.25,37.107099077094986,2621800,0.0000,1.0
1999-11-09,75.25,75.69,73.56,74.0,36.49070208245885,1899100,0.0000,1.0
1999-11-10,74.31,76.69,73.5,75.94,37.56076726514718,1994100,0.2300,1.0
1999-11-11,77.88,77.88,76.44,76.88,38.02570170324618,1843200,0.0000,1.0
1999-11-12,77.38,77.56,75.75,77.38,38.2730072554265,1410900,0.0000,1.0
1999-11-15,76.75,76.88,73.88,73.88,36.541868390164254,2285000,0.0000,1.0
1999-11-16,74.25,77.0,74.25,77.0,38.08505503576946,2093600,0.0000,1.0
1999-11-17,75.25,76.31,74.63,75.06,37.12550949330981,2534200,0.0000,1.0
1999-11-18,74.06,75.13,73.5,73.63,36.41821561407409,2084700,0.0000,1.0
1999-11-19,72.0,73.19,72.0,72.88,36.04725728580361,2393600,0.0000,1.0
1999-11-22,72.5,75.13,71.63,75.06,37.12550949330981,1413000,0.0000,1.0
1999-11-23,75.25,75.31,73.06,73.5,36.35391617050721,2051900,0.0000,1.0
1999-11-24,73.0,73.94,72.81,73.56,36.38359283676885,1178500,0.0000,1.0
1999-11-26,72.56,72.81,72.19,72.44,35.82962839988493,651800,0.0000,1.0
1999-11-29,71.63,75.63,71.13,75.38,37.28378504670522,1966600,0.0000,1.0
1999-11-30,73.5,74.44,71.0,71.75,35.488346737876086,3008900,0.0000,1.0
1999-12-01,71.13,71.88,70.13,71.44,35.33501729552429,2420400,0.0000,1.0
1999-12-02,72.0,72.0,70.5,71.32,35.27566396300101,2120900,0.0000,1.0
1999-12-03,72.25,73.88,71.38,71.88,35.55264618144297,2493500,0.0000,1.0
1999-12-06,71.31,71.31,69.25,69.5,34.375471753064645,2545900,0.0000,1.0
1999-12-07,69.69,69.94,66.0,66.5,32.891638439982714,3834100,0.0000,1.0
1999-12-08,67.19,67.38,66.13,66.25,32.76798566389255,1914500,0.0000,1.0
1999-12-09,66.38,68.94,65.75,66.88,33.079590659639756,1900200,0.0000,1.0
1999-12-10,66.25,67.69,65.63,65.88,32.58497955527911,1866400,0.0000,1.0
1999-12-13,65.25,65.56,63.63,64.13,31.71941012264799,4143000,0.0000,1.0
1999-12-14,64.0,67.25,63.63,66.38,32.832285107459434,3542800,0.0000,1.0
1999-12-15,65.75,68.63,65.69,68.56,33.91053731496564,3189500,0.0000,1.0
1999-12-16,67.5,68.5,66.38,66.88,33.079590659639756,3546200,0.0000,1.0
1999-12-17,66.94,67.5,65.94,67.06,33.16862065842468,3341600,0.0000,1.0
1999-12-20,65.63,66.38,64.5,65.0,32.14972178344175,3192500,0.0000,1.0
1999-12-21,64.81,65.56,63.75,65.44,32.367350669360434,2384600,0.0000,1.0
1999-12-22,65.31,67.5,64.81,66.88,33.079590659639756,1943400,0.0000,1.0
1999-12-23,67.44,68.5,67.19,68.25,33.75720787261384,1904500,0.0000,1.0
1999-12-27,67.25,70.5,67.06,70.5,34.87008285742529,2152300,0.0000,1.0
1999-12-28,69.63,69.63,67.75,68.44,33.85118398244236,1548700,0.0000,1.0
1999-12-29,68.75,68.75,66.63,67.31,33.29227343451484,955900,0.0000,1.0
1999-12-30,66.75,68.25,66.31,67.25,33.262596768253196,1089600,0.0000,1.0
1999-12-31,67.44,67.44,66.19,66.5,32.891638439982714,906200,0.0000,1.0
2000-01-03,65.0,67.0,65.0,65.56,32.426704001883714,2645000,0.0000,1.0
2000-01-04,64.25,65.44,62.75,63.5,31.407805126900787,3701000,0.0000,1.0
2000-01-05,63.13,65.31,63.0,64.44,31.87273956499979,3411000,0.0000,1.0
2000-01-06,65.0,66.19,64.31,66.19,32.73830899763092,2460100,0.0000,1.0
2000-01-07,68.0,71.06,67.5,71.06,35.147065075867246,5863300,0.0000,1.0
2000-01-10,71.06,71.06,67.94,68.13,33.69785454009056,2830500,0.0000,1.0
2000-01-11,67.0,69.38,67.0,68.5,33.880860648704,3309700,0.0000,1.0
2000-01-12,67.63,68.31,66.94,67.5,33.38624954434336,3573600,0.0000,1.0
2000-01-13,65.75,68.38,65.63,66.69,32.98561454981124,3639400,0.0000,1.0
2000-01-14,68.94,69.25,68.0,68.31,33.786884538875476,3750300,0.0000,1.0
2000-01-18,69.38,69.38,66.5,67.31,33.29227343451484,2082900,0.0000,1.0
2000-01-19,66.0,68.0,65.75,67.75,33.50990232043352,2193700,0.0000,1.0
2000-01-20,67.69,68.25,65.56,66.78,33.03012954920369,2136400,0.0000,1.0
2000-01-21,65.13,65.63,64.13,64.75,32.026069007351595,4051000,0.0000,1.0
2000-01-24,64.63,64.81,61.56,62.13,30.73018791392671,4206900,0.0000,1.0
2000-01-25,62.38,63.25,61.75,62.31,30.819217912711625,3148700,0.0000,1.0
2000-01-26,62.94,63.38,62.13,62.75,31.036846798630307,2233100,0.0000,1.0
2000-01-27,62.0,64.38,61.5,64.25,31.77876345517127,3052200,0.0000,1.0
2000-01-28,65.0,67.38,64.88,65.31,32.30305122579355,4284500,0.0000,1.0
2000-01-31,65.94,67.0,62.38,66.88,33.079590659639756,3334100,0.0000,1.0
2000-02-01,65.88,66.5,64.69,65.56,32.426704001883714,2981300,0.0000,1.0
2000-02-02,65.5,66.06,63.88,65.06,32.17939844970339,2066300,0.0000,1.0
2000-02-03,65.31,65.81,63.63,65.25,32.27337455953191,2643600,0.0000,1.0
2000-02-04,64.88,65.25,64.5,64.88,32.090368450918476,1717600,0.0000,1.0
2000-02-07,65.44,65.44,62.75,63.31,31.31382901707227,1957400,0.0000,1.0
2000-02-08,62.63,63.75,62.63,63.31,31.31382901707227,2536700,0.0000,1.0
2000-02-09,64.38,64.38,61.69,61.75,30.542235694269664,3211000,0.0000,1.0
2000-02-10,61.88,63.0,61.81,62.31,30.819217912711625,2080000,0.0000,1.0
2000-02-11,62.5,62.56,61.06,61.63,30.611481248880157,3268100,0.2600,1.0
2000-02-14,61.38,62.0,60.44,60.75,30.174387244352904,2758000,0.0000,1.0
2000-02-15,60.88,61.69,60.63,61.19,30.39293424661653,2989400,0.0000,1.0
2000-02-16,62.0,62.44,61.19,61.25,30.42273611056157,3292800,0.0000,1.0
2000-02-17,61.75,61.94,60.19,60.19,29.8962365141992,3290500,0.0000,1.0
2000-02-18,60.31,60.38,58.25,58.5,29.056817346413908,3684000,0.0000,1.0
2000-02-22,59.75,60.38,57.63,59.5,29.55351507883124,2716500,0.0000,1.0
2000-02-23,59.75,60.88,58.31,60.31,29.95584024208928,2489800,0.0000,1.0
2000-02-24,59.94,60.25,57.88,58.56,29.08661921035895,2612700,0.0000,1.0
2000-02-25,58.44,58.81,56.13,56.69,28.157794450738535,2554400,0.0000,1.0
2000-02-28,57.0,58.44,57.0,57.5,28.560119613996577,3832900,0.0000,1.0
2000-02-29,58.5,60.5,58.38,59.44,29.5237132148862,4138700,0.0000,1.0
2000-03-01,59.44,60.25,58.0,58.88,29.245562484732496,4186700,0.0000,1.0
2000-03-02,57.88,59.38,57.19,57.69,28.654492183155867,2095800,0.0000,1.0
2000-03-03,58.63,59.0,57.56,58.0,28.808468480205242,2085200,0.0000,1.0
2000-03-06,57.25,58.69,57.13,57.63,28.62469031921083,2549700,0.0000,1.0
2000-03-07,57.88,57.94,54.0,54.5,27.070026416744582,3998100,0.0000,1.0
2000-03-08,55.0,57.38,54.5,55.5,27.566724149161914,4282600,0.0000,1.0
2000-03-09,56.44,60.06,56.44,60.06,29.831665808984948,3853500,0.0000,1.0
2000-03-10,60.13,61.94,60.0,61.19,30.39293424661653,3535800,0.0000,1.0
2000-03-13,61.0,61.0,57.63,59.25,29.429340645726906,2115500,0.0000,1.0
2000-03-14,58.25,58.69,57.38,57.44,28.530317750051534,2133000,0.0000,1.0
2000-03-15,57.44,63.5,57.38,62.75,31.167782709187566,4364700,0.0000,1.0
2000-03-16,63.88,65.94,63.0,64.75,32.16117817402223,5316400,0.0000,1.0
2000-03-17,63.88,63.94,61.0,61.38,30.487306815775824,4843300,0.0000,1.0
2000-03-20,61.38,61.44,59.63,60.75,30.174387244352904,2271100,0.0000,1.0
2000-03-21,59.75,62.0,59.69,61.69,30.641283112825196,2987000,0.0000,1.0
2000-03-22,62.38,64.31,61.63,63.56,31.570107872445607,3347000,0.0000,1.0
2000-03-23,64.19,64.81,63.56,64.38,31.977400013027818,3159800,0.0000,1.0
2000-03-24,64.12,64.19,61.12,62.12,30.85486313776465,2061200,0.0000,1.0
2000-03-27,62.0,62.31,59.94,60.5,30.05021281124857,2013000,0.0000,1.0
2000-03-28,59.81,61.0,59.5,60.25,29.926038378144238,2114100,0.0000,1.0
2000-03-29,60.13,61.5,60.13,61.0,30.298561677457236,2834600,0.0000,1.0
2000-03-30,61.25,63.13,60.75,60.75,30.174387244352904,3098400,0.0000,1.0
2000-03-31,61.25,64.5,60.13,62.63,31.10817898129749,3243800,0.0000,1.0
2000-04-03,64.25,65.5,64.0,65.38,32.47409774544515,2741300,0.0000,1.0
2000-04-04,65.63,69.38,65.44,69.0,34.272143536795895,6700500,0.0000,1.0
2000-04-05,68.13,69.0,66.88,67.46,33.5072290288732,3470900,0.0000,1.0
2000-04-06,66.0,67.0,65.06,65.88,32.722446611653815,2190400,0.0000,1.0
2000-04-07,65.63,65.75,64.19,64.31,31.942631171758606,1607200,0.0000,1.0
2000-04-10,64.0,66.75,63.75,64.88,32.225748879236484,2884200,0.0000,1.0
2000-04-11,65.0,66.94,64.88,66.88,33.21914434407115,2373300,0.0000,1.0
2000-04-12,66.25,67.0,64.75,65.13,32.34992331234081,2618200,0.0000,1.0
2000-04-13,68.44,70.0,68.0,70.0,34.768841269213226,4523000,0.0000,1.0
2000-04-14,68.5,69.94,66.5,67.44,33.49729507422485,4056300,0.0000,1.0
2000-04-17,67.44,70.0,67.38,70.0,34.768841269213226,3876700,0.0000,1.0
2000-04-18,69.81,74.0,69.5,73.25,36.38310889956955,6465300,0.0000,1.0
2000-04-19,74.19,76.25,73.25,75.63,37.5652495027228,6148700,0.0000,1.0
2000-04-20,76.44,76.88,75.0,75.75,37.62485323061288,4305000,0.0000,1.0
2000-04-24,75.75,78.5,75.75,77.5,38.49407426234321,4803800,0.0000,1.0
2000-04-25,77.06,77.31,76.19,77.0,38.245725396134546,3801900,0.0000,1.0
2000-04-26,76.5,78.13,75.5,77.81,38.64805055939259,4066100,0.0000,1.0
2000-04-27,77.0,78.0,76.19,77.94,38.71262126460684,2522200,0.0000,1.0
2000-04-28,77.13,77.69,76.0,77.13,38.3102961013488,2653700,0.0000,1.0
2000-05-01,78.0,79.44,77.0,77.38,38.434470534453126,3418600,0.0000,1.0
2000-05-02,76.94,78.69,76.88,78.0,38.74242312855188,2582900,0.0000,1.0
2000-05-03,78.0,79.06,77.31,79.0,39.23912086096921,2586400,0.0000,1.0
2000-05-04,79.0,79.63,77.69,79.25,39.363295294073545,2963800,0.0000,1.0
2000-05-05,77.5,79.94,77.5,79.75,39.61164416028221,3169400,0.0000,1.0
2000-05-08,79.94,80.5,78.75,80.5,39.984167459595206,2496200,0.0000,1.0
2000-05-09,80.25,80.31,79.0,79.63,39.552040432392126,2654900,0.0000,1.0
2000-05-10,77.88,78.69,76.0,77.25,38.369899829238875,4571900,0.0000,1.0
2000-05-11,75.25,75.94,74.25,74.88,37.32186761383831,2621800,0.2600,1.0
2000-05-12,74.25,76.13,73.0,75.44,37.60098414513838,3131000,0.0000,1.0
2000-05-15,75.38,76.94,75.25,76.44,38.099406522459944,3444700,0.0000,1.0
2000-05-16,75.5,76.5,74.75,74.94,37.3517729564776,3343900,0.0000,1.0
2000-05-17,74.63,74.75,72.88,73.88,36.823445236516754,4043400,0.0000,1.0
2000-05-18,73.88,74.81,73.63,73.75,36.75865032746495,2635300,0.0000,1.0
2000-05-19,73.94,76.06,73.69,75.94,37.850195333799164,2775700,0.0000,1.0
2000-05-22,76.25,77.0,73.69,75.19,37.47637855080799,2518800,0.0000,1.0
2000-05-23,74.63,76.19,73.88,75.56,37.660794830416975,1867300,0.0000,1.0
2000-05-24,75.56,77.63,75.44,77.13,38.44331796281182,2274900,0.0000,1.0
2000-05-25,78.5,79.63,77.25,78.63,39.19095152879415,3401300,0.0000,1.0
2000-05-26,77.75,79.38,77.75,78.81,39.28066755671204,1715500,0.0000,1.0
2000-05-30,77.88,78.0,75.44,76.5,38.12931186509924,2042300,0.0000,1.0
2000-05-31,76.0,77.44,76.0,76.44,38.099406522459944,2219200,0.0000,1.0
2000-06-01,77.0,77.75,76.25,77.06,38.40842839639931,2992100,0.0000,1.0
2000-06-02,76.94,76.94,72.31,73.13,36.449628453525584,4229700,0.0000,1.0
2000-06-05,71.63,73.0,71.25,72.44,36.10571701317371,3257100,0.0000,1.0
2000-06-06,71.25,74.38,71.25,74.13,36.94805083084714,2245600,0.0000,1.0
2000-06-07,74.38,75.88,74.0,74.88,37.32186761383831,2493600,0.0000,1.0
2000-06-08,74.63,75.56,73.38,74.94,37.3517729564776,1811000,0.0000,1.0
2000-06-09,73.88,76.5,73.88,76.19,37.974800928129554,2704400,0.0000,1.0
2000-06-12,77.0,79.0,76.75,78.25,39.00155102541196,8891900,0.0000,1.0
2000-06-13,78.13,80.94,78.06,80.75,40.247606968715864,4020600,0.0000,1.0
2000-06-14,81.13,82.94,80.94,82.81,41.274357065998274,4995200,0.0000,1.0
2000-06-15,82.81,83.44,81.69,83.0,41.36905731768937,3666700,0.0000,1.0
2000-06-16,83.0,85.25,82.38,84.94,42.33599672969319,6617700,0.0000,1.0
2000-06-19,84.13,86.81,84.13,86.38,43.05372495303624,3680300,0.0000,1.0
2000-06-20,86.25,87.13,85.44,86.58,43.153409428500545,4375200,0.0000,1.0
2000-06-21,86.63,89.44,86.25,86.75,43.23814123264521,5560400,0.0000,1.0
2000-06-22,86.25,86.31,83.88,84.5,42.11669088367171,3317600,0.0000,1.0
2000-06-23,84.5,85.31,84.31,85.31,42.52041300930217,1671900,0.0000,1.0
2000-06-26,85.31,87.69,84.88,86.56,43.14344098095412,3165200,0.0000,1.0
2000-06-27,86.13,86.25,83.88,84.75,42.2412964780021,3858000,0.0000,1.0
2000-06-28,86.5,87.63,85.38,87.2,43.46243130243992,4775700,0.0000,1.0
2000-06-29,102.0,109.0,98.94,101.6,50.63971353587036,24396500,0.0000,1.0
2000-06-30,99.25,100.8,97.5,99.88,49.782427046877274,8779800,0.0000,1.0
2000-07-03,97.94,99.31,97.5,98.75,49.219209760503915,2013600,0.0000,1.0
2000-07-05,98.88,105.0,98.56,104.5,52.08513843010288,5913800,0.0000,1.0
2000-07-06,102.9,103.8,100.2,101.6,50.63971353587036,4015300,0.0000,1.0
2000-07-07,99.69,102.8,98.88,101.0,50.340660109477426,2389400,0.0000,1.0
2000-07-10,100.9,104.4,100.9,104.0,51.8359272414421,2024300,0.0000,1.0
2000-07-11,103.0,103.1,102.4,103.0,51.33750486412054,2769800,0.0000,1.0
2000-07-12,102.0,102.4,99.31,99.75,49.717632137825476,2779200,0.0000,1.0
2000-07-13,99.0,99.06,94.94,95.75,47.72394262853924,3980900,0.0000,1.0
2000-07-14,93.38,95.13,91.56,94.5,47.10091465688729,4906200,0.0000,1.0
2000-07-17,95.5,99.81,94.5,98.47,49.07965149485388,3000800,0.0000,1.0
2000-07-18,98.38,101.2,97.19,100.5,50.091448920816646,3808000,0.0000,1.0
2000-07-19,100.3,100.9,98.63,98.75,49.219209760503915,2584900,0.0000,1.0
2000-07-20,97.75,98.44,94.19,96.5,48.09775941153041,4964500,0.0000,1.0
2000-07-21,96.0,99.56,95.31,97.88,48.78558229223416,3230400,0.0000,1.0
2000-07-24,98.81,102.1,98.81,101.1,50.390502347209576,3774100,0.0000,1.0
2000-07-25,98.75,101.4,98.75,101.0,50.340660109477426,3037200,0.0000,1.0
2000-07-26,99.25,100.9,98.0,98.9,49.293973117102155,3080800,0.0000,1.0
2000-07-27,99.75,100.4,99.31,99.42,49.55315275330936,1772600,0.0000,1.0
2000-07-28,99.5,104.0,99.5,102.3,50.98860919999545,3311300,0.0000,1.0
2000-07-31,102.5,104.9,100.1,103.9,51.78608500370995,2767500,0.0000,1.0
2000-08-01,104.1,107.2,103.7,106.9,53.281352135674624,2590400,0.0000,1.0
2000-08-02,105.9,107.4,105.8,106.8,53.23150989794246,2886700,0.0000,1.0
2000-08-03,105.3,108.7,105.3,107.9,53.779774512996184,2127100,0.0000,1.0
2000-08-04,107.6,107.9,105.1,107.4,53.530563324335404,2097700,0.0000,1.0
2000-08-07,105.8,106.7,104.8,106.5,53.081983184745994,1950600,0.0000,1.0
2000-08-08,106.8,108.9,105.5,108.5,54.078827939389114,4149700,0.0000,1.0
2000-08-09,107.0,107.4,74.88,76.88,38.31871236848143,22492400,0.0000,1.0
2000-08-10,77.5,78.44,75.0,77.13,38.44331796281182,24921300,0.0000,1.0
2000-08-11,76.0,78.44,75.56,77.0,38.508112871863624,9370900,0.2600,1.0
2000-08-14,77.94,78.5,77.13,77.75,38.88319189334281,4926500,0.0000,1.0
2000-08-15,78.44,78.44,77.0,77.0,38.508112871863624,3095100,0.0000,1.0
2000-08-16,77.44,78.2,77.31,77.88,38.948205590399205,4003600,0.0000,1.0
2000-08-17,77.5,79.31,77.44,78.38,39.19825827138533,3938300,0.0000,1.0
2000-08-18,78.5,78.81,76.5,76.5,38.258060190877494,3436800,0.0000,1.0
2000-08-21,77.13,78.31,77.0,77.19,38.60313289063835,2229200,0.0000,1.0
2000-08-22,77.0,78.13,76.09,76.09,38.05301699246887,2962200,0.0000,1.0
2000-08-23,76.0,77.25,75.88,77.19,38.60313289063835,2591100,0.0000,1.0
2000-08-24,77.13,77.19,75.5,75.63,37.82296852596163,2356100,0.0000,1.0
2000-08-25,75.88,76.13,75.25,75.56,37.78796115062357,1762000,0.0000,1.0
2000-08-28,75.0,75.75,74.5,74.5,37.25784946693298,3117200,0.0000,1.0
2000-08-29,74.31,74.88,73.38,74.0,37.00779678594686,2406800,0.0000,1.0
2000-08-30,73.75,74.69,73.44,74.25,37.132823126439924,2790700,0.0000,1.0
2000-08-31,73.81,74.0,73.0,73.02,36.51769353121404,2633200,0.0000,1.0
2000-09-01,74.25,74.25,72.56,72.69,36.3526587617632,1791800,0.0000,1.0
2000-09-05,71.0,72.0,68.88,69.75,34.882348997564776,7079900,0.0000,1.0
2000-09-06,69.88,69.94,66.63,67.38,33.69709928969053,5695100,0.0000,1.0
2000-09-07,67.0,69.63,66.88,69.0,34.50726997608558,4834600,0.0000,1.0
2000-09-08,69.0,70.0,69.0,69.34,34.67730579915615,2968400,0.0000,1.0
2000-09-11,70.44,70.56,69.88,70.25,35.1324016785509,2803400,0.0000,1.0
2000-09-12,70.56,72.38,70.0,71.63,35.82254707807261,3026500,0.0000,1.0
2000-09-13,72.0,75.0,71.75,74.44,37.22784314521465,3955600,0.0000,1.0
2000-09-14,74.38,74.63,72.81,73.75,36.882770445453794,2499300,0.0000,1.0
2000-09-15,74.56,74.81,72.38,72.94,36.47768510225627,2843200,0.0000,1.0
2000-09-18,73.94,75.56,73.44,74.44,37.22784314521465,2083700,0.0000,1.0
2000-09-19,75.25,76.0,73.56,75.88,37.94799486645469,2372900,0.0000,1.0
2000-09-20,75.88,77.38,74.13,74.13,37.072810483003245,2166900,0.0000,1.0
2000-09-21,77.25,78.06,76.81,78.06,39.038224555554216,2941300,0.0000,1.0
2000-09-22,79.0,82.0,78.88,81.5,40.75858700073877,5038900,0.0000,1.0
2000-09-25,82.31,83.19,81.81,82.86,41.43873029302103,2634700,0.0000,1.0
2000-09-26,82.13,82.94,80.81,82.63,41.32370605976742,2650600,0.0000,1.0
2000-09-27,82.06,82.5,80.63,81.69,40.8536070195135,2237900,0.0000,1.0
2000-09-28,80.69,83.0,80.69,82.38,41.19867971927435,1983200,0.0000,1.0
2000-09-29,82.0,82.81,80.31,81.13,40.573548016809035,1728100,0.0000,1.0
2000-10-02,81.25,82.56,80.31,80.88,40.44852167631597,1773400,0.0000,1.0
2000-10-03,79.75,82.94,79.56,81.75,40.88361334123183,2200400,0.0000,1.0
2000-10-04,81.94,83.69,81.75,82.5,41.258692362711024,1898000,0.0000,1.0
2000-10-05,82.0,84.94,81.25,84.56,42.28890940837387,3134200,0.0000,1.0
2000-10-06,83.44,83.88,81.31,82.94,41.478738721978814,1833100,0.0000,1.0
2000-10-09,83.0,83.63,81.88,82.69,41.35371238148575,875700,0.0000,1.0
2000-10-10,82.5,84.94,82.06,84.5,42.258903086655536,1674500,0.0000,1.0
2000-10-11,84.94,88.13,83.56,87.44,43.72921285085396,3373500,0.0000,1.0
2000-10-12,87.0,88.63,86.19,87.5,43.759219172572294,3611400,0.0000,1.0
2000-10-13,87.0,87.56,86.0,87.0,43.50916649158617,4154400,0.0000,1.0
2000-10-16,86.63,89.81,86.56,89.81,44.914462558728204,3248800,0.0000,1.0
2000-10-17,88.38,89.94,88.06,89.13,44.57439091258707,2128600,0.0000,1.0
2000-10-18,87.19,90.25,87.19,89.25,44.63440355602374,3193100,0.0000,1.0
2000-10-19,85.0,89.0,83.13,88.5,44.259324534544554,8349800,0.0000,1.0
2000-10-20,87.31,87.44,85.44,86.38,43.19910116716337,3050400,0.0000,1.0
2000-10-23,86.94,89.69,86.69,88.94,44.479370893812344,2708000,0.0000,1.0
2000-10-24,88.0,89.31,86.75,87.69,43.85423919134703,2407100,0.0000,1.0
2000-10-25,88.0,90.06,87.31,88.81,44.41435719675595,3161000,0.0000,1.0
2000-10-26,88.56,90.5,87.13,87.5,43.759219172572294,3024900,0.0000,1.0
2000-10-27,87.5,88.94,85.81,87.5,43.759219172572294,2629300,0.0000,1.0
2000-10-30,87.0,88.63,87.0,88.0,44.009271853558424,2264500,0.0000,1.0
2000-10-31,87.75,89.69,86.5,89.38,44.699417253080135,3815700,0.0000,1.0
2000-11-01,89.44,91.25,89.44,91.0,45.50958793947519,3751400,0.0000,1.0
2000-11-02,89.81,90.19,87.63,88.5,44.259324534544554,4330100,0.0000,1.0
2000-11-03,87.25,88.88,86.69,88.06,44.03927817527676,2351500,0.0000,1.0
2000-11-06,86.81,90.19,86.56,89.56,44.789436218235146,3049400,0.0000,1.0
2000-11-07,89.81,91.19,86.88,87.25,43.634192832079236,2767300,0.0000,1.0
2000-11-08,89.0,91.81,88.75,90.44,45.22952893677073,4827500,0.0000,1.0
2000-11-09,90.88,91.0,87.13,89.69,44.85444991529153,2876300,0.0000,1.0
2000-11-10,89.81,92.0,89.5,90.5,45.25953525848906,1905700,0.0000,1.0
2000-11-13,90.13,90.94,85.0,86.13,43.20410222078309,3413700,0.2600,1.0
2000-11-14,85.19,88.81,84.0,87.88,44.081928516921145,3197400,0.0000,1.0
2000-11-15,87.5,88.5,86.13,87.69,43.98662166191187,2131700,0.0000,1.0
2000-11-16,86.0,88.13,85.81,86.56,43.41979668211987,1614000,0.0000,1.0
2000-11-17,87.13,89.69,86.63,89.44,44.86444795804992,2648600,0.0000,1.0
2000-11-20,89.5,90.75,87.75,87.75,44.01671856349375,2513000,0.0000,1.0
2000-11-21,88.0,90.69,87.88,89.88,45.085158569650346,2394200,0.0000,1.0
2000-11-22,87.88,89.5,86.81,86.81,43.54520043871103,2577800,0.0000,1.0
2000-11-24,87.25,87.38,84.69,84.81,42.54197038598182,911500,0.0000,1.0
2000-11-27,85.13,89.69,85.06,88.69,44.48823668827647,2508600,0.0000,1.0
2000-11-28,89.94,92.81,89.81,91.75,46.023178668952156,4416600,0.0000,1.0
2000-11-29,92.25,95.38,92.25,94.5,47.402619991454806,4234800,0.0000,1.0
2000-11-30,95.13,97.13,93.63,93.69,46.99631182009948,5878000,0.0000,1.0
2000-12-01,93.0,93.19,89.56,90.06,45.17544927439598,6102200,0.0000,1.0
2000-12-04,88.88,92.31,88.88,90.44,45.366062984414526,4109700,0.0000,1.0
2000-12-05,90.5,91.44,89.25,90.38,45.33596608283265,3461800,0.0000,1.0
2000-12-06,91.31,91.63,89.69,90.38,45.33596608283265,3597000,0.0000,1.0
2000-12-07,90.75,93.38,90.75,92.13,46.2137923789707,2369400,0.0000,1.0
2000-12-08,91.13,93.5,90.06,92.56,46.42948684030748,2988400,0.0000,1.0
2000-12-11,91.5,94.63,91.25,92.88,46.59000364874415,2303200,0.0000,1.0
2000-12-12,92.0,93.94,91.13,92.31,46.30408308371633,2400200,0.0000,1.0
2000-12-13,92.38,93.31,90.63,91.0,45.646967399178706,3001000,0.0000,1.0
2000-12-14,89.56,91.38,89.56,89.75,45.019948616222955,1928600,0.0000,1.0
2000-12-15,87.81,89.94,87.81,89.25,44.76914110304065,4781700,0.0000,1.0
2000-12-18,88.75,89.5,87.31,88.5,44.3929298332672,1941600,0.0000,1.0
2000-12-19,88.38,90.44,88.25,89.0,44.6437373464495,2234500,0.0000,1.0
2000-12-20,88.94,91.5,88.19,90.94,45.61687049759683,2701500,0.0000,1.0
2000-12-21,90.19,92.0,89.69,90.75,45.52156364258755,2600700,0.0000,1.0
2000-12-22,90.69,90.69,86.5,87.69,43.98662166191187,3041700,0.0000,1.0
2000-12-26,87.44,91.44,87.44,89.94,45.115255471232224,1579700,0.0000,1.0
2000-12-27,89.5,92.19,88.94,89.13,44.7089472998769,1769300,0.0000,1.0
2000-12-28,90.25,92.5,89.63,91.63,45.9629848657884,1332700,0.0000,1.0
2000-12-29,92.63,94.0,91.69,93.06,46.680294353489785,1992900,0.0000,1.0
2001-01-02,93.0,95.0,90.5,91.5,45.897774912361,4073500,0.0000,1.0
2001-01-03,90.44,91.0,85.38,86.31,43.294392925528726,6617800,0.0000,1.0
2001-01-04,84.06,84.81,79.31,81.13,40.696027088960086,12352700,0.0000,1.0
2001-01-05,81.0,82.38,79.56,80.69,40.47531647735966,5873900,0.0000,1.0
2001-01-08,81.0,81.88,79.5,80.75,40.50541337894154,3408300,0.0000,1.0
2001-01-09,81.44,84.75,81.0,84.5,42.386469727808795,4146600,0.0000,1.0
2001-01-10,84.5,85.25,82.38,83.38,41.82466089828044,3208100,0.0000,1.0
2001-01-11,83.94,83.94,81.44,81.63,40.94683460214239,3134600,0.0000,1.0
2001-01-12,81.88,83.19,80.0,80.0,40.12920210916809,3464100,0.0000,1.0
2001-01-16,80.13,84.38,79.25,83.25,41.75945094485304,2910900,0.0000,1.0
2001-01-17,82.5,82.75,81.0,81.56,40.91172155029687,2578100,0.0000,1.0
2001-01-18,82.63,83.63,81.63,81.75,41.007028405306144,2934700,0.0000,1.0
2001-01-19,81.75,82.63,80.44,80.75,40.50541337894154,3170600,0.0000,1.0
2001-01-22,81.38,82.44,80.88,81.75,41.007028405306144,2305400,0.0000,1.0
2001-01-23,81.81,83.5,80.69,83.13,41.69925714168929,2380600,0.0000,1.0
2001-01-24,82.13,83.31,81.38,82.75,41.50864343167074,1752800,0.0000,1.0
2001-01-25,81.0,83.81,80.69,83.06,41.664144089843774,3537600,0.0000,1.0
2001-01-26,83.94,84.44,82.25,82.5,41.383239675079594,2890900,0.0000,1.0
2001-01-29,82.5,83.7,81.0,81.1,40.68097863816915,3284700,0.0000,1.0
2001-01-30,80.32,81.49,79.02,79.81,40.033895254158814,3200400,0.0000,1.0
2001-01-31,79.83,79.83,78.01,78.8,39.52726407753057,5361700,0.0000,1.0
2001-02-01,78.8,80.83,78.8,80.15,40.20444436312278,3037300,0.0000,1.0
2001-02-02,81.2,82.14,81.01,81.9,41.082270659260836,2955800,0.0000,1.0
2001-02-05,82.48,83.7,79.75,79.9,40.079040606531635,4123600,0.0000,1.0
2001-02-06,77.0,78.79,77.0,77.5,38.87516454325659,8141300,0.0000,1.0
2001-02-07,77.5,79.41,77.06,78.95,39.60250633148526,5436800,0.0000,1.0
2001-02-08,80.0,81.5,79.55,80.99,40.625800985269045,2905400,0.0000,1.0
2001-02-09,81.49,81.99,79.3,80.75,40.50541337894154,4412700,0.0000,1.0
2001-02-12,81.5,81.73,79.71,80.4,40.32984811971394,4179900,0.0000,1.0
2001-02-13,81.0,81.0,79.41,79.99,40.26463816628653,2631000,0.2800,1.0
2001-02-14,79.5,79.99,76.87,77.08,38.799828851823555,4589500,0.0000,1.0
2001-02-15,77.28,77.4,74.8,75.25,37.87866010767673,5449200,0.0000,1.0
2001-02-16,74.55,74.99,72.98,73.0,36.74607558618474,4468900,0.0000,1.0
2001-02-20,74.0,74.7,73.25,73.68,37.08836779712454,6502200,0.0000,1.0
2001-02-21,74.48,74.65,73.75,73.76,37.12863746899981,3659000,0.0000,1.0
2001-02-22,74.86,75.0,72.91,74.24,37.37025550025143,4232600,0.0000,1.0
2001-02-23,74.48,76.2,72.75,75.95,38.23101973658535,3665500,0.0000,1.0
2001-02-26,76.0,77.49,74.75,77.39,38.95587383034023,2991400,0.0000,1.0
2001-02-27,76.9,78.36,76.55,78.0,39.26293007838917,2881600,0.0000,1.0
2001-02-28,78.75,79.99,78.53,79.46,39.99785159011286,3058500,0.0000,1.0
2001-03-01,78.21,80.1,78.21,78.98,39.75623355886124,3441300,0.0000,1.0
2001-03-02,78.98,80.39,78.54,79.33,39.93241337331555,2579100,0.0000,1.0
2001-03-05,78.25,80.19,77.5,79.46,39.99785159011286,2800800,0.0000,1.0
2001-03-06,79.36,79.36,77.52,77.96,39.24279524245153,3526700,0.0000,1.0
2001-03-07,79.2,79.24,75.75,76.77,38.64378387330687,4664800,0.0000,1.0
2001-03-08,75.76,77.5,75.36,77.4,38.96090753932464,4257600,0.0000,1.0
2001-03-09,77.7,79.28,77.61,79.0,39.76630097683005,3216500,0.0000,1.0
2001-03-12,78.0,79.39,78.0,78.5,39.514615527609614,3151300,0.0000,1.0
2001-03-13,78.0,78.47,77.01,78.3,39.41394134792144,3140000,0.0000,1.0
2001-03-14,77.3,78.68,76.23,76.94,38.72935692604183,2545400,0.0000,1.0
2001-03-15,76.69,76.9,74.98,75.74,38.12531184791276,3545200,0.0000,1.0
2001-03-16,75.2,75.91,73.42,74.44,37.47092967993961,5966700,0.0000,1.0
2001-03-19,73.91,76.75,73.75,76.0,38.2561882815074,3512800,0.0000,1.0
2001-03-20,76.01,77.19,75.5,76.5,38.50787373072784,3280100,0.0000,1.0
2001-03-21,76.5,76.6,73.63,74.22,37.36018808228262,3763300,0.0000,1.0
2001-03-22,74.0,74.01,70.01,73.35,36.922255400639045,7194300,0.0000,1.0
2001-03-23,73.1,73.1,70.8,72.59,36.53969351782397,5570500,0.0000,1.0
2001-03-26,73.1,74.8,72.6,74.39,37.44576113501757,2991800,0.0000,1.0
2001-03-27,74.39,76.22,74.18,76.22,38.36692987916439,2840100,0.0000,1.0
2001-03-28,75.1,77.5,74.55,77.36,38.940772703387,4162100,0.0000,1.0
2001-03-29,76.6,77.2,74.65,75.7,38.10517701197513,3791900,0.0000,1.0
2001-03-30,75.7,77.01,74.7,76.66,38.58841307447838,4271400,0.0000,1.0
2001-04-02,76.91,76.94,74.62,75.46,37.98436799634931,3137100,0.0000,1.0
2001-04-03,75.0,77.48,74.91,75.01,37.75785109205092,3167000,0.0000,1.0
2001-04-04,74.4,76.99,74.01,76.21,38.361896170179975,3059500,0.0000,1.0
2001-04-05,75.6,77.12,75.48,77.12,38.81996368776119,4545500,0.0000,1.0
2001-04-06,76.8,78.85,76.1,77.5,39.01124462916872,4226500,0.0000,1.0
2001-04-09,76.75,78.39,76.75,77.92,39.222660406513896,2989100,0.0000,1.0
2001-04-10,78.5,78.89,77.1,78.36,39.44414360182789,3230300,0.0000,1.0
2001-04-11,77.5,77.51,75.85,76.92,38.71928950807301,4072100,0.0000,1.0
2001-04-12,77.1,78.09,77.0,77.44,38.98104237526227,3079200,0.0000,1.0
2001-04-16,78.0,79.73,78.0,79.0,39.76630097683005,3628800,0.0000,1.0
2001-04-17,79.15,80.89,78.6,80.89,40.71767197488333,2552700,0.0000,1.0
2001-04-18,79.99,80.95,79.06,79.88,40.20926736745803,5013000,0.0000,1.0
2001-04-19,80.0,80.35,78.6,79.79,40.16396398659836,2632500,0.0000,1.0
2001-04-20,79.54,80.64,78.51,80.1,40.32000896511503,3986900,0.0000,1.0
2001-04-23,80.1,81.49,79.75,80.39,40.46598652566289,2795900,0.0000,1.0
2001-04-24,80.39,81.34,78.87,79.06,39.79650323073651,2581800,0.0000,1.0
2001-04-25,79.76,82.1,79.58,81.34,40.94418887918173,2845300,0.0000,1.0
2001-04-26,81.59,81.84,80.02,81.39,40.96935742410378,2745000,0.0000,1.0
2001-04-27,81.4,82.88,80.0,82.8,41.67911039090542,2567700,0.0000,1.0
2001-04-30,83.67,85.19,83.58,85.0,42.786526367475375,4032600,0.0000,1.0
2001-05-01,84.9,86.0,84.22,85.63,43.10365003349313,3096500,0.0000,1.0
2001-05-02,85.13,86.88,84.6,86.4,43.49124562529262,3082100,0.0000,1.0
2001-05-03,86.1,86.78,84.35,85.32,42.94760505497646,2353500,0.0000,1.0
2001-05-04,85.33,86.85,84.07,86.04,43.3100321018539,2144800,0.0000,1.0
2001-05-07,85.0,87.0,84.75,86.78,43.682526566700155,1549700,0.0000,1.0
2001-05-08,85.8,86.12,84.2,86.04,43.3100321018539,2842700,0.0000,1.0
2001-05-09,86.2,86.65,84.55,85.51,43.043245525680234,2795900,0.0000,1.0
2001-05-10,85.99,85.99,84.79,85.01,42.79156007645979,2912500,0.0000,1.0
2001-05-11,84.74,85.25,83.7,83.9,42.373762230753854,2027500,0.2800,1.0
2001-05-14,83.9,84.77,83.7,84.44,42.64648966346668,1633300,0.0000,1.0
2001-05-15,84.69,85.26,83.9,84.8,42.82830795194191,2504400,0.0000,1.0
2001-05-16,85.5,86.99,85.2,86.26,43.565682121869216,2892900,0.0000,1.0
2001-05-17,86.3,88.65,86.27,87.73,44.308106799809714,2782300,0.0000,1.0
2001-05-18,87.85,88.0,85.01,85.49,43.176793004852755,3105600,0.0000,1.0
2001-05-21,85.49,85.97,85.08,85.85,43.35861129332798,2402800,0.0000,1.0
2001-05-22,84.6,86.4,84.31,85.56,43.212146560945165,1546700,0.0000,1.0
2001-05-23,86.3,86.8,84.09,84.5,42.67679271154589,2933600,0.0000,1.0
2001-05-24,84.3,84.9,84.01,84.9,42.87881303207392,2646200,0.0000,1.0
2001-05-25,84.25,84.6,83.67,84.02,42.43436832691226,2082900,0.0000,1.0
2001-05-29,84.0,86.34,84.0,85.9,43.38386383339399,2214700,0.0000,1.0
2001-05-30,85.9,86.15,84.54,84.7,42.777802871809904,2622900,0.0000,1.0
2001-05-31,84.0,84.7,83.01,84.7,42.777802871809904,2614000,0.0000,1.0
2001-06-01,84.9,86.61,83.9,86.43,43.65154075809363,1985600,0.0000,1.0
2001-06-04,86.0,87.37,85.85,87.0,43.93941971484607,1887700,0.0000,1.0
2001-06-05,87.0,88.47,86.28,88.1,44.49497559629814,2272300,0.0000,1.0
2001-06-06,88.1,88.47,86.58,86.99,43.93436920683286,2091800,0.0000,1.0
2001-06-07,86.5,87.24,86.42,87.04,43.95962174689887,2090500,0.0000,1.0
2001-06-08,86.6,87.4,86.52,87.04,43.95962174689887,1514300,0.0000,1.0
2001-06-11,87.0,87.26,86.39,87.0,43.93941971484607,1986400,0.0000,1.0
2001-06-12,87.0,87.61,86.01,86.5,43.68689431418603,2190100,0.0000,1.0
2001-06-13,83.3,84.1,82.86,83.7,42.27275207048984,5633800,0.0000,1.0
2001-06-14,83.5,83.64,83.0,83.5,42.17174191022582,2933900,0.0000,1.0
2001-06-15,82.73,82.85,80.88,81.4,41.11113522745368,4660100,0.0000,1.0
2001-06-18,80.6,81.74,80.34,80.88,40.848508810767235,3056700,0.0000,1.0
2001-06-19,80.2,80.3,78.06,78.71,39.752548571902686,4023300,0.0000,1.0
2001-06-20,78.65,79.97,78.65,79.52,40.16163972097194,3007800,0.0000,1.0
2001-06-21,79.7,79.98,78.42,78.5,39.64648790362547,3323200,0.0000,1.0
2001-06-22,77.4,77.41,75.51,76.4,38.58588122085333,5402400,0.0000,1.0
2001-06-25,76.5,76.75,75.2,75.52,38.14143651569166,2413100,0.0000,1.0
2001-06-26,75.53,76.5,75.2,75.73,38.24749718396888,2597100,0.0000,1.0
2001-06-27,75.8,75.8,74.0,74.02,37.38386031371156,3075100,0.0000,1.0
2001-06-28,74.0,74.0,73.28,73.68,37.21214304126274,4894000,0.0000,1.0
2001-06-29,74.0,75.24,73.7,74.0,37.373759297685154,5187900,0.0000,1.0
2001-07-02,74.5,76.9,74.5,75.75,38.25759819999528,2761800,0.0000,1.0
2001-07-03,76.0,76.46,74.97,76.35,38.56062868078732,1949300,0.0000,1.0
2001-07-05,76.0,76.41,74.59,75.6,38.18184057979727,2000000,0.0000,1.0
2001-07-06,75.0,75.55,74.51,75.11,37.93436568715043,2013200,0.0000,1.0
2001-07-09,75.11,76.4,74.6,76.4,38.58588122085333,2160200,0.0000,1.0
2001-07-10,76.1,76.36,74.48,74.7,37.727294858609206,3042500,0.0000,1.0
2001-07-11,74.7,77.18,74.43,75.8,38.282850740061285,5403900,0.0000,1.0
2001-07-12,75.2,75.35,74.0,74.55,37.651537238411194,4092500,0.0000,1.0
2001-07-13,74.5,76.2,74.49,75.78,38.27274972403488,2219900,0.0000,1.0
2001-07-16,75.1,75.78,74.72,75.1,37.929315179137234,1939200,0.0000,1.0
2001-07-17,74.25,75.7,74.25,75.05,37.90406263907123,2134200,0.0000,1.0
2001-07-18,74.6,76.95,74.6,76.75,38.76264900131535,4052600,0.0000,1.0
2001-07-19,77.85,78.49,76.51,77.46,39.121235070252595,4416800,0.0000,1.0
2001-07-20,77.21,77.84,76.15,77.4,39.0909320221734,2600700,0.0000,1.0
2001-07-23,78.2,78.2,76.3,76.55,38.661638841051335,2194600,0.0000,1.0
2001-07-24,76.65,76.7,75.9,76.11,38.439416488470506,2197200,0.0000,1.0
2001-07-25,76.95,77.15,75.82,76.3,38.53537614072132,2340700,0.0000,1.0
2001-07-26,76.5,78.68,76.35,78.12,39.454568599123846,2595500,0.0000,1.0
2001-07-27,77.45,80.0,77.45,78.38,39.58588180746706,2895700,0.0000,1.0
2001-07-30,79.1,79.64,78.3,79.09,39.94446787640432,2317200,0.0000,1.0
2001-07-31,78.6,80.48,78.57,79.28,40.04042752865513,2700900,0.0000,1.0
2001-08-01,79.0,79.4,78.24,78.9,39.848508224153505,3592000,0.0000,1.0
2001-08-02,79.0,80.27,78.8,79.55,40.17679124501154,2046600,0.0000,1.0
2001-08-03,78.5,79.5,78.36,79.2,40.00002346454952,1845100,0.0000,1.0
2001-08-06,79.4,79.43,78.61,79.05,39.92426584435151,1734300,0.0000,1.0
2001-08-07,78.3,78.66,78.11,78.35,39.57073028342746,1994500,0.0000,1.0
2001-08-08,77.65,78.34,77.25,77.63,39.20709370647701,1744200,0.0000,1.0
2001-08-09,77.19,77.75,76.97,77.24,39.01012389396218,1992900,0.0000,1.0
2001-08-10,76.7,78.41,76.7,78.1,39.44446758309744,1436300,0.0000,1.0
2001-08-13,77.2,78.67,77.19,78.46,39.76770009594228,1311500,0.2800,1.0
2001-08-14,78.71,79.41,78.03,78.39,39.732220373705275,1573000,0.0000,1.0
2001-08-15,79.09,79.85,78.81,79.1,40.092086127823535,1771200,0.0000,1.0
2001-08-16,78.4,80.1,78.35,80.04,40.56852811214913,2507000,0.0000,1.0
2001-08-17,79.55,80.03,79.1,79.8,40.44688335019366,1815200,0.0000,1.0
2001-08-20,79.5,81.35,79.49,81.09,41.10072394570431,2874500,0.0000,1.0
2001-08-21,81.99,82.2,80.39,80.77,40.93853092976368,2470800,0.0000,1.0
2001-08-22,80.2,82.04,79.71,81.8,41.46058969982257,2050000,0.0000,1.0
2001-08-23,81.36,82.64,81.18,82.44,41.784975731703824,2270100,0.0000,1.0
2001-08-24,82.25,83.76,82.02,83.67,42.408405136725605,2520000,0.0000,1.0
2001-08-27,82.78,82.89,82.02,82.25,41.68867362848908,3229200,0.0000,1.0
2001-08-28,81.95,82.1,79.77,79.95,40.52291132641583,4125500,0.0000,1.0
2001-08-29,80.0,80.13,79.01,79.04,40.06167493733467,2821000,0.0000,1.0
2001-08-30,79.1,79.85,78.81,79.32,40.20359382628271,3449300,0.0000,1.0
2001-08-31,78.85,79.7,77.17,77.63,39.34701196084629,2176300,0.0000,1.0
2001-09-04,78.2,79.7,78.05,78.72,39.89948192139404,2657600,0.0000,1.0
2001-09-05,78.11,80.1,78.02,79.8,40.44688335019366,3441900,0.0000,1.0
2001-09-06,78.75,79.3,78.01,78.5,39.787974222934864,2775900,0.0000,1.0
2001-09-07,78.02,78.5,76.7,76.7,38.87563850826884,4078400,0.0000,1.0
2001-09-10,76.7,77.87,75.89,77.2,39.129065095676076,3121200,0.0000,1.0
2001-09-17,77.45,79.3,75.5,77.61,39.33687489735,5318800,0.0000,1.0
2001-09-18,77.56,78.86,77.02,77.96,39.514273508535055,3268700,0.0000,1.0
2001-09-19,77.49,77.49,73.72,75.5,38.26741469849149,4535600,0.0000,1.0
2001-09-20,75.35,75.35,73.8,73.91,37.461518150536506,3766800,0.0000,1.0
2001-09-21,75.3,75.3,71.81,73.99,37.50206640452166,7174700,0.0000,1.0
2001-09-24,76.16,77.25,74.99,76.9,38.97700914323174,4808300,0.0000,1.0
2001-09-25,76.0,77.6,76.0,77.2,39.129065095676076,3656100,0.0000,1.0
2001-09-26,77.79,79.6,77.62,78.55,39.81331688167559,4510600,0.0000,1.0
2001-09-27,78.4,80.49,78.15,80.1,40.598939302637994,3518500,0.0000,1.0
2001-09-28,80.1,81.34,79.42,80.7,40.90305120752667,3770200,0.0000,1.0
2001-10-01,80.58,82.0,80.1,81.66,41.38963025534855,3443700,0.0000,1.0
2001-10-02,81.66,82.99,81.03,82.87,42.00292259687404,2853600,0.0000,1.0
2001-10-03,79.27,79.27,77.7,79.25,40.168114104045706,12183400,0.0000,1.0
2001-10-04,79.2,79.2,78.6,78.97,40.02619521509766,6393800,0.0000,1.0
2001-10-05,79.84,79.84,78.72,79.69,40.39112950096407,2532400,0.0000,1.0
2001-10-08,79.85,79.85,79.11,79.65,40.370855373971494,2159600,0.0000,1.0
2001-10-09,79.54,79.54,78.28,78.7,39.88934485789776,2756900,0.0000,1.0
2001-10-10,78.6,80.0,78.55,79.75,40.42154069145294,2967200,0.0000,1.0
2001-10-11,79.4,79.6,78.52,78.99,40.036332278593946,4644500,0.0000,1.0
2001-10-12,78.6,79.65,78.5,78.89,39.9856469611125,4555700,0.0000,1.0
2001-10-15,78.75,78.9,77.76,78.06,39.56495882601651,5562000,0.0000,1.0
2001-10-16,78.1,79.49,77.5,79.0,40.0414008103421,5172000,0.0000,1.0
2001-10-17,74.1,75.6,73.5,75.0,38.01398811108427,18131800,0.0000,1.0
2001-10-18,74.26,76.44,74.26,76.1,38.571526603380164,5714800,0.0000,1.0
2001-10-19,76.3,76.9,75.25,75.96,38.500567158906144,3491000,0.0000,1.0
2001-10-22,75.96,77.59,75.5,77.51,39.286189579868555,3208900,0.0000,1.0
2001-10-23,77.51,77.77,76.73,77.56,39.311532238609274,3590400,0.0000,1.0
2001-10-24,79.8,79.8,77.5,78.2,39.63591827049053,8380900,0.0000,1.0
2001-10-25,77.65,79.16,77.16,79.0,40.0414008103421,3822600,0.0000,1.0
2001-10-26,78.2,80.05,78.06,79.7,40.39619803271221,4269000,0.0000,1.0
2001-10-29,80.15,81.55,79.29,79.37,40.228936485023446,5524800,0.0000,1.0
2001-10-30,80.0,80.0,77.0,77.27,39.16454481791308,4287300,0.0000,1.0
2001-10-31,77.74,77.74,76.09,76.5,38.77426787330595,4701200,0.0000,1.0
2001-11-01,76.5,77.41,75.92,76.95,39.00235180197246,3083900,0.0000,1.0
2001-11-02,76.9,78.4,76.54,77.89,39.47879378629805,2560400,0.0000,1.0
2001-11-05,78.89,79.55,78.04,78.5,39.787974222934864,2969800,0.0000,1.0
2001-11-06,78.15,79.7,78.1,79.6,40.34551271523077,2611600,0.0000,1.0
2001-11-07,80.84,80.84,79.71,80.15,40.62428196137872,3457700,0.0000,1.0
2001-11-08,79.7,80.2,78.8,79.36,40.223867953275295,3203900,0.0000,1.0
2001-11-09,79.2,79.7,78.45,78.47,39.77276862769043,2177500,0.0000,1.0
2001-11-12,77.92,78.78,77.0,78.5,39.787974222934864,1967700,0.0000,1.0
2001-11-13,78.28,78.99,78.19,78.97,40.16811410404571,2072800,0.2800,1.0
2001-11-14,78.97,78.98,78.1,78.24,39.79679938584952,2752600,0.0000,1.0
2001-11-15,78.69,79.22,77.74,78.37,39.86292392470638,2026900,0.0000,1.0
2001-11-16,78.9,79.38,78.69,79.02,40.19354661899065,1921600,0.0000,1.0
2001-11-19,78.5,80.05,78.46,79.99,40.68693740892258,3438900,0.0000,1.0
2001-11-20,80.24,81.68,80.01,81.14,41.27188525265631,2975500,0.0000,1.0
2001-11-21,83.79,83.79,81.85,83.33,42.38582940724489,5765100,0.0000,1.0
2001-11-23,82.78,82.78,82.16,82.42,41.922957635246895,2059300,0.0000,1.0
2001-11-26,82.0,83.27,81.55,82.64,42.03486070100465,3582800,0.0000,1.0
2001-11-27,82.4,82.95,81.71,82.23,41.82631407845611,3350700,0.0000,1.0
2001-11-28,82.64,82.64,81.16,81.45,41.42956684531497,1888900,0.0000,1.0
2001-11-29,81.36,82.72,81.16,82.55,41.98908217410375,2862700,0.0000,1.0
2001-11-30,82.6,83.0,82.16,82.67,42.050120209971624,1853100,0.0000,1.0
2001-12-03,84.04,84.04,82.44,83.6,42.52316498794759,2586400,0.0000,1.0
2001-12-04,83.35,83.35,82.44,82.79,42.11115824583949,2366600,0.0000,1.0
2001-12-05,82.48,82.7,81.66,82.45,41.938217144213866,3741500,0.0000,1.0
2001-12-06,82.8,82.8,81.35,81.77,41.592334940962616,2150400,0.0000,1.0
2001-12-07,82.6,82.6,81.7,82.32,41.872092605357004,1823800,0.0000,1.0
2001-12-10,81.8,81.99,80.8,81.54,41.47534537221588,2500100,0.0000,1.0
2001-12-11,80.9,82.9,80.03,80.4,40.895484031471135,3902700,0.0000,1.0
2001-12-12,80.75,81.79,78.53,79.01,40.18846011600167,5742700,0.0000,1.0
2001-12-13,79.1,81.22,79.0,80.47,40.93108955239405,4080400,0.0000,1.0
2001-12-14,80.0,82.54,79.5,81.81,41.61268095291857,3124000,0.0000,1.0
2001-12-17,82.64,84.3,82.2,82.8,42.11624474882848,2978700,0.0000,1.0
2001-12-18,82.0,82.89,81.7,82.64,42.03486070100465,3011600,0.0000,1.0
2001-12-19,81.5,82.1,80.76,81.6,41.5058643901498,5015900,0.0000,1.0
2001-12-20,80.8,81.3,79.8,80.03,40.70728342087854,5982200,0.0000,1.0
2001-12-21,79.25,79.85,76.69,78.4,39.87818343367334,11155400,0.0000,1.0
2001-12-24,78.6,79.81,78.5,79.74,40.55977483419786,1827600,0.0000,1.0
2001-12-26,79.8,80.11,79.3,79.3,40.335968702682344,1307600,0.0000,1.0
2001-12-27,78.81,79.36,78.32,79.24,40.30544968474841,2124500,0.0000,1.0
2001-12-28,79.59,79.99,79.38,79.84,40.61063986408775,1718900,0.0000,1.0
2001-12-31,79.21,79.35,78.46,78.54,39.94939447551919,1996300,0.0000,1.0
2002-01-02,78.5,78.85,77.02,78.5,39.92904846356323,2471600,0.0000,1.0
2002-01-03,77.92,77.92,77.01,77.66,39.50178221248816,2505000,0.0000,1.0
2002-01-04,78.14,78.14,77.26,77.7,39.52212822444412,2637400,0.0000,1.0
2002-01-07,77.16,77.29,76.4,76.85,39.089775470380054,2623900,0.0000,1.0
2002-01-08,76.5,77.3,75.35,75.65,38.479395111701386,4097700,0.0000,1.0
2002-01-09,75.6,76.35,75.2,75.32,38.31154051306474,4292600,0.0000,1.0
2002-01-10,75.57,77.15,75.45,76.8,39.06434295543511,3317900,0.0000,1.0
2002-01-11,77.55,78.0,76.4,76.4,38.86088283587556,3160300,0.0000,1.0
2002-01-14,76.4,77.74,75.76,77.0,39.16607301521489,2931500,0.0000,1.0
2002-01-15,77.59,78.04,76.86,77.05,39.19150553015983,3549300,0.0000,1.0
2002-01-16,77.0,77.59,76.06,76.06,38.687941734249925,2646900,0.0000,1.0
2002-01-17,76.2,76.28,75.01,75.43,38.36749204594363,2304400,0.0000,1.0
2002-01-18,75.05,75.75,74.26,74.59,37.94022579486855,3904500,0.0000,1.0
2002-01-22,74.41,75.85,74.41,75.85,38.581125171481155,3622700,0.0000,1.0
2002-01-23,76.69,76.69,75.45,75.77,38.540433147569246,2752800,0.0000,1.0
2002-01-24,75.0,75.01,73.1,74.1,37.69098714840809,5630500,0.0000,1.0
2002-01-25,74.2,75.59,74.0,75.11,38.20472395029598,3654100,0.0000,1.0
2002-01-28,75.15,75.15,74.02,74.29,37.787630705198886,2568700,0.0000,1.0
2002-01-29,74.45,74.85,72.91,73.4,37.33493193917887,2812400,0.0000,1.0
2002-01-30,73.1,74.4,73.0,74.04,37.660468130474165,3451100,0.0000,1.0
2002-01-31,74.1,75.1,73.2,75.1,38.19963744730698,3081300,0.0000,1.0
2002-02-01,75.2,75.2,74.28,74.79,38.041955854648336,1941700,0.0000,1.0
2002-02-04,74.79,75.23,72.89,73.3,37.284066909288974,1887200,0.0000,1.0
2002-02-05,73.05,74.55,73.05,73.94,37.609603100584266,2251800,0.0000,1.0
2002-02-06,73.78,74.75,73.25,73.36,37.314585927222915,2384500,0.0000,1.0
2002-02-07,73.8,73.89,72.25,72.86,37.060260777773465,2471000,0.0000,1.0
2002-02-08,72.41,73.71,72.15,73.67,37.47226751988157,2211800,0.0000,1.0
2002-02-11,72.96,75.47,72.9,74.86,38.07756137557126,2185100,0.0000,1.0
2002-02-12,74.87,76.22,74.67,75.75,38.53026014159127,2318200,0.0000,1.0
2002-02-13,76.09,76.36,75.25,76.12,38.87614234484252,1908700,0.3100,1.0
2002-02-14,76.12,77.29,75.65,76.42,39.02935888062093,2835700,0.0000,1.0
2002-02-15,77.05,77.05,76.0,76.39,39.01403722704309,1925500,0.0000,1.0
2002-02-19,76.39,76.39,75.44,75.68,38.65142475903418,1636300,0.0000,1.0
2002-02-20,76.99,76.99,75.27,76.83,39.238754812851425,2887700,0.0000,1.0
2002-02-21,76.83,77.49,76.6,76.6,39.121288802087975,3269300,0.0000,1.0
2002-02-22,76.15,77.44,76.15,77.08,39.366435259333436,2616200,0.0000,1.0
2002-02-25,77.08,77.99,76.39,76.65,39.146824891384384,2775400,0.0000,1.0
2002-02-26,75.83,76.56,75.25,75.92,38.773997987656905,3213300,0.0000,1.0
2002-02-27,76.5,77.71,76.2,77.44,39.550295102267526,2543100,0.0000,1.0
2002-02-28,77.44,77.9,75.73,75.73,38.67696084833058,2669500,0.0000,1.0
2002-03-01,75.65,77.65,74.55,77.5,39.58093840942321,2902700,0.0000,1.0
2002-03-04,77.0,78.5,76.25,78.5,40.09166019535125,4752900,0.0000,1.0
2002-03-05,78.3,78.3,76.85,77.25,39.4532579629412,2718400,0.0000,1.0
2002-03-06,76.76,78.51,76.76,78.2,39.93844365957284,2358900,0.0000,1.0
2002-03-07,78.38,78.6,77.8,78.48,40.08144575963269,2529500,0.0000,1.0
2002-03-08,78.9,78.95,77.6,78.2,39.93844365957284,2398800,0.0000,1.0
2002-03-11,78.2,78.99,78.05,78.88,40.28573447400391,1835700,0.0000,1.0
2002-03-12,79.39,79.39,78.0,79.39,40.54620258482721,2207100,0.0000,1.0
2002-03-13,79.39,79.8,77.75,79.49,40.59727476342001,5374500,0.0000,1.0
2002-03-14,79.7,79.7,78.79,79.25,40.47470153479728,2000200,0.0000,1.0
2002-03-15,79.99,79.99,79.05,79.85,40.78113460635411,3452900,0.0000,1.0
2002-03-18,79.8,80.92,79.25,80.6,41.16417594580014,3010500,0.0000,1.0
2002-03-19,80.6,81.09,80.27,80.69,41.21014090653367,2194900,0.0000,1.0
2002-03-20,80.69,80.69,79.0,79.23,40.464487099078724,4518700,0.0000,1.0
2002-03-21,79.7,79.7,78.65,79.1,40.39809326690808,2124000,0.0000,1.0
2002-03-22,78.6,79.1,78.52,78.74,40.21423342397398,1702300,0.0000,1.0
2002-03-25,78.53,78.75,77.36,77.36,39.50943735939329,2127900,0.0000,1.0
2002-03-26,77.0,77.5,76.56,77.0,39.32557751645919,2823500,0.0000,1.0
2002-03-27,76.49,76.49,75.3,75.78,38.70249693762698,3832900,0.0000,1.0
2002-03-28,75.41,76.4,75.34,76.2,38.91700008771676,3554600,0.0000,1.0
2002-04-01,78.0,78.0,75.96,77.72,39.69329720232738,2639800,0.0000,1.0
2002-04-02,77.6,78.9,77.2,78.74,40.21423342397398,3265100,0.0000,1.0
2002-04-03,78.74,78.76,76.5,77.64,39.65243945945314,3115800,0.0000,1.0
2002-04-04,76.0,76.6,75.35,76.2,38.91700008771676,3972400,0.0000,1.0
2002-04-05,76.89,76.89,74.8,75.35,38.48288656967792,4300300,0.0000,1.0
2002-04-08,75.35,75.9,73.8,74.5,38.04877305163909,4091800,0.0000,1.0
2002-04-09,74.8,75.1,74.4,74.57,38.08452357665405,2831700,0.0000,1.0
2002-04-10,74.58,75.37,74.1,75.05,38.32967003389951,2926200,0.0000,1.0
2002-04-11,75.1,75.56,74.1,74.41,38.00280809090556,3317600,0.0000,1.0
2002-04-12,74.45,74.47,73.0,73.42,37.4971935228368,4245000,0.0000,1.0
2002-04-15,75.0,76.98,74.23,75.2,38.40627830178872,4965500,0.0000,1.0
2002-04-16,74.35,75.0,73.5,74.11,37.849591555127155,5494500,0.0000,1.0
2002-04-17,73.8,74.2,72.32,73.29,37.43079969066616,3512200,0.0000,1.0
2002-04-18,73.85,74.31,72.1,74.16,37.87512764442355,3518600,0.0000,1.0
2002-04-19,74.16,74.16,73.52,73.84,37.711696672926585,2997400,0.0000,1.0
2002-04-22,74.0,74.0,72.65,73.41,37.49208630497752,2856100,0.0000,1.0
2002-04-23,73.5,73.55,71.48,71.9,36.72089640822618,2865100,0.0000,1.0
2002-04-24,71.63,72.25,69.85,69.89,35.694345618510816,4395000,0.0000,1.0
2002-04-25,69.9,71.44,69.42,70.4,35.95481372933412,4120300,0.0000,1.0
2002-04-26,70.4,70.8,69.5,70.02,35.76073945068146,2710000,0.0000,1.0
2002-04-29,69.77,69.78,67.56,68.3,34.882297978885234,2811000,0.0000,1.0
2002-04-30,63.61,66.34,62.99,66.05,33.733173960547134,13382900,0.0000,1.0
2002-05-01,67.0,67.65,66.6,67.2,34.32050401436439,5900200,0.0000,1.0
2002-05-02,67.0,68.27,66.55,68.0,34.72908144310682,3973100,0.0000,1.0
2002-05-03,67.25,67.6,66.53,66.9,34.167287478585976,4061700,0.0000,1.0
2002-05-06,67.0,67.0,65.53,65.57,33.48802750330167,2375600,0.0000,1.0
2002-05-07,66.0,66.57,64.5,64.85,33.120307817433485,3714100,0.0000,1.0
2002-05-08,65.4,67.85,65.02,67.37,34.407326717972154,2369200,0.0000,1.0
2002-05-09,66.9,66.95,64.85,65.01,33.20202330318198,8069900,0.0000,1.0
2002-05-10,65.01,65.47,64.41,64.71,33.04880676740356,3238500,0.0000,1.0
2002-05-13,64.3,64.7,64.12,64.58,33.14073668887061,2232600,0.3100,1.0
2002-05-14,64.77,65.85,64.77,65.7,33.71549087114895,3265500,0.0000,1.0
2002-05-15,65.1,65.29,63.1,63.51,32.59164117544398,4390600,0.0000,1.0
2002-05-16,63.51,63.74,62.79,63.41,32.54032383774056,3969500,0.0000,1.0
2002-05-17,63.3,65.21,63.15,65.0,33.35626950722499,2818900,0.0000,1.0
2002-05-20,65.0,65.48,63.75,64.0,32.84309613019076,2532300,0.0000,1.0
2002-05-21,64.01,64.98,63.7,64.0,32.84309613019076,3058700,0.0000,1.0
2002-05-22,64.4,64.81,63.81,64.16,32.925203870516235,2693100,0.0000,1.0
2002-05-23,64.45,64.9,63.3,64.85,33.27929350066985,3762600,0.0000,1.0
2002-05-24,64.85,65.09,63.74,63.81,32.74559318855425,1724100,0.0000,1.0
2002-05-28,64.15,64.5,63.8,63.97,32.82770092887973,2090800,0.0000,1.0
2002-05-29,63.85,64.84,63.85,64.3,32.99704814330103,1950700,0.0000,1.0
2002-05-30,63.9,64.68,63.61,64.35,33.022706812152734,2211100,0.0000,1.0
2002-05-31,65.14,65.49,64.4,64.7,33.20231749411472,2925500,0.0000,1.0
2002-06-03,64.7,65.0,63.7,63.95,32.81743746133905,2813500,0.0000,1.0
2002-06-04,63.16,63.16,60.88,62.06,31.847539778744352,4420300,0.0000,1.0
2002-06-05,62.2,62.66,61.75,62.66,32.15544380496489,2992800,0.0000,1.0
2002-06-06,62.8,62.83,61.31,61.38,31.498581882361076,3013400,0.0000,1.0
2002-06-07,61.37,61.8,60.16,61.3,31.457528012198335,4047700,0.0000,1.0
2002-06-10,61.0,61.99,60.5,61.31,31.46265974596868,2460400,0.0000,1.0
2002-06-11,61.06,61.61,59.57,59.75,30.662109277795278,5305100,0.0000,1.0
2002-06-12,59.75,60.33,58.1,58.5,30.02064255650249,3679500,0.0000,1.0
2002-06-13,58.1,60.6,57.65,59.87,30.723690083039383,4928100,0.0000,1.0
2002-06-14,59.99,61.0,58.8,60.45,31.021330641719242,2459500,0.0000,1.0
2002-06-17,60.35,62.95,60.32,62.4,32.02201872693599,3185500,0.0000,1.0
2002-06-18,62.02,62.99,61.55,62.64,32.14518033742421,2339700,0.0000,1.0
2002-06-19,62.0,62.5,60.05,60.68,31.139360518437112,2382100,0.0000,1.0
2002-06-20,60.4,61.2,60.01,60.15,30.867378628608968,1793700,0.0000,1.0
2002-06-21,59.15,59.57,58.26,58.39,29.964193485028726,3627100,0.0000,1.0
2002-06-24,58.4,58.95,56.41,57.93,29.72813373159298,3747900,0.0000,1.0
2002-06-25,57.94,59.3,57.0,57.23,29.368912367669015,2356500,0.0000,1.0
2002-06-26,56.9,58.87,55.79,58.11,29.82050493945914,2949200,0.0000,1.0
2002-06-27,58.3,59.83,57.55,59.83,30.703163147958016,2323900,0.0000,1.0
2002-06-28,59.15,59.8,56.2,56.4,28.942978464730604,7075400,0.0000,1.0
2002-07-01,56.4,56.5,52.58,53.76,27.588200749360237,6463700,0.0000,1.0
2002-07-02,53.76,54.29,51.65,52.12,26.746596411024097,4883100,0.0000,1.0
2002-07-03,51.8,52.1,49.89,50.49,25.910123806458305,6556000,0.0000,1.0
2002-07-05,50.49,52.25,50.4,52.25,26.81330895003855,2290900,0.0000,1.0
2002-07-08,51.9,52.4,51.1,52.09,26.731201209713074,2838800,0.0000,1.0
2002-07-09,51.5,51.73,49.85,49.98,25.648405384170843,5156100,0.0000,1.0
2002-07-10,49.0,50.2,47.36,48.18,24.72469330550923,5983300,0.0000,1.0
2002-07-11,48.0,49.98,47.1,49.7,25.50471683860126,6714100,0.0000,1.0
2002-07-12,49.0,50.64,48.15,50.26,25.792093929740428,3746700,0.0000,1.0
2002-07-15,50.27,51.95,48.15,51.61,26.484877988736642,7169900,0.0000,1.0
2002-07-16,50.77,53.3,50.72,52.35,26.864626287741974,6474800,0.0000,1.0
2002-07-17,52.6,52.8,50.68,50.9,26.120524891042336,6311300,0.0000,1.0
2002-07-18,50.9,50.9,43.75,48.54,24.909435721241554,17962300,0.0000,1.0
2002-07-19,47.5,48.4,46.65,48.15,24.709298104198204,7225400,0.0000,1.0
2002-07-22,47.9,51.0,47.51,48.68,24.981279994026345,7048600,0.0000,1.0
2002-07-23,48.95,49.85,48.03,48.68,24.981279994026345,5840000,0.0000,1.0
2002-07-24,47.55,50.24,47.02,49.45,25.376423494342703,6392100,0.0000,1.0
2002-07-25,49.65,53.0,48.6,51.81,26.58751266414349,6485200,0.0000,1.0
2002-07-26,51.81,53.9,51.4,53.7,27.557410346738184,4603700,0.0000,1.0
2002-07-29,55.3,57.25,55.15,57.15,29.327858497506277,5610100,0.0000,1.0
2002-07-30,56.3,59.24,56.17,58.25,29.892349212243932,5077100,0.0000,1.0
2002-07-31,56.8,58.97,56.16,58.42,29.979588686339753,5907400,0.0000,1.0
2002-08-01,58.42,58.42,55.0,55.0,28.224535736882682,5219600,0.0000,1.0
2002-08-02,55.3,56.37,52.6,53.89,27.654913288374686,6883800,0.0000,1.0
2002-08-05,53.4,53.75,51.35,51.8,26.582380930373144,3581500,0.0000,1.0
2002-08-06,52.45,54.7,52.0,52.64,27.0134465670819,3587900,0.0000,1.0
2002-08-07,53.2,55.74,53.16,55.52,28.491385892940485,3402200,0.0000,1.0
2002-08-08,56.0,57.95,55.76,56.81,29.153379549314643,3956300,0.0000,1.0
2002-08-09,56.8,57.99,56.2,57.22,29.363780633898674,2784400,0.0000,1.0
2002-08-12,57.22,58.14,56.41,58.0,29.764055867985373,2643400,0.0000,1.0
2002-08-13,57.5,58.21,56.0,56.0,28.89679286079753,2955100,0.3100,1.0
2002-08-14,55.46,59.75,54.5,58.24,30.052664575229432,5402200,0.0000,1.0
2002-08-15,58.24,58.92,57.05,57.83,29.841098770355735,3034300,0.0000,1.0
2002-08-16,57.83,58.24,56.77,57.1,29.46440843484891,2993100,0.0000,1.0
2002-08-19,56.65,58.3,56.63,57.78,29.81529806244431,2435400,0.0000,1.0
2002-08-20,56.57,57.75,56.52,57.04,29.4334475853552,2479500,0.0000,1.0
2002-08-21,56.95,58.12,56.7,58.12,29.990742876242006,2631900,0.0000,1.0
2002-08-22,58.2,62.2,58.0,62.15,32.070279933902974,5901900,0.0000,1.0
2002-08-23,62.0,62.0,59.5,59.57,30.738963405673374,3678100,0.0000,1.0
2002-08-26,60.2,60.2,57.76,59.65,30.780244538331655,3127700,0.0000,1.0
2002-08-27,59.79,60.15,58.16,58.49,30.181668114786564,3343400,0.0000,1.0
2002-08-28,58.2,58.8,57.45,58.0,29.928821177254584,2025900,0.0000,1.0
2002-08-29,57.3,58.15,56.53,57.01,29.41796716060834,2599600,0.0000,1.0
2002-08-30,56.76,58.55,56.3,58.05,29.95462188516601,2688700,0.0000,1.0
2002-09-03,57.7,57.8,55.75,55.82,28.803910312316397,3459300,0.0000,1.0
2002-09-04,56.0,57.8,55.55,57.62,29.732735797127745,3033200,0.0000,1.0
2002-09-05,57.0,57.0,55.75,56.2,28.99999569244324,4027500,0.0000,1.0
2002-09-06,56.8,57.1,55.8,56.02,28.907113143962103,2875500,0.0000,1.0
2002-09-09,56.09,57.98,55.8,57.57,29.70693508921632,3202400,0.0000,1.0
2002-09-10,57.45,58.15,56.9,57.81,29.830778487191164,1799800,0.0000,1.0
2002-09-11,57.81,58.91,57.72,58.04,29.949461743583726,1839800,0.0000,1.0
2002-09-12,58.35,58.35,57.5,57.94,29.89786032776087,2591200,0.0000,1.0
2002-09-13,57.8,58.19,57.05,58.07,29.96494216833058,2641600,0.0000,1.0
2002-09-16,57.9,59.3,57.21,58.75,30.31583179592598,2542100,0.0000,1.0
2002-09-17,59.65,60.0,57.28,57.58,29.712095230798603,3314700,0.0000,1.0
2002-09-18,57.58,57.58,55.86,57.07,29.448928010102055,3107800,0.0000,1.0
2002-09-19,56.11,56.66,55.2,55.32,28.545903233202132,2733100,0.0000,1.0
2002-09-20,55.57,56.85,55.45,56.33,29.067077533012945,4413500,0.0000,1.0
2002-09-23,55.9,55.94,54.73,55.1,28.432380118391855,3104100,0.0000,1.0
2002-09-24,54.75,55.34,54.15,55.0,28.380778702569003,4033000,0.0000,1.0
2002-09-25,56.2,56.97,55.23,56.97,29.3973265942792,4472100,0.0000,1.0
2002-09-26,57.8,58.0,56.9,57.99,29.9236610356723,3366700,0.0000,1.0
2002-09-27,56.5,57.1,55.17,55.64,28.71102776383526,3063200,0.0000,1.0
2002-09-30,54.81,56.45,54.51,55.34,28.556223516366703,3708100,0.0000,1.0
2002-10-01,55.25,57.57,55.05,57.5,29.670814098140323,3562900,0.0000,1.0
2002-10-02,57.6,59.0,56.94,57.84,29.846258911938023,5104600,0.0000,1.0
2002-10-03,57.29,58.95,56.9,57.35,29.59341197440604,4624100,0.0000,1.0
2002-10-04,57.36,57.36,54.84,55.42,28.597504649024984,4562800,0.0000,1.0
2002-10-07,56.2,57.55,55.93,56.82,29.319924470544922,3684500,0.0000,1.0
2002-10-08,59.0,60.7,58.14,59.6,30.75444383042023,7612200,0.0000,1.0
2002-10-09,59.01,60.07,58.97,59.8,30.85764666206593,5294300,0.0000,1.0
2002-10-10,60.4,61.5,59.85,60.9,31.425262236117312,5708200,0.0000,1.0
2002-10-11,61.05,62.0,60.67,62.0,31.992877810168693,4519900,0.0000,1.0
2002-10-14,62.01,63.16,60.99,61.99,31.98771766858641,4685400,0.0000,1.0
2002-10-15,62.5,64.01,61.8,64.01,33.03006626820804,4798300,0.0000,1.0
2002-10-16,64.01,65.0,63.08,63.66,32.84946131282805,3744800,0.0000,1.0
2002-10-17,64.0,64.3,62.74,63.0,32.50889196839722,3731700,0.0000,1.0
2002-10-18,62.9,63.85,62.55,62.94,32.477931118903506,3387500,0.0000,1.0
2002-10-21,61.95,63.37,61.15,63.2,32.612094800042925,3763500,0.0000,1.0
2002-10-22,63.22,63.22,61.6,63.0,32.50889196839722,4670400,0.0000,1.0
2002-10-23,58.8,59.99,56.85,58.09,29.975262451495155,11524800,0.0000,1.0
2002-10-24,58.04,58.05,55.21,55.71,28.747148754911258,7216900,0.0000,1.0
2002-10-25,55.71,57.4,55.71,56.95,29.387006311114632,3980000,0.0000,1.0
2002-10-28,57.2,58.5,56.52,56.77,29.294123762633497,2691000,0.0000,1.0
2002-10-29,57.0,57.24,55.5,56.38,29.09287824092437,2870800,0.0000,1.0
2002-10-30,56.55,56.99,56.0,56.67,29.242522346810645,3231300,0.0000,1.0
2002-10-31,56.5,57.7,55.2,55.5,28.638785781683268,2908900,0.0000,1.0
2002-11-01,55.37,57.36,55.0,56.74,29.278643337886642,2769000,0.0000,1.0
2002-11-04,57.5,59.18,56.71,58.0,29.928821177254584,3443800,0.0000,1.0
2002-11-05,58.0,58.62,57.55,57.94,29.89786032776087,3310300,0.0000,1.0
2002-11-06,58.9,60.81,58.89,60.48,31.208536289661332,6710200,0.0000,1.0
2002-11-07,59.5,60.49,58.38,58.96,30.42419476915397,4272900,0.0000,1.0
2002-11-08,58.97,62.9,58.97,62.24,32.116721208143545,5588400,0.0000,1.0
2002-11-11,62.5,63.0,61.95,62.15,32.070279933902974,4615000,0.0000,1.0
2002-11-12,62.79,62.79,60.56,61.39,31.678109173649293,4013500,0.0000,1.0
2002-11-13,61.08,61.65,59.32,60.29,31.270457988648754,4020900,0.3100,1.0
2002-11-14,61.46,62.0,61.07,61.95,32.13144588483647,2717500,0.0000,1.0
2002-11-15,61.95,61.95,60.54,61.3,31.79431207006417,4267500,0.0000,1.0
2002-11-18,61.31,61.31,60.1,60.38,31.317138055309538,3195800,0.0000,1.0
2002-11-19,60.39,62.38,60.39,61.55,31.923978921899668,4004700,0.0000,1.0
2002-11-20,61.56,63.29,60.91,63.29,32.82646021067473,3840700,0.0000,1.0
2002-11-21,63.5,64.87,63.42,64.73,33.57334127724721,4525900,0.0000,1.0
2002-11-22,64.74,66.04,64.65,65.73,34.0920086845892,4266500,0.0000,1.0
2002-11-25,66.15,68.29,65.5,68.06,35.30050374369604,5462000,0.0000,1.0
2002-11-26,68.07,68.07,63.97,64.0,33.19471406988755,9535900,0.0000,1.0
2002-11-27,68.0,69.17,66.1,69.0,35.788051106597514,8015900,0.0000,1.0
2002-11-29,68.35,69.2,68.05,68.3,35.42498392145812,1973800,0.0000,1.0
2002-12-02,69.15,69.7,68.55,68.75,35.65838425476202,4622500,0.0000,1.0
2002-12-03,68.04,68.5,66.0,67.16,34.833703077088245,5249000,0.0000,1.0
2002-12-04,67.23,67.95,66.16,67.49,35.0048633215111,2549500,0.0000,1.0
2002-12-05,67.49,68.5,66.66,67.07,34.78702301042747,3573900,0.0000,1.0
2002-12-06,66.31,66.85,64.94,65.44,33.941595136460016,4156800,0.0000,1.0
2002-12-09,65.28,67.5,65.18,65.36,33.90010174387266,3515200,0.0000,1.0
2002-12-10,65.37,66.24,65.37,66.1,34.28391562530573,2157600,0.0000,1.0
2002-12-11,66.4,66.47,65.27,65.85,34.154248773470236,1765800,0.0000,1.0
2002-12-12,65.85,65.85,63.88,64.1,33.246580810621744,3033500,0.0000,1.0
2002-12-13,63.5,65.0,63.5,64.47,33.438487751338286,2329700,0.0000,1.0
2002-12-16,64.07,65.43,63.77,64.85,33.63558136612824,3853400,0.0000,1.0
2002-12-17,64.85,64.99,63.56,63.96,33.17396737359387,4082700,0.0000,1.0
2002-12-18,63.52,63.75,62.15,62.64,32.48932639590244,2535100,0.0000,1.0
2002-12-19,62.2,63.66,62.18,62.5,32.41671295887456,2978700,0.0000,1.0
2002-12-20,63.39,63.93,63.03,63.25,32.805713514381054,4226700,0.0000,1.0
2002-12-23,63.8,65.4,63.61,64.45,33.42811440319145,2379700,0.0000,1.0
2002-12-24,64.25,64.8,64.23,64.43,33.41774105504461,964900,0.0000,1.0
2002-12-26,64.6,64.78,63.38,63.9,33.14284732915335,1900400,0.0000,1.0
2002-12-27,63.0,63.24,62.55,62.84,32.59305987737084,1902600,0.0000,1.0
2002-12-30,62.84,64.06,62.81,63.9,33.14284732915335,1893200,0.0000,1.0
2002-12-31,63.25,64.0,63.1,63.5,32.935380366216556,1794300,0.0000,1.0
2003-01-02,64.85,66.26,64.46,66.24,34.356529062333614,3625200,0.0000,1.0
2003-01-03,66.24,67.19,66.2,66.99,34.745529617840106,2885300,0.0000,1.0
2003-01-06,66.99,68.1,66.5,67.98,35.259010351108685,2559900,0.0000,1.0
2003-01-07,67.17,68.8,66.46,66.62,34.55362267712358,3282100,0.0000,1.0
2003-01-08,67.05,67.78,66.59,67.1,34.802583032647725,2416300,0.0000,1.0
2003-01-09,67.1,68.0,66.35,67.23,34.870009795602186,2982400,0.0000,1.0
2003-01-10,67.24,67.95,66.55,67.26,34.88556981782245,2365500,0.0000,1.0
2003-01-13,67.9,67.99,66.25,66.5,34.49138258824253,2798200,0.0000,1.0
2003-01-14,66.5,67.66,66.07,67.2,34.85444977338193,3116400,0.0000,1.0
2003-01-15,67.4,67.42,66.72,67.28,34.895943165969285,2654800,0.0000,1.0
2003-01-16,67.3,68.3,67.3,67.61,35.06710341039214,2474100,0.0000,1.0
2003-01-17,67.3,67.9,65.61,65.8,34.12831540310314,2912900,0.0000,1.0
2003-01-21,66.15,66.3,65.07,65.41,33.92603511423976,2435600,0.0000,1.0
2003-01-22,65.7,66.75,64.87,64.95,33.68744810686245,2829300,0.0000,1.0
2003-01-23,63.0,63.8,62.24,63.55,32.961313736583655,7051200,0.0000,1.0
2003-01-24,63.56,63.56,61.0,61.58,31.939538944119928,4533200,0.0000,1.0
2003-01-27,61.0,61.0,59.75,60.22,31.234151270134817,3972900,0.0000,1.0
2003-01-28,60.49,60.95,59.55,60.94,31.60759180342105,3546400,0.0000,1.0
2003-01-29,60.49,60.95,59.55,60.94,31.60759180342105,3384600,0.0000,1.0
2003-01-30,61.2,61.4,59.2,59.37,30.79328397389412,2713300,0.0000,1.0
2003-01-31,58.7,60.6,58.7,60.24,31.24452461828166,3583400,0.0000,1.0
2003-02-03,61.1,62.76,61.05,61.68,31.991405684854126,3676900,0.0000,1.0
2003-02-04,60.9,61.2,60.02,61.16,31.72169863303629,2957900,0.0000,1.0
2003-02-05,61.17,62.47,60.31,60.51,31.384564818263993,2352800,0.0000,1.0
2003-02-06,60.55,61.71,60.2,61.21,31.74763200340339,2284800,0.0000,1.0
2003-02-07,60.6,60.75,59.35,59.76,30.995564262757497,2930300,0.0000,1.0
2003-02-10,60.0,60.4,58.9,60.13,31.18747120347404,2417600,0.0000,1.0
2003-02-11,60.13,60.78,59.85,60.04,31.140791136813256,2547400,0.0000,1.0
2003-02-12,60.03,60.2,58.6,58.89,30.718077199829533,2719800,0.3350,1.0
2003-02-13,58.37,58.6,56.22,57.29,29.88348858512878,4895700,0.0000,1.0
2003-02-14,57.31,57.99,56.26,56.73,29.591382569983516,3484000,0.0000,1.0
2003-02-18,57.5,58.2,57.5,57.82,30.159946063748404,3677900,0.0000,1.0
2003-02-19,58.05,58.59,57.61,58.15,30.332079965530433,2993400,0.0000,1.0
2003-02-20,58.75,58.75,56.85,56.85,29.653976716086074,2431300,0.0000,1.0
2003-02-21,57.45,57.7,56.0,57.48,29.982595983124494,3813500,0.0000,1.0
2003-02-24,57.49,57.49,56.48,56.67,29.560085496932242,2504900,0.0000,1.0
2003-02-25,56.0,56.2,55.09,55.96,29.189736799158783,3290500,0.0000,1.0
2003-02-26,56.1,57.32,55.5,55.58,28.99152200316735,3261200,0.0000,1.0
2003-02-27,56.0,57.23,55.7,56.51,29.476626635462164,3206000,0.0000,1.0
2003-02-28,56.9,57.44,56.26,56.56,29.502707529671564,2928300,0.0000,1.0
2003-03-03,56.75,57.49,56.35,56.6,29.523572245039084,2812700,0.0000,1.0
2003-03-04,56.52,56.94,56.02,56.2,29.314925091363897,2290800,0.0000,1.0
2003-03-05,56.05,57.3,56.03,57.0,29.73221939871427,2788900,0.0000,1.0
2003-03-06,56.5,56.99,55.95,55.95,29.184520620316903,2895000,0.0000,1.0
2003-03-07,55.3,57.19,55.2,56.98,29.72178704103051,3016400,0.0000,1.0
2003-03-10,56.84,56.84,55.79,56.0,29.2106015145263,2027200,0.0000,1.0
2003-03-11,56.0,56.0,53.5,53.7,28.010880380893973,4850100,0.0000,1.0
2003-03-12,53.71,54.05,52.77,54.04,28.18823046151788,3296800,0.0000,1.0
2003-03-13,54.3,55.31,53.42,55.24,28.814171922543444,3561100,0.0000,1.0
2003-03-14,55.04,55.24,53.69,53.98,28.1569333884666,3665300,0.0000,1.0
2003-03-17,53.4,55.4,52.81,55.3,28.84546899559472,5390500,0.0000,1.0
2003-03-18,55.3,56.4,55.14,55.98,29.200169156842538,2710200,0.0000,1.0
2003-03-19,56.25,57.0,55.71,56.8,29.627895821876674,2603500,0.0000,1.0
2003-03-20,56.81,56.99,55.71,56.63,29.539220781564723,2946800,0.0000,1.0
2003-03-21,57.5,58.4,56.85,58.2,30.358160859739836,3696700,0.0000,1.0
2003-03-24,58.2,58.2,56.57,56.7,29.57573403345788,2195600,0.0000,1.0
2003-03-25,56.35,58.95,56.35,58.14,30.326863786688556,2803900,0.0000,1.0
2003-03-26,58.35,58.45,57.46,57.56,30.024325413859533,2122700,0.0000,1.0
2003-03-27,56.9,58.6,56.85,58.21,30.363377038581714,2387300,0.0000,1.0
2003-03-28,57.68,58.4,57.25,58.36,30.441619721209907,2481600,0.0000,1.0
2003-03-31,57.8,58.15,56.78,57.15,29.810462081342465,2181700,0.0000,1.0
2003-04-01,57.55,58.4,56.72,58.33,30.42597118468427,2461000,0.0000,1.0
2003-04-02,58.7,60.0,58.65,59.61,31.09364207644487,2683900,0.0000,1.0
2003-04-03,59.94,60.84,59.62,60.5,31.557881993372163,2925100,0.0000,1.0
2003-04-04,60.7,61.44,60.6,61.25,31.94909540651314,2826500,0.0000,1.0
2003-04-07,61.74,62.808,59.68,59.81,31.197965653282466,3809400,0.0000,1.0
2003-04-08,60.1,60.55,59.5,59.8,31.192749474440582,2188100,0.0000,1.0
2003-04-09,58.85,60.99,58.85,59.26,30.911075816979082,2487100,0.0000,1.0
2003-04-10,59.45,59.85,58.9,59.67,31.12493914949615,2027400,0.0000,1.0
2003-04-11,59.67,59.8,57.96,58.36,30.441619721209907,3535500,0.0000,1.0
2003-04-14,58.15,59.7,58.12,59.5,31.036264109184195,2514000,0.0000,1.0
2003-04-15,59.59,59.75,58.5,59.07,30.81196841898337,2477100,0.0000,1.0
2003-04-16,59.57,59.65,58.0,58.24,30.379025575107352,2679900,0.0000,1.0
2003-04-17,58.15,58.7,58.06,58.38,30.45205207889367,2527400,0.0000,1.0
2003-04-21,58.0,59.83,57.99,59.47,31.020615572658553,3703800,0.0000,1.0
2003-04-22,59.47,61.5,59.47,61.29,31.96996012188066,3968900,0.0000,1.0
2003-04-23,61.9,62.84,61.74,62.5,32.6011177617481,3746300,0.0000,1.0
2003-04-24,62.54,64.58,62.3,64.05,33.409625482239456,4713400,0.0000,1.0
2003-04-25,64.2,64.53,62.8,63.28,33.00797971141472,3809000,0.0000,1.0
2003-04-28,63.1,64.43,62.76,64.04,33.40440930339758,2514100,0.0000,1.0
2003-04-29,64.05,64.94,64.05,64.5,33.64435353012404,2523800,0.0000,1.0
2003-04-30,64.5,64.6,63.7,63.82,33.28965336887622,4712700,0.0000,1.0
2003-05-01,63.82,64.32,62.77,64.12,33.44613873413262,2455200,0.0000,1.0
2003-05-02,64.12,64.5,63.1,64.24,33.508732880235165,2919200,0.0000,1.0
2003-05-05,64.27,64.9,63.44,63.95,33.35746369382066,3100300,0.0000,1.0
2003-05-06,63.9,64.4,63.45,63.99,33.37832840918818,2743900,0.0000,1.0
2003-05-07,63.99,64.39,63.53,64.36,33.57132702633773,3394800,0.0000,1.0
2003-05-08,64.37,64.37,63.32,63.91,33.33659897845314,3063900,0.0000,1.0
2003-05-09,63.91,64.65,63.91,64.15,33.461787270658256,3225500,0.0000,1.0
2003-05-12,63.8,64.41,63.55,64.37,33.57654320517961,3024500,0.0000,1.0
2003-05-13,64.0,64.24,63.25,63.8,33.453963002395426,2394400,0.3350,1.0
2003-05-14,64.1,64.2,62.9,63.74,33.42250159518314,2337700,0.0000,1.0
2003-05-15,64.0,64.15,63.32,64.15,33.637487877800424,2718800,0.0000,1.0
2003-05-16,63.95,64.08,63.3,63.53,33.312386669940146,2579500,0.0000,1.0
2003-05-19,61.02,63.19,59.938,60.75,31.854674802437653,6812000,0.0000,1.0
2003-05-20,60.11,60.2,57.74,58.35,30.59621851394629,8256000,0.0000,1.0
2003-05-21,58.35,59.25,57.61,58.3,30.570000674602717,6659300,0.0000,1.0
2003-05-22,58.3,58.3,57.24,57.73,30.27111730608602,5739200,0.0000,1.0
2003-05-23,57.34,58.26,56.51,58.1,30.46512931722844,5477200,0.0000,1.0
2003-05-27,57.75,59.31,56.7,59.3,31.094357461474118,6932300,0.0000,1.0
2003-05-28,59.11,59.9,58.6,58.7,30.77974338935128,3933900,0.0000,1.0
2003-05-29,58.7,59.48,58.02,58.22,30.528052131653006,3114300,0.0000,1.0
2003-05-30,58.7,59.79,58.39,59.77,31.34080515130368,3808300,0.0000,1.0
2003-06-02,60.58,60.6,57.97,58.15,30.491347156572008,4941900,0.0000,1.0
2003-06-03,58.15,59.68,58.15,59.6,31.25166449753554,5199500,0.0000,1.0
2003-06-04,59.32,60.6,59.05,60.18,31.55579143392095,2987200,0.0000,1.0
2003-06-05,59.8,61.8,58.98,61.72,32.36330088570291,4059400,0.0000,1.0
2003-06-06,62.0,63.1,60.91,61.18,32.08014822079235,4110700,0.0000,1.0
2003-06-09,61.14,61.3,59.76,59.97,31.44567650867796,2367600,0.0000,1.0
2003-06-10,60.0,60.3,59.22,60.23,31.58200927326452,2394600,0.0000,1.0
2003-06-11,61.75,63.4,61.68,63.19,33.13410536240387,7569500,0.0000,1.0
2003-06-12,63.4,64.48,63.04,64.06,33.590295766981995,5642400,0.0000,1.0
2003-06-13,64.28,65.5,63.63,65.21,34.1933060718841,5241000,0.0000,1.0
2003-06-16,65.95,68.02,65.72,67.85,35.5776079892246,5823000,0.0000,1.0
2003-06-17,68.5,71.4,68.5,69.83,36.61583442722998,9348900,0.0000,1.0
2003-06-18,69.8,70.58,68.56,69.0,36.18061829412672,6257000,0.0000,1.0
2003-06-19,69.0,69.01,67.28,67.4,35.34164743513248,3929800,0.0000,1.0
2003-06-20,67.8,68.95,67.4,68.53,35.93417060429716,5004300,0.0000,1.0
2003-06-23,68.38,68.38,66.32,67.07,35.16860969546491,3777200,0.0000,1.0
2003-06-24,67.62,69.25,67.471,68.66,36.002336986590436,4713800,0.0000,1.0
2003-06-25,68.6,69.92,67.4,67.75,35.525172310537464,3241400,0.0000,1.0
2003-06-26,67.95,69.53,67.26,69.53,36.45852739116856,3761900,0.0000,1.0
2003-06-27,67.5,68.4,67.38,68.12,35.71918432167988,5997200,0.0000,1.0
2003-06-30,68.15,69.56,68.15,68.97,36.16488759052057,4733300,0.0000,1.0
2003-07-01,68.9,69.89,68.02,69.78,36.58961658788641,3947700,0.0000,1.0
2003-07-02,69.78,69.99,69.2,69.61,36.50047593411827,2743100,0.0000,1.0
2003-07-03,69.61,69.961,69.02,69.27,36.32219462658199,1805100,0.0000,1.0
2003-07-07,69.5,70.44,69.5,70.33,36.87801282066568,2964200,0.0000,1.0
2003-07-08,69.345,69.42,68.52,69.17,36.26975894789486,2982200,0.0000,1.0
2003-07-09,68.8,68.98,67.6,67.91,35.60906939643689,4263000,0.0000,1.0
2003-07-10,67.6,67.65,66.62,67.08,35.173853263333626,2906000,0.0000,1.0
2003-07-11,67.03,67.8,66.6,67.45,35.367865274476046,2593600,0.0000,1.0
2003-07-14,68.4,68.46,67.04,67.35,35.3154295957889,2253200,0.0000,1.0
2003-07-15,67.48,67.62,65.71,65.83,34.51840727974437,3966800,0.0000,1.0
2003-07-16,66.26,66.5,65.32,66.23,34.72814999449294,2275000,0.0000,1.0
2003-07-17,66.48,68.0,66.27,66.81,35.032276930878346,4447100,0.0000,1.0
2003-07-18,66.81,67.3,65.7,67.18,35.226288942020766,2765700,0.0000,1.0
2003-07-21,67.18,67.18,65.41,66.14,34.68095788367451,2192300,0.0000,1.0
2003-07-22,66.2,66.55,65.06,65.89,34.54986868695666,2635700,0.0000,1.0
2003-07-23,66.07,66.55,65.08,66.07,34.64425290859351,2230900,0.0000,1.0
2003-07-24,67.1,68.25,66.75,66.82,35.03752049874706,4310100,0.0000,1.0
2003-07-25,66.82,67.4,61.87,67.35,35.3154295957889,2085100,0.0000,1.0
2003-07-28,67.2,67.57,66.27,66.62,34.932649141372785,2389000,0.0000,1.0
2003-07-29,66.57,66.75,64.81,64.88,34.02026833221654,3574200,0.0000,1.0
2003-07-30,65.15,66.6,65.03,66.55,34.895944166291784,3535500,0.0000,1.0
2003-07-31,66.95,67.31,65.35,65.84,34.52365084761309,3260200,0.0000,1.0
2003-08-01,65.1,65.17,63.42,64.0,33.558834359769705,3763900,0.0000,1.0
2003-08-04,64.0,64.8,62.95,64.62,33.883935567629976,2536100,0.0000,1.0
2003-08-05,64.5,65.38,63.7,63.81,33.45920657026414,2570200,0.0000,1.0
2003-08-06,63.8,63.93,62.82,62.94,33.00301616568602,3196700,0.0000,1.0
2003-08-07,63.25,64.0,63.08,63.85,33.480180841739,2517300,0.0000,1.0
2003-08-08,63.98,64.05,62.6,62.93,32.99777259781731,2286800,0.0000,1.0
2003-08-11,62.7,63.28,62.53,63.07,33.071182547979305,2133500,0.0000,1.0
2003-08-12,63.25,63.27,62.51,62.88,32.97155475847374,2256300,0.0000,1.0
2003-08-13,62.55,62.97,61.98,62.2,32.790651667003104,2134100,0.3350,1.0
2003-08-14,62.0,62.15,61.3,61.4,32.368906951028784,2829200,0.0000,1.0
2003-08-15,61.6,61.9,60.81,61.63,32.4901585568714,1726800,0.0000,1.0
2003-08-18,61.5,61.93,61.31,61.66,32.50597398372044,2068000,0.0000,1.0
2003-08-19,61.7,61.8,61.0,61.25,32.2898298167836,2652900,0.0000,1.0
2003-08-20,61.25,61.89,61.18,61.62,32.48488674792172,3211000,0.0000,1.0
2003-08-21,63.48,64.44,62.99,63.56,33.50761768415944,11239400,0.0000,1.0
2003-08-22,62.68,63.8,62.25,62.8,33.10696020398384,4847300,0.0000,1.0
2003-08-25,62.8,63.67,62.76,63.58,33.51816130205879,3302500,0.0000,1.0
2003-08-26,63.4,64.68,63.4,64.56,34.03479857912733,4173200,0.0000,1.0
2003-08-27,64.31,65.48,64.31,65.22,34.38273796980614,2752100,0.0000,1.0
2003-08-28,65.5,65.99,64.73,65.87,34.72540555153528,2978100,0.0000,1.0
2003-08-29,65.8,66.6,65.5,66.53,35.07334494221409,2460000,0.0000,1.0
2003-09-02,66.6,67.02,65.55,66.8,35.21568378385542,3385300,0.0000,1.0
2003-09-03,63.04,64.0,61.79,62.1,32.73793357750631,12242000,0.0000,1.0
2003-09-04,61.25,61.47,60.25,61.04,32.179121828840344,8720400,0.0000,1.0
2003-09-05,61.86,62.25,60.86,61.0,32.15803459304163,8230700,0.0000,1.0
2003-09-08,61.38,62.3,61.35,61.75,32.55342026426755,3950700,0.0000,1.0
2003-09-09,61.6,62.14,61.39,61.44,32.3899941868275,2781000,0.0000,1.0
2003-09-10,61.45,62.3,61.45,62.03,32.701030914858556,3367300,0.0000,1.0
2003-09-11,62.45,62.58,60.81,60.98,32.14749097514227,3307200,0.0000,1.0
2003-09-12,61.4,61.65,61.05,61.49,32.4163532315759,3223200,0.0000,1.0
2003-09-15,61.9,61.9,60.9,60.9,32.105316503544834,2525300,0.0000,1.0
2003-09-16,61.01,61.2,59.95,61.0,32.15803459304163,3281500,0.0000,1.0
2003-09-17,60.07,61.55,60.07,60.74,32.02096756034997,2916700,0.0000,1.0
2003-09-18,60.88,61.82,60.8,61.04,32.179121828840344,2792800,0.0000,1.0
2003-09-19,61.04,61.669,60.12,60.21,31.74156168601699,3506200,0.0000,1.0
2003-09-22,60.21,60.21,59.02,59.25,31.23546802684781,3418000,0.0000,1.0
2003-09-23,60.0,60.24,59.58,59.83,31.54123294592919,2567900,0.0000,1.0
2003-09-24,59.6,60.11,58.9,59.25,31.23546802684781,3726800,0.0000,1.0
2003-09-25,59.6,59.68,58.72,58.72,30.956062152514825,2534700,0.0000,1.0
2003-09-26,58.73,58.74,57.91,57.99,30.571220099188263,3926700,0.0000,1.0
2003-09-29,58.09,58.49,57.901,58.2,30.68192808713152,2956600,0.0000,1.0
2003-09-30,58.5,59.7,58.18,59.4,31.314545161092994,4809000,0.0000,1.0
2003-10-01,62.0,63.2,61.55,63.01,33.217668191927096,10990300,0.0000,1.0
2003-10-02,62.9,63.65,62.52,63.51,33.481258639411045,4068900,0.0000,1.0
2003-10-03,64.25,64.3,63.3,63.4,33.42326874096457,3751100,0.0000,1.0
2003-10-06,63.5,63.87,63.24,63.43,33.43908416781361,2370700,0.0000,1.0
2003-10-07,63.43,63.55,62.26,63.0,33.21239638297742,3047200,0.0000,1.0
2003-10-08,63.2,63.29,62.09,62.28,32.83282613860053,2379700,0.0000,1.0
2003-10-09,63.0,63.3,62.01,62.17,32.774836240154066,2749100,0.0000,1.0
2003-10-10,62.55,62.77,61.94,62.31,32.84864156544957,1767100,0.0000,1.0
2003-10-13,62.31,62.59,61.96,62.04,32.706302723808236,1405200,0.0000,1.0
2003-10-14,61.54,62.42,61.36,62.38,32.885544228097324,3056200,0.0000,1.0
2003-10-15,62.38,62.839,61.29,61.66,32.50597398372044,2537600,0.0000,1.0
2003-10-16,61.27,62.11,61.27,61.92,32.64304101641209,2662000,0.0000,1.0
2003-10-17,61.99,62.22,61.02,61.16,32.24238353623649,2780600,0.0000,1.0
2003-10-20,61.32,61.55,60.63,61.55,32.447984085273966,2418000,0.0000,1.0
2003-10-21,61.55,62.75,61.55,62.5,32.94880593549347,2429300,0.0000,1.0
2003-10-22,61.8,61.81,60.34,60.78,32.04205479614869,3805300,0.0000,1.0
2003-10-23,63.48,65.6,61.92,65.1,34.31947626240999,8187400,0.0000,1.0
2003-10-24,65.1,66.29,64.62,66.29,34.9468215274218,6062500,0.0000,1.0
2003-10-27,66.29,67.29,66.0,66.65,35.136606649610236,4009700,0.0000,1.0
2003-10-28,66.72,67.35,66.33,67.35,35.50563327608776,3029700,0.0000,1.0
2003-10-29,67.25,67.25,66.01,66.13,34.86247258422693,3044500,0.0000,1.0
2003-10-30,67.1,67.9,66.28,66.64,35.13133484066056,4629400,0.0000,1.0
2003-10-31,66.89,67.7,66.55,66.62,35.1207912227612,3641500,0.0000,1.0
2003-11-03,66.63,66.95,66.29,66.75,35.18932473910702,2029100,0.0000,1.0
2003-11-04,65.87,66.19,64.9,65.25,34.39855339665518,2871100,0.0000,1.0
2003-11-05,65.13,66.04,65.0,66.04,34.81502630367982,2782600,0.0000,1.0
2003-11-06,65.9,66.6,65.55,66.38,34.9942678079689,2449200,0.0000,1.0
2003-11-07,66.46,66.95,65.5,65.85,34.714861933635916,2677100,0.0000,1.0
2003-11-10,65.58,65.9,65.27,65.53,34.546164047246194,1875000,0.0000,1.0
2003-11-11,65.11,65.58,64.9,65.03,34.282573599762244,1921200,0.0000,1.0
2003-11-12,65.0,66.72,64.541,66.19,35.07070903773924,3678700,0.3350,1.0
2003-11-13,66.2,69.6,66.0,69.05,36.58607733881092,7427200,0.0000,1.0
2003-11-14,69.2,71.98,69.2,71.28,37.76764073440177,9593800,0.0000,1.0
2003-11-17,69.5,71.47,69.5,70.7,37.460328281736885,4567300,0.0000,1.0
2003-11-18,70.7,71.87,70.6,70.94,37.587492055253385,3218800,0.0000,1.0
2003-11-19,71.1,72.8,70.8,72.54,38.435250545363424,4464700,0.0000,1.0
2003-11-20,72.01,72.55,71.43,71.53,37.900102998481465,3328200,0.0000,1.0
2003-11-21,71.53,71.89,69.41,69.61,36.88279281034943,6539700,0.0000,1.0
2003-11-24,70.12,70.95,70.05,70.5,37.35435847047313,3582400,0.0000,1.0
2003-11-25,70.6,70.98,70.16,70.67,37.444432810047324,3415400,0.0000,1.0
2003-11-26,69.95,69.95,68.39,69.3,36.71853960289061,6350000,0.0000,1.0
2003-11-28,69.3,69.31,68.35,68.8,36.453615074731225,2356000,0.0000,1.0
2003-12-01,68.56,70.5,68.5,70.3,37.248388659209375,4229800,0.0000,1.0
2003-12-02,69.55,70.69,69.33,69.5,36.82450941415436,4045700,0.0000,1.0
2003-12-03,69.6,70.18,68.98,68.98,36.5489879048686,3171300,0.0000,1.0
2003-12-04,69.3,69.7,68.32,69.01,36.56488337655817,2454500,0.0000,1.0
2003-12-05,68.56,68.99,68.25,68.8,36.453615074731225,2214300,0.0000,1.0
2003-12-08,68.8,70.1,68.45,70.03,37.105329414003315,3243700,0.0000,1.0
2003-12-09,70.13,70.55,69.58,70.55,37.38085092328907,3456000,0.0000,1.0
2003-12-10,70.55,70.84,70.0,70.4,37.301373564841256,3572800,0.0000,1.0
2003-12-11,70.9,72.1,70.56,71.8,38.043162243687526,3655600,0.0000,1.0
2003-12-12,71.7,72.19,70.98,72.19,38.24980337565185,2997600,0.0000,1.0
2003-12-15,72.68,72.79,71.68,71.69,37.98487884749247,2500500,0.0000,1.0
2003-12-16,71.69,73.29,71.68,73.29,38.8326373376025,3616400,0.0000,1.0
2003-12-17,73.01,73.13,72.19,72.48,38.403459601984295,2746100,0.0000,1.0
2003-12-18,72.48,73.26,72.35,73.12,38.742562998028305,2779100,0.0000,1.0
2003-12-19,73.35,73.89,72.77,73.89,39.150546771393756,3762300,0.0000,1.0
2003-12-22,73.52,73.52,71.8,72.2,38.255101866215035,3727600,0.0000,1.0
2003-12-23,71.63,72.19,69.99,70.52,37.364955451599506,4794600,0.0000,1.0
2003-12-24,70.52,70.79,70.45,70.5,37.35435847047313,1446100,0.0000,1.0
2003-12-26,70.65,71.08,70.5,70.62,37.41794035723139,494400,0.0000,1.0
2003-12-29,71.3,71.62,70.62,71.62,37.947789413550154,2661500,0.0000,1.0
2003-12-30,71.65,71.75,70.65,70.93,37.58219356469021,3109600,0.0000,1.0
2003-12-31,70.9,70.94,70.04,70.33,37.26428413089894,3583800,0.0000,1.0
2004-01-02,70.85,72.15,70.7,71.24,37.746446772149014,3780500,0.0000,1.0
2004-01-05,70.4,71.2,69.9,70.19,37.19010526301431,6774200,0.0000,1.0
2004-01-06,70.0,70.24,69.5,70.13,37.15831431963519,5398600,0.0000,1.0
2004-01-07,69.56,69.88,69.26,69.82,36.99406111217637,4336100,0.0000,1.0
2004-01-08,69.57,69.685,67.92,68.1,36.08272073530809,5579100,0.0000,1.0
2004-01-09,67.9,68.18,67.48,67.58,35.80719922602233,4468400,0.0000,1.0
2004-01-12,67.95,69.09,67.8,68.83,36.469510546420786,4530300,0.0000,1.0
2004-01-13,68.71,68.91,68.2,68.6,36.34764526346747,3662100,0.0000,1.0
2004-01-14,68.35,69.44,68.0,69.2,36.665554697258735,3862000,0.0000,1.0
2004-01-15,69.31,69.52,68.76,69.51,36.829807904717555,3355400,0.0000,1.0
2004-01-16,69.8,70.17,69.65,70.06,37.121224885692875,4237600,0.0000,1.0
2004-01-20,70.1,70.195,69.61,69.75,36.956971678234055,3605500,0.0000,1.0
2004-01-21,69.76,70.8,69.1,70.8,37.51331318736876,3874500,0.0000,1.0
2004-01-22,70.55,71.03,70.25,70.95,37.59279054581658,3444000,0.0000,1.0
2004-01-23,70.98,71.0,69.08,69.46,36.80331545190161,3936800,0.0000,1.0
2004-01-26,69.01,69.39,68.65,68.89,36.501301489799914,4528300,0.0000,1.0
2004-01-27,68.89,69.37,68.35,68.45,36.26816790501966,3744300,0.0000,1.0
2004-01-28,68.6,68.73,66.7,66.92,35.45749884885194,5062800,0.0000,1.0
2004-01-29,66.75,68.59,66.55,68.4,36.24167545220372,4522100,0.0000,1.0
2004-01-30,68.55,68.55,67.21,68.04,36.050929791928965,3057800,0.0000,1.0
2004-02-02,67.78,69.91,67.52,69.05,36.58607733881092,3619100,0.0000,1.0
2004-02-03,69.05,69.67,68.52,69.4,36.77152450852249,2781200,0.0000,1.0
2004-02-04,69.4,70.63,69.05,70.5,37.35435847047313,4762700,0.0000,1.0
2004-02-05,70.99,71.51,70.51,71.45,37.85771507397596,3950900,0.0000,1.0
2004-02-06,71.45,72.89,71.27,72.85,38.59950375282223,4447700,0.0000,1.0
2004-02-09,72.9,73.49,72.26,73.22,38.79554790366018,3696200,0.0000,1.0
2004-02-10,73.22,74.71,72.96,74.54,39.49494865800096,5371900,0.0000,1.0
2004-02-11,74.16,74.7,73.76,74.7,39.76782092200513,4473800,0.3550,1.0
2004-02-12,74.7,74.7,73.35,73.58,39.171569791715356,5780500,0.0000,1.0
2004-02-13,73.59,73.65,72.74,73.5,39.128980425266086,2437600,0.0000,1.0
2004-02-17,73.51,73.57,72.64,72.96,38.84150220173352,2370200,0.0000,1.0
2004-02-18,72.85,72.98,72.04,72.46,38.575318661425584,2502900,0.0000,1.0
2004-02-19,72.71,73.54,72.4,72.65,38.67646840674261,3383400,0.0000,1.0
2004-02-20,72.69,73.25,72.16,72.47,38.58064233223175,2167700,0.0000,1.0
2004-02-23,72.48,72.65,71.76,72.02,38.34107714595461,1825300,0.0000,1.0
2004-02-24,71.96,72.5,71.43,72.37,38.527405624170164,2661300,0.0000,1.0
2004-02-25,72.62,72.86,72.39,72.79,38.75099979802883,2678600,0.0000,1.0
2004-02-26,73.05,73.631,72.96,73.6,39.18221713332767,2452700,0.0000,1.0
2004-02-27,73.46,74.46,70.0,73.94,39.36322194073707,3223500,0.0000,1.0
2004-03-01,73.85,73.85,72.95,73.44,39.097038400429135,3299300,0.0000,1.0
2004-03-02,73.3,73.8,72.23,72.63,38.66582106513028,1881600,0.0000,1.0
2004-03-03,72.6,73.18,71.79,73.08,38.90538625140742,1630500,0.0000,1.0
2004-03-04,73.15,73.17,72.18,73.12,38.92668093463206,2070700,0.0000,1.0
2004-03-05,73.0,73.83,72.73,73.46,39.10768574204145,2249500,0.0000,1.0
2004-03-08,73.6,73.98,72.71,72.8,38.75632346883498,1997000,0.0000,1.0
2004-03-09,72.87,73.1,70.78,71.85,38.25057474224991,4915200,0.0000,1.0
2004-03-10,71.9,71.98,70.34,70.49,37.52655551261233,3915300,0.0000,1.0
2004-03-11,70.48,70.7,69.0,69.17,36.823830966199395,3918700,0.0000,1.0
2004-03-12,69.6,70.93,69.34,70.93,37.76079702808332,3059000,0.0000,1.0
2004-03-15,70.34,70.51,69.4,69.68,37.09533817731349,3090500,0.0000,1.0
2004-03-16,70.0,70.97,70.0,70.67,37.622381587123186,3043600,0.0000,1.0
2004-03-17,70.55,70.57,69.35,69.83,37.175193239405864,3435900,0.0000,1.0
2004-03-18,69.3,70.17,69.02,69.82,37.1698695685997,2888300,0.0000,1.0
2004-03-19,69.42,69.66,68.54,68.63,36.53635274266682,3000700,0.0000,1.0
2004-03-22,68.63,69.23,67.74,67.96,36.17966679865419,3264000,0.0000,1.0
2004-03-23,68.24,68.75,67.51,67.55,35.96139629560169,3193600,0.0000,1.0
2004-03-24,67.65,67.77,66.04,66.49,35.397087190148866,4967000,0.0000,1.0
2004-03-25,66.49,66.49,64.51,65.5,34.87004378033917,6332700,0.0000,1.0
2004-03-26,65.4,65.68,64.65,65.0,34.60386024003123,5019500,0.0000,1.0
2004-03-29,65.25,66.07,65.17,65.6,34.92328048840075,4241400,0.0000,1.0
2004-03-30,66.0,66.18,65.39,65.8,35.02975390452392,3444300,0.0000,1.0
2004-03-31,67.5,68.36,66.8,66.9,35.61535769320138,5951000,0.0000,1.0
2004-04-01,67.4,67.93,67.01,67.6,35.98801464963248,5346400,0.0000,1.0
2004-04-02,68.8,69.4,68.45,68.7,36.573618438309936,4923500,0.0000,1.0
2004-04-05,68.95,69.17,68.32,69.15,36.813183624587076,3705400,0.0000,1.0
2004-04-06,68.65,68.99,68.12,68.78,36.616207804759206,2050500,0.0000,1.0
2004-04-07,68.75,69.89,68.47,69.4,36.94627539474104,3914400,0.0000,1.0
2004-04-08,69.9,70.15,68.21,68.88,36.66944451282079,3592400,0.0000,1.0
2004-04-12,69.48,69.48,68.77,69.21,36.84512564942402,1516100,0.0000,1.0
2004-04-13,69.7,69.82,69.1,69.34,36.91433336990409,3434100,0.0000,1.0
2004-04-14,69.02,70.41,69.02,70.41,37.48396614616306,3321900,0.0000,1.0
2004-04-15,70.98,72.9,70.81,72.9,38.80956017689657,6059600,0.0000,1.0
2004-04-16,72.98,73.35,72.02,72.45,38.56999499061943,4938300,0.0000,1.0
2004-04-19,72.5,73.74,72.5,73.4,39.0757437172045,4933400,0.0000,1.0
2004-04-20,73.4,73.82,72.25,72.25,38.463521574496255,3665700,0.0000,1.0
2004-04-21,72.25,73.85,71.73,73.41,39.08106738801066,3355900,0.0000,1.0
2004-04-22,73.41,74.76,73.02,74.02,39.40581130718633,3648000,0.0000,1.0
2004-04-23,73.77,74.12,72.89,73.15,38.942651947050535,2891700,0.0000,1.0
2004-04-26,73.31,73.93,72.8,73.35,39.0491253631737,2140300,0.0000,1.0
2004-04-27,73.7,74.88,73.42,73.78,39.27804320783853,2968000,0.0000,1.0
2004-04-28,73.65,73.85,73.08,73.65,39.20883548735847,2685700,0.0000,1.0
2004-04-29,73.73,74.67,72.76,73.4,39.0757437172045,2793700,0.0000,1.0
2004-04-30,73.68,74.72,73.43,73.81,39.294014220257004,3089200,0.0000,1.0
2004-05-03,73.82,74.99,73.81,74.64,39.73587889716817,3010000,0.0000,1.0
2004-05-04,74.69,75.97,74.5,75.33,40.10321218279312,3909600,0.0000,1.0
2004-05-05,75.08,75.84,75.0,75.33,40.10321218279312,2844400,0.0000,1.0
2004-05-06,74.8,76.63,74.75,76.26,40.59831356776588,3639800,0.0000,1.0
2004-05-07,76.5,76.95,75.51,75.55,40.22033294052861,3479000,0.0000,1.0
2004-05-10,75.55,76.15,73.58,74.38,39.59746345620805,5019800,0.0000,1.0
2004-05-11,73.95,74.69,73.59,73.85,39.315308903481636,3235800,0.0000,1.0
2004-05-12,73.25,74.0,72.09,73.71,39.429767825814054,3512400,0.3550,1.0
2004-05-13,73.55,73.95,73.07,73.26,39.18904885251849,2206400,0.0000,1.0
2004-05-14,73.26,74.49,72.98,73.85,39.504658173061564,1971400,0.0000,1.0
2004-05-17,72.84,73.35,72.35,72.93,39.012521605435076,3885500,0.0000,1.0
2004-05-18,72.93,73.31,72.27,72.57,38.819946426798616,2687000,0.0000,1.0
2004-05-19,72.7,73.0,71.7,71.88,38.45084400107874,2757000,0.0000,1.0
2004-05-20,72.2,72.56,71.44,72.31,38.68086435333896,2966200,0.0000,1.0
2004-05-21,72.4,72.69,71.5,71.98,38.50433710625554,2124700,0.0000,1.0
2004-05-24,72.1,72.1,70.31,70.77,37.857070533616344,3351600,0.0000,1.0
2004-05-25,70.78,72.24,70.5,72.07,38.55248090091465,3059400,0.0000,1.0
2004-05-26,72.95,73.89,72.75,73.42,39.27463782080136,4105800,0.0000,1.0
2004-05-27,73.95,74.48,73.61,73.96,39.563500588756035,2397400,0.0000,1.0
2004-05-28,73.67,73.95,73.1,73.67,39.40837058374334,2249400,0.0000,1.0
2004-06-01,73.85,74.75,73.67,74.74,39.98074680913502,2898100,0.0000,1.0
2004-06-02,74.95,74.99,74.09,74.5,39.852363356710725,2447300,0.0000,1.0
2004-06-03,74.51,75.4,74.3,74.36,39.777473009463215,2252400,0.0000,1.0
2004-06-04,74.6,75.83,74.5,75.0,40.11982888259469,2801200,0.0000,1.0
2004-06-07,75.65,75.67,74.81,75.66,40.472883376761516,2056700,0.0000,1.0
2004-06-08,75.2,75.65,74.85,75.38,40.323102682266494,1872800,0.0000,1.0
2004-06-09,75.1,75.1,73.46,73.57,39.35487747856654,3608900,0.0000,1.0
2004-06-10,74.0,74.15,73.31,73.64,39.3923226521903,1700000,0.0000,1.0
2004-06-14,73.3,74.05,72.52,72.7,38.889487463528454,2781700,0.0000,1.0
2004-06-15,73.2,73.3,72.4,72.62,38.846692979387015,2257300,0.0000,1.0
2004-06-16,72.8,73.91,72.6,73.2,39.15695298941242,2072800,0.0000,1.0
2004-06-17,72.9,73.69,72.58,73.54,39.33882954701351,1998000,0.0000,1.0
2004-06-18,73.0,74.07,73.0,73.58,39.36022678908422,3512800,0.0000,1.0
2004-06-21,73.3,73.47,72.67,72.67,38.873439531975414,1842500,0.0000,1.0
2004-06-22,72.67,73.2,72.41,72.93,39.012521605435076,2621100,0.0000,1.0
2004-06-23,72.65,73.49,72.1,73.14,39.12485712630634,2032300,0.0000,1.0
2004-06-24,72.65,73.14,72.52,72.73,38.905535395081486,1435600,0.0000,1.0
2004-06-25,72.15,72.2,71.39,71.4,38.194077096230146,4148900,0.0000,1.0
2004-06-28,71.75,72.41,71.51,71.7,38.35455641176052,3116100,0.0000,1.0
2004-06-29,71.6,72.13,69.82,70.25,37.57890638669702,6256700,0.0000,1.0
2004-06-30,70.25,70.73,69.47,69.91,37.39702982909593,5540100,0.0000,1.0
2004-07-01,69.91,70.3,68.23,68.93,36.87279739836336,4751000,0.0000,1.0
2004-07-02,68.94,69.81,68.78,69.37,37.108167061141245,3236700,0.0000,1.0
2004-07-06,69.17,69.17,68.13,68.28,36.525092214714206,2614600,0.0000,1.0
2004-07-07,67.78,68.48,67.06,67.53,36.123893925888254,3196200,0.0000,1.0
2004-07-08,67.51,69.57,67.51,67.88,36.31111979400703,3601600,0.0000,1.0
2004-07-09,68.0,68.23,66.8,67.0,35.84038046845125,3123200,0.0000,1.0
2004-07-12,67.01,68.4,66.97,68.12,36.439503246431336,2949900,0.0000,1.0
2004-07-13,68.12,68.53,68.03,68.43,36.6053318724794,2939000,0.0000,1.0
2004-07-14,68.15,69.08,67.8,67.99,36.3699622097015,2172700,0.0000,1.0
2004-07-15,68.1,68.32,66.77,66.83,35.74944218965071,3579500,0.0000,1.0
2004-07-16,66.84,67.2,65.64,66.3,35.465928732213705,3919100,0.0000,1.0
2004-07-19,66.23,66.38,65.51,65.53,35.0540318223524,3247200,0.0000,1.0
2004-07-20,65.3,65.64,64.14,64.67,34.593991117831976,5220600,0.0000,1.0
2004-07-21,64.9,66.94,64.8,65.28,34.92029905941042,4294600,0.0000,1.0
2004-07-22,64.1,66.0,64.05,64.74,34.63143629145573,3993100,0.0000,1.0
2004-07-23,63.25,64.16,62.63,62.71,33.545526256366834,5203400,0.0000,1.0
2004-07-26,63.1,63.11,61.64,62.14,33.24061555685912,3893300,0.0000,1.0
2004-07-27,62.5,63.95,62.27,63.07,33.738101435003294,5439800,0.0000,1.0
2004-07-28,62.86,63.84,62.01,63.69,34.06975868709941,4209900,0.0000,1.0
2004-07-29,63.35,64.12,63.03,63.64,34.04301213451101,2867400,0.0000,1.0
2004-07-30,63.4,64.37,63.26,63.72,34.08580661865245,2162100,0.0000,1.0
2004-08-02,63.72,64.19,63.36,63.55,33.9948683398519,1805100,0.0000,1.0
2004-08-03,63.6,64.09,63.18,63.22,33.81834109276848,2581200,0.0000,1.0
2004-08-04,64.1,64.49,63.02,63.65,34.04836144502869,3622100,0.0000,1.0
2004-08-05,63.7,63.7704,61.3,61.41,32.850115889068526,3328800,0.0000,1.0
2004-08-06,61.02,61.2,60.25,61.0,32.63079415784368,3792700,0.0000,1.0
2004-08-09,61.25,61.3,60.3,60.47,32.34728070040668,2148600,0.0000,1.0
2004-08-10,60.65,61.1,59.78,61.06,32.66289002094975,3483500,0.0000,1.0
2004-08-11,60.21,62.7,60.21,62.6,33.67658436404998,3920000,0.3550,1.0
2004-08-12,62.41,62.84,61.6,62.06,33.386083476564565,2507200,0.0000,1.0
2004-08-13,62.25,62.67,61.52,61.57,33.12248081940187,3076200,0.0000,1.0
2004-08-16,61.97,63.2,61.77,63.09,33.94018702121267,2859300,0.0000,1.0
2004-08-17,63.08,63.43,62.51,62.83,33.80031622353451,2658500,0.0000,1.0
2004-08-18,62.98,64.68,62.55,64.56,34.730994992700744,3489600,0.0000,1.0
2004-08-19,64.56,64.56,63.2,64.35,34.6180224253453,3401400,0.0000,1.0
2004-08-20,64.35,64.74,64.21,64.5,34.698717116313475,2296300,0.0000,1.0
2004-08-23,64.5,64.84,64.22,64.4,34.64492065566803,2011200,0.0000,1.0
2004-08-24,64.65,64.92,64.31,64.7,34.806310037604376,2186200,0.0000,1.0
2004-08-25,64.83,64.96,64.32,64.48,34.68795782418439,2287900,0.0000,1.0
2004-08-26,64.19,64.49,63.28,63.53,34.176891448052636,3415500,0.0000,1.0
2004-08-27,63.85,64.56,63.7,64.32,34.60188348715167,1566500,0.0000,1.0
2004-08-30,64.0,64.03,62.99,63.2,33.99936312792266,2325000,0.0000,1.0
2004-08-31,63.35,63.77,62.8,63.45,34.13385427953628,2014400,0.0000,1.0
2004-09-01,63.5,64.18,62.99,64.11,34.48891091979623,3085700,0.0000,1.0
2004-09-02,64.11,65.0,64.0,64.78,34.84934720612073,1945900,0.0000,1.0
2004-09-03,64.89,65.25,64.77,64.98,34.95694012741163,1998900,0.0000,1.0
2004-09-07,65.3,66.5,65.3,66.0,35.50566402599519,2948900,0.0000,1.0
2004-09-08,65.78,66.46,64.9,65.07,35.005356941992524,2198100,0.0000,1.0
2004-09-09,65.32,65.95,65.15,65.73,35.36041358225248,2713000,0.0000,1.0
2004-09-10,65.73,65.96,65.01,65.85,35.424969335027015,1928000,0.0000,1.0
2004-09-13,65.98,66.0,65.45,65.45,35.209783492445226,2860000,0.0000,1.0
2004-09-14,65.46,66.69,65.46,66.46,35.75312774496424,3820800,0.0000,1.0
2004-09-15,66.65,67.3,66.59,67.04,36.06514721670784,3205900,0.0000,1.0
2004-09-16,67.02,67.19,66.67,66.76,35.914517126900584,2291500,0.0000,1.0
2004-09-17,66.98,66.98,66.26,66.39,35.71547022251243,2637600,0.0000,1.0
2004-09-20,66.29,66.44,65.08,65.51,35.242061368832495,2432600,0.0000,1.0
2004-09-21,65.5,65.51,64.85,65.16,35.05377375657343,3256500,0.0000,1.0
2004-09-22,64.65,64.97,63.65,63.92,34.386697644569885,2874800,0.0000,1.0
2004-09-23,64.25,64.45,63.48,63.5,34.160752509859,2254100,0.0000,1.0
2004-09-24,63.5,64.08,63.24,63.66,34.24682684689172,1810700,0.0000,1.0
2004-09-27,63.67,63.85,62.75,62.9,33.83797374598632,1893100,0.0000,1.0
2004-09-28,63.0,63.05,61.81,62.05,33.38070383050002,4064100,0.0000,1.0
2004-09-29,62.0,62.2,61.2,61.85,33.27311090920912,3178900,0.0000,1.0
2004-09-30,61.3,61.7,59.72,60.05,32.30477461759107,7016600,0.0000,1.0
2004-10-01,60.25,61.83,60.23,61.4,33.03102683630461,3458300,0.0000,1.0
2004-10-04,61.4,62.38,61.4,61.56,33.11710117333733,3311200,0.0000,1.0
2004-10-05,61.71,62.32,61.5,62.01,33.359185246241836,2190800,0.0000,1.0
2004-10-06,62.02,62.03,60.46,61.47,33.06868435875642,3824700,0.0000,1.0
2004-10-07,61.55,61.86,59.39,59.56,32.041171960428386,5547800,0.0000,1.0
2004-10-08,59.5,60.39,59.01,59.08,31.782948949330233,3905900,0.0000,1.0
2004-10-11,59.16,59.5,58.8,59.0,31.739911780813877,2688200,0.0000,1.0
2004-10-12,57.3,58.1,57.07,57.15,30.744677258873104,6097600,0.0000,1.0
2004-10-13,57.15,57.34,55.83,56.3,30.2874073433868,5223000,0.0000,1.0
2004-10-14,56.38,56.99,56.03,56.03,30.142156899644096,3904300,0.0000,1.0
2004-10-15,56.28,57.57,56.03,57.35,30.852270180164,6463700,0.0000,1.0
2004-10-18,57.0,57.79,57.0,57.4,30.87916841048672,3307200,0.0000,1.0
2004-10-19,57.4,57.5,55.83,56.0,30.12601796145046,4170800,0.0000,1.0
2004-10-20,55.9,56.05,54.82,55.1,29.641849815641436,6387200,0.0000,1.0
2004-10-21,54.26,54.88,52.28,52.64,28.31845688376343,10637200,0.0000,1.0
2004-10-22,52.4,52.86,51.63,51.85,27.8934648446644,9597700,0.0000,1.0
2004-10-25,51.85,52.0,50.34,50.44,27.13493474956359,6367300,0.0000,1.0
2004-10-26,50.35,52.52,50.35,52.45,28.216243608537084,6071200,0.0000,1.0
2004-10-27,53.75,56.58,53.41,56.2,30.233610882741356,9657400,0.0000,1.0
2004-10-28,56.05,56.3,55.32,56.04,30.14753654570864,5004100,0.0000,1.0
2004-10-29,55.81,56.0,53.96,54.91,29.539636540415085,6141600,0.0000,1.0
2004-11-01,54.91,55.55,54.56,55.15,29.668748045964158,4770400,0.0000,1.0
2004-11-02,54.75,56.23,54.73,55.12,29.652609107770523,5324400,0.0000,1.0
2004-11-03,57.7,58.79,56.0,56.63,30.46493566351678,9225500,0.0000,1.0
2004-11-04,56.88,57.44,56.01,57.32,30.836131241970364,5210900,0.0000,1.0
2004-11-05,57.46,58.2,57.15,57.6,30.98676133177762,4160500,0.0000,1.0
2004-11-08,57.2,57.65,56.5,56.95,30.637084337582213,3422400,0.0000,1.0
2004-11-09,56.95,57.34,56.36,56.53,30.411139202871333,2734800,0.0000,1.0
2004-11-10,56.45,56.47,55.45,55.62,30.112568846289097,3495700,0.3550,1.0
2004-11-11,55.6,56.72,55.2048,55.99,30.31288618669052,2785000,0.0000,1.0
2004-11-12,56.1,56.29,55.07,56.21,30.43199379449677,2678900,0.0000,1.0
2004-11-15,56.15,57.18,56.0,57.18,30.95715006527887,3313900,0.0000,1.0
2004-11-16,57.18,57.44,56.7,56.81,30.75683272487745,4602300,0.0000,1.0
2004-11-17,57.44,57.5,55.78,55.86,30.24250441844137,3409200,0.0000,1.0
2004-11-18,56.3,56.5,56.03,56.4,30.534859455783984,2699600,0.0000,1.0
2004-11-19,56.65,56.65,55.1,55.22,29.896009559368647,3332900,0.0000,1.0
2004-11-22,55.24,56.2,54.7,56.13,30.38868193711268,4176100,0.0000,1.0
2004-11-23,55.92,56.13,53.83,54.63,29.57658461116098,4773700,0.0000,1.0
2004-11-24,54.95,55.25,54.39,54.79,29.66320832592916,2881300,0.0000,1.0
2004-11-26,54.61,55.39,54.54,54.75,29.641552397237113,1044600,0.0000,1.0
2004-11-29,55.25,55.25,53.45,54.32,29.408751163797625,5651100,0.0000,1.0
2004-11-30,54.0,54.42,53.31,53.33,28.8727669286695,3590000,0.0000,1.0
2004-12-01,53.85,54.47,53.7,54.47,29.489960896392795,3534200,0.0000,1.0
2004-12-02,54.47,55.57,54.2,54.79,29.66320832592916,3260200,0.0000,1.0
2004-12-03,54.9,55.35,54.21,54.5,29.50620284291183,2690900,0.0000,1.0
2004-12-06,54.5,54.85,53.87,54.6,29.560342664641944,2665700,0.0000,1.0
2004-12-07,54.61,55.01,53.64,53.66,29.051428340378873,2683000,0.0000,1.0
2004-12-08,54.35,54.56,53.68,54.34,29.41957912814365,3757200,0.0000,1.0
2004-12-09,53.7,54.76,53.42,54.68,29.603654522026034,4457800,0.0000,1.0
2004-12-10,54.77,55.2,54.62,55.04,29.798557880254442,4138500,0.0000,1.0
2004-12-13,55.45,56.14,55.44,56.05,30.345370079728585,4242900,0.0000,1.0
2004-12-14,56.05,57.34,56.05,57.0,30.859698386164666,4593900,0.0000,1.0
2004-12-15,57.2,57.44,56.44,56.72,30.708106885320348,3699900,0.0000,1.0
2004-12-16,56.8,57.82,56.62,57.4,31.076257673085117,4659500,0.0000,1.0
2004-12-17,55.4,56.15,53.36,56.02,30.329128133209554,13640700,0.0000,1.0
2004-12-20,56.06,56.49,55.01,55.3,29.939321416752733,5305200,0.0000,1.0
2004-12-21,55.31,55.81,55.1,55.81,30.215434507576315,4070300,0.0000,1.0
2004-12-22,55.45,56.8,55.45,56.62,30.653967063590233,4181300,0.0000,1.0
2004-12-23,56.47,57.78,56.41,57.26,31.000461922662957,3152300,0.0000,1.0
2004-12-27,57.37,58.01,57.18,57.18,30.95715006527887,2406300,0.0000,1.0
2004-12-28,57.04,57.67,57.01,57.43,31.09249961960415,1916200,0.0000,1.0
2004-12-29,57.12,57.25,56.73,57.25,30.99504794048995,2743200,0.0000,1.0
2004-12-30,57.45,57.75,57.26,57.5,31.13039749481523,2532200,0.0000,1.0
2004-12-31,56.75,57.14,56.7,56.75,30.724348831839382,4178300,0.0000,1.0
2005-01-03,56.77,57.04,56.2,56.25,30.453649723188814,3157300,0.0000,1.0
2005-01-04,56.6,56.84,55.45,55.5,30.047601060212962,4277600,0.0000,1.0
2005-01-05,55.73,56.19,55.5,56.08,30.36161202624762,3393900,0.0000,1.0
2005-01-06,56.0,56.79,55.89,56.53,30.605241224033133,2940100,0.0000,1.0
2005-01-07,56.53,56.7,56.17,56.26,30.459063705361825,2948600,0.0000,1.0
2005-01-10,56.1,57.09,55.9,56.94,30.827214493126597,2908000,0.0000,1.0
2005-01-11,56.94,57.12,56.4,57.03,30.8759403326837,3392100,0.0000,1.0
2005-01-12,57.07,57.83,56.89,57.78,31.28198899565955,4472700,0.0000,1.0
2005-01-13,57.53,57.75,56.41,56.42,30.545687420130008,3659900,0.0000,1.0
2005-01-14,56.35,57.3,56.28,57.25,30.99504794048995,3207400,0.0000,1.0
2005-01-18,57.25,57.68,56.61,57.54,31.152053423507276,3080100,0.0000,1.0
2005-01-19,57.43,57.68,56.96,57.0,30.859698386164666,2463400,0.0000,1.0
2005-01-20,57.0,57.35,56.11,56.43,30.55110140230302,3297300,0.0000,1.0
2005-01-21,56.2,56.32,55.28,55.32,29.950149381098758,3470600,0.0000,1.0
2005-01-24,55.55,55.68,54.84,54.84,29.690278236794217,3075500,0.0000,1.0
2005-01-25,55.35,55.7,54.78,54.85,29.695692218967228,3015800,0.0000,1.0
2005-01-26,56.25,57.17,55.39,55.5,30.047601060212962,6320300,0.0000,1.0
2005-01-27,55.25,55.82,55.05,55.57,30.08549893542404,3915200,0.0000,1.0
2005-01-28,55.35,55.35,52.86,53.58,29.008116482994783,5922500,0.0000,1.0
2005-01-31,53.74,54.7,53.65,54.24,29.365439306413535,4901300,0.0000,1.0
2005-02-01,54.25,54.77,53.85,54.76,29.646966379410124,2690100,0.0000,1.0
2005-02-02,54.62,55.49,54.42,55.14,29.852697701984557,2721700,0.0000,1.0
2005-02-03,55.14,55.2,54.61,54.87,29.70652018331325,3401500,0.0000,1.0
2005-02-04,54.71,55.35,54.5,55.03,29.793143898081432,2220300,0.0000,1.0
2005-02-07,55.28,56.16,55.15,55.74,30.177536632365236,2045600,0.0000,1.0
2005-02-08,55.2,55.6,55.06,55.4,29.993461238482848,2800300,0.0000,1.0
2005-02-09,55.7,56.12,54.58,54.65,29.587412575507,2539100,0.0000,1.0
2005-02-10,54.98,55.0,54.5,54.8,29.66862230810217,1982000,0.0000,1.0
2005-02-11,54.64,56.69,54.6,55.5,30.253332382787402,2713900,0.3800,1.0
2005-02-14,55.95,55.98,55.04,55.4,30.198821873989584,2105300,0.0000,1.0
2005-02-15,55.25,55.9,54.95,55.77,30.400510756541504,3362100,0.0000,1.0
2005-02-16,55.52,55.84,55.04,55.43,30.21517502662893,2534800,0.0000,1.0
2005-02-17,55.29,55.69,55.01,55.13,30.051643500235485,2760300,0.0000,1.0
2005-02-18,55.23,55.23,54.35,54.6,29.762737803607067,4445700,0.0000,1.0
2005-02-22,54.67,55.1,54.5,54.56,29.74093360008794,3842100,0.0000,1.0
2005-02-23,54.7,55.04,54.56,54.83,29.888111973842037,2189200,0.0000,1.0
2005-02-24,54.93,55.19,54.57,55.12,30.0461924493557,2534600,0.0000,1.0
2005-02-25,55.03,55.88,54.94,55.83,30.43321706182019,2425400,0.0000,1.0
2005-02-28,55.86,56.3,55.26,56.0,30.525884926776477,3016200,0.0000,1.0
2005-03-01,56.2,56.64,55.97,56.49,30.79298641988577,2692100,0.0000,1.0
2005-03-02,56.08,57.0,55.87,56.35,30.71667170756883,2889100,0.0000,1.0
2005-03-03,56.6,56.6,55.56,56.15,30.607650689973198,1933300,0.0000,1.0
2005-03-04,56.65,56.9,56.02,56.76,30.94016479363987,3032000,0.0000,1.0
2005-03-07,56.99,57.41,56.82,57.32,31.245423642907635,2819500,0.0000,1.0
2005-03-08,57.28,57.42,56.52,56.74,30.92926269188031,2699900,0.0000,1.0
2005-03-09,56.25,56.37,55.3,55.6,30.307842891585217,4725200,0.0000,1.0
2005-03-10,55.6,55.9,55.17,55.56,30.286038688066093,3238700,0.0000,1.0
2005-03-11,55.72,55.75,54.7,54.85,29.899014075601603,3217300,0.0000,1.0
2005-03-14,54.89,55.0,53.53,53.7,29.27214322442673,5856400,0.0000,1.0
2005-03-15,53.95,54.0,52.65,52.7,28.727038136448577,4783900,0.0000,1.0
2005-03-16,52.74,52.97,51.82,52.12,28.41087718542125,4564800,0.0000,1.0
2005-03-17,52.29,52.7,51.83,52.23,28.470838745098845,3998600,0.0000,1.0
2005-03-18,52.23,52.65,51.65,52.52,28.628919220612513,5215200,0.0000,1.0
2005-03-21,52.52,52.65,51.97,51.98,28.334562473104306,2254100,0.0000,1.0
2005-03-22,51.99,52.48,51.8,51.84,28.25824776078737,3315600,0.0000,1.0
2005-03-23,51.8,53.71,51.65,52.78,28.77064654348683,5705600,0.0000,1.0
2005-03-24,52.81,53.47,52.76,52.9,28.836059154044207,3108000,0.0000,1.0
2005-03-28,52.91,52.92,52.06,52.75,28.754293390847483,3254800,0.0000,1.0
2005-03-29,52.55,52.6,51.32,51.73,28.198286201109767,5910700,0.0000,1.0
2005-03-30,52.45,52.83,52.02,52.77,28.76519549260705,3819200,0.0000,1.0
2005-03-31,52.77,52.77,52.05,52.1,28.399975083661687,2884400,0.0000,1.0
2005-04-01,52.3,52.55,51.09,51.19,27.903929453601567,4281900,0.0000,1.0
2005-04-04,51.52,51.75,51.08,51.33,27.98024416591851,4251800,0.0000,1.0
2005-04-05,51.62,53.3,51.62,53.21,29.005041731317434,4651600,0.0000,1.0
2005-04-06,53.35,53.75,52.81,53.56,29.195828512109788,4341400,0.0000,1.0
2005-04-07,53.24,54.44,53.1,54.0,29.435674750820173,4335400,0.0000,1.0
2005-04-08,54.15,54.67,54.01,54.31,29.604657328093403,4089100,0.0000,1.0
2005-04-11,54.31,54.68,54.01,54.37,29.63736363337209,2860200,0.0000,1.0
2005-04-12,54.05,54.1,52.9,53.82,29.337555834984105,5428200,0.0000,1.0
2005-04-13,53.8,57.9,53.44,57.12,31.136402625312005,17838600,0.0000,1.0
2005-04-14,56.88,57.09,55.15,55.16,30.06799665287483,15798400,0.0000,1.0
2005-04-15,59.0,59.89,57.43,58.07,31.65425245889125,33421300,0.0000,1.0
2005-04-18,58.15,59.22,57.76,59.0,32.16120019071093,12307300,0.0000,1.0
2005-04-19,59.0,59.68,59.0,59.45,32.4064974803011,5896200,0.0000,1.0
2005-04-20,59.25,59.7,58.01,58.02,31.626997204492344,7336300,0.0000,1.0
2005-04-21,58.97,58.99,58.03,58.51,31.894098697601635,5615400,0.0000,1.0
2005-04-22,58.25,58.74,58.02,58.4,31.83413713792404,3968900,0.0000,1.0
2005-04-25,58.53,59.19,58.4,58.77,32.03582602047596,4128300,0.0000,1.0
2005-04-26,58.25,58.99,58.13,58.4,31.83413713792404,3592800,0.0000,1.0
2005-04-27,58.2,58.29,57.21,58.23,31.741469272967752,3413800,0.0000,1.0
2005-04-28,58.23,58.5,57.25,58.0,31.61609510273278,3765300,0.0000,1.0
2005-04-29,58.14,58.47,57.7,58.47,31.87229449408251,4391200,0.0000,1.0
2005-05-02,58.7,59.1,57.93,58.91,32.112140732792895,3552400,0.0000,1.0
2005-05-03,59.0,59.98,58.92,59.75,32.57002900669455,5701800,0.0000,1.0
2005-05-04,59.98,60.47,59.51,60.26,32.8480326015634,5656500,0.0000,1.0
2005-05-05,60.1,60.64,59.78,60.44,32.946151517399464,3436200,0.0000,1.0
2005-05-06,60.57,60.98,60.15,60.18,32.80442419452515,4744800,0.0000,1.0
2005-05-09,60.08,60.08,59.44,59.76,32.575480057574325,3696600,0.0000,1.0
2005-05-10,59.41,59.64,59.08,59.13,32.232063852148094,3303900,0.0000,1.0
2005-05-11,58.41,58.98,58.23,58.75,32.23206385214809,2655700,0.3800,1.0
2005-05-12,59.37,59.7,58.8,59.19,32.473461436742895,2666700,0.0000,1.0
2005-05-13,58.63,59.22,58.21,58.76,32.23755016088888,3003400,0.0000,1.0
2005-05-16,58.93,59.7,58.8,59.4,32.58867392029951,2011500,0.0000,1.0
2005-05-17,59.43,59.62,58.89,59.56,32.67645486015218,1858300,0.0000,1.0
2005-05-18,60.0,60.74,59.92,60.36,33.11535955941547,5411500,0.0000,1.0
2005-05-19,60.61,60.83,59.6,59.94,32.88493459230224,3866200,0.0000,1.0
2005-05-20,59.9,59.9,58.61,58.9,32.31435848325995,5058200,0.0000,1.0
2005-05-23,58.69,59.48,58.35,58.72,32.21560492592572,2943400,0.0000,1.0
2005-05-24,58.05,59.29,58.05,58.62,32.1607418385178,2715500,0.0000,1.0
2005-05-25,58.75,59.05,58.3102,58.7,32.20463230844413,2958400,0.0000,1.0
2005-05-26,58.78,59.46,58.725,59.1,32.42408465807578,2621000,0.0000,1.0
2005-05-27,58.98,59.26,58.55,59.05,32.39665311437182,2330900,0.0000,1.0
2005-05-31,59.06,59.22,58.27,58.3,31.985179958812484,3970200,0.0000,1.0
2005-06-01,58.3,58.77,58.0,58.45,32.06747458992435,3177700,0.0000,1.0
2005-06-02,58.21,58.34,58.0,58.19,31.924830562663782,1737200,0.0000,1.0
2005-06-03,58.13,58.34,57.65,57.65,31.62856989066106,3358800,0.0000,1.0
2005-06-06,57.75,58.23,57.47,57.69,31.650515125624224,2193900,0.0000,1.0
2005-06-07,58.13,58.93,57.65,57.65,31.62856989066106,3272500,0.0000,1.0
2005-06-08,58.0,58.04,57.1,57.37,31.474953245918908,3352200,0.0000,1.0
2005-06-09,57.48,57.75,56.95,57.07,31.310363983695172,3242300,0.0000,1.0
2005-06-10,57.38,57.6,56.74,56.99,31.266473513768844,2319500,0.0000,1.0
2005-06-13,57.01,57.63,56.5,57.3,31.436549084733368,2349900,0.0000,1.0
2005-06-14,57.22,57.99,57.11,57.65,31.62856989066106,2494900,0.0000,1.0
2005-06-15,57.92,57.95,56.82,57.36,31.469466937178115,2178400,0.0000,1.0
2005-06-16,57.78,58.56,57.59,58.36,32.018097811257235,3382800,0.0000,1.0
2005-06-17,58.51,58.98,58.21,58.52,32.10587875110989,3758100,0.0000,1.0
2005-06-20,58.2,58.55,57.77,58.05,31.848022240292703,3087500,0.0000,1.0
2005-06-21,58.05,58.54,57.97,58.12,31.886426401478243,2350100,0.0000,1.0
2005-06-22,58.2,58.51,57.85,58.32,31.99615257629407,2413400,0.0000,1.0
2005-06-23,58.2,58.45,57.52,57.52,31.557247877030775,2511500,0.0000,1.0
2005-06-24,57.4,57.43,56.9,56.91,31.222583043842512,2574400,0.0000,1.0
2005-06-27,56.6,56.97,56.28,56.44,30.964726533025328,2571400,0.0000,1.0
2005-06-28,56.8,56.9,56.09,56.66,31.08542532532273,3142600,0.0000,1.0
2005-06-29,56.82,56.83,56.27,56.3,30.887918210654252,2747900,0.0000,1.0
2005-06-30,56.47,56.49,55.52,55.71,30.564225994947574,4200600,0.0000,1.0
2005-07-01,55.72,55.98,55.21,55.42,30.40512304146463,2667600,0.0000,1.0
2005-07-05,55.14,55.86,55.01,55.72,30.569712303688366,2325900,0.0000,1.0
2005-07-06,55.75,56.14,55.13,55.63,30.520335525021245,2907600,0.0000,1.0
2005-07-07,54.75,55.39,54.75,55.21,30.289910557908016,3977200,0.0000,1.0
2005-07-08,55.42,56.39,55.19,56.25,30.860486666950298,3461600,0.0000,1.0
2005-07-11,56.7,56.73,56.26,56.62,31.06348009035957,2572200,0.0000,1.0
2005-07-12,56.61,56.83,56.06,56.45,30.970212841766124,3740900,0.0000,1.0
2005-07-13,56.26,56.5,56.07,56.38,30.931808680580584,2534700,0.0000,1.0
2005-07-14,56.37,57.0,56.284,56.94,31.239041970064886,2977700,0.0000,1.0
2005-07-15,56.6,57.13,56.42,56.66,31.08542532532273,4452000,0.0000,1.0
2005-07-18,56.63,56.88,56.24,56.8,31.16223364769381,1961400,0.0000,1.0
2005-07-19,57.15,57.3,56.62,56.72,31.118343177767482,2879100,0.0000,1.0
2005-07-20,56.83,57.4,56.66,57.26,31.414603849770202,2964600,0.0000,1.0
2005-07-21,56.26,56.82,56.0,56.25,30.860486666950298,6380400,0.0000,1.0
2005-07-22,55.75,55.99,54.79,55.0,30.1746980743514,6476600,0.0000,1.0
2005-07-25,55.15,55.28,54.51,54.75,30.037540355831624,3821500,0.0000,1.0
2005-07-26,54.93,55.0,54.35,54.36,29.823574314940767,2549400,0.0000,1.0
2005-07-27,54.4,55.14,54.37,54.91,30.12532129568428,3047000,0.0000,1.0
2005-07-28,55.35,55.78,54.98,55.44,30.41609565894621,2903400,0.0000,1.0
2005-07-29,55.97,56.51,55.9,56.32,30.898890828135837,5133200,0.0000,1.0
2005-08-01,56.33,57.0,56.3,56.69,31.10188425154511,4310100,0.0000,1.0
2005-08-02,56.2,56.28,55.7,56.01,30.72881525717131,7288000,0.0000,1.0
2005-08-03,55.55,55.75,54.56,54.94,30.141780221906654,6182200,0.0000,1.0
2005-08-04,54.75,54.94,53.76,53.9,29.571204112864372,5871800,0.0000,1.0
2005-08-05,53.94,53.98,53.0,53.45,29.324320219528772,5420700,0.0000,1.0
2005-08-08,53.46,53.59,52.84,53.1,29.132299413601082,3809100,0.0000,1.0
2005-08-09,53.25,54.08,53.16,53.84,29.53828626041963,3490500,0.0000,1.0
2005-08-10,54.02,54.41,53.68,53.9,29.571204112864372,3459200,0.0000,1.0
2005-08-11,53.87,53.87,53.5,53.64,29.63703981775387,3211800,0.3800,1.0
2005-08-12,53.36,53.67,53.21,53.41,29.509960787961113,2238900,0.0000,1.0
2005-08-15,53.45,53.54,53.0,53.05,29.311054480459408,2237600,0.0000,1.0
2005-08-16,53.13,53.23,52.63,52.73,29.13424887379123,3796600,0.0000,1.0
2005-08-17,52.65,53.22,52.35,52.78,29.161874749833135,3847000,0.0000,1.0
2005-08-18,52.56,52.65,51.98,52.52,29.01822019441524,3944500,0.0000,1.0
2005-08-19,53.1,53.12,52.45,52.57,29.045846070457138,3906700,0.0000,1.0
2005-08-22,52.8,53.19,52.32,52.71,29.12319852337447,3117400,0.0000,1.0
2005-08-23,53.5,54.13,53.2,53.72,29.681241219420915,8028400,0.0000,1.0
2005-08-24,53.82,54.05,53.2,53.39,29.498910437544353,4620200,0.0000,1.0
2005-08-25,53.21,53.62,53.06,53.5,29.55968736483654,3425200,0.0000,1.0
2005-08-26,53.5,53.66,52.8,53.41,29.509960787961113,4038700,0.0000,1.0
2005-08-29,53.42,54.18,53.22,54.04,29.858046826089097,3023100,0.0000,1.0
2005-08-30,53.9,54.1,53.55,54.07,29.874622351714237,3803600,0.0000,1.0
2005-08-31,54.07,55.07,54.0,55.02,30.399513996510404,5710800,0.0000,1.0
2005-09-01,54.74,54.97,54.18,54.51,30.117730060882987,3396800,0.0000,1.0
2005-09-02,54.8,54.98,54.45,54.75,30.250334265884124,2571200,0.0000,1.0
2005-09-06,55.0,55.63,54.94,55.63,30.73654968422162,2755300,0.0000,1.0
2005-09-07,55.64,56.36,55.53,56.36,31.139887474433408,3631400,0.0000,1.0
2005-09-08,56.0,56.64,55.87,56.45,31.189614051308837,3879100,0.0000,1.0
2005-09-09,56.59,56.94,56.27,56.72,31.338793781935113,2114500,0.0000,1.0
2005-09-12,56.58,57.09,56.53,56.95,31.46587281172787,2292400,0.0000,1.0
2005-09-13,56.65,56.65,55.43,55.52,30.675772756929437,3936500,0.0000,1.0
2005-09-14,55.6,55.96,55.15,55.45,30.63709653047077,2627600,0.0000,1.0
2005-09-15,55.45,55.5318,54.74,54.91,30.33873706921821,2753200,0.0000,1.0
2005-09-16,55.08,55.25,54.9,55.2,30.498967150261254,6656400,0.0000,1.0
2005-09-19,54.95,55.0,54.46,54.76,30.255859441092504,3310100,0.0000,1.0
2005-09-20,54.72,54.87,54.09,54.1,29.89119787733938,4745800,0.0000,1.0
2005-09-21,53.7,54.16,53.58,53.69,29.664665693795772,3911400,0.0000,1.0
2005-09-22,53.68,54.25,53.67,53.95,29.808320249213672,3572700,0.0000,1.0
2005-09-23,54.0,54.21,53.65,53.79,29.71991744587958,2082100,0.0000,1.0
2005-09-26,54.0,54.4,52.62,53.29,29.443658685460548,4467400,0.0000,1.0
2005-09-27,53.29,53.79,52.98,53.57,29.598363591295204,3196700,0.0000,1.0
2005-09-28,53.45,53.97,53.18,53.47,29.5431118392114,3780500,0.0000,1.0
2005-09-29,53.5,54.35,53.25,54.29,29.996176206298614,3882200,0.0000,1.0
2005-09-30,53.93,54.0,53.4,53.52,29.570737715253305,4593000,0.0000,1.0
2005-10-03,53.4,53.9,52.85,52.93,29.244752377958843,3111300,0.0000,1.0
2005-10-04,52.88,53.9,52.85,53.61,29.620464292128727,4017500,0.0000,1.0
2005-10-05,53.61,54.25,53.54,53.75,29.697816745046058,4561000,0.0000,1.0
2005-10-06,53.73,54.4,53.54,54.01,29.841471300463954,6577400,0.0000,1.0
2005-10-07,54.0,54.1,53.32,53.41,29.509960787961113,4114400,0.0000,1.0
2005-10-10,53.15,53.27,52.47,52.92,29.239227202750463,3601800,0.0000,1.0
2005-10-11,52.73,52.95,52.1,52.12,28.797213186080008,4292000,0.0000,1.0
2005-10-12,52.34,52.74,51.9391,52.18,28.830364237330294,4044200,0.0000,1.0
2005-10-13,51.6,52.84,51.52,52.54,29.029270544831995,4638400,0.0000,1.0
2005-10-14,52.4,53.22,52.0,52.62,29.07347194649904,3397700,0.0000,1.0
2005-10-17,52.3,52.36,51.35,51.53,28.47122784878555,8623700,0.0000,1.0
2005-10-18,51.0,52.05,51.0,51.63,28.526479600869358,6137400,0.0000,1.0
2005-10-19,51.25,51.64,51.09,51.6,28.509904075244215,6039500,0.0000,1.0
2005-10-20,51.5,51.85,50.95,51.25,28.316522942950893,7670700,0.0000,1.0
2005-10-21,51.68,51.7,50.48,50.7,28.012638306489958,6064300,0.0000,1.0
2005-10-24,50.7,51.07,50.5,50.78,28.056839708157,7370500,0.0000,1.0
2005-10-25,50.77,50.78,49.8775,50.31,27.79715647336311,7503000,0.0000,1.0
2005-10-26,50.55,50.74,50.35,50.4,27.846883050238535,4830000,0.0000,1.0
2005-10-27,50.5,50.56,49.97,50.0,27.625876041903307,2975600,0.0000,1.0
2005-10-28,50.3,50.51,49.84,49.99,27.62035086669493,5316100,0.0000,1.0
2005-10-31,50.22,50.26,49.7,49.79,27.509847362527314,6899700,0.0000,1.0
2005-11-01,49.89,50.18,49.75,49.76,27.49327183690217,5187000,0.0000,1.0
2005-11-02,49.8,50.04,49.7,49.9,27.570624289819502,3032500,0.0000,1.0
2005-11-03,50.1,50.57,49.85,50.16,27.7142788452374,3443200,0.0000,1.0
2005-11-04,50.37,50.94,50.21,50.83,28.084465584198902,3484400,0.0000,1.0
2005-11-07,50.99,51.32,50.76,51.1,28.233645314825182,3678600,0.0000,1.0
2005-11-08,51.12,51.95,50.99,51.68,28.55410547691126,5466300,0.0000,1.0
2005-11-09,51.81,52.2,51.5,52.03,28.747486609204582,4241400,0.0000,1.0
2005-11-10,51.75,51.9,51.12,51.4,28.609357228995066,3910000,0.3800,1.0
2005-11-11,51.4,51.63,50.6,50.98,28.37558427109277,3137100,0.0000,1.0
2005-11-14,52.0,52.0,50.139,50.21,27.947000514938566,3185000,0.0000,1.0
2005-11-15,50.2,50.55,50.14,50.44,28.075019039504106,2565200,0.0000,1.0
2005-11-16,50.36,50.4,49.73,49.8,27.718793579843467,3817800,0.0000,1.0
2005-11-17,49.82,50.08,49.47,49.76,27.69652948861468,4004900,0.0000,1.0
2005-11-18,50.74,50.75,49.65,50.34,28.019358811432134,3984000,0.0000,1.0
2005-11-21,50.25,50.87,50.14,50.74,28.241999723720035,2826900,0.0000,1.0
2005-11-22,50.4,50.73,50.15,50.62,28.17520745003366,3187800,0.0000,1.0
2005-11-23,50.44,51.15,50.37,50.85,28.303225974599204,2847900,0.0000,1.0
2005-11-25,50.94,51.0,50.5,50.54,28.13067926757608,1234800,0.0000,1.0
2005-11-28,50.65,50.68,50.08,50.2,27.94143449213137,3447700,0.0000,1.0
2005-11-29,50.4,50.67,50.01,50.05,27.857944150023403,3316500,0.0000,1.0
2005-11-30,50.25,50.74,50.19,50.5,28.108415176347293,4093700,0.0000,1.0
2005-12-01,50.8,51.94,50.75,51.5,28.66501745706704,5703800,0.0000,1.0
2005-12-02,51.5,51.8299,51.2,51.57,28.703979616717422,3676500,0.0000,1.0
2005-12-05,51.43,51.74,50.95,51.47,28.648319388645447,3315100,0.0000,1.0
2005-12-06,51.52,52.25,51.44,52.19,29.049073030763665,4333500,0.0000,1.0
2005-12-07,52.0,53.2,51.9,52.95,29.47209076411068,5542000,0.0000,1.0
2005-12-08,52.95,52.95,51.75,52.21,29.060205076378065,5048400,0.0000,1.0
2005-12-09,54.4,55.0,53.31,53.41,29.72812781324176,10893900,0.0000,1.0
2005-12-12,53.9,54.64,53.72,54.47,30.318126230804694,5061900,0.0000,1.0
2005-12-13,54.8,55.81,54.73,55.7,31.002747036089985,5983600,0.0000,1.0
2005-12-14,55.55,56.29,55.5,55.96,31.14746362907712,4802600,0.0000,1.0
2005-12-15,56.15,56.46,56.0,56.28,31.32557635890744,4769200,0.0000,1.0
2005-12-16,56.65,56.9,56.6,56.66,31.53708522558094,5681100,0.0000,1.0
2005-12-19,57.65,58.25,57.3,57.59,32.05472534665031,7515600,0.0000,1.0
2005-12-20,57.65,57.75,56.94,57.02,31.737462046640054,4233800,0.0000,1.0
2005-12-21,57.5,57.74,57.0,57.0,31.72633000102566,3537500,0.0000,1.0
2005-12-22,56.95,57.33,56.88,57.12,31.793122274712026,2874400,0.0000,1.0
2005-12-23,56.9,57.85,56.79,57.7,32.11595159752948,3199300,0.0000,1.0
2005-12-27,57.7,58.04,57.58,57.81,32.177177848408654,3129300,0.0000,1.0
2005-12-28,57.8,57.97,57.39,57.75,32.14378171156547,2672600,0.0000,1.0
2005-12-29,57.73,57.99,57.24,57.46,31.982367050156743,2599400,0.0000,1.0
2005-12-30,56.96,57.0,56.51,56.59,31.498123065930564,2958800,0.0000,1.0
2006-01-03,57.19,57.59,56.15,57.36,31.926706822084768,3957400,0.0000,1.0
2006-01-04,57.48,57.75,56.88,57.08,31.770858183483238,3960200,0.0000,1.0
2006-01-05,57.35,57.44,56.89,57.39,31.94340489050636,3140600,0.0000,1.0
2006-01-06,57.7,58.12,57.09,57.82,32.18274387121585,3119300,0.0000,1.0
2006-01-09,57.88,58.86,57.74,58.58,32.60576160456286,2952400,0.0000,1.0
2006-01-10,58.45,59.0,57.58,58.18,32.38312069227496,3468500,0.0000,1.0
2006-01-11,58.35,58.35,57.61,58.18,32.38312069227496,1910500,0.0000,1.0
2006-01-12,58.28,58.69,57.57,57.95,32.25510216770942,2706000,0.0000,1.0
2006-01-13,58.1,58.5,57.8,57.95,32.25510216770942,3182900,0.0000,1.0
2006-01-17,57.55,57.95,57.11,57.27,31.87661261681999,3369200,0.0000,1.0
2006-01-18,57.22,57.22,56.6,56.98,31.71519795541126,3160600,0.0000,1.0
2006-01-19,57.4,57.81,56.82,57.18,31.826518411555213,3610600,0.0000,1.0
2006-01-20,57.15,57.36,56.71,56.9,31.670669772953683,5040100,0.0000,1.0
2006-01-23,57.08,57.55,56.51,57.21,31.843216479976807,3364600,0.0000,1.0
2006-01-24,57.52,57.9,56.73,57.11,31.787556251904828,3718400,0.0000,1.0
2006-01-25,57.35,57.79,57.15,57.17,31.820952388748015,4855800,0.0000,1.0
2006-01-26,57.5,57.65,56.9,56.93,31.687367841375274,6852500,0.0000,1.0
2006-01-27,56.79,57.7,56.73,57.55,32.03246125542152,6860800,0.0000,1.0
2006-01-30,57.66,57.83,57.21,57.37,31.932272844891962,3114400,0.0000,1.0
2006-01-31,57.15,57.17,56.0,56.62,31.51482113435215,6509300,0.0000,1.0
2006-02-01,56.34,57.0,56.02,56.89,31.665103750146486,4030600,0.0000,1.0
2006-02-02,56.8,57.13,56.12,56.3,31.336708404521833,3407900,0.0000,1.0
2006-02-03,55.94,56.36,55.7,55.86,31.091803401005144,4062200,0.0000,1.0
2006-02-06,55.75,55.85,55.09,55.42,30.846898397488456,2785700,0.0000,1.0
2006-02-07,55.25,55.565,54.6,54.98,30.601993393971764,3169500,0.0000,1.0
2006-02-08,54.84,55.88,54.84,55.7,31.002747036089985,2623200,0.0000,1.0
2006-02-09,55.7,56.83,55.55,56.3,31.336708404521833,5236500,0.0000,1.0
2006-02-10,56.44,56.6,55.75,55.78,31.047275218547565,3018200,0.0000,1.0
2006-02-13,55.78,55.82,54.9,55.35,31.030577150125968,2859100,0.4000,1.0
2006-02-14,55.53,55.8,54.82,55.48,31.103458361138003,4020100,0.0000,1.0
2006-02-15,55.63,56.35,55.25,56.02,31.406195699188018,2672600,0.0000,1.0
2006-02-16,56.03,56.44,55.43,56.36,31.596808097219505,3050700,0.0000,1.0
2006-02-17,55.5,56.5,55.5,55.84,31.305283253171346,2872700,0.0000,1.0
2006-02-21,55.68,56.1,55.45,55.5,31.11467085513986,2678400,0.0000,1.0
2006-02-22,55.8,56.29,55.63,56.1,31.451045675195424,2446800,0.0000,1.0
2006-02-23,55.89,55.97,55.45,55.93,31.355739476179682,2612000,0.0000,1.0
2006-02-24,56.15,56.3,55.81,56.02,31.406195699188018,2495400,0.0000,1.0
2006-02-27,56.21,57.07,55.91,56.73,31.804239236253768,2480300,0.0000,1.0
2006-02-28,56.76,56.9,55.45,55.62,31.18194581915097,4674700,0.0000,1.0
2006-03-01,55.37,55.94,54.85,55.89,31.333314488175976,3502800,0.0000,1.0
2006-03-02,55.89,56.03,55.58,55.75,31.25482703016301,2350000,0.0000,1.0
2006-03-03,55.5,56.37,55.4,55.71,31.232402042159308,2319800,0.0000,1.0
2006-03-06,56.0,56.8,55.78,56.49,31.669689308231543,4022900,0.0000,1.0
2006-03-07,56.49,56.99,56.4,56.61,31.736964272242655,3413200,0.0000,1.0
2006-03-08,56.5,57.51,56.47,57.36,32.15743279731211,4251000,0.0000,1.0
2006-03-09,57.26,57.9,56.86,57.08,32.00045788128618,3366400,0.0000,1.0
2006-03-10,57.46,57.6,56.9,57.25,32.095764080301926,3524300,0.0000,1.0
2006-03-13,57.53,57.65,57.08,57.24,32.090157833301,2406300,0.0000,1.0
2006-03-14,57.07,57.72,56.85,57.55,32.26395149032971,3543700,0.0000,1.0
2006-03-15,57.3,57.4,56.45,56.97,31.938789164275995,4035800,0.0000,1.0
2006-03-16,57.22,57.38,56.78,57.23,32.08455158630007,2526400,0.0000,1.0
2006-03-17,57.52,57.55,56.9426,57.09,32.00606412828711,3432600,0.0000,1.0
2006-03-20,57.79,57.9695,57.36,57.42,32.19107027931767,3008100,0.0000,1.0
2006-03-21,57.7,57.85,57.26,57.31,32.129401562307486,2847700,0.0000,1.0
2006-03-22,57.75,58.68,57.59,58.49,32.79093870841676,3656800,0.0000,1.0
2006-03-23,58.28,58.37,57.6,58.04,32.538657593375085,2720900,0.0000,1.0
2006-03-24,58.45,59.24,58.32,58.86,32.99836984745103,4281800,0.0000,1.0
2006-03-27,58.86,58.97,58.21,58.67,32.89185115443343,3190700,0.0000,1.0
2006-03-28,57.19,57.7,56.0,56.38,31.608020591221358,7624500,0.0000,1.0
2006-03-29,56.08,56.32,55.25,56.32,31.5743831092158,6317400,0.0000,1.0
2006-03-30,56.1,56.7,55.64,56.05,31.423014440190794,3525300,0.0000,1.0
2006-03-31,56.02,56.265,55.2,55.3,31.002545915121335,5139100,0.0000,1.0
2006-04-03,55.31,55.9,55.06,55.24,30.968908433115782,3928500,0.0000,1.0
2006-04-04,55.0,55.42,54.64,55.16,30.92405845710837,5302500,0.0000,1.0
2006-04-05,55.41,55.63,54.66,54.87,30.761477294081512,4407100,0.0000,1.0
2006-04-06,55.0,55.2,54.27,54.48,30.542833661045396,3791500,0.0000,1.0
2006-04-07,54.25,54.41,53.36,53.54,30.015846442958342,4515400,0.0000,1.0
2006-04-10,53.6,53.73,53.06,53.37,29.920540243942597,2486700,0.0000,1.0
2006-04-11,53.49,53.5,52.65,53.1,29.769171574917596,4454100,0.0000,1.0
2006-04-12,52.78,53.61,52.5,53.42,29.94857147894723,3200100,0.0000,1.0
2006-04-13,53.25,53.35,52.88,53.27,29.86447777393334,2174200,0.0000,1.0
2006-04-17,53.32,53.32,52.43,53.01,29.718715351909257,3131500,0.0000,1.0
2006-04-18,54.75,54.8,53.95,54.5,30.55404615504725,7040700,0.0000,1.0
2006-04-19,54.79,54.79,54.3,54.65,30.638139860061138,4099900,0.0000,1.0
2006-04-20,54.65,54.75,53.0,53.62,30.06069641896575,6309600,0.0000,1.0
2006-04-21,53.7,53.7,52.64,52.93,29.67386537590185,5496700,0.0000,1.0
2006-04-24,52.83,53.23,52.06,52.56,29.466434236867585,3766800,0.0000,1.0
2006-04-25,52.82,52.82,51.97,52.21,29.27021559183517,2311600,0.0000,1.0
2006-04-26,52.48,52.66,52.05,52.24,29.28703433283795,2697800,0.0000,1.0
2006-04-27,51.88,53.03,50.92,52.75,29.57295292988518,3522100,0.0000,1.0
2006-04-28,52.65,53.2,52.39,52.92,29.668259128900925,5074700,0.0000,1.0
2006-05-01,52.51,52.95,52.13,52.3,29.320671814843504,3264700,0.0000,1.0
2006-05-02,52.2,52.35,51.88,51.93,29.11324067580924,3541800,0.0000,1.0
2006-05-03,51.96,52.23,51.85,51.96,29.13005941681202,3703600,0.0000,1.0
2006-05-04,52.28,52.3,51.03,52.02,29.163696898817577,7296600,0.0000,1.0
2006-05-05,52.42,53.05,52.04,52.94,29.679471622902774,3183900,0.0000,1.0
2006-05-08,52.65,53.32,52.51,52.91,29.662652881899998,5091300,0.0000,1.0
2006-05-09,52.75,52.84,51.96,52.19,29.259003097833318,3852000,0.0000,1.0
2006-05-10,52.39,52.52,51.77,52.06,29.18612188682128,5319400,0.0000,1.0
2006-05-11,51.46,51.99,51.05,51.12,28.883384548771264,6208300,0.4000,1.0
2006-05-12,51.1,51.47,50.26,50.44,28.499176773083384,5770400,0.0000,1.0
2006-05-15,50.5,51.81,50.45,51.77,29.250641981414095,5137100,0.0000,1.0
2006-05-16,51.92,52.2,51.0,51.8,29.267592324459144,2970400,0.0000,1.0
2006-05-17,51.45,52.0,50.65,51.0,28.81558317659105,4560700,0.0000,1.0
2006-05-18,50.92,51.42,50.66,50.76,28.67998043223062,2728900,0.0000,1.0
2006-05-19,51.05,51.1,50.52,51.01,28.821233290939404,3808400,0.0000,1.0
2006-05-22,50.6,51.3,50.6,50.66,28.62347928874711,3154000,0.0000,1.0
2006-05-23,50.51,50.69,50.19,50.41,28.48222643003833,3252700,0.0000,1.0
2006-05-24,50.43,50.95,50.3,50.74,28.668680203533924,4289700,0.0000,1.0
2006-05-25,50.88,51.72,50.74,51.62,29.165890266188825,4321600,0.0000,1.0
2006-05-26,51.98,52.5,51.91,52.27,29.533147698831655,2989000,0.0000,1.0
2006-05-30,52.2,52.5,51.29,51.44,29.0641882079185,3169400,0.0000,1.0
2006-05-31,51.54,51.72,51.02,51.64,29.17719049488553,3547100,0.0000,1.0
2006-06-01,51.62,52.06,51.18,51.99,29.37494449707782,3185900,0.0000,1.0
2006-06-02,51.95,52.44,51.77,52.03,29.397544954471226,3368000,0.0000,1.0
2006-06-05,51.9,51.98,51.25,51.35,29.013337178783345,3717500,0.0000,1.0
2006-06-06,51.6,51.66,50.83,51.15,28.900334891816318,3745700,0.0000,1.0
2006-06-07,51.16,51.93,51.05,51.71,29.21674129532399,3955300,0.0000,1.0
2006-06-08,51.4,51.81,50.89,51.76,29.244991867065742,5038800,0.0000,1.0
2006-06-09,51.75,52.09,51.45,51.94,29.346693925336062,2365400,0.0000,1.0
2006-06-12,52.02,52.36,51.56,51.61,29.160240151840476,3112300,0.0000,1.0
2006-06-13,51.8,52.24,51.54,51.61,29.160240151840476,3847000,0.0000,1.0
2006-06-14,52.25,53.41,52.0,53.17,30.04165799018326,6665000,0.0000,1.0
2006-06-15,53.53,54.14,53.33,54.05,30.53886805283816,4846100,0.0000,1.0
2006-06-16,53.92,54.421,53.9,54.25,30.65187033980519,4044700,0.0000,1.0
2006-06-19,54.48,54.57,54.25,54.49,30.78747308416562,3272100,0.0000,1.0
2006-06-20,54.45,55.08,54.4,54.89,31.013477658099664,3745100,0.0000,1.0
2006-06-21,54.7,54.99,54.52,54.73,30.923075828526045,3382000,0.0000,1.0
2006-06-22,54.75,54.86,54.34,54.59,30.84397422764913,2529600,0.0000,1.0
2006-06-23,54.35,54.435,53.8,54.3,30.680120911546943,2652600,0.0000,1.0
2006-06-26,54.09,54.39,53.83,54.39,30.730971940682107,1951900,0.0000,1.0
2006-06-27,54.24,54.24,53.22,53.47,30.211161420633793,3313900,0.0000,1.0
2006-06-28,53.5,53.78,53.25,53.44,30.19421107758874,2317300,0.0000,1.0
2006-06-29,53.6,54.71,53.5,54.53,30.81007354155902,3866900,0.0000,1.0
2006-06-30,54.54,55.66,54.4,55.27,31.22818200333701,4833000,0.0000,1.0
2006-07-03,55.42,56.3,55.27,55.68,31.459836691619408,1312600,0.0000,1.0
2006-07-05,56.0,56.672,56.0,56.22,31.76494286643037,5506200,0.0000,1.0
2006-07-06,56.1,56.83,56.1,56.67,32.01919801210617,2662500,0.0000,1.0
2006-07-07,56.67,56.97,56.02,56.24,31.776243095127075,2356100,0.0000,1.0
2006-07-10,56.36,56.55,55.97,56.27,31.79319343817213,1547500,0.0000,1.0
2006-07-11,55.89,56.21,55.36,55.93,31.601089550328187,2715500,0.0000,1.0
2006-07-12,56.14,56.3,55.5,55.62,31.425936005529298,1804500,0.0000,1.0
2006-07-13,55.87,55.94,54.57,54.88,31.007827543751315,3619300,0.0000,1.0
2006-07-14,54.62,55.26,54.31,54.56,30.827023884604078,3346600,0.0000,1.0
2006-07-17,54.61,55.16,54.0,54.8,30.9626266289645,2938700,0.0000,1.0
2006-07-18,54.63,55.2,54.33,54.97,31.05867857288647,2287600,0.0000,1.0
2006-07-19,55.06,56.54,55.0,56.08,31.685841265553453,4101700,0.0000,1.0
2006-07-20,56.3,56.88,56.2,56.26,31.787543323823776,2591200,0.0000,1.0
2006-07-21,56.29,56.29,54.27,54.65,30.877874913739234,8222200,0.0000,1.0
2006-07-24,54.69,56.44,54.51,56.01,31.646290465114994,4400300,0.0000,1.0
2006-07-25,56.52,56.52,55.52,55.55,31.38638520509084,5980900,0.0000,1.0
2006-07-26,55.25,55.73,55.0,55.52,31.36943486204579,3714200,0.0000,1.0
2006-07-27,55.77,55.92,55.25,55.66,31.448536462922704,2258100,0.0000,1.0
2006-07-28,55.99,57.18,55.9,56.91,32.1548007564666,4038300,0.0000,1.0
2006-07-31,56.55,56.84,56.38,56.77,32.07569915558969,2980400,0.0000,1.0
2006-08-01,56.4,56.68,55.91,56.29,31.80449366686883,2742800,0.0000,1.0
2006-08-02,56.63,57.47,56.07,56.93,32.166100985163304,3771900,0.0000,1.0
2006-08-03,56.81,57.44,56.5664,56.64,32.00224766906112,2470100,0.0000,1.0
2006-08-04,56.7,57.49,55.94,56.27,31.79319343817213,3157400,0.0000,1.0
2006-08-07,56.39,56.39,55.15,55.58,31.403335548135896,3235300,0.0000,1.0
2006-08-08,55.8,55.82,55.01,55.15,31.160380631156794,2725400,0.0000,1.0
2006-08-09,55.44,56.06,54.85,55.0,31.075628915931528,3701100,0.0000,1.0
2006-08-10,55.08,55.51,54.75,54.89,31.013477658099664,3845800,0.0000,1.0
2006-08-11,54.82,54.87,53.83,54.36,30.9400261715711,2738300,0.4000,1.0
2006-08-14,54.56,54.89,54.31,54.42,30.974176310833318,2694600,0.0000,1.0
2006-08-15,55.12,55.48,54.81,55.29,31.469353330135505,2718200,0.0000,1.0
2006-08-16,55.73,55.87,55.44,55.56,31.623028956815496,2322500,0.0000,1.0
2006-08-17,55.36,56.09,55.24,55.95,31.845004862019923,2972600,0.0000,1.0
2006-08-18,55.1,55.16,53.93,55.03,31.321369393332553,6831300,0.0000,1.0
2006-08-21,55.0,55.29,54.66,54.88,31.235994045177005,2789800,0.0000,1.0
2006-08-22,54.75,54.98,54.4,54.98,31.29291094394737,2566300,0.0000,1.0
2006-08-23,55.18,55.46,54.77,55.05,31.332752773086625,2418500,0.0000,1.0
2006-08-24,55.4,55.52,54.95,55.24,31.440894880750324,2289400,0.0000,1.0
2006-08-25,54.92,55.1,54.65,55.06,31.338444462963665,2255000,0.0000,1.0
2006-08-28,54.99,56.25,54.99,55.84,31.782396273372523,2783800,0.0000,1.0
2006-08-29,55.97,56.4,55.9,56.11,31.936071900052507,3289200,0.0000,1.0
2006-08-30,56.11,56.31,55.79,56.06,31.907613450667327,3539300,0.0000,1.0
2006-08-31,56.15,56.19,55.93,55.93,31.833621482265848,2628600,0.0000,1.0
2006-09-01,56.0,56.19,55.58,56.0,31.873463311405107,3722400,0.0000,1.0
2006-09-05,56.22,56.24,55.43,55.72,31.71409599484808,2510300,0.0000,1.0
2006-09-06,55.5,55.53,54.96,55.38,31.520578539028836,2813900,0.0000,1.0
2006-09-07,55.38,55.44,54.72,54.87,31.230302355299965,2080100,0.0000,1.0
2006-09-08,55.07,55.52,54.65,55.26,31.452278260504393,2339300,0.0000,1.0
2006-09-11,54.9,55.22,53.97,54.26,30.88310927280073,7760100,0.0000,1.0
2006-09-12,54.85,55.56,54.71,55.15,31.389669671856993,7589300,0.0000,1.0
2006-09-13,55.39,55.63,54.9,55.21,31.423819811119213,4589700,0.0000,1.0
2006-09-14,54.8,55.18,54.8,54.99,31.29860263382441,4584300,0.0000,1.0
2006-09-15,55.24,55.49,54.47,54.8,31.19046052616071,18261400,0.0000,1.0
2006-09-18,54.78,55.36,54.78,55.15,31.389669671856993,4754500,0.0000,1.0
2006-09-19,55.3,55.3,54.7,55.02,31.315677703455517,3144800,0.0000,1.0
2006-09-20,55.4,56.05,55.08,55.75,31.73117106447919,4909800,0.0000,1.0
2006-09-21,56.2,56.61,55.81,55.97,31.856388241773995,4653100,0.0000,1.0
2006-09-22,55.7,55.99,55.4,55.93,31.833621482265848,2513100,0.0000,1.0
2006-09-25,56.1,56.83,55.73,56.58,32.20358132427323,4091400,0.0000,1.0
2006-09-26,56.7,57.06,56.2,56.85,32.35725695095322,4049900,0.0000,1.0
2006-09-27,56.62,57.2,56.59,57.01,32.448323988985805,3003700,0.0000,1.0
2006-09-28,57.31,57.35,56.73,57.32,32.62476637517394,2709800,0.0000,1.0
2006-09-29,56.0,57.25,55.78,57.0,32.442632299108766,6465300,0.0000,1.0
2006-10-02,56.81,57.14,56.51,56.79,32.323106811691,3143500,0.0000,1.0
2006-10-03,56.8,57.24,56.56,56.69,32.26618991292063,2891200,0.0000,1.0
2006-10-04,56.5,57.94,56.5,57.6,32.784133691730965,6750400,0.0000,1.0
2006-10-05,57.6,57.9,57.19,57.76,32.87520072976355,3671800,0.0000,1.0
2006-10-06,57.46,57.68,57.08,57.56,32.76136693222282,3339200,0.0000,1.0
2006-10-09,57.39,57.73,57.28,57.51,32.73290848283764,1518000,0.0000,1.0
2006-10-10,57.39,57.56,56.82,57.25,32.584924546034685,2821600,0.0000,1.0
2006-10-11,57.08,57.24,56.73,57.06,32.47678243837099,3794300,0.0000,1.0
2006-10-12,57.06,57.75,57.0,57.55,32.75567524234578,4319400,0.0000,1.0
2006-10-13,57.23,57.45,57.02,57.37,32.653224824559125,2776600,0.0000,1.0
2006-10-16,57.37,57.83,57.25,57.66,32.81828383099318,2493300,0.0000,1.0
2006-10-17,57.46,58.0,57.02,57.55,32.75567524234578,3237000,0.0000,1.0
2006-10-18,57.74,58.48,57.68,58.25,33.15409353373835,4699800,0.0000,1.0
2006-10-19,57.25,58.22,56.82,57.49,32.721525103083565,6121600,0.0000,1.0
2006-10-20,57.46,57.52,56.52,57.24,32.579232856157645,4776100,0.0000,1.0
2006-10-23,56.87,58.05,56.75,57.91,32.9605760779191,3885100,0.0000,1.0
2006-10-24,57.55,57.83,57.38,57.78,32.88658410951763,3748200,0.0000,1.0
2006-10-25,57.74,57.9,57.27,57.49,32.721525103083565,3309300,0.0000,1.0
2006-10-26,57.22,57.75,56.81,57.29,32.60769130554283,3936400,0.0000,1.0
2006-10-27,56.9,57.35,56.59,57.03,32.45970736873988,4214000,0.0000,1.0
2006-10-30,56.91,57.12,56.3,56.32,32.05559738747028,3780700,0.0000,1.0
2006-10-31,56.59,56.6584,55.94,56.01,31.87915500128214,3847000,0.0000,1.0
2006-11-01,55.95,56.34,55.64,55.99,31.86777162152807,5348100,0.0000,1.0
2006-11-02,56.0,56.64,55.95,56.37,32.08405583685546,5291100,0.0000,1.0
2006-11-03,56.2,56.44,55.95,56.08,31.9189968304214,3159700,0.0000,1.0
2006-11-06,56.08,56.71,55.89,56.67,32.25480653316656,3601000,0.0000,1.0
2006-11-07,56.75,57.48,56.52,56.98,32.431248919354694,5023700,0.0000,1.0
2006-11-08,56.45,56.71,55.72,56.48,32.14666442550286,5708300,0.0000,1.0
2006-11-09,56.31,56.35,54.59,54.87,31.230302355299965,11254400,0.0000,1.0
2006-11-10,54.87,55.09,53.94,54.14,30.814808994276294,5895200,0.0000,1.0
2006-11-13,53.87,54.44,53.61,54.06,30.99694307034147,5647000,0.4000,1.0
2006-11-14,54.23,54.23,53.36,53.85,30.87653319159985,7396500,0.0000,1.0
2006-11-15,54.0,54.58,53.81,54.37,31.174690986579087,6522900,0.0000,1.0
2006-11-16,53.7,54.8,53.7,54.56,31.283633257821503,5852800,0.0000,1.0
2006-11-17,54.56,55.0,54.3,54.55,31.2778994540719,6100500,0.0000,1.0
2006-11-20,54.25,54.59,53.93,54.38,31.18042479032869,4203900,0.0000,1.0
2006-11-21,54.16,54.38,53.65,54.05,30.991209266591863,5901500,0.0000,1.0
2006-11-22,53.85,54.25,53.8,54.03,30.979741659092664,3452500,0.0000,1.0
2006-11-24,53.9,54.29,53.78,53.9,30.905202210347856,1668000,0.0000,1.0
2006-11-27,53.81,54.06,53.39,53.58,30.72172049036063,4973300,0.0000,1.0
2006-11-28,53.38,54.27,53.38,53.72,30.801993742855043,4695800,0.0000,1.0
2006-11-29,53.94,54.34,53.75,54.04,30.985475462842263,3561100,0.0000,1.0
2006-11-30,53.94,54.21,53.45,53.59,30.727454294110235,4946800,0.0000,1.0
2006-12-01,53.45,53.72,53.24,53.4,30.61851202286782,4248000,0.0000,1.0
2006-12-04,53.59,54.06,53.3,54.03,30.979741659092664,4569700,0.0000,1.0
2006-12-05,54.23,54.79,53.69,54.7,31.363906510315914,5445100,0.0000,1.0
2006-12-06,54.43,54.92,54.1,54.86,31.455647370309524,4757900,0.0000,1.0
2006-12-07,54.1,54.6,53.83,53.99,30.956806444094262,5768500,0.0000,1.0
2006-12-08,53.95,54.12,53.6,54.0,30.96254024784386,4338200,0.0000,1.0
2006-12-11,53.9,54.16,53.75,53.98,30.95107264034466,3309800,0.0000,1.0
2006-12-12,54.08,54.13,53.55,53.9,30.905202210347856,3704000,0.0000,1.0
2006-12-13,54.19,54.2,53.48,53.69,30.784792331606237,4259400,0.0000,1.0
2006-12-14,53.59,54.18,53.59,53.97,30.94533883659506,3035200,0.0000,1.0
2006-12-15,54.15,54.57,53.76,54.52,31.2606980428231,6476300,0.0000,1.0
2006-12-18,53.71,54.1,52.93,53.23,30.521037359124605,10482100,0.0000,1.0
2006-12-19,52.95,53.0,52.34,52.62,30.171275330398963,8798300,0.0000,1.0
2006-12-20,52.5,52.86,52.28,52.4,30.04513164790775,5643800,0.0000,1.0
2006-12-21,52.12,52.4,51.69,51.79,29.695369619182102,7315800,0.0000,1.0
2006-12-22,51.89,51.9,51.13,51.35,29.443082254199673,8505200,0.0000,1.0
2006-12-26,51.4,52.8,51.25,51.78,29.689635815432503,12240000,0.0000,1.0
2006-12-27,51.85,52.3,51.4,52.0,29.815779497923717,6117400,0.0000,1.0
2006-12-28,51.78,52.08,51.71,52.01,29.82151330167332,3394100,0.0000,1.0
2006-12-29,51.73,52.22,51.71,52.1,29.873117535419727,4311300,0.0000,1.0
2007-01-03,52.35,52.88,51.92,52.25,29.959124591663738,10305500,0.0000,1.0
2007-01-04,51.99,52.51,51.9,52.36,30.022196432909343,6827100,0.0000,1.0
2007-01-05,52.52,52.58,51.87,52.04,29.838714712922123,4114400,0.0000,1.0
2007-01-08,52.21,52.21,51.75,51.8,29.701103422931702,3804200,0.0000,1.0
2007-01-09,52.04,52.1,51.75,51.83,29.718304834180508,6272000,0.0000,1.0
2007-01-10,51.59,51.83,51.57,51.66,29.620830170437294,3400300,0.0000,1.0
2007-01-11,51.76,52.33,51.66,52.23,29.947656984164535,4432200,0.0000,1.0
2007-01-12,52.4,52.92,52.27,52.6,30.159807722899764,5533100,0.0000,1.0
2007-01-16,52.8,52.9,52.51,52.88,30.320354227888583,4181300,0.0000,1.0
2007-01-17,52.88,53.17,52.54,52.85,30.30315281663978,5018000,0.0000,1.0
2007-01-18,52.6,53.21,52.6,53.04,30.412095087882193,3943000,0.0000,1.0
2007-01-19,53.3,53.45,52.83,52.96,30.36622465788539,3837200,0.0000,1.0
2007-01-22,52.57,53.12,52.52,52.73,30.23434717164457,5872300,0.0000,1.0
2007-01-23,52.85,52.95,52.47,52.65,30.188476741647765,4397700,0.0000,1.0
2007-01-24,52.74,53.4,52.68,53.33,30.578375396620615,3934000,0.0000,1.0
2007-01-25,53.2,53.3,52.85,53.13,30.463699321628603,5061100,0.0000,1.0
2007-01-26,53.05,53.45,52.6,52.79,30.268749994142176,3966100,0.0000,1.0
2007-01-29,52.9,53.0,52.55,52.85,30.30315281663978,3472700,0.0000,1.0
2007-01-30,52.87,53.0,52.6,52.73,30.23434717164457,2671200,0.0000,1.0
2007-01-31,52.7,54.37,52.55,54.12,31.03134589283907,10521200,0.0000,1.0
2007-02-01,54.65,55.04,54.5,54.77,31.404043136563118,6648100,0.0000,1.0
2007-02-02,54.68,54.78,54.37,54.6,31.306568472819905,4973400,0.0000,1.0
2007-02-05,54.43,54.7192,54.03,54.67,31.346705099067112,5090500,0.0000,1.0
2007-02-06,54.6,54.82,54.39,54.64,31.32950368781831,4486200,0.0000,1.0
2007-02-07,54.7,54.78,54.34,54.42,31.20336000532709,4679100,0.0000,1.0
2007-02-08,54.05,54.72,54.05,54.21,31.082950126585477,3124600,0.0000,1.0
2007-02-09,54.2,54.7,54.11,54.23,31.094417734084676,3591600,0.0000,1.0
2007-02-12,54.75,54.75,54.23,54.41,31.19762620157749,3300400,0.0000,1.0
2007-02-13,54.39,54.5,54.05,54.28,31.366773412190714,3356500,0.4250,1.0
2007-02-14,54.37,54.89,54.23,54.86,31.701937903330556,3773400,0.0000,1.0
2007-02-15,54.85,55.11,54.75,54.96,31.759724884561564,3092000,0.0000,1.0
2007-02-16,54.76,55.04,54.57,54.99,31.777060978930866,3680800,0.0000,1.0
2007-02-20,55.03,55.2,54.76,54.97,31.765503582684662,3228800,0.0000,1.0
2007-02-21,54.65,54.8,54.37,54.52,31.505462167145133,3370600,0.0000,1.0
2007-02-22,54.6,54.6,54.01,54.14,31.285871638467302,3344100,0.0000,1.0
2007-02-23,54.0,54.36,53.75,54.21,31.326322525329008,3380500,0.0000,1.0
2007-02-26,54.46,54.66,54.25,54.4,31.43611778966792,3847900,0.0000,1.0
2007-02-27,53.71,54.52,52.58,53.0,30.62710005243382,8073700,0.0000,1.0
2007-02-28,53.52,53.52,52.3,52.59,30.390173429386692,7682500,0.0000,1.0
2007-03-01,52.0,52.52,51.9,52.25,30.193697693201266,6262800,0.0000,1.0
2007-03-02,51.95,52.19,51.71,51.77,29.916320183292434,6537200,0.0000,1.0
2007-03-05,51.27,52.1,51.21,51.63,29.835418409569023,7562800,0.0000,1.0
2007-03-06,51.89,52.28,51.56,52.23,30.182140296955065,5054300,0.0000,1.0
2007-03-07,52.07,52.44,51.65,51.86,29.96832846640034,4844600,0.0000,1.0
2007-03-08,52.11,52.39,52.0,52.36,30.257263372555375,3296500,0.0000,1.0
2007-03-09,52.55,52.92,52.38,52.59,30.390173429386692,5052100,0.0000,1.0
2007-03-12,52.39,53.04,52.25,52.8,30.511526089971806,3643200,0.0000,1.0
2007-03-13,52.37,52.88,52.0,52.07,30.089681126985454,5432200,0.0000,1.0
2007-03-14,52.26,52.3,51.35,51.9,29.99144325889274,5342900,0.0000,1.0
2007-03-15,51.75,52.09,51.53,52.05,30.07812373073925,3769600,0.0000,1.0
2007-03-16,52.15,52.42,51.79,52.18,30.153246806339563,6181800,0.0000,1.0
2007-03-19,52.23,52.72,52.12,52.68,30.442181712494598,3265300,0.0000,1.0
2007-03-20,52.6,52.88,52.38,52.77,30.494189995602508,3532300,0.0000,1.0
2007-03-21,52.65,53.91,52.65,53.82,31.10095329852808,6668200,0.0000,1.0
2007-03-22,53.82,54.28,53.0,54.17,31.303207732836608,4229700,0.0000,1.0
2007-03-23,53.99,54.22,53.39,53.81,31.09517460040498,3956100,0.0000,1.0
2007-03-26,53.49,53.96,53.2,53.71,31.037387619173973,5206300,0.0000,1.0
2007-03-27,53.4,53.6,53.06,53.27,30.783124901757542,4548400,0.0000,1.0
2007-03-28,53.28,53.35,52.62,53.01,30.63287875055692,5457700,0.0000,1.0
2007-03-29,53.2,53.54,52.73,53.41,30.86402667548095,5333000,0.0000,1.0
2007-03-30,53.5,54.08,53.2,53.71,31.037387619173973,3728100,0.0000,1.0
2007-04-02,53.96,54.49,53.9,54.39,31.430339091544823,6021300,0.0000,1.0
2007-04-03,54.15,54.92,54.11,54.75,31.638372223976447,4308200,0.0000,1.0
2007-04-04,54.65,55.24,54.5,55.16,31.875298847023576,4346000,0.0000,1.0
2007-04-05,55.15,55.62,55.06,55.48,32.060217186962795,2997000,0.0000,1.0
2007-04-09,55.43,55.73,55.27,55.58,32.118004168193806,2295500,0.0000,1.0
2007-04-10,55.42,55.73,55.34,55.68,32.17579114942482,2985200,0.0000,1.0
2007-04-11,55.72,55.74,55.29,55.59,32.12378286631691,3776900,0.0000,1.0
2007-04-12,55.6,56.09,55.5,55.94,32.32603730062543,4002300,0.0000,1.0
2007-04-13,56.25,57.0,56.2,56.88,32.8692349241969,6485200,0.0000,1.0
2007-04-16,57.5,58.48,57.01,58.4,33.74759703890821,10756500,0.0000,1.0
2007-04-17,58.4,59.09,58.34,58.87,34.01919585069394,9278900,0.0000,1.0
2007-04-18,58.56,59.36,58.45,59.14,34.17522070001766,6871500,0.0000,1.0
2007-04-19,59.1,60.28,58.65,60.02,34.68374613485053,9921500,0.0000,1.0
2007-04-20,60.34,61.0,60.05,60.56,34.995795833497965,9630000,0.0000,1.0
2007-04-23,60.21,60.28,59.27,59.63,34.4583769080496,7704300,0.0000,1.0
2007-04-24,59.44,59.5,58.9,59.28,34.25612247374107,5043500,0.0000,1.0
2007-04-25,59.6,59.63,59.11,59.51,34.389032530572386,4655800,0.0000,1.0
2007-04-26,59.5,59.88,58.88,59.73,34.516163889280605,6101200,0.0000,1.0
2007-04-27,59.01,59.7,58.99,59.61,34.4468195118034,2967600,0.0000,1.0
2007-04-30,59.98,59.98,58.93,59.13,34.169442001894566,5198200,0.0000,1.0
2007-05-01,59.1,59.39,58.76,58.89,34.030753246940144,7409300,0.0000,1.0
2007-05-02,59.0,59.49,58.77,59.16,34.186778096263865,4561500,0.0000,1.0
2007-05-03,59.45,59.6,58.97,59.14,34.17522070001766,4140300,0.0000,1.0
2007-05-04,59.09,59.74,58.92,59.54,34.40636862494169,6180400,0.0000,1.0
2007-05-07,59.55,59.96,59.54,59.72,34.5103851911575,4577200,0.0000,1.0
2007-05-08,59.9,59.97,59.45,59.83,34.57395087051161,8457300,0.0000,1.0
2007-05-09,59.65,59.78,59.39,59.75,34.52772128552681,4803800,0.0000,1.0
2007-05-10,59.47,59.58,58.64,58.71,33.92673668072433,6166400,0.0000,1.0
2007-05-11,58.71,58.71,57.9,58.43,34.01052780350929,7569800,0.4250,1.0
2007-05-14,58.44,59.35,58.44,59.21,34.464544775727965,4713200,0.0000,1.0
2007-05-15,59.17,59.6,59.08,59.24,34.48200696696715,4076700,0.0000,1.0
2007-05-16,59.26,59.47,58.88,59.11,34.40633747159737,3938700,0.0000,1.0
2007-05-17,58.7,59.17,58.67,59.02,34.35395089787983,2789700,0.0000,1.0
2007-05-18,59.11,59.59,59.0,59.37,34.55767646233692,3042100,0.0000,1.0
2007-05-21,59.4,59.89,59.19,59.62,34.703194722663426,6823500,0.0000,1.0
2007-05-22,59.99,60.0,59.4,59.53,34.650808148945885,3095700,0.0000,1.0
2007-05-23,59.52,59.75,59.29,59.4,34.575138653576104,2914100,0.0000,1.0
2007-05-24,59.9,59.9,59.08,59.19,34.452903314901846,3900900,0.0000,1.0
2007-05-25,58.6,59.5,58.6,59.36,34.551855731923865,1821600,0.0000,1.0
2007-05-29,59.3,59.54,58.8,59.46,34.61006303605446,3201700,0.0000,1.0
2007-05-30,59.01,59.27,58.52,59.24,34.48200696696715,5105800,0.0000,1.0
2007-05-31,59.25,59.39,58.38,58.62,34.12112168135743,5378500,0.0000,1.0
2007-06-01,58.73,58.96,58.42,58.94,34.30738505457535,3851300,0.0000,1.0
2007-06-04,58.94,59.23,58.74,59.16,34.43544112366266,4873700,0.0000,1.0
2007-06-05,59.18,59.21,58.73,59.0,34.34230943705371,5278100,0.0000,1.0
2007-06-06,58.75,59.19,58.15,58.29,33.92903757772645,5925400,0.0000,1.0
2007-06-07,58.09,58.16,56.71,56.93,33.1374182415503,12166200,0.0000,1.0
2007-06-08,56.81,57.15,56.4,57.02,33.18980481526784,6994900,0.0000,1.0
2007-06-11,57.07,57.68,56.79,57.31,33.35860599724658,4952000,0.0000,1.0
2007-06-12,56.88,57.28,56.59,56.78,33.0501072853544,4326900,0.0000,1.0
2007-06-13,56.94,57.32,56.38,56.94,33.143238971963356,5704000,0.0000,1.0
2007-06-14,57.05,57.77,56.8,57.38,33.399351110138,4829700,0.0000,1.0
2007-06-15,58.0,58.27,57.51,57.72,33.59725594418203,4939200,0.0000,1.0
2007-06-18,57.72,58.0,57.215,57.41,33.416813301377175,3045200,0.0000,1.0
2007-06-19,57.51,57.9,57.4,57.75,33.614718135421214,4120800,0.0000,1.0
2007-06-20,57.76,57.93,56.69,56.77,33.04428655494134,4817200,0.0000,1.0
2007-06-21,56.94,56.94,56.1,56.81,33.067569476593576,4107000,0.0000,1.0
2007-06-22,56.66,56.77,55.58,55.8,32.47967570487452,5704300,0.0000,1.0
2007-06-25,55.89,56.35,55.3,55.48,32.293412331656604,5931300,0.0000,1.0
2007-06-26,55.84,56.08,55.38,55.87,32.52042081776594,4988000,0.0000,1.0
2007-06-27,55.41,56.4,55.4,56.32,32.78235368635364,5067200,0.0000,1.0
2007-06-28,56.37,56.7,56.1,56.18,32.7008634605708,3416800,0.0000,1.0
2007-06-29,56.02,56.41,55.52,55.88,32.526241548179,4410400,0.0000,1.0
2007-07-02,56.24,56.73,56.1,56.73,33.0210036332891,3610900,0.0000,1.0
2007-07-03,56.97,57.0,56.55,56.79,33.055928015767456,1495700,0.0000,1.0
2007-07-05,56.82,56.96,56.41,56.56,32.92205121626708,2675700,0.0000,1.0
2007-07-06,56.66,56.76,56.2,56.64,32.96861705957156,3312100,0.0000,1.0
2007-07-09,56.78,56.88,55.99,56.04,32.619373234787965,5284200,0.0000,1.0
2007-07-10,55.7,56.05,55.42,55.44,32.270129410004365,4202000,0.0000,1.0
2007-07-11,55.29,55.82,55.15,55.76,32.456392783222284,3505200,0.0000,1.0
2007-07-12,55.8,56.91,55.64,56.79,33.055928015767456,4293000,0.0000,1.0
2007-07-13,57.1,57.15,56.53,56.92,33.13159751113724,2894100,0.0000,1.0
2007-07-16,56.64,57.31,56.64,56.89,33.11413531989806,3603200,0.0000,1.0
2007-07-17,56.66,56.8,56.2,56.4,32.82891952965812,4295800,0.0000,1.0
2007-07-18,56.2,56.25,55.76,56.05,32.62519396520102,5418300,0.0000,1.0
2007-07-19,56.21,56.49,55.81,56.38,32.817278068832,4696900,0.0000,1.0
2007-07-20,56.38,56.54,55.76,56.03,32.6135525043749,6857900,0.0000,1.0
2007-07-23,56.42,57.27,56.3,57.17,33.277115771463734,5888100,0.0000,1.0
2007-07-24,58.11,58.94,57.15,57.17,33.277115771463734,10908500,0.0000,1.0
2007-07-25,57.0,58.74,57.0,58.44,34.01634853392235,7315500,0.0000,1.0
2007-07-26,57.9,58.19,56.44,56.7,33.00354144204992,8365400,0.0000,1.0
2007-07-27,56.49,56.6,55.01,55.02,32.02565873265585,6353800,0.0000,1.0
2007-07-30,54.94,55.06,54.25,54.77,31.88014047232935,5848100,0.0000,1.0
2007-07-31,55.2,55.25,53.97,54.09,31.484330804241274,8272900,0.0000,1.0
2007-08-01,53.6,54.73,53.53,54.2,31.54835883878493,6246400,0.0000,1.0
2007-08-02,54.23,54.92,54.07,54.6,31.78118805530733,5113400,0.0000,1.0
2007-08-03,54.64,55.29,54.09,54.13,31.507613725893513,5586200,0.0000,1.0
2007-08-06,54.27,56.27,54.13,56.22,32.72414638222304,7400000,0.0000,1.0
2007-08-07,55.84,57.33,55.82,56.52,32.89876829461484,7510100,0.0000,1.0
2007-08-08,56.79,58.43,56.6,58.4,33.99306561227011,6724600,0.0000,1.0
2007-08-09,58.22,59.02,57.55,57.85,33.67292543955181,8511800,0.0000,1.0
2007-08-10,58.37,58.6042,56.81,57.16,33.27129504105068,8071300,0.0000,1.0
2007-08-13,56.7,57.2,56.3,56.93,33.38479928410534,4004700,0.4250,1.0
2007-08-14,57.05,57.05,55.21,55.44,32.51103587406991,5378900,0.0000,1.0
2007-08-15,55.45,56.04,54.9,55.18,32.35856709111071,4974600,0.0000,1.0
2007-08-16,54.57,55.14,53.68,54.83,32.15332065251178,8893600,0.0000,1.0
2007-08-17,55.52,56.06,54.87,55.81,32.72801068058878,6827500,0.0000,1.0
2007-08-20,55.79,56.0,54.91,55.63,32.62245536930933,4859100,0.0000,1.0
2007-08-21,55.49,55.63,54.8,55.28,32.4172089307104,4815500,0.0000,1.0
2007-08-22,55.79,55.84,55.02,55.74,32.686961392868994,4696500,0.0000,1.0
2007-08-23,55.98,56.0,55.55,55.87,32.76319578434859,2757700,0.0000,1.0
2007-08-24,55.92,56.61,55.5,56.61,33.19714539738632,5599500,0.0000,1.0
2007-08-27,56.42,56.63,56.31,56.39,33.068133350267,3104400,0.0000,1.0
2007-08-28,56.27,56.5,55.83,56.1,32.898072015427886,5497400,0.0000,1.0
2007-08-29,56.14,56.37,55.64,56.32,33.02708406254721,5931500,0.0000,1.0
2007-08-30,56.05,56.93,55.93,56.67,33.23233050114614,4664500,0.0000,1.0
2007-08-31,56.93,57.48,56.83,57.35,33.631095010424055,5654600,0.0000,1.0
2007-09-04,57.33,58.22,57.09,58.13,34.08850135930166,5677500,0.0000,1.0
2007-09-05,57.89,57.89,57.11,57.29,33.59590990666424,4765200,0.0000,1.0
2007-09-06,57.6,57.721,57.12,57.45,33.68973685002375,4073700,0.0000,1.0
2007-09-07,56.87,57.33,56.01,56.17,32.93912130314767,5972700,0.0000,1.0
2007-09-10,56.62,56.65,55.8,56.14,32.921528751267765,4413200,0.0000,1.0
2007-09-11,56.26,56.76,55.94,56.6,33.19128121342636,4067400,0.0000,1.0
2007-09-12,56.45,57.14,56.28,57.05,33.45516949162497,4309900,0.0000,1.0
2007-09-13,57.45,57.69,57.01,57.18,33.53140388310457,4756300,0.0000,1.0
2007-09-14,56.92,57.17,56.56,56.82,33.32029326054568,4993000,0.0000,1.0
2007-09-17,56.83,56.83,55.48,55.95,32.81010925602835,4384500,0.0000,1.0
2007-09-18,56.12,57.25,55.89,57.14,33.507947147264694,4074900,0.0000,1.0
2007-09-19,57.31,58.0,56.78,57.53,33.7366503217035,5495700,0.0000,1.0
2007-09-20,57.53,57.65,57.08,57.08,33.47276204350488,3676300,0.0000,1.0
2007-09-21,57.5,57.95,57.08,57.62,33.78942797734322,4892100,0.0000,1.0
2007-09-24,57.89,58.18,57.26,57.53,33.7366503217035,3286500,0.0000,1.0
2007-09-25,57.27,58.0,56.96,57.21,33.54899643498448,4537800,0.0000,1.0
2007-09-26,57.55,58.01,57.32,57.4,33.6604159302239,5383700,0.0000,1.0
2007-09-27,57.6,57.7,56.84,57.37,33.64282337834399,5710400,0.0000,1.0
2007-09-28,57.18,57.43,56.74,56.93,33.38479928410534,4329200,0.0000,1.0
2007-10-01,57.09,58.5,57.04,58.29,34.18232830266117,5629900,0.0000,1.0
2007-10-02,58.38,58.57,57.96,58.42,34.25856269414077,2889400,0.0000,1.0
2007-10-03,58.05,59.15,57.84,58.88,34.528315156299364,4101300,0.0000,1.0
2007-10-04,58.9,59.42,58.9,58.96,34.575228627979115,4869200,0.0000,1.0
2007-10-05,59.3,59.82,59.15,59.47,34.87430200993755,3760800,0.0000,1.0
2007-10-08,59.27,59.41,58.91,59.0,34.598685363818994,2690300,0.0000,1.0
2007-10-09,58.95,59.18,58.5,58.55,34.33479708562037,4175100,0.0000,1.0
2007-10-10,58.53,58.89,58.2,58.4,34.24683432622083,4350000,0.0000,1.0
2007-10-11,58.42,58.87,58.19,58.35,34.217513406420984,5115700,0.0000,1.0
2007-10-12,58.35,58.78,57.98,58.53,34.32306871770043,2865400,0.0000,1.0
2007-10-15,58.62,58.823,57.83,57.94,33.97708186406224,5585000,0.0000,1.0
2007-10-16,57.94,57.95,56.99,57.15,33.513811331224666,6512400,0.0000,1.0
2007-10-17,57.38,57.81,56.6,56.95,33.396527652025284,6062200,0.0000,1.0
2007-10-18,57.1,57.43,56.28,56.65,33.2206021332262,8366700,0.0000,1.0
2007-10-19,56.41,57.17,55.87,56.06,32.87461527958801,5634500,0.0000,1.0
2007-10-22,55.84,56.57,55.73,56.08,32.88634364750795,5161000,0.0000,1.0
2007-10-23,56.41,57.13,56.11,57.13,33.50208296330473,4417300,0.0000,1.0
2007-10-24,56.5,56.75,55.54,56.15,32.927392935227736,5975500,0.0000,1.0
2007-10-25,52.15,53.01,51.8,52.43,30.745916502119147,22843100,0.0000,1.0
2007-10-26,52.52,52.76,52.03,52.68,30.89252110111838,9437100,0.0000,1.0
2007-10-29,52.71,54.0,52.71,53.52,31.385112553755803,9798600,0.0000,1.0
2007-10-30,53.18,54.1,53.09,53.69,31.48480368107528,5856400,0.0000,1.0
2007-10-31,53.83,54.42,53.3,54.15,31.75455614323387,9714200,0.0000,1.0
2007-11-01,53.66,53.99,52.6,52.77,30.945298756758106,8103300,0.0000,1.0
2007-11-02,53.09,53.5,52.52,52.67,30.88665691715841,11851300,0.0000,1.0
2007-11-05,53.06,53.1,51.64,52.16,30.587583535199972,12322500,0.0000,1.0
2007-11-06,52.2,52.64,52.0,52.48,30.77523742191899,7184400,0.0000,1.0
2007-11-07,52.04,52.57,51.45,51.53,30.21813994572191,5961700,0.0000,1.0
2007-11-08,51.59,51.97,51.17,51.62,30.27091760136163,8351900,0.0000,1.0
2007-11-09,51.17,52.08,50.86,51.51,30.20641157780197,6833200,0.0000,1.0
2007-11-12,51.52,52.92,51.25,52.5,30.786965789838934,6991600,0.0000,1.0
2007-11-13,52.41,52.85,51.86,52.64,31.118292183577196,8527800,0.4250,1.0
2007-11-14,52.67,53.58,52.6,53.03,31.34884184071236,6561200,0.0000,1.0
2007-11-15,52.71,52.98,51.95,52.06,30.775423462709515,6006300,0.0000,1.0
2007-11-16,52.31,52.6,51.36,51.81,30.627635220956204,6753200,0.0000,1.0
2007-11-19,51.38,51.68,50.43,50.77,30.01283613526243,8647500,0.0000,1.0
2007-11-20,50.95,50.99,49.87,50.35,29.764551889116866,6083400,0.0000,1.0
2007-11-21,50.05,50.27,49.09,49.09,29.01969915068018,5995000,0.0000,1.0
2007-11-23,49.93,50.82,49.52,50.79,30.024659194602695,2837200,0.0000,1.0
2007-11-26,50.92,50.95,49.5,49.67,29.36256787154786,4981000,0.0000,1.0
2007-11-27,49.83,51.1,49.58,50.91,30.095597550644282,6762700,0.0000,1.0
2007-11-28,51.01,52.33,50.61,52.26,30.89365405611216,6086900,0.0000,1.0
2007-11-29,52.0,53.11,51.85,52.79,31.206965128629182,6583800,0.0000,1.0
2007-11-30,52.51,53.3,52.51,52.95,31.301549603351305,5926500,0.0000,1.0
2007-12-03,52.65,52.95,52.21,52.53,31.05326535720574,4885700,0.0000,1.0
2007-12-04,52.32,52.53,51.75,52.11,30.804981111060176,5450600,0.0000,1.0
2007-12-05,52.7,53.79,52.35,53.49,31.620772205538454,4862700,0.0000,1.0
2007-12-06,54.75,54.75,53.44,53.93,31.880879511024283,6523100,0.0000,1.0
2007-12-07,54.55,54.65,53.72,54.3,32.09960610881918,4464800,0.0000,1.0
2007-12-10,54.55,54.95,54.11,54.78,32.38335953298554,4606700,0.0000,1.0
2007-12-11,54.76,55.34,54.0,54.06,31.957729396736006,5713500,0.0000,1.0
2007-12-12,54.45,54.79,53.66,54.08,31.96955245607627,7299400,0.0000,1.0
2007-12-13,54.05,54.27,53.49,54.18,32.028667752777594,5670200,0.0000,1.0
2007-12-14,53.88,54.18,53.55,53.71,31.750825858281367,5029400,0.0000,1.0
2007-12-17,53.57,53.93,52.96,53.18,31.437514785764346,4799000,0.0000,1.0
2007-12-18,53.65,54.19,53.17,53.49,31.620772205538454,9406900,0.0000,1.0
2007-12-19,53.39,53.74,52.71,53.18,31.437514785764346,6350400,0.0000,1.0
2007-12-20,53.46,53.5,53.08,53.23,31.467072434115007,5556700,0.0000,1.0
2007-12-21,53.76,54.3,53.4,54.23,32.058225401128254,7503300,0.0000,1.0
2007-12-24,54.29,54.5,53.91,54.49,32.2119251725517,1468900,0.0000,1.0
2007-12-26,54.2,54.39,53.97,54.31,32.10551763848932,2919600,0.0000,1.0
2007-12-27,54.2,54.2,53.4,53.88,31.851321862673622,3369400,0.0000,1.0
2007-12-28,54.14,54.15,53.71,54.05,31.95181786706587,3026600,0.0000,1.0
2007-12-31,53.7,53.85,53.13,53.39,31.56165690883713,3970800,0.0000,1.0
2008-01-02,53.47,53.78,52.21,52.55,31.065088416546,5556800,0.0000,1.0
2008-01-03,52.72,53.16,52.62,52.99,31.325195722031832,4513400,0.0000,1.0
2008-01-04,52.54,52.83,51.68,51.8,30.621723691286068,6186500,0.0000,1.0
2008-01-07,52.21,54.73,52.17,54.55,32.24739435057249,10376100,0.0000,1.0
2008-01-08,54.82,57.22,54.41,56.06,33.140035330762494,12197900,0.0000,1.0
2008-01-09,56.48,57.13,56.05,56.86,33.61295770437309,9577400,0.0000,1.0
2008-01-10,56.55,57.12,56.07,56.85,33.60704617470296,6288300,0.0000,1.0
2008-01-11,56.41,57.13,56.22,56.81,33.58340005602243,5360600,0.0000,1.0
2008-01-14,57.22,57.52,56.89,57.18,33.802126653817325,5563800,0.0000,1.0
2008-01-15,56.85,57.12,56.21,56.59,33.45334640327951,5884000,0.0000,1.0
2008-01-16,56.3,57.17,55.93,56.07,33.14594686043262,7974400,0.0000,1.0
2008-01-17,56.12,56.3,54.7,54.84,32.418828711006334,9679400,0.0000,1.0
2008-01-18,54.81,55.1,53.4,53.71,31.750825858281367,10013600,0.0000,1.0
2008-01-22,51.98,53.0,50.05,52.17,30.840450289080973,10933000,0.0000,1.0
2008-01-23,50.74,52.21,50.21,52.18,30.846361818751102,8778300,0.0000,1.0
2008-01-24,52.42,52.75,50.97,51.32,30.33797026711971,12998200,0.0000,1.0
2008-01-25,51.75,51.75,50.37,50.74,29.995101546252034,9579100,0.0000,1.0
2008-01-28,51.07,51.63,50.5554,51.4,30.38526250448077,7076500,0.0000,1.0
2008-01-29,52.92,52.92,52.02,52.31,30.923211704462826,9264300,0.0000,1.0
2008-01-30,52.27,52.35,51.2,51.35,30.35570485613011,7358300,0.0000,1.0
2008-01-31,50.7,51.77,50.42,51.39,30.37935097481064,9969700,0.0000,1.0
2008-02-01,51.36,52.5,51.22,51.66,30.538962275904215,7374800,0.0000,1.0
2008-02-04,51.67,52.37,51.37,52.08,30.787246522049777,4836400,0.0000,1.0
2008-02-05,51.4,52.0,51.12,51.24,30.290678029758656,5440700,0.0000,1.0
2008-02-06,51.49,51.78,50.84,51.4,30.38526250448077,4101300,0.0000,1.0
2008-02-07,51.39,51.56,50.57,51.22,30.278854970418386,7153300,0.0000,1.0
2008-02-08,51.05,51.05,50.0,50.23,29.693613533075276,4524200,0.0000,1.0
2008-02-11,50.17,50.35,49.69,50.23,29.693613533075276,4222500,0.0000,1.0
2008-02-12,50.63,51.23,50.3,51.02,30.16062437701574,5217700,0.0000,1.0
2008-02-13,51.3,51.3,50.17,50.34,30.036482253942957,6503400,0.4700,1.0
2008-02-14,50.27,50.34,49.6,49.98,29.821680235440382,5213600,0.0000,1.0
2008-02-15,49.69,50.95,49.63,50.82,30.322884945279718,6480400,0.0000,1.0
2008-02-19,51.2,51.25,50.15,50.3,30.012615362998226,5914800,0.0000,1.0
2008-02-20,50.065,50.41,49.5,50.37,30.0543824221515,4290300,0.0000,1.0
2008-02-21,50.64,50.8,49.64,49.82,29.726212671661465,5465000,0.0000,1.0
2008-02-22,51.31,51.31,49.64,50.51,30.137916540458058,9059000,0.0000,1.0
2008-02-25,50.44,51.39,50.23,51.3,30.60928763661648,5266900,0.0000,1.0
2008-02-26,51.05,52.51,51.05,52.45,31.295460751277474,8059900,0.0000,1.0
2008-02-27,52.04,52.33,51.55,51.83,30.925523941634154,3648600,0.0000,1.0
2008-02-28,50.21,51.23,50.05,50.93,30.388518895377725,4396800,0.0000,1.0
2008-02-29,50.71,50.71,49.67,50.02,29.845547126385117,6902600,0.0000,1.0
2008-03-03,50.12,50.26,49.75,50.19,29.946981412900215,4099700,0.0000,1.0
2008-03-04,49.82,50.22,49.74,50.01,29.83958040364893,5862500,0.0000,1.0
2008-03-05,50.01,50.62,49.86,50.42,30.084216035832416,4520500,0.0000,1.0
2008-03-06,50.13,50.25,49.65,49.68,29.64267855335491,4446400,0.0000,1.0
2008-03-07,49.63,50.24,49.38,49.7,29.654611998827274,7275600,0.0000,1.0
2008-03-10,49.7,50.81,49.03,49.42,29.487543762214163,7032700,0.0000,1.0
2008-03-11,50.43,50.7,49.73,50.59,30.18565032234752,7442200,0.0000,1.0
2008-03-12,50.6,50.72,49.66,49.78,29.702345780716733,5878900,0.0000,1.0
2008-03-13,49.3,49.68,48.56,49.16,29.332408971073413,6655300,0.0000,1.0
2008-03-14,49.42,49.42,47.33,47.81,28.52690140168877,8428300,0.0000,1.0
2008-03-17,46.73,49.24,46.6,48.87,29.15937401172412,6847300,0.0000,1.0
2008-03-18,49.25,49.92,48.8,49.92,29.78587989902329,5392200,0.0000,1.0
2008-03-19,49.54,51.31,49.54,49.97,29.8157135127042,5758900,0.0000,1.0
2008-03-20,49.83,50.05,49.17,49.84,29.73814611713383,9166300,0.0000,1.0
2008-03-24,49.94,50.18,49.58,50.1,29.893280908274576,5791500,0.0000,1.0
2008-03-25,50.02,50.69,49.99,50.17,29.935047967427852,4567500,0.0000,1.0
2008-03-26,49.75,50.4,49.57,50.19,29.946981412900215,6626700,0.0000,1.0
2008-03-27,50.4,50.83,50.26,50.43,30.0901827585686,4940700,0.0000,1.0
2008-03-28,50.58,51.08,50.15,50.29,30.006648640262043,5339600,0.0000,1.0
2008-03-31,50.22,51.78,50.14,51.59,30.782322595965777,8754500,0.0000,1.0
2008-04-01,51.72,52.17,51.53,52.03,31.044858396357807,7230400,0.0000,1.0
2008-04-02,52.05,52.2,51.44,51.76,30.883756882480878,5531500,0.0000,1.0
2008-04-03,51.58,51.97,51.11,51.8,30.907623773425605,5075100,0.0000,1.0
2008-04-04,51.78,52.94,51.6,52.28,31.19402646476237,5583800,0.0000,1.0
2008-04-07,52.76,53.4,52.08,53.06,31.659430838184612,6127900,0.0000,1.0
2008-04-08,52.75,52.92,52.0982,52.3,31.205959910234732,4895400,0.0000,1.0
2008-04-09,52.22,52.48,51.65,51.77,30.88972360521706,5090400,0.0000,1.0
2008-04-10,51.67,52.75,51.67,52.39,31.259660414860377,5458600,0.0000,1.0
2008-04-11,52.37,52.37,51.7,51.93,30.985191168995982,5346600,0.0000,1.0
2008-04-14,51.98,52.08,51.56,51.82,30.919557218897975,4800300,0.0000,1.0
2008-04-15,51.97,52.08,51.33,51.55,30.758455705021042,5602300,0.0000,1.0
2008-04-16,52.03,52.64,51.67,52.55,31.3551279786393,4301400,0.0000,1.0
2008-04-17,52.29,52.53,51.25,51.39,30.662988141242124,6928500,0.0000,1.0
2008-04-18,51.9,52.21,51.46,52.07,31.068725287302538,6223600,0.0000,1.0
2008-04-21,50.44,50.75,49.43,49.59,29.588978048729267,10138800,0.0000,1.0
2008-04-22,49.59,49.59,48.26,49.05,29.266775020975405,8526100,0.0000,1.0
2008-04-23,49.14,49.86,48.99,49.19,29.35030913928196,6545200,0.0000,1.0
2008-04-24,49.16,49.49,48.55,49.04,29.260808298239223,4447000,0.0000,1.0
2008-04-25,49.18,49.96,49.11,49.36,29.451743425797066,4609500,0.0000,1.0
2008-04-28,49.55,49.64,49.15,49.36,29.451743425797066,4912900,0.0000,1.0
2008-04-29,49.3,49.3,47.86,48.11,28.705903083774245,8559000,0.0000,1.0
2008-04-30,48.3,48.93,47.96,48.14,28.723803251982794,6142000,0.0000,1.0
2008-05-01,48.17,49.72,48.15,49.72,29.666545444299636,6267500,0.0000,1.0
2008-05-02,49.89,49.9,49.24,49.38,29.46367687126943,3656500,0.0000,1.0
2008-05-05,49.26,49.26,48.69,48.99,29.230974684558312,3459400,0.0000,1.0
2008-05-06,48.71,48.96,48.31,48.75,29.08777333888993,4277900,0.0000,1.0
2008-05-07,48.69,49.13,48.55,48.65,29.028106111528103,5504600,0.0000,1.0
2008-05-08,48.92,48.97,48.25,48.43,28.89683821133209,5302100,0.0000,1.0
2008-05-09,48.44,48.44,47.76,48.25,28.7894372020808,4293400,0.0000,1.0
2008-05-12,48.4,48.98,48.25,48.76,29.09374006162611,3542100,0.0000,1.0
2008-05-13,47.67,48.52,47.5,47.55,28.6522025791486,5367300,0.4700,1.0
2008-05-14,47.67,48.32,47.55,48.3,29.10413006462413,4371500,0.0000,1.0
2008-05-15,48.42,48.76,47.91,48.67,29.327080957458726,5194300,0.0000,1.0
2008-05-16,49.85,49.85,48.55,48.95,29.495800552036258,5196200,0.0000,1.0
2008-05-19,48.99,49.69,48.86,49.53,29.845291140804,3779600,0.0000,1.0
2008-05-20,49.39,49.77,48.76,48.96,29.501826251842598,4133300,0.0000,1.0
2008-05-21,49.14,49.35,48.03,48.1,28.983616068497323,4681500,0.0000,1.0
2008-05-22,48.36,48.79,47.87,48.48,29.212592661138256,3106100,0.0000,1.0
2008-05-23,48.46,48.46,47.55,47.57,28.664253978761284,3602800,0.0000,1.0
2008-05-27,47.68,48.04,47.61,47.94,28.887204871595877,2989600,0.0000,1.0
2008-05-28,48.1,48.28,47.5,47.85,28.832973573338815,3520700,0.0000,1.0
2008-05-29,47.73,48.92,47.73,48.6,29.284901058814345,6290000,0.0000,1.0
2008-05-30,48.72,48.72,48.0,48.14,29.007718867722687,4057000,0.0000,1.0
2008-06-02,48.28,48.36,47.41,47.59,28.676305378373964,5930600,0.0000,1.0
2008-06-03,47.85,48.46,47.45,48.28,29.092078665011453,7263300,0.0000,1.0
2008-06-04,48.62,49.6,48.62,49.04,29.55003185029332,7408800,0.0000,1.0
2008-06-05,49.64,49.82,48.88,49.46,29.80311124215962,7863000,0.0000,1.0
2008-06-06,49.35,49.35,48.39,48.42,29.17643846230022,7811900,0.0000,1.0
2008-06-09,48.77,48.77,47.8,48.18,29.031821666948048,6420500,0.0000,1.0
2008-06-10,47.75,48.45,47.5,47.94,28.887204871595877,5166200,0.0000,1.0
2008-06-11,47.81,48.25,47.25,47.43,28.57989418147252,4056400,0.0000,1.0
2008-06-12,47.66,48.32,47.55,47.7,28.74258807624371,4595400,0.0000,1.0
2008-06-13,47.92,48.37,47.92,48.33,29.12220716404315,4298900,0.0000,1.0
2008-06-16,47.92,48.33,47.19,47.85,28.832973573338815,5568600,0.0000,1.0
2008-06-17,48.07,48.6,47.74,47.78,28.79079367469443,3432300,0.0000,1.0
2008-06-18,47.7,48.0,46.9,46.97,28.302711990380857,4217600,0.0000,1.0
2008-06-19,47.04,48.03,46.63,47.79,28.79681937450077,8223400,0.0000,1.0
2008-06-20,46.87,48.28,46.73,46.93,28.278609191155496,7423900,0.0000,1.0
2008-06-23,47.04,47.74,47.01,47.6,28.682331078180304,5380100,0.0000,1.0
2008-06-24,46.96,47.1,45.97,46.94,28.284634890961836,9260400,0.0000,1.0
2008-06-25,47.03,47.47,46.8,47.0,28.32078908979988,6017500,0.0000,1.0
2008-06-26,46.56,46.81,45.96,46.02,27.73027050877852,6517300,0.0000,1.0
2008-06-27,46.0,46.31,45.57,45.61,27.483216816718564,7417900,0.0000,1.0
2008-06-30,45.77,46.55,45.36,46.16,27.814630306067283,5417100,0.0000,1.0
2008-07-01,45.67,46.44,45.52,46.1,27.778476107229245,6454400,0.0000,1.0
2008-07-02,46.1,46.69,45.91,46.09,27.772450407422905,4656100,0.0000,1.0
2008-07-03,46.4,47.1,46.31,46.98,28.308737690187197,4530900,0.0000,1.0
2008-07-07,46.91,47.12,45.92,46.21,27.844758805098987,6096900,0.0000,1.0
2008-07-08,46.18,48.62,46.1,48.46,29.20054126152558,9372800,0.0000,1.0
2008-07-09,48.61,49.46,48.24,48.37,29.146309963268514,6500100,0.0000,1.0
2008-07-10,48.28,48.93,47.54,48.16,29.019770267335364,7374800,0.0000,1.0
2008-07-11,47.52,48.03,46.93,47.67,28.72451097682469,4538900,0.0000,1.0
2008-07-14,48.15,48.61,47.95,48.01,28.929384770240258,5716100,0.0000,1.0
2008-07-15,47.54,48.34,47.54,48.11,28.989641768303663,8184600,0.0000,1.0
2008-07-16,48.32,48.5,47.73,48.28,29.092078665011453,6356300,0.0000,1.0
2008-07-17,48.2,48.55,47.3,48.38,29.152335663074858,6514900,0.0000,1.0
2008-07-18,48.32,48.55,47.5,47.91,28.869127772176853,6421400,0.0000,1.0
2008-07-21,47.97,48.13,46.92,47.18,28.429251686314007,4741700,0.0000,1.0
2008-07-22,46.92,47.29,46.51,46.73,28.158095195028686,6668400,0.0000,1.0
2008-07-23,47.0,47.69,46.8,47.62,28.69438247779298,5608500,0.0000,1.0
2008-07-24,47.94,48.5,47.23,48.0,28.923359070433918,4949200,0.0000,1.0
2008-07-25,47.72,48.45,47.25,47.81,28.808870774113455,4200200,0.0000,1.0
2008-07-28,47.82,48.45,47.53,47.62,28.69438247779298,5131200,0.0000,1.0
2008-07-29,47.68,48.68,47.49,48.26,29.08002726539877,5535600,0.0000,1.0
2008-07-30,48.57,49.12,46.95,47.41,28.567842781859834,7426300,0.0000,1.0
2008-07-31,47.2,47.63,46.85,47.11,28.387071787669623,4931800,0.0000,1.0
2008-08-01,47.11,47.48,46.57,47.04,28.34489188902524,4329200,0.0000,1.0
2008-08-04,46.91,47.69,46.91,47.37,28.543739982634474,4751900,0.0000,1.0
2008-08-05,47.86,48.0,47.24,47.79,28.79681937450077,6486100,0.0000,1.0
2008-08-06,47.23,48.37,47.23,48.0,28.923359070433918,3519600,0.0000,1.0
2008-08-07,47.66,48.4,47.23,47.58,28.67027967856762,4596900,0.0000,1.0
2008-08-08,47.53,48.58,47.28,48.51,29.23066976055728,4158800,0.0000,1.0
2008-08-11,48.5,49.55,48.095,49.05,29.55605755009966,6115800,0.0000,1.0
2008-08-12,49.19,49.78,48.85,49.25,29.67657154622647,6038100,0.0000,1.0
2008-08-13,48.91,48.91,48.08,48.38,29.435543553972852,4955000,0.4700,1.0
2008-08-14,48.01,49.12,47.93,48.34,29.41120660188193,4706200,0.0000,1.0
2008-08-15,48.5,49.2,48.5,48.78,29.678913074882093,4611400,0.0000,1.0
2008-08-18,48.81,48.82,47.82,48.05,29.234763699222725,6245500,0.0000,1.0
2008-08-19,47.68,48.14,47.25,47.8,29.082657748654448,5448700,0.0000,1.0
2008-08-20,47.83,47.91,47.19,47.41,28.845372465767937,4545100,0.0000,1.0
2008-08-21,47.48,47.48,46.57,47.17,28.699350753222394,4161600,0.0000,1.0
2008-08-22,47.21,48.15,47.09,48.03,29.222595223177265,5134400,0.0000,1.0
2008-08-25,47.91,48.63,47.31,47.52,28.91229908401798,3940300,0.0000,1.0
2008-08-26,47.49,47.78,46.83,47.02,28.60808718288143,3370600,0.0000,1.0
2008-08-27,46.99,47.49,46.46,46.87,28.51682361254046,5520100,0.0000,1.0
2008-08-28,47.06,47.37,46.66,46.91,28.541160564631383,4285500,0.0000,1.0
2008-08-29,46.68,47.02,46.61,46.65,28.382970376040376,4765200,0.0000,1.0
2008-09-02,47.21,47.61,46.42,46.66,28.389054614063106,5241900,0.0000,1.0
2008-09-03,46.66,47.49,46.23,46.91,28.541160564631383,4425900,0.0000,1.0
2008-09-04,46.8,46.9,45.95,46.09,28.042253046767442,4714400,0.0000,1.0
2008-09-05,45.97,46.1,45.1213,45.44,27.646777575289917,5127800,0.0000,1.0
2008-09-08,46.31,46.855,45.53,46.67,28.39513885208584,5790600,0.0000,1.0
2008-09-09,46.21,47.88,46.21,46.46,28.26736985360849,7821600,0.0000,1.0
2008-09-10,46.56,47.36,46.5,46.73,28.431644280222226,6101700,0.0000,1.0
2008-09-11,46.26,46.84,45.94,46.72,28.425560042199496,4722200,0.0000,1.0
2008-09-12,46.47,46.85,46.186,46.6,28.352549185926723,4271700,0.0000,1.0
2008-09-15,45.85,46.74,45.67,46.04,28.01183185665378,5313600,0.0000,1.0
2008-09-16,45.27,45.6,44.47,45.26,27.53726129088076,10048900,0.0000,1.0
2008-09-17,44.7,45.64,43.81,43.92,26.7219733958348,7175900,0.0000,1.0
2008-09-18,44.36,45.72,43.87,45.42,27.63460909924446,9917400,0.0000,1.0
2008-09-19,46.01,47.34,44.9,46.69,28.4073073281313,11996600,0.0000,1.0
2008-09-22,46.57,47.13,45.67,45.9,27.926652524335548,5783900,0.0000,1.0
2008-09-23,46.09,46.23,45.4,45.73,27.823220477949118,7878100,0.0000,1.0
2008-09-24,45.78,46.51,45.4,46.34,28.194358997335716,7240700,0.0000,1.0
2008-09-25,46.57,47.72,46.23,46.6,28.352549185926723,9338200,0.0000,1.0
2008-09-26,46.17,47.06,45.76,46.82,28.486402422426806,5769900,0.0000,1.0
2008-09-29,44.71,46.05,43.41,43.92,26.7219733958348,9791500,0.0000,1.0
2008-09-30,44.88,44.97,42.88,44.03,26.78890001408484,8438800,0.0000,1.0
2008-10-01,43.58,44.44,43.4,43.69,26.582035921311984,6340200,0.0000,1.0
2008-10-02,43.69,43.93,42.44,42.55,25.888432786720642,6564400,0.0000,1.0
2008-10-03,43.1,43.1,41.24,41.31,25.133987271901994,9396200,0.0000,1.0
2008-10-06,40.64,40.7,37.09,38.42,23.37564248333272,18989200,0.0000,1.0
2008-10-07,39.52,39.97,38.52,38.61,23.49124300576461,12466300,0.0000,1.0
2008-10-08,38.74,39.5,37.66,37.9,23.0592621061507,8946200,0.0000,1.0
2008-10-09,37.58,37.85,32.44,33.22,20.21183871151257,13833900,0.0000,1.0
2008-10-10,31.96,33.39,29.25,31.36,19.080170439284593,15866600,0.0000,1.0
2008-10-13,32.51,36.0,32.2,35.86,21.818077549513568,8286200,0.0000,1.0
2008-10-14,37.24,37.56,34.57,34.94,21.25832765142231,10643400,0.0000,1.0
2008-10-15,34.65,34.99,31.93,32.54,19.798110525966855,10602700,0.0000,1.0
2008-10-16,32.69,34.66,31.5,34.38,20.917610322149372,10297900,0.0000,1.0
2008-10-17,33.29,34.12,32.14,32.2,19.591246433194,9160900,0.0000,1.0
2008-10-20,32.56,34.1,31.77,34.1,20.7472516575129,9049300,0.0000,1.0
2008-10-21,33.71,34.64,33.05,33.68,20.491713660558197,7733000,0.0000,1.0
2008-10-22,33.61,33.63,31.4,32.11,19.53648829098942,6671900,0.0000,1.0
2008-10-23,33.99,34.0,31.26,33.48,20.370028900103573,8729300,0.0000,1.0
2008-10-24,31.99,32.8,31.14,31.73,19.30528724612564,7224100,0.0000,1.0
2008-10-27,31.3,32.6,30.4,30.4,18.496083589102412,7526900,0.0000,1.0
2008-10-28,31.07,33.47,29.9,33.38,20.309186519876267,8334900,0.0000,1.0
2008-10-29,33.32,33.67,31.83,32.03,19.487814386807575,9180200,0.0000,1.0
2008-10-30,32.97,33.1,32.26,32.83,19.974553428626056,7363200,0.0000,1.0
2008-10-31,32.63,34.55,32.63,33.82,20.576892992876434,6874800,0.0000,1.0
2008-11-03,34.44,34.54,33.54,34.01,20.69249351530832,4801900,0.0000,1.0
2008-11-04,34.75,35.64,33.65,35.15,21.386096649899663,7786900,0.0000,1.0
2008-11-05,34.74,35.43,33.55,33.76,20.540387564740044,5858400,0.0000,1.0
2008-11-06,33.89,34.17,32.6,32.87,19.99889038071698,6447300,0.0000,1.0
2008-11-07,32.89,34.37,32.89,34.2,20.808094037740215,4023900,0.0000,1.0
2008-11-10,34.77,35.5,34.41,34.87,21.215737985263193,5806900,0.0000,1.0
2008-11-11,34.73,35.25,33.63,33.97,20.668156563217398,4962000,0.0000,1.0
2008-11-12,33.25,33.42,31.85,31.99,19.74943662178501,6160700,0.4700,1.0
2008-11-13,32.24,34.5,31.76,34.12,21.064419429049845,13039100,0.0000,1.0
2008-11-14,32.78,33.89,32.05,32.06,19.792652019206862,8113700,0.0000,1.0
2008-11-17,31.71,32.93,31.5,32.13,19.835867416628712,6436700,0.0000,1.0
2008-11-18,32.9,33.34,31.54,33.34,20.582876429206387,6581300,0.0000,1.0
2008-11-19,33.16,33.97,31.1,31.41,19.391366186003975,7163500,0.0000,1.0
2008-11-20,31.23,32.25,29.59,29.91,18.46532195553578,7966700,0.0000,1.0
2008-11-21,30.23,30.57,28.62,30.43,18.78635062209809,9947500,0.0000,1.0
2008-11-24,30.9,32.76,30.51,32.08,19.804999275613103,7845200,0.0000,1.0
2008-11-25,32.9,33.36,31.83,32.8,20.249500506237833,6495500,0.0000,1.0
2008-11-26,32.42,32.93,31.83,32.87,20.292715903659683,5886700,0.0000,1.0
2008-11-28,33.06,34.5,33.06,34.15,21.082940313659208,2736300,0.0000,1.0
2008-12-01,33.32,33.4,30.63,31.12,19.21233096811346,6326300,0.0000,1.0
2008-12-02,31.54,33.29,31.5,33.19,20.490272006159564,6817900,0.0000,1.0
2008-12-03,32.57,35.08,32.02,34.97,21.589177826315154,7760000,0.0000,1.0
2008-12-04,34.54,34.88,33.55,33.89,20.92242598037806,6856500,0.0000,1.0
2008-12-05,33.69,35.25,32.56,34.94,21.570656941705792,7571000,0.0000,1.0
2008-12-08,35.68,35.85,34.3,34.86,21.52126791608082,6885000,0.0000,1.0
2008-12-09,34.4,35.1,34.34,34.57,21.342232698190305,4471700,0.0000,1.0
2008-12-10,34.93,35.58,34.64,35.01,21.61387233912764,4854200,0.0000,1.0
2008-12-11,35.89,36.59,35.2,35.62,21.99046365951804,8004200,0.0000,1.0
2008-12-12,34.82,36.5,34.6,36.41,22.47818028756462,6637400,0.0000,1.0
2008-12-15,36.41,36.64,34.9,35.32,21.8052548134244,5728500,0.0000,1.0
2008-12-16,35.64,37.34,35.54,37.21,22.972070543814326,6155900,0.0000,1.0
2008-12-17,36.71,37.32,36.27,36.94,22.805382582330047,4963700,0.0000,1.0
2008-12-18,37.21,37.92,36.48,36.87,22.7621671849082,6650000,0.0000,1.0
2008-12-19,38.65,38.77,37.0,38.26,23.62030150514206,10252500,0.0000,1.0
2008-12-22,38.2,38.49,36.63,37.34,23.052327710454904,5046400,0.0000,1.0
2008-12-23,38.06,38.5,37.41,37.49,23.144932133501722,4237500,0.0000,1.0
2008-12-24,38.0,38.08,37.5,37.8,23.336314607798478,1237100,0.0000,1.0
2008-12-26,37.95,38.1,37.81,37.98,23.447439915454662,1614000,0.0000,1.0
2008-12-29,38.08,38.5,37.64,38.48,23.756121325610728,4001000,0.0000,1.0
2008-12-30,38.71,39.77,38.71,39.67,24.490783081782165,4743600,0.0000,1.0
2008-12-31,39.67,40.5,39.38,40.27,24.861200773969443,4735100,0.0000,1.0
2009-01-02,40.38,40.78,39.3,40.57,25.04640962006308,6022900,0.0000,1.0
2009-01-05,40.55,40.56,39.07,39.46,24.361136889516615,6854500,0.0000,1.0
2009-01-06,39.64,39.76,38.51,39.57,24.42904679975095,8975000,0.0000,1.0
2009-01-07,39.06,39.46,38.39,38.62,23.842552120454425,6365600,0.0000,1.0
2009-01-08,38.44,38.91,37.9,38.81,23.959851056313735,5627000,0.0000,1.0
2009-01-09,38.81,38.81,38.03,38.48,23.756121325610728,5937400,0.0000,1.0
2009-01-12,38.46,38.75,37.91,38.13,23.540044338501485,5199200,0.0000,1.0
2009-01-13,38.25,38.68,37.91,38.52,23.780815838423216,5301400,0.0000,1.0
2009-01-14,38.34,38.37,37.1,37.47,23.13258487709548,6557100,0.0000,1.0
2009-01-15,37.42,37.63,36.28,37.55,23.181973902720447,4957200,0.0000,1.0
2009-01-16,38.04,38.41,37.29,38.13,23.540044338501485,5443900,0.0000,1.0
2009-01-20,37.92,38.76,37.23,37.39,23.08319585147051,9442300,0.0000,1.0
2009-01-21,37.88,38.7,37.23,38.24,23.60795424873582,6836000,0.0000,1.0
2009-01-22,37.63,38.34,37.16,37.8,23.336314607798478,5547800,0.0000,1.0
2009-01-23,37.2,37.64,36.84,37.42,23.101716736079872,6228600,0.0000,1.0
2009-01-26,37.65,38.49,37.25,37.57,23.19432115912669,6766000,0.0000,1.0
2009-01-27,37.84,38.9,37.69,38.61,23.836378492251306,5403700,0.0000,1.0
2009-01-28,39.0,39.2,38.38,39.09,24.13271264600113,5368700,0.0000,1.0
2009-01-29,38.79,39.15,37.74,37.97,23.441266287251544,6473900,0.0000,1.0
2009-01-30,38.71,38.71,36.2664,36.82,22.731299043892594,9599100,0.0000,1.0
2009-02-02,36.53,37.61,36.2,37.27,23.009112313033054,5505000,0.0000,1.0
2009-02-03,37.69,39.15,36.87,38.69,23.885767517876275,9611300,0.0000,1.0
2009-02-04,39.22,39.25,37.8,38.01,23.46596080006403,7416500,0.0000,1.0
2009-02-05,37.79,38.3,37.25,38.16,23.558565223110847,5051300,0.0000,1.0
2009-02-06,38.11,38.74,37.83,38.18,23.57091247951709,4978300,0.0000,1.0
2009-02-09,38.22,38.23,37.4,38.12,23.533870710298363,4132900,0.0000,1.0
2009-02-10,38.0,38.4,36.76,36.94,22.805382582330047,5721900,0.0000,1.0
2009-02-11,37.13,37.2,36.46,36.72,22.972070543814326,4244400,0.4900,1.0
2009-02-12,36.18,36.61,35.38,36.34,22.734342144940435,6098300,0.0000,1.0
2009-02-13,36.15,36.48,35.38,35.43,22.16504518974242,6020700,0.0000,1.0
2009-02-17,34.72,35.11,34.27,34.58,21.633284297524494,7399900,0.0000,1.0
2009-02-18,34.76,34.76,34.11,34.4,21.520676108584226,5916800,0.0000,1.0
2009-02-19,34.65,34.86,34.32,34.48,21.570724192557677,4240600,0.0000,1.0
2009-02-20,33.88,34.13,32.93,33.24,20.79497889096918,8361100,0.0000,1.0
2009-02-23,33.66,33.83,32.26,32.31,20.213169914777804,5545100,0.0000,1.0
2009-02-24,32.41,32.98,32.06,32.91,20.58853054457869,7345600,0.0000,1.0
2009-02-25,32.79,33.04,32.11,32.56,20.36957017719484,6943800,0.0000,1.0
2009-02-26,32.98,32.98,31.0,31.04,19.418656581699256,12135600,0.0000,1.0
2009-02-27,30.37,30.73,29.38,29.38,18.380158839250132,9522900,0.0000,1.0
2009-03-02,28.4,28.85,27.66,27.75,17.360429128291056,13436000,0.0000,1.0
2009-03-03,28.08,28.5112,27.22,27.49,17.197772855377337,9488100,0.0000,1.0
2009-03-04,28.2,28.87,27.27,28.5,17.829629915542167,8865100,0.0000,1.0
2009-03-05,27.89,28.39,27.21,27.47,17.185260834383975,9028200,0.0000,1.0
2009-03-06,27.65,28.23,27.45,27.98,17.50431736971473,8700000,0.0000,1.0
2009-03-09,27.73,28.67,27.47,27.97,17.49806135921805,8635800,0.0000,1.0
2009-03-10,28.63,29.76,28.33,29.72,18.5928631961373,10124700,0.0000,1.0
2009-03-11,30.01,30.09,28.665,28.85,18.048590282926018,9624700,0.0000,1.0
2009-03-12,28.85,30.13,28.75,30.03,18.78679952153443,6359600,0.0000,1.0
2009-03-13,30.23,31.05,30.09,30.64,19.168416161832,6790500,0.0000,1.0
2009-03-16,30.84,31.74,30.74,30.81,19.274768340275582,6624300,0.0000,1.0
2009-03-17,30.96,31.76,30.52,31.76,19.869089337460323,5031600,0.0000,1.0
2009-03-18,32.45,33.1,31.95,32.5,20.33203411421475,6519000,0.0000,1.0
2009-03-19,32.77,32.77,31.52,31.83,19.91288141093709,5170900,0.0000,1.0
2009-03-20,31.9,32.91,31.9,32.55,20.363314166698157,10262000,0.0000,1.0
2009-03-23,33.28,34.09,33.023,34.09,21.326739783187104,6611700,0.0000,1.0
2009-03-24,33.61,34.31,33.17,33.17,20.75118681749241,8487800,0.0000,1.0
2009-03-25,33.36,33.87,32.86,33.53,20.976403195372942,7747900,0.0000,1.0
2009-03-26,33.74,34.295,33.39,34.22,21.408067919643962,7407000,0.0000,1.0
2009-03-27,33.83,34.16,33.56,33.75,21.11403542629993,5461800,0.0000,1.0
2009-03-30,32.03,32.98,32.03,32.84,20.544738471101923,7106400,0.0000,1.0
2009-03-31,33.2,33.88,32.6,33.41,20.901331069412763,6702000,0.0000,1.0
2009-04-01,33.03,33.93,32.59,33.78,21.13280345778998,5483400,0.0000,1.0
2009-04-02,34.41,34.41,33.56,33.9,21.207875583750155,6665800,0.0000,1.0
2009-04-03,33.53,33.75,32.52,33.01,20.6510906495455,7122500,0.0000,1.0
2009-04-06,32.75,33.34,32.39,32.84,20.544738471101923,6618900,0.0000,1.0
2009-04-07,31.82,32.14,30.91,31.88,19.9441614634205,6031800,0.0000,1.0
2009-04-08,31.96,32.53,31.6,32.34,20.23193794626785,5226900,0.0000,1.0
2009-04-09,33.02,33.8,32.36,32.64,20.419618261168292,4984200,0.0000,1.0
2009-04-13,32.33,32.8,32.27,32.57,20.37582618769152,3405300,0.0000,1.0
2009-04-14,32.75,32.75,31.9775,32.15,20.1130737468309,5248600,0.0000,1.0
2009-04-15,32.09,32.96,32.0,32.81,20.525970439611875,6155300,0.0000,1.0
2009-04-16,32.97,33.46,32.43,33.27,20.813746922459224,4967300,0.0000,1.0
2009-04-17,33.26,34.05,33.19,33.75,21.11403542629993,6670400,0.0000,1.0
2009-04-20,33.68,34.43,32.92,32.99,20.638578628552143,9799300,0.0000,1.0
2009-04-21,33.42,33.68,32.74,33.34,20.857538995935993,6409700,0.0000,1.0
2009-04-22,33.11,33.34,32.46,32.74,20.482178366135106,11129900,0.0000,1.0
2009-04-23,32.53,32.95,32.03,32.88,20.569762513088648,8591400,0.0000,1.0
2009-04-24,33.0,33.66,32.85,33.01,20.6510906495455,8328100,0.0000,1.0
2009-04-27,32.99,33.5,32.75,33.13,20.726162775505685,4168700,0.0000,1.0
2009-04-28,33.07,33.69,32.96,33.2,20.769954848982454,7663500,0.0000,1.0
2009-04-29,33.18,33.73,32.96,33.36,20.870051016929356,1659200,0.0000,1.0
2009-04-30,33.6,33.88,32.83,32.92,20.594786555075373,2277400,0.0000,1.0
2009-05-01,32.92,33.58,32.62,33.49,20.951379153386217,5411900,0.0000,1.0
2009-05-04,33.42,33.99,33.27,33.81,21.151571489280023,5363100,0.0000,1.0
2009-05-05,34.5,34.79,33.95,34.54,21.60826025553777,8330900,0.0000,1.0
2009-05-06,35.01,35.23,34.06,34.43,21.539444140074274,5696700,0.0000,1.0
2009-05-07,34.73,35.96,34.53,35.85,22.42779763060304,11236400,0.0000,1.0
2009-05-08,36.32,36.65,35.75,35.95,22.490357735569855,7172300,0.0000,1.0
2009-05-11,35.62,35.89,35.04,35.35,22.114997105768968,6339100,0.0000,1.0
2009-05-12,35.6,36.27,35.31,35.9,22.459077683086445,6427600,0.0000,1.0
2009-05-13,35.08,36.05,34.81,35.15,22.29642141017273,6042000,0.4900,1.0
2009-05-14,35.22,35.44,35.0,35.12,22.277391747518244,4647400,0.0000,1.0
2009-05-15,35.1,35.17,34.05,34.17,21.674785763459525,6176500,0.0000,1.0
2009-05-18,34.42,34.75,34.01,34.67,21.991946807700955,5553400,0.0000,1.0
2009-05-19,34.81,34.85,34.34,34.53,21.903141715313357,4369900,0.0000,1.0
2009-05-20,34.86,35.23,34.5,34.73,22.030006133009927,4780800,0.0000,1.0
2009-05-21,35.12,35.12,34.18,34.62,21.96023070327681,5217100,0.0000,1.0
2009-05-22,34.63,34.77,34.14,34.34,21.782620518501613,3339200,0.0000,1.0
2009-05-26,34.23,34.92,34.05,34.85,22.106124783627873,3952900,0.0000,1.0
2009-05-27,34.84,35.03,33.58,33.67,21.35762471921809,5193700,0.0000,1.0
2009-05-28,33.67,34.12,33.57,33.78,21.427400148951207,4498700,0.0000,1.0
2009-05-29,33.85,34.6,33.6,34.57,21.92851459885267,4873200,0.0000,1.0
2009-06-01,34.89,35.06,34.28,34.65,21.979260365931296,5319700,0.0000,1.0
2009-06-02,34.5,35.34,34.4,35.05,22.232989201324443,5291500,0.0000,1.0
2009-06-03,34.75,34.87,34.3,34.6,21.947544261507158,5278000,0.0000,1.0
2009-06-04,34.65,34.84,34.0,34.38,21.807993402040925,4666600,0.0000,1.0
2009-06-05,34.54,34.81,33.97,34.77,22.055379016549246,5526000,0.0000,1.0
2009-06-08,34.8,34.81,33.7,34.1,21.630383217265724,5648700,0.0000,1.0
2009-06-09,33.95,34.37,33.51,33.91,21.509862020453976,4052000,0.0000,1.0
2009-06-10,34.12,34.22,33.6,33.91,21.509862020453976,4738700,0.0000,1.0
2009-06-11,33.94,34.9,33.94,34.38,21.807993402040925,6347400,0.0000,1.0
2009-06-12,34.39,34.84,34.07,34.29,21.750904414077468,5266200,0.0000,1.0
2009-06-15,33.99,33.99,32.94,32.96,20.907256036395257,7087900,0.0000,1.0
2009-06-16,33.14,33.5298,32.78,32.98,20.91994247816491,6471600,0.0000,1.0
2009-06-17,32.99,33.81,32.99,33.43,21.2053874179822,5062500,0.0000,1.0
2009-06-18,33.44,34.18,33.3,33.85,21.47180269514501,4871900,0.0000,1.0
2009-06-19,34.08,34.28,33.6,33.71,21.382997602757406,6932400,0.0000,1.0
2009-06-22,33.4,33.4,32.78,33.22,21.0721797794008,7991300,0.0000,1.0
2009-06-23,33.25,33.76,33.15,33.56,21.287849289484978,5840100,0.0000,1.0
2009-06-24,33.68,33.97,33.36,33.61,21.31956539390912,6134000,0.0000,1.0
2009-06-25,33.38,35.41,33.2502,35.33,22.410599386099648,12777400,0.0000,1.0
2009-06-26,35.2,35.47,34.02,35.28,22.378883281675506,18743900,0.0000,1.0
2009-06-29,35.3,35.3,34.53,35.03,22.220302759554787,6993100,0.0000,1.0
2009-06-30,35.03,35.22,34.32,34.64,21.97291714504647,6700100,0.0000,1.0
2009-07-01,34.76,35.24,34.64,34.96,22.175900213360986,5269200,0.0000,1.0
2009-07-02,34.71,34.71,33.9,34.01,21.573294229302263,4492900,0.0000,1.0
2009-07-06,33.68,33.97,33.265,33.57,21.294192510369804,6241500,0.0000,1.0
2009-07-07,33.56,33.88,33.3,33.49,21.243446743291177,6003900,0.0000,1.0
2009-07-08,33.04,33.93,33.04,33.42,21.199044197097376,5880000,0.0000,1.0
2009-07-09,33.5,33.58,32.88,33.0,20.93262891993457,5492500,0.0000,1.0
2009-07-10,32.85,33.92,32.75,33.32,21.13561198824909,13989200,0.0000,1.0
2009-07-13,33.4,33.45,32.19,32.93,20.888226373740768,13187100,0.0000,1.0
2009-07-14,32.81,33.03,32.6,32.91,20.87553993197111,9884200,0.0000,1.0
2009-07-15,33.01,33.56,32.63,33.49,21.243446743291177,7363900,0.0000,1.0
2009-07-16,33.37,33.91,33.37,33.76,21.414713707181548,6020100,0.0000,1.0
2009-07-17,33.71,33.73,33.22,33.53,21.26881962683049,4388500,0.0000,1.0
2009-07-20,33.76,33.93,33.14,33.72,21.389340823642232,6245200,0.0000,1.0
2009-07-21,34.11,34.53,33.96,34.45,21.852395948234726,6772300,0.0000,1.0
2009-07-22,34.85,34.87,33.78,33.79,21.433743369836034,9882600,0.0000,1.0
2009-07-23,34.06,34.54,33.8,34.28,21.744561193192638,6543100,0.0000,1.0
2009-07-24,34.14,34.76,33.82,34.68,21.998290028585785,7136100,0.0000,1.0
2009-07-27,34.82,35.15,34.51,35.15,22.29642141017273,4740800,0.0000,1.0
2009-07-28,35.01,35.32,34.52,35.07,22.245675643094103,4896400,0.0000,1.0
2009-07-29,34.99,35.27,34.61,34.9,22.137840888052015,4125500,0.0000,1.0
2009-07-30,35.22,35.65,34.91,35.05,22.232989201324443,4579700,0.0000,1.0
2009-07-31,35.01,35.41,34.88,34.89,22.131497667167185,5893600,0.0000,1.0
2009-08-03,35.33,35.63,34.57,34.96,22.175900213360986,5663700,0.0000,1.0
2009-08-04,34.89,35.06,34.61,35.06,22.239332422209277,4364800,0.0000,1.0
2009-08-05,35.14,35.27,34.5,34.7,22.010976470355445,4805900,0.0000,1.0
2009-08-06,34.77,34.79,34.34,34.42,21.83336628558024,4453200,0.0000,1.0
2009-08-07,34.74,35.06,34.57,34.89,22.131497667167185,5257700,0.0000,1.0
2009-08-10,33.975,34.0,33.68,33.83,21.45911625337535,9479700,0.0000,1.0
2009-08-11,33.94,34.03,33.53,33.67,21.35762471921809,6293700,0.0000,1.0
2009-08-12,33.4,33.42,32.9,32.94,21.205387417982198,7475700,0.4900,1.0
2009-08-13,32.92,33.15,32.39,32.87,21.160324360324072,6266000,0.0000,1.0
2009-08-14,32.91,32.97,32.4,32.88,21.16676193998952,3817300,0.0000,1.0
2009-08-17,32.73,32.94,32.45,32.71,21.057323085676924,4247000,0.0000,1.0
2009-08-18,32.23,33.01,32.23,32.84,21.141011621327735,5479500,0.0000,1.0
2009-08-19,32.34,32.95,32.34,32.95,21.21182499764765,5936900,0.0000,1.0
2009-08-20,33.16,33.27,32.82,33.15,21.340576590956587,4443900,0.0000,1.0
2009-08-21,33.2,33.84,33.2,33.45,21.533703980919995,5728300,0.0000,1.0
2009-08-24,33.57,33.9,33.38,33.73,21.713956211552507,5603000,0.0000,1.0
2009-08-25,33.76,34.15,33.73,33.87,21.804082326868766,5369100,0.0000,1.0
2009-08-26,33.74,34.15,33.6,33.65,21.662455574228932,5392700,0.0000,1.0
2009-08-27,33.58,34.15,33.58,34.11,21.958584238839492,6200500,0.0000,1.0
2009-08-28,34.11,34.22,33.3801,33.6,21.6302676759017,8660000,0.0000,1.0
2009-08-31,33.31,33.81,33.31,33.46,21.540141560585443,5819100,0.0000,1.0
2009-09-01,33.3,33.55,32.74,32.88,21.16676193998952,7084900,0.0000,1.0
2009-09-02,32.75,33.11,32.65,33.01,21.250450475640328,7142100,0.0000,1.0
2009-09-03,32.97,33.03,32.47,32.64,21.012260028018794,5838000,0.0000,1.0
2009-09-04,32.68,33.0,32.64,33.0,21.244012895974883,4159700,0.0000,1.0
2009-09-08,33.2,33.25,32.64,32.83,21.134574041662283,5376900,0.0000,1.0
2009-09-09,32.77,33.15,32.72,32.88,21.16676193998952,6195400,0.0000,1.0
2009-09-10,33.17,33.195,32.75,32.82,21.12813646199684,5942400,0.0000,1.0
2009-09-11,32.89,33.125,32.665,32.82,21.12813646199684,7281700,0.0000,1.0
2009-09-14,33.32,33.33,33.01,33.13,21.327701431625695,8473700,0.0000,1.0
2009-09-15,33.23,33.23,32.71,32.75,21.08307340433871,7476100,0.0000,1.0
2009-09-16,32.86,32.95,32.68,32.87,21.160324360324072,6122600,0.0000,1.0
2009-09-17,32.8,32.96,32.68,32.74,21.076635824673264,7067600,0.0000,1.0
2009-09-18,33.0,33.07,32.83,32.86,21.153886780658624,9311900,0.0000,1.0
2009-09-21,33.0,33.03,32.75,32.86,21.153886780658624,4607600,0.0000,1.0
2009-09-22,32.94,33.0165,32.69,32.77,21.095948563669605,6737400,0.0000,1.0
2009-09-23,32.85,32.85,32.45,32.45,20.889946014375305,6428500,0.0000,1.0
2009-09-24,32.57,32.73,32.3,32.4,20.857758116048064,6937400,0.0000,1.0
2009-09-25,32.38,32.87,32.38,32.68,21.03801034668058,6311700,0.0000,1.0
2009-09-28,32.73,33.35,32.73,33.04,21.26976321463667,5600500,0.0000,1.0
2009-09-29,33.18,33.55,32.92,33.42,21.514391241923654,9277100,0.0000,1.0
2009-09-30,33.52,33.52,32.75,33.03,21.263325634971224,6579000,0.0000,1.0
2009-10-01,32.97,33.03,32.6,32.65,21.01869760768424,6639300,0.0000,1.0
2009-10-02,32.5,32.655,32.3,32.51,20.928571492367983,5759000,0.0000,1.0
2009-10-05,32.61,32.66,32.27,32.47,20.902821173706194,5052900,0.0000,1.0
2009-10-06,32.65,33.18,32.52,33.02,21.25688805530578,4829000,0.0000,1.0
2009-10-07,33.0,33.12,32.85,33.12,21.321263851960243,5456500,0.0000,1.0
2009-10-08,33.23,33.52,33.19,33.36,21.475765763930973,5007700,0.0000,1.0
2009-10-09,33.39,33.89,33.14,33.78,21.746144109879744,5442700,0.0000,1.0
2009-10-12,33.9,34.06,33.75,33.87,21.804082326868766,4233800,0.0000,1.0
2009-10-13,33.81,33.85,33.3,33.36,21.475765763930973,5376800,0.0000,1.0
2009-10-14,33.59,34.08,33.38,33.92,21.836270225196003,6773600,0.0000,1.0
2009-10-15,33.79,34.51,33.75,34.5,22.209649845791922,6888400,0.0000,1.0
2009-10-16,34.26,34.58,34.26,34.44,22.17102436779924,6747500,0.0000,1.0
2009-10-19,34.72,35.55,34.56,35.28,22.711781059696783,9515500,0.0000,1.0
2009-10-20,35.19,35.63,34.84,35.24,22.686030741034998,12117400,0.0000,1.0
2009-10-21,35.4,35.51,33.48,33.66,21.668893153894377,17840300,0.0000,1.0
2009-10-22,33.97,34.13,33.45,34.1,21.952146659174048,10035000,0.0000,1.0
2009-10-23,34.23,34.28,33.8,33.96,21.86202054385779,7867500,0.0000,1.0
2009-10-26,34.05,34.4,33.73,33.91,21.82983264553055,8003700,0.0000,1.0
2009-10-27,34.0,34.43,33.88,34.18,22.003647296497622,6637400,0.0000,1.0
2009-10-28,34.16,34.37,34.0,34.0,21.887770862519577,7898000,0.0000,1.0
2009-10-29,34.15,34.15,33.7,34.14,21.977896977835833,7201100,0.0000,1.0
2009-10-30,34.07,34.33,33.7,34.01,21.894208442185022,8669400,0.0000,1.0
2009-11-02,34.19,34.19,33.82,34.05,21.919958760846807,7000200,0.0000,1.0
2009-11-03,33.9,34.0,33.382,33.54,21.591642197909017,7223300,0.0000,1.0
2009-11-04,33.82,34.38,33.6525,33.98,21.87489570318868,5766000,0.0000,1.0
2009-11-05,34.14,34.6,34.01,34.43,22.164586788133793,4852300,0.0000,1.0
2009-11-06,34.39,34.53,34.16,34.5,22.209649845791922,9027300,0.0000,1.0
2009-11-09,34.76,35.38,34.61,35.32,22.73753137835857,5819100,0.0000,1.0
2009-11-10,34.75,35.34,34.69,35.25,23.007909724307343,6043400,0.4900,1.0
2009-11-11,35.31,35.4,34.86,35.19,22.968747324776604,6164200,0.0000,1.0
2009-11-12,35.02,35.4,34.9115,34.98,22.831678926419027,5226600,0.0000,1.0
2009-11-13,35.09,35.52,34.95,35.36,23.07970745678036,5019100,0.0000,1.0
2009-11-16,35.39,36.06,35.25,35.89,23.425641985968525,7371200,0.0000,1.0
2009-11-17,35.89,35.95,35.58,35.94,23.458277318910802,4780700,0.0000,1.0
2009-11-18,36.0,36.22,35.53,36.21,23.63450811679912,5744200,0.0000,1.0
2009-11-19,36.07,36.21,35.26,36.12,23.57576451750301,7071700,0.0000,1.0
2009-11-20,36.04,36.7,36.0,36.59,23.882536647160446,7319900,0.0000,1.0
2009-11-23,36.63,37.18,36.63,36.8,24.019605045518016,5129200,0.0000,1.0
2009-11-24,36.89,37.4,36.72,37.3,24.345958374940817,8028200,0.0000,1.0
2009-11-25,37.44,37.54,37.2,37.4,24.41122904082538,5113500,0.0000,1.0
2009-11-27,36.91,37.04,36.46,36.9,24.084875711402578,3040500,0.0000,1.0
2009-11-30,36.98,37.0,36.57,36.73,23.973915579398827,6680700,0.0000,1.0
2009-12-01,36.82,37.48,36.67,37.09,24.208889976583244,6762200,0.0000,1.0
2009-12-02,37.09,37.66,37.09,37.51,24.483026773298395,6618300,0.0000,1.0
2009-12-03,37.49,37.99,37.31,37.4,24.41122904082538,6362400,0.0000,1.0
2009-12-04,37.76,38.0,37.25,37.39,24.40470197423692,5001100,0.0000,1.0
2009-12-07,37.43,37.78,37.03,37.07,24.195835843406332,5677300,0.0000,1.0
2009-12-08,37.02,37.33,36.44,36.51,23.830320114452796,7180900,0.0000,1.0
2009-12-09,36.5,36.75,36.23,36.56,23.862955447395077,6549500,0.0000,1.0
2009-12-10,35.79,36.04,34.76,35.02,22.857787192772857,21928200,0.0000,1.0
2009-12-11,35.24,35.39,34.47,34.97,22.825151859830573,12559000,0.0000,1.0
2009-12-14,35.24,35.81,35.11,35.62,23.249411188080213,6539000,0.0000,1.0
2009-12-15,35.58,35.79,35.23,35.75,23.33426305373014,6072400,0.0000,1.0
2009-12-16,35.94,36.06,35.71,35.71,23.308154787376317,7272500,0.0000,1.0
2009-12-17,35.68,35.76,35.32,35.45,23.138451056076462,5318600,0.0000,1.0
2009-12-18,35.48,35.78,35.33,35.72,23.31468185396477,9838300,0.0000,1.0
2009-12-21,35.85,36.525,35.72,36.24,23.654089316564487,6356000,0.0000,1.0
2009-12-22,36.43,36.68,35.96,36.11,23.569237450914557,5231200,0.0000,1.0
2009-12-23,36.35,36.47,35.89,35.94,23.458277318910802,5578300,0.0000,1.0
2009-12-24,36.0,36.1,35.8,36.08,23.549656251149187,1410500,0.0000,1.0
2009-12-28,36.19,36.35,35.99,36.21,23.63450811679912,3104000,0.0000,1.0
2009-12-29,36.21,36.36,35.99,36.01,23.503966785029995,3629300,0.0000,1.0
2009-12-30,35.85,36.17,35.82,36.17,23.608399850445295,3457600,0.0000,1.0
2009-12-31,36.1,36.15,35.66,35.71,23.308154787376317,4821400,0.0000,1.0
2010-01-04,35.77,36.35,35.77,35.82,23.379952519849333,6067100,0.0000,1.0
2010-01-05,35.9,35.91,34.93,35.19,22.968747324776604,7517100,0.0000,1.0
2010-01-06,35.24,35.53,35.24,35.45,23.138451056076462,7661600,0.0000,1.0
2010-01-07,35.49,35.56,35.15,35.27,23.020963857484258,5997100,0.0000,1.0
2010-01-08,35.28,35.28,34.84,35.0,22.844733059595942,5624400,0.0000,1.0
2010-01-11,35.09,35.56,35.09,35.48,23.158032255841828,4793400,0.0000,1.0
2010-01-12,35.35,35.6,35.21,35.36,23.07970745678036,4700800,0.0000,1.0
2010-01-13,35.35,36.0,35.27,35.85,23.399533719614702,5320900,0.0000,1.0
2010-01-14,35.75,36.0,35.75,36.0,23.49743971844154,6417300,0.0000,1.0
2010-01-15,36.0,36.11,35.43,35.82,23.379952519849333,6519600,0.0000,1.0
2010-01-19,35.99,37.92,35.91,37.41,24.417756107413833,17795600,0.0000,1.0
2010-01-20,37.4,37.72,36.66,37.3,24.345958374940817,8851200,0.0000,1.0
2010-01-21,37.27,37.48,36.0,36.11,23.569237450914557,11022600,0.0000,1.0
2010-01-22,36.09,36.41,35.46,35.52,23.184140522195655,7247500,0.0000,1.0
2010-01-25,35.85,36.02,35.53,35.75,23.33426305373014,6499400,0.0000,1.0
2010-01-26,35.96,36.235,35.77,36.16,23.601872783856834,7128400,0.0000,1.0
2010-01-27,36.16,36.42,35.9,36.39,23.751995315391326,7009700,0.0000,1.0
2010-01-28,35.91,36.01,35.27,35.75,23.33426305373014,9423500,0.0000,1.0
2010-01-29,35.94,35.94,35.13,35.2,22.975274391365065,9281900,0.0000,1.0
2010-02-01,35.36,35.69,34.85,35.0,22.844733059595942,6767300,0.0000,1.0
2010-02-02,35.0,35.75,34.9,35.62,23.249411188080213,6573500,0.0000,1.0
2010-02-03,35.45,35.45,35.07,35.31,23.04707212383808,5493500,0.0000,1.0
2010-02-04,35.1,35.22,34.61,34.67,22.629339862176895,8914200,0.0000,1.0
2010-02-05,34.64,34.82,33.91,34.52,22.531433863350056,8698500,0.0000,1.0
2010-02-08,34.49,35.1299,34.22,34.78,22.70113759464991,8301000,0.0000,1.0
2010-02-09,34.95,35.47,34.86,35.2,22.975274391365065,10261600,0.0000,1.0
2010-02-10,34.75,34.75,33.98,34.17,22.62281279558844,9425900,0.4900,1.0
2010-02-11,34.17,34.43,33.8198,34.17,22.62281279558844,6352000,0.0000,1.0
2010-02-12,33.95,34.04,33.63,33.95,22.47715816242984,8706400,0.0000,1.0
2010-02-16,34.25,34.25,33.95,34.08,22.563226809296285,7280900,0.0000,1.0
2010-02-17,34.35,34.62,34.22,34.39,22.768467428747044,5708100,0.0000,1.0
2010-02-18,34.39,34.59,34.26,34.41,22.78170875903419,4158200,0.0000,1.0
2010-02-19,34.2,34.4801,33.86,34.24,22.669157451593453,5476400,0.0000,1.0
2010-02-22,34.4,34.65,34.08,34.47,22.821432749895624,5855000,0.0000,1.0
2010-02-23,34.36,34.47,33.85,33.96,22.48377882757341,5547900,0.0000,1.0
2010-02-24,34.11,34.31,33.955,34.04,22.536744148721993,4426200,0.0000,1.0
2010-02-25,33.84,34.32,33.72,34.24,22.669157451593453,6111600,0.0000,1.0
2010-02-26,34.33,34.52,34.19,34.34,22.73536410302918,4850100,0.0000,1.0
2010-03-01,34.5,34.55,34.275,34.32,22.722122772742033,5714700,0.0000,1.0
2010-03-02,34.34,34.76,34.33,34.55,22.874398071044208,6316400,0.0000,1.0
2010-03-03,34.62,34.73,34.23,34.32,22.722122772742033,5317600,0.0000,1.0
2010-03-04,34.32,34.56,34.31,34.54,22.867777405900636,5815300,0.0000,1.0
2010-03-05,34.65,35.09,34.63,35.09,23.231913988797146,5995400,0.0000,1.0
2010-03-08,35.11,35.11,34.81,34.93,23.12598334649998,5672000,0.0000,1.0
2010-03-09,35.0,35.17,34.77,35.06,23.212051993366426,4805800,0.0000,1.0
2010-03-10,35.24,35.46,35.08,35.34,23.397430617386465,5063800,0.0000,1.0
2010-03-11,35.33,35.83,35.23,35.82,23.71522254427796,6661300,0.0000,1.0
2010-03-12,35.99,36.0,35.48,35.93,23.788049860857264,7245200,0.0000,1.0
2010-03-15,35.91,36.04,35.76,36.01,23.841015182005844,6446000,0.0000,1.0
2010-03-16,36.09,36.22,35.89,36.18,23.953566489446583,6635900,0.0000,1.0
2010-03-17,36.21,36.34,36.09,36.22,23.980049150020875,6155400,0.0000,1.0
2010-03-18,36.08,36.38,36.02,36.36,24.072738462030895,5731200,0.0000,1.0
2010-03-19,36.48,36.58,36.01,36.17,23.94694582430301,9641300,0.0000,1.0
2010-03-22,36.17,36.82,36.12,36.54,24.191910434615206,6691600,0.0000,1.0
2010-03-23,36.64,36.8,36.46,36.62,24.24487575576379,6515200,0.0000,1.0
2010-03-24,36.68,36.7,36.18,36.26,24.006531810595167,5450700,0.0000,1.0
2010-03-25,36.58,36.58,35.96,35.98,23.821153186575124,5852200,0.0000,1.0
2010-03-26,36.04,36.04,35.4,35.42,23.45039593853505,8199200,0.0000,1.0
2010-03-29,35.5,35.73,35.34,35.47,23.48349926425291,6954900,0.0000,1.0
2010-03-30,35.51,35.94,35.48,35.9,23.768187865426544,7239900,0.0000,1.0
2010-03-31,35.87,36.49,35.8,36.22,23.980049150020875,9361900,0.0000,1.0
2010-04-01,36.45,36.59,36.04,36.15,23.933704494015863,6248100,0.0000,1.0
2010-04-05,36.35,36.97,36.2,36.55,24.198531099758778,8196400,0.0000,1.0
2010-04-06,36.39,36.58,36.06,36.51,24.172048439184486,7033500,0.0000,1.0
2010-04-07,36.51,36.68,36.45,36.52,24.178669104328062,9554200,0.0000,1.0
2010-04-08,36.51,36.62,36.45,36.52,24.178669104328062,6104900,0.0000,1.0
2010-04-09,36.69,36.915,36.54,36.84,24.390530388922393,4587200,0.0000,1.0
2010-04-12,36.83,36.83,36.54,36.57,24.211772430045926,5256400,0.0000,1.0
2010-04-13,36.57,36.96,36.5,36.92,24.443495710070977,5788900,0.0000,1.0
2010-04-14,36.72,36.82,36.45,36.59,24.225013760333074,7678300,0.0000,1.0
2010-04-15,36.61,36.78,36.5,36.72,24.311082407199518,5629500,0.0000,1.0
2010-04-16,36.52,36.84,36.5,36.54,24.191910434615206,7987600,0.0000,1.0
2010-04-19,35.95,36.62,35.75,36.58,24.218393095189498,11600000,0.0000,1.0
2010-04-20,36.53,36.65,36.46,36.53,24.185289769471634,7789400,0.0000,1.0
2010-04-21,36.5,36.56,35.8,36.01,23.841015182005844,11347000,0.0000,1.0
2010-04-22,35.79,35.84,35.21,35.38,23.423913277960757,10391800,0.0000,1.0
2010-04-23,35.42,35.48,34.85,35.46,23.47687859910934,10398900,0.0000,1.0
2010-04-26,35.48,35.7,35.25,35.32,23.384189287099318,6419000,0.0000,1.0
2010-04-27,35.29,35.4,34.82,34.87,23.08625935563854,7002500,0.0000,1.0
2010-04-28,35.02,35.02,34.57,34.76,23.01343203905924,6968300,0.0000,1.0
2010-04-29,34.97,35.35,34.8276,35.04,23.19881066307928,6256300,0.0000,1.0
2010-04-30,35.13,35.5,34.97,34.97,23.152466007074267,6937600,0.0000,1.0
2010-05-03,35.27,35.41,35.0,35.19,23.29812064023287,5234100,0.0000,1.0
2010-05-04,35.03,35.38,34.86,35.01,23.17894866764856,7010800,0.0000,1.0
2010-05-05,34.96,35.37,34.86,35.08,23.22529332365357,6713800,0.0000,1.0
2010-05-06,35.05,35.13,33.42,34.4,22.775088093890616,12354100,0.0000,1.0
2010-05-07,34.4,34.9,34.02,34.62,22.920742727049216,23682700,0.0000,1.0
2010-05-10,35.47,35.8,34.92,35.15,23.27163797965858,13461100,0.0000,1.0
2010-05-11,34.98,35.54,34.95,35.28,23.35770662652503,6984800,0.0000,1.0
2010-05-12,35.07,35.07,34.47,34.78,23.351085961381457,6697600,0.4900,1.0
2010-05-13,34.78,34.83,34.48,34.5,23.16309562011674,5617300,0.0000,1.0
2010-05-14,34.34,34.4,33.73,33.92,22.7736870560684,7688500,0.0000,1.0
2010-05-17,33.97,34.16,33.58,34.01,22.834112522903485,5526900,0.0000,1.0
2010-05-18,34.25,34.415,33.61,33.62,22.572268833284774,6693100,0.0000,1.0
2010-05-19,33.47,34.0,33.47,33.86,22.733403411511674,9399300,0.0000,1.0
2010-05-20,33.45,33.96,33.1,33.34,22.384278492020062,12160500,0.0000,1.0
2010-05-21,33.0,33.2,32.67,33.12,22.236571795312067,9019400,0.0000,1.0
2010-05-24,33.01,33.41,32.9,32.98,22.14257662467971,4874600,0.0000,1.0
2010-05-25,32.63,32.81,32.02,32.75,21.988155987212266,10079600,0.0000,1.0
2010-05-26,32.98,32.98,32.1,32.25,21.65245894923956,12715000,0.0000,1.0
2010-05-27,32.67,32.87,32.52,32.82,22.035153572528447,6110700,0.0000,1.0
2010-05-28,32.84,33.08,32.555,32.79,22.015011750250082,8389500,0.0000,1.0
2010-06-01,32.63,33.13,32.41,32.55,21.853877172023182,5852100,0.0000,1.0
2010-06-02,32.76,33.22,32.62,33.21,22.29699726214716,5509500,0.0000,1.0
2010-06-03,33.23,33.54,33.17,33.37,22.40442031429842,5107700,0.0000,1.0
2010-06-04,33.02,33.1,32.27,32.37,21.73302623835301,6832600,0.0000,1.0
2010-06-07,32.59,32.845,32.43,32.58,21.874018994301547,9650100,0.0000,1.0
2010-06-08,32.57,32.92,32.38,32.9,22.088865098604078,7600900,0.0000,1.0
2010-06-09,33.0,33.29,32.81,32.95,22.12243480240135,6512400,0.0000,1.0
2010-06-10,33.35,33.92,33.1519,33.46,22.464845781133512,7213400,0.0000,1.0
2010-06-11,33.32,33.8,33.26,33.67,22.605838537082047,5601600,0.0000,1.0
2010-06-14,34.0,34.2195,33.83,33.87,22.740117352271128,6053200,0.0000,1.0
2010-06-15,33.95,34.42,33.76,34.39,23.089242271762746,6373600,0.0000,1.0
2010-06-16,34.27,34.36,33.92,34.11,22.901251930498027,7534700,0.0000,1.0
2010-06-17,34.24,34.39,33.925,34.39,23.089242271762746,6494200,0.0000,1.0
2010-06-18,34.66,34.74,34.36,34.61,23.236948968470735,8506400,0.0000,1.0
2010-06-21,34.76,34.85,34.515,34.66,23.270518672268004,5373200,0.0000,1.0
2010-06-22,34.66,34.98,34.42,34.45,23.12952591631947,5256400,0.0000,1.0
2010-06-23,34.44,34.7,34.24,34.56,23.203379264673465,5625800,0.0000,1.0
2010-06-24,34.54,34.61,34.19,34.48,23.149667738597827,16867500,0.0000,1.0
2010-06-25,34.32,34.35,33.86,33.94,22.787114937587308,12710800,0.0000,1.0
2010-06-28,34.25,34.26,33.77,34.02,22.840826463662943,8289300,0.0000,1.0
2010-06-29,33.61,33.81,33.34,33.75,22.65955006315768,8854700,0.0000,1.0
2010-06-30,33.7,34.07,33.43,33.5,22.491701544171327,7742600,0.0000,1.0
2010-07-01,33.43,33.47,32.82,33.12,22.236571795312067,17132600,0.0000,1.0
2010-07-02,33.28,33.87,33.09,33.67,22.605838537082047,6888200,0.0000,1.0
2010-07-06,33.97,34.15,33.67,33.91,22.766973115308943,19358500,0.0000,1.0
2010-07-07,34.02,34.67,33.76,34.66,23.270518672268004,6759500,0.0000,1.0
2010-07-08,34.83,35.19,34.75,35.18,23.61964359175962,7511300,0.0000,1.0
2010-07-09,35.14,35.18,34.88,35.17,23.61292965100017,5367200,0.0000,1.0
2010-07-12,35.1,35.19,34.94,35.13,23.58607388796235,4361700,0.0000,1.0
2010-07-13,35.27,35.6,35.17,35.21,23.639785414037984,7524300,0.0000,1.0
2010-07-14,35.15,35.2,34.7,34.8,23.36451384290036,11570800,0.0000,1.0
2010-07-15,34.86,35.24,34.62,35.17,23.61292965100017,7380700,0.0000,1.0
2010-07-16,35.08,35.12,34.58,34.64,23.257090790749096,7637500,0.0000,1.0
2010-07-19,34.76,35.08,34.76,34.99,23.492078717329992,4951300,0.0000,1.0
2010-07-20,34.77,35.31,34.45,35.26,23.673355117835253,6926100,0.0000,1.0
2010-07-21,35.43,35.43,34.72,34.95,23.465222954292177,6809100,0.0000,1.0
2010-07-22,35.85,35.85,35.0,35.15,23.599501769481257,8888000,0.0000,1.0
2010-07-23,35.22,35.24,34.5701,35.17,23.61292965100017,6328000,0.0000,1.0
2010-07-26,35.2,35.52,35.17,35.44,23.794206051505427,4673400,0.0000,1.0
2010-07-27,35.63,36.13,35.25,36.1,24.2373261416294,11840500,0.0000,1.0
2010-07-28,36.02,36.2,35.53,35.67,23.948626688972873,10420300,0.0000,1.0
2010-07-29,35.76,35.99,35.2,35.45,23.800919992264884,7269400,0.0000,1.0
2010-07-30,35.26,35.82,35.05,35.6,23.901629103656695,7662800,0.0000,1.0
2010-08-02,35.84,36.39,35.75,36.34,24.398460719856303,6991400,0.0000,1.0
2010-08-03,36.43,36.66,36.28,36.58,24.559595298083195,5950300,0.0000,1.0
2010-08-04,36.47,36.82,36.22,36.78,24.69387411327228,6623300,0.0000,1.0
2010-08-05,36.59,36.88,36.46,36.85,24.74087169858846,3620200,0.0000,1.0
2010-08-06,36.6,36.89,36.39,36.87,24.754299580107364,4711800,0.0000,1.0
2010-08-09,36.98,37.01,36.87,36.96,24.814725046942456,5664200,0.0000,1.0
2010-08-10,36.81,37.92,36.81,37.77,25.35855424845824,11213900,0.0000,1.0
2010-08-11,36.81,37.26,36.57,36.71,24.975859625169356,9675700,0.4900,1.0
2010-08-12,36.42,36.87,36.23,36.6,24.901020492541498,7401800,0.0000,1.0
2010-08-13,35.39,35.84,35.23,35.7,24.288700316495397,13055600,0.0000,1.0
2010-08-16,35.38,35.73,35.23,35.57,24.20025406884429,5217800,0.0000,1.0
2010-08-17,35.08,35.15,34.45,34.75,23.642362352891176,14976600,0.0000,1.0
2010-08-18,34.81,34.97,34.64,34.78,23.66277302542605,23704700,0.0000,1.0
2010-08-19,34.59,34.69,34.18,34.28,23.32259514984488,10578400,0.0000,1.0
2010-08-20,34.1,34.23,33.73,34.17,23.247756017217025,9187800,0.0000,1.0
2010-08-23,34.35,34.54,34.25,34.31,23.34300582237975,13820500,0.0000,1.0
2010-08-24,34.04,34.22,33.85,33.97,23.111684866984554,6426300,0.0000,1.0
2010-08-25,33.84,34.5,33.8,34.31,23.34300582237975,7127500,0.0000,1.0
2010-08-26,34.46,34.46,33.84,33.95,23.09807775196131,6380900,0.0000,1.0
2010-08-27,34.11,34.25,33.72,34.2,23.268166689751894,5809800,0.0000,1.0
2010-08-30,34.23,34.28,33.95,33.97,23.111684866984554,4576400,0.0000,1.0
2010-08-31,33.95,34.04,33.535,33.59,22.85314968154287,9329300,0.0000,1.0
2010-09-01,34.11,34.33,33.83,34.2,23.268166689751894,8004300,0.0000,1.0
2010-09-02,34.16,34.42,34.117,34.31,23.34300582237975,4316400,0.0000,1.0
2010-09-03,34.3,34.71,34.28,34.66,23.581130335286563,4450600,0.0000,1.0
2010-09-07,34.71,34.78,34.43,34.54,23.499487645147084,4009800,0.0000,1.0
2010-09-08,34.81,34.9,34.59,34.81,23.683183697960917,3587400,0.0000,1.0
2010-09-09,34.9,35.44,34.77,35.17,23.92811176837936,5616000,0.0000,1.0
2010-09-10,35.45,35.52,35.2,35.43,24.105004263681565,4600900,0.0000,1.0
2010-09-13,35.73,35.74,35.32,35.53,24.1730398387978,3943200,0.0000,1.0
2010-09-14,35.57,35.85,35.45,35.65,24.254682528937277,6042800,0.0000,1.0
2010-09-15,35.64,35.84,35.51,35.7,24.288700316495397,4535900,0.0000,1.0
2010-09-16,35.58,35.76,35.3772,35.67,24.26828964396053,4461200,0.0000,1.0
2010-09-17,35.84,35.97,35.58,35.79,24.349932334100007,4899300,0.0000,1.0
2010-09-20,35.92,36.39,35.81,36.35,24.730931554750917,5525700,0.0000,1.0
2010-09-21,36.38,36.49,36.08,36.33,24.717324439727665,4736600,0.0000,1.0
2010-09-22,36.22,36.71,35.99,36.05,24.526824829402212,6931300,0.0000,1.0
2010-09-23,35.93,36.01,35.75,35.86,24.39755723668137,4437700,0.0000,1.0
2010-09-24,36.21,36.28,36.01,36.1,24.560842616960333,6132600,0.0000,1.0
2010-09-27,36.15,36.18,35.94,35.94,24.451985696774354,4638800,0.0000,1.0
2010-09-28,36.05,36.39,35.9,36.39,24.75814578479741,5453300,0.0000,1.0
2010-09-29,36.31,36.715,36.1,36.53,24.853395589960137,6778900,0.0000,1.0
2010-09-30,36.59,36.9,36.33,36.53,24.853395589960137,6022100,0.0000,1.0
2010-10-01,36.68,36.77,36.42,36.54,24.860199147471757,5212600,0.0000,1.0
2010-10-04,36.54,36.56,36.13,36.3,24.696913767192797,4680800,0.0000,1.0
2010-10-05,36.59,37.0,36.44,36.89,25.098323660378576,5468200,0.0000,1.0
2010-10-06,36.82,37.17,36.71,37.17,25.288823270704032,4981700,0.0000,1.0
2010-10-07,37.28,37.4,36.94,37.08,25.22759125309942,3782400,0.0000,1.0
2010-10-08,37.13,37.24,36.91,37.07,25.2207876955878,4539400,0.0000,1.0
2010-10-11,37.15,37.33,37.09,37.22,25.322841058262146,3152400,0.0000,1.0
2010-10-12,37.13,37.5,37.0,37.36,25.418090863424872,3733900,0.0000,1.0
2010-10-13,37.5,37.5,37.26,37.4,25.445305093471365,5772600,0.0000,1.0
2010-10-14,37.4,37.58,37.31,37.42,25.458912208494617,4715900,0.0000,1.0
2010-10-15,37.67,37.9,37.49,37.76,25.690233163889808,6742200,0.0000,1.0
2010-10-18,37.91,38.08,37.67,38.06,25.894339889238513,10374700,0.0000,1.0
2010-10-19,37.68,37.84,37.215,37.45,25.479322881029486,6696200,0.0000,1.0
2010-10-20,35.53,36.15,35.45,36.01,24.49961059935572,18242000,0.0000,1.0
2010-10-21,35.86,35.93,35.23,35.5,24.15262916626293,10773400,0.0000,1.0
2010-10-22,35.55,35.73,35.25,35.4,24.084593591146696,6708900,0.0000,1.0
2010-10-25,35.48,35.61,35.06,35.13,23.900897538332867,8500300,0.0000,1.0
2010-10-26,35.04,35.19,34.82,34.9,23.744415715565527,7667800,0.0000,1.0
2010-10-27,34.72,34.98,34.68,34.94,23.77162994561202,7163400,0.0000,1.0
2010-10-28,34.98,35.26,34.86,35.15,23.91450465335611,6306900,0.0000,1.0
2010-10-29,35.13,35.2,34.86,35.2,23.948522440914232,6326300,0.0000,1.0
2010-11-01,35.26,35.36,34.88,35.04,23.839665520728254,6940900,0.0000,1.0
2010-11-02,35.24,35.4,35.07,35.38,24.07098647612345,5843000,0.0000,1.0
2010-11-03,35.42,35.58,35.16,35.57,24.20025406884429,4714800,0.0000,1.0
2010-11-04,35.78,35.83,35.46,35.76,24.329521661565135,19563700,0.0000,1.0
2010-11-05,35.82,35.93,35.51,35.72,24.302307431518642,19177000,0.0000,1.0
2010-11-08,35.78,35.88,35.62,35.73,24.309110989030263,18223300,0.0000,1.0
2010-11-09,35.82,35.87,35.65,35.77,24.336325219076762,6519300,0.0000,1.0
2010-11-10,35.27,35.27,34.8,34.99,24.139022051239685,6763500,0.4900,1.0
2010-11-11,34.87,35.27,34.84,34.95,24.111426713084512,5473000,0.0000,1.0
2010-11-12,34.87,34.93,34.73,34.76,23.980348856847424,5527300,0.0000,1.0
2010-11-15,34.76,34.89,34.47,34.63,23.890664007843107,5821300,0.0000,1.0
2010-11-16,34.47,34.76,34.28,34.43,23.752687317067227,5934500,0.0000,1.0
2010-11-17,34.44,34.68,34.32,34.4,23.731990813450846,4032200,0.0000,1.0
2010-11-18,34.56,34.89,34.55,34.79,24.001045360463806,4699100,0.0000,1.0
2010-11-19,34.8,34.81,34.46,34.5,23.800979158838786,5109800,0.0000,1.0
2010-11-22,34.51,34.56,34.16,34.55,23.835473331532754,4272000,0.0000,1.0
2010-11-23,34.35,34.36,34.07,34.08,23.511228108209444,5980400,0.0000,1.0
2010-11-24,34.16,34.32,34.12,34.22,23.607811791752557,5834300,0.0000,1.0
2010-11-26,34.18,34.18,34.0,34.07,23.50432927367065,2807800,0.0000,1.0
2010-11-29,33.98,34.04,33.55,33.89,23.38015025197236,5126700,0.0000,1.0
2010-11-30,33.7,33.89,33.52,33.66,23.2214770575801,6176200,0.0000,1.0
2010-12-01,33.97,34.32,33.91,34.26,23.635407129907733,6252100,0.0000,1.0
2010-12-02,34.33,34.5,34.16,34.25,23.62850829536894,8527100,0.0000,1.0
2010-12-03,34.24,34.32,33.92,34.14,23.552621115442207,16305000,0.0000,1.0
2010-12-06,34.06,34.19,33.96,33.97,23.43534092828271,4658500,0.0000,1.0
2010-12-07,34.19,34.23,33.81,34.11,23.531924611825826,15330600,0.0000,1.0
2010-12-08,34.17,34.48,34.05,34.31,23.669901302601705,4641600,0.0000,1.0
2010-12-09,34.49,35.0,34.36,34.67,23.918259345998283,6603700,0.0000,1.0
2010-12-10,34.93,35.08,34.79,34.98,24.132123216700887,5813300,0.0000,1.0
2010-12-13,35.07,35.2,34.92,34.97,24.125224382162095,8563300,0.0000,1.0
2010-12-14,35.13,35.19,34.93,35.09,24.208010396627625,2003085,0.0000,1.0
2010-12-15,34.97,35.29,34.96,35.13,24.2356057347828,2194808,0.0000,1.0
2010-12-16,35.1,35.25,34.9,35.18,24.270099907476766,4629000,0.0000,1.0
2010-12-17,35.14,35.16,34.8,35.01,24.15281972031727,8493700,0.0000,1.0
2010-12-20,35.05,35.26,34.98,35.04,24.173516223933653,4608400,0.0000,1.0
2010-12-21,35.2,35.32,35.06,35.14,24.242504569321593,3793700,0.0000,1.0
2010-12-22,35.14,35.24,34.96,35.2,24.283897576554356,2846700,0.0000,1.0
2010-12-23,35.22,35.4,35.2,35.23,24.304594080170734,2913600,0.0000,1.0
2010-12-27,35.13,35.22,34.99,35.07,24.194212727550035,2002800,0.0000,1.0
2010-12-28,35.19,35.2,35.01,35.05,24.180415058472445,2617900,0.0000,1.0
2010-12-29,35.09,35.37,35.05,35.15,24.249403403860384,3177400,0.0000,1.0
2010-12-30,35.1,35.2915,34.9675,35.02,24.159718554856067,3176500,0.0000,1.0
2010-12-31,34.96,35.17,34.88,35.04,24.173516223933653,2979600,0.0000,1.0
2011-01-03,35.17,35.27,34.99,35.0,24.145920885778477,7491700,0.0000,1.0
2011-01-04,35.02,35.1,34.95,35.03,24.16661738939486,7729300,0.0000,1.0
2011-01-05,34.99,35.05,34.78,34.78,23.994146525925014,11609100,0.0000,1.0
2011-01-06,34.84,35.0,34.8,34.94,24.104527878545714,6037400,0.0000,1.0
2011-01-07,34.94,35.04,34.81,34.9,24.076932540390537,8366900,0.0000,1.0
2011-01-10,34.8,34.9,34.47,34.49,23.794080324299994,8807700,0.0000,1.0
2011-01-11,34.52,34.94,34.51,34.91,24.083831374929332,11646800,0.0000,1.0
2011-01-12,35.06,35.1,34.83,35.03,24.16661738939486,11675100,0.0000,1.0
2011-01-13,35.07,35.08,34.78,34.9,24.076932540390537,4218000,0.0000,1.0
2011-01-14,34.88,35.01,34.63,34.91,24.083831374929332,4993000,0.0000,1.0
2011-01-18,34.93,35.1,34.76,34.79,24.001045360463806,6273000,0.0000,1.0
2011-01-19,34.7,34.85,34.6,34.65,23.904461676920693,6668300,0.0000,1.0
2011-01-20,34.6,34.76,34.5,34.75,23.973450022308633,6900400,0.0000,1.0
2011-01-21,34.93,34.98,34.76,34.76,23.980348856847424,5620200,0.0000,1.0
2011-01-24,34.66,34.86,34.66,34.78,23.994146525925014,12259000,0.0000,1.0
2011-01-25,34.79,34.85,34.55,34.73,23.959652353231043,6893300,0.0000,1.0
2011-01-26,34.86,35.02,34.71,34.95,24.111426713084512,6617200,0.0000,1.0
2011-01-27,35.01,35.61,34.97,35.47,24.47016610910179,9754600,0.0000,1.0
2011-01-28,35.44,35.58,34.75,34.77,23.987247691386223,17586000,0.0000,1.0
2011-01-31,34.84,34.92,34.72,34.77,23.987247691386223,5704100,0.0000,1.0
2011-02-01,34.83,35.22,34.75,35.21,24.29079641109315,6232300,0.0000,1.0
2011-02-02,35.18,35.51,35.09,35.42,24.43567193640782,6754000,0.0000,1.0
2011-02-03,35.32,35.65,35.29,35.63,24.580547461722492,20017900,0.0000,1.0
2011-02-04,35.67,35.67,35.39,35.53,24.511559116334553,19844100,0.0000,1.0
2011-02-07,35.6,35.86,35.51,35.8,24.697827648881983,21207700,0.0000,1.0
2011-02-08,35.87,35.92,35.75,35.84,24.725422987037163,7706300,0.0000,1.0
2011-02-09,35.8,35.8,35.57,35.78,24.6840299798044,6415500,0.0000,1.0
2011-02-10,35.69,35.838,35.53,35.62,24.573648627183694,7107900,0.0000,1.0
2011-02-11,35.0,35.0,34.5,34.52,24.152819720317275,9101700,0.4900,1.0
2011-02-14,34.57,34.655,34.49,34.56,24.180806765184386,7215100,0.0000,1.0
2011-02-15,34.56,34.57,34.44,34.47,24.117835914233385,6143500,0.0000,1.0
2011-02-16,34.48,34.67,34.35,34.66,24.250774377352162,5705000,0.0000,1.0
2011-02-17,34.53,34.92,34.51,34.86,24.39070960168772,4189000,0.0000,1.0
2011-02-18,34.8,34.86,34.54,34.6,24.2087938100515,7277800,0.0000,1.0
2011-02-22,34.31,34.6,34.2,34.43,24.08984886936627,7829700,0.0000,1.0
2011-02-23,34.37,34.45,34.01,34.04,23.816975181911936,5926600,0.0000,1.0
2011-02-24,34.03,34.24,33.96,34.11,23.86595251042938,5576500,0.0000,1.0
2011-02-25,34.13,34.17,34.0,34.09,23.85195898799583,5821400,0.0000,1.0
2011-02-28,34.24,34.56,34.15,34.56,24.180806765184386,5853300,0.0000,1.0
2011-03-01,34.5,34.75,34.25,34.26,23.970903928681047,4837800,0.0000,1.0
2011-03-02,34.18,34.3,34.05,34.28,23.984897451114605,4869400,0.0000,1.0
2011-03-03,34.04,34.67,34.01,34.39,24.06186182449916,7070700,0.0000,1.0
2011-03-04,34.44,34.7,34.4,34.6,24.2087938100515,6903800,0.0000,1.0
2011-03-07,34.61,34.775,34.5,34.66,24.250774377352162,7097800,0.0000,1.0
2011-03-08,34.67,35.1,34.57,34.98,24.474670736289056,6907800,0.0000,1.0
2011-03-09,34.91,35.18,34.86,35.09,24.551635109673615,4693100,0.0000,1.0
2011-03-10,35.1,35.2,34.74,34.77,24.327738750736724,5660700,0.0000,1.0
2011-03-11,34.89,35.0,34.7,34.86,24.39070960168772,5137800,0.0000,1.0
2011-03-14,34.69,34.89,34.56,34.73,24.299751705869607,11484600,0.0000,1.0
2011-03-15,34.16,34.35,34.0,34.1,23.858955749212605,7572000,0.0000,1.0
2011-03-16,34.1,34.1,33.46,33.63,23.530107972024044,8771200,0.0000,1.0
2011-03-17,33.86,34.28,33.86,34.13,23.87994603286294,16946300,0.0000,1.0
2011-03-18,34.48,34.52,34.22,34.48,24.12483267545016,6271000,0.0000,1.0
2011-03-21,34.75,34.75,34.37,34.38,24.054865063282385,4656600,0.0000,1.0
2011-03-22,34.56,34.75,34.5,34.57,24.187803526401165,3995800,0.0000,1.0
2011-03-23,34.48,34.52,34.17,34.36,24.040871540848826,3677300,0.0000,1.0
2011-03-24,34.44,34.6971,34.3216,34.6,24.2087938100515,3466800,0.0000,1.0
2011-03-25,34.59,34.705,34.45,34.48,24.12483267545016,4750700,0.0000,1.0
2011-03-28,34.46,34.63,34.38,34.41,24.075855346932716,5009800,0.0000,1.0
2011-03-29,34.38,34.71,34.33,34.68,24.26476789978572,4423200,0.0000,1.0
2011-03-30,34.87,35.23,34.79,35.18,24.614605960624615,6180700,0.0000,1.0
2011-03-31,35.26,35.42,35.16,35.17,24.60760919940784,5860800,0.0000,1.0
2011-04-01,35.21,35.28,34.88,34.99,24.481667497505835,6385300,0.0000,1.0
2011-04-04,35.12,35.18,34.97,35.03,24.509654542372946,5073200,0.0000,1.0
2011-04-05,34.96,35.25,34.95,35.01,24.49566101993939,4158100,0.0000,1.0
2011-04-06,35.09,35.8,35.09,35.72,24.99243106633062,10337600,0.0000,1.0
2011-04-07,35.66,35.79,35.47,35.73,24.999427827547397,6786600,0.0000,1.0
2011-04-08,35.85,35.85,35.58,35.69,24.971440782680286,6119100,0.0000,1.0
2011-04-11,35.78,36.05,35.73,35.87,25.097382484582287,5675500,0.0000,1.0
2011-04-12,35.76,36.04,35.715,35.84,25.07639220093196,3578300,0.0000,1.0
2011-04-13,35.9,35.94,35.64,35.68,24.96444402146351,5063400,0.0000,1.0
2011-04-14,35.61,35.9,35.45,35.75,25.013421349980955,9595100,0.0000,1.0
2011-04-15,35.9,36.06,35.85,36.01,25.195337141617177,11458100,0.0000,1.0
2011-04-18,35.69,35.84,35.37,35.62,24.92246345416284,11452500,0.0000,1.0
2011-04-19,35.74,36.02,35.4,35.7,24.978437543897066,6311700,0.0000,1.0
2011-04-20,35.99,36.14,35.91,36.13,25.279298276218515,7168900,0.0000,1.0
2011-04-21,36.12,36.71,36.02,36.26,25.370256172036626,11597500,0.0000,1.0
2011-04-25,36.24,36.28,36.09,36.23,25.34926588838629,3641800,0.0000,1.0
2011-04-26,36.49,36.92,36.33,36.82,25.76207480017619,6795100,0.0000,1.0
2011-04-27,36.79,37.29,36.78,37.23,26.04894201006408,7015400,0.0000,1.0
2011-04-28,37.13,37.42,37.02,37.33,26.11890962223186,4427300,0.0000,1.0
2011-04-29,37.31,37.46,36.98,37.01,25.895013263294967,6882500,0.0000,1.0
2011-05-02,37.21,37.52,37.19,37.31,26.104916099798306,8642300,0.0000,1.0
2011-05-03,37.43,38.64,37.31,38.09,26.650663474706985,15087400,0.0000,1.0
2011-05-04,38.09,38.28,37.88,38.12,26.671653758357312,15479900,0.0000,1.0
2011-05-05,38.04,38.33,37.94,38.19,26.720631086874757,13642200,0.0000,1.0
2011-05-06,38.4,38.64,38.23,38.39,26.860566311210317,9031600,0.0000,1.0
2011-05-09,38.45,38.71,38.3,38.55,26.972514490678762,7901900,0.0000,1.0
2011-05-10,38.68,38.75,38.47,38.72,27.091459431363987,6419100,0.0000,1.0
2011-05-11,38.2,38.69,38.11,38.28,27.12644323744788,11591500,0.4900,1.0
2011-05-12,38.22,38.925,38.17,38.76,27.4665867263187,8522600,0.0000,1.0
2011-05-13,38.77,39.04,38.7,38.95,27.601226857330065,7120700,0.0000,1.0
2011-05-16,38.95,39.4,38.89,39.15,27.742953311026238,8632400,0.0000,1.0
2011-05-17,38.97,39.21,38.87,39.13,27.728780665656625,5197600,0.0000,1.0
2011-05-18,39.21,39.24,38.51,38.75,27.45950040363389,12087300,0.0000,1.0
2011-05-19,38.84,38.88,38.5,38.71,27.431155112894654,7521700,0.0000,1.0
2011-05-20,38.65,38.83,38.32,38.44,27.239824400404817,7899800,0.0000,1.0
2011-05-23,38.12,38.5,37.99,38.4,27.211479109665582,7087500,0.0000,1.0
2011-05-24,38.37,38.75,38.25,38.61,27.360291886046568,5281700,0.0000,1.0
2011-05-25,38.35,38.51,38.13,38.31,27.147702205502306,7009800,0.0000,1.0
2011-05-26,38.36,38.48,37.89,37.92,26.871335620794767,8494300,0.0000,1.0
2011-05-27,37.91,38.05,37.63,37.85,26.821731362001103,6648300,0.0000,1.0
2011-05-31,38.14,38.5,37.88,38.48,27.268169691144053,8168400,0.0000,1.0
2011-06-01,38.3,38.48,37.92,37.94,26.88550826616438,6470400,0.0000,1.0
2011-06-02,37.96,37.96,37.37,37.52,26.587882713402415,6794700,0.0000,1.0
2011-06-03,37.26,37.35,37.01,37.05,26.254825547216402,7027500,0.0000,1.0
2011-06-06,37.05,37.24,36.96,37.12,26.304429806010063,6607800,0.0000,1.0
2011-06-07,37.37,37.71,37.24,37.26,26.403638323597384,5866000,0.0000,1.0
2011-06-08,37.21,37.38,37.12,37.27,26.410724646282198,5483900,0.0000,1.0
2011-06-09,37.25,37.86,37.219,37.72,26.729609167098587,6241900,0.0000,1.0
2011-06-10,37.71,37.79,37.04,37.05,26.254825547216402,7572400,0.0000,1.0
2011-06-13,37.16,37.39,37.09,37.22,26.375293032858153,6848900,0.0000,1.0
2011-06-14,37.39,37.77,37.32,37.61,26.65165961756569,6506400,0.0000,1.0
2011-06-15,37.47,37.74,37.135,37.2,26.361120387488537,6333500,0.0000,1.0
2011-06-16,37.08,37.29,37.0,37.22,26.375293032858153,5911200,0.0000,1.0
2011-06-17,37.42,37.75,37.25,37.33,26.45324258239105,7188400,0.0000,1.0
2011-06-20,37.39,37.58,37.27,37.56,26.61622800414165,12416000,0.0000,1.0
2011-06-21,37.65,37.899,37.6,37.77,26.765040780522636,4473000,0.0000,1.0
2011-06-22,37.61,37.87,37.61,37.68,26.701263876359356,5631300,0.0000,1.0
2011-06-23,37.5,37.61,36.8,37.19,26.354034064803724,8335800,0.0000,1.0
2011-06-24,37.26,37.26,36.69,36.76,26.04932218935695,6158600,0.0000,1.0
2011-06-27,36.87,37.025,36.6,36.83,26.09892644815061,4255600,0.0000,1.0
2011-06-28,36.98,37.36,36.87,37.35,26.467415227760668,6028100,0.0000,1.0
2011-06-29,37.53,37.53,37.14,37.27,26.410724646282198,5658100,0.0000,1.0
2011-06-30,37.46,37.6,37.18,37.53,26.594969036087225,7044300,0.0000,1.0
2011-07-01,37.48,37.68,37.265,37.67,26.694177553674546,8036800,0.0000,1.0
2011-07-05,37.69,37.7,37.16,37.28,26.417810968967004,9685800,0.0000,1.0
2011-07-06,37.16,37.75,37.16,37.66,26.687091230989733,6991700,0.0000,1.0
2011-07-07,37.9,37.9,37.63,37.85,26.821731362001103,6109700,0.0000,1.0
2011-07-08,37.65,37.81,37.4,37.71,26.72252284441378,4192500,0.0000,1.0
2011-07-11,37.41,37.465,37.185,37.28,26.417810968967004,4080300,0.0000,1.0
2011-07-12,37.18,37.89,37.155,37.49,26.56662374534799,6437800,0.0000,1.0
2011-07-13,37.57,38.01,37.43,37.56,26.61622800414165,5672600,0.0000,1.0
2011-07-14,37.49,38.59,37.49,38.41,27.218565432350392,13546700,0.0000,1.0
2011-07-15,38.56,38.56,37.89,38.33,27.16187485087192,8511500,0.0000,1.0
2011-07-18,38.24,38.37,37.85,38.05,26.963457815697275,6450200,0.0000,1.0
2011-07-19,38.22,38.38,37.98,38.25,27.10518426939345,6826800,0.0000,1.0
2011-07-20,38.25,38.44,38.05,38.17,27.048493687914984,5965200,0.0000,1.0
2011-07-21,38.31,39.78,38.31,39.32,27.863420796667988,16441400,0.0000,1.0
2011-07-22,39.2,39.25,38.62,38.7,27.424068790209848,7580900,0.0000,1.0
2011-07-25,38.48,38.83,38.32,38.4,27.211479109665582,5358100,0.0000,1.0
2011-07-26,38.46,38.63,38.389,38.46,27.253997045774437,5327300,0.0000,1.0
2011-07-27,38.32,38.65,37.92,37.98,26.913853556903614,7074500,0.0000,1.0
2011-07-28,38.09,38.45,37.95,38.0,26.928026202273234,20393200,0.0000,1.0
2011-07-29,37.79,38.56,37.52,38.3,27.140615882817496,26942600,0.0000,1.0
2011-08-01,38.91,38.91,37.45,37.97,26.90676723421881,19511900,0.0000,1.0
2011-08-02,37.82,37.84,37.14,37.16,26.332775096749298,16525000,0.0000,1.0
2011-08-03,37.13,37.47,36.67,37.31,26.439069937021433,8410600,0.0000,1.0
2011-08-04,36.92,36.92,35.84,35.84,25.397380502354547,10905900,0.0000,1.0
2011-08-05,36.04,36.72,35.32,36.24,25.680833409746896,15044700,0.0000,1.0
2011-08-08,35.52,36.0,34.65,34.8,24.660402943134432,14778200,0.0000,1.0
2011-08-09,35.15,35.67,33.75,35.64,25.25565404865837,29025000,0.0000,1.0
2011-08-10,35.22,35.6,34.4,34.49,24.440726939905364,14628700,0.0000,1.0
2011-08-11,33.98,35.66,33.82,35.3,25.3619488889305,13633500,0.4900,1.0
2011-08-12,35.48,35.61,34.79,34.86,25.04582261382768,11800800,0.0000,1.0
2011-08-15,35.27,35.85,35.11,35.77,25.699629228244874,11231800,0.0000,1.0
2011-08-16,35.49,35.96,35.22,35.69,25.642151723680723,5977200,0.0000,1.0
2011-08-17,35.77,36.13,35.38,35.73,25.670890475962796,6050800,0.0000,1.0
2011-08-18,35.13,35.35,34.69,35.01,25.15359293488546,9590700,0.0000,1.0
2011-08-19,34.66,35.39,34.66,35.01,25.15359293488546,7381800,0.0000,1.0
2011-08-22,35.52,35.86,35.2,35.42,25.448165145776724,7740500,0.0000,1.0
2011-08-23,35.54,35.95,35.28,35.92,25.80739954930265,11905400,0.0000,1.0
2011-08-24,35.91,36.43,35.77,36.39,26.145079888617023,6038700,0.0000,1.0
2011-08-25,36.45,36.45,35.54,35.89,25.785845485091095,6843700,0.0000,1.0
2011-08-26,35.6,36.18,34.94,35.77,25.699629228244874,7599000,0.0000,1.0
2011-08-29,36.03,36.99,36.01,36.99,26.57616117284814,6909600,0.0000,1.0
2011-08-30,36.59,37.39,36.55,37.17,26.70548555811747,7756700,0.0000,1.0
2011-08-31,37.38,37.68,37.18,37.51,26.9497649525151,8745900,0.0000,1.0
2011-09-01,37.57,37.85,37.05,37.13,26.676746805835396,6322700,0.0000,1.0
2011-09-02,36.57,36.92,36.36,36.44,26.181003328969613,7199400,0.0000,1.0
2011-09-06,35.7,36.38,35.53,36.23,26.030124879488724,7619800,0.0000,1.0
2011-09-07,36.6,36.985,36.46,36.94,26.54023773249554,6053200,0.0000,1.0
2011-09-08,36.89,37.44,36.65,37.01,26.59053054898917,6645300,0.0000,1.0
2011-09-09,36.99,37.1,35.98,36.13,25.95827799878354,9365100,0.0000,1.0
2011-09-12,35.64,36.08,35.435,36.04,25.893615806148873,6807800,0.0000,1.0
2011-09-13,36.0,36.78,35.9,36.7,26.3678052188031,7568400,0.0000,1.0
2011-09-14,36.82,37.54,36.55,37.17,26.70548555811747,9023800,0.0000,1.0
2011-09-15,37.61,37.61,36.93,37.44,26.89947213602147,8448500,0.0000,1.0
2011-09-16,37.83,37.85,37.34,37.81,27.16530559463066,7975700,0.0000,1.0
2011-09-19,37.27,37.66,37.07,37.52,26.95694964058562,5706700,0.0000,1.0
2011-09-20,37.59,38.36,37.4,37.87,27.208413723053766,6242300,0.0000,1.0
2011-09-21,37.94,38.21,37.1,37.11,26.662377429694356,7545200,0.0000,1.0
2011-09-22,36.46,36.7,36.1,36.56,26.267219585815837,9340700,0.0000,1.0
2011-09-23,36.4,36.55,35.75,36.07,25.91516987036043,11861900,0.0000,1.0
2011-09-26,36.4,36.67,36.15,36.64,26.324697090379985,15018700,0.0000,1.0
2011-09-27,37.19,37.65,36.93,37.18,26.712670246187987,7601600,0.0000,1.0
2011-09-28,37.11,37.84,37.11,37.24,26.7557783746111,7820900,0.0000,1.0
2011-09-29,37.67,38.0001,36.82,37.25,26.762963062681617,13519500,0.0000,1.0
2011-09-30,36.96,37.5,36.875,36.97,26.561791796707098,7368300,0.0000,1.0
2011-10-03,37.02,37.61,36.33,36.33,26.10197176019391,10378700,0.0000,1.0
2011-10-04,35.92,36.73,35.69,36.73,26.389359283014652,10299100,0.0000,1.0
2011-10-05,36.78,37.12,36.44,37.03,26.604899925130212,6679600,0.0000,1.0
2011-10-06,36.93,37.28,36.76,37.23,26.748593686540577,6733300,0.0000,1.0
2011-10-07,37.54,38.25,37.37,37.92,27.244337163406364,9975800,0.0000,1.0
2011-10-10,38.36,38.73,38.18,38.41,27.596386878861768,5480000,0.0000,1.0
2011-10-11,38.17,38.26,37.69,37.7,27.086274025854955,8759200,0.0000,1.0
2011-10-12,37.72,38.1,37.54,37.61,27.021611833220284,9029300,0.0000,1.0
2011-10-13,37.9,38.14,37.43,38.0,27.30181466797051,5861000,0.0000,1.0
2011-10-14,38.32,38.37,38.12,38.29,27.510170622015547,4710300,0.0000,1.0
2011-10-17,38.13,38.38,37.89,37.97,27.280260603758954,6213000,0.0000,1.0
2011-10-18,37.89,38.75,37.71,38.49,27.65386438342592,5550400,0.0000,1.0
2011-10-19,38.67,38.98,38.45,38.7,27.80474283290681,6662100,0.0000,1.0
2011-10-20,38.52,38.86,38.02,38.61,27.74008064027214,8612400,0.0000,1.0
2011-10-21,38.45,38.75,37.74,38.07,27.35210748446414,11893400,0.0000,1.0
2011-10-24,37.93,38.27,37.85,38.19,27.43832374131036,6443700,0.0000,1.0
2011-10-25,38.06,38.2,37.33,37.42,26.885102759880436,6203700,0.0000,1.0
2011-10-26,37.78,37.79,37.16,37.5,26.942580264444583,7208200,0.0000,1.0
2011-10-27,38.41,38.43,37.745,37.87,27.208413723053766,9113900,0.0000,1.0
2011-10-28,38.08,38.36,37.93,38.28,27.50298593394503,5430000,0.0000,1.0
2011-10-31,37.95,38.15,37.15,37.16,26.69830087004695,10771300,0.0000,1.0
2011-11-01,36.78,37.74,36.65,37.22,26.74140899847006,10497600,0.0000,1.0
2011-11-02,37.62,37.71,37.25,37.48,26.928210888303543,5233400,0.0000,1.0
2011-11-03,37.73,38.12,37.62,38.05,27.3377381083231,25756700,0.0000,1.0
2011-11-04,37.97,37.98,37.6,37.94,27.258706539547397,25551000,0.0000,1.0
2011-11-07,37.8,38.4,37.64,38.35,27.55327875043866,26566100,0.0000,1.0
2011-11-08,38.39,39.04,38.14,38.99,28.013098786951847,6426000,0.0000,1.0
2011-11-09,38.53,38.53,37.69,37.85,27.194044346912733,8454800,0.0000,1.0
2011-11-10,37.71,37.81,37.18,37.23,27.100643401995992,8292800,0.4900,1.0
2011-11-11,37.6,37.92,37.54,37.85,27.551956829587652,4408400,0.0000,1.0
2011-11-14,37.62,37.77,37.44,37.65,27.40637185294518,3990900,0.0000,1.0
2011-11-15,37.61,37.8,37.36,37.65,27.40637185294518,4423200,0.0000,1.0
2011-11-16,37.48,37.48,36.8,36.83,26.80947344871105,6153000,0.0000,1.0
2011-11-17,36.9,37.1,36.51,36.81,26.794914951046806,5687500,0.0000,1.0
2011-11-18,37.0,37.04,36.655,36.89,26.853148941703793,5101600,0.0000,1.0
2011-11-21,36.57,36.75,36.285,36.34,26.452790255937,5887500,0.0000,1.0
2011-11-22,36.36,36.41,36.0,36.14,26.307205279294525,5030800,0.0000,1.0
2011-11-23,35.88,35.96,35.62,35.65,25.95052208652047,3866100,0.0000,1.0
2011-11-25,35.56,35.69,35.46,35.58,25.899567344695605,2364200,0.0000,1.0
2011-11-28,36.38,36.55,36.09,36.27,26.401835514112133,6754300,0.0000,1.0
2011-11-29,36.53,36.56,36.0,36.14,26.307205279294525,5956200,0.0000,1.0
2011-11-30,36.85,37.86,36.85,37.85,27.551956829587652,8610000,0.0000,1.0
2011-12-01,37.71,37.92,37.56,37.64,27.399092604113058,6250200,0.0000,1.0
2011-12-02,37.81,37.89,37.35,37.37,27.20255288564572,5497400,0.0000,1.0
2011-12-05,37.68,37.77,37.3,37.41,27.231669880974213,6042200,0.0000,1.0
2011-12-06,37.88,39.12,37.76,38.86,28.287160961632132,16567500,0.0000,1.0
2011-12-07,39.27,40.13,39.125,39.43,28.702078145063176,16615300,0.0000,1.0
2011-12-08,39.4,39.48,38.8,38.89,28.308998708128502,8934700,0.0000,1.0
2011-12-09,39.33,39.5,39.09,39.27,28.585610163749198,6309400,0.0000,1.0
2011-12-12,39.28,39.4,38.72,38.99,28.38179119644974,4764500,0.0000,1.0
2011-12-13,39.05,40.24,39.05,39.65,28.86222161936989,11747800,0.0000,1.0
2011-12-14,39.61,40.48,39.51,40.04,29.14611232382271,12965800,0.0000,1.0
2011-12-15,40.43,41.37,40.34,41.22,30.00506368601329,13059100,0.0000,1.0
2011-12-16,41.43,41.43,40.44,40.53,29.502795516596766,12555400,0.0000,1.0
2011-12-19,40.79,41.43,40.61,40.74,29.65565974207136,6979300,0.0000,1.0
2011-12-20,41.155,41.18,40.74,41.12,29.932271197692053,8060000,0.0000,1.0
2011-12-21,41.18,41.57,41.1,41.57,30.259837395137616,5994000,0.0000,1.0
2011-12-22,41.77,41.86,41.28,41.46,30.179765657984255,4904000,0.0000,1.0
2011-12-23,41.61,41.71,41.27,41.64,30.31079213696248,6535300,0.0000,1.0
2011-12-27,41.47,41.88,41.45,41.75,30.39086387411584,3094400,0.0000,1.0
2011-12-28,41.77,41.85,41.22,41.3,30.063297676670278,3230700,0.0000,1.0
2011-12-29,41.44,41.66,41.42,41.5,30.20888265331275,4186400,0.0000,1.0
2011-12-30,41.49,41.92,41.47,41.56,30.252558146305493,4391600,0.0000,1.0
2012-01-03,41.95,42.03,41.66,41.8,30.427260118276454,6905200,0.0000,1.0
2012-01-04,41.85,41.85,40.67,40.71,29.63382199557499,10240800,0.0000,1.0
2012-01-05,39.43,40.37,39.25,40.3,29.33537279345792,14691100,0.0000,1.0
2012-01-06,39.97,40.21,39.81,39.88,29.029644342508735,6329600,0.0000,1.0
2012-01-09,39.94,39.94,39.6,39.81,28.97868960068387,12353900,0.0000,1.0
2012-01-10,40.11,40.55,40.07,40.33,29.357210539954295,6838800,0.0000,1.0
2012-01-11,40.1,40.18,39.82,39.98,29.10243683082997,5085900,0.0000,1.0
2012-01-12,39.98,40.26,39.98,40.18,29.24802180747244,4299500,0.0000,1.0
2012-01-13,39.96,40.06,39.65,39.94,29.073319835501476,4420100,0.0000,1.0
2012-01-17,40.16,40.405,40.0,40.03,29.13883307499059,5899600,0.0000,1.0
2012-01-18,40.06,40.37,40.05,40.18,29.24802180747244,5173700,0.0000,1.0
2012-01-19,40.28,40.39,40.07,40.17,29.240742558640317,7180500,0.0000,1.0
2012-01-20,40.22,40.32,39.71,39.81,28.97868960068387,8713700,0.0000,1.0
2012-01-23,39.85,39.87,39.19,39.4,28.680240398566802,9629000,0.0000,1.0
2012-01-24,39.31,39.64,39.3,39.61,28.833104624041397,5868400,0.0000,1.0
2012-01-25,39.55,39.97,39.22,39.89,29.03692359134086,5893300,0.0000,1.0
2012-01-26,39.91,40.02,39.34,39.44,28.709357393895296,8690300,0.0000,1.0
2012-01-27,39.49,39.5,39.01,39.2,28.534655421924334,6763100,0.0000,1.0
2012-01-30,39.05,39.455,38.93,39.25,28.57105166608495,26016300,0.0000,1.0
2012-01-31,39.82,39.84,39.35,39.74,28.927734858859004,13418400,0.0000,1.0
2012-02-01,39.82,40.11,39.73,39.8,28.971410351851745,7765400,0.0000,1.0
2012-02-02,39.93,40.0,39.25,39.6,28.825825375209277,6862800,0.0000,1.0
2012-02-03,39.35,39.7,39.35,39.51,28.760312135720163,5911000,0.0000,1.0
2012-02-06,39.58,39.73,39.39,39.645,28.858581994953834,7081300,0.0000,1.0
2012-02-07,39.57,39.67,39.37,39.5,28.75303288688804,5838600,0.0000,1.0
2012-02-08,39.48,39.85,39.41,39.78,28.956851854187498,7530400,0.0000,1.0
2012-02-09,39.74,39.83,39.46,39.52,28.76759138455229,31139800,0.0000,1.0
2012-02-10,39.41,39.4198,39.1,39.31,28.614727159077695,6938600,0.0000,1.0
2012-02-13,39.1,39.17,38.78,38.85,28.636564905574065,4656400,0.4900,1.0
2012-02-14,38.6,38.71,38.3,38.49,28.371206775174922,5989700,0.0000,1.0
2012-02-15,38.65,38.75,38.41,38.57,28.430175248596953,4462100,0.0000,1.0
2012-02-16,38.57,38.74,38.41,38.72,28.54074113626326,3825300,0.0000,1.0
2012-02-17,38.9,39.3,38.76,39.26,28.938778331861975,7182600,0.0000,1.0
2012-02-21,39.4,39.4,38.71,38.75,28.562854313796525,6858500,0.0000,1.0
2012-02-22,38.68,38.92,38.68,38.82,28.6144517280408,4360400,0.0000,1.0
2012-02-23,38.72,38.88,38.62,38.79,28.592338550507538,3696800,0.0000,1.0
2012-02-24,38.87,39.175,38.84,39.05,28.78398608912914,11409900,0.0000,1.0
2012-02-27,39.04,39.36,38.81,39.18,28.879809858439945,5097000,0.0000,1.0
2012-02-28,39.33,39.43,39.17,39.4,29.04197316035053,6218400,0.0000,1.0
2012-02-29,39.44,39.5,39.2,39.24,28.92403621350647,4272500,0.0000,1.0
2012-03-01,39.17,39.41,39.17,39.35,29.005117864461763,4590100,0.0000,1.0
2012-03-02,39.38,39.6,39.3,39.48,29.10094163377256,5231700,0.0000,1.0
2012-03-05,39.36,39.55,39.09,39.13,28.842954562551178,4875800,0.0000,1.0
2012-03-06,39.2,39.32,38.56,38.64,28.48177266284123,5938400,0.0000,1.0
2012-03-07,38.62,38.95,38.62,38.86,28.64393596475182,4043200,0.0000,1.0
2012-03-08,38.97,39.28,38.97,39.19,28.887180917617695,4478000,0.0000,1.0
2012-03-09,39.34,39.61,39.22,39.56,29.159910107194595,4906800,0.0000,1.0
2012-03-12,39.6,39.82,39.56,39.8,29.336815527460686,4713200,0.0000,1.0
2012-03-13,39.86,40.22,39.815,40.17,29.609544717037586,4835700,0.0000,1.0
2012-03-14,40.16,40.45,40.15,40.26,29.675884249637367,4644300,0.0000,1.0
2012-03-15,40.24,40.41,40.06,40.28,29.690626367992877,3802400,0.0000,1.0
2012-03-16,40.2999,40.44,39.95,40.2,29.631657894570846,9659000,0.0000,1.0
2012-03-19,40.06,40.4,39.92,40.32,29.720110604703894,4278300,0.0000,1.0
2012-03-20,40.18,40.29,39.9,40.02,29.49897882937128,4442500,0.0000,1.0
2012-03-21,40.01,40.13,39.8,39.95,29.447381415127,4671700,0.0000,1.0
2012-03-22,39.57,39.85,39.47,39.81,29.344186586638443,3949400,0.0000,1.0
2012-03-23,40.03,40.04,39.71,39.87,29.388412941704964,5203400,0.0000,1.0
2012-03-26,39.98,40.4014,39.97,40.27,29.683255308815127,5361100,0.0000,1.0
2012-03-27,40.37,40.42,40.18,40.26,29.675884249637367,4183400,0.0000,1.0
2012-03-28,40.32,40.37,39.873,40.31,29.71273954552614,4874800,0.0000,1.0
2012-03-29,40.05,40.09,39.66,39.96,29.45475247430475,5311500,0.0000,1.0
2012-03-30,40.06,40.36,39.95,40.265,29.67956977922625,4784300,0.0000,1.0
2012-04-02,40.3,40.64,40.23,40.48,29.838047551547955,5233900,0.0000,1.0
2012-04-03,40.48,40.59,40.13,40.32,29.720110604703894,3340400,0.0000,1.0
2012-04-04,40.15,40.455,40.02,40.33,29.727481663881647,4175400,0.0000,1.0
2012-04-05,40.13,40.5,40.1,40.48,29.838047551547955,4379400,0.0000,1.0
2012-04-09,40.32,40.32,39.7,39.72,29.277847054038656,7599800,0.0000,1.0
2012-04-10,39.61,39.92,39.42,39.42,29.05671527870604,6691900,0.0000,1.0
2012-04-11,39.7,39.71,39.39,39.47,29.093570574594807,5141900,0.0000,1.0
2012-04-12,39.55,39.62,39.34,39.58,29.1746522255501,6299800,0.0000,1.0
2012-04-13,39.56,39.6,39.16,39.18,28.879809858439945,5438100,0.0000,1.0
2012-04-16,39.28,39.7,39.27,39.6,29.18939434390561,10405800,0.0000,1.0
2012-04-17,39.68,40.06,39.5,40.06,29.528463066082292,4826200,0.0000,1.0
2012-04-18,39.9,40.04,39.69,39.7,29.263104935683153,6856700,0.0000,1.0
2012-04-19,39.75,39.84,39.58,39.75,29.29996023157192,4995300,0.0000,1.0
2012-04-20,39.69,40.06,39.68,39.91,29.41789717841598,7548300,0.0000,1.0
2012-04-23,39.8,39.85,39.65,39.81,29.344186586638443,4348800,0.0000,1.0
2012-04-24,39.89,40.0,39.67,39.96,29.45475247430475,4844700,0.0000,1.0
2012-04-25,40.42,40.9,40.12,40.8,30.07392144523608,8205700,0.0000,1.0
2012-04-26,40.78,41.0,40.6,40.88,30.132889918658115,4763200,0.0000,1.0
2012-04-27,41.1,41.43,41.07,41.3,30.44247440412378,20040500,0.0000,1.0
2012-04-30,41.13,41.52,41.13,41.39,30.508813936723566,23371700,0.0000,1.0
2012-05-01,41.32,41.47,41.13,41.24,30.39824804905726,6352200,0.0000,1.0
2012-05-02,41.16,41.49,41.13,41.48,30.575153469323347,4856600,0.0000,1.0
2012-05-03,41.49,41.5,41.2,41.27,30.42036122659052,5050800,0.0000,1.0
2012-05-04,41.2,41.4,41.0,41.28,30.427732285768272,7203900,0.0000,1.0
2012-05-07,41.1,41.705,41.0,41.61,30.67097723863415,6084500,0.0000,1.0
2012-05-08,41.59,41.66,41.42,41.62,30.678348297811905,7069500,0.0000,1.0
2012-05-09,41.32,41.49,41.01,41.3,30.44247440412378,6102700,0.0000,1.0
2012-05-10,41.47,41.82,41.36,41.75,30.774172067122706,6195200,0.0000,1.0
2012-05-11,41.17,41.5,41.02,41.26,30.774172067122706,5000000,0.4900,1.0
2012-05-14,41.05,41.255,40.79,40.93,30.528038359363364,6009900,0.0000,1.0
2012-05-15,40.86,40.94,40.46,40.58,30.266987457194364,5660500,0.0000,1.0
2012-05-16,40.65,40.85,40.54,40.75,30.39378360967645,4080800,0.0000,1.0
2012-05-17,40.73,40.94,40.53,40.53,30.229694471170223,5824200,0.0000,1.0
2012-05-18,40.61,40.83,40.34,40.44,30.16256709632676,8350600,0.0000,1.0
2012-05-21,40.47,40.7,40.36,40.63,30.30428044321851,4955700,0.0000,1.0
2012-05-22,40.66,41.16,40.51,41.0,30.580248539797164,9236300,0.0000,1.0
2012-05-23,40.92,41.0,40.36,40.67,30.334114832037823,7941300,0.0000,1.0
2012-05-24,40.71,41.16,40.64,41.16,30.69958609507442,5630300,0.0000,1.0
2012-05-25,41.11,41.5,41.0,41.11,30.662293109050278,4076000,0.0000,1.0
2012-05-29,41.24,41.55,41.21,41.3,30.80400645594202,4191100,0.0000,1.0
2012-05-30,41.2,41.4499,40.96,40.99,30.572789942592337,4578900,0.0000,1.0
2012-05-31,41.08,41.26,40.78,40.95,30.542955553773023,6573800,0.0000,1.0
2012-06-01,40.67,40.73,40.12,40.16,29.95372637459156,6387700,0.0000,1.0
2012-06-04,40.11,40.33,39.93,40.15,29.946267777386733,6544300,0.0000,1.0
2012-06-05,40.15,40.68,40.04,40.62,30.29682184601368,5447800,0.0000,1.0
2012-06-06,40.72,41.01,40.59,41.01,30.587707137001992,10635500,0.0000,1.0
2012-06-07,41.22,41.495,41.12,41.27,30.781630664327537,7191400,0.0000,1.0
2012-06-08,41.25,41.75,41.2,41.53,30.97555419165308,7114100,0.0000,1.0
2012-06-11,41.74,41.91,41.3,41.49,30.945719802833768,5598900,0.0000,1.0
2012-06-12,41.57,41.67,41.31,41.64,31.057598760906195,4674100,0.0000,1.0
2012-06-13,41.64,41.84,41.41,41.57,31.005388580472395,3553300,0.0000,1.0
2012-06-14,41.6,41.99,41.5,41.81,31.18439491338828,5375600,0.0000,1.0
2012-06-15,42.02,42.17,41.935,41.99,31.318649663075195,6396400,0.0000,1.0
2012-06-18,41.78,42.09,41.78,42.04,31.355942649099337,3686600,0.0000,1.0
2012-06-19,42.28,42.47,42.16,42.29,31.54240757922005,4149900,0.0000,1.0
2012-06-20,42.24,42.27,41.89,42.04,31.355942649099337,3412600,0.0000,1.0
2012-06-21,42.19,42.38,41.71,41.76,31.147101927364133,4243200,0.0000,1.0
2012-06-22,41.96,42.135,41.82,42.07,31.378318440713823,4331800,0.0000,1.0
2012-06-25,41.8,41.84,41.4601,41.47,30.930802608424106,4376800,0.0000,1.0
2012-06-26,41.43,41.75,41.43,41.57,31.005388580472395,4070600,0.0000,1.0
2012-06-27,41.64,42.07,41.617,41.93,31.273898079846223,4267700,0.0000,1.0
2012-06-28,41.96,42.135,41.41,42.1,31.40069423232831,5075000,0.0000,1.0
2012-06-29,42.52,42.91,42.46,42.91,32.00484060591942,6136800,0.0000,1.0
2012-07-02,43.06,43.22,42.87,42.99,32.064509383558054,4709200,0.0000,1.0
2012-07-03,42.95,43.31,42.81,43.16,32.19130553604013,2294200,0.0000,1.0
2012-07-05,43.05,43.06,42.8,42.85,31.960089022690454,3760200,0.0000,1.0
2012-07-06,42.7,42.74,42.42,42.66,31.818375675798706,3244300,0.0000,1.0
2012-07-09,42.64,42.9925,42.64,42.95,32.03467499473874,3113600,0.0000,1.0
2012-07-10,43.08,43.15,42.72,42.86,31.967547619895278,4142000,0.0000,1.0
2012-07-11,42.66,42.91,42.52,42.8,31.922796036666305,4062700,0.0000,1.0
2012-07-12,42.67,42.93,42.51,42.84,31.952630425485626,4075600,0.0000,1.0
2012-07-13,42.92,43.5,42.73,43.26,32.26589150808842,4580100,0.0000,1.0
2012-07-16,43.21,43.89,43.19,43.85,32.70594874317331,5779500,0.0000,1.0
2012-07-17,44.08,44.27,43.8,43.96,32.78799331242642,11535500,0.0000,1.0
2012-07-18,43.85,44.67,43.79,44.51,33.19821615869199,9138900,0.0000,1.0
2012-07-19,44.52,44.6,44.39,44.4,33.11617158943888,4592100,0.0000,1.0
2012-07-20,44.16,44.27,43.98,44.17,32.944623853727826,6506800,0.0000,1.0
2012-07-23,43.89,43.98,43.585,43.83,32.691031548763654,4538100,0.0000,1.0
2012-07-24,42.74,42.85,41.59,41.98,31.311191065870364,17930800,0.0000,1.0
2012-07-25,43.27,43.58,42.58,43.12,32.16147114722082,12960200,0.0000,1.0
2012-07-26,43.72,43.87,43.37,43.61,32.52694241025742,6966400,0.0000,1.0
2012-07-27,44.0,44.53,43.99,44.37,33.09379579782439,7526500,0.0000,1.0
2012-07-30,43.91,44.09,43.64,44.05,32.85512068726988,6791100,0.0000,1.0
2012-07-31,44.08,44.41,43.99,44.03,32.840203492860226,7260000,0.0000,1.0
2012-08-01,44.12,44.4,43.785,43.86,32.71340734037814,8163800,0.0000,1.0
2012-08-02,43.68,43.94,43.16,43.32,32.310643091317395,6742000,0.0000,1.0
2012-08-03,43.97,44.2,43.9,44.15,32.929706659318164,5380100,0.0000,1.0
2012-08-06,44.12,44.13,43.71,43.71,32.60152838230571,3838700,0.0000,1.0
2012-08-07,43.21,43.51,42.2,42.75,31.885503050642164,11700700,0.0000,1.0
2012-08-08,42.75,43.0,42.61,42.85,31.960089022690454,5464700,0.0000,1.0
2012-08-09,42.81,42.95,42.55,42.72,31.863127259027678,5164300,0.0000,1.0
2012-08-10,42.74,43.69,42.56,43.6,32.519483813052595,11829200,0.0000,1.0
2012-08-13,42.91,42.99,42.61,42.81,32.29572589690774,3928300,0.4900,1.0
2012-08-14,42.99,43.02,42.66,42.73,32.23537415498406,3274600,0.0000,1.0
2012-08-15,42.72,43.025,42.71,42.98,32.42397334849555,5168600,0.0000,1.0
2012-08-16,42.96,43.02,42.64,42.75,32.25046209046498,3271500,0.0000,1.0
2012-08-17,42.85,42.85,42.265,42.42,32.00151115502982,4521500,0.0000,1.0
2012-08-20,42.42,42.42,42.21,42.34,31.94115941310614,3892400,0.0000,1.0
2012-08-21,42.49,42.495,42.1,42.21,31.843087832480162,4195400,0.0000,1.0
2012-08-22,42.17,42.385,42.12,42.17,31.812911961518324,4709000,0.0000,1.0
2012-08-23,42.16,42.48,42.12,42.4,31.986423219548893,4589600,0.0000,1.0
2012-08-24,44.81,45.01,43.36,43.86,33.087842509656,48000900,0.0000,1.0
2012-08-27,43.75,44.98,43.75,44.59,33.63855215470956,15116900,0.0000,1.0
2012-08-28,44.63,45.45,44.21,44.71,33.729079767595074,13256500,0.0000,1.0
2012-08-29,44.6,45.26,44.38,45.17,34.07610228365622,8328900,0.0000,1.0
2012-08-30,45.0,45.0,44.63,44.9,33.872415154663805,5234500,0.0000,1.0
2012-08-31,45.07,45.29,44.675,44.91,33.879959122404266,6397500,0.0000,1.0
2012-09-04,44.97,45.41,44.71,45.29,34.16662989654173,6948400,0.0000,1.0
2012-09-05,45.865,46.36,45.72,45.81,34.558916219045635,11305000,0.0000,1.0
2012-09-06,45.98,46.86,45.98,46.81,35.3133129930916,8553600,0.0000,1.0
2012-09-07,46.71,46.87,46.29,46.65,35.19260950924424,9900100,0.0000,1.0
2012-09-10,46.74,46.85,46.52,46.52,35.09453792861827,4721800,0.0000,1.0
2012-09-11,46.65,46.7,46.41,46.49,35.07190602539689,4263300,0.0000,1.0
2012-09-12,46.48,46.86,46.46,46.55,35.11716983183965,3977600,0.0000,1.0
2012-09-13,46.62,47.2599,46.31,47.15,35.56980789626722,5501100,0.0000,1.0
2012-09-14,47.01,47.01,46.51,46.72,35.24541728342746,6510400,0.0000,1.0
2012-09-17,46.54,46.94,46.53,46.83,35.32840092857251,7230400,0.0000,1.0
2012-09-18,46.52,47.0725,46.52,46.91,35.38875267049619,4155500,0.0000,1.0
2012-09-19,46.77,47.18,46.68,46.86,35.351032831793894,5176800,0.0000,1.0
2012-09-20,46.77,47.1,46.7501,47.02,35.47173631564125,4905700,0.0000,1.0
2012-09-21,47.17,47.76,47.103,47.46,35.803670896221476,8368200,0.0000,1.0
2012-09-24,47.5,47.63,47.16,47.4,35.758407089778714,4873400,0.0000,1.0
2012-09-25,47.52,47.84,47.41,47.45,35.796126928481016,4395100,0.0000,1.0
2012-09-26,47.45,47.6999,46.8424,47.2,35.60752773496952,4792400,0.0000,1.0
2012-09-27,47.36,47.72,47.1,47.64,35.93946231554975,5020300,0.0000,1.0
2012-09-28,47.37,47.52,47.0,47.41,35.765951057519175,5941800,0.0000,1.0
2012-10-01,47.49,48.04,47.46,47.57,35.88665454136653,5301900,0.0000,1.0
2012-10-02,47.81,48.14,47.79,47.94,36.165781347763534,4948300,0.0000,1.0
2012-10-03,48.06,48.39,47.93,48.31,36.444908154160544,5763600,0.0000,1.0
2012-10-04,48.46,48.95,48.42,48.76,36.78438670248123,7990400,0.0000,1.0
2012-10-05,48.73,48.9,47.98,48.23,36.38455641223686,7089400,0.0000,1.0
2012-10-08,48.05,50.94,47.76,50.78,38.30826818605408,28624000,0.0000,1.0
2012-10-09,51.42,53.55,50.97,51.81,39.085296863321425,29784100,0.0000,1.0
2012-10-10,51.72,51.87,50.08,50.23,37.89334996032879,11520300,0.0000,1.0
2012-10-11,50.55,50.87,50.3,50.6,38.1724767667258,6467400,0.0000,1.0
2012-10-12,50.03,50.74,50.0,50.45,38.05931725061891,6823400,0.0000,1.0
2012-10-15,50.9,53.17,50.815,52.53,39.628462540634516,12886200,0.0000,1.0
2012-10-16,52.84,53.88,52.8,53.66,40.48093089530645,11263700,0.0000,1.0
2012-10-17,53.78,53.99,53.205,53.67,40.48847486304692,5918400,0.0000,1.0
2012-10-18,53.46,53.86,53.03,53.81,40.59409041141335,7926300,0.0000,1.0
2012-10-19,53.88,53.88,52.55,52.86,39.877413476069684,6781500,0.0000,1.0
2012-10-22,53.38,53.465,51.925,52.28,39.43986334712302,9336600,0.0000,1.0
2012-10-23,51.87,52.04,50.56,51.91,39.16073654072601,10998200,0.0000,1.0
2012-10-24,49.98,51.57,49.73,50.5,38.097037089321205,14232600,0.0000,1.0
2012-10-25,50.61,51.19,50.43,51.08,38.534587218267866,7109800,0.0000,1.0
2012-10-26,50.96,51.0,50.13,50.21,37.87826202484788,6047600,0.0000,1.0
2012-10-31,50.81,50.81,48.13,48.63,36.68631512185525,13386400,0.0000,1.0
2012-11-01,48.89,49.69,48.16,49.1,37.04088160565686,8200800,0.0000,1.0
2012-11-02,49.39,49.48,48.55,48.55,36.62596337993158,10584600,0.0000,1.0
2012-11-05,48.37,48.9,48.31,48.78,36.79947463796215,4246100,0.0000,1.0
2012-11-06,48.8,49.13,48.58,48.78,36.79947463796215,5705500,0.0000,1.0
2012-11-07,48.51,49.014,47.54,48.18,36.34683657353457,9276000,0.0000,1.0
2012-11-08,48.12,48.22,47.45,47.47,35.811214863961936,23062400,0.0000,1.0
2012-11-09,47.14,48.0,47.14,47.47,35.811214863961936,15307500,0.0000,1.0
2012-11-12,47.5,48.64,47.39,48.3,36.43736418642008,7293700,0.0000,1.0
2012-11-13,47.66,47.96,47.12,47.14,35.93191834780929,7142600,0.4900,1.0
2012-11-14,47.24,47.6,46.01,46.22,35.2306590164562,9323100,0.0000,1.0
2012-11-15,46.17,46.41,44.88,45.96,35.03247703150859,6867700,0.0000,1.0
2012-11-16,46.0,46.25,45.43,45.91,34.99436511132635,8915600,0.0000,1.0
2012-11-19,46.3,47.07,46.15,47.03,35.84807212340837,8489500,0.0000,1.0
2012-11-20,47.03,47.29,46.75,47.19,35.97003026799152,4547600,0.0000,1.0
2012-11-21,47.33,47.44,46.96,47.42,36.14534510082979,3922900,0.0000,1.0
2012-11-23,47.48,47.76,47.41,47.74,36.389261389996086,2254200,0.0000,1.0
2012-11-26,47.35,47.93,46.89,47.93,36.53408668668857,7630800,0.0000,1.0
2012-11-27,47.82,48.27,47.51,47.68,36.3435270857774,5380000,0.0000,1.0
2012-11-28,47.63,48.05,47.25,48.04,36.61793291108948,3654200,0.0000,1.0
2012-11-29,48.29,48.77,48.23,48.58,37.0295416490576,4395700,0.0000,1.0
2012-11-30,48.61,49.1464,48.39,49.04,37.38017131473414,6859200,0.0000,1.0
2012-12-03,49.21,49.61,48.8,48.92,37.28870270629678,5651800,0.0000,1.0
2012-12-04,48.91,49.47,48.85,49.22,37.51737422739018,5488200,0.0000,1.0
2012-12-05,49.22,49.7,48.98,49.58,37.79178005270226,5268300,0.0000,1.0
2012-12-06,49.63,49.65,49.25,49.4,37.65457714004622,5151100,0.0000,1.0
2012-12-07,49.47,49.66,49.2,49.63,37.8298919728845,2972400,0.0000,1.0
2012-12-10,49.61,50.3099,49.2,50.12,38.203388790670374,4296900,0.0000,1.0
2012-12-11,50.21,50.7601,50.14,50.6,38.569263224419814,5401500,0.0000,1.0
2012-12-12,49.25,50.0,48.81,49.0,37.349681778588355,18763400,0.0000,1.0
2012-12-13,49.18,49.27,47.975,48.23,36.762758207781964,10167100,0.0000,1.0
2012-12-14,48.05,48.09,47.61,47.79,36.42737331017832,6357400,0.0000,1.0
2012-12-17,47.8,48.55,47.78,48.34,36.84660443218288,7445300,0.0000,1.0
2012-12-18,48.57,49.54,48.35,49.52,37.74604574848358,13440200,0.0000,1.0
2012-12-19,49.42,49.62,48.91,48.92,37.28870270629678,7036700,0.0000,1.0
2012-12-20,48.89,49.35,48.71,49.25,37.54024137949952,6572200,0.0000,1.0
2012-12-21,48.87,49.685,48.75,49.55,37.768912900592916,12842500,0.0000,1.0
2012-12-24,49.46,49.46,48.8,49.04,37.38017131473414,2765100,0.0000,1.0
2012-12-26,49.1,49.2397,48.62,49.06,37.39541608280704,3680400,0.0000,1.0
2012-12-27,48.98,49.39,48.52,48.97,37.32681462647901,4349100,0.0000,1.0
2012-12-28,48.65,49.175,48.55,48.6,37.04478641713049,3646300,0.0000,1.0
2012-12-31,48.5,49.35,48.38,49.32,37.59359806775465,5245200,0.0000,1.0
2013-01-02,49.94,50.31,49.19,49.51,37.73842336444713,8352400,0.0000,1.0
2013-01-03,49.52,49.845,49.21,49.72,37.89849342921251,7448100,0.0000,1.0
2013-01-04,51.06,51.9,50.69,51.56,39.301012091918686,13587200,0.0000,1.0
2013-01-07,51.31,51.9,51.01,51.49,39.24765540366356,6989100,0.0000,1.0
2013-01-08,51.42,52.02,51.28,51.88,39.54492838108498,5246100,0.0000,1.0
2013-01-09,52.19,53.057,52.0,52.97,40.375768241057656,7267200,0.0000,1.0
2013-01-10,53.25,53.53,52.87,53.25,40.58919499407816,6324400,0.0000,1.0
2013-01-11,53.36,53.4,52.96,53.11,40.482481617567906,5126500,0.0000,1.0
2013-01-14,53.2,53.415,52.75,52.8,40.246187712438065,6286100,0.0000,1.0
2013-01-15,52.66,53.36,52.65,53.29,40.61968453022395,5915600,0.0000,1.0
2013-01-16,53.17,53.3101,52.72,52.93,40.34527870491187,4467100,0.0000,1.0
2013-01-17,52.61,53.47,52.5199,53.33,40.650174066369736,4880800,0.0000,1.0
2013-01-18,53.31,53.77,52.93,53.77,40.98555896397339,6557400,0.0000,1.0
2013-01-22,53.72,53.77,53.12,53.44,40.734020290770644,6089100,0.0000,1.0
2013-01-23,52.75,52.96,52.2,52.4,39.9412923509802,10413800,0.0000,1.0
2013-01-24,52.6,53.26,52.6,53.16,40.52059353775014,6719100,0.0000,1.0
2013-01-25,53.17,53.67,53.09,53.21,40.558705457932376,6028200,0.0000,1.0
2013-01-28,53.12,53.25,52.46,52.64,40.12422956785492,8054100,0.0000,1.0
2013-01-29,52.76,54.87,52.76,54.32,41.40479008597795,11003300,0.0000,1.0
2013-01-30,54.23,54.78,53.99,54.15,41.27520955735835,6316700,0.0000,1.0
2013-01-31,54.07,54.16,53.21,53.69,40.92457989168181,5121400,0.0000,1.0
2013-02-01,53.55,54.48,53.55,54.2,41.31332147754059,4205500,0.0000,1.0
2013-02-04,53.84,53.88,53.475,53.55,40.81786651517156,4968900,0.0000,1.0
2013-02-05,53.76,54.39,53.76,54.1,41.23709763717612,3519900,0.0000,1.0
2013-02-06,53.93,54.16,53.63,53.93,41.10751710855653,3575100,0.0000,1.0
2013-02-07,53.85,53.92,53.22,53.78,40.993181348009834,5233900,0.0000,1.0
2013-02-08,53.64,54.0,53.56,53.72,40.94744704379115,17142800,0.0000,1.0
2013-02-11,53.56,54.06,53.48,53.9,41.08464995644719,18307300,0.0000,1.0
2013-02-12,53.74,53.91,53.68,53.8,41.008426116082724,19666700,0.0000,1.0
2013-02-13,53.4,53.45,53.26,53.44,41.10751710855653,4385000,0.4900,1.0
2013-02-14,53.22,53.58,53.18,53.5,41.15367075800476,4276900,0.0000,1.0
2013-02-15,53.5,54.0,53.5,53.59,41.2229012321771,5482800,0.0000,1.0
2013-02-19,53.62,54.18,53.6,54.18,41.67674545175136,3981200,0.0000,1.0
2013-02-20,54.16,54.68,54.1,54.29,41.76136047573978,4446300,0.0000,1.0
2013-02-21,54.11,54.25,53.93,54.02,41.55366905322275,5512500,0.0000,1.0
2013-02-22,54.07,54.27,53.53,54.27,41.74597592592371,5519000,0.0000,1.0
2013-02-25,54.5,54.93,53.77,53.77,41.361362180521795,6361000,0.0000,1.0
2013-02-26,54.08,54.52,53.725,54.43,41.86905232445232,4772100,0.0000,1.0
2013-02-27,54.5,54.99,54.26,54.8,42.15366649604973,3972000,0.0000,1.0
2013-02-28,54.68,54.98,54.58,54.66,42.0459746473372,5877500,0.0000,1.0
2013-03-01,54.31,54.85,54.31,54.78,42.138281946233654,4592600,0.0000,1.0
2013-03-04,54.66,54.9068,54.53,54.76,42.12289739641758,4424200,0.0000,1.0
2013-03-05,54.97,55.74,54.91,55.54,42.72289483924457,4866800,0.0000,1.0
2013-03-06,55.58,55.67,54.92,55.08,42.369050193474806,6787700,0.0000,1.0
2013-03-07,55.09,55.56,55.08,55.35,42.576741615991835,3602300,0.0000,1.0
2013-03-08,55.5,55.5901,54.97,55.16,42.43058839273911,4824800,0.0000,1.0
2013-03-11,55.06,55.24,54.79,55.07,42.36135791856677,4766200,0.0000,1.0
2013-03-12,55.06,55.43,54.95,55.08,42.369050193474806,3870600,0.0000,1.0
2013-03-13,55.15,55.27,55.0,55.06,42.35366564365873,3623700,0.0000,1.0
2013-03-14,55.46,55.65,54.81,55.07,42.36135791856677,5357000,0.0000,1.0
2013-03-15,54.68,55.13,54.39,55.13,42.407511568014996,10614700,0.0000,1.0
2013-03-18,54.63,54.95,54.54,54.66,42.0459746473372,3926500,0.0000,1.0
2013-03-19,54.83,54.96,54.5,54.79,42.14597422114169,3337200,0.0000,1.0
2013-03-20,55.05,55.45,55.02,55.3,42.538280241451645,3802800,0.0000,1.0
2013-03-21,55.04,55.29,54.88,55.08,42.369050193474806,2702500,0.0000,1.0
2013-03-22,55.25,55.675,55.13,55.57,42.74597166396868,2811100,0.0000,1.0
2013-03-25,55.7,55.79,55.2642,55.62,42.784433038508865,4675200,0.0000,1.0
2013-03-26,55.9,56.68,55.78,56.29,43.299815457347435,5107900,0.0000,1.0
2013-03-27,56.03,56.46,55.95,56.37,43.36135365661174,3417800,0.0000,1.0
2013-03-28,56.51,56.94,56.32,56.79,43.68442920274935,4223200,0.0000,1.0
2013-04-01,56.67,56.8,56.22,56.61,43.545968254404656,3668000,0.0000,1.0
2013-04-02,56.63,57.14,56.29,56.5,43.461353230416236,4040300,0.0000,1.0
2013-04-03,56.67,57.23,56.58,56.85,43.73058285219758,5563600,0.0000,1.0
2013-04-04,56.85,57.28,56.56,56.93,43.79212105146188,3016200,0.0000,1.0
2013-04-05,56.45,56.61,56.22,56.48,43.44596868060016,3001200,0.0000,1.0
2013-04-08,56.45,56.82,55.875,56.82,43.707506027473464,3691900,0.0000,1.0
2013-04-09,56.96,57.23,56.58,56.74,43.64596782820916,4145100,0.0000,1.0
2013-04-10,57.22,57.68,57.2088,57.59,44.299811195392415,3238000,0.0000,1.0
2013-04-11,57.65,58.26,57.58,58.0,44.61519446662198,4048000,0.0000,1.0
2013-04-12,57.77,58.34,57.36,57.51,44.2382729961281,4709100,0.0000,1.0
2013-04-15,57.02,57.75,56.48,56.49,43.453660955508205,5645800,0.0000,1.0
2013-04-16,56.8,57.33,56.54,57.18,43.984427924162844,4130500,0.0000,1.0
2013-04-17,56.98,57.63,56.735,57.47,44.20750389649595,4147400,0.0000,1.0
2013-04-18,57.48,57.51,56.17,56.29,43.299815457347435,4098600,0.0000,1.0
2013-04-19,56.56,57.44,56.37,57.42,44.16904252195576,4892900,0.0000,1.0
2013-04-22,57.46,57.63,56.99,57.58,44.29211892048437,2732900,0.0000,1.0
2013-04-23,57.94,58.405,57.52,58.33,44.86903953858724,4014600,0.0000,1.0
2013-04-24,57.91,58.33,56.02,56.05,43.11520085955451,6678800,0.0000,1.0
2013-04-25,56.38,56.5,55.02,56.43,43.40750730605997,7431300,0.0000,1.0
2013-04-26,56.45,56.75,56.28,56.46,43.430584130784084,3457300,0.0000,1.0
2013-04-29,56.59,56.63,55.79,56.01,43.08443175992236,4852700,0.0000,1.0
2013-04-30,55.9,55.9,55.16,55.38,42.59981844071596,4679000,0.0000,1.0
2013-05-01,55.1,55.13,54.15,54.24,41.72289910119959,5789900,0.0000,1.0
2013-05-02,54.32,54.83,54.15,54.7,42.07674374696935,4060900,0.0000,1.0
2013-05-03,55.19,55.19,54.58,54.99,42.29981971930246,3407600,0.0000,1.0
2013-05-06,55.02,55.16,54.3,54.47,41.89982142408447,4618300,0.0000,1.0
2013-05-07,54.52,54.59,53.85,54.17,41.66905317684332,6318500,0.0000,1.0
2013-05-08,54.23,54.78,54.16,54.52,41.93828279862466,5429000,0.0000,1.0
2013-05-09,54.58,54.935,54.35,54.56,41.969051898256815,12817600,0.0000,1.0
2013-05-10,53.97,54.82,53.88,54.82,42.16905104586581,15278800,0.0000,1.0
2013-05-13,54.72,56.31,54.55,56.28,43.2921231824394,18982900,0.0000,1.0
2013-05-14,55.81,56.18,55.705,55.87,43.3536613817037,4821500,0.4900,1.0
2013-05-15,55.92,57.1,55.92,56.72,44.013239190446285,5386200,0.0000,1.0
2013-05-16,56.56,56.56,55.82,55.94,43.40797955418839,3819900,0.0000,1.0
2013-05-17,55.97,56.23,55.3536,55.9,43.376940598482854,3762700,0.0000,1.0
2013-05-20,55.9,55.94,54.88,55.02,42.69408357296112,4242600,0.0000,1.0
2013-05-21,55.07,55.43,54.66,55.14,42.78720044007772,4220100,0.0000,1.0
2013-05-22,55.26,56.06,54.6601,54.92,42.61648618369729,4569300,0.0000,1.0
2013-05-23,54.67,55.3,54.51,54.74,42.47681088302239,3953000,0.0000,1.0
2013-05-24,54.5,54.5,53.89,54.14,42.011226547439385,4983600,0.0000,1.0
2013-05-28,54.71,55.19,54.32,54.54,42.321616104494716,4344000,0.0000,1.0
2013-05-29,54.24,54.36,53.44,53.75,41.708596729310436,4201600,0.0000,1.0
2013-05-30,53.93,54.62,53.79,54.08,41.96466811388108,4393500,0.0000,1.0
2013-05-31,53.92,54.06,53.1525,53.16,41.250772132653815,4827100,0.0000,1.0
2013-06-03,53.08,53.245,52.52,53.14,41.23525265480105,4173000,0.0000,1.0
2013-06-04,53.14,53.42,52.22,52.5,40.738629363512516,4093300,0.0000,1.0
2013-06-05,52.32,52.87,51.76,51.81,40.20320737759207,4540700,0.0000,1.0
2013-06-06,51.89,52.43,51.34,52.09,40.420480067530804,4976800,0.0000,1.0
2013-06-07,52.58,53.06,52.28,52.49,40.730869624586134,4367400,0.0000,1.0
2013-06-10,52.7,52.83,52.15,52.64,40.847265708481885,4212600,0.0000,1.0
2013-06-11,52.23,52.32,51.78,51.94,40.30408398363505,5268400,0.0000,1.0
2013-06-12,52.31,52.61,51.76,51.78,40.17992816081292,3507000,0.0000,1.0
2013-06-13,51.68,51.89,50.83,51.85,40.234246333297605,7099100,0.0000,1.0
2013-06-14,51.47,52.28,51.39,52.05,40.38944111182526,6116300,0.0000,1.0
2013-06-17,52.42,53.05,52.2,52.36,40.62999301854315,5134700,0.0000,1.0
2013-06-18,52.47,52.72,51.69,52.35,40.62223327961677,5163600,0.0000,1.0
2013-06-19,52.28,52.38,51.32,51.37,39.8617788648312,4578700,0.0000,1.0
2013-06-20,50.96,50.96,49.21,49.41,38.34087003526007,7952200,0.0000,1.0
2013-06-21,50.02,50.43,49.53,49.91,38.728856981579234,7198300,0.0000,1.0
2013-06-24,49.31,49.6,48.68,49.06,38.06927917283665,5861800,0.0000,1.0
2013-06-25,49.54,49.54,48.91,49.22,38.193434995658784,4041300,0.0000,1.0
2013-06-26,49.66,49.9,49.22,49.79,38.635740114462635,6075500,0.0000,1.0
2013-06-27,50.11,50.33,49.72,49.72,38.58142194197795,3657300,0.0000,1.0
2013-06-28,49.62,49.8599,49.05,49.12,38.11583760639495,8242900,0.0000,1.0
2013-07-01,49.35,50.31,49.27,50.16,38.922850454738814,6987400,0.0000,1.0
2013-07-02,50.08,50.93,50.07,50.5,39.18668157823585,5845400,0.0000,1.0
2013-07-03,50.48,50.48,49.5,50.14,38.90733097688605,2671200,0.0000,1.0
2013-07-05,50.59,50.82,49.97,50.58,39.248759489646915,2700400,0.0000,1.0
2013-07-08,50.8,51.19,50.66,51.13,39.675545130598,4376000,0.0000,1.0
2013-07-09,51.41,51.81,51.16,51.79,40.1876878997393,4518800,0.0000,1.0
2013-07-10,51.78,51.91,51.25,51.42,39.90057755946312,3865200,0.0000,1.0
2013-07-11,52.06,52.06,51.43,51.54,39.993694426579715,3922600,0.0000,1.0
2013-07-12,51.63,51.63,51.1,51.45,39.92385677624227,4066900,0.0000,1.0
2013-07-15,51.41,51.715,51.17,51.54,39.993694426579715,2922300,0.0000,1.0
2013-07-16,51.55,51.79,50.8,51.0,39.574668524555015,4029900,0.0000,1.0
2013-07-17,51.2,51.24,50.6132,50.67,39.31859713998437,4038000,0.0000,1.0
2013-07-18,50.63,50.67,49.83,49.92,38.736616720505616,6040300,0.0000,1.0
2013-07-19,49.93,50.61,49.46,50.6,39.264278967499685,7808800,0.0000,1.0
2013-07-22,50.55,50.83,50.325,50.63,39.287558184278836,3362600,0.0000,1.0
2013-07-23,50.77,51.06,50.56,50.99,39.566908785628634,3926400,0.0000,1.0
2013-07-24,52.0,52.68,51.75,52.55,40.77742805814443,8955800,0.0000,1.0
2013-07-25,52.41,52.64,51.88,52.59,40.80846701384997,4085400,0.0000,1.0
2013-07-26,52.41,53.4,52.25,53.36,41.40596691118149,4349400,0.0000,1.0
2013-07-29,53.23,53.83,53.15,53.56,41.56116168970915,4230700,0.0000,1.0
2013-07-30,53.8,53.98,53.21,53.32,41.374927955475954,3594200,0.0000,1.0
2013-07-31,53.36,53.65,52.934,53.11,41.2119734380219,4334500,0.0000,1.0
2013-08-01,53.43,53.675,53.11,53.5,41.51460325615085,3297800,0.0000,1.0
2013-08-02,53.47,53.92,53.22,53.88,41.809473335353424,3626300,0.0000,1.0
2013-08-05,53.87,54.45,53.59,53.87,41.801713596427035,3794000,0.0000,1.0
2013-08-06,53.9,54.19,53.23,53.32,41.374927955475954,4177300,0.0000,1.0
2013-08-07,53.32,53.75,53.05,53.62,41.60772012326745,3377600,0.0000,1.0
2013-08-08,53.88,53.919,53.22,53.57,41.568921428635534,17504400,0.0000,1.0
2013-08-09,53.57,54.21,53.35,54.18,42.04226550314492,14719900,0.0000,1.0
2013-08-12,53.86,54.09,53.575,54.05,41.94138889710193,17194000,0.0000,1.0
2013-08-13,56.0,56.5,54.73,54.96,43.0277523467956,14253300,0.4900,1.0
2013-08-14,54.96,55.1,54.01,54.2,42.43275431579916,5054300,0.0000,1.0
2013-08-15,53.76,53.93,53.2684,53.39,41.79861167750031,4509000,0.0000,1.0
2013-08-16,53.17,53.32,52.79,52.86,41.383678840094895,5112300,0.0000,1.0
2013-08-19,52.71,53.15,52.68,52.79,41.32887638987154,3372700,0.0000,1.0
2013-08-20,52.79,53.08,52.725,52.8,41.33670531133202,2890900,0.0000,1.0
2013-08-21,52.73,52.93,52.32,52.42,41.0392062958338,3969600,0.0000,1.0
2013-08-22,52.4,52.765,52.31,52.46,41.07052198167572,2388600,0.0000,1.0
2013-08-23,52.46,52.62,51.93,52.62,41.19578472504338,3249400,0.0000,1.0
2013-08-26,52.7,52.77,52.04,52.05,40.74953620179605,4048600,0.0000,1.0
2013-08-27,51.69,51.74,51.24,51.27,40.13888032787865,4527000,0.0000,1.0
2013-08-28,51.19,51.75,51.0,51.47,40.29545875708824,3211800,0.0000,1.0
2013-08-29,51.26,51.74,51.1,51.45,40.27980091416728,2305000,0.0000,1.0
2013-08-30,51.46,51.62,51.17,51.4,40.24065630686488,3237300,0.0000,1.0
2013-09-03,51.77,51.9,51.04,51.31,40.17019601372057,2641600,0.0000,1.0
2013-09-04,51.36,52.4,51.28,52.18,40.85131218078229,4179500,0.0000,1.0
2013-09-05,52.29,52.35,51.92,52.21,40.874798945163725,2424400,0.0000,1.0
2013-09-06,52.22,52.73,51.69,52.41,41.031377374373314,2886500,0.0000,1.0
2013-09-09,52.41,52.575,52.0899,52.54,41.13315335335955,2324500,0.0000,1.0
2013-09-10,52.89,53.13,52.53,52.87,41.391507761555374,3414600,0.0000,1.0
2013-09-11,52.87,53.15,52.685,52.8,41.33670531133202,3943800,0.0000,1.0
2013-09-12,52.9,53.22,52.755,52.91,41.42282344739729,3094200,0.0000,1.0
2013-09-13,53.01,53.29,52.93,53.27,41.70466461997456,2784500,0.0000,1.0
2013-09-16,53.77,53.84,53.43,53.64,41.994334714012304,2666100,0.0000,1.0
2013-09-17,53.64,54.18,53.61,53.83,42.14308422176141,3782200,0.0000,1.0
2013-09-18,53.87,54.25,53.22,54.16,42.401438629957234,3332500,0.0000,1.0
2013-09-19,53.9,54.12,53.63,53.86,42.16657098614285,3410300,0.0000,1.0
2013-09-20,54.04,54.18,53.72,53.93,42.22137343636621,5877800,0.0000,1.0
2013-09-23,53.84,53.86,52.83,53.04,41.524599426383524,4571400,0.0000,1.0
2013-09-24,52.99,53.09,52.33,52.43,41.04703521729427,5359100,0.0000,1.0
2013-09-25,52.6,52.9459,52.36,52.61,41.18795580358291,4167600,0.0000,1.0
2013-09-26,51.2,51.95,50.15,51.04,39.95881513428762,14551200,0.0000,1.0
2013-09-27,50.68,50.8152,50.07,50.5,39.53605337542172,5866600,0.0000,1.0
2013-09-30,50.3,50.66,50.21,50.33,39.402961710593566,4803500,0.0000,1.0
2013-10-01,50.41,50.69,50.24,50.67,39.66914504024987,3978100,0.0000,1.0
2013-10-02,50.45,50.67,50.22,50.54,39.56736906126364,3424800,0.0000,1.0
2013-10-03,50.25,50.29,48.5,48.8,38.2051367271402,15000900,0.0000,1.0
2013-10-04,48.86,48.86,48.01,48.38,37.87632202580006,10750400,0.0000,1.0
2013-10-07,48.17,48.21,47.56,47.65,37.30481075918505,7826100,0.0000,1.0
2013-10-08,47.75,48.36,47.53,48.05,37.61796761760423,10496100,0.0000,1.0
2013-10-09,48.09,48.26,47.53,47.96,37.547507324459914,6925000,0.0000,1.0
2013-10-10,48.82,49.16,48.51,49.15,38.47914897825698,6285000,0.0000,1.0
2013-10-11,48.63,49.09,48.51,48.88,38.267768098824035,6571900,0.0000,1.0
2013-10-14,48.63,49.05,48.465,49.03,38.38520192073123,5516000,0.0000,1.0
2013-10-15,48.8,49.08,48.6,48.81,38.21296564860068,4968700,0.0000,1.0
2013-10-16,48.94,49.005,48.51,48.91,38.291254863205474,7249600,0.0000,1.0
2013-10-17,48.91,49.76,48.91,49.7,38.90973965858336,5555800,0.0000,1.0
2013-10-18,49.97,50.01,49.28,49.56,38.80013475813664,7022700,0.0000,1.0
2013-10-21,49.57,49.72,49.39,49.65,38.87059505128096,4469200,0.0000,1.0
2013-10-22,49.72,50.37,49.53,50.15,39.262041124304936,5792100,0.0000,1.0
2013-10-23,50.52,51.0,49.94,50.31,39.387303867672614,5754500,0.0000,1.0
2013-10-24,50.82,51.0,50.36,50.55,39.57519798272412,5580400,0.0000,1.0
2013-10-25,50.48,51.0,50.31,50.66,39.661316118789394,4546700,0.0000,1.0
2013-10-28,50.7,51.14,50.6,50.88,39.83355239091995,4474700,0.0000,1.0
2013-10-29,50.96,50.98,50.13,50.2,39.30118573160734,6986400,0.0000,1.0
2013-10-30,50.24,50.27,48.97,49.21,38.52612250701986,8599400,0.0000,1.0
2013-10-31,49.27,50.21,49.22,49.82,39.003686716109115,6757500,0.0000,1.0
2013-11-01,49.91,50.43,49.81,50.38,39.44210631789597,5045400,0.0000,1.0
2013-11-04,50.39,50.55,50.1,50.41,39.4655930822774,4322800,0.0000,1.0
2013-11-05,50.28,50.69,50.21,50.37,39.43427739643548,3692700,0.0000,1.0
2013-11-06,50.56,50.56,50.26,50.49,39.52822445396124,5477800,0.0000,1.0
2013-11-07,50.55,50.62,49.97,50.01,39.152436223858224,18678300,0.0000,1.0
2013-11-08,49.95,50.67,49.88,50.63,39.637829354407955,18998600,0.0000,1.0
2013-11-11,49.73,50.32,49.505,50.28,39.363817103291176,8162900,0.0000,1.0
2013-11-12,50.08,50.28,49.97,50.06,39.19158083116062,27846900,0.0000,1.0
2013-11-13,49.28,50.67,49.27,50.55,39.958815134287626,8956300,0.4900,1.0
2013-11-14,50.5,51.14,50.49,51.03,40.33824601983576,5480100,0.0000,1.0
2013-11-15,50.87,51.13,50.835,51.01,40.322436399604584,5759000,0.0000,1.0
2013-11-18,51.1,51.1,50.77,51.03,40.33824601983576,4024500,0.0000,1.0
2013-11-19,50.94,51.09,50.78,50.94,40.26710272879548,3724800,0.0000,1.0
2013-11-20,50.89,51.0,50.48,50.67,40.05367285567466,3711400,0.0000,1.0
2013-11-21,50.71,50.815,50.29,50.49,39.91138627359411,4749300,0.0000,1.0
2013-11-22,50.52,51.24,50.4,51.23,40.496342222147476,5165100,0.0000,1.0
2013-11-25,51.39,51.62,51.22,51.34,40.58329513341893,4338300,0.0000,1.0
2013-11-26,51.4,51.45,50.54,50.54,39.950910324172035,5851200,0.0000,1.0
2013-11-27,50.31,50.65,50.2,50.36,39.80862374209149,3287300,0.0000,1.0
2013-11-29,50.63,50.77,50.1,50.22,39.69795640047328,2142800,0.0000,1.0
2013-12-02,50.3,50.485,49.87,50.24,39.71376602070446,3588300,0.0000,1.0
2013-12-03,50.16,50.29,49.65,49.78,39.3501447553875,5035800,0.0000,1.0
2013-12-04,49.79,50.03,49.531,49.87,39.42128804642777,4106300,0.0000,1.0
2013-12-05,49.83,50.18,49.73,49.96,39.49243133746805,3716500,0.0000,1.0
2013-12-06,50.34,50.675,50.25,50.63,40.022053615212315,3854200,0.0000,1.0
2013-12-09,50.58,51.045,50.49,50.79,40.14853057706169,3804800,0.0000,1.0
2013-12-10,50.86,50.88,50.32,50.49,39.91138627359411,4385600,0.0000,1.0
2013-12-11,50.6,50.64,49.87,49.98,39.508240957699215,4610500,0.0000,1.0
2013-12-12,49.8,49.95,49.14,49.23,38.91538019903026,5274400,0.0000,1.0
2013-12-13,49.28,49.67,49.08,49.39,39.041857160879644,4286900,0.0000,1.0
2013-12-16,49.61,49.94,49.17,49.19,38.88376095856792,4906900,0.0000,1.0
2013-12-17,49.31,49.31,48.88,49.22,38.907475388914676,4110200,0.0000,1.0
2013-12-18,49.24,50.58,49.13,50.51,39.92719589382528,6207900,0.0000,1.0
2013-12-19,50.19,50.51,49.89,50.14,39.6347179195486,5356300,0.0000,1.0
2013-12-20,50.22,50.93,49.99,50.2,39.682146780242114,6367100,0.0000,1.0
2013-12-23,50.48,50.9,50.28,50.55,39.958815134287626,4574300,0.0000,1.0
2013-12-24,50.58,50.895,50.51,50.74,40.10900652648376,1359500,0.0000,1.0
2013-12-26,50.76,51.25,50.62,50.99,40.30662677937342,2440000,0.0000,1.0
2013-12-27,51.1,51.38,50.9078,51.25,40.51215184237865,2265000,0.0000,1.0
2013-12-30,51.15,51.22,50.63,51.17,40.44891336145396,3309200,0.0000,1.0
2013-12-31,51.19,51.26,50.85,51.0,40.314531589489,2928600,0.0000,1.0
2014-01-02,50.97,51.0901,50.56,50.73,40.10110171636817,3175900,0.0000,1.0
2014-01-03,50.78,51.2,50.67,51.1,40.39357969064486,4006300,0.0000,1.0
2014-01-06,51.18,51.94,51.17,51.53,40.733486525615064,7898300,0.0000,1.0
2014-01-07,51.53,52.08,51.15,51.19,40.464722981685135,7359200,0.0000,1.0
2014-01-08,50.83,51.15,50.52,51.11,40.401484500760446,7517100,0.0000,1.0
2014-01-09,51.24,51.74,51.19,51.68,40.85205867734885,6351700,0.0000,1.0
2014-01-10,51.49,52.11,51.25,51.93,41.04967893023851,5399100,0.0000,1.0
2014-01-13,52.03,52.52,51.91,52.07,41.16034627185671,5406300,0.0000,1.0
2014-01-14,52.14,52.545,51.87,52.44,41.45282424613339,4994500,0.0000,1.0
2014-01-15,52.65,53.58,52.42,53.41,42.21959082734524,8427400,0.0000,1.0
2014-01-16,53.59,55.64,53.59,55.3,43.71359993919101,12158200,0.0000,1.0
2014-01-17,55.35,55.45,54.86,55.16,43.6029325975728,7850900,0.0000,1.0
2014-01-21,55.35,55.785,54.89,55.59,43.94283943254301,5624400,0.0000,1.0
2014-01-22,55.74,55.78,55.27,55.6,43.950744242658594,3342300,0.0000,1.0
2014-01-23,55.38,55.38,54.62,55.15,43.59502778745722,5130300,0.0000,1.0
2014-01-24,54.71,54.98,54.0,54.12,42.78083234555185,5943500,0.0000,1.0
2014-01-27,54.22,54.67,53.81,54.13,42.78873715566744,6378300,0.0000,1.0
2014-01-28,54.26,54.53,53.86,54.23,42.867785256823296,5771200,0.0000,1.0
2014-01-29,54.19,54.22,53.57,53.91,42.61483133312454,7314000,0.0000,1.0
2014-01-30,54.09,54.56,53.03,53.27,42.10892348572704,7277600,0.0000,1.0
2014-01-31,53.12,54.06,52.87,54.01,42.693879434280404,8214700,0.0000,1.0
2014-02-03,54.11,54.38,52.51,52.66,41.62673006867629,6997800,0.0000,1.0
2014-02-04,52.85,53.195,52.4001,53.1,41.97454171376208,6001900,0.0000,1.0
2014-02-05,53.06,53.48,52.455,52.72,41.6741589293698,4467300,0.0000,1.0
2014-02-06,52.92,52.98,52.45,52.72,41.6741589293698,4494400,0.0000,1.0
2014-02-07,52.81,53.55,52.75,53.21,42.061494625033525,4488800,0.0000,1.0
2014-02-10,52.75,53.985,52.29,53.97,42.662260193818064,4220500,0.0000,1.0
2014-02-11,53.82,54.63,53.66,54.51,43.08911994005971,5869500,0.0000,1.0
2014-02-12,54.15,54.15,53.12,53.32,42.53578323196869,6049500,0.4900,1.0
2014-02-13,53.04,53.7,52.89,53.48,42.66342249147947,3769200,0.0000,1.0
2014-02-14,53.41,54.37,53.33,54.2,43.237799159278005,3970200,0.0000,1.0
2014-02-18,54.14,55.34,54.03,55.25,44.07543179981752,6844600,0.0000,1.0
2014-02-19,57.3,58.2,56.55,58.09,46.341028656133936,16112300,0.0000,1.0
2014-02-20,57.85,58.52,57.4,58.05,46.309118841256236,8991600,0.0000,1.0
2014-02-21,58.1,58.76,57.77,57.96,46.23732175778142,6617300,0.0000,1.0
2014-02-24,58.1,58.9,57.89,58.03,46.29316393381739,4142200,0.0000,1.0
2014-02-25,57.99,58.84,57.9303,58.48,46.65214935119147,5463600,0.0000,1.0
2014-02-26,58.47,58.89,58.38,58.66,46.7957435181411,4598500,0.0000,1.0
2014-02-27,58.55,59.65,58.45,59.54,47.49775944545041,5659200,0.0000,1.0
2014-02-28,59.53,60.12,59.325,59.61,47.55360162148638,5882500,0.0000,1.0
2014-03-03,58.95,59.5,58.81,59.03,47.090909305759794,4088000,0.0000,1.0
2014-03-04,59.55,60.1,59.55,59.85,47.74506051075256,5599100,0.0000,1.0
2014-03-05,59.94,59.9699,59.22,59.43,47.41000745453675,3539300,0.0000,1.0
2014-03-06,59.45,59.92,58.69,58.72,46.84360824045765,5075100,0.0000,1.0
2014-03-07,58.89,59.08,58.145,58.59,46.739901342105135,4288600,0.0000,1.0
2014-03-10,58.51,58.915,58.2,58.9,46.98720240740728,3978100,0.0000,1.0
2014-03-11,58.92,59.02,58.315,58.43,46.61226208259435,3438800,0.0000,1.0
2014-03-12,58.16,59.21,58.12,59.2,47.22652601899,4546500,0.0000,1.0
2014-03-13,59.24,59.33,58.23,58.34,46.540464999119536,4103700,0.0000,1.0
2014-03-14,58.31,58.98,58.23,58.87,46.96327004624901,4201800,0.0000,1.0
2014-03-17,59.12,59.29,58.65,58.87,46.96327004624901,3016200,0.0000,1.0
2014-03-18,58.91,59.7,58.81,59.4,47.38607509337848,4082800,0.0000,1.0
2014-03-19,59.35,59.74,58.63,59.05,47.106864213198634,2865900,0.0000,1.0
2014-03-20,58.88,58.89,58.3,58.57,46.72394643466629,3546400,0.0000,1.0
2014-03-21,58.88,59.75,57.76,57.78,46.09372759083179,7410400,0.0000,1.0
2014-03-24,57.78,57.99,56.81,57.4,45.79058434949368,5910900,0.0000,1.0
2014-03-25,57.45,57.835,56.94,57.21,45.639012728824625,6410000,0.0000,1.0
2014-03-26,57.39,58.3,57.24,57.48,45.85440397924907,6628500,0.0000,1.0
2014-03-27,57.5,58.12,57.17,57.53,45.89429124784619,5472500,0.0000,1.0
2014-03-28,57.67,58.47,57.4,57.61,45.958110877601584,3117500,0.0000,1.0
2014-03-31,57.94,59.13,57.81,58.86,46.95529259252958,5098900,0.0000,1.0
2014-04-01,59.13,59.91,58.51,58.82,46.92338277765189,6344300,0.0000,1.0
2014-04-02,59.17,59.275,58.75,59.15,47.18663875039288,3881400,0.0000,1.0
2014-04-03,59.83,60.18,58.75,58.97,47.04304458344325,5446800,0.0000,1.0
2014-04-04,59.22,59.96,58.93,59.01,47.07495439832094,5177900,0.0000,1.0
2014-04-07,59.26,60.08,58.575,58.62,46.76383370326341,5522400,0.0000,1.0
2014-04-08,58.0,58.93,57.6,58.58,46.73192388838571,6169800,0.0000,1.0
2014-04-09,58.7,60.46,58.66,60.43,48.20775282647915,6638600,0.0000,1.0
2014-04-10,60.4,60.4,58.53,58.66,46.7957435181411,5514500,0.0000,1.0
2014-04-11,58.38,58.89,58.03,58.45,46.6282169900332,5351000,0.0000,1.0
2014-04-14,58.92,59.6533,58.3,58.95,47.0270896760044,3675600,0.0000,1.0
2014-04-15,59.19,59.69,58.28,59.42,47.40203000081733,4526200,0.0000,1.0
2014-04-16,59.4,60.0,59.35,59.96,47.83281250166622,5321800,0.0000,1.0
2014-04-17,59.73,60.45,59.62,60.43,48.20775282647915,4750000,0.0000,1.0
2014-04-21,60.44,60.89,59.949,60.86,48.550783336414376,3343000,0.0000,1.0
2014-04-22,60.9699,61.15,59.97,60.03,47.88865467770219,6270800,0.0000,1.0
2014-04-23,59.67,60.005,59.23,59.56,47.51371435288927,6555400,0.0000,1.0
2014-04-24,58.31,59.18,57.35,58.68,46.81169842557995,7854500,0.0000,1.0
2014-04-25,58.7,59.13,58.28,58.5,46.66810425863032,4260400,0.0000,1.0
2014-04-28,59.67,59.67,58.16,58.97,47.04304458344325,4930700,0.0000,1.0
2014-04-29,59.2,59.67,59.12,59.62,47.561579075205806,5110900,0.0000,1.0
2014-04-30,59.5,59.58,58.66,59.1,47.14675148179576,5198100,0.0000,1.0
2014-05-01,59.18,59.705,58.79,59.52,47.481804538011566,4173400,0.0000,1.0
2014-05-02,59.36,59.63,58.75,59.08,47.13079657435691,4122500,0.0000,1.0
2014-05-05,58.77,58.97,58.04,58.88,46.971247499968435,3805900,0.0000,1.0
2014-05-06,58.74,59.6,58.45,58.56,46.71596898094686,4185900,0.0000,1.0
2014-05-07,58.68,59.17,58.05,59.15,47.18663875039288,5453300,0.0000,1.0
2014-05-08,59.08,59.51,58.79,59.5,47.46584963057272,11023900,0.0000,1.0
2014-05-09,59.44,59.5,58.43,59.36,47.35416527850078,5098400,0.0000,1.0
2014-05-12,59.96,60.05,59.06,59.42,47.40203000081733,4982700,0.0000,1.0
2014-05-13,59.04,60.35,58.76,60.04,48.287527363673384,6843500,0.4900,1.0
2014-05-14,60.05,60.49,60.0,60.1,48.335782720798974,4050200,0.0000,1.0
2014-05-15,59.6,59.81,58.01,58.21,46.8157389713429,9782900,0.0000,1.0
2014-05-16,57.98,58.5,57.81,58.34,46.920292245115014,8677100,0.0000,1.0
2014-05-19,58.28,58.76,58.22,58.65,47.16961159026389,3564300,0.0000,1.0
2014-05-20,58.65,58.87,58.34,58.66,47.17765414978482,3952800,0.0000,1.0
2014-05-21,58.76,59.1,58.65,59.07,47.50739909014302,3020700,0.0000,1.0
2014-05-22,59.13,59.86,58.7,59.72,48.03016545900357,3782400,0.0000,1.0
2014-05-23,59.63,59.86,59.4,59.8,48.09450593517102,2624600,0.0000,1.0
2014-05-27,60.0,60.01,59.44,59.73,48.0382080185245,4006600,0.0000,1.0
2014-05-28,60.23,60.25,59.7,59.7,48.014080339961716,2604600,0.0000,1.0
2014-05-29,59.91,60.0,59.36,59.47,47.829101470980284,3362100,0.0000,1.0
2014-05-30,59.38,60.1,59.3,59.86,48.14276129229661,4803000,0.0000,1.0
2014-06-02,59.75,59.86,58.85,59.49,47.845186590022145,3405700,0.0000,1.0
2014-06-03,59.31,59.63,59.11,59.35,47.7325907567291,2798200,0.0000,1.0
2014-06-04,59.18,59.45,58.993,59.22,47.62803748295699,2997400,0.0000,1.0
2014-06-05,59.28,59.76,59.07,59.58,47.91756962571053,2753800,0.0000,1.0
2014-06-06,59.85,59.85,59.38,59.63,47.95778242331519,2551300,0.0000,1.0
2014-06-09,59.57,59.76,59.19,59.74,48.04625057804544,2570100,0.0000,1.0
2014-06-10,59.82,59.82,59.09,59.75,48.05429313756637,2988000,0.0000,1.0
2014-06-11,59.25,59.842,59.207,59.47,47.829101470980284,2977400,0.0000,1.0
2014-06-12,59.27,59.5,58.71,58.88,47.35459045924532,3937400,0.0000,1.0
2014-06-13,59.95,59.95,58.835,58.9,47.37067557828718,2881200,0.0000,1.0
2014-06-16,58.94,59.17,58.5,58.83,47.314377661640656,3209200,0.0000,1.0
2014-06-17,58.76,59.33,58.63,59.25,47.65216516151979,2805700,0.0000,1.0
2014-06-18,59.37,60.0,59.06,59.99,48.24731456606873,3211600,0.0000,1.0
2014-06-19,60.05,60.2,59.65,59.85,48.13471873277569,2431300,0.0000,1.0
2014-06-20,60.67,62.14,60.29,62.03,49.887996708338775,11960600,0.0000,1.0
2014-06-23,62.08,62.4,61.72,62.07,49.920166946422505,5103400,0.0000,1.0
2014-06-24,61.99,62.4,61.59,61.89,49.77540087504573,3809500,0.0000,1.0
2014-06-25,61.97,63.1,61.97,63.0,50.66812498186914,6416500,0.0000,1.0
2014-06-26,62.84,63.1,62.44,63.04,50.700295219952864,3663000,0.0000,1.0
2014-06-27,62.97,63.26,62.69,63.1,50.74855057707846,4643700,0.0000,1.0
2014-06-30,63.34,63.38,62.06,62.17,50.00059254163182,4943600,0.0000,1.0
2014-07-01,62.63,62.85,62.0,62.5,50.26599700582256,4109000,0.0000,1.0
2014-07-02,62.45,63.08,62.12,62.7,50.426848196241195,3941000,0.0000,1.0
2014-07-03,62.9,63.1,62.435,63.06,50.71638033899473,2709100,0.0000,1.0
2014-07-07,62.83,63.23,62.3244,62.61,50.354465160552806,2627300,0.0000,1.0
2014-07-08,62.49,62.54,61.87,62.46,50.23382676773883,3449400,0.0000,1.0
2014-07-09,62.53,62.71,62.27,62.62,50.36250772007374,2748600,0.0000,1.0
2014-07-10,62.13,62.71,62.0,62.53,50.290124684385354,2619200,0.0000,1.0
2014-07-11,62.44,62.95,62.27,62.84,50.53944402953424,2400700,0.0000,1.0
2014-07-14,63.0,63.29,62.71,63.01,50.67616754139007,2436600,0.0000,1.0
2014-07-15,63.0,63.12,62.73,62.86,50.5555291485761,3854400,0.0000,1.0
2014-07-16,63.05,63.17,62.07,62.81,50.51531635097144,3885700,0.0000,1.0
2014-07-17,62.36,62.87,62.14,62.26,50.0729755773202,3424700,0.0000,1.0
2014-07-18,62.48,63.5,62.32,63.47,51.04612527935293,3281400,0.0000,1.0
2014-07-21,63.0,63.69,62.75,63.64,51.18284879120876,3479400,0.0000,1.0
2014-07-22,63.82,64.15,63.44,63.72,51.247189267376214,3101800,0.0000,1.0
2014-07-23,63.93,64.44,63.8,64.25,51.67344492198559,5559900,0.0000,1.0
2014-07-24,64.1,65.7,63.8,64.37,51.76995563623677,5090200,0.0000,1.0
2014-07-25,64.02,64.1,63.49,63.78,51.295444624501805,2987400,0.0000,1.0
2014-07-28,63.78,64.8,62.87,63.39,50.98178480318548,3956600,0.0000,1.0
2014-07-29,63.7,63.81,62.61,62.77,50.48314611288772,5287400,0.0000,1.0
2014-07-30,63.14,63.18,62.27,62.62,50.36250772007374,3974000,0.0000,1.0
2014-07-31,61.97,62.45,60.94,61.06,49.10786843480841,5485600,0.0000,1.0
2014-08-01,60.77,61.06,60.19,60.68,48.802251173013005,1400322,0.0000,1.0
2014-08-04,61.0,61.69,60.75,61.63,49.56629432750151,1166928,0.0000,1.0
2014-08-05,61.5,61.698,60.74,60.87,48.95505980391071,3389600,0.0000,1.0
2014-08-06,60.91,61.42,60.71,61.11,49.14808123241307,2682800,0.0000,1.0
2014-08-07,61.4,61.42,60.14,60.35,48.53684670882227,2352400,0.0000,1.0
2014-08-08,60.48,61.04,60.34,60.98,49.04352795864095,2665400,0.0000,1.0
2014-08-11,61.35,61.87,61.06,61.08,49.12395355385027,2850400,0.0000,1.0
2014-08-12,61.07,61.46,61.0,61.37,49.357187779957286,3481500,0.0000,1.0
2014-08-13,61.24,61.49,60.46,60.59,49.12395355385028,4136900,0.4900,1.0
2014-08-14,60.78,61.22,60.78,61.19,49.61040960488692,1801600,0.0000,1.0
2014-08-15,61.33,61.46,60.5,60.84,49.32664357511555,3075600,0.0000,1.0
2014-08-18,61.18,61.45,61.07,61.35,49.74013121849669,2198300,0.0000,1.0
2014-08-19,61.89,62.36,61.32,62.16,50.39684688739615,3504600,0.0000,1.0
2014-08-20,61.94,62.24,61.67,62.01,50.27523287463699,2082200,0.0000,1.0
2014-08-21,62.37,62.44,61.91,62.03,50.29144807633822,2833400,0.0000,1.0
2014-08-22,62.01,62.81,61.9,62.32,50.526568501005926,3147200,0.0000,1.0
2014-08-25,62.43,63.13,62.19,62.73,50.85898013588096,2031700,0.0000,1.0
2014-08-26,62.71,63.02,62.62,62.81,50.92384094268586,1867400,0.0000,1.0
2014-08-27,63.19,63.29,62.8,63.0,51.07788535884745,3057300,0.0000,1.0
2014-08-28,62.81,63.27,62.54,63.11,51.16706896820417,2162000,0.0000,1.0
2014-08-29,63.37,63.59,62.97,63.56,51.53191100648166,3373600,0.0000,1.0
2014-09-02,63.6,63.8697,63.48,63.68,51.62920221668898,3470600,0.0000,1.0
2014-09-03,63.91,64.16,63.745,64.15,52.01025945666769,4655400,0.0000,1.0
2014-09-04,64.12,64.37,64.0,64.22,52.06701266262196,5792000,0.0000,1.0
2014-09-05,64.11,64.82,63.97,64.72,52.472392705152494,5445900,0.0000,1.0
2014-09-08,64.62,65.245,64.59,65.0,52.6994055289696,4246700,0.0000,1.0
2014-09-09,64.73,64.825,64.1,64.44,52.245379881335396,4732400,0.0000,1.0
2014-09-10,64.84,64.96,64.33,64.78,52.52103831025616,3893000,0.0000,1.0
2014-09-11,64.65,65.195,64.56,65.18,52.845342344280596,3577000,0.0000,1.0
2014-09-12,65.25,65.54,64.995,65.27,52.91831075193608,5376800,0.0000,1.0
2014-09-15,65.14,65.24,64.79,65.19,52.853449945131196,2720900,0.0000,1.0
2014-09-16,65.25,65.91,64.9,65.8,53.34801359701845,2867100,0.0000,1.0
2014-09-17,65.77,66.18,65.66,65.91,53.43719720637517,5096200,0.0000,1.0
2014-09-18,66.08,66.66,66.04,66.59,53.9885140642167,4076700,0.0000,1.0
2014-09-19,66.99,67.14,66.4,66.53,53.939868459113036,6504900,0.0000,1.0
2014-09-22,66.32,66.365,65.75,66.08,53.57502642083555,3566481,0.0000,1.0
2014-09-23,65.65,66.12,65.5,65.95,53.46962760977762,2706055,0.0000,1.0
2014-09-24,66.32,66.55,66.08,66.19,53.66421003019227,2982978,0.0000,1.0
2014-09-25,65.97,66.14,65.5,65.58,53.16964637830502,3109669,0.0000,1.0
2014-09-26,65.8,65.8,64.99,65.48,53.088570369798916,2925414,0.0000,1.0
2014-09-29,65.06,65.45,64.83,65.34,52.97506395789036,3522866,0.0000,1.0
2014-09-30,65.43,65.57,64.825,64.85,52.57779151621043,4947524,0.0000,1.0
2014-10-01,65.88,65.88,64.7,65.08,52.76426633577448,4250991,0.0000,1.0
2014-10-02,65.09,65.146,64.38,64.83,52.56157631450921,4313647,0.0000,1.0
2014-10-03,65.22,65.76,65.12,65.67,53.24261478596051,3609758,0.0000,1.0
2014-10-06,65.93,65.97,65.385,65.62,53.20207678170746,3430142,0.0000,1.0
2014-10-07,65.13,65.19,64.1,64.22,52.06701266262196,6157394,0.0000,1.0
2014-10-08,63.85,65.26,63.4,65.24,52.89398794938425,3411191,0.0000,1.0
2014-10-09,64.94,65.38,64.29,64.3,52.13187346942684,3632078,0.0000,1.0
2014-10-10,64.02,65.108,63.83,64.15,52.01025945666769,3281204,0.0000,1.0
2014-10-13,64.06,64.52,63.23,63.28,51.30489818266456,4030303,0.0000,1.0
2014-10-14,63.75,63.94,62.77,63.14,51.191391770756006,4432881,0.0000,1.0
2014-10-15,61.91,63.14,60.58,62.87,50.972486547789515,6814121,0.0000,1.0
2014-10-16,62.02,62.55,61.1,61.9,50.186049265280275,5488362,0.0000,1.0
2014-10-17,62.45,62.81,61.9,62.58,50.7373661231218,5329368,0.0000,1.0
2014-10-20,62.63,63.1,62.4,63.1,51.15896136735356,2900656,0.0000,1.0
2014-10-21,63.41,64.75,63.41,64.68,52.43996230175006,3478248,0.0000,1.0
2014-10-22,64.59,65.3,64.58,64.68,52.43996230175006,4294483,0.0000,1.0
2014-10-23,64.27,65.2,63.78,64.35,52.172411473679894,6349346,0.0000,1.0
2014-10-24,64.58,66.24,64.4,66.05,53.55070361828372,4784720,0.0000,1.0
2014-10-27,65.94,66.62,65.79,66.2,53.67231763104289,4109765,0.0000,1.0
2014-10-28,66.0,66.1,63.74,64.83,52.56157631450921,8990971,0.0000,1.0
2014-10-29,65.0,65.97,64.78,65.49,53.096677970649516,6205970,0.0000,1.0
2014-10-30,65.4,66.98,65.3101,66.8,54.15877368207952,4134560,0.0000,1.0
2014-10-31,67.3,67.43,65.91,66.33,53.77771644210082,4471929,0.0000,1.0
2014-11-03,66.05,66.66,66.03,66.54,53.94797605996365,3445410,0.0000,1.0
2014-11-04,66.88,67.23,66.45,67.17,54.45875491355212,4057953,0.0000,1.0
2014-11-05,67.42,67.61,66.76,66.99,54.312818098241124,3073881,0.0000,1.0
2014-11-06,67.03,67.23,66.65,66.96,54.28849529568929,3091816,0.0000,1.0
2014-11-07,66.82,66.93,66.25,66.6,53.99662166506731,3796776,0.0000,1.0
2014-11-10,66.82,68.42,66.42,68.35,55.41545181392418,4438084,0.0000,1.0
2014-11-11,68.35,68.67,67.805,67.85,55.01007177139365,5285285,0.0000,1.0
2014-11-12,67.35,67.845,67.02,67.4,55.04250217479609,4499431,0.4900,1.0
2014-11-13,67.68,68.16,67.405,67.68,55.27116538857862,3292719,0.0000,1.0
2014-11-14,67.68,67.72,67.12,67.33,54.98533637135045,2333268,0.0000,1.0
2014-11-17,67.07,67.35,66.94,67.29,54.95267019795295,3309283,0.0000,1.0
2014-11-18,67.19,68.0,67.01,67.78,55.352830822072384,3705553,0.0000,1.0
2014-11-19,67.66,67.66,66.91,67.21,54.88733785115793,3126033,0.0000,1.0
2014-11-20,66.96,67.08,66.56,66.8,54.552509573833504,2467579,0.0000,1.0
2014-11-21,67.45,67.5,67.03,67.36,55.009836001398575,5892030,0.0000,1.0
2014-11-24,67.61,67.665,66.85,66.93,54.658674637375405,4574094,0.0000,1.0
2014-11-25,66.86,67.22,66.751,66.85,54.59334229058038,4380001,0.0000,1.0
2014-11-26,67.03,67.39,66.89,67.32,54.97716982800107,2372935,0.0000,1.0
2014-11-28,67.73,68.55,67.6,68.12,55.630493295951176,2237833,0.0000,1.0
2014-12-01,67.97,68.765,67.6,68.51,55.94898848657685,4669454,0.0000,1.0
2014-12-02,68.63,70.77,68.59,70.38,57.47613209291021,8413446,0.0000,1.0
2014-12-03,70.28,71.16,70.0,71.13,58.08862284411343,6423409,0.0000,1.0
2014-12-04,70.98,72.435,70.84,72.38,59.10944076278546,6519139,0.0000,1.0
2014-12-05,72.09,72.21,71.68,71.85,58.67661396526852,5787520,0.0000,1.0
2014-12-08,71.97,72.86,71.82,72.83,59.476935213507396,4915119,0.0000,1.0
2014-12-09,72.18,72.26,71.53,72.21,58.970609525846065,3778395,0.0000,1.0
2014-12-10,71.9,72.2,71.0,71.05,58.02329049731842,4117536,0.0000,1.0
2014-12-11,73.63,75.1,71.54,71.61,58.48061692488349,10900743,0.0000,1.0
2014-12-12,71.46,71.65,69.47,69.55,56.79830899491198,7844332,0.0000,1.0
2014-12-15,69.68,70.72,69.42,69.67,56.896307515104496,5718844,0.0000,1.0
2014-12-16,69.39,71.35,69.03,69.26,56.56147923778008,4926342,0.0000,1.0
2014-12-17,69.56,70.7,69.23,70.28,57.39446665941645,5516016,0.0000,1.0
2014-12-18,71.2,72.48,70.91,72.45,59.1666065662311,5875562,0.0000,1.0
2014-12-19,72.24,72.66,71.33,72.4,59.125773849484226,8311266,0.0000,1.0
2014-12-22,70.94,71.59,70.25,71.42,58.325452601245345,4622855,0.0000,1.0
2014-12-23,71.67,71.73,69.01,69.74,56.953473318550124,4776153,0.0000,1.0
2014-12-24,70.04,70.71,70.04,70.16,57.29646813922393,1507770,0.0000,1.0
2014-12-26,70.29,70.99,70.261,70.39,57.48429863625959,1438221,0.0000,1.0
2014-12-29,69.92,70.39,69.8878,70.1,57.24746887912767,1739618,0.0000,1.0
2014-12-30,69.88,70.16,69.44,69.64,56.87180788505637,2726083,0.0000,1.0
2014-12-31,69.94,70.5,68.93,68.99,56.340982567346906,2490989,0.0000,1.0
2015-01-02,69.77,70.8199,69.72,70.06,57.21480270573017,3146155,0.0000,1.0
2015-01-05,69.73,70.09,69.15,69.37,56.65131121462321,4845547,0.0000,1.0
2015-01-06,69.92,70.91,69.2,69.72,56.93714023185138,5127426,0.0000,1.0
2015-01-07,70.03,70.529,68.45,69.23,56.53697960773194,9042973,0.0000,1.0
2015-01-08,70.0,71.49,69.66,70.87,57.876292717029656,7472181,0.0000,1.0
2015-01-09,70.03,70.11,69.01,69.93,57.108637642188285,8107336,0.0000,1.0
2015-01-12,70.22,70.61,69.28,69.42,56.69214393137009,5797635,0.0000,1.0
2015-01-13,70.07,70.8,68.81,69.38,56.65947775797258,3444341,0.0000,1.0
2015-01-14,68.77,69.88,68.71,69.76,56.96980640524889,3376087,0.0000,1.0
2015-01-15,70.44,71.27,69.73,69.74,56.953473318550124,4054993,0.0000,1.0
2015-01-16,69.59,70.88,69.44,70.68,57.72112839339151,4263309,0.0000,1.0
2015-01-20,70.87,72.0957,70.87,72.03,58.8236117455573,6158859,0.0000,1.0
2015-01-21,71.62,72.5,71.11,72.24,58.9951091558942,5092000,0.0000,1.0
2015-01-22,72.69,72.695,71.64,72.46,59.17477310958047,4582380,0.0000,1.0
2015-01-23,72.46,72.86,72.05,72.13,58.905277179051055,2903225,0.0000,1.0
2015-01-26,71.86,72.17,71.06,72.11,58.88894409235231,3466643,0.0000,1.0
2015-01-27,71.76,72.14,71.45,71.73,58.57861544507601,3661642,0.0000,1.0
2015-01-28,72.11,72.38,70.76,70.97,57.95795815052341,3105224,0.0000,1.0
2015-01-29,70.97,72.16,70.42,72.11,58.88894409235231,4416650,0.0000,1.0
2015-01-30,73.02,73.47,71.58,72.0,58.79911211550917,6720105,0.0000,1.0
2015-02-02,71.87,72.0,70.23,71.69,58.5459492716785,6274504,0.0000,1.0
2015-02-03,71.59,71.64,69.85,70.89,57.8926258037284,6811485,0.0000,1.0
2015-02-04,70.23,70.49,69.77,70.22,57.34546739932019,5376408,0.0000,1.0
2015-02-05,70.7,71.57,70.68,71.41,58.31728605789596,3846977,0.0000,1.0
2015-02-06,71.16,71.39,70.235,70.36,57.45979900621146,3246009,0.0000,1.0
2015-02-09,70.0,70.26,69.38,69.61,56.84730825500824,3771228,0.0000,1.0
2015-02-10,70.11,70.56,69.89,70.5,57.57413061310273,6887963,0.0000,1.0
2015-02-11,70.0,70.62,69.6966,69.95,57.53329789635585,3455591,0.5000,1.0
2015-02-12,70.19,70.55,69.83,70.53,58.010343111221985,3383464,0.0000,1.0
2015-02-13,70.69,70.89,70.19,70.56,58.03501786371506,2692385,0.0000,1.0
2015-02-17,70.41,71.625,70.3,71.56,58.85750961348427,3971629,0.0000,1.0
2015-02-18,71.41,71.45,70.2,71.01,58.40513915111121,3800044,0.0000,1.0
2015-02-19,70.83,71.29,70.7721,71.12,58.49561324358582,2337021,0.0000,1.0
2015-02-20,70.97,71.96,70.27,71.88,59.12070697341041,3461776,0.0000,1.0
2015-02-23,71.81,71.92,70.71,71.09,58.470938491092745,3378541,0.0000,1.0
2015-02-24,71.0,71.5,70.51,70.9,58.31466505863659,3158601,0.0000,1.0
2015-02-25,70.87,70.87,70.05,70.36,57.87051951376122,3029749,0.0000,1.0
2015-02-26,70.17,70.31,69.54,70.03,57.599097236337386,4544773,0.0000,1.0
2015-02-27,69.95,70.5,69.91,70.17,57.71424608130507,3353235,0.0000,1.0
2015-03-02,70.16,71.14,70.16,71.12,58.49561324358582,3815118,0.0000,1.0
2015-03-03,71.12,71.15,70.09,70.37,57.878744431258916,4137279,0.0000,1.0
2015-03-04,70.01,70.82,69.81,70.65,58.10904212119429,3005143,0.0000,1.0
2015-03-05,70.74,71.09,70.4,70.59,58.05969261620814,3465948,0.0000,1.0
2015-03-06,70.26,70.26,68.31,68.41,56.266660601711266,5880780,0.0000,1.0
2015-03-09,68.74,69.74,68.42,69.58,57.22897594894124,5848027,0.0000,1.0
2015-03-10,69.12,69.43,68.55,68.78,56.57098254912588,3664855,0.0000,1.0
2015-03-11,68.89,69.33,68.411,68.46,56.30778518919973,3424474,0.0000,1.0
2015-03-12,68.75,69.63,68.54,69.56,57.212526113945856,2724035,0.0000,1.0
2015-03-13,69.41,70.05,69.139,69.89,57.483948391369694,3223780,0.0000,1.0
2015-03-16,70.27,71.395,70.18,71.07,58.45448865609735,3922290,0.0000,1.0
2015-03-17,70.71,71.26,70.335,70.84,58.26531555365044,2572519,0.0000,1.0
2015-03-18,70.9,74.17,70.69,73.54,60.486043278027296,6436020,0.0000,1.0
2015-03-19,73.26,74.58,72.59,74.22,61.04533766787035,7051185,0.0000,1.0
2015-03-20,75.22,76.2,74.54,76.12,62.60807199243184,10713857,0.0000,1.0
2015-03-23,76.02,77.46,75.95,76.36,62.805470012376446,6283754,0.0000,1.0
2015-03-24,76.27,76.7,75.365,75.56,62.147476612561086,5105110,0.0000,1.0
2015-03-25,75.66,76.48,74.36,74.36,61.160486512838034,5431522,0.0000,1.0
2015-03-26,74.0,74.35,73.42,73.44,60.403794103050366,4023488,0.0000,1.0
2015-03-27,73.62,73.99,73.2,73.58,60.51894294801806,4171638,0.0000,1.0
2015-03-30,74.0,74.2,73.67,73.87,60.757465555451134,3370676,0.0000,1.0
2015-03-31,73.35,73.98,72.65,72.65,59.754025620732705,4347972,0.0000,1.0
2015-04-01,72.92,72.9695,71.07,71.53,58.83283486099119,5875832,0.0000,1.0
2015-04-02,71.46,71.78,70.53,71.24,58.594312253558115,3781771,0.0000,1.0
2015-04-06,71.13,71.71,70.84,71.31,58.65188667604197,3936936,0.0000,1.0
2015-04-07,71.25,72.08,71.18,71.7,58.97265845845196,3128125,0.0000,1.0
2015-04-08,71.92,72.28,71.54,72.15,59.3427797458481,3215367,0.0000,1.0
2015-04-09,72.22,72.56,71.9,72.36,59.51550301329963,2595768,0.0000,1.0
2015-04-10,72.5,73.98,72.25,73.92,60.79859014293959,3956443,0.0000,1.0
2015-04-13,73.28,73.64,73.11,73.52,60.469593443031904,4351469,0.0000,1.0
2015-04-14,73.3,73.75,73.1,73.46,60.42024393804575,3950577,0.0000,1.0
2015-04-15,73.54,74.02,73.3,73.71,60.62586687548805,4358672,0.0000,1.0
2015-04-16,73.61,74.0,73.39,73.49,60.44491869053883,2880028,0.0000,1.0
2015-04-17,73.01,73.2,71.96,72.47,59.605977105774244,4379024,0.0000,1.0
2015-04-20,73.0,73.26,72.295,72.41,59.55662760078808,2540441,0.0000,1.0
2015-04-21,72.98,73.12,72.06,72.21,59.392129250834245,4048368,0.0000,1.0
2015-04-22,72.47,72.47,71.88,72.3,59.466153508313475,3505546,0.0000,1.0
2015-04-23,72.88,72.94,71.07,72.4,59.548402683290405,5448691,0.0000,1.0
2015-04-24,72.22,72.43,71.26,71.58,58.873959448479646,3816293,0.0000,1.0
2015-04-27,71.93,72.17,70.63,70.89,58.3064401411389,5323938,0.0000,1.0
2015-04-28,70.62,71.28,70.2,71.18,58.544962748571976,4557987,0.0000,1.0
2015-04-29,71.86,72.82,71.84,72.28,59.44970367331809,6784012,0.0000,1.0
2015-04-30,71.96,72.605,71.43,71.87,59.11248205591272,5479276,0.0000,1.0
2015-05-01,72.26,73.33,71.25,73.12,60.14059674312423,6533359,0.0000,1.0
2015-05-04,73.25,73.59,72.85,73.05,60.083022320640374,4040680,0.0000,1.0
2015-05-05,72.83,72.97,71.82,71.91,59.14538172590348,3735944,0.0000,1.0
2015-05-06,71.97,72.28,71.5404,72.05,59.260530570871175,3567635,0.0000,1.0
2015-05-07,71.75,72.29,71.715,71.82,59.07135746842425,3628081,0.0000,1.0
2015-05-08,72.5,73.7,72.5,73.26,60.25574558809192,3713259,0.0000,1.0
2015-05-11,73.26,73.99,73.19,73.47,60.42846885554344,2958556,0.0000,1.0
2015-05-12,73.14,73.14,72.31,72.44,59.58130235328117,3152763,0.0000,1.0
2015-05-13,72.76,73.23,72.485,72.8,59.877399383198075,2682120,0.0000,1.0
2015-05-14,72.68,73.22,72.43,73.06,60.50249311302269,3364320,0.5000,1.0
2015-05-15,73.23,73.421,72.59,72.9,60.36999381247405,3464436,0.0000,1.0
2015-05-18,73.05,73.09,72.62,72.94,60.4031186376112,2161951,0.0000,1.0
2015-05-19,72.82,73.5801,72.63,73.45,60.82546015811,3548349,0.0000,1.0
2015-05-20,73.45,73.69,73.18,73.36,60.75092930155138,1980264,0.0000,1.0
2015-05-21,73.34,74.35,73.18,74.27,61.50451907342177,3288096,0.0000,1.0
2015-05-22,74.05,74.33,73.87,74.3,61.52936269227464,3023455,0.0000,1.0
2015-05-26,73.96,74.37,73.82,74.31,61.53764389855893,4194593,0.0000,1.0
2015-05-27,74.36,74.985,74.14,74.9,62.026235069332046,2901144,0.0000,1.0
2015-05-28,74.8,76.48,74.74,76.41,63.27669721825983,4823625,0.0000,1.0
2015-05-29,76.15,79.55,76.02,78.9,65.33871758304804,11916906,0.0000,1.0
2015-06-01,78.92,79.85,78.78,79.0,65.42152964589094,4866456,0.0000,1.0
2015-06-02,78.76,78.76,77.51,77.95,64.55200298604049,4467506,0.0000,1.0
2015-06-03,78.0,78.17,77.28,77.83,64.45262851062901,3270783,0.0000,1.0
2015-06-04,77.34,78.6,77.33,77.68,64.32841041636466,3786541,0.0000,1.0
2015-06-05,77.56,78.26,76.99,78.12,64.69278349287342,2788911,0.0000,1.0
2015-06-08,77.98,78.85,77.83,78.52,65.02403174424502,6065922,0.0000,1.0
2015-06-09,78.37,82.89,78.01,82.77,68.54354441506827,10109116,0.0000,1.0
2015-06-10,81.99,83.49,81.3099,83.18,68.88307387272415,13169403,0.0000,1.0
2015-06-11,83.11,87.24,83.08,86.59,71.70696521566704,16740826,0.0000,1.0
2015-06-12,85.89,86.0,83.09,84.21,69.73603812000601,12630477,0.0000,1.0
2015-06-15,83.57,84.61,83.09,84.08,69.62838243831025,5462684,0.0000,1.0
2015-06-16,83.91,85.32,83.63,84.78,70.20806687821056,5694510,0.0000,1.0
2015-06-17,84.68,84.68,83.0101,83.53,69.1729160926743,5968167,0.0000,1.0
2015-06-18,83.89,84.37,82.75,83.04,68.7671369847441,7251541,0.0000,1.0
2015-06-19,82.47,83.21,82.32,82.63,68.4276075270882,6906636,0.0000,1.0
2015-06-22,83.3,83.44,82.85,82.92,68.66776250933262,3537136,0.0000,1.0
2015-06-23,83.75,83.75,82.45,82.67,68.46073235222536,3643465,0.0000,1.0
2015-06-24,82.5,83.08,82.26,82.26,68.12120289456948,4212053,0.0000,1.0
2015-06-25,84.16,86.9,84.08,84.8,70.22462929077913,9625022,0.0000,1.0
2015-06-26,85.19,85.93,84.58,85.85,71.09415595062958,14369757,0.0000,1.0
2015-06-29,85.35,85.58,83.73,83.78,69.37994624978155,4441878,0.0000,1.0
2015-06-30,84.5,84.57,83.385,83.49,69.13979126753713,4261232,0.0000,1.0
2015-07-01,83.8,84.96,83.6,84.85,70.26603532220058,3629052,0.0000,1.0
2015-07-02,85.21,86.24,84.69,86.14,71.33431093287399,5128085,0.0000,1.0
2015-07-06,85.31,86.44,85.25,86.35,71.50821626484408,5062808,0.0000,1.0
2015-07-07,86.64,88.78,86.0601,88.73,73.4791433605051,6911762,0.0000,1.0
2015-07-08,88.27,88.5,87.17,87.25,72.25352483043018,5330041,0.0000,1.0
2015-07-09,88.0,88.31,86.9,87.48,72.44399257496886,4767588,0.0000,1.0
2015-07-10,88.3,88.46,87.7,88.29,73.11477028399635,4471173,0.0000,1.0
2015-07-13,89.14,90.18,88.67,88.82,73.5536742170637,5940508,0.0000,1.0
2015-07-14,89.05,89.1,87.85,88.76,73.50398697935798,6028749,0.0000,1.0
2015-07-15,87.79,88.17,86.1,86.38,71.53305988369695,6615885,0.0000,1.0
2015-07-16,86.8,87.46,86.58,87.17,72.18727518015586,5578027,0.0000,1.0
2015-07-17,87.0,87.435,86.62,87.37,72.35289930584166,4430068,0.0000,1.0
2015-07-20,87.7,87.92,87.27,87.87,72.76695962005617,4318829,0.0000,1.0
2015-07-21,87.58,87.69,85.52,85.57,70.86228217466946,8064243,0.0000,1.0
2015-07-22,83.32,86.8,81.5,86.38,71.53305988369695,12677130,0.0000,1.0
2015-07-23,89.06,89.87,85.62,86.76,71.84774572249998,5258534,0.0000,1.0
2015-07-24,86.0,86.21,84.16,84.72,70.15837964050482,3460139,0.0000,1.0
2015-07-27,84.5,84.61,83.34,84.15,69.68635088230029,5420647,0.0000,1.0
2015-07-28,84.71,85.7,84.5,85.68,70.95337544379666,3027811,0.0000,1.0
2015-07-29,85.91,85.99,84.71,85.09,70.46478427302354,2711842,0.0000,1.0
2015-07-30,84.26,84.97,83.975,84.54,70.0093179273876,3867841,0.0000,1.0
2015-07-31,84.88,85.255,84.38,84.51,69.98447430853473,4113617,0.0000,1.0
2015-08-03,84.81,85.0,83.53,84.14,69.678069676016,4815748,0.0000,1.0
2015-08-04,84.49,84.99,83.85,84.05,69.60353881945738,2848178,0.0000,1.0
2015-08-05,84.68,85.08,83.97,84.73,70.16666084678911,3771986,0.0000,1.0
2015-08-06,85.14,85.14,81.24,82.7,68.48557597107823,3862324,0.0000,1.0
2015-08-07,82.5,82.69,80.65,82.27,68.12948410085376,4545326,0.0000,1.0
2015-08-10,82.82,83.77,82.44,83.51,69.15635368010572,3211620,0.0000,1.0
2015-08-11,82.81,83.75,82.73,83.54,69.1811972989586,3205573,0.0000,1.0
2015-08-12,82.71,83.5,81.64,83.38,69.46275831262444,2870245,0.5000,1.0
2015-08-13,83.2,83.75,82.89,83.03,69.1711780126794,2253924,0.0000,1.0
2015-08-14,82.91,83.95,82.79,83.91,69.90429419539839,2280244,0.0000,1.0
2015-08-17,83.26,83.78,82.93,83.47,69.5377361040389,2814715,0.0000,1.0
2015-08-18,83.83,83.99,83.23,83.39,69.47108917833717,2241397,0.0000,1.0
2015-08-19,83.14,84.5318,82.57,83.77,69.78766207542037,2651346,0.0000,1.0
2015-08-20,86.86,88.95,85.81,87.33,72.7534502691472,10887657,0.0000,1.0
2015-08-21,86.98,87.7,84.53,84.53,70.42080786958677,8313608,0.0000,1.0
2015-08-24,81.6,82.964,79.5,80.73,67.25507889875476,8620721,0.0000,1.0
2015-08-25,82.19,82.6,77.86,78.26,65.19735506771396,6438637,0.0000,1.0
2015-08-26,79.88,81.3,77.77,81.1,67.56332093012524,7211518,0.0000,1.0
2015-08-27,81.79,84.04,81.71,83.74,69.76266947828222,4703371,0.0000,1.0
2015-08-28,83.3,84.0,82.77,83.19,69.30447186408286,4861398,0.0000,1.0
2015-08-31,83.46,84.42,82.05,82.35,68.60467914421471,3445314,0.0000,1.0
2015-09-01,80.6,81.25,79.4,79.8,66.48030838747219,4300485,0.0000,1.0
2015-09-02,80.71,81.83,80.3,81.81,68.15481239572807,3257865,0.0000,1.0
2015-09-03,82.05,82.86,81.34,81.6,67.97986421576103,3227676,0.0000,1.0
2015-09-04,80.64,81.11,79.68,80.32,66.9135134045334,3416402,0.0000,1.0
2015-09-08,81.46,82.975,81.26,82.88,69.04621502698866,2643617,0.0000,1.0
2015-09-09,83.45,83.5,80.89,81.09,67.55499006441254,2839556,0.0000,1.0
2015-09-10,81.12,81.67,80.5,80.84,67.34671842159464,3667668,0.0000,1.0
2015-09-11,80.65,81.85,78.74,81.8,68.14648153001535,3645932,0.0000,1.0
2015-09-14,81.92,82.28,81.28,81.89,68.22145932142979,3197225,0.0000,1.0
2015-09-15,82.43,83.36,82.11,82.96,69.11286195269038,3532562,0.0000,1.0
2015-09-16,84.1,84.53,82.61,84.45,70.35416094388505,3844983,0.0000,1.0
2015-09-17,84.47,92.85,84.28,89.98,74.96112968301689,16918092,0.0000,1.0
2015-09-18,90.7,91.45,88.38,88.49,73.71983069182222,11578013,0.0000,1.0
2015-09-21,89.1,89.81,87.11,87.59,72.97005277767781,6644099,0.0000,1.0
2015-09-22,86.82,87.98,86.62,87.8,73.14500095764484,5059529,0.0000,1.0
2015-09-23,88.0,88.42,86.575,86.69,72.22027486353339,4863319,0.0000,1.0
2015-09-24,86.45,86.54,85.08,85.35,71.10393885802947,5691534,0.0000,1.0
2015-09-25,86.24,86.43,83.229,84.06,70.02925718108914,5794800,0.0000,1.0
2015-09-28,83.68,83.86,78.5,79.74,66.43032319319589,8250814,0.0000,1.0
2015-09-29,80.37,82.2,79.19,80.28,66.88018994168254,7314071,0.0000,1.0
2015-09-30,81.53,83.77,81.5,83.69,69.72101514971864,6745657,0.0000,1.0
2015-10-01,83.6,85.32,83.4,85.18,70.9623141409133,5350444,0.0000,1.0
2015-10-02,84.16,87.55,83.59,87.52,72.9117367176888,5616534,0.0000,1.0
2015-10-05,88.08,88.48,85.595,86.57,72.12030447498078,5298248,0.0000,1.0
2015-10-06,86.39,86.5049,82.08,84.17,70.120896703929,5521178,0.0000,1.0
2015-10-07,84.3,84.85,82.4,83.99,69.97094112110011,5131882,0.0000,1.0
2015-10-08,83.15,83.99,81.79,83.77,69.78766207542037,4595447,0.0000,1.0
2015-10-09,85.33,86.57,85.0,86.14,71.76207724933401,5115109,0.0000,1.0
2015-10-12,78.58,80.75,78.3,79.44,66.18039722181442,26477392,0.0000,1.0
2015-10-13,79.79,81.25,79.54,79.62,66.33035280464331,10104709,0.0000,1.0
2015-10-14,80.97,82.0,79.05,79.25,66.02211077327283,9492494,0.0000,1.0
2015-10-15,79.34,80.08,78.81,79.86,66.53029358174848,6408613,0.0000,1.0
2015-10-16,80.58,81.53,79.96,81.51,67.9048864243466,5519788,0.0000,1.0
2015-10-19,81.13,81.3,79.47,80.25,66.85519734454441,5869929,0.0000,1.0
2015-10-20,80.15,80.34,77.625,77.79,64.80580437921631,7458024,0.0000,1.0
2015-10-21,78.23,78.38,75.92,77.01,64.15599685362449,8971393,0.0000,1.0
2015-10-22,77.22,77.84,75.16,76.98,64.13100425648634,10075325,0.0000,1.0
2015-10-23,77.55,79.08,77.27,78.31,65.23900939627754,5679211,0.0000,1.0
2015-10-26,78.31,79.8625,77.7733,79.11,65.9054786532948,4755216,0.0000,1.0
2015-10-27,79.5,80.95,79.5,80.91,67.40503448158364,4771583,0.0000,1.0
2015-10-28,81.2,83.1,80.39,83.07,69.20450147553025,5710349,0.0000,1.0
2015-10-29,82.3,83.57,81.29,82.0,68.31309884426967,5158560,0.0000,1.0
2015-10-30,82.08,82.55,81.57,81.57,67.95487161862289,4044278,0.0000,1.0
2015-11-02,81.14,82.18,80.81,82.04,68.34642230712053,3473936,0.0000,1.0
2015-11-03,82.23,82.54,81.13,81.67,68.03818027575005,4824986,0.0000,1.0
2015-11-04,82.15,82.15,80.9271,81.05,67.52166660156166,3401909,0.0000,1.0
2015-11-05,81.0,81.4,79.66,80.61,67.15510851020217,3786981,0.0000,1.0
2015-11-06,80.3,80.59,78.44,80.46,67.03014552451143,6081925,0.0000,1.0
2015-11-09,80.03,80.29,78.58,79.36,66.1137502961127,4160242,0.0000,1.0
2015-11-10,78.71,80.32,78.71,80.06,67.1134541816386,3302610,0.5000,1.0
2015-11-11,80.1,81.28,79.97,80.7,67.64995943615082,3323442,0.0000,1.0
2015-11-12,80.55,80.76,79.8,79.86,66.94579628960352,3647843,0.0000,1.0
2015-11-13,79.66,80.27,79.18,79.55,66.68592655694916,3638556,0.0000,1.0
2015-11-16,80.0,81.255,79.98,81.23,68.09425285004376,3318932,0.0000,1.0
2015-11-17,80.93,82.43,80.63,81.3,68.15293311225602,3012325,0.0000,1.0
2015-11-18,81.49,83.755,81.39,83.65,70.1229133436681,3916618,0.0000,1.0
2015-11-19,83.2,83.88,82.725,83.72,70.18159360588038,3156077,0.0000,1.0
2015-11-20,84.3,85.5,84.11,84.47,70.81031070101189,4251456,0.0000,1.0
2015-11-23,84.5,84.92,84.12,84.74,71.03664885525923,4033055,0.0000,1.0
2015-11-24,83.56,84.32,83.05,83.88,70.31571991950842,3431194,0.0000,1.0
2015-11-25,83.88,84.42,83.55,83.74,70.19835939508388,2529703,0.0000,1.0
2015-11-27,83.77,84.25,83.6,83.65,70.1229133436681,1253753,0.0000,1.0
2015-11-30,83.76,84.03,82.04,82.04,68.77326731278579,6561475,0.0000,1.0
2015-12-01,84.21,86.53,83.34,86.5,72.51203830516785,7368312,0.0000,1.0
2015-12-02,86.26,86.73,84.42,84.56,70.88575675242767,4444774,0.0000,1.0
2015-12-03,84.65,84.84,82.56,83.06,69.62832256216466,3669722,0.0000,1.0
2015-12-04,83.47,87.28,83.43,86.62,72.6126330403889,6987562,0.0000,1.0
2015-12-07,87.45,88.16,85.89,86.38,72.41144356994681,4379047,0.0000,1.0
2015-12-08,85.62,87.67,85.565,86.41,72.43659225375207,4761004,0.0000,1.0
2015-12-09,86.02,86.32,83.57,83.86,70.29895413030492,5479503,0.0000,1.0
2015-12-10,84.23,85.51,83.36,84.91,71.17915806348904,3667215,0.0000,1.0
2015-12-11,83.8,84.38,83.12,83.29,69.82112913800498,3737612,0.0000,1.0
2015-12-14,83.36,84.71,82.97,84.68,70.98635148764872,5208392,0.0000,1.0
2015-12-15,85.18,85.98,85.02,85.52,71.690514634196,3975544,0.0000,1.0
2015-12-16,86.0,86.58,84.05,86.29,72.33599751853103,2983371,0.0000,1.0
2015-12-17,86.75,87.205,86.2,86.22,72.27731725631875,3928182,0.0000,1.0
2015-12-18,85.57,85.98,84.77,84.77,71.0617975390645,5800701,0.0000,1.0
2015-12-21,85.72,86.45,85.15,86.04,72.12642515348719,3742321,0.0000,1.0
2015-12-22,86.27,86.47,85.27,85.91,72.01744752366439,2446147,0.0000,1.0
2015-12-23,86.36,86.87,86.13,86.2,72.26055146711525,2804151,0.0000,1.0
2015-12-24,85.98,86.15,85.47,85.85,71.96715015605388,1486939,0.0000,1.0
2015-12-28,85.58,85.7,84.89,85.49,71.66536595039075,2031745,0.0000,1.0
2015-12-29,85.84,86.87,85.6,86.25,72.30246594012401,2097692,0.0000,1.0
2015-12-30,86.45,87.1,86.14,86.2,72.26055146711525,1969818,0.0000,1.0
2015-12-31,85.72,85.75,84.08,84.26,70.63426991437507,3178502,0.0000,1.0
2016-01-04,83.4,83.6,81.79,82.87,69.46904756473133,6907076,0.0000,1.0
2016-01-05,82.9,85.4,82.87,84.11,70.50852649534876,7463864,0.0000,1.0
2016-01-06,82.69,84.88,82.495,83.58,70.06423308145582,6628332,0.0000,1.0
2016-01-07,81.63,82.81,80.83,81.41,68.24514495287531,5832405,0.0000,1.0
2016-01-08,81.67,82.485,81.04,81.25,68.11101863924726,5880152,0.0000,1.0
2016-01-11,81.3,81.92,78.83,80.27,67.28949496827542,4889341,0.0000,1.0
2016-01-12,80.61,81.0,79.52,80.4,67.39847259809822,4329031,0.0000,1.0
2016-01-13,80.74,80.8162,79.09,79.3,66.47635419190533,4628359,0.0000,1.0
2016-01-14,79.28,82.73,78.62,82.54,69.19241204287347,8253667,0.0000,1.0
2016-01-15,80.69,81.58,80.08,81.24,68.1026357446455,6673512,0.0000,1.0
2016-01-19,82.31,84.8,81.96,83.23,69.77083177039447,9161078,0.0000,1.0
2016-01-20,81.85,83.47,80.41,82.62,69.2594751996875,8351906,0.0000,1.0
2016-01-21,82.56,82.62,80.59,81.4,68.23676205827357,4930961,0.0000,1.0
2016-01-22,82.4,83.16,81.91,82.48,69.14211467526295,3456326,0.0000,1.0
2016-01-25,82.5,83.2,81.62,81.71,68.49663179092792,2632771,0.0000,1.0
2016-01-26,81.75,82.17,80.91,81.96,68.70620415597176,4583353,0.0000,1.0
2016-01-27,81.61,83.25,80.96,81.76,68.5385462639367,4341852,0.0000,1.0
2016-01-28,81.87,82.49,76.54,76.81,64.38901343606871,10128508,0.0000,1.0
2016-01-29,77.36,79.42,77.23,79.1,66.30869629987025,7042494,0.0000,1.0
2016-02-01,78.21,79.16,77.28,78.4,65.72189367774752,4056000,0.0000,1.0
2016-02-02,77.66,78.3,76.09,76.3,63.96148581137927,4804168,0.0000,1.0
2016-02-03,76.46,77.55,74.18,76.09,63.78544502474245,6966427,0.0000,1.0
2016-02-04,75.95,76.53,73.44,74.28,62.268141101825066,6339210,0.0000,1.0
2016-02-05,74.16,75.82,73.5501,74.32,62.30167268023207,6312782,0.0000,1.0
2016-02-08,73.55,74.58,72.83,74.19,62.192695050409284,4348609,0.0000,1.0
2016-02-09,73.43,74.96,72.72,73.74,61.81546479333037,5159999,0.0000,1.0
2016-02-10,73.73,74.87,72.98,73.07,61.68133847970231,4748135,0.5100,1.0
2016-02-11,72.2,72.63,70.83,71.42,60.28850683208347,5425363,0.0000,1.0
2016-02-12,71.57,71.73,70.43,71.27,60.16188577320903,6332599,0.0000,1.0
2016-02-16,71.95,73.42,71.93,73.33,61.900814981751346,4811214,0.0000,1.0
2016-02-17,74.01,74.92,73.09,74.68,63.04040451162131,4000056,0.0000,1.0
2016-02-18,73.42,74.55,73.16,73.47,62.01899463670082,5620449,0.0000,1.0
2016-02-19,72.69,73.07,72.2,72.61,61.29303389915403,6650801,0.0000,1.0
2016-02-22,72.91,73.64,72.1,73.01,61.630690056152545,5672321,0.0000,1.0
2016-02-23,73.1,74.5,73.06,73.47,62.01899463670082,4411185,0.0000,1.0
2016-02-24,73.33,74.28,72.64,74.1,62.55080308397346,3636052,0.0000,1.0
2016-02-25,74.27,74.89,73.77,74.82,63.158584166570776,4307058,0.0000,1.0
2016-02-26,75.42,75.79,73.41,73.6,62.128732887725334,4807828,0.0000,1.0
2016-02-29,73.37,73.37,71.98,72.0,60.778108259731304,5729917,0.0000,1.0
2016-03-01,72.63,72.81,71.86,72.74,61.40277215017854,4541719,0.0000,1.0
2016-03-02,72.73,74.05,72.44,74.02,62.483271852573765,6738839,0.0000,1.0
2016-03-03,73.8,73.89,72.58,73.25,61.83328375035164,4526493,0.0000,1.0
2016-03-04,73.37,74.06,72.9,73.6,62.128732887725334,3481560,0.0000,1.0
2016-03-07,73.17,73.96,72.8,73.4,61.95990480922609,3443068,0.0000,1.0
2016-03-08,72.94,74.55,72.89,73.0,61.622248652227576,3260547,0.0000,1.0
2016-03-09,73.51,73.94,73.0,73.54,62.07808446417557,2372034,0.0000,1.0
2016-03-10,74.0,74.21,72.43,73.02,61.6391314600775,4419264,0.0000,1.0
2016-03-11,73.47,74.95,73.19,74.65,63.015080299846424,3527002,0.0000,1.0
2016-03-14,74.26,74.6,73.79,73.91,62.39041640939918,3201814,0.0000,1.0
2016-03-15,71.65,72.0,69.6,71.24,60.13656156143414,13748156,0.0000,1.0
2016-03-16,71.29,72.9,71.17,72.48,61.18329564812952,5287378,0.0000,1.0
2016-03-17,72.23,72.35,67.88,69.06,58.29633550579228,15421052,0.0000,1.0
2016-03-18,69.2,71.05,69.06,70.95,59.89176084761023,10131644,0.0000,1.0
2016-03-21,70.8,71.05,69.84,70.25,59.30086257286284,5900051,0.0000,1.0
2016-03-22,70.21,72.24,70.16,71.92,60.710577028331606,7655351,0.0000,1.0
2016-03-23,72.17,72.23,70.91,71.17,60.077471733959406,3884445,0.0000,1.0
2016-03-24,70.65,71.44,70.2,71.12,60.035264714334595,2892926,0.0000,1.0
2016-03-28,71.35,71.465,70.38,70.62,59.61319451808646,2661880,0.0000,1.0
2016-03-29,70.74,71.94,70.66,71.7,60.52486614198243,3814778,0.0000,1.0
2016-03-30,71.98,72.33,71.07,71.78,60.59239737338213,3081028,0.0000,1.0
2016-03-31,71.77,72.33,71.1,72.01,60.786549663656274,3680000,0.0000,1.0
2016-04-01,71.6,73.7,71.53,73.42,61.97678761707601,4083598,0.0000,1.0
2016-04-04,73.56,73.79,72.89,73.18,61.77419392287691,2796315,0.0000,1.0
2016-04-05,72.78,73.65,72.48,73.04,61.65601426792743,3591779,0.0000,1.0
2016-04-06,72.8,75.0601,72.8,74.76,63.10793574302101,5669094,0.0000,1.0
2016-04-07,74.51,75.16,73.85,74.59,62.96443187629664,3724102,0.0000,1.0
2016-04-08,75.28,75.28,73.86,74.39,62.79560379779739,3225341,0.0000,1.0
2016-04-11,74.48,74.74,73.795,73.95,62.424182025099036,3351100,0.0000,1.0
2016-04-12,73.78,75.29,73.53,74.57,62.94754906844671,2849823,0.0000,1.0
2016-04-13,74.73,75.235,74.08,75.16,63.445591900019515,2341545,0.0000,1.0
2016-04-14,75.3,75.83,74.795,75.63,63.84233788449276,3022081,0.0000,1.0
2016-04-15,75.62,76.25,75.0901,75.53,63.757923845243134,3007480,0.0000,1.0
2016-04-18,75.58,77.26,75.19,77.22,65.18452110856182,4089198,0.0000,1.0
2016-04-19,77.58,78.5,76.64,77.25,65.20984532033671,3819609,0.0000,1.0
2016-04-20,77.28,77.77,76.575,77.08,65.06634145361235,4049334,0.0000,1.0
2016-04-21,77.17,78.1,76.91,77.37,65.31114216743627,3286496,0.0000,1.0
2016-04-22,77.1,77.94,76.934,77.83,65.69944674798455,2697164,0.0000,1.0
2016-04-25,77.46,78.0,77.15,77.94,65.79230219115914,3767105,0.0000,1.0
2016-04-26,76.62,78.3,76.09,76.27,64.38258773569036,5347814,0.0000,1.0
2016-04-27,76.52,77.16,75.82,76.51,64.58518142988949,3690869,0.0000,1.0
2016-04-28,76.12,76.66,75.672,76.46,64.54297441026466,4382989,0.0000,1.0
2016-04-29,76.51,76.51,75.1,75.53,63.757923845243134,3386635,0.0000,1.0
2016-05-02,75.95,77.08,75.81,76.75,64.78777512408858,3572098,0.0000,1.0
2016-05-03,76.34,76.65,75.5897,76.25,64.36570492784045,3270704,0.0000,1.0
2016-05-04,75.17,75.62,74.6301,74.87,63.2007911861956,4176841,0.0000,1.0
2016-05-05,74.72,75.39,74.55,75.27,63.5384473431941,3446378,0.0000,1.0
2016-05-06,74.715,74.95,73.34,74.6,62.9728732802216,4196917,0.0000,1.0
2016-05-09,74.78,75.9,74.76,75.59,63.808572268792915,2963185,0.0000,1.0
2016-05-10,76.29,77.13,76.05,76.88,64.89751337511309,4366043,0.0000,1.0
2016-05-11,75.97,77.06,75.84,76.31,64.84686495156333,3716280,0.5100,1.0
2016-05-12,76.72,76.943,75.356,75.96,64.54944124912528,4081858,0.0000,1.0
2016-05-13,75.82,77.0501,75.57,76.33,64.86386059170265,3629660,0.0000,1.0
2016-05-16,75.98,78.47,75.84,78.29,66.5294333253557,4580106,0.0000,1.0
2016-05-17,78.21,78.71,75.52,76.39,64.9148475121206,7153268,0.0000,1.0
2016-05-18,76.4,76.85,75.61,76.33,64.86386059170265,4664873,0.0000,1.0
2016-05-19,75.12,75.23,73.74,74.31,63.147300937631655,4848834,0.0000,1.0
2016-05-20,74.79,75.54,74.68,74.81,63.572191941114575,4689174,0.0000,1.0
2016-05-23,75.0,75.14,73.92,74.08,62.951851076029506,4441221,0.0000,1.0
2016-05-24,74.55,75.2,74.36,74.99,63.72515270236842,3712042,0.0000,1.0
2016-05-25,75.49,75.5,74.45,74.54,63.3427507992338,4621719,0.0000,1.0
2016-05-26,74.6,75.6,74.27,75.52,64.17553716606031,2654566,0.0000,1.0
2016-05-27,75.52,75.725,74.665,74.99,63.72515270236842,3247520,0.0000,1.0
2016-05-31,75.01,75.6299,74.71,75.03,63.75914398264706,4438763,0.0000,1.0
2016-06-01,74.9,75.44,74.68,74.94,63.68266360202013,2450242,0.0000,1.0
2016-06-02,75.22,75.68,74.9,75.46,64.12455024564237,3231683,0.0000,1.0
2016-06-03,75.5,75.6,74.25,75.12,63.835624363273986,5318973,0.0000,1.0
2016-06-06,75.11,75.4962,74.2,74.84,63.59768540132355,3253932,0.0000,1.0
2016-06-07,74.62,75.0499,74.51,74.7,63.47871592034833,2902857,0.0000,1.0
2016-06-08,74.66,75.09,74.4,74.91,63.65717014181115,3194883,0.0000,1.0
2016-06-09,74.77,75.54,74.24,74.43,63.24927477846756,2760462,0.0000,1.0
2016-06-10,74.09,74.19,73.17,73.95,62.84137941512395,4124192,0.0000,1.0
2016-06-13,74.08,74.97,73.67,73.86,62.76489903449702,3767004,0.0000,1.0
2016-06-14,73.54,74.37,73.06,74.32,63.155798757701305,3691821,0.0000,1.0
2016-06-15,74.73,74.89,73.61,73.71,62.63743173345214,3408917,0.0000,1.0
2016-06-16,73.47,74.47,72.95,74.25,63.0963140172137,4788882,0.0000,1.0
2016-06-17,74.65,75.08,73.475,73.86,62.76489903449702,6604924,0.0000,1.0
2016-06-20,74.45,74.7,73.22,73.28,62.27202547045683,3640098,0.0000,1.0
2016-06-21,73.7,73.8,72.53,72.57,61.668680245511084,6000030,0.0000,1.0
2016-06-22,72.5,73.91,72.5,73.07,62.093571248994,4410906,0.0000,1.0
2016-06-23,73.59,73.94,73.2,73.94,62.83288159505429,2989745,0.0000,1.0
2016-06-24,72.45,75.12,71.87,74.33,63.16429657777097,10471156,0.0000,1.0
2016-06-27,74.06,75.065,73.2,74.89,63.64017450167184,7658173,0.0000,1.0
2016-06-28,75.13,76.25,73.75,75.15,63.861117823482964,8011335,0.0000,1.0
2016-06-29,75.88,78.24,75.87,78.15,66.41046384438049,7123712,0.0000,1.0
2016-06-30,78.2,78.81,77.46,78.75,66.92033304855998,4017154,0.0000,1.0
2016-07-01,78.89,79.33,78.37,78.95,67.09028944995316,2909610,0.0000,1.0
2016-07-05,78.81,79.9,78.75,79.64,67.67663903475959,3286572,0.0000,1.0
2016-07-06,79.32,80.4,79.1,80.02,67.9995561974066,4669765,0.0000,1.0
2016-07-07,79.83,80.05,78.645,79.32,67.40470879253051,3587328,0.0000,1.0
2016-07-08,79.32,79.9,78.93,79.66,67.6936346748989,3134921,0.0000,1.0
2016-07-11,79.54,79.77,78.95,79.14,67.25174803127666,3461430,0.0000,1.0
2016-07-12,79.63,79.84,78.97,79.67,67.70213249496857,4429916,0.0000,1.0
2016-07-13,79.91,80.03,79.33,79.36,67.43870007280914,2917240,0.0000,1.0
2016-07-14,79.5,80.69,79.4,80.59,68.48393194137714,3823780,0.0000,1.0
2016-07-15,80.98,81.0,79.94,80.22,68.16951259879977,4529123,0.0000,1.0
2016-07-18,80.37,80.59,79.855,79.95,67.940071456919,3087620,0.0000,1.0
2016-07-19,79.85,80.25,79.58,79.97,67.95706709705831,3303716,0.0000,1.0
2016-07-20,80.27,80.52,79.99,80.28,68.22049951921773,2811087,0.0000,1.0
2016-07-21,80.2,80.6,80.02,80.4,68.32247336005362,2713999,0.0000,1.0
2016-07-22,80.4,81.71,80.28,81.59,69.33371394834298,4316534,0.0000,1.0
2016-07-25,81.59,82.0,81.0,81.98,69.66512893105966,4179671,0.0000,1.0
2016-07-26,82.75,83.35,81.63,82.09,69.7586049518259,5134839,0.0000,1.0
2016-07-27,82.25,83.59,82.15,83.4,70.87181938095115,4057228,0.0000,1.0
2016-07-28,83.25,83.39,81.95,82.93,70.4724218376772,4862023,0.0000,1.0
2016-07-29,83.07,83.45,82.64,82.89,70.43843055739856,3016000,0.0000,1.0
2016-08-01,83.02,83.785,82.94,83.18,70.68486733941867,3131148,0.0000,1.0
2016-08-02,83.14,83.7,82.57,83.32,70.80383682039387,3340132,0.0000,1.0
2016-08-03,83.42,83.42,82.36,82.72,70.29396761621437,2940868,0.0000,1.0
2016-08-04,83.02,83.02,82.37,82.42,70.03903301412463,2093693,0.0000,1.0
2016-08-05,82.42,82.52,81.04,81.56,69.308220488134,5886901,0.0000,1.0
2016-08-08,81.44,81.85,80.46,81.6,69.34221176841262,4227300,0.0000,1.0
2016-08-09,81.75,82.14,80.7,81.5,69.25723356771604,2243034,0.0000,1.0
2016-08-10,80.12,81.16,79.67,80.55,68.4499406610985,4956708,0.0000,1.0
2016-08-11,79.98,80.665,79.98,80.56,68.89182730472074,2407996,0.5100,1.0
2016-08-12,80.19,80.72,79.9,80.22,68.60107232354392,2525029,0.0000,1.0
2016-08-15,80.33,80.62,80.07,80.26,68.63527879191766,2780381,0.0000,1.0
2016-08-16,80.25,80.3999,79.84,79.84,68.27611087399335,2158733,0.0000,1.0
2016-08-17,80.16,80.35,79.58,80.11,68.50700453551612,2519548,0.0000,1.0
2016-08-18,80.1,80.38,79.49,79.78,68.22480117143273,3037728,0.0000,1.0
2016-08-19,79.55,79.79,78.78,79.06,67.60908474070534,3746012,0.0000,1.0
2016-08-22,79.32,79.9,79.02,79.29,67.80577193385437,3157037,0.0000,1.0
2016-08-23,79.68,79.97,79.445,79.57,68.04521721247056,3407537,0.0000,1.0
2016-08-24,79.7,79.99,78.18,78.44,67.0788844809123,3422979,0.0000,1.0
2016-08-25,78.44,79.17,77.8,78.01,66.71116494589455,2800533,0.0000,1.0
2016-08-26,78.05,78.82,77.84,78.24,66.90785213904357,2602317,0.0000,1.0
2016-08-29,78.33,78.74,78.05,78.6,67.21571035440726,2203303,0.0000,1.0
2016-08-30,78.6,78.6,77.63,77.77,66.50592613565208,2026249,0.0000,1.0
2016-08-31,77.89,78.09,77.53,77.75,66.48882290146521,2182644,0.0000,1.0
2016-09-01,77.75,78.0,76.8,77.23,66.04413881260655,3544701,0.0000,1.0
2016-09-02,77.52,77.63,76.45,76.85,65.71917736305596,3943353,0.0000,1.0
2016-09-06,77.12,78.7,77.12,78.51,67.13874580056635,5528599,0.0000,1.0
2016-09-07,78.49,78.885,78.26,78.59,67.20715873731385,2972177,0.0000,1.0
2016-09-08,80.03,80.17,79.41,79.89,68.31886895946053,4405396,0.0000,1.0
2016-09-09,79.62,79.62,78.2,78.24,66.90785213904357,4152468,0.0000,1.0
2016-09-12,77.99,79.29,77.81,79.08,67.6261879748922,3288904,0.0000,1.0
2016-09-13,78.87,78.87,77.99,78.48,67.11309094928605,3148995,0.0000,1.0
2016-09-14,78.67,79.24,78.02,78.29,66.95061022451077,2660924,0.0000,1.0
2016-09-15,78.12,79.06,77.77,78.82,67.40384593046286,2653694,0.0000,1.0
2016-09-16,78.7,78.91,78.17,78.8,67.38674269627599,4255102,0.0000,1.0
2016-09-19,78.79,79.37,78.49,79.16,67.6946009116397,3321540,0.0000,1.0
2016-09-20,79.63,80.345,79.285,79.88,68.31031734236709,3629503,0.0000,1.0
2016-09-21,79.8,81.0,79.68,80.87,69.15692743461726,3147586,0.0000,1.0
2016-09-22,81.05,81.46,80.73,81.29,69.51609535254157,2639754,0.0000,1.0
2016-09-23,80.97,81.4561,80.77,81.16,69.40492433032689,2196998,0.0000,1.0
2016-09-26,81.0,81.15,79.499,79.52,68.00245912700339,4332389,0.0000,1.0
2016-09-27,80.62,80.925,79.61,80.88,69.16547905171069,6888929,0.0000,1.0
2016-09-28,80.84,81.17,80.02,80.71,69.02010156112227,2467803,0.0000,1.0
2016-09-29,80.35,80.47,79.23,79.74,68.19059470305898,3269150,0.0000,1.0
2016-09-30,80.1,80.65,80.03,80.26,68.63527879191766,3622982,0.0000,1.0
2016-10-03,80.0,81.07,79.69,81.0,69.26809845683192,3983503,0.0000,1.0
2016-10-04,81.06,81.41,80.68,81.11,69.36216624485972,3184071,0.0000,1.0
2016-10-05,81.35,82.09,81.234,81.75,69.90946973883963,3560429,0.0000,1.0
2016-10-06,81.25,81.78,80.73,81.47,69.67002446022342,2994223,0.0000,1.0
2016-10-07,81.57,82.31,81.3,82.09,70.20022472001645,4241408,0.0000,1.0
2016-10-10,82.13,83.24,82.1,83.06,71.02973157807975,4608430,0.0000,1.0
2016-10-11,82.6,82.85,81.25,81.81,69.96077944140025,4218223,0.0000,1.0
2016-10-12,81.81,82.22,80.46,80.51,68.84906921925356,3629801,0.0000,1.0
2016-10-13,79.93,80.4854,79.6,80.0,68.41293674748832,3565014,0.0000,1.0
2016-10-14,80.17,80.32,79.21,79.27,67.78866869966748,3143876,0.0000,1.0
2016-10-17,79.53,79.53,78.01,78.53,67.15584903475323,3884657,0.0000,1.0
2016-10-18,79.09,79.145,78.5,78.77,67.36108784499568,3218290,0.0000,1.0
2016-10-19,78.96,79.33,78.53,78.56,67.18150388603354,2988801,0.0000,1.0
2016-10-20,78.73,79.11,78.39,78.74,67.33543299371537,2661919,0.0000,1.0
2016-10-21,78.54,78.78,78.08,78.25,66.91640375613702,3214735,0.0000,1.0
2016-10-24,78.49,78.69,77.44,77.57,66.33489379378335,4361748,0.0000,1.0
2016-10-25,76.88,78.28,75.5,77.75,66.48882290146521,8496226,0.0000,1.0
2016-10-26,77.42,77.65,76.37,76.76,65.64221280921505,2988727,0.0000,1.0
2016-10-27,77.36,77.42,76.13,76.16,65.12911578360888,3789861,0.0000,1.0
2016-10-28,75.62,75.68,73.86,74.53,63.73520219737881,5651341,0.0000,1.0
2016-10-31,74.63,74.74,73.8,73.84,63.14514061793172,3562142,0.0000,1.0
2016-11-01,73.81,73.98,71.85,72.98,62.409701547896226,8190224,0.0000,1.0
2016-11-02,73.15,73.49,72.64,72.65,62.12749818381284,4433872,0.0000,1.0
2016-11-03,72.81,73.28,71.88,72.11,61.665710860767284,4843213,0.0000,1.0
2016-11-04,72.12,73.03,71.67,72.49,61.99067231031785,3617209,0.0000,1.0
2016-11-07,73.22,73.93,73.05,73.88,63.17934708630546,4969412,0.0000,1.0
2016-11-08,73.57,74.47,73.36,74.02,63.29906972561356,2690761,0.0000,1.0
2016-11-09,77.15,79.3,76.576,78.39,67.03612639544512,7332730,0.0000,1.0
2016-11-10,78.96,79.7,78.0,78.34,67.42950078174319,6904770,0.5100,1.0
2016-11-11,77.97,78.09,76.79,77.67,66.85281242938464,3072650,0.0000,1.0
2016-11-14,78.01,78.24,76.69,77.02,66.29333865470845,3221676,0.0000,1.0
2016-11-15,77.43,77.54,76.18,77.32,66.55155731994361,3097568,0.0000,1.0
2016-11-16,77.52,77.52,76.82,76.94,66.22448034397907,1922331,0.0000,1.0
2016-11-17,77.0,77.81,76.73,77.71,66.88724158474933,4519168,0.0000,1.0
2016-11-18,77.58,77.92,76.52,76.67,65.99208354526742,4571592,0.0000,1.0
2016-11-21,76.8,77.04,76.1,76.64,65.9662616787439,4060274,0.0000,1.0
2016-11-22,77.81,77.81,75.5,75.99,65.4067879040677,5208711,0.0000,1.0
2016-11-23,64.34,68.43,64.18,68.0,58.529564119971106,53944289,0.0000,1.0
2016-11-25,68.53,69.14,67.7801,69.12,59.4935804701824,8620682,0.0000,1.0
2016-11-28,68.43,68.43,67.1,67.2,57.84098101267733,12507732,0.0000,1.0
2016-11-29,67.57,67.64,66.48,67.15,57.79794456847147,8930019,0.0000,1.0
2016-11-30,67.3,67.82,66.81,67.12,57.77212270194795,9085283,0.0000,1.0
2016-12-01,66.165,67.3,65.66,65.97,56.78228448521314,7167268,0.0000,1.0
2016-12-02,66.3,68.39,65.96,67.71,58.279952743577105,12271667,0.0000,1.0
2016-12-05,68.16,68.31,66.74,67.26,57.89262474572436,7285951,0.0000,1.0
2016-12-06,67.2,67.925,67.13,67.8,58.35741834314766,4617182,0.0000,1.0
2016-12-07,67.25,67.38,66.56,67.38,57.99591221181842,5835882,0.0000,1.0
2016-12-08,67.05,67.27,66.39,67.19,57.832373723836156,4811270,0.0000,1.0
2016-12-09,67.38,68.17,67.22,67.85,58.40045478735352,4350764,0.0000,1.0
2016-12-12,67.98,68.54,67.42,67.61,58.193879855165385,5273498,0.0000,1.0
2016-12-13,67.99,68.89,67.99,68.64,59.08043060580613,6010936,0.0000,1.0
2016-12-14,68.42,68.92,67.54,67.67,58.24552358821242,6140299,0.0000,1.0
2016-12-15,70.37,71.59,69.66,71.37,61.43022045944615,14321496,0.0000,1.0
2016-12-16,72.86,73.71,71.76,73.31,63.100034494633555,17584505,0.0000,1.0
2016-12-19,73.48,74.49,73.295,73.42,63.19471467188645,6102447,0.0000,1.0
2016-12-20,73.6476,74.0998,73.0,73.38,63.16028551652175,6001496,0.0000,1.0
2016-12-21,73.33,73.89,73.1,73.25,63.04839076158652,5054141,0.0000,1.0
2016-12-22,73.16,73.48,72.68,73.26,63.0569980504277,4827505,0.0000,1.0
2016-12-23,73.48,74.0,73.26,73.79,63.51318435900983,2570475,0.0000,1.0
2016-12-27,74.06,74.46,73.68,73.81,63.530398936692166,2786711,0.0000,1.0
2016-12-28,73.66,73.78,72.97,73.06,62.88485227360425,3256811,0.0000,1.0
2016-12-29,73.3899,73.87,73.24,73.56,63.315216715662864,3031926,0.0000,1.0
2016-12-30,73.47,73.75,73.23,73.55,63.30660942682169,2934136,0.0000,1.0
2017-01-03,73.94,74.67,73.54,74.6,64.21037475514477,3623461,0.0000,1.0
2017-01-04,74.95,75.0,74.3801,74.72,64.31366222123884,3021617,0.0000,1.0
2017-01-05,74.93,77.87,74.431,75.59,65.06249635042083,3310765,0.0000,1.0
2017-01-06,75.46,76.065,75.03,75.67,65.1313546611502,2296679,0.0000,1.0
2017-01-09,75.67,76.6225,75.51,76.27,65.64779199162052,3204202,0.0000,1.0
2017-01-10,76.44,76.56,75.81,76.27,65.64779199162052,3559403,0.0000,1.0
2017-01-11,76.51,76.92,74.0,75.26,64.77845581866214,7701738,0.0000,1.0
2017-01-12,74.85,77.5,74.76,77.15,66.4052334096437,11901124,0.0000,1.0
2017-01-13,76.92,78.12,76.38,77.4,66.620415630673,5602569,0.0000,1.0
2017-01-17,77.06,77.06,75.87,76.85,66.14701474440852,4913272,0.0000,1.0
2017-01-18,77.32,77.71,76.88,77.53,66.73231038560823,3360339,0.0000,1.0
2017-01-19,77.47,77.62,76.76,76.84,66.13840745556735,4439238,0.0000,1.0
2017-01-20,77.02,77.41,76.471,76.81,66.11258558904383,4371126,0.0000,1.0
2017-01-23,76.24,76.88,76.16,76.32,65.69082843582639,5054871,0.0000,1.0
2017-01-24,76.2,76.43,74.17,74.85,64.42555697617408,6594265,0.0000,1.0
2017-01-25,75.07,75.6,74.27,74.85,64.42555697617408,4830841,0.0000,1.0
2017-01-26,74.98,75.35,74.54,74.58,64.19316017746243,3743972,0.0000,1.0
2017-01-27,74.92,75.4,74.505,75.38,64.8817432847562,3132793,0.0000,1.0
2017-01-30,75.09,75.175,74.25,74.7,64.29644764355649,5909555,0.0000,1.0
2017-01-31,74.25,77.28,74.0,77.03,66.30194594354963,6964087,0.0000,1.0
2017-02-01,77.9,78.57,76.91,77.6,66.79256140749644,4959217,0.0000,1.0
2017-02-02,76.99,77.91,76.55,77.39,66.61180834183182,3830939,0.0000,1.0
2017-02-03,77.47,77.88,76.71,77.23,66.47409172037307,3836275,0.0000,1.0
2017-02-06,76.92,77.845,76.76,77.83,66.99052905084339,2835509,0.0000,1.0
2017-02-07,77.68,78.01,77.32,77.7,66.87863429590816,3346800,0.0000,1.0
2017-02-08,77.44,78.65,77.19,78.11,67.23153313839622,2821567,0.0000,1.0
2017-02-09,78.12,78.59,77.69,77.7,66.87863429590816,2962614,0.0000,1.0
2017-02-10,77.87,78.25,77.6,77.79,66.95609989547872,2598619,0.0000,1.0
2017-02-13,77.57,78.055,77.53,77.77,67.38646433753732,2097796,0.5200,1.0
2017-02-14,77.5,78.83,77.25,78.81,68.28760774644871,3310586,0.0000,1.0
2017-02-15,78.34,80.54,78.05,80.25,69.53534477417217,4272836,0.0000,1.0
2017-02-16,80.05,80.38,79.41,80.04,69.35338312429585,3630059,0.0000,1.0
2017-02-17,80.14,81.0,80.07,80.39,69.65665254075641,3111144,0.0000,1.0
2017-02-21,80.17,80.87,80.11,80.36,69.6306580193455,3178822,0.0000,1.0
2017-02-22,80.42,81.21,80.3301,81.07,70.24586169273692,3468784,0.0000,1.0
2017-02-23,81.38,82.88,81.14,82.55,71.5282580823416,6193454,0.0000,1.0
2017-02-24,82.42,83.24,82.24,82.87,71.80553297739127,4016045,0.0000,1.0
2017-02-27,82.83,83.4,82.66,83.06,71.97016494632699,3104235,0.0000,1.0
2017-02-28,82.82,83.48,82.58,82.81,71.75354393456945,3671944,0.0000,1.0
2017-03-01,83.44,84.135,82.97,83.85,72.65468734348083,3420566,0.0000,1.0
2017-03-02,83.87,83.945,82.835,82.91,71.84019233927246,3371556,0.0000,1.0
2017-03-03,82.7,83.9,82.6,83.78,72.59403346018873,2649606,0.0000,1.0
2017-03-06,83.25,84.28,82.95,83.83,72.63735766254024,3960055,0.0000,1.0
2017-03-07,82.95,83.14,81.37,82.74,71.69289005127733,5570598,0.0000,1.0
2017-03-08,82.74,83.985,82.67,83.41,72.27343436278755,4491834,0.0000,1.0
2017-03-09,83.67,84.77,83.51,84.55,73.26122617640196,5861915,0.0000,1.0
2017-03-10,84.5,84.55,83.901,84.36,73.09659420746623,3629914,0.0000,1.0
2017-03-13,84.51,84.55,83.83,84.14,72.9059677171196,2248486,0.0000,1.0
2017-03-14,84.0,84.55,83.918,84.46,73.18324261216924,2839052,0.0000,1.0
2017-03-15,84.43,86.14,84.37,85.88,74.4136499589521,4883922,0.0000,1.0
2017-03-16,85.54,85.54,83.8,84.99,73.64247915709524,4742834,0.0000,1.0
2017-03-17,84.435,84.75,83.83,83.96,72.75000058865415,5786941,0.0000,1.0
2017-03-20,84.6,84.86,83.965,84.06,72.83664899335717,3121865,0.0000,1.0
2017-03-21,84.34,84.95,83.63,83.73,72.55070925783723,4066180,0.0000,1.0
2017-03-22,84.09,84.55,83.47,84.36,73.09659420746623,2850296,0.0000,1.0
2017-03-23,83.92,85.05,83.92,84.42,73.14858325028804,3021071,0.0000,1.0
2017-03-24,84.3,84.98,83.8639,84.18,72.9406270790008,2479097,0.0000,1.0
2017-03-27,83.9,84.44,83.74,84.24,72.9926161218226,2340927,0.0000,1.0
2017-03-28,84.27,85.0,84.04,84.75,73.434522985808,2754894,0.0000,1.0
2017-03-29,84.55,84.76,84.32,84.44,73.16591293122865,2066642,0.0000,1.0
2017-03-30,84.57,84.95,84.08,84.76,73.4431878262783,3204818,0.0000,1.0
2017-03-31,84.4,84.94,84.08,84.11,72.87997319570869,3151938,0.0000,1.0
2017-04-03,84.13,84.81,84.07,84.45,73.17457777169895,2429899,0.0000,1.0
2017-04-04,84.53,86.39,84.29,86.09,74.59561160882845,4624866,0.0000,1.0
2017-04-05,85.92,86.72,85.57,85.63,74.19702894719455,4056330,0.0000,1.0
2017-04-06,85.47,85.9,85.12,85.36,73.96307825449641,2684638,0.0000,1.0
2017-04-07,85.34,85.66,84.9093,85.32,73.9284188926152,2808455,0.0000,1.0
2017-04-10,85.46,85.85,85.23,85.47,74.05839149966974,1994875,0.0000,1.0
2017-04-11,85.47,86.14,85.32,85.93,74.45697416130362,2699165,0.0000,1.0
2017-04-12,85.74,86.34,85.67,86.25,74.73424905635328,2545120,0.0000,1.0
2017-04-13,86.03,86.32,85.78,85.88,74.4136499589521,2172543,0.0000,1.0
2017-04-17,81.3,82.99,81.11,82.38,71.38095579434646,12424500,0.0000,1.0
2017-04-18,81.91,82.1,80.89,81.2,70.35850461885086,8210809,0.0000,1.0
2017-04-19,81.12,81.71,79.88,80.89,70.0898945642715,5504500,0.0000,1.0
2017-04-20,81.19,82.2,80.75,81.94,70.99970281365319,3267398,0.0000,1.0
2017-04-21,81.82,82.24,81.6726,81.89,70.95637861130167,3204044,0.0000,1.0
2017-04-24,82.82,83.73,82.72,83.42,72.28209920325786,4813568,0.0000,1.0
2017-04-25,82.71,82.71,80.5,81.2,70.35850461885086,9190150,0.0000,1.0
2017-04-26,81.34,81.71,80.93,80.96,70.15054844756361,4392190,0.0000,1.0
2017-04-27,80.97,81.6,80.695,81.33,70.47114754496478,3210339,0.0000,1.0
2017-04-28,81.37,82.25,81.2,82.06,71.10368089929682,3155026,0.0000,1.0
2017-05-01,82.09,82.22,81.75,81.82,70.89572472800955,2397236,0.0000,1.0
2017-05-02,81.98,81.98,81.5,81.7,70.79174664236595,3601945,0.0000,1.0
2017-05-03,81.26,81.56,81.24,81.25,70.40182882120236,3354844,0.0000,1.0
2017-05-04,81.35,83.095,81.29,83.04,71.9528352653864,3567053,0.0000,1.0
2017-05-05,83.06,83.1119,82.07,82.51,71.4935987204604,3120412,0.0000,1.0
2017-05-08,82.36,82.41,80.36,80.67,69.89926807392486,4708112,0.0000,1.0
2017-05-09,80.82,80.94,80.35,80.79,70.00324615956849,3866393,0.0000,1.0
2017-05-10,80.84,81.11,80.19,81.05,70.22853201179632,4018509,0.0000,1.0
2017-05-11,80.72,81.0,79.91,80.22,69.95992195721695,3907653,0.5200,1.0
2017-05-12,80.33,80.61,79.74,80.19,69.93375893479465,2900803,0.0000,1.0
2017-05-15,80.19,80.49,79.43,80.3,70.02969001700974,2557339,0.0000,1.0
2017-05-16,80.23,80.3,78.4,78.99,68.88723803790286,7167629,0.0000,1.0
2017-05-17,78.52,79.03,77.92,78.14,68.14595240260451,4473088,0.0000,1.0
2017-05-18,78.57,78.94,78.0387,78.3,68.28548852219006,2925561,0.0000,1.0
2017-05-19,78.5,78.71,77.73,77.8,67.84943814848515,5084008,0.0000,1.0
2017-05-22,77.9,78.01,76.85,76.98,67.13431553560909,6936499,0.0000,1.0
2017-05-23,77.19,78.36,77.02,77.99,68.01513729049302,5884774,0.0000,1.0
2017-05-24,77.99,78.28,77.8,77.96,67.98897426807072,2253839,0.0000,1.0
2017-05-25,78.31,78.455,77.76,78.34,68.32037255208647,1736710,0.0000,1.0
2017-05-26,78.12,78.35,77.72,78.05,68.0674633353376,2237144,0.0000,1.0
2017-05-30,77.95,78.6693,77.745,78.35,68.32909355956056,3208871,0.0000,1.0
2017-05-31,78.48,79.91,78.48,79.57,69.39305647140056,5082001,0.0000,1.0
2017-06-01,79.6,80.23,79.38,79.99,69.75933878531269,3085585,0.0000,1.0
2017-06-02,80.47,81.06,79.9,80.13,69.88143288995006,4003607,0.0000,1.0
2017-06-05,80.0,80.07,78.98,79.35,69.2011943069704,2814771,0.0000,1.0
2017-06-06,79.41,79.46,78.75,79.09,68.97444811264384,2682507,0.0000,1.0
2017-06-07,79.16,79.54,79.09,79.39,69.2360783368668,2861859,0.0000,1.0
2017-06-08,79.49,80.46,79.34,80.1,69.85526986752777,4560220,0.0000,1.0
2017-06-09,80.1,81.185,79.7,81.04,70.67504457009302,4599296,0.0000,1.0
2017-06-12,80.96,81.29,80.61,80.9,70.55295046545565,2842438,0.0000,1.0
2017-06-13,81.21,81.29,80.24,81.25,70.85818572704909,4440461,0.0000,1.0
2017-06-14,80.9,81.61,80.771,81.6,71.16342098864253,4024003,0.0000,1.0
2017-06-15,81.39,82.15,80.961,82.05,71.55586632497695,3477089,0.0000,1.0
2017-06-16,82.24,82.56,81.66,81.88,71.40760919791728,4875656,0.0000,1.0
2017-06-19,82.02,82.76,81.87,82.34,71.80877554172581,2526309,0.0000,1.0
2017-06-20,82.22,83.68,82.22,82.75,72.16633684816384,3689307,0.0000,1.0
2017-06-21,83.15,83.42,82.38,82.64,72.07040576594876,3763715,0.0000,1.0
2017-06-22,82.84,84.76,82.84,84.31,73.52681401412319,4888967,0.0000,1.0
2017-06-23,84.12,84.34,83.71,83.89,73.16053170021105,3763559,0.0000,1.0
2017-06-26,84.09,84.45,83.66,84.28,73.5006509917009,2939587,0.0000,1.0
2017-06-27,84.18,84.33,83.04,83.04,72.4192460649127,2357562,0.0000,1.0
2017-06-28,83.45,83.92,82.9,83.1,72.47157210975728,3011549,0.0000,1.0
2017-06-29,83.09,83.22,82.3075,82.7,72.12273181079335,2364526,0.0000,1.0
2017-06-30,82.97,83.13,82.0,82.3,71.7738915118294,5667207,0.0000,1.0
2017-07-03,82.41,82.91,82.32,82.7,72.12273181079335,1464738,0.0000,1.0
2017-07-05,82.63,82.76,82.03,82.7,72.12273181079335,2260136,0.0000,1.0
2017-07-06,82.32,82.57,81.37,81.6,71.16342098864253,3384753,0.0000,1.0
2017-07-07,81.62,82.35,81.43,82.29,71.76517050435532,1680564,0.0000,1.0
2017-07-10,82.33,82.57,81.89,82.28,71.75644949688122,2265086,0.0000,1.0
2017-07-11,82.39,82.84,81.88,82.35,71.8174965491999,2707293,0.0000,1.0
2017-07-12,82.73,84.02,82.61,83.5,72.82041240872121,3523522,0.0000,1.0
2017-07-13,83.56,84.23,83.16,84.02,73.27390479737433,2942647,0.0000,1.0
2017-07-14,84.11,84.5793,83.81,84.35,73.56169804401956,1962385,0.0000,1.0
2017-07-17,84.31,84.53,83.42,83.64,72.9425065133586,1989072,0.0000,1.0
2017-07-18,83.51,83.77,83.22,83.7,72.99483255820319,1704532,0.0000,1.0
2017-07-19,83.52,84.28,83.52,84.23,73.4570459543304,2242693,0.0000,1.0
2017-07-20,84.53,85.12,84.41,84.75,73.91053834298351,2976355,0.0000,1.0
2017-07-21,84.62,84.96,84.31,84.66,73.83204927571661,3033066,0.0000,1.0
2017-07-24,84.66,85.53,84.51,84.74,73.9018173355094,3947302,0.0000,1.0
2017-07-25,83.74,84.4,80.77,82.19,71.67796042961433,13272005,0.0000,1.0
2017-07-26,81.57,81.88,81.035,81.84,71.37272516802089,7026411,0.0000,1.0
2017-07-27,81.76,83.05,81.46,83.02,72.4018040499645,5560076,0.0000,1.0
2017-07-28,82.87,83.22,82.5,83.1,72.47157210975728,3792238,0.0000,1.0
2017-07-31,83.34,83.755,82.63,82.66,72.08784778089695,4025934,0.0000,1.0
2017-08-01,82.86,83.15,82.12,82.37,71.8349385641481,3418164,0.0000,1.0
2017-08-02,82.06,82.17,81.07,81.82,71.35528315307269,4574372,0.0000,1.0
2017-08-03,81.58,82.28,81.5,81.93,71.45121423528778,3613259,0.0000,1.0
2017-08-04,81.9,82.32,81.76,82.31,71.78261251930351,2765849,0.0000,1.0
2017-08-07,82.31,82.4,81.72,82.07,71.57330833992515,2719663,0.0000,1.0
2017-08-08,81.87,82.72,81.63,81.97,71.48609826518417,3292556,0.0000,1.0
2017-08-09,82.13,82.74,81.97,82.57,72.00935871363006,2388475,0.0000,1.0
2017-08-10,82.54,82.54,81.66,82.05,71.55586632497695,3351404,0.0000,1.0
2017-08-11,81.8,81.97,81.12,81.15,71.22446804096121,2439830,0.5200,1.0
2017-08-14,81.34,81.68,81.18,81.49,71.52288232480502,1873929,0.0000,1.0
2017-08-15,81.5,82.34,81.5,81.71,71.7159739202334,1890019,0.0000,1.0
2017-08-16,82.14,82.2,80.02,80.69,70.8207310687019,3942489,0.0000,1.0
2017-08-17,80.4,80.57,77.7,77.8,68.28420965602935,7239236,0.0000,1.0
2017-08-18,77.7,77.7,76.94,77.07,67.64349663483523,4018348,0.0000,1.0
2017-08-21,77.12,77.64,76.89,77.38,67.9155802465752,3421137,0.0000,1.0
2017-08-22,77.53,78.65,77.53,78.26,68.68794662828866,2126691,0.0000,1.0
2017-08-23,78.2,78.52,78.05,78.15,68.59140083057447,1778745,0.0000,1.0
2017-08-24,78.33,79.24,78.26,78.86,69.21456007036599,4167593,0.0000,1.0
2017-08-25,78.96,79.53,78.74,78.79,69.15312183545697,2169261,0.0000,1.0
2017-08-28,79.1,79.43,78.63,78.84,69.19700628896342,1890279,0.0000,1.0
2017-08-29,78.54,78.84,78.12,78.55,68.94247645862603,2151488,0.0000,1.0
2017-08-30,79.1,80.77,78.75,80.49,70.64519325467612,5010277,0.0000,1.0
2017-08-31,80.77,81.35,80.34,81.29,71.34734451077925,3927901,0.0000,1.0
2017-09-01,81.54,81.71,79.43,80.08,70.28534073592327,4345026,0.0000,1.0
2017-09-05,79.47,80.05,79.05,79.82,70.05714157768975,3696551,0.0000,1.0
2017-09-06,80.21,80.67,79.86,80.51,70.6627470360787,2631613,0.0000,1.0
2017-09-07,80.62,82.75,80.37,81.54,71.56676677831149,6212731,0.0000,1.0
2017-09-08,81.61,83.12,81.54,82.92,72.77797769508938,3934793,0.0000,1.0
2017-09-11,82.94,83.35,81.77,82.63,72.52344786475199,4323716,0.0000,1.0
2017-09-12,82.6,82.729,81.93,82.17,72.11971089249269,2559631,0.0000,1.0
2017-09-13,81.96,82.58,81.88,82.43,72.34791005072621,2430831,0.0000,1.0
2017-09-14,82.33,83.99,82.12,83.07,72.90963105560871,3370295,0.0000,1.0
2017-09-15,83.3,83.57,82.18,82.44,72.3566869414275,5255786,0.0000,1.0
2017-09-18,82.55,82.67,82.07,82.52,72.42690206703782,2199956,0.0000,1.0
2017-09-19,82.64,82.84,81.5501,81.73,71.73352770163598,2252117,0.0000,1.0
2017-09-20,82.06,82.42,81.39,82.02,71.98805753197335,2785591,0.0000,1.0
2017-09-21,82.01,83.7,81.88,83.33,73.13783021384224,4322690,0.0000,1.0
2017-09-22,83.34,84.03,82.74,83.91,73.646889874517,3138534,0.0000,1.0
2017-09-25,83.87,84.65,83.8,84.64,74.2876028957111,4192074,0.0000,1.0
2017-09-26,84.43,85.13,84.01,84.22,73.91897348625696,2131203,0.0000,1.0
2017-09-27,84.34,84.8,83.97,84.65,74.2963797864124,3062469,0.0000,1.0
2017-09-28,84.59,85.58,84.15,85.0,74.60357096095751,2839762,0.0000,1.0
2017-09-29,85.17,85.61,84.391,85.54,75.07752305882713,3491966,0.0000,1.0
2017-10-02,85.78,86.68,85.7384,86.35,75.78845120563155,2711850,0.0000,1.0
2017-10-03,86.24,86.56,85.93,86.45,75.87622011264443,2104050,0.0000,1.0
2017-10-04,86.5,87.16,86.28,86.96,76.32384153841018,2311985,0.0000,1.0
2017-10-05,86.77,89.09,86.39,87.65,76.92944699679913,5139850,0.0000,1.0
2017-10-06,87.31,87.49,86.64,87.08,76.42916422682565,2285061,0.0000,1.0
2017-10-09,87.14,87.28,86.46,87.05,76.40283355472178,1698825,0.0000,1.0
2017-10-10,85.38,86.7,85.25,86.16,75.62169028230704,4936331,0.0000,1.0
2017-10-11,86.35,86.66,85.45,86.06,75.53392137529416,3152907,0.0000,1.0
2017-10-12,86.1,86.45,85.91,86.43,75.85866633124186,1887794,0.0000,1.0
2017-10-13,86.4,86.7,85.71,86.55,75.96398901965732,3026538,0.0000,1.0
2017-10-16,86.48,86.735,85.78,85.95,75.43737557757999,3787730,0.0000,1.0
2017-10-17,85.94,86.5,85.42,86.06,75.53392137529416,3611395,0.0000,1.0
2017-10-18,86.33,86.56,85.52,85.73,75.24428398215163,3996812,0.0000,1.0
2017-10-19,85.69,86.38,85.51,86.36,75.79722809633283,3233406,0.0000,1.0
2017-10-20,86.52,87.38,86.33,87.23,76.56081758734499,3218361,0.0000,1.0
2017-10-23,87.47,88.19,87.12,87.18,76.51693313383855,4899884,0.0000,1.0
2017-10-24,87.42,88.33,83.75,85.17,74.75277810287943,8671970,0.0000,1.0
2017-10-25,85.91,86.37,84.68,84.87,74.48947138184076,3387641,0.0000,1.0
2017-10-26,84.67,85.11,83.83,84.16,73.86631214204922,3820737,0.0000,1.0
2017-10-27,84.07,84.81,83.59,83.86,73.60300542101055,2890662,0.0000,1.0
2017-10-30,83.76,83.76,82.43,82.65,72.54100164615457,4667181,0.0000,1.0
2017-10-31,82.76,83.1,81.72,81.94,71.91784240636304,3837470,0.0000,1.0
2017-11-01,82.17,83.82,82.0,82.89,72.75164702298551,3305537,0.0000,1.0
2017-11-02,82.55,83.92,82.31,83.13,72.96229239981645,2697249,0.0000,1.0
2017-11-03,82.71,83.59,82.66,83.51,73.29581424646544,1534808,0.0000,1.0
2017-11-06,83.29,83.43,82.92,82.94,72.79553147649196,1856541,0.0000,1.0
2017-11-07,83.04,83.415,82.77,83.28,73.09394576033579,1706956,0.0000,1.0
2017-11-08,83.0,84.39,83.0,84.01,73.7346587815299,2328655,0.0000,1.0
2017-11-09,83.82,84.26,83.63,83.99,73.7171050001273,2096762,0.0000,1.0
2017-11-10,83.67,83.87,82.57,83.29,73.10272265103708,2691533,0.0000,1.0
2017-11-13,83.33,83.33,82.53,82.86,72.72531635088164,2478737,0.0000,1.0
2017-11-14,82.69,83.11,82.21,82.49,72.85696971140098,2684795,0.5200,1.0
2017-11-15,82.51,83.14,81.42,82.19,72.59200315892892,1827865,0.0000,1.0
2017-11-16,82.41,83.63,81.84,83.44,73.69603046089584,2594709,0.0000,1.0
2017-11-17,83.0,83.48,82.8,82.89,73.2102584480304,4092443,0.0000,1.0
2017-11-20,83.09,83.32,82.82,83.18,73.46639278208673,2205863,0.0000,1.0
2017-11-21,83.65,84.53,83.37,83.51,73.75785598980599,3528321,0.0000,1.0
2017-11-22,83.67,84.26,83.48,83.68,73.9080037028735,2227682,0.0000,1.0
2017-11-24,83.87,84.17,83.58,84.03,74.21713134742423,817624,0.0000,1.0
2017-11-27,84.15,85.25,84.03,84.81,74.9060443838516,2980862,0.0000,1.0
2017-11-28,85.07,85.36,84.74,85.05,75.11801762582924,2616891,0.0000,1.0
2017-11-29,84.79,85.24,84.45,84.96,75.03852766008761,2316034,0.0000,1.0
2017-11-30,85.25,85.48,84.32,84.64,74.75589667078408,5002100,0.0000,1.0
2017-12-01,84.98,85.41,84.18,85.32,75.35648752305408,2736331,0.0000,1.0
2017-12-04,85.49,86.78,85.36,85.58,75.58612520186321,4224457,0.0000,1.0
2017-12-05,85.59,86.58,85.21,86.06,76.01007168581852,3868734,0.0000,1.0
2017-12-06,86.04,86.39,84.53,85.32,75.35648752305408,3126047,0.0000,1.0
2017-12-07,85.21,85.87,84.65,85.87,75.84225953591954,4342995,0.0000,1.0
2017-12-08,85.66,86.46,85.47,86.45,76.35452820403219,3756428,0.0000,1.0
2017-12-11,86.61,86.84,86.07,86.67,76.54883700917837,3336804,0.0000,1.0
2017-12-12,86.49,86.9,85.99,86.71,76.5841658828413,4249629,0.0000,1.0
2017-12-13,86.41,89.09,86.34,87.89,77.62636765589808,5769573,0.0000,1.0
2017-12-14,88.22,88.33,86.12,86.5,76.39868929611086,4364272,0.0000,1.0
2017-12-15,86.89,87.61,86.27,86.54,76.43401816977381,6109217,0.0000,1.0
2017-12-18,86.76,87.45,85.99,86.08,76.02773612264998,3722456,0.0000,1.0
2017-12-19,86.04,86.77,85.85,86.71,76.5841658828413,4022483,0.0000,1.0
2017-12-20,86.68,86.94,85.64,85.74,75.72744069651498,3015254,0.0000,1.0
2017-12-21,86.03,86.18,85.44,85.61,75.61262185711041,1937645,0.0000,1.0
2017-12-22,85.6,85.78,84.75,85.07,75.1356820626607,1743038,0.0000,1.0
2017-12-26,85.29,85.43,84.96,84.99,75.06502431533482,1099897,0.0000,1.0
2017-12-27,85.19,85.46,84.98,85.14,75.19750759157085,1301457,0.0000,1.0
2017-12-28,85.3,85.44,84.89,85.05,75.11801762582924,1731683,0.0000,1.0
2017-12-29,85.12,85.44,84.46,84.46,74.59691673930084,2551377,0.0000,1.0
2018-01-02,84.46,85.0,84.06,84.68,74.79122554444703,3455236,0.0000,1.0
2018-01-03,84.74,85.42,84.27,85.14,75.19750759157085,3068865,0.0000,1.0
2018-01-04,85.28,85.8,84.74,85.52,75.5331318913688,2459830,0.0000,1.0
2018-01-05,86.09,86.75,85.93,86.57,76.46051482502101,2910172,0.0000,1.0
2018-01-08,86.69,86.71,85.4,86.13,76.07189721472865,3015436,0.0000,1.0
2018-01-09,86.2,86.42,85.74,86.06,76.01007168581852,2425989,0.0000,1.0
2018-01-10,85.61,86.17,85.49,86.1,76.04540055948145,1673330,0.0000,1.0
2018-01-11,86.17,86.59,85.87,86.39,76.30153489353778,2625267,0.0000,1.0
2018-01-12,86.52,87.41,86.03,86.98,76.82263578006616,2728855,0.0000,1.0
2018-01-16,85.93,86.59,85.15,85.29,75.32999086780688,4771564,0.0000,1.0
2018-01-17,85.8,86.36,85.47,86.21,76.14255496205453,4046344,0.0000,1.0
2018-01-18,86.04,86.14,85.27,85.82,75.79809844384086,4322246,0.0000,1.0
2018-01-19,86.17,86.28,85.32,85.49,75.50663523612158,5813442,0.0000,1.0
2018-01-22,83.25,85.57,82.4,85.44,75.46247414404291,6228163,0.0000,1.0
2018-01-23,85.18,85.92,84.24,84.42,74.5615878656379,5687081,0.0000,1.0
2018-01-24,84.86,85.16,84.28,84.3,74.45560124464909,5950446,0.0000,1.0
2018-01-25,84.81,85.4,84.56,85.01,75.0826887521663,5197396,0.0000,1.0
2018-01-26,84.76,87.47,84.76,87.08,76.91095796422351,6263378,0.0000,1.0
2018-01-29,86.77,88.33,86.65,87.6,77.37023332184175,5213076,0.0000,1.0
2018-01-30,86.64,86.94,85.21,86.09,76.03656834106572,5321085,0.0000,1.0
2018-01-31,86.5,86.73,81.27,81.45,71.93841899616451,10329543,0.0000,1.0
2018-02-01,81.54,82.87,81.29,82.41,72.7863119640751,7463129,0.0000,1.0
2018-02-02,81.88,83.03,81.12,81.18,71.69994909893965,5124392,0.0000,1.0
2018-02-05,80.89,81.61,76.55,77.49,68.4408605035333,7835894,0.0000,1.0
2018-02-06,76.56,79.11,75.71,77.99,68.88247142432007,10543403,0.0000,1.0
2018-02-07,77.76,78.56,76.71,76.72,67.76077968552168,8208047,0.0000,1.0
2018-02-08,77.19,77.65,74.19,74.21,65.5438928631721,8008796,0.0000,1.0
2018-02-09,75.06,76.82,73.69,76.23,67.32800098315066,8923892,0.0000,1.0
2018-02-12,76.68,77.1,75.2,76.25,67.34566541998213,6249291,0.0000,1.0
2018-02-13,76.02,76.59,75.75,76.21,67.31033654631918,4038884,0.0000,1.0
2018-02-14,75.41,77.19,75.34,77.03,68.53139074229459,4355100,0.5625,1.0
2018-02-15,77.75,78.15,77.03,78.02,69.41216546428436,4799817,0.0000,1.0
2018-02-16,77.95,79.65,77.91,78.97,70.25735332881999,4632565,0.0000,1.0
2018-02-20,78.18,78.7,77.18,77.55,68.99401988919831,3138609,0.0000,1.0
2018-02-21,77.59,78.75,77.55,77.55,68.99401988919831,3858817,0.0000,1.0
2018-02-22,77.19,78.09,76.52,77.19,68.67373817211111,7600549,0.0000,1.0
2018-02-23,77.73,78.86,77.64,78.75,70.06162561282227,5073426,0.0000,1.0
2018-02-26,78.99,80.47,78.97,80.18,71.33385576680749,6009937,0.0000,1.0
2018-02-27,80.15,80.21,78.69,78.7,70.0171420410046,4845627,0.0000,1.0
2018-02-28,78.78,79.18,77.01,77.02,68.52249402793106,6107849,0.0000,1.0
2018-03-01,77.06,77.37,75.53,76.5,68.05986488102735,6258351,0.0000,1.0
2018-03-02,76.38,77.6,76.32,77.23,68.70932502956526,3216725,0.0000,1.0
2018-03-05,76.9,78.08,76.71,77.7,69.12747060465131,3816634,0.0000,1.0
2018-03-06,77.86,78.0,76.88,77.19,68.67373817211111,2963240,0.0000,1.0
2018-03-07,76.58,77.61,76.54,77.44,68.89615603119944,2266515,0.0000,1.0
2018-03-08,77.65,79.02,77.47,78.89,70.18617961391173,3428671,0.0000,1.0
2018-03-09,79.28,79.96,78.88,79.61,70.8267430480861,4379955,0.0000,1.0
2018-03-12,79.83,79.97,78.61,79.04,70.31963032936473,4763435,0.0000,1.0
2018-03-13,79.08,79.87,78.77,79.15,70.41749418736359,4845613,0.0000,1.0
2018-03-14,79.39,79.56,78.02,78.49,69.8303110393704,3147336,0.0000,1.0
2018-03-15,78.58,79.86,78.46,78.75,70.06162561282227,3907052,0.0000,1.0
2018-03-16,79.2,80.49,79.12,80.49,71.60965391207701,7789069,0.0000,1.0
2018-03-19,80.12,80.2,78.16,78.73,70.04383218409521,4920102,0.0000,1.0
2018-03-20,79.04,79.2,77.85,78.37,69.72355046700802,3795859,0.0000,1.0
2018-03-21,78.46,79.0,78.03,78.24,69.60789318028208,2890292,0.0000,1.0
2018-03-22,77.56,78.01,76.41,76.53,68.08655502411794,3695068,0.0000,1.0
2018-03-23,76.77,76.8,74.51,74.76,66.51183658177261,4235868,0.0000,1.0
2018-03-26,75.61,76.23,74.65,76.18,67.7751700213943,3477595,0.0000,1.0
2018-03-27,76.09,76.6,75.14,75.66,67.31254087449058,3646955,0.0000,1.0
2018-03-28,76.06,77.66,76.04,77.01,68.51359731356753,4257510,0.0000,1.0
2018-03-29,77.46,77.8,76.61,77.37,68.83387903065471,3424012,0.0000,1.0
2018-04-02,76.88,77.31,75.4,75.7,67.34812773194471,6282589,0.0000,1.0
2018-04-03,76.25,77.6,75.86,77.54,68.98512317483478,3610639,0.0000,1.0
2018-04-04,76.82,78.82,76.71,78.6,69.92817489736927,3022154,0.0000,1.0
2018-04-05,78.52,78.85,78.09,78.62,69.94596832609635,2213099,0.0000,1.0
2018-04-06,78.18,78.25,76.3,76.85,68.37124988375099,4012829,0.0000,1.0
2018-04-09,77.27,78.35,76.33,77.34,68.80718888756412,5377491,0.0000,1.0
2018-04-10,78.09,79.68,78.07,79.22,70.47977118790831,3657169,0.0000,1.0
2018-04-11,78.35,78.9,78.12,78.73,70.04383218409521,2829952,0.0000,1.0
2018-04-12,79.19,79.68,78.81,79.29,70.54204818845305,2121204,0.0000,1.0
2018-04-13,79.88,80.45,79.24,79.72,70.92460690608497,2652368,0.0000,1.0
2018-04-16,80.46,80.75,79.67,80.12,71.2804754806263,2743000,0.0000,1.0
2018-04-17,80.57,80.64,79.49,79.92,71.10254119335563,3782359,0.0000,1.0
2018-04-18,79.96,80.24,79.59,79.72,70.92460690608497,4261049,0.0000,1.0
2018-04-19,78.96,79.75,78.55,79.75,70.95129704917557,4989439,0.0000,1.0
2018-04-20,79.64,79.91,78.82,79.06,70.33742375809179,5424115,0.0000,1.0
2018-04-23,79.43,80.29,79.17,80.2,71.35164919553455,4015906,0.0000,1.0
2018-04-24,81.17,81.5,78.92,80.09,71.25378533753569,6394910,0.0000,1.0
2018-04-25,80.27,82.32,80.01,81.14,72.18794034570665,5379027,0.0000,1.0
2018-04-26,81.42,83.56,81.42,82.55,73.4423770709648,5058690,0.0000,1.0
2018-04-27,82.5,83.24,82.38,82.73,73.6025179295084,3209558,0.0000,1.0
2018-04-30,83.09,83.21,81.06,81.07,72.12566334516191,5483505,0.0000,1.0
2018-05-01,80.68,80.93,78.69,79.07,70.34632047245532,6306117,0.0000,1.0
2018-05-02,78.68,79.39,78.46,78.83,70.13279932773054,5166327,0.0000,1.0
2018-05-03,78.65,78.7,77.44,78.04,69.42995889301143,4469290,0.0000,1.0
2018-05-04,77.42,78.62,77.09,78.4,69.75024061009861,3367549,0.0000,1.0
2018-05-07,78.41,79.26,78.23,78.63,69.95486504045986,3722577,0.0000,1.0
2018-05-08,78.48,78.9,78.17,78.88,70.17728289954819,4591673,0.0000,1.0
2018-05-09,78.96,79.65,78.45,79.27,70.52425475972598,3325180,0.0000,1.0
2018-05-10,79.46,81.17,79.41,80.86,71.93883234352774,3718368,0.0000,1.0
2018-05-11,81.15,82.45,81.02,82.45,73.35340992732948,4393786,0.0000,1.0
2018-05-14,82.6,83.32,82.5,83.07,73.90500621786852,4739740,0.0000,1.0
2018-05-15,82.72,82.94,81.83,82.21,73.13988878260467,3662716,0.0000,1.0
2018-05-16,81.8,81.95,80.96,81.18,72.7239673861095,3614474,0.5625,1.0
2018-05-17,81.04,81.84,81.03,81.66,73.15396867146713,2808408,0.0000,1.0
2018-05-18,81.49,82.29,81.49,82.07,73.52126143604345,4002281,0.0000,1.0
2018-05-21,82.29,82.54,81.67,81.83,73.30626079336463,2505933,0.0000,1.0
2018-05-22,82.14,82.89,81.81,82.22,73.65563683771771,2620723,0.0000,1.0
2018-05-23,81.71,82.92,81.61,82.68,74.06772140285211,2516910,0.0000,1.0
2018-05-24,82.71,82.79,82.1,82.71,74.09459648318695,2481820,0.0000,1.0
2018-05-25,82.79,83.47,82.59,82.77,74.14834664385666,2338143,0.0000,1.0
2018-05-29,82.11,82.62,81.65,82.44,73.85272076017328,3459321,0.0000,1.0
2018-05-30,82.92,84.02,82.91,83.86,75.12480789602294,3475394,0.0000,1.0
2018-05-31,83.88,85.11,83.68,85.04,76.1818943891938,9526369,0.0000,1.0
2018-06-01,85.2,85.68,84.56,84.85,76.01168554707306,4057715,0.0000,1.0
2018-06-04,84.65,85.52,84.36,85.07,76.20876946952863,4263121,0.0000,1.0
2018-06-05,85.25,85.7,84.54,84.82,75.98481046673821,3667563,0.0000,1.0
2018-06-06,84.88,85.93,84.66,85.93,76.97918843912774,2720404,0.0000,1.0
2018-06-07,86.2,86.32,85.32,85.88,76.93439663856965,3123605,0.0000,1.0
2018-06-08,85.83,86.42,85.43,86.08,77.11356384080199,3172317,0.0000,1.0
2018-06-11,86.31,86.78,85.81,85.86,76.91647991834641,3506939,0.0000,1.0
2018-06-12,85.76,86.02,85.45,85.49,76.58502059421657,3016917,0.0000,1.0
2018-06-13,85.76,86.38,85.6,85.72,76.79106287678377,3052112,0.0000,1.0
2018-06-14,85.67,86.46,85.17,86.35,77.35543956381566,3115115,0.0000,1.0
2018-06-15,86.13,87.27,86.1,86.88,77.83023264973137,5575197,0.0000,1.0
2018-06-18,85.98,86.15,85.01,86.11,77.14043892113685,2906602,0.0000,1.0
2018-06-19,85.89,86.87,85.67,86.82,77.77648248906168,3044507,0.0000,1.0
2018-06-20,86.74,87.16,86.2,86.28,77.29273104303434,4675465,0.0000,1.0
2018-06-21,85.82,86.28,85.19,86.07,77.10460548069037,2856410,0.0000,1.0
2018-06-22,86.02,86.4,85.81,85.92,76.97023007901612,5786678,0.0000,1.0
2018-06-25,86.0,86.61,85.12,85.77,76.83585467734186,3414102,0.0000,1.0
2018-06-26,85.54,86.0,84.96,85.11,76.24460290997511,2840575,0.0000,1.0
2018-06-27,84.91,85.6,84.64,84.67,75.85043506506395,3005386,0.0000,1.0
2018-06-28,84.85,85.96,84.81,85.49,76.58502059421657,2564562,0.0000,1.0
2018-06-29,85.84,86.1,85.13,85.33,76.44168683243069,2963979,0.0000,1.0
2018-07-02,85.06,85.93,84.71,85.86,76.91647991834641,2346963,0.0000,1.0
2018-07-03,85.81,87.02,85.81,86.51,77.49877332560155,2163522,0.0000,1.0
2018-07-05,86.91,87.1862,86.13,86.56,77.54356512615963,2675541,0.0000,1.0
2018-07-06,86.83,87.71,86.82,87.39,78.28710901542387,2290527,0.0000,1.0
2018-07-09,87.6,88.33,87.52,87.87,78.7171103007815,2718296,0.0000,1.0
2018-07-10,88.08,88.23,87.67,88.05,78.87836078279061,2227180,0.0000,1.0
2018-07-11,87.77,88.07,87.2,87.56,78.43940113732137,2449505,0.0000,1.0
2018-07-12,88.1,88.99,87.92,88.91,79.6487797523897,2604523,0.0000,1.0
2018-07-13,88.83,89.87,88.54,89.71,80.36544856131908,3334987,0.0000,1.0
2018-07-16,89.63,89.84,88.84,89.07,79.79211351417557,3175249,0.0000,1.0
2018-07-17,89.36,89.97,89.34,89.57,80.24003151975644,2179375,0.0000,1.0
2018-07-18,89.6,90.13,89.07,90.03,80.65211608489085,3021595,0.0000,1.0
2018-07-19,89.83,89.98,88.87,89.43,80.11461447819381,3171005,0.0000,1.0
2018-07-20,89.02,89.37,88.26,88.47,79.25461190747853,3830970,0.0000,1.0
2018-07-23,88.3,89.16,88.17,88.88,79.62190467205484,3145276,0.0000,1.0
2018-07-24,91.06,93.76,90.0,93.35,83.62629164194779,9910179,0.0000,1.0
2018-07-25,93.16,96.65,93.03,96.43,86.38546655632594,8460212,0.0000,1.0
2018-07-26,96.64,96.96,94.83,95.18,85.26567154237378,4826081,0.0000,1.0
2018-07-27,95.65,96.96,95.02,96.6,86.53775867822343,3975477,0.0000,1.0
2018-07-30,96.38,98.12,96.25,98.02,87.80984581407309,5356016,0.0000,1.0
2018-07-31,98.25,99.2,97.53,98.81,88.51755626289086,4957761,0.0000,1.0
2018-08-01,98.74,99.35,98.44,98.7,88.41901430166307,4971802,0.0000,1.0
2018-08-02,97.95,100.39,97.84,99.47,89.1088080302576,4321033,0.0000,1.0
2018-08-03,99.18,100.69,98.88,100.58,90.10318600264712,4572145,0.0000,1.0
2018-08-06,100.4,102.59,100.22,102.0,91.3752731384968,5090940,0.0000,1.0
2018-08-07,101.79,103.81,101.68,101.94,91.32152297782709,5095174,0.0000,1.0
2018-08-08,101.85,102.67,101.43,102.27,91.61714886151046,3901584,0.0000,1.0
2018-08-09,102.06,102.72,101.92,102.19,91.54548198061751,3298367,0.0000,1.0
2018-08-10,102.15,103.19,101.99,102.25,91.59923214128722,2783767,0.0000,1.0
2018-08-13,102.45,102.68,102.12,102.44,91.76944098340795,2816376,0.0000,1.0
2018-08-14,101.77,102.8389,101.27,102.44,92.27334873968644,3283946,0.5625,1.0
2018-08-15,102.28,103.44,102.08,103.33,93.07502074650331,3143222,0.0000,1.0
2018-08-16,103.25,104.94,103.25,104.36,94.00279846225767,4427168,0.0000,1.0
2018-08-17,104.43,105.92,103.96,105.55,95.07469698822631,3824340,0.0000,1.0
2018-08-20,105.58,106.38,105.58,105.82,95.31790085546288,2765514,0.0000,1.0
2018-08-21,106.02,106.13,104.72,105.07,94.6423345575835,2775584,0.0000,1.0
2018-08-22,104.8,105.63,104.15,105.03,94.60630435502993,1964353,0.0000,1.0
2018-08-23,104.99,105.25,104.39,104.82,94.4171457916237,2043366,0.0000,1.0
2018-08-24,105.57,106.04,104.53,105.77,95.27286310227093,3089852,0.0000,1.0
2018-08-27,106.15,106.49,104.94,105.11,94.67836476013707,2452478,0.0000,1.0
2018-08-28,105.03,105.59,104.59,105.18,94.74141761460582,2516832,0.0000,1.0
2018-08-29,104.4,105.59,104.28,105.33,94.8765308741817,2949508,0.0000,1.0
2018-08-30,105.18,105.74,104.94,105.48,95.01164413375757,2928553,0.0000,1.0
2018-08-31,105.14,105.86,104.47,105.65,95.16477249461023,3278851,0.0000,1.0
2018-09-04,105.31,105.7,104.38,104.62,94.23699477885587,3106984,0.0000,1.0
2018-09-05,104.85,106.11,104.7,105.72,95.22782534907897,3366560,0.0000,1.0
2018-09-06,105.67,105.75,103.66,105.37,94.91256107673526,3180701,0.0000,1.0
2018-09-07,105.15,107.24,104.8,107.03,96.40781448270832,3822938,0.0000,1.0
2018-09-10,107.5,107.84,106.39,106.42,95.8583538937664,2950799,0.0000,1.0
2018-09-11,106.41,106.62,105.515,105.64,95.15576494397185,3516440,0.0000,1.0
2018-09-12,105.81,106.49,105.51,105.97,95.45301411503877,3925971,0.0000,1.0
2018-09-13,106.16,106.71,105.82,106.58,96.00247470398068,5167412,0.0000,1.0
2018-09-14,106.57,106.69,105.4,105.77,95.27286310227093,3103127,0.0000,1.0
2018-09-17,105.61,106.77,105.05,105.71,95.21881779844058,4972164,0.0000,1.0
2018-09-18,105.87,107.19,105.11,106.88,96.27270122313243,3668807,0.0000,1.0
2018-09-19,106.88,107.07,105.5,105.74,95.24584045035576,3270389,0.0000,1.0
2018-09-20,105.72,106.11,104.22,106.07,95.54308962142268,3761998,0.0000,1.0
2018-09-21,106.23,106.87,105.35,106.33,95.77728593802088,5333680,0.0000,1.0
2018-09-24,105.95,106.67,105.59,105.59,95.11072719077988,3095472,0.0000,1.0
2018-09-25,106.01,106.76,105.54,105.7,95.2098102478022,3775742,0.0000,1.0
2018-09-26,106.06,107.37,106.01,106.31,95.7592708367441,3707259,0.0000,1.0
2018-09-27,106.49,107.17,106.21,106.69,96.10155776100298,2093719,0.0000,1.0
2018-09-28,106.77,107.74,106.3,107.31,96.66002590058329,2812344,0.0000,1.0
2018-10-01,107.67,107.71,107.03,107.6,96.92124486909664,2707981,0.0000,1.0
2018-10-02,107.5,108.14,107.19,107.96,97.24551669207875,3787914,0.0000,1.0
2018-10-03,108.47,109.61,108.24,108.62,97.84001503421263,5097152,0.0000,1.0
2018-10-04,113.62,115.68,111.04,112.99,101.77631466318986,10940820,0.0000,1.0
2018-10-05,114.09,115.45,114.09,115.02,103.60484744278342,8330288,0.0000,1.0
2018-10-08,114.85,116.61,114.77,115.46,104.00117967087266,6002313,0.0000,1.0
2018-10-09,115.09,116.0,114.23,115.45,103.99217212023427,4715996,0.0000,1.0
2018-10-10,114.96,115.37,113.25,113.34,102.09157893553359,5602901,0.0000,1.0
2018-10-11,113.09,113.32,106.58,107.91,97.20047893888679,7226300,0.0000,1.0
2018-10-12,109.0,111.02,108.43,110.48,99.51541945295351,4519158,0.0000,1.0
2018-10-15,110.5,111.81,109.98,110.62,99.641525161891,3884714,0.0000,1.0
2018-10-16,110.84,111.22,109.93,111.03,100.01083473806507,4192834,0.0000,1.0
2018-10-17,110.98,113.77,110.86,113.59,102.31676770149339,4402132,0.0000,1.0
2018-10-18,113.93,114.25,112.41,113.31,102.06455628361842,3619647,0.0000,1.0
2018-10-19,112.88,113.36,110.66,111.92,100.81250674488194,4224178,0.0000,1.0
2018-10-22,112.0,112.72,111.37,112.03,100.91158980190426,2938281,0.0000,1.0
2018-10-23,110.7,111.46,109.06,110.39,99.43435149720798,3756996,0.0000,1.0
2018-10-24,110.22,111.15,106.19,106.32,95.76827838738248,6739409,0.0000,1.0
2018-10-25,106.43,108.82,104.17,107.89,97.18246383761002,4114808,0.0000,1.0
2018-10-26,107.05,107.47,105.06,106.39,95.83133124185123,4464491,0.0000,1.0
2018-10-29,107.45,109.08,106.3,107.4,96.74109385632882,3587793,0.0000,1.0
2018-10-30,107.23,108.51,107.08,108.34,97.58780361633765,3325906,0.0000,1.0
2018-10-31,109.59,110.43,108.35,108.44,97.67787912272156,4349230,0.0000,1.0
2018-11-01,108.74,109.23,107.33,107.86,97.15544118569484,3639419,0.0000,1.0
2018-11-02,108.14,108.39,105.93,106.75,96.15560306483334,3577348,0.0000,1.0
2018-11-05,110.43,112.08,109.76,110.14,99.20916273124818,7368580,0.0000,1.0
2018-11-06,109.0,109.3,104.95,105.9,95.38996126057003,6803677,0.0000,1.0
2018-11-07,106.85,110.78,106.72,109.72,98.83084560443572,5875413,0.0000,1.0
2018-11-08,109.49,110.94,109.01,110.1,99.17313252869461,3666296,0.0000,1.0
2018-11-09,110.42,112.54,109.7,112.21,101.0737257133953,5054447,0.0000,1.0
2018-11-12,112.26,114.71,112.26,113.2,101.9654732265961,5078884,0.0000,1.0
2018-11-13,114.25,114.25,111.83,112.39,101.23586162488635,4239691,0.0000,1.0
2018-11-14,112.36,112.65,109.74,109.81,99.4185882835908,5392810,0.5625,1.0
2018-11-15,109.18,112.23,108.54,112.2,101.58242059392485,4796847,0.0000,1.0
2018-11-16,111.68,114.3,111.67,113.83,103.05817233695602,4766426,0.0000,1.0
2018-11-19,113.0,116.1,113.0,115.81,104.85080328861352,4869819,0.0000,1.0
2018-11-20,114.88,116.2,114.32,114.72,103.86395089603438,4877472,0.0000,1.0
2018-11-21,114.28,114.28,112.13,112.23,101.60958166894996,3619688,0.0000,1.0
2018-11-23,111.86,113.81,111.4011,112.87,102.18901793615238,1896989,0.0000,1.0
2018-11-26,111.26,113.6,110.97,112.38,101.74538704407551,3296174,0.0000,1.0
2018-11-27,112.28,114.25,111.71,114.22,103.41126631228249,3263212,0.0000,1.0
2018-11-28,114.73,115.83,113.76,115.53,104.59729992171245,4814474,0.0000,1.0
2018-11-29,115.3,117.93,114.97,117.0,105.92819259794302,4688290,0.0000,1.0
2018-11-30,117.61,118.71,116.22,118.64,107.41299803264923,8965653,0.0000,1.0
2018-12-03,118.64,118.69,117.54,118.52,107.30435373254878,4290056,0.0000,1.0
2018-12-04,118.65,119.84,116.32,116.52,105.49361539754119,5676621,0.0000,1.0
2018-12-06,115.32,115.99,112.98,115.84,104.87796436363863,5064370,0.0000,1.0
2018-12-07,115.53,115.78,112.77,113.58,102.83183004508007,4128118,0.0000,1.0
2018-12-10,113.6,114.65,111.02,114.09,103.293568320507,3832638,0.0000,1.0
2018-12-11,114.84,115.62,113.92,114.5,103.66476967918355,3806777,0.0000,1.0
2018-12-12,115.48,115.74,114.27,114.34,103.51991061238294,3758775,0.0000,1.0
2018-12-13,114.62,115.15,113.84,114.86,103.99070257948492,3609870,0.0000,1.0
2018-12-14,114.29,114.58,111.24,111.93,101.33797091869883,5306062,0.0000,1.0
2018-12-17,111.21,111.3,107.72,108.36,98.1058029907103,6121672,0.0000,1.0
2018-12-18,109.43,109.66,105.67,106.5,96.42181633915327,6864411,0.0000,1.0
2018-12-19,111.54,111.54,107.7,109.11,98.78482986633814,8362827,0.0000,1.0
2018-12-20,109.1,110.16,108.12,109.29,98.94779631648883,8362313,0.0000,1.0
2018-12-21,109.29,111.51,108.68,109.42,99.06549430826432,13154487,0.0000,1.0
2018-12-24,109.35,109.41,106.63,106.75,96.6481586310292,3283982,0.0000,1.0
2018-12-26,106.76,111.09,106.43,111.09,100.57746081799564,3792440,0.0000,1.0
2018-12-27,110.24,112.9,108.73,112.89,102.20712531950245,4101569,0.0000,1.0
2018-12-28,113.4,115.09,112.59,114.2,103.39315892893242,3983974,0.0000,1.0
2018-12-31,114.34,115.85,114.2435,115.72,104.76932006353817,2731012,0.0000,1.0
2019-01-02,114.79,115.43,112.75,114.88,104.00880996283499,4247101,0.0000,1.0
2019-01-03,114.72,114.74,111.1,111.31,100.77664203484647,4203286,0.0000,1.0
2019-01-04,112.21,114.84,111.74,114.66,103.80962874598416,5795155,0.0000,1.0
2019-01-07,112.37,116.44,112.05,115.28,104.37095762983651,7749593,0.0000,1.0
2019-01-08,115.69,116.42,114.52,116.34,105.33064894739053,3428938,0.0000,1.0
2019-01-09,116.37,118.22,116.22,117.21,106.1183201231188,5820142,0.0000,1.0
2019-01-10,117.09,117.22,114.97,115.94,104.968501280389,4282265,0.0000,1.0
2019-01-11,115.27,116.21,115.1,116.18,105.18578988058992,2648795,0.0000,1.0
2019-01-14,115.2,115.25,114.33,114.68,103.82773612933424,4404603,0.0000,1.0
2019-01-15,113.91,118.22,113.4,117.09,106.00967582301836,5097713,0.0000,1.0
2019-01-16,116.99,118.07,116.48,116.8,105.74711876444226,2920573,0.0000,1.0
2019-01-17,116.81,119.2,116.55,119.16,107.88378999975119,4401880,0.0000,1.0
2019-01-18,115.58,116.9,115.02,116.59,105.55699123926647,8886961,0.0000,1.0
2019-01-22,115.69,117.11,115.69,117.09,106.00967582301836,4377479,0.0000,1.0
2019-01-23,117.11,118.9,116.92,118.79,107.5488034077748,4012069,0.0000,1.0
2019-01-24,118.22,118.22,114.2,114.99,104.1084005712604,6946450,0.0000,1.0
2019-01-25,115.34,115.35,114.04,114.97,104.09029318791033,4599052,0.0000,1.0
2019-01-28,114.72,115.11,113.54,115.03,104.14461533796056,3590920,0.0000,1.0
2019-01-29,114.39,115.95,113.91,115.71,104.76026637186312,3767564,0.0000,1.0
2019-01-30,115.53,117.08,115.53,116.94,105.87387044789278,4362867,0.0000,1.0
2019-01-31,116.94,120.14,116.73,119.86,108.51754841700385,5746070,0.0000,1.0
2019-02-01,120.32,120.99,119.13,120.89,109.45007865953275,4171696,0.0000,1.0
2019-02-04,121.21,121.84,118.69,120.17,108.79821285893003,4518418,0.0000,1.0
2019-02-05,120.72,121.74,120.4,120.43,109.03360884248102,8832402,0.0000,1.0
2019-02-06,118.67,120.82,117.74,119.27,107.9833806081766,7421020,0.0000,1.0
2019-02-07,119.0,119.33,116.86,117.5,106.38087718169491,7935029,0.0000,1.0
2019-02-08,117.73,121.43,117.45,119.6,108.28215243345286,16195395,0.0000,1.0
2019-02-11,119.2,119.94,117.04,118.01,106.84261545712185,7203060,0.0000,1.0
2019-02-12,117.76,119.9,117.5,119.49,108.18256182502745,6975683,0.0000,1.0
2019-02-13,119.6,120.28,118.11,119.65,108.32742089182806,12738558,0.0000,1.0
2019-02-14,118.94,121.25,118.8,120.75,109.90729008912214,17847187,0.6450,1.0
2019-02-15,121.18,122.48,120.4,122.48,111.48194525975718,10366435,0.0000,1.0
2019-02-19,121.31,123.33,121.3,122.13,111.1633734044264,17861446,0.0000,1.0
2019-02-20,122.38,123.05,121.61,122.66,111.6457822139273,19880296,0.0000,1.0
2019-02-21,122.06,123.76,121.8,122.72,111.70039453198402,20798847,0.0000,1.0
2019-02-22,122.73,124.74,122.65,124.0,112.86545731719376,19574004,0.0000,1.0
2019-02-25,124.1,124.67,123.47,123.89,112.76533473408979,13682426,0.0000,1.0
2019-02-26,123.86,125.16,123.32,124.67,113.47529486882698,20791003,0.0000,1.0
2019-02-27,124.49,126.48,124.08,125.68,114.39460222278154,32135797,0.0000,1.0
2019-02-28,125.52,127.77,125.2,126.29,114.94982745635807,36023631,0.0000,1.0
2019-03-01,127.25,129.42,126.58,128.84,117.27085097376809,43291166,0.0000,1.0
2019-03-04,130.51,130.51,125.34,127.46,116.01476765846382,59468814,0.0000,1.0
2019-03-05,128.4,128.87,126.72,128.49,116.9522791184373,53212630,0.0000,1.0
2019-03-06,128.75,128.79,125.39,126.68,115.30480752372665,74822867,0.0000,1.0
2019-03-07,126.41,127.19,125.13,126.34,114.99533772140532,60615568,0.0000,1.0
2019-03-08,126.37,126.98,125.25,126.7,115.32301162974555,50169777,0.0000,1.0
2019-03-11,122.8,124.91,122.51,123.5,112.4103546667212,61771249,0.0000,1.0
2019-03-12,123.5,124.02,122.68,123.5,112.4103546667212,8077894,0.0000,1.0
2019-03-13,124.6,130.75,123.16,124.31,113.14762096048673,68139302,0.0000,1.0
2019-03-14,124.98,124.98,122.51,123.08,112.02806844032425,42768796,0.0000,1.0
2019-03-15,123.1,124.16,121.96,123.94,112.81084499913705,47331005,0.0000,1.0
2019-03-18,123.99,125.35,123.5,125.24,113.99411189036569,16052335,0.0000,1.0
2019-03-19,125.26,126.65,125.14,126.59,115.2228890466416,13726265,0.0000,1.0
2019-03-20,127.54,129.1,126.83,128.16,116.65191136912541,7520705,0.0000,1.0
2019-03-21,126.88,128.98,126.64,128.31,116.78844216426718,5704385,0.0000,1.0
2019-03-22,128.73,129.48,127.43,128.3,116.77934011125774,15332895,0.0000,1.0
2019-03-25,128.61,130.58,128.41,129.87,118.20836243374156,5972779,0.0000,1.0
2019-03-26,130.24,132.13,129.7,131.02,119.25509852982844,5872941,0.0000,1.0
2019-03-27,130.96,131.56,128.52,128.77,117.20713660270194,7675098,0.0000,1.0
2019-03-28,129.34,129.9,128.87,128.95,117.37097355687204,6112929,0.0000,1.0
2019-03-29,129.01,129.94,128.98,129.76,118.10823985063759,5729087,0.0000,1.0
2019-04-01,130.71,131.35,129.05,129.05,117.46199408696657,5132275,0.0000,1.0
2019-04-02,129.04,129.57,128.24,129.32,117.70774951822173,3214621,0.0000,1.0
2019-04-03,129.11,129.25,126.84,127.05,115.64158348507634,4425479,0.0000,1.0
2019-04-04,127.34,127.35,124.61,125.61,114.33088785171539,5540197,0.0000,1.0
2019-04-05,126.49,127.01,125.61,126.99,115.58697116701963,4656359,0.0000,1.0
2019-04-08,126.5,127.28,126.09,127.16,115.7417060681803,3430908,0.0000,1.0
2019-04-09,126.76,128.12,126.6,127.24,115.8145224922559,4215648,0.0000,1.0
2019-04-10,127.56,127.97,126.93,127.19,115.76901222720865,4227063,0.0000,1.0
2019-04-11,126.86,127.32,124.51,125.15,113.91219341328063,5520681,0.0000,1.0
2019-04-12,125.24,125.24,123.02,123.06,112.00986433430535,5470362,0.0000,1.0
2019-04-15,123.77,124.35,123.16,124.08,112.93827374126936,4549115,0.0000,1.0
2019-04-16,124.93,124.93,119.79,119.96,109.1882279013755,6573485,0.0000,1.0
2019-04-17,120.0,120.06,115.89,116.5,106.03891756010542,14842845,0.0000,1.0
2019-04-18,116.23,116.65,114.14,115.2,104.85565066887678,9805773,0.0000,1.0
2019-04-22,115.04,115.57,113.65,115.47,105.10140610013195,7519732,0.0000,1.0
2019-04-23,116.04,117.89,115.43,117.49,106.94002080804108,5891462,0.0000,1.0
2019-04-24,118.29,118.43,117.23,118.0,107.4042255115231,4254080,0.0000,1.0
2019-04-25,117.75,118.68,116.75,118.23,107.61357273074047,3425006,0.0000,1.0
2019-04-26,118.83,119.92,118.67,119.87,109.10630942429044,3372541,0.0000,1.0
2019-04-29,119.9,120.01,119.25,119.6,108.86055399303525,4097385,0.0000,1.0
2019-04-30,116.61,117.14,114.91,117.04,106.53042842261578,7548382,0.0000,1.0
2019-05-01,117.05,119.53,116.56,118.18,107.56806246569322,5392077,0.0000,1.0
2019-05-02,118.44,118.57,116.86,118.46,107.82291994995784,4169249,0.0000,1.0
2019-05-03,118.44,118.44,116.54,116.91,106.41210173349292,5695485,0.0000,1.0
2019-05-06,115.82,117.08,115.3,116.65,106.1754483552472,5952074,0.0000,1.0
2019-05-07,116.3,116.49,114.46,114.94,104.61899729063104,5127210,0.0000,1.0
2019-05-08,115.85,116.89,115.23,116.25,105.81136623486914,2992573,0.0000,1.0
2019-05-09,115.86,116.15,114.78,115.8,105.40177384944384,5818894,0.0000,1.0
2019-05-10,115.63,116.32,114.22,116.22,105.78406007584078,3660485,0.0000,1.0
2019-05-13,114.86,115.19,113.87,114.37,104.10018026909233,4284654,0.0000,1.0
2019-05-14,114.73,115.53,114.53,114.94,104.61899729063104,3668359,0.0000,1.0
2019-05-15,115.25,115.84,114.32,115.62,105.23793689527373,3724484,0.0000,1.0
2019-05-16,114.57,117.68,114.57,116.73,106.8353471984324,3914074,0.6450,1.0
2019-05-17,115.7,116.65,115.22,116.01,106.17637821031562,3109760,0.0000,1.0
2019-05-20,115.87,116.3,115.0,116.23,106.37772984557353,3042762,0.0000,1.0
2019-05-21,117.04,117.79,116.53,116.58,106.69806199257472,2611127,0.0000,1.0
2019-05-22,116.12,118.39,116.12,117.98,107.97939058057958,3934227,0.0000,1.0
2019-05-23,117.76,117.96,116.48,116.81,106.90856597488981,3653517,0.0000,1.0
2019-05-24,117.53,117.55,116.45,116.79,106.89026128077546,2086492,0.0000,1.0
2019-05-28,117.09,118.41,115.7,115.76,105.94756953388618,5007231,0.0000,1.0
2019-05-29,115.61,115.8,114.43,115.49,105.70045616334238,5915784,0.0000,1.0
2019-05-30,115.49,116.3,114.96,115.9,106.07570239268667,2392848,0.0000,1.0
2019-05-31,115.34,117.58,114.99,115.94,106.11231178091538,6098447,0.0000,1.0
2019-06-03,116.53,117.72,116.04,116.77,106.8719565866611,4722140,0.0000,1.0
2019-06-04,118.08,118.93,117.41,117.56,107.59499200417812,3122814,0.0000,1.0
2019-06-05,118.03,118.38,116.53,117.02,107.10076526309054,4175988,0.0000,1.0
2019-06-06,117.52,118.94,117.27,117.5,107.54007792183505,3882788,0.0000,1.0
2019-06-07,118.19,118.94,117.89,118.35,108.31802742169513,2726282,0.0000,1.0
2019-06-10,116.0,116.0,113.88,113.93,104.27269002242271,8172376,0.0000,1.0
2019-06-11,114.78,115.59,111.85,112.21,102.69848632858817,5681300,0.0000,1.0
2019-06-12,112.5,115.5,112.5,115.24,105.47164748691294,3793939,0.0000,1.0
2019-06-13,115.4,115.4,110.61,111.82,102.34154479335825,8477341,0.0000,1.0
2019-06-14,112.13,112.25,111.01,111.74,102.26832601690084,3188051,0.0000,1.0
2019-06-17,111.64,113.42,111.34,113.4,103.7876156283923,3032339,0.0000,1.0
2019-06-18,113.65,114.83,113.22,114.65,104.93165901053949,2868693,0.0000,1.0
2019-06-19,115.02,115.99,114.34,115.23,105.46249513985578,3320718,0.0000,1.0
2019-06-20,116.35,117.07,115.26,115.56,105.76452259274264,2840116,0.0000,1.0
2019-06-21,115.74,115.93,114.81,115.49,105.70045616334238,4024596,0.0000,1.0
2019-06-24,115.08,116.15,114.71,115.63,105.82858902214286,2570460,0.0000,1.0
2019-06-25,115.51,116.83,115.17,115.36,105.58147565159908,2110156,0.0000,1.0
2019-06-26,114.81,114.95,110.62,111.34,101.90223213461375,4677503,0.0000,1.0
2019-06-27,111.74,112.21,111.16,111.47,102.02121264635706,3615883,0.0000,1.0
2019-06-28,111.8,111.83,110.02,110.79,101.39885304646899,8958684,0.0000,1.0
2019-07-01,111.31,112.84,110.64,112.74,103.18356072261858,3238667,0.0000,1.0
2019-07-02,112.82,114.21,112.4,114.2,104.5198033929665,2344708,0.0000,1.0
2019-07-03,114.87,115.47,113.78,114.42,104.7211550282244,3707683,0.0000,1.0
2019-07-05,114.05,114.37,112.55,112.82,103.256779499076,2444038,0.0000,1.0
2019-07-08,112.47,112.79,110.91,111.52,102.06697438164294,2998716,0.0000,1.0
2019-07-09,111.85,113.36,111.85,113.08,103.49474052256262,2717664,0.0000,1.0
2019-07-10,113.27,114.65,112.67,114.53,104.82183084585336,3339127,0.0000,1.0
2019-07-11,111.53,112.24,109.1,109.82,100.51107538192277,6589644,0.0000,1.0
2019-07-12,109.47,109.47,105.15,108.29,99.11076628217462,7211104,0.0000,1.0
2019-07-15,108.3,109.16,107.59,108.47,99.27550852920382,4405586,0.0000,1.0
2019-07-16,109.0,109.19,107.97,108.82,99.59584067620501,2206469,0.0000,1.0
2019-07-17,109.35,109.65,107.08,107.09,98.01248463531333,3507528,0.0000,1.0
2019-07-18,107.83,108.48,107.24,108.34,99.15652801746052,3232898,0.0000,1.0
2019-07-19,108.5,108.52,106.58,106.79,97.73791422359801,4821024,0.0000,1.0
2019-07-22,106.92,107.36,105.87,107.27,98.17722688234252,2894549,0.0000,1.0
2019-07-23,107.5,109.4,106.06,108.22,99.04669985277438,5098250,0.0000,1.0
2019-07-24,108.35,109.66,107.16,108.52,99.3212702644897,3762654,0.0000,1.0
2019-07-25,108.57,110.38,107.68,107.82,98.68060597048728,4597004,0.0000,1.0
2019-07-26,107.92,109.23,107.54,108.27,99.09246158806026,3470705,0.0000,1.0
2019-07-29,108.07,110.24,108.07,108.72,99.50431720563326,3192491,0.0000,1.0
2019-07-30,108.3,110.02,107.0,108.69,99.47686016446171,4664226,0.0000,1.0
2019-07-31,108.06,110.71,107.61,108.95,99.71482118794833,5535653,0.0000,1.0
2019-08-01,109.02,110.74,108.31,110.51,101.14258732886802,3678958,0.0000,1.0
2019-08-02,110.96,113.27,110.19,112.42,102.89068561678891,4477651,0.0000,1.0
2019-08-05,111.38,112.49,107.44,108.71,99.49516485857608,4765810,0.0000,1.0
2019-08-06,109.47,112.12,109.04,111.4,101.95714621695682,5490049,0.0000,1.0
2019-08-07,110.37,111.38,108.53,111.12,101.70088049935585,4231696,0.0000,1.0
2019-08-08,111.96,114.54,111.64,113.97,104.30929941065142,4815896,0.0000,1.0
2019-08-09,113.24,114.55,112.35,113.77,104.12625246950786,2788109,0.0000,1.0
2019-08-12,112.9,114.06,112.29,113.6,103.97066256953585,2212800,0.0000,1.0
2019-08-13,113.53,116.14,113.43,115.7,105.89265545154312,5322106,0.0000,1.0
2019-08-14,114.86,114.87,110.22,110.29,101.53156207879807,4937899,0.6450,1.0
2019-08-15,110.42,111.31,109.21,110.23,101.47632684691187,3939890,0.0000,1.0
2019-08-16,110.94,111.33,109.29,110.52,101.74329713436178,3497595,0.0000,1.0
2019-08-19,111.05,112.94,110.79,112.53,103.59367740254915,2903526,0.0000,1.0
2019-08-20,112.33,112.88,110.91,111.01,102.19438486143234,2074810,0.0000,1.0
2019-08-21,112.0,112.44,110.0,111.46,102.60864910057876,2207306,0.0000,1.0
2019-08-22,111.44,112.27,110.79,111.61,102.74673718029425,1840186,0.0000,1.0
2019-08-23,111.46,112.56,108.88,109.51,100.8135040642776,3870286,0.0000,1.0
2019-08-26,110.61,111.82,110.25,111.78,102.90323700397178,2565480,0.0000,1.0
2019-08-27,112.31,112.88,110.73,110.73,101.93662044596346,2945278,0.0000,1.0
2019-08-28,110.33,111.54,109.79,110.97,102.15756137350822,1743648,0.0000,1.0
2019-08-29,111.81,112.38,110.6,112.25,103.33591298708026,2708553,0.0000,1.0
2019-08-30,112.82,114.17,111.92,112.97,103.99873576971454,2870678,0.0000,1.0
2019-09-03,112.54,114.02,112.19,113.96,104.91011709583667,3710342,0.0000,1.0
2019-09-04,114.38,114.5,112.45,113.25,104.25650018518343,3756439,0.0000,1.0
2019-09-05,113.96,115.44,113.26,114.6,105.4992929026227,4045864,0.0000,1.0
2019-09-06,114.78,114.99,113.84,114.05,104.99296994366595,2904151,0.0000,1.0
2019-09-09,114.52,114.52,110.35,111.07,102.24962009331853,4932138,0.0000,1.0
2019-09-10,108.37,111.13,106.4,111.1,102.27723770926163,6589495,0.0000,1.0
2019-09-11,111.78,112.0,110.29,111.69,102.8203841561425,3402823,0.0000,1.0
2019-09-12,111.92,112.42,111.12,111.47,102.6178549725598,3577969,0.0000,1.0
2019-09-13,111.74,112.15,110.24,110.89,102.08391439765997,2842551,0.0000,1.0
2019-09-16,110.42,110.53,109.21,110.13,101.38426812710155,1728877,0.0000,1.0
2019-09-17,110.33,111.19,109.63,111.12,102.29564945322369,2489398,0.0000,1.0
2019-09-18,111.44,112.91,111.17,112.72,103.76858897018876,3164905,0.0000,1.0
2019-09-19,112.86,115.11,112.39,114.35,105.2691461030969,3947158,0.0000,1.0
2019-09-20,115.93,117.23,114.47,116.16,106.93540893166364,7543635,0.0000,1.0
2019-09-23,116.0,116.54,113.97,114.18,105.11264627941938,2933808,0.0000,1.0
2019-09-24,114.36,114.55,111.94,113.25,104.25650018518343,3578773,0.0000,1.0
2019-09-25,112.88,113.85,111.31,111.39,102.54420799671155,3114037,0.0000,1.0
2019-09-26,112.04,112.66,110.69,111.82,102.9400604918959,2684254,0.0000,1.0
2019-09-27,112.35,113.37,111.38,112.37,103.44638345085265,1906299,0.0000,1.0
2019-09-30,112.4,113.45,111.69,111.83,102.94926636387693,2580818,0.0000,1.0
2019-10-01,111.94,112.45,110.41,110.96,102.14835550152718,2493452,0.0000,1.0
2019-10-02,110.33,110.64,106.66,107.0,98.50283019703865,4556003,0.0000,1.0
2019-10-03,107.09,108.1,106.21,107.29,98.76980048448857,2855061,0.0000,1.0
2019-10-04,107.49,108.26,107.0,108.2,99.60753483476245,2889307,0.0000,1.0
2019-10-07,108.31,108.65,107.57,107.83,99.26691757146428,1505720,0.0000,1.0
2019-10-08,106.89,108.33,105.95,107.19,98.67774176467825,2841093,0.0000,1.0
2019-10-09,107.56,108.15,106.88,107.3,98.7790063564696,1636682,0.0000,1.0
2019-10-10,107.03,107.49,106.58,106.92,98.4291832211904,2797589,0.0000,1.0
2019-10-11,107.75,109.14,107.59,108.36,99.75482878645896,2557462,0.0000,1.0
2019-10-14,108.52,109.13,107.88,107.9,99.3313586753315,1371611,0.0000,1.0
2019-10-15,108.35,110.1,108.22,109.7,100.98841563191719,1761041,0.0000,1.0
2019-10-16,109.18,109.48,107.79,107.95,99.37738803523666,2316857,0.0000,1.0
2019-10-17,109.22,109.46,108.26,108.46,99.84688750626927,2268095,0.0000,1.0
2019-10-18,108.31,108.94,107.9,108.64,100.01259320192784,2207095,0.0000,1.0
2019-10-21,108.87,109.0,107.77,107.91,99.34056454731252,4079997,0.0000,1.0
2019-10-22,109.98,111.46,108.89,109.84,101.11729783965164,5750073,0.0000,1.0
2019-10-23,106.0,107.75,101.36,107.4,98.87106507627992,9114687,0.0000,1.0
2019-10-24,107.5,108.21,106.25,107.84,99.27612344344531,3314908,0.0000,1.0
2019-10-25,108.08,110.59,107.54,110.2,101.44870923096879,4234636,0.0000,1.0
2019-10-28,110.62,113.19,110.62,112.99,104.0171475136766,4168518,0.0000,1.0
2019-10-29,112.5,112.81,111.5,111.67,102.80197241218043,2987668,0.0000,1.0
2019-10-30,111.37,113.21,111.26,112.72,103.76858897018876,2424626,0.0000,1.0
2019-10-31,112.36,114.67,112.0,113.95,104.90091122385564,4124283,0.0000,1.0
2019-11-01,114.07,114.51,112.31,112.51,103.5752656585871,2629123,0.0000,1.0
2019-11-04,113.24,114.33,112.87,113.11,104.12761797744899,3002129,0.0000,1.0
2019-11-05,112.95,113.08,110.51,111.25,102.4153257889771,3355735,0.0000,1.0
2019-11-06,111.57,114.29,111.51,113.82,104.78123488810223,3973691,0.0000,1.0
2019-11-07,114.23,114.63,112.03,112.77,103.81461833009391,3076243,0.0000,1.0
2019-11-08,112.65,113.57,112.1,113.53,104.51426460065233,2224136,0.0000,1.0
2019-11-11,113.46,114.21,112.22,112.8,103.84223594603701,1770222,0.0000,1.0
2019-11-12,112.77,114.04,112.45,113.17,104.18285320933518,2273220,0.0000,1.0
2019-11-13,112.87,113.53,112.25,112.79,103.83303007405598,3275038,0.0000,1.0
2019-11-14,112.19,112.36,111.0,111.39,103.13798673948807,2627138,0.6450,1.0
2019-11-15,111.33,113.82,111.33,113.19,104.8046388279258,4857355,0.0000,1.0
2019-11-18,113.02,114.13,112.86,114.07,105.61944651560646,3361588,0.0000,1.0
2019-11-19,114.03,116.12,113.75,115.1,106.57314187732361,3781592,0.0000,1.0
2019-11-20,114.96,115.92,114.05,114.61,106.11944214213779,3638226,0.0000,1.0
2019-11-21,114.7,115.52,113.29,114.75,106.24907063790516,2909502,0.0000,1.0
2019-11-22,115.09,116.68,114.71,116.2,107.59165148692445,3120074,0.0000,1.0
2019-11-25,116.6,118.46,116.6,117.47,108.76756712709995,2939299,0.0000,1.0
2019-11-26,117.47,118.11,117.0,117.09,108.41571835287421,4705805,0.0000,1.0
2019-11-27,117.73,117.9,116.62,117.44,108.73978959229265,1798123,0.0000,1.0
2019-11-29,117.23,118.04,117.17,117.35,108.65645698787077,1243926,0.0000,1.0
2019-12-02,117.52,118.25,116.1,116.74,108.09164711345576,2199652,0.0000,1.0
2019-12-03,116.4,117.92,115.92,117.61,108.89719562286733,3052711,0.0000,1.0
2019-12-04,118.28,118.84,117.57,118.67,109.87866851939178,2596998,0.0000,1.0
2019-12-05,118.4,119.92,117.54,119.77,110.8971781289926,2976469,0.0000,1.0
2019-12-06,119.97,120.71,119.58,119.64,110.77680881149432,2462830,0.0000,1.0
2019-12-09,119.53,120.84,118.94,120.24,111.33235950764023,2335059,0.0000,1.0
2019-12-10,120.56,121.15,120.11,120.65,111.71198581667328,3592618,0.0000,1.0
2019-12-11,120.56,121.2,119.98,120.78,111.83235513417155,3135149,0.0000,1.0
2019-12-12,120.56,121.93,120.56,121.7,112.68419953492862,2959431,0.0000,1.0
2019-12-13,121.98,122.19,120.72,121.53,112.52679350435395,3343900,0.0000,1.0
2019-12-16,123.07,124.26,122.06,122.85,113.74900503587493,3468425,0.0000,1.0
2019-12-17,124.0,127.03,123.31,125.33,116.04528124661137,6711596,0.0000,1.0
2019-12-18,127.88,129.98,127.69,129.48,119.88784022828723,8172842,0.0000,1.0
2019-12-19,129.08,130.99,128.34,130.85,121.15634765115372,4423412,0.0000,1.0
2019-12-20,132.49,137.0,131.24,132.43,122.6192978176713,9229936,0.0000,1.0
2019-12-23,132.39,132.58,131.03,131.15,121.43412299922669,2473392,0.0000,1.0
2019-12-24,131.07,131.21,130.13,131.11,121.39708628615031,1215797,0.0000,1.0
2019-12-26,131.0,131.7,130.66,131.14,121.42486382095757,1271981,0.0000,1.0
2019-12-27,131.57,131.77,130.84,131.52,121.77671259518334,2161342,0.0000,1.0
2019-12-30,131.52,131.93,130.87,131.3,121.57301067326317,1856177,0.0000,1.0
2019-12-31,131.18,131.52,130.5,131.43,121.69337999076146,1549786,0.0000,1.0
2020-01-02,131.77,132.26,130.73,132.21,122.41559589575114,2204206,0.0000,1.0
2020-01-03,130.3,132.47,130.23,131.77,122.0081920519108,1963542,0.0000,1.0
2020-01-06,131.42,132.56,130.94,132.26,122.4618917870966,2101182,0.0000,1.0
2020-01-07,131.7,132.93,131.7,132.51,122.69337124382407,2448292,0.0000,1.0
2020-01-08,132.46,134.21,132.01,133.71,123.8044726361159,5188523,0.0000,1.0
2020-01-09,134.55,136.36,134.01,135.92,125.85075103358666,4522806,0.0000,1.0
2020-01-10,135.78,138.27,135.53,138.0,127.77666011355915,4177599,0.0000,1.0
2020-01-13,138.2,139.99,137.89,138.94,128.6470228708544,5116980,0.0000,1.0
2020-01-14,138.99,140.9,138.12,140.65,130.23034235487026,4685201,0.0000,1.0
2020-01-15,140.58,141.69,140.01,141.11,130.65626455524878,3676480,0.0000,1.0
2020-01-16,141.83,141.97,139.85,141.43,130.95255825985993,3793265,0.0000,1.0
2020-01-17,140.88,141.74,139.36,139.58,129.23961028007673,5393246,0.0000,1.0
2020-01-21,139.5,141.57,138.43,140.91,130.4710809898668,4849496,0.0000,1.0
2020-01-22,141.25,142.25,140.69,141.56,131.07292757735823,2742065,0.0000,1.0
2020-01-23,141.25,141.74,139.88,141.21,130.74885633793977,3138689,0.0000,1.0
2020-01-24,141.85,141.99,138.7,139.07,128.7673921883527,3183268,0.0000,1.0
2020-01-27,137.34,139.1,137.34,138.31,128.0636946399012,2826352,0.0000,1.0
2020-01-28,138.69,139.88,138.23,139.26,128.94331657546556,2649056,0.0000,1.0
2020-01-29,139.51,141.14,138.97,139.92,129.55442234122606,2795203,0.0000,1.0
2020-01-30,138.18,143.72,138.1,142.67,132.10069636522815,5243437,0.0000,1.0
2020-01-31,142.85,142.85,139.47,139.64,129.2951653496913,3913477,0.0000,1.0
2020-02-03,140.53,141.57,139.68,141.0,130.5544135942887,5137780,0.0000,1.0
2020-02-04,142.3,144.07,141.78,143.44,132.81365309194874,3177504,0.0000,1.0
2020-02-05,144.78,147.36,144.53,147.35,136.43399179516624,4060900,0.0000,1.0
2020-02-06,147.74,147.87,146.81,147.3,136.38769590382077,3284990,0.0000,1.0
2020-02-07,147.22,147.22,145.38,146.41,135.56362903787098,2670411,0.0000,1.0
2020-02-10,141.5,145.55,141.12,145.51,134.73030299365212,4892064,0.0000,1.0
2020-02-11,145.73,145.86,143.18,144.25,133.56364653174572,2976354,0.0000,1.0
2020-02-12,144.67,144.9,143.49,143.51,132.8784673398324,3953192,0.0000,1.0
2020-02-13,142.86,143.74,141.79,141.8,131.9803270477299,3455528,0.7400,1.0
2020-02-14,142.25,142.32,140.57,141.12,131.3474171577972,2273658,0.0000,1.0
2020-02-18,141.02,141.96,140.53,141.01,131.2450346756022,2858223,0.0000,1.0
2020-02-19,141.62,141.84,140.36,140.83,131.07749970473768,3082768,0.0000,1.0
2020-02-20,141.63,142.81,141.2,142.0,132.16647701535715,3415395,0.0000,1.0
2020-02-21,141.34,142.65,140.33,142.04,132.2037070088826,2900948,0.0000,1.0
2020-02-24,139.28,141.59,137.87,138.15,128.58309013853233,4727381,0.0000,1.0
2020-02-25,138.94,139.23,134.62,135.41,126.03283558203881,3401542,0.0000,1.0
2020-02-26,136.03,137.02,133.31,133.53,124.28302588634254,4658953,0.0000,1.0
2020-02-27,133.33,134.67,129.05,129.19,120.24357158883092,4292819,0.0000,1.0
2020-02-28,126.38,126.8,121.51,126.13,117.39547708413377,7898286,0.0000,1.0
2020-03-02,127.74,133.0,126.21,132.84,123.64080849802848,7349375,0.0000,1.0
2020-03-03,133.28,135.65,128.69,130.31,121.2860114075436,6936631,0.0000,1.0
2020-03-04,133.03,140.86,133.0,140.38,130.6586622775763,5301733,0.0000,1.0
2020-03-05,138.38,141.91,137.53,140.15,130.44458981480497,6882019,0.0000,1.0
2020-03-06,136.12,142.36,135.55,141.46,131.66387210276355,8009651,0.0000,1.0
2020-03-09,134.02,140.93,133.31,135.72,126.32136803186107,5351289,0.0000,1.0
2020-03-10,139.23,141.93,134.72,141.19,131.41256964646672,5961220,0.0000,1.0
2020-03-11,139.46,141.84,137.39,140.02,130.32359233584725,6973388,0.0000,1.0
2020-03-12,130.79,136.5,125.93,126.02,117.29309460193879,7820789,0.0000,1.0
2020-03-13,132.95,139.37,128.51,139.37,129.71860494105863,6733879,0.0000,1.0
2020-03-16,131.0,138.68,128.25,129.38,120.42041405807682,6618797,0.0000,1.0
2020-03-17,133.21,143.59,131.1,143.2,133.28337682112073,8909227,0.0000,1.0
2020-03-18,136.34,144.0,134.08,143.09,133.18099433892573,6734387,0.0000,1.0
2020-03-19,142.49,142.98,131.12,133.09,123.87349595756255,6554633,0.0000,1.0
2020-03-20,132.16,132.25,120.23,122.4,113.92378018788533,9111156,0.0000,1.0
2020-03-23,120.95,126.88,117.06,119.05,110.80576823012865,7299211,0.0000,1.0
2020-03-24,123.24,124.6,117.41,122.89,114.37984760857212,6827333,0.0000,1.0
2020-03-25,120.12,126.14,119.21,121.94,113.4956352623426,6472134,0.0000,1.0
2020-03-26,123.29,135.74,121.94,134.35,125.04624075361431,6723618,0.0000,1.0
2020-03-27,130.65,137.61,130.2,134.11,124.82286079246161,4717376,0.0000,1.0
2020-03-30,133.87,141.77,133.51,138.44,128.85300759159185,5056085,0.0000,1.0
2020-03-31,136.96,142.02,134.52,138.72,129.11361754627004,7560106,0.0000,1.0
2020-04-01,134.0,137.19,132.98,136.42,126.97289291855648,3297291,0.0000,1.0
2020-04-02,135.35,142.8,133.03,142.18,132.3340119862217,4725045,0.0000,1.0
2020-04-03,140.92,144.6,138.46,139.66,129.98852239411815,4013151,0.0000,1.0
2020-04-06,142.27,143.5,140.3,141.61,131.803484578484,4159109,0.0000,1.0
2020-04-07,143.13,144.8,140.05,141.88,132.0547870347808,3900633,0.0000,1.0
2020-04-08,142.05,147.25,140.5,146.22,136.0942413322924,4006516,0.0000,1.0
2020-04-09,144.51,146.4,143.55,145.73,135.6381739116056,4415305,0.0000,1.0
2020-04-13,144.97,146.59,142.88,144.42,134.41889162364703,2287832,0.0000,1.0
2020-04-14,147.28,151.55,144.05,151.11,140.64560804077902,3808936,0.0000,1.0
2020-04-15,148.94,153.4,148.51,151.18,140.71076052944855,3614354,0.0000,1.0
2020-04-16,152.89,155.59,152.0,154.73,144.01492245483246,3510517,0.0000,1.0
2020-04-17,155.42,157.67,153.03,157.29,146.39764204046145,3709851,0.0000,1.0
2020-04-20,156.63,160.2,155.61,157.79,146.8630169595296,2562180,0.0000,1.0
2020-04-21,155.41,155.8,151.41,152.67,142.09757778827165,4243180,0.0000,1.0
2020-04-22,154.61,157.28,153.57,156.71,145.8578071343424,3277855,0.0000,1.0
2020-04-23,157.18,162.56,154.0,159.93,148.85482161314133,5689915,0.0000,1.0
2020-04-24,162.0,164.9,160.61,162.93,151.6470711275503,4414022,0.0000,1.0
2020-04-27,164.0,164.5,160.72,161.29,150.1206413930067,3210349,0.0000,1.0
2020-04-28,160.94,161.98,156.59,157.3,146.40694953884284,3270176,0.0000,1.0
2020-04-29,157.76,158.03,154.67,155.16,144.4151448852311,3240729,0.0000,1.0
2020-04-30,155.2,156.98,153.28,154.64,143.93115496940018,4172875,0.0000,1.0
2020-05-01,153.72,154.6,151.57,153.63,142.99109763288251,2576415,0.0000,1.0
2020-05-04,154.65,156.0,151.26,153.28,142.66533518953483,2228449,0.0000,1.0
2020-05-05,153.8,159.22,152.75,157.89,146.95609194334324,2862594,0.0000,1.0
2020-05-06,158.46,158.94,156.35,156.68,145.8298846391983,1964781,0.0000,1.0
2020-05-07,157.5,157.69,152.72,152.97,142.37680273971256,2330578,0.0000,1.0
2020-05-08,154.2,154.42,152.55,153.51,142.87940765230616,1966618,0.0000,1.0
2020-05-11,153.47,159.47,153.08,158.55,147.57038683651322,3196218,0.0000,1.0
2020-05-12,159.87,161.4,157.59,157.72,146.79786447086008,2329249,0.0000,1.0
2020-05-13,157.03,159.35,156.04,157.93,146.9933219368687,2649751,0.0000,1.0
2020-05-14,155.94,158.95,153.81,158.38,148.10091424425093,2392951,0.7400,1.0
2020-05-15,158.63,159.51,156.03,159.23,148.8957480433898,2824541,0.0000,1.0
2020-05-18,161.34,162.37,157.11,157.96,147.70817283761764,2703651,0.0000,1.0
2020-05-19,156.85,159.13,155.28,156.7,146.52994861771765,2339379,0.0000,1.0
2020-05-20,155.27,157.43,151.61,153.13,143.19164666133443,3780228,0.0000,1.0
2020-05-21,153.15,153.15,149.72,152.28,142.39681286219556,3049755,0.0000,1.0
2020-05-22,152.22,152.56,150.17,151.16,141.3495024445067,2354960,0.0000,1.0
2020-05-26,151.11,151.76,147.16,147.96,138.3571869653957,5007932,0.0000,1.0
2020-05-27,148.17,148.17,143.62,145.7,136.24386415827354,5376094,0.0000,1.0
2020-05-28,147.43,152.1,146.51,150.65,140.8726021650234,3982651,0.0000,1.0
2020-05-29,151.66,153.64,149.94,152.95,143.02332891563444,9465949,0.0000,1.0
2020-06-01,154.47,154.99,150.89,152.45,142.55577962202332,5233750,0.0000,1.0
2020-06-02,152.08,154.08,151.04,153.86,143.87426863000664,3269402,0.0000,1.0
2020-06-03,153.34,154.39,150.85,152.53,142.63058750900112,3189436,0.0000,1.0
2020-06-04,152.21,153.54,149.71,150.71,140.92870808025674,3328738,0.0000,1.0
2020-06-05,149.7,151.76,148.34,149.21,139.52606019942345,4578847,0.0000,1.0
2020-06-08,146.75,149.25,146.52,149.21,139.52606019942345,4076385,0.0000,1.0
2020-06-09,149.75,151.75,149.11,149.13,139.45125231244566,4302120,0.0000,1.0
2020-06-10,149.96,152.4,149.84,151.0,141.19988667055117,4929080,0.0000,1.0
2020-06-11,151.85,152.24,143.05,144.08,134.7290044469736,4546784,0.0000,1.0
2020-06-12,145.54,146.38,141.47,143.54,134.22405120987358,3973188,0.0000,1.0
2020-06-15,142.0,142.9,139.68,141.52,132.33515206368477,3707472,0.0000,1.0
2020-06-16,156.32,167.43,155.0,163.71,153.08498971414525,15029199,0.0000,1.0
2020-06-17,164.23,164.36,159.4,159.97,149.58772099793424,4709444,0.0000,1.0
2020-06-18,159.2,162.97,158.2,161.07,150.61632944387864,3630076,0.0000,1.0
2020-06-19,162.23,162.48,158.26,159.94,149.55966804031758,5986290,0.0000,1.0
2020-06-22,159.18,161.48,158.92,160.45,150.03656831980086,2647345,0.0000,1.0
2020-06-23,160.89,162.87,158.95,159.34,148.99860888798426,2771483,0.0000,1.0
2020-06-24,158.55,159.79,156.33,157.03,146.83853115150097,3094895,0.0000,1.0
2020-06-25,157.64,163.39,156.71,162.86,152.29015591500638,3735397,0.0000,1.0
2020-06-26,162.33,163.79,160.18,162.83,152.26210295738971,5290342,0.0000,1.0
2020-06-29,163.85,164.205,161.03,162.72,152.15924211279525,2640297,0.0000,1.0
2020-06-30,163.11,165.17,162.3,164.18,153.52448605013967,3296267,0.0000,1.0
2020-07-01,164.32,165.47,162.52,163.3,152.70159929338413,2066726,0.0000,1.0
2020-07-02,164.07,164.77,162.37,163.87,153.23460548810078,1960170,0.0000,1.0
2020-07-06,164.46,168.92,164.01,166.89,156.0586032215118,2759435,0.0000,1.0
2020-07-07,166.12,168.38,165.27,166.75,155.9276894193007,3273280,0.0000,1.0
2020-07-08,166.84,169.82,166.84,169.13,158.1532240568895,2781694,0.0000,1.0
2020-07-09,169.88,170.75,163.71,166.45,155.64715984313403,2955253,0.0000,1.0
2020-07-10,166.14,166.14,162.74,163.36,152.75770520861747,2245140,0.0000,1.0
2020-07-13,164.61,167.0,161.04,162.08,151.56077901697307,3455648,0.0000,1.0
2020-07-14,162.88,164.77,161.53,163.88,153.24395647397301,2654481,0.0000,1.0
2020-07-15,165.19,166.48,163.9,165.45,154.71206125591183,2346181,0.0000,1.0
2020-07-16,164.95,165.44,162.6,165.0,154.29126689166185,1486784,0.0000,1.0
2020-07-17,166.04,167.26,165.11,165.96,155.18896153539518,2935810,0.0000,1.0
2020-07-20,166.49,167.71,165.73,167.04,156.19886800959512,1806261,0.0000,1.0
2020-07-21,166.87,167.23,164.76,165.3,154.57179646782853,1540676,0.0000,1.0
2020-07-22,165.54,165.85,162.33,164.84,154.14165111770632,1686461,0.0000,1.0
2020-07-23,165.26,165.46,160.79,161.52,151.03712380812863,2408773,0.0000,1.0
2020-07-24,161.47,161.47,158.45,159.54,149.1856286054287,2247922,0.0000,1.0
2020-07-27,159.6,161.74,158.59,160.5,150.083323249162,2709788,0.0000,1.0
2020-07-28,161.67,165.41,161.345,162.65,152.09378521168972,3483155,0.0000,1.0
2020-07-29,162.53,163.025,161.1,161.75,151.25219648318975,3108858,0.0000,1.0
2020-07-30,158.45,158.5,150.45,153.0,143.07008384499554,6638127,0.0000,1.0
2020-07-31,153.13,153.335,148.74,150.29,140.5359666736234,5342109,0.0000,1.0
2020-08-03,152.8,153.85,151.22,152.84,142.92046807104,3618435,0.0000,1.0
2020-08-04,153.38,156.0,153.09,154.85,144.8000162313566,3260042,0.0000,1.0
2020-08-05,157.31,157.49,153.3,154.34,144.3231159518733,2476460,0.0000,1.0
2020-08-06,153.85,155.5,151.0,152.88,142.95787201452887,2176543,0.0000,1.0
2020-08-07,152.96,153.5,151.58,152.93,143.00462694389,2017370,0.0000,1.0
2020-08-10,152.93,153.49,151.53,153.0,143.07008384499554,1745207,0.0000,1.0
2020-08-11,153.14,153.14,150.2,150.63,140.85390019327895,2103351,0.0000,1.0
2020-08-12,150.79,153.17,150.6,152.55,142.64928948074558,2430758,0.0000,1.0
2020-08-13,150.82,151.69,149.79,150.46,141.38690638799562,2077861,0.7400,1.0
2020-08-14,149.8,151.69,149.15,150.09,141.0392182624901,1538044,0.0000,1.0
2020-08-17,150.92,152.7,150.36,151.53,142.39238285905208,2701754,0.0000,1.0
2020-08-18,152.15,153.15,151.15,153.11,143.87710512472424,1960131,0.0000,1.0
2020-08-19,153.81,154.41,152.01,152.29,143.1065530627931,1939000,0.0000,1.0
2020-08-20,152.55,152.85,150.85,151.34,142.2138403081168,1830243,0.0000,1.0
2020-08-21,151.34,151.35,147.95,149.26,140.25926922419396,3111979,0.0000,1.0
2020-08-24,150.05,150.4,148.25,149.52,140.50359060968432,2268439,0.0000,1.0
2020-08-25,150.36,151.31,149.31,149.68,140.65394223152455,2216224,0.0000,1.0
2020-08-26,149.19,149.46,147.41,149.26,140.25926922419396,3029691,0.0000,1.0
2020-08-27,150.58,150.94,148.94,148.97,139.98675690960857,3146090,0.0000,1.0
2020-08-28,148.84,149.1518,146.98,147.34,138.45504976211134,2102621,0.0000,1.0
2020-08-31,147.35,148.795,147.03,148.39,139.44173228043778,4430706,0.0000,1.0
2020-09-01,148.61,149.2,146.645,147.3,138.4174618566513,2359277,0.0000,1.0
2020-09-02,146.79,150.0,146.51,149.55,140.53178153877937,2407127,0.0000,1.0
2020-09-03,152.19,153.37,147.46,149.02,140.03374179143364,4226126,0.0000,1.0
2020-09-04,148.77,152.58,147.95,150.91,141.8097703244212,4361833,0.0000,1.0
2020-09-08,150.95,151.31,148.5,149.31,140.30625410601903,4351532,0.0000,1.0
2020-09-09,150.62,154.12,150.31,151.97,142.80584981911267,2328525,0.0000,1.0
2020-09-10,149.88,150.6,145.715,146.22,137.40258840922982,3961343,0.0000,1.0
2020-09-11,147.56,149.185,146.88,148.09,139.15982298948737,3001470,0.0000,1.0
2020-09-14,149.09,150.505,147.47,149.0,140.01494783870362,3072507,0.0000,1.0
2020-09-15,149.96,151.87,149.415,150.08,141.0298212861251,2923507,0.0000,1.0
2020-09-16,151.72,152.68,150.79,150.96,141.8567552062463,3619715,0.0000,1.0
2020-09-17,150.13,152.68,149.455,152.47,143.27569863736335,3620831,0.0000,1.0
2020-09-18,152.04,154.5,152.04,154.17,144.87318461941567,13210113,0.0000,1.0
2020-09-21,153.17,153.66,149.06,151.18,142.0634886862766,3501584,0.0000,1.0
2020-09-22,150.91,151.57,149.15,149.86,140.8230878060948,2926393,0.0000,1.0
2020-09-23,150.05,151.59,148.7,149.81,140.7761029242697,3546101,0.0000,1.0
2020-09-24,149.26,149.66,147.37,148.81,139.83640528776834,3424319,0.0000,1.0
2020-09-25,148.39,150.4,147.85,150.26,141.19896686069532,2440587,0.0000,1.0
2020-09-28,151.0,151.58,147.9,148.1,139.16921996585236,2427522,0.0000,1.0
2020-09-29,147.98,148.44,145.93,146.26,137.44017631468986,3308955,0.0000,1.0
2020-09-30,146.4,148.445,145.06,148.02,139.09404415493228,5083858,0.0000,1.0
2020-10-01,148.33,148.705,144.06,144.29,135.58897197078215,3809247,0.0000,1.0
2020-10-02,143.67,146.94,143.27,145.21,136.45349379636343,3879999,0.0000,1.0
2020-10-05,145.07,147.47,144.18,146.63,137.78786444019536,2790616,0.0000,1.0
2020-10-06,146.93,147.83,143.93,144.13,135.43862034894195,2409309,0.0000,1.0
2020-10-07,148.52,149.89,146.85,148.96,139.97735993324358,4602829,0.0000,1.0
2020-10-08,152.4,153.94,150.5,153.5,144.24358720295976,4686102,0.0000,1.0
2020-10-09,154.09,157.15,154.07,156.88,147.41976521433438,4590567,0.0000,1.0
2020-10-12,156.83,157.15,154.42,154.49,145.17388786309613,3242667,0.0000,1.0
2020-10-13,153.0,154.3269,148.55,150.08,141.0298212861251,5963891,0.0000,1.0
2020-10-14,150.38,150.6,147.71,148.46,139.50751111499287,2710585,0.0000,1.0
2020-10-15,146.51,146.91,145.38,146.78,137.92881908567057,3785950,0.0000,1.0
2020-10-16,147.11,148.38,146.0,146.12,137.30861864557968,2919724,0.0000,1.0
2020-10-19,147.0,147.4088,142.21,142.8,134.18882249239516,3158872,0.0000,1.0
2020-10-20,143.36,144.12,142.11,143.59,134.93118362523123,2188844,0.0000,1.0
2020-10-21,142.29,143.33,141.21,141.31,132.7886730140081,1983653,0.0000,1.0
2020-10-22,141.53,142.265,140.8,141.65,133.10817021041856,3057821,0.0000,1.0
2020-10-23,142.24,144.7,141.72,142.38,133.79414948506457,2427462,0.0000,1.0
2020-10-26,141.9,142.2899,140.05,141.7,133.15515509224363,2947097,0.0000,1.0
2020-10-27,133.02,136.08,131.87,131.9,123.94611825453025,11374611,0.0000,1.0
2020-10-28,130.455,134.1008,130.31,131.31,123.39169664899444,6188028,0.0000,1.0
2020-10-29,132.0,133.13,130.38,132.55,124.55692171825613,4099914,0.0000,1.0
2020-10-30,131.76,133.105,129.21,130.46,122.59295365796828,4336046,0.0000,1.0
2020-11-02,132.54,133.95,129.99,131.63,123.69239989267487,3449595,0.0000,1.0
2020-11-03,133.64,134.07,130.7,130.98,123.08159642894897,3628832,0.0000,1.0
2020-11-04,134.905,151.98,134.905,148.59,139.62967180773805,12211676,0.0000,1.0
2020-11-05,147.68,148.81,144.7,145.52,136.74480006367887,5730964,0.0000,1.0
2020-11-06,145.05,147.39,139.1,142.74,134.13244063420507,6229782,0.0000,1.0
2020-11-09,142.54,144.75,140.6,142.33,133.7471646032395,5493775,0.0000,1.0
2020-11-10,147.6,149.2,143.79,146.56,137.72208560564027,5376964,0.0000,1.0
2020-11-11,147.76,147.76,143.37,144.76,136.03062985993782,3046843,0.0000,1.0
2020-11-12,142.93,143.46,139.86,141.03,133.22093392679875,3464669,0.7400,1.0
2020-11-13,142.43,143.21,141.3201,142.38,134.4961821775339,2144882,0.0000,1.0
2020-11-16,143.06,144.3,140.0,140.59,132.80529745989247,4957963,0.0000,1.0
2020-11-17,139.57,141.96,138.61,141.2,133.38152074355799,3619448,0.0000,1.0
2020-11-18,141.9,142.42,140.13,140.17,132.40855355966374,2795172,0.0000,1.0
2020-11-19,140.25,143.89,138.92,143.41,135.46914936142812,4626099,0.0000,1.0
2020-11-20,142.84,147.09,142.84,145.49,137.43397629589415,5064305,0.0000,1.0
2020-11-23,145.54,145.62,141.16,143.38,135.4408105114118,3794513,0.0000,1.0
2020-11-24,143.39,145.64,143.11,144.9,136.8766455789062,4088704,0.0000,1.0
2020-11-25,144.9,145.34,142.61,144.75,136.7349513288245,3223766,0.0000,1.0
2020-11-27,145.65,147.92,145.36,147.44,139.27600154695602,1753995,0.0000,1.0
2020-11-30,146.34,148.17,144.9,145.65,137.58511682931461,5842198,0.0000,1.0
2020-12-01,146.69,148.06,145.26,145.56,137.50010027926558,3948088,0.0000,1.0
2020-12-02,145.36,147.09,144.38,145.16,137.12224894571443,3757360,0.0000,1.0
2020-12-03,145.7,146.5,143.13,144.11,136.13038919514267,4059610,0.0000,1.0
2020-12-04,144.07,148.72,144.0,148.45,140.2300761641727,3058757,0.0000,1.0
2020-12-07,147.3,148.33,146.48,147.42,139.25710898027845,2637180,0.0000,1.0
2020-12-08,146.98,150.14,146.91,149.3,141.03301024796892,2754502,0.0000,1.0
2020-12-09,154.59,158.94,153.68,158.0,149.25127675270653,8364372,0.0000,1.0
2020-12-10,159.87,162.0,158.18,161.0,152.0851617543402,6430596,0.0000,1.0
2020-12-11,159.72,161.18,159.06,160.04,151.17831855381743,3435693,0.0000,1.0
2020-12-14,160.69,162.2871,157.83,157.91,149.16626020265753,4390109,0.0000,1.0
2020-12-15,159.43,168.23,158.05,167.43,158.15912194117504,6976079,0.0000,1.0
2020-12-16,169.69,173.19,166.75,172.05,162.52330484369088,6009932,0.0000,1.0
2020-12-17,171.73,173.895,171.1,172.63,163.07118927734004,3473825,0.0000,1.0
2020-12-18,172.52,172.89,169.0,171.4,161.90929642667027,7356515,0.0000,1.0
2020-12-21,168.88,169.0,165.8,168.78,159.43437019191018,3656017,0.0000,1.0
2020-12-22,167.71,168.39,165.87,166.72,157.48843582412172,2448907,0.0000,1.0
2020-12-23,167.45,167.9997,165.47,165.48,156.31709669011315,1697282,0.0000,1.0
2020-12-24,165.85,167.94,165.85,166.66,157.43175812408904,627229,0.0000,1.0
2020-12-28,167.21,167.6028,165.21,166.5,157.28061759066858,1480950,0.0000,1.0
2020-12-29,166.63,167.75,165.91,166.58,157.35618785737884,1712024,0.0000,1.0
2020-12-30,167.44,168.39,166.68,167.01,157.76237804094632,1413465,0.0000,1.0
2020-12-31,167.07,169.135,166.29,168.84,159.49104789194286,1643767,0.0000,1.0
2021-01-04,169.02,169.4776,163.105,165.5,156.3359892567907,3164894,0.0000,1.0
2021-01-05,165.19,166.66,163.2,166.32,157.11058449057057,2322787,0.0000,1.0
2021-01-06,162.98,167.28,162.97,164.32,155.2213278228148,3619696,0.0000,1.0
2021-01-07,164.18,167.12,161.78,165.83,156.64771660697042,3025518,0.0000,1.0
2021-01-08,166.22,166.86,164.64,166.41,157.19560104061958,3438248,0.0000,1.0
2021-01-11,185.0,189.3012,182.02,185.94,175.64419240125477,11402288,0.0000,1.0
2021-01-12,182.79,184.24,177.438,178.8,168.89954609736665,7121612,0.0000,1.0
2021-01-13,179.83,187.62,179.34,185.5,175.2285559343485,7303875,0.0000,1.0
2021-01-14,185.27,188.96,184.58,186.69,176.3526636516632,4413184,0.0000,1.0
2021-01-15,186.8,191.78,186.8,190.77,180.20674725388497,6624572,0.0000,1.0
2021-01-19,196.0,199.5199,194.07,198.48,187.4898317080835,7729052,0.0000,1.0
2021-01-20,198.77,201.7731,198.68,201.26,190.11589847626402,5335808,0.0000,1.0
2021-01-21,203.7,204.72,198.01,202.35,191.1455433601909,8702898,0.0000,1.0
2021-01-22,202.04,206.54,200.56,206.14,194.72568474558813,6128788,0.0000,1.0
2021-01-25,208.24,212.53,208.0879,212.35,200.5918266989698,5959055,0.0000,1.0
2021-01-26,212.55,213.23,210.6,212.72,200.94133918250463,6601482,0.0000,1.0
2021-01-27,211.07,212.02,205.1,207.57,196.07650326303352,7358032,0.0000,1.0
2021-01-28,208.0,211.84,207.57,210.12,198.48530551442215,5460392,0.0000,1.0
2021-01-29,211.96,218.0,204.46,207.97,196.45435459658466,8401721,0.0000,1.0
2021-02-01,209.46,209.89,203.1,203.14,191.89179974395446,5383786,0.0000,1.0
2021-02-02,204.38,205.9,197.35,197.56,186.62077364091584,5228373,0.0000,1.0
2021-02-03,197.81,200.59,196.89,196.96,186.0539966405891,3679090,0.0000,1.0
2021-02-04,196.81,201.88,195.64,201.62,190.45596467646007,2924329,0.0000,1.0
2021-02-05,201.62,202.9199,200.85,201.77,190.59765892654175,2732210,0.0000,1.0
2021-02-08,202.38,206.43,201.91,205.77,194.37617226205333,2909487,0.0000,1.0
2021-02-09,203.75,204.9499,200.32,201.71,190.5409812265091,2656301,0.0000,1.0
2021-02-10,204.47,205.55,201.64,204.39,193.07258516130182,2971855,0.0000,1.0
2021-02-11,202.87,204.18,201.62,202.58,192.16574196077906,3544689,0.8500,1.0
2021-02-12,201.65,208.22,201.15,207.29,196.6336096902453,2611297,0.0000,1.0
2021-02-16,205.98,207.49,203.61,205.76,195.1822641220747,2741949,0.0000,1.0
2021-02-17,205.01,206.69,204.265,206.46,195.84627843430962,3327379,0.0000,1.0
2021-02-18,205.3,205.415,200.95,201.12,190.780797823832,3919791,0.0000,1.0
2021-02-19,201.13,202.8789,200.3301,200.92,190.59107944890772,3434858,0.0000,1.0
2021-02-22,199.18,201.61,197.96,200.68,190.36341739899862,2233566,0.0000,1.0
2021-02-23,200.31,204.31,198.68,202.48,192.07088277331692,3287678,0.0000,1.0
2021-02-24,201.67,206.455,201.63,204.52,194.00601019754436,2848792,0.0000,1.0
2021-02-25,203.57,205.55,201.75,203.82,193.34199588530944,2352310,0.0000,1.0
2021-02-26,206.7,206.99,202.06,204.89,194.3569891911542,3755168,0.0000,1.0
2021-03-01,205.78,208.24,204.78,206.47,195.85576435305583,2797548,0.0000,1.0
2021-03-02,208.89,209.95,204.1,204.14,193.64554528518823,3445286,0.0000,1.0
2021-03-03,203.37,204.31,199.705,202.0,191.61555867349873,3660317,0.0000,1.0
2021-03-04,203.79,204.74,198.61,200.54,190.23061453655163,4308430,0.0000,1.0
2021-03-05,201.02,207.67,200.88,206.92,196.2826306966354,3876160,0.0000,1.0
2021-03-08,207.0,210.8896,206.32,207.03,196.38697580284375,3300343,0.0000,1.0
2021-03-09,208.34,212.16,206.06,206.11,195.51427127819218,4227322,0.0000,1.0
2021-03-10,206.885,208.04,204.39,205.45,194.88820064094213,3400164,0.0000,1.0
2021-03-11,206.51,207.25,204.27,205.21,194.66053859103303,4037377,0.0000,1.0
2021-03-12,204.89,208.4599,202.28,208.08,197.3829972711961,4541373,0.0000,1.0
2021-03-15,193.01,193.18,188.2,189.16,179.43563900336147,12405564,0.0000,1.0
2021-03-16,191.5365,191.62,187.23,190.9,181.0861888652025,6194240,0.0000,1.0
2021-03-17,189.73,189.83,186.56,186.73,177.13056074803174,5134224,0.0000,1.0
2021-03-18,186.02,187.09,183.8,183.93,174.47450349909218,4239983,0.0000,1.0
2021-03-19,184.7,185.8,183.88,184.29,174.81599657395583,6048561,0.0000,1.0
2021-03-22,184.05,185.91,183.2,185.84,176.28631397961882,2666600,0.0000,1.0
2021-03-23,185.35,186.655,183.25,183.68,174.23735553043687,3284889,0.0000,1.0
2021-03-24,183.7,183.835,179.82,180.17,170.90779805051613,3931458,0.0000,1.0
2021-03-25,181.0,183.64,180.22,183.09,173.6776863244103,2630505,0.0000,1.0
2021-03-26,184.05,185.91,182.63,185.31,175.78356028606953,2868368,0.0000,1.0
2021-03-29,184.66,187.6696,183.505,186.34,176.76060991692947,3002626,0.0000,1.0
2021-03-30,185.53,186.86,184.71,185.5,175.9637927422476,2523602,0.0000,1.0
2021-03-31,185.57,187.94,185.26,186.82,177.21593401674767,3621314,0.0000,1.0
2021-04-01,186.82,188.07,184.66,185.24,175.71715885484605,2340366,0.0000,1.0
2021-04-05,185.59,185.9,183.1,184.89,175.38515169872858,2864920,0.0000,1.0
2021-04-06,184.69,185.63,182.49,182.8,173.40259468077014,2488379,0.0000,1.0
2021-04-07,182.9,183.18,181.22,182.32,172.9472705809519,3406606,0.0000,1.0
2021-04-08,182.95,183.97,182.47,182.61,173.2223622245921,2393198,0.0000,1.0
2021-04-09,182.53,185.14,182.41,184.49,175.0057149488801,2611218,0.0000,1.0
2021-04-12,183.43,183.94,180.88,181.82,172.47297464364127,2876088,0.0000,1.0
2021-04-13,181.18,183.64,181.18,182.53,173.14647487462238,3089142,0.0000,1.0
2021-04-14,182.59,184.46900000000002,182.05,183.0,173.59231305569438,2002075,0.0000,1.0
2021-04-15,183.79,187.72,183.41,185.92,176.36220132958852,2586643,0.0000,1.0
2021-04-16,187.38,190.3,186.88,189.25,179.5210122720774,3732096,0.0000,1.0
2021-04-19,189.24,190.88,188.07,189.64,179.89096310317967,2966439,0.0000,1.0
2021-04-20,190.41,193.5,190.17,190.61,180.81109722156233,2461129,0.0000,1.0
2021-04-21,191.56,193.01,189.8,190.95,181.13361845893354,2219772,0.0000,1.0
2021-04-22,190.0,191.27,186.75,187.05,177.4341101479106,2982838,0.0000,1.0
2021-04-23,187.03,189.13,187.03,188.72,179.0182585785281,2483203,0.0000,1.0
2021-04-26,188.57,188.65,186.06,187.22,177.59537076659618,2797528,0.0000,1.0
2021-04-27,184.0,185.87,180.79,182.21,172.84292547474357,6838740,0.0000,1.0
2021-04-28,181.45,182.0,178.5779,180.55,171.26826296287226,4682764,0.0000,1.0
2021-04-29,181.06,182.63,180.0,182.2,172.83343955599736,2432461,0.0000,1.0
2021-04-30,181.84,183.95,181.19,182.77,173.37413692453148,3103881,0.0000,1.0
2021-05-03,182.99,186.35,182.92,185.92,176.36220132958852,3196957,0.0000,1.0
2021-05-04,187.53,190.08,186.78,188.2,178.52499080372502,3703540,0.0000,1.0
2021-05-05,188.65,193.57,188.17,192.81,182.89799934572915,4274400,0.0000,1.0
2021-05-06,191.55,194.1,189.3227,193.89,183.92247857032012,3101937,0.0000,1.0
2021-05-07,194.82,196.2668,193.9,195.42,185.37382413849068,2526753,0.0000,1.0
2021-05-10,196.17,196.61,193.5,194.76,184.74775350124062,2242047,0.0000,1.0
2021-05-11,193.39,195.75,193.01,194.75,184.73826758249444,1850449,0.0000,1.0
2021-05-12,194.75,195.65,192.73,193.2,183.26795017683145,2397601,0.0000,1.0
2021-05-13,192.25,196.11,191.75,194.94,185.72480313210056,2175323,0.8500,1.0
2021-05-14,195.71,197.27,194.92,196.21,186.9347677364802,1823874,0.0000,1.0
2021-05-17,196.48,199.61,195.09,195.53,186.28691267271788,2465967,0.0000,1.0
2021-05-18,195.0,196.35,193.58,194.63,185.42945744126774,2369384,0.0000,1.0
2021-05-19,193.61,197.39,193.11,196.51,187.22058614696357,3070497,0.0000,1.0
2021-05-20,197.16,201.08,196.17,199.53,190.0978248124963,3494708,0.0000,1.0
2021-05-21,200.0,201.92,199.47,199.88,190.4312796247269,2579208,0.0000,1.0
2021-05-24,201.0,203.615,200.04,201.02,191.51738958456374,2074926,0.0000,1.0
2021-05-25,201.43,201.85,199.14,199.22,189.80247912166345,2919227,0.0000,1.0
2021-05-26,199.23,202.44,198.25,200.99,191.48880774351542,2891438,0.0000,1.0
2021-05-27,200.65,201.38,195.5,199.2,189.78342456096456,9340280,0.0000,1.0
2021-05-28,199.12,202.28,198.53,199.74,190.29789769983466,2386024,0.0000,1.0
2021-06-01,200.32,200.89,196.68,198.42,189.04029669370777,3070326,0.0000,1.0
2021-06-02,199.01,200.92,198.25,199.13,189.71673359851843,2030286,0.0000,1.0
2021-06-03,198.99,203.64,198.61,202.7,193.11797268327066,3066605,0.0000,1.0
2021-06-04,202.79,204.45,201.2902,202.02,192.47011761950836,2817826,0.0000,1.0
2021-06-07,201.99,233.33,201.83,222.52,212.00104233587268,17231372,0.0000,1.0
2021-06-08,221.71,222.27,217.37,220.7,210.26707731227347,4618467,0.0000,1.0
2021-06-09,221.35,226.73,220.26,226.0,215.3165358974799,4934884,0.0000,1.0
2021-06-10,226.97,235.847,226.25,233.54,222.50010528096217,5598166,0.0000,1.0
2021-06-11,227.03,229.59,221.56,224.09,213.4968253507357,5635964,0.0000,1.0
2021-06-14,224.23,226.66,223.02,226.1,215.41180870097435,2720733,0.0000,1.0
2021-06-15,226.1,226.66,222.87,223.52,212.95377037081727,2188900,0.0000,1.0
2021-06-16,223.53,224.36,220.2,220.76,210.32424099437017,2493066,0.0000,1.0
2021-06-17,220.27,223.095,220.27,222.21,211.70569664503984,1891008,0.0000,1.0
2021-06-18,220.43,221.05,218.32,218.55,208.2187120371426,4016656,0.0000,1.0
2021-06-21,219.1,223.77,218.08,222.67,212.14395154111435,3671287,0.0000,1.0
2021-06-22,222.63,223.61,220.5128,221.44,210.9720960581325,1658943,0.0000,1.0
2021-06-23,222.19,222.24,217.0,217.1,206.83725638647292,2419664,0.0000,1.0
2021-06-24,234.92,239.37,230.42,232.97,221.95705030104375,12290462,0.0000,1.0
2021-06-25,233.12,233.4899,229.39,230.22,219.3370482049461,6992228,0.0000,1.0
2021-06-28,229.0,229.88,226.8784,228.22,217.4315921350569,2507615,0.0000,1.0
2021-06-29,228.25,231.4,227.85,229.37,218.5272293752432,1621247,0.0000,1.0
2021-06-30,230.09,230.8459,229.06,229.52,218.6701385804849,1786736,0.0000,1.0
2021-07-01,229.51,231.5,228.66,231.13,220.20403071674568,1977362,0.0000,1.0
2021-07-02,231.97,234.21,231.33,233.96,222.9002510556389,1994140,0.0000,1.0
2021-07-06,233.63,235.575,233.2301,235.42,224.291233986658,3125526,0.0000,1.0
2021-07-07,234.68,236.59,233.46,235.82,224.67232520063587,3141508,0.0000,1.0
2021-07-08,233.83,237.27,232.1,237.12,225.91087164606384,2431482,0.0000,1.0
2021-07-09,237.17,238.4717,232.75,234.99,223.88156093163187,4030341,0.0000,1.0
2021-07-12,235.17,238.0,235.15,236.01,224.85334352727534,2928611,0.0000,1.0
2021-07-13,235.98,236.65,234.03,235.3,224.17690662246468,1974044,0.0000,1.0
2021-07-14,235.79,237.23,234.73,236.35,225.1772710591565,2103449,0.0000,1.0
2021-07-15,235.01,235.99,230.69,231.47,220.52795824862685,3611300,0.0000,1.0
2021-07-16,232.5,233.04,231.21,232.46,221.471159003222,2229059,0.0000,1.0
2021-07-19,231.88,234.3,230.57,234.14,223.07174210192892,2305943,0.0000,1.0
2021-07-20,235.0,237.75,233.935,235.02,223.9101427726802,2297813,0.0000,1.0
2021-07-21,236.38,237.37,233.59,237.29,226.07283541200442,1651502,0.0000,1.0
2021-07-22,237.28,239.7,236.37,238.49,227.21610905393797,1703495,0.0000,1.0
2021-07-23,239.28,244.55,238.56,244.15,232.6085497317244,2448303,0.0000,1.0
2021-07-26,242.57,245.28,242.57,243.21,231.71298537887648,2678920,0.0000,1.0
2021-07-27,243.71,244.06,242.66,243.58,232.06549475180597,2116551,0.0000,1.0
2021-07-28,243.37,248.4,242.64,246.51,234.85698789419365,1688130,0.0000,1.0
2021-07-29,247.5,248.24,242.2401,245.33,233.73276881295902,1919223,0.0000,1.0
2021-07-30,244.9,245.95,242.63,243.5,231.9892765090104,1905119,0.0000,1.0
2021-08-02,245.73,247.885,244.25,246.6,234.94273341733867,1958943,0.0000,1.0
2021-08-03,244.75,259.37,243.5,255.99,243.88884966546848,5406183,0.0000,1.0
2021-08-04,256.0,270.65,255.42,262.47,250.0625273319095,3892600,0.0000,1.0
2021-08-05,263.28,265.51,261.33,264.19,251.7012195520142,2262446,0.0000,1.0
2021-08-06,263.51,264.27,260.74,263.44,250.98667352580574,2155214,0.0000,1.0
2021-08-09,264.58,273.04,264.5,267.16,254.5308218157997,3238463,0.0000,1.0
2021-08-10,266.75,271.08,266.18,269.45,256.7125690158228,2060223,0.0000,1.0
2021-08-11,269.59,270.94,262.66,264.1,251.61547402886922,2813289,0.0000,1.0
2021-08-12,263.2,264.535,261.49,263.47,251.82507419655704,2100876,0.8500,1.0
2021-08-13,263.15,265.69,263.02,264.21,252.53236745539274,1481302,0.0000,1.0
2021-08-16,264.88,270.26,264.265,269.94,258.0091112028641,2623287,0.0000,1.0
2021-08-17,271.16,275.87,267.18,272.71,260.6566819149925,2096073,0.0000,1.0
2021-08-18,272.01,274.76,268.03,268.52,256.65187278726034,2527494,0.0000,1.0
2021-08-19,266.15,271.8475,265.43,270.4,258.44877998538357,1901013,0.0000,1.0
2021-08-20,269.38,272.8665,269.06,270.91,258.9362388529596,1536829,0.0000,1.0
2021-08-23,272.3,272.91,267.7,267.82,255.98281159646982,2438890,0.0000,1.0
2021-08-24,266.2,267.44,261.78,262.77,251.15601300576645,3736297,0.0000,1.0
2021-08-25,262.78,264.52,261.29,263.87,252.20739487700877,2388585,0.0000,1.0
2021-08-26,264.0,265.59,260.58,261.32,249.77010053912886,1732985,0.0000,1.0
2021-08-27,262.52,263.1257,258.58,259.75,248.26949186835574,1839899,0.0000,1.0
2021-08-30,261.03,264.07,259.61,262.31,250.71634422324695,1300723,0.0000,1.0
2021-08-31,262.84,263.635,257.86,258.29,246.87402138470688,2733435,0.0000,1.0
2021-09-01,258.54,258.77,254.49,257.4,246.0233578707017,2956822,0.0000,1.0
2021-09-02,257.41,259.73,256.47,259.57,248.09744756215244,1469713,0.0000,1.0
2021-09-03,260.83,260.99,256.7836,259.53,248.05921549410726,1124527,0.0000,1.0
2021-09-07,259.0,260.82,254.41,254.8,243.53827344776533,2403689,0.0000,1.0
2021-09-08,254.6,255.71,253.68,254.84,243.5765055158105,1542529,0.0000,1.0
2021-09-09,253.29,254.02,239.67,240.0,229.39240827105053,4976593,0.0000,1.0
2021-09-10,242.2,243.89,238.57,239.5,228.91450742048585,4633548,0.0000,1.0
2021-09-13,240.04,241.15,235.15,237.96,227.44257280074663,2832834,0.0000,1.0
2021-09-14,238.72,239.7939,231.98,233.09,222.78781851624655,3825977,0.0000,1.0
2021-09-15,233.58,239.38,233.06,233.73,223.39953160496933,2802576,0.0000,1.0
2021-09-16,234.08,234.69,229.73,231.04,220.82842502893132,2958684,0.0000,1.0
2021-09-17,229.71,230.83,228.23,230.1,219.9299714298697,4480241,0.0000,1.0
2021-09-20,228.09,232.73,227.29,231.64,221.40190604960893,2803437,0.0000,1.0
2021-09-21,232.06,233.72,229.74,230.17,219.99687754894876,2172825,0.0000,1.0
2021-09-22,230.0,231.03,227.58,228.3,218.20952836783684,2529635,0.0000,1.0
2021-09-23,229.3,234.2,229.01,232.18,221.9180389682188,1912322,0.0000,1.0
2021-09-24,232.77,235.385,231.34,231.68,221.44013811765413,1642578,0.0000,1.0
2021-09-27,229.97,231.06,225.613,226.4,216.39350513569102,2785922,0.0000,1.0
2021-09-28,226.39,226.4,220.2,221.6,211.80565697027,3583251,0.0000,1.0
2021-09-29,225.41,231.44,224.56,230.36,220.17847987216336,3971031,0.0000,1.0
2021-09-30,232.78,237.16,230.8,231.05,220.83798304594262,3787048,0.0000,1.0
2021-10-01,231.0,231.68,225.45,229.59,219.44251256229373,2215772,0.0000,1.0
2021-10-04,227.8,230.19,224.22,224.85,214.91201249894047,4784747,0.0000,1.0
2021-10-05,226.44,232.56,226.1747,230.93,220.7232868418071,2802025,0.0000,1.0
2021-10-06,230.56,230.85,226.05,227.85,217.7794176023286,2462722,0.0000,1.0
2021-10-07,229.12,234.11,229.0,233.18,222.8738406693482,2001803,0.0000,1.0
2021-10-08,233.42,235.81,231.55,233.94,223.6002499622065,2563117,0.0000,1.0
2021-10-11,236.7,237.99,233.6,233.67,223.34218350290158,1892511,0.0000,1.0
2021-10-12,234.7,235.07,231.98,232.78,222.49151998889644,1719458,0.0000,1.0
2021-10-13,234.07,237.92,232.8,236.44,225.98975421502996,2105892,0.0000,1.0
2021-10-14,237.01,238.44,234.11,236.69,226.2287046403123,1824765,0.0000,1.0
2021-10-15,237.42,239.2986,235.82,237.88,227.36610866465625,2598357,0.0000,1.0
2021-10-18,237.95,242.66,236.7,238.98,228.41749053589857,2545987,0.0000,1.0
2021-10-19,239.06,242.55,239.06,242.31,231.6003102006594,1573492,0.0000,1.0
2021-10-20,243.73,245.9,243.04,243.72,232.94799059925182,1537772,0.0000,1.0
2021-10-21,244.95,244.95,239.834,241.17,230.5106962613719,1717891,0.0000,1.0
2021-10-22,240.96,244.04,239.56,243.75,232.9766646502857,1960703,0.0000,1.0
2021-10-25,244.66,246.2667,240.52,245.05,234.21920686175392,2763099,0.0000,1.0
2021-10-26,244.5,248.92,237.09,248.44,237.45937462858248,4532952,0.0000,1.0
2021-10-27,248.61,254.46,248.32,250.17,239.1129115715363,3181498,0.0000,1.0
2021-10-28,250.16,256.75,250.08,253.35,242.1523609811277,3386510,0.0000,1.0
2021-10-29,253.78,256.47,251.77,254.76,243.50004137972013,3152015,0.0000,1.0
2021-11-01,255.11,256.48,248.05,249.31,238.29092210856504,2652462,0.0000,1.0
2021-11-02,251.25,259.3,249.4,256.85,245.49766693508056,3481370,0.0000,1.0
2021-11-03,257.77,266.79,257.76,266.26,254.49176094270797,4382930,0.0000,1.0
2021-11-04,265.48,271.11,265.27,271.0,259.0222610060612,4133581,0.0000,1.0
2021-11-05,268.99,269.49,258.56,265.0,253.28745079928498,3745717,0.0000,1.0
2021-11-08,263.99,266.91,259.155,260.53,249.01501719523662,2386204,0.0000,1.0
2021-11-09,260.53,262.16,258.39,262.02,250.43916172991942,1962950,0.0000,1.0
2021-11-10,262.0,266.0,261.6,264.65,252.95292020388968,2215238,0.0000,1.0
2021-11-11,262.32,264.32,261.95,262.63,251.02220076760835,1739439,0.0000,1.0
2021-11-12,261.78,262.52,258.93,259.65,248.9863431442028,1910139,0.8500,1.0
2021-11-15,259.39,259.61,257.16,258.43,247.81644775180564,1903164,0.0000,1.0
2021-11-16,256.96,260.35,255.99,257.72,247.1356069906565,2565741,0.0000,1.0
2021-11-17,256.81,264.55,256.07,261.18,250.45350703794682,2873559,0.0000,1.0
2021-11-18,262.0,263.8,259.82,261.33,250.5973466353727,1689635,0.0000,1.0
2021-11-19,266.43,270.8,260.3,260.7,249.993220326184,2788210,0.0000,1.0
2021-11-22,262.22,263.9899,259.13,260.44,249.74389835731247,1997790,0.0000,1.0
2021-11-23,259.47,262.76,259.25,261.96,251.2014729445614,1986326,0.0000,1.0
2021-11-24,262.77,264.94,260.05,262.0,251.23983017054164,2518580,0.0000,1.0
2021-11-26,261.8,265.88,259.03,260.37,249.67677321184706,1495480,0.0000,1.0
2021-11-29,260.02,262.32,254.5,254.83,244.36429741358447,4041677,0.0000,1.0
2021-11-30,253.27,254.0,246.48,248.04,237.8531583034395,8265918,0.0000,1.0
2021-12-01,249.44,255.2991,247.89,249.13,238.89839271140093,3241515,0.0000,1.0
2021-12-02,246.52,249.98,245.12,247.88,237.69972939951856,3817784,0.0000,1.0
2021-12-03,252.13,253.48,243.08,245.58,235.49418890565505,4169687,0.0000,1.0
2021-12-06,245.92,246.94,241.53,246.33,236.21338689278446,3491184,0.0000,1.0
2021-12-07,244.24,245.435,241.45,245.11,235.0434915003873,4035797,0.0000,1.0
2021-12-08,246.61,248.1815,239.47,244.32,234.28593628727762,3636201,0.0000,1.0
2021-12-09,244.49,245.91,242.75,242.9,232.92425476497928,2291050,0.0000,1.0
2021-12-10,241.2,244.585,241.2,244.14,234.11332877036654,2380759,0.0000,1.0
2021-12-13,245.51,250.7,245.46,248.53,238.32303432169738,3016836,0.0000,1.0
2021-12-14,247.74,250.01,246.39,249.38,239.1381253737774,3423994,0.0000,1.0
2021-12-15,262.07,275.54,257.2098,275.28,263.9744291959798,10016675,0.0000,1.0
2021-12-16,275.67,283.905,272.05,279.04,267.5800084381219,5546435,0.0000,1.0
2021-12-17,276.67,276.67,265.3346,267.42,256.43723429086356,7588876,0.0000,1.0
2021-12-20,269.23,270.005,260.35,263.48,252.6590475318104,3479415,0.0000,1.0
2021-12-21,264.0,265.95,260.57,264.88,254.00155044111858,2702522,0.0000,1.0
2021-12-22,264.74,266.56,262.85,266.5,255.55501809331813,2720994,0.0000,1.0
2021-12-23,269.05,275.27,266.68,273.1,261.883960380057,2632221,0.0000,1.0
2021-12-27,275.04,280.3,274.72,278.41,266.9758821289332,1677639,0.0000,1.0
2021-12-28,279.34,279.4,275.8901,276.43,265.0771994429116,1034224,0.0000,1.0
2021-12-29,275.82,279.36,275.74,278.42,266.9854714354283,1112299,0.0000,1.0
2021-12-30,279.19,280.65,276.37,277.25,265.8635225755064,1181480,0.0000,1.0
2021-12-31,277.47,278.73,276.01,276.22,264.87582400651536,1313638,0.0000,1.0
2022-01-03,274.41,274.41,267.0637,271.73,260.57022539023393,2621415,0.0000,1.0
2022-01-04,269.0,269.875,263.58,266.81,255.85228659466495,2340621,0.0000,1.0
2022-01-05,268.16,268.77,260.42,260.65,249.94527379370868,3004151,0.0000,1.0
2022-01-06,260.1,261.295,255.46,259.33,248.67948533636093,2863297,0.0000,1.0
2022-01-07,259.74,261.25,256.71,259.5,248.84250354677695,2245240,0.0000,1.0
2022-01-10,258.19,260.16,255.89,260.11,249.42745124297554,2576704,0.0000,1.0
2022-01-11,261.59,262.41,257.06,262.32,251.54668797838352,2146988,0.0000,1.0
2022-01-12,252.9,257.4376,250.97,255.92,245.40953182154587,6562799,0.0000,1.0
2022-01-13,254.07,255.5,248.55,249.67,239.41621526213407,3726509,0.0000,1.0
2022-01-14,250.15,250.54,242.9,244.12,234.09415015737645,2894255,0.0000,1.0
2022-01-18,242.75,248.52,242.09,247.07,236.9229955734188,3202949,0.0000,1.0
2022-01-19,246.33,250.4091,244.725,245.05,234.98595566141694,2472550,0.0000,1.0
2022-01-20,245.58,247.95,242.5,243.13,233.1448088143656,2655380,0.0000,1.0
2022-01-21,246.88,247.875,242.12,243.06,233.0776836689002,2788638,0.0000,1.0
2022-01-24,242.55,243.76,232.68,240.42,230.54610675420466,3716587,0.0000,1.0
2022-01-25,236.81,241.53,235.12,239.46,229.62553333067902,2525106,0.0000,1.0
2022-01-26,239.63,242.43,235.91,237.86,228.09124429146962,2913234,0.0000,1.0
2022-01-27,239.98,243.27,235.76,236.72,226.9980633510329,2178965,0.0000,1.0
2022-01-28,237.49,245.22,235.05,245.1,235.0339021938922,3081139,0.0000,1.0
2022-01-31,243.27,245.49,241.915,245.39,235.3119920822489,3237085,0.0000,1.0
2022-02-01,247.05,248.84,243.2621,248.28,238.0833016593209,2449373,0.0000,1.0
2022-02-02,245.35,251.8756,244.025,250.83,240.52857481556094,2586720,0.0000,1.0
2022-02-03,247.5,248.12,241.1,244.81,234.7558123055355,3473574,0.0000,1.0
2022-02-04,242.72,244.1,241.22,242.27,232.32012845579055,3569451,0.0000,1.0
2022-02-07,242.41,244.03,240.3038,243.55,233.5475596871581,3948368,0.0000,1.0
2022-02-08,241.9,242.89,237.47,239.91,230.05705212295666,2614999,0.0000,1.0
2022-02-09,241.26,244.46,241.06,243.27,233.27905910529645,1759921,0.0000,1.0
2022-02-10,239.9,244.09,238.11,239.64,229.79814084759008,2283142,0.0000,1.0
2022-02-11,239.23,240.63,234.85,235.74,226.05831131451714,2054452,0.0000,1.0
2022-02-14,234.0,236.88,231.87,234.69,225.99118616905173,2572055,0.9800,1.0
2022-02-15,236.65,244.79,236.65,243.84,234.8020402891541,3409708,0.0000,1.0
2022-02-16,242.58,247.02,242.58,245.58,236.47754697428832,2458988,0.0000,1.0
2022-02-17,245.58,245.585,240.41,240.97,232.03841719355913,2059125,0.0000,1.0
2022-02-18,238.02,242.43,238.02,240.31,231.40288017505995,2518105,0.0000,1.0
2022-02-22,239.21,240.86,237.52,239.13,230.2666170207735,2930812,0.0000,1.0
2022-02-23,240.55,242.68,238.015,238.31,229.47701042203212,2296253,0.0000,1.0
2022-02-24,235.18,243.93,234.0,243.08,234.07020978300352,3272267,0.0000,1.0
2022-02-25,243.84,252.9,243.725,250.85,241.55221377351666,2442360,0.0000,1.0
2022-02-28,246.14,250.06,244.59,249.95,240.6855723846541,3188813,0.0000,1.0
2022-03-01,247.56,250.34,245.44,249.5,240.25225169022286,2873291,0.0000,1.0
2022-03-02,249.88,256.48,249.055,254.17,244.74915756354287,2452100,0.0000,1.0
2022-03-03,254.83,259.58,254.385,258.64,249.05347646156008,3153842,0.0000,1.0
2022-03-04,256.21,263.455,255.52,262.87,253.12669098921398,3497133,0.0000,1.0
2022-03-07,259.86,263.63,257.86,261.64,251.94228109110185,3074955,0.0000,1.0
2022-03-08,259.93,265.3,258.91,259.93,250.29566245226306,3482650,0.0000,1.0
2022-03-09,263.3,267.79,262.07,262.79,253.04965619909288,2965866,0.0000,1.0
2022-03-10,262.84,267.73,262.84,266.02,256.1599358502328,2797440,0.0000,1.0
2022-03-11,265.07,271.72,265.07,266.3,256.42955761565673,2469637,0.0000,1.0
2022-03-14,268.99,270.9,267.32,269.0,259.0294817822443,2713824,0.0000,1.0
2022-03-15,269.87,276.48,269.87,275.46,265.2500410845242,4396863,0.0000,1.0
2022-03-16,277.85,278.61,273.01,276.44,266.19371726350784,3148591,0.0000,1.0
2022-03-17,277.01,285.8882,276.45,285.51,274.9275365934891,3270105,0.0000,1.0
2022-03-18,285.84,291.35,284.86,287.64,276.97858788046375,4510999,0.0000,1.0
2022-03-21,287.76,295.33,287.76,289.64,278.9044576334916,3456250,0.0000,1.0
2022-03-22,289.67,290.56,283.39,285.02,274.45569850399727,3782221,0.0000,1.0
2022-03-23,284.42,288.18,283.35,284.19,273.65646255649074,3149382,0.0000,1.0
2022-03-24,286.29,288.85,284.66,287.69,277.0267346242894,2412353,0.0000,1.0
2022-03-25,288.5,291.65,286.58,289.02,278.3074380100529,2393805,0.0000,1.0
2022-03-28,291.328,292.45,288.31,291.66,280.84958608404975,2195001,0.0000,1.0
2022-03-29,292.03,293.14,287.58,288.39,277.7007890378492,2798056,0.0000,1.0
2022-03-30,290.58,292.29,287.99,289.89,279.14519135262003,2220148,0.0000,1.0
2022-03-31,289.37,291.8,285.92,286.37,275.75566058729106,3227759,0.0000,1.0
2022-04-01,286.15,293.14,284.0,292.67,281.8221503093288,3066159,0.0000,1.0
2022-04-04,292.75,294.98,290.95,291.42,280.6184817136864,3014182,0.0000,1.0
2022-04-05,291.72,295.83,289.1,292.49,281.6488220315563,2295307,0.0000,1.0
2022-04-06,296.09,306.56,294.77,305.84,294.5040026330171,4672935,0.0000,1.0
2022-04-07,305.0,314.0,305.0,308.43,296.9980039631881,4270824,0.0000,1.0
2022-04-08,308.0,312.38,307.95,311.69,300.1371716606235,3024679,0.0000,1.0
2022-04-11,313.09,313.76,308.05,308.96,297.5083594477405,2178073,0.0000,1.0
2022-04-12,306.58,309.61,304.18,308.08,296.6609767564083,2688230,0.0000,1.0
2022-04-13,307.28,308.3,300.41,302.67,291.45149907446796,2528740,0.0000,1.0
2022-04-14,303.75,304.47,300.19,301.86,290.6715218244917,1898106,0.0000,1.0
2022-04-18,301.07,302.06,296.8,298.82,287.7441997998894,1581398,0.0000,1.0
2022-04-19,298.41,299.69,293.8,297.01,286.0012876733992,2021659,0.0000,1.0
2022-04-20,297.02,299.0,292.3,292.92,282.06288402845723,2565124,0.0000,1.0
2022-04-21,292.92,293.4525,286.66,289.61,278.8755695871962,2716751,0.0000,1.0
2022-04-22,289.3,289.62,278.4,278.73,268.39883813072476,2772584,0.0000,1.0
2022-04-25,278.75,285.95,276.83,285.2,274.62902678176977,2410175,0.0000,1.0
2022-04-26,286.18,290.21,282.7919,282.83,272.3468711244318,2163985,0.0000,1.0
2022-04-27,283.1,288.13,280.59,285.09,274.5231039453532,2352078,0.0000,1.0
2022-04-28,295.99,300.51,288.56,297.27,286.2516507412928,5887534,0.0000,1.0
2022-04-29,295.79,297.31,289.14,292.13,281.3021654760112,3910872,0.0000,1.0
2022-05-02,291.23,292.84,284.28,289.56,278.82742284337047,2790024,0.0000,1.0
2022-05-03,288.63,289.81,284.11,288.07,277.3926498773647,2109522,0.0000,1.0
2022-05-04,288.5,296.98,284.12,294.9,283.96949508395477,2717984,0.0000,1.0
2022-05-05,293.42,294.99,288.3,292.37,281.5332698463746,3120381,0.0000,1.0
2022-05-06,290.17,298.25,288.52,296.9,285.8953648369826,2931169,0.0000,1.0
2022-05-09,293.51,294.93,286.65,289.23,278.5096543341209,3460544,0.0000,1.0
2022-05-10,292.0,293.43,285.0,285.7,275.11049422002674,3140981,0.0000,1.0
2022-05-11,283.67,294.5,283.0,286.69,276.06379974777553,2625192,0.0000,1.0
2022-05-12,283.325,291.99,283.325,291.8,280.98439696676166,2369996,0.0000,1.0
2022-05-13,292.63,292.8,286.51,291.63,281.76437421673796,2337673,0.9800,1.0
2022-05-16,292.11,309.44,291.6,299.38,289.2521974865652,5118315,0.0000,1.0
2022-05-17,300.0,303.4,293.39,301.4,291.20386239044274,2552984,0.0000,1.0
2022-05-18,300.0,302.6,294.03,295.19,285.20394206713604,2161429,0.0000,1.0
2022-05-19,293.58,293.58,284.37,286.27,276.585699026251,3157441,0.0000,1.0
2022-05-20,290.73,299.24,288.92,298.85,288.7401269919835,3129140,0.0000,1.0
2022-05-23,300.6,304.92,299.35,302.6,292.3632672838354,2873617,0.0000,1.0
2022-05-24,303.71,307.67,299.8,305.96,295.6096009853347,2804943,0.0000,1.0
2022-05-25,307.0,310.42,304.64,307.01,296.6240802670532,3195708,0.0000,1.0
2022-05-26,305.23,313.91,303.61,313.46,302.85588156903844,3284351,0.0000,1.0
2022-05-27,312.65,324.08,311.26,323.48,312.53691242886674,3694287,0.0000,1.0
2022-05-31,316.63,318.46,309.03,313.44,302.8365581541486,6298904,0.0000,1.0
2022-06-01,313.44,313.9,305.59,311.08,300.5563951971431,2731736,0.0000,1.0
2022-06-02,310.57,310.665,298.165,302.43,292.19901825727146,3703312,0.0000,1.0
2022-06-03,302.16,305.81,300.7,301.65,291.4454050765662,2490022,0.0000,1.0
2022-06-06,315.13,315.13,303.09,303.36,293.09755704965073,3734398,0.0000,1.0
2022-06-07,303.992,312.15,303.02,312.1,301.5418893565269,3652818,0.0000,1.0
2022-06-08,312.43,315.5,310.81,313.49,302.8848666913733,2684523,0.0000,1.0
2022-06-09,311.6,311.92,303.11,303.25,292.9912782677564,1965302,0.0000,1.0
2022-06-10,299.23,301.66,296.87,297.01,286.96237282211484,2471662,0.0000,1.0
2022-06-13,290.432,293.16,288.51,291.28,281.4262144561651,2898757,0.0000,1.0
2022-06-14,289.17,292.0,287.29,290.79,280.95279079136316,2422560,0.0000,1.0
2022-06-15,291.6,296.34,288.53,292.99,283.0783664292496,1970129,0.0000,1.0
2022-06-16,290.2,290.2,283.11,288.07,278.3248063663399,2628808,0.0000,1.0
2022-06-17,290.01,300.99,289.68,290.9,281.05906957325743,6900000,0.0000,1.0
2022-06-21,292.38,299.28,290.31,297.34,287.2812091677978,2821331,0.0000,1.0
2022-06-22,296.96,309.65,296.43,306.69,296.31490562881515,4536148,0.0000,1.0
2022-06-23,309.5,313.19,307.19,312.72,302.14091521811304,3729325,0.0000,1.0
2022-06-24,319.55,325.82,319.01,325.62,314.60451782208355,5449892,0.0000,1.0
2022-06-27,324.23,330.85,322.0,327.27,316.19869955049836,3219127,0.0000,1.0
2022-06-28,326.52,329.065,316.76,317.62,306.87515186613285,2748331,0.0000,1.0
2022-06-29,318.16,324.7,317.65,323.0,312.0731504715097,2562542,0.0000,1.0
2022-06-30,322.13,327.05,320.01,324.23,313.26154048723714,2732891,0.0000,1.0
2022-07-01,323.88,325.4,317.76,324.71,313.72530244459415,1817810,0.0000,1.0
2022-07-05,322.44,327.43,318.93,327.18,316.11174418349395,2109663,0.0000,1.0
2022-07-06,328.0,332.74,326.75,330.15,318.9812712946406,2252491,0.0000,1.0
2022-07-07,327.25,330.5,326.24,327.95,316.85569565675416,2395046,0.0000,1.0
2022-07-08,326.55,334.52,326.16,330.47,319.2904459328787,1898294,0.0000,1.0
2022-07-11,330.61,332.68,329.4276,331.07,319.87014837957497,1342949,0.0000,1.0
2022-07-12,330.0,331.99,323.36,323.59,312.643191210761,2058398,0.0000,1.0
2022-07-13,322.01,324.68,320.83,322.46,311.551418269483,2564310,0.0000,1.0
2022-07-14,317.54,327.76,315.51,326.89,315.8315546675907,2615713,0.0000,1.0
2022-07-15,331.97,335.33,328.17,331.6,320.3822188741567,3340336,0.0000,1.0
2022-07-18,330.12,331.97,319.71,321.77,310.88476045578227,2116414,0.0000,1.0
2022-07-19,324.09,327.38,321.84,326.2,315.16489685388996,1628234,0.0000,1.0
2022-07-20,327.09,327.82,320.31,322.03,311.1359648493506,2051072,0.0000,1.0
2022-07-21,321.45,328.05,319.71,326.92,315.86053978992555,1692104,0.0000,1.0
2022-07-22,326.95,329.22,325.83,328.75,317.62863225234923,1850862,0.0000,1.0
2022-07-25,328.75,332.27,328.06,331.55,320.333910336932,1741726,0.0000,1.0
2022-07-26,330.99,332.57,328.61,331.56,320.3435720443769,1812283,0.0000,1.0
2022-07-27,328.98,330.87,325.1901,328.94,317.8122046938031,1643193,0.0000,1.0
2022-07-28,330.24,333.59,321.74,330.8,319.60928227856164,2351047,0.0000,1.0
2022-07-29,331.06,331.06,326.82,329.69,318.53683275217344,3399855,0.0000,1.0
2022-08-01,327.51,330.43,323.46,324.15,313.18424682767755,2464276,0.0000,1.0
2022-08-02,327.19,328.98,319.36,320.2,309.36787238692693,3405692,0.0000,1.0
2022-08-03,320.63,320.98,310.22,313.83,303.2133647445012,5152196,0.0000,1.0
2022-08-04,310.2,310.25,302.24,305.79,295.44535195877074,4696250,0.0000,1.0
2022-08-05,302.48,305.32,300.31,301.32,291.12656873088326,2814275,0.0000,1.0
2022-08-08,300.65,306.12,296.53,302.5,292.266650209386,3219472,0.0000,1.0
2022-08-09,305.09,306.6973,301.3,303.02,292.7690589965228,2123056,0.0000,1.0
2022-08-10,304.5,307.13,302.59,304.61,294.305270480268,2351049,0.0000,1.0
2022-08-11,301.03,305.42,299.63,301.17,290.9816431192092,2198999,0.0000,1.0
2022-08-12,302.92,308.49,301.3,308.08,298.60473029326556,2305105,0.9800,1.0
2022-08-15,309.21,314.61,307.31,313.94,304.2845008707732,2795795,0.0000,1.0
2022-08-16,313.93,314.365,309.63,310.31,300.7661446939212,2247979,0.0000,1.0
2022-08-17,310.01,320.6,310.01,316.82,307.0759239532342,2747228,0.0000,1.0
2022-08-18,316.75,318.96,314.2,316.72,306.97899954064883,2261691,0.0000,1.0
2022-08-19,317.51,325.75,317.5,322.77,312.84292650206874,3393325,0.0000,1.0
2022-08-22,322.28,325.77,320.39,323.1,313.16277706360074,2488026,0.0000,1.0
2022-08-23,321.24,321.84,313.87,315.1,305.40882405676444,2962108,0.0000,1.0
2022-08-24,316.47,320.86,315.22,318.87,309.06287441123607,1826987,0.0000,1.0
2022-08-25,320.6,323.37,315.83,323.14,313.2015468286349,1977925,0.0000,1.0
2022-08-26,323.59,324.5899,315.265,315.56,305.85467635465756,1857980,0.0000,1.0
2022-08-29,313.34,314.87,309.6801,310.15,300.61106563378445,1682644,0.0000,1.0
2022-08-30,310.14,311.97,306.01,307.04,297.5967164023769,1980254,0.0000,1.0
2022-08-31,307.14,308.82,301.11,301.23,291.96540803116204,3183504,0.0000,1.0
2022-09-01,301.0,309.41,300.5,309.13,299.62243662541283,2939177,0.0000,1.0
2022-09-02,310.11,310.22,299.76,301.33,292.06233244374744,2525421,0.0000,1.0
2022-09-06,302.95,312.8331,302.23,306.82,297.3834826946889,2319861,0.0000,1.0
2022-09-07,308.77,312.4,304.88,311.6,302.0164696162736,2228255,0.0000,1.0
2022-09-08,311.95,315.73,307.59,315.5,305.79652170710625,2212547,0.0000,1.0
2022-09-09,316.45,320.17,315.22,317.7,307.92885878398624,2177390,0.0000,1.0
2022-09-12,318.89,320.45,314.88,315.22,305.525133351867,2077414,0.0000,1.0
2022-09-13,310.01,312.31,304.99,306.48,297.05393969189834,2272439,0.0000,1.0
2022-09-14,307.21,311.8129,305.9,309.61,300.08767380582304,2002888,0.0000,1.0
2022-09-15,309.71,312.28,305.75,309.47,299.95197962820345,2348077,0.0000,1.0
2022-09-16,307.97,311.96,306.7375,308.89,299.3898180352078,4380422,0.0000,1.0
2022-09-19,306.48,306.52,297.65,305.09,295.7066903569605,2515481,0.0000,1.0
2022-09-20,303.82,303.82,298.94,301.73,292.4500300940893,1816772,0.0000,1.0
2022-09-21,301.0,304.53,296.32,296.48,287.361498433353,2241157,0.0000,1.0
2022-09-22,300.8,312.61,299.96,310.87,301.30892140439977,5873995,0.0000,1.0
2022-09-23,311.87,315.18,305.12,311.46,301.8807754386539,4572588,0.0000,1.0
2022-09-26,308.8,311.73,304.88,307.5,298.04256870026995,3759990,0.0000,1.0
2022-09-27,309.15,313.95,308.32,311.1,301.5318475533463,3019604,0.0000,1.0
2022-09-28,333.53,341.7,328.1,334.38,324.0958508032399,9436333,0.0000,1.0
2022-09-29,333.97,334.68,327.27,330.01,319.86025397325557,3743066,0.0000,1.0
2022-09-30,327.15,329.5072,322.42,323.35,313.4050880950644,4474113,0.0000,1.0
2022-10-03,325.99,329.345,317.05,321.55,311.6604486685262,3340749,0.0000,1.0
2022-10-04,322.18,330.1,321.78,329.89,319.743944678153,2622532,0.0000,1.0
2022-10-05,328.3,333.85,327.52,331.78,321.5758160760181,2186065,0.0000,1.0
2022-10-06,327.94,339.26,326.87,332.95,322.7098317032679,4299153,0.0000,1.0
2022-10-07,332.97,333.07,324.9,326.66,316.6132861516429,2601643,0.0000,1.0
2022-10-10,326.23,327.0068,320.24,323.89,313.9284799230258,1956232,0.0000,1.0
2022-10-11,320.0,329.03,319.43,327.6,317.5243756299462,2599113,0.0000,1.0
2022-10-12,327.38,333.65,323.88,324.57,314.5875659286069,1764724,0.0000,1.0
2022-10-13,319.12,333.374,319.1001,332.1,321.8859741962916,2657403,0.0000,1.0
2022-10-14,331.56,335.2874,328.2269,331.39,321.19781086693484,2231710,0.0000,1.0
2022-10-17,332.79,337.58,331.75,332.76,322.52567531935557,2230039,0.0000,1.0
2022-10-18,334.14,335.33,330.37,335.03,324.7258594850453,2087263,0.0000,1.0
2022-10-19,335.25,335.63,325.97,329.29,319.16239820264036,2419015,0.0000,1.0
2022-10-20,331.15,331.435,325.9,329.07,318.9491644949523,1761387,0.0000,1.0
2022-10-21,329.07,342.43,326.77,340.77,330.28932076745036,3274712,0.0000,1.0
2022-10-24,344.22,351.77,344.22,347.9,337.2000313847932,3375901,0.0000,1.0
2022-10-25,346.52,352.3299,343.0501,351.31,340.5051538539572,2513137,0.0000,1.0
2022-10-26,352.5,361.48,350.44,357.86,346.85370287830443,2373741,0.0000,1.0
2022-10-27,358.99,361.1175,355.32,356.33,345.37075936574695,2347623,0.0000,1.0
2022-10-28,360.32,362.0,357.04,359.9,348.83096089504767,2942083,0.0000,1.0
2022-10-31,358.65,363.9199,350.46,362.09,350.9536055306691,4258199,0.0000,1.0
2022-11-01,345.83,358.99,340.75,352.58,341.73609389379243,7012953,0.0000,1.0
2022-11-02,354.16,363.1467,350.21,354.96,344.0428949133262,3775944,0.0000,1.0
2022-11-03,354.06,362.83,351.51,361.68,350.55621543906875,2602543,0.0000,1.0
2022-11-04,365.2,365.8754,353.335,357.41,346.4175430216699,3004733,0.0000,1.0
2022-11-07,358.0,367.0,357.5,365.07,353.8419530257156,2560290,0.0000,1.0
2022-11-08,365.15,368.75,361.9333,366.66,355.38305118582434,3278611,0.0000,1.0
2022-11-09,368.44,369.8,361.91,363.27,352.0973135991774,2323699,0.0000,1.0
2022-11-10,367.24,369.0,363.0001,368.72,357.37969408508474,2993994,0.0000,1.0
2022-11-11,366.16,367.83,344.52,352.3,341.46470553855323,6646279,0.0000,1.0
2022-11-14,359.07,360.8,340.12,356.06,346.0589226951038,4717434,0.9800,1.0
2022-11-15,356.94,356.99,346.355,349.95,340.12054147377285,4180693,0.0000,1.0
2022-11-16,350.0,356.88,349.96,352.93,343.0168386979244,3563981,0.0000,1.0
2022-11-17,352.91,362.3,352.71,360.77,350.6366273681755,2931146,0.0000,1.0
2022-11-18,362.55,364.67,359.35,361.67,351.51134800634213,2421110,0.0000,1.0
2022-11-21,360.39,363.76,355.37,361.17,351.02539209624956,1999399,0.0000,1.0
2022-11-22,362.0,362.8,357.3,360.88,350.7435376683959,2460356,0.0000,1.0
2022-11-23,361.34,362.47,358.63,361.72,351.5599435973514,1993218,0.0000,1.0
2022-11-25,362.9,365.83,361.55,365.25,354.99079232260476,1039094,0.0000,1.0
2022-11-28,363.45,369.51,361.0,365.77,355.49618646910096,2481988,0.0000,1.0
2022-11-29,364.62,366.11,360.64,363.95,353.7273069563641,2207038,0.0000,1.0
2022-11-30,365.07,372.35,361.8,371.08,360.6570382342838,5556445,0.0000,1.0
2022-12-01,374.79,375.185,368.49,370.33,359.928104369145,2516098,0.0000,1.0
2022-12-02,366.08,375.04,365.0,374.76,364.23367373256497,1925568,0.0000,1.0
2022-12-05,373.76,375.25,368.28,369.29,358.91731607615253,2296532,0.0000,1.0
2022-12-06,367.0,370.64,365.5193,368.54,358.18838221101373,1970992,0.0000,1.0
2022-12-07,369.32,375.235,368.76,371.97,361.52203975424857,1629084,0.0000,1.0
2022-12-08,373.26,373.26,366.5,371.79,361.34709562661527,2090943,0.0000,1.0
2022-12-09,373.0,374.0,360.81,360.99,350.85044796861627,2787175,0.0000,1.0
2022-12-12,362.93,367.8299,362.5,367.25,356.93461596297493,2639333,0.0000,1.0
2022-12-13,361.63,372.74,358.32,358.66,348.585893427585,5032632,0.0000,1.0
2022-12-14,359.01,369.425,357.055,363.5,353.2899466372808,5095457,0.0000,1.0
2022-12-15,360.66,363.965,356.69,360.01,349.89797438483487,3437854,0.0000,1.0
2022-12-16,357.93,360.48,355.17,359.87,349.76190673000895,6612417,0.0000,1.0
2022-12-19,357.81,359.7,354.6101,357.78,347.7306110258221,2658425,0.0000,1.0
2022-12-20,358.5,361.45,356.34,359.64,349.53836701136635,2276011,0.0000,1.0
2022-12-21,362.63,370.68,361.21,368.01,357.6732689463156,2211291,0.0000,1.0
2022-12-22,367.32,369.76,362.29,365.31,355.0491070318158,1958287,0.0000,1.0
2022-12-23,364.82,367.9,362.47,367.9,357.5663586460952,1030267,0.0000,1.0
2022-12-27,369.5,369.73,364.33,364.88,354.63118494913624,1372062,0.0000,1.0
2022-12-28,366.17,368.01,363.94,365.22,354.9616349679992,995966,0.0000,1.0
2022-12-29,368.1,370.95,366.46,367.02,356.71107624433233,1077852,0.0000,1.0
2022-12-30,367.49,367.95,362.11300000000006,365.84,355.5642202965139,1388100,0.0000,1.0
2023-01-03,366.26,369.0,361.46,364.99,354.7380952493566,2006686,0.0000,1.0
2023-01-04,364.64,367.115,360.34,363.1,352.9011819092068,1886196,0.0000,1.0
2023-01-05,360.95,361.49,352.96,358.92,348.8385905008331,2008524,0.0000,1.0
2023-01-06,360.0,366.7,357.5815,362.94,352.7456760179772,2131283,0.0000,1.0
2023-01-09,364.0,364.97,348.79,349.83,340.0039120553506,2980570,0.0000,1.0
2023-01-10,349.0,353.21,343.34,352.75,342.8418945702911,2465191,0.0000,1.0
2023-01-11,354.34,361.76,351.0,360.41,350.2867391129089,2602845,0.0000,1.0
2023-01-12,359.25,360.4962,353.08,359.12,349.03297286487015,2019744,0.0000,1.0
2023-01-13,359.57,363.31,358.64,361.62,351.4627524153329,1690881,0.0000,1.0
2023-01-17,361.62,362.0,356.55,357.74,347.6917345530147,2435381,0.0000,1.0
2023-01-18,356.32,359.0,351.58,352.01,342.12267982335413,2302261,0.0000,1.0
2023-01-19,352.37,355.8,350.42,351.08,341.218801830582,2658332,0.0000,1.0
2023-01-20,347.0,349.065,341.58,346.07,336.3495236114547,5391878,0.0000,1.0
2023-01-23,346.61,346.61,340.22,342.21,332.5979439855402,3403129,0.0000,1.0
2023-01-24,346.0,346.63,341.36,346.39,336.6605353939139,2242500,0.0000,1.0
2023-01-25,345.55,349.78,345.1,349.73,339.9067208733321,2503326,0.0000,1.0
2023-01-26,351.0,352.18,346.73,348.01,338.23503254261374,2576176,0.0000,1.0
2023-01-27,346.11,348.09,341.5255,342.1,332.4910336853199,2363613,0.0000,1.0
2023-01-30,344.33,347.8,339.46,340.5,330.9359747730237,2647724,0.0000,1.0
2023-01-31,340.68,344.4,339.38,344.15,334.48345291669926,2406652,0.0000,1.0
2023-02-01,342.79,345.94,337.52,342.57,332.94783224080686,2990949,0.0000,1.0
2023-02-02,334.0,335.3,317.0,330.7,321.4112389352098,13036614,0.0000,1.0
2023-02-03,332.95,342.329,329.37,339.08,329.55585998836085,5670711,0.0000,1.0
2023-02-06,341.98,343.42,334.62,337.66,328.17574520369806,3055672,0.0000,1.0
2023-02-07,336.05,340.96,332.69,339.68,330.13900708047197,2464138,0.0000,1.0
2023-02-08,338.56,342.87,337.82,340.73,331.1595144916663,2399385,0.0000,1.0
2023-02-09,340.89,347.35,340.5,341.79,332.1897410210625,3072770,0.0000,1.0
2023-02-10,343.27,348.43,342.73,345.12,335.42620738227885,1980013,0.0000,1.0
2023-02-13,346.47,350.81,346.0,350.4,340.5579017928561,2291589,0.0000,1.0
2023-02-14,350.54,353.815,347.28,347.56,338.89593258033966,2028850,1.1300,1.0
2023-02-15,345.85,346.8673,334.35,335.01,326.6587822929554,3603468,0.0000,1.0
2023-02-16,331.0,332.935,325.72,326.07,317.94164097269925,3654165,0.0000,1.0
2023-02-17,323.15,331.585,320.5,328.4,320.2135581176877,3695750,0.0000,1.0
2023-02-21,327.15,331.72,326.33,327.51,319.3457442726063,2515648,0.0000,1.0
2023-02-22,328.71,332.6,326.33,329.07,320.8668561808389,2380008,0.0000,1.0
2023-02-23,328.01,332.83,325.69,327.52,319.3554949899667,2229544,0.0000,1.0
2023-02-24,326.0,327.2255,320.09,321.64,313.622073182013,2594624,0.0000,1.0
2023-02-27,322.6,323.4,315.9,316.62,308.7272130670593,3043472,0.0000,1.0
2023-02-28,315.49,315.49,309.64,311.22,303.46182569240796,3966856,0.0000,1.0
2023-03-01,310.0,316.9055,309.2,314.17,306.3382873137453,3580764,0.0000,1.0
2023-03-02,311.79,316.3,310.53,315.05,307.1963504414662,2885235,0.0000,1.0
2023-03-03,316.37,320.16,315.2407,318.43,310.4920929093036,3002947,0.0000,1.0
2023-03-06,316.94,320.24,316.5,318.96,311.00888092940824,2673717,0.0000,1.0
2023-03-07,319.0,320.35,309.6,310.63,302.8865333681405,2620827,0.0000,1.0
2023-03-08,310.5,313.03,309.32,312.54,304.7489203839894,2313238,0.0000,1.0
2023-03-09,312.31,318.7699,312.31,316.85,308.95147956635003,3920329,0.0000,1.0
2023-03-10,318.85,326.53,314.34,315.02,307.1670982893848,4597335,0.0000,1.0
2023-03-13,317.24,331.8,317.24,324.49,316.40102762974567,5275659,0.0000,1.0
2023-03-14,324.05,327.28,321.44,327.07,318.91671270874576,4214331,0.0000,1.0
2023-03-15,326.0,331.36,324.5,329.47,321.2568848752575,4743547,0.0000,1.0
2023-03-16,327.64,331.6999,325.04,329.53,321.31538917942027,3498500,0.0000,1.0
2023-03-17,331.5,334.9457,328.1,329.18,320.974114071804,8679808,0.0000,1.0
2023-03-20,329.18,333.94,329.0125,333.6,325.28393114512977,3540866,0.0000,1.0
2023-03-21,334.39,334.44,328.0763,331.08,322.8267503702925,3240628,0.0000,1.0
2023-03-22,331.77,335.6,330.65,330.97,322.71949247932736,2472342,0.0000,1.0
2023-03-23,330.89,335.34,330.21,332.64,324.34786227852504,2703482,0.0000,1.0
2023-03-24,332.99,336.93,328.77,336.13,327.75086263732754,2792171,0.0000,1.0
2023-03-27,327.8,336.22,323.26,334.6,326.25900288117634,3102495,0.0000,1.0
2023-03-28,335.8,338.83,334.715,337.65,329.23297167611827,2433281,0.0000,1.0
2023-03-29,339.0,339.77,334.58,335.87,327.49734398595547,2743787,0.0000,1.0
2023-03-30,336.07,341.31,336.07,340.69,332.19718975369983,2146899,0.0000,1.0
2023-03-31,342.0,343.65,340.69,343.42,334.85913559310694,2933578,0.0000,1.0
2023-04-03,343.24,351.535,342.3,350.74,341.9966607009677,3039568,0.0000,1.0
2023-04-04,352.07,359.0,351.27,354.62,345.7799390368283,3585862,0.0000,1.0
2023-04-05,358.08,364.85,357.93,362.24,353.20998566550304,3442690,0.0000,1.0
2023-04-06,364.85,369.5,364.25,368.29,359.1091696685847,3531707,0.0000,1.0
2023-04-10,368.18,368.345,363.038,367.0,357.8513271290846,1868149,0.0000,1.0
2023-04-11,367.76,368.8,363.59,364.04,354.96511479038685,2026953,0.0000,1.0
2023-04-12,364.02,372.44,363.33,369.05,359.8502241879801,2672766,0.0000,1.0
2023-04-13,372.62,375.56,370.31,375.15,365.798161777864,2839943,0.0000,1.0
2023-04-14,374.24,376.31,372.51,374.73,365.38863164872447,2287924,0.0000,1.0
2023-04-17,375.0,375.895,371.16,372.35,363.0679609169337,2059058,0.0000,1.0
2023-04-18,373.0,374.26,369.66,369.91,360.6887858809801,1925398,0.0000,1.0
2023-04-19,370.55,371.28,367.35,370.47,361.23482605316616,2173205,0.0000,1.0
2023-04-20,371.39,376.06,369.755,374.81,365.46663738760816,2766506,0.0000,1.0
2023-04-21,378.01,386.27,378.0,385.24,375.6366355945737,3682470,0.0000,1.0
2023-04-24,385.24,387.05,381.625,383.35,373.7937500134458,2059833,0.0000,1.0
2023-04-25,385.05,390.48,384.0,384.84,375.2466069001551,2648590,0.0000,1.0
2023-04-26,381.12,381.5,370.68,376.27,366.89024212223615,3129790,0.0000,1.0
2023-04-27,391.26,398.53,380.77099999999996,390.35,380.6192521657716,4981319,0.0000,1.0
2023-04-28,398.0,404.3131,392.505,395.86,385.9918974313881,5350064,0.0000,1.0
2023-05-01,397.26,407.35,392.255,405.81,395.6938612050513,4091129,0.0000,1.0
2023-05-02,407.0,411.54,399.26,404.2,394.12399571001635,3884642,0.0000,1.0
2023-05-03,415.03,434.2,414.31,431.19,420.44118186591277,10129759,0.0000,1.0
2023-05-04,431.45,432.7,425.22,428.44,417.75973459178476,4070697,0.0000,1.0
2023-05-05,428.1,431.27,424.56,427.81,417.14543939807544,2753370,0.0000,1.0
2023-05-08,426.2,435.0,423.0,432.72,421.933041622064,2478575,0.0000,1.0
2023-05-09,431.77,435.6,428.045,428.38,417.70123028762197,2601781,0.0000,1.0
2023-05-10,426.06,438.39,426.06,435.92,425.053271177413,2766347,0.0000,1.0
2023-05-11,436.7,436.85,431.1155,435.55,424.6924946350758,2595934,0.0000,1.0
2023-05-12,440.16,445.54,434.42,434.43,424.7022453524363,3939247,1.1300,1.0
2023-05-15,435.37,436.0,430.67,434.51,424.78045399278847,2234778,0.0000,1.0
2023-05-16,434.2,438.475,430.66,436.65,426.8725351222091,2129191,0.0000,1.0
2023-05-17,438.8,438.95,432.73,437.47,427.6741736858189,2274225,0.0000,1.0
2023-05-18,436.505,439.52,433.5948,437.89,428.0847690476678,2268104,0.0000,1.0
2023-05-19,439.0,447.51,439.0,442.38,432.47422898743355,3442937,0.0000,1.0
2023-05-22,444.31,454.95,432.39,433.99,424.2720978304993,4398012,0.0000,1.0
2023-05-23,432.92,435.89,421.51,423.21,413.73348354304386,4492062,0.0000,1.0
2023-05-24,424.0,428.9574,420.26,425.77,416.23616003431346,3133017,0.0000,1.0
2023-05-25,426.38,428.2,419.8,427.31,417.7416763610928,2882190,0.0000,1.0
2023-05-26,424.9,431.67,423.67,425.79,416.25571219440155,2338607,0.0000,1.0
2023-05-30,423.79,428.73,422.0601,427.24,417.6732438007847,2595731,0.0000,1.0
2023-05-31,427.0,430.56,424.01,429.46,419.84353357055744,3612175,0.0000,1.0
2023-06-01,430.27,436.79,428.13,436.49,426.7161178415048,2914606,0.0000,1.0
2023-06-02,439.96,444.7,436.7849,442.33,432.4253485872134,2499045,0.0000,1.0
2023-06-05,443.0,447.8,441.71,444.26,434.3121320357096,2113753,0.0000,1.0
2023-06-06,447.83,448.87,440.02,443.07,433.14877851047106,1495431,0.0000,1.0
2023-06-07,440.2,446.69,435.68,436.37,426.5988048809765,2458343,0.0000,1.0
2023-06-08,435.88,447.47,432.34,445.66,435.68078324187275,2040858,0.0000,1.0
2023-06-09,449.3,449.3,442.6,446.04,436.05227428354556,2082341,0.0000,1.0
2023-06-12,446.15,446.99,438.68,445.31,435.33862044033197,2566696,0.0000,1.0
2023-06-13,443.67,447.4006,442.25,445.72,435.73943972213686,1766345,0.0000,1.0
2023-06-14,444.29,448.78,443.54,447.72,437.6946557309412,2163490,0.0000,1.0
2023-06-15,448.0,456.575,447.69,453.93,443.7656014382787,2287108,0.0000,1.0
2023-06-16,455.8,456.98,447.5,447.71,437.68487965089713,4295714,0.0000,1.0
2023-06-20,445.86,454.88,445.11,451.95,441.82993758956235,2507676,0.0000,1.0
2023-06-21,454.5,455.34,450.2122,453.0,442.85642599418463,2347588,0.0000,1.0
2023-06-22,455.0,462.26,453.82,457.68,447.43163145478684,2913524,0.0000,1.0
2023-06-23,457.0,460.01,452.32,458.84,448.5656567398933,4832135,0.0000,1.0
2023-06-26,465.26,465.26,448.92,452.76,442.6218000731281,3214677,0.0000,1.0
2023-06-27,462.5,467.98,451.7,464.5,454.09891804480964,4138716,0.0000,1.0
2023-06-28,468.51,468.53,457.32,458.7,448.42879161927704,2854710,0.0000,1.0
2023-06-29,459.06,465.83,457.5062,464.49,454.08914196476564,2112385,0.0000,1.0
2023-06-30,464.65,469.87,464.0,468.98,458.4786019045314,3173216,0.0000,1.0
2023-07-03,466.26,466.26,457.37,461.42,451.08788539125095,2113173,0.0000,1.0
2023-07-05,462.1,467.2525,460.0,465.7,455.27204765009225,2130392,0.0000,1.0
2023-07-06,463.12,467.6,461.62,463.21,452.8378037191308,2193610,0.0000,1.0
2023-07-07,462.33,463.61,451.24,452.08,441.95702663013464,2914742,0.0000,1.0
2023-07-10,452.96,454.67,449.71,453.16,443.012843274889,2011375,0.0000,1.0
2023-07-11,450.0,450.56,437.61,439.39,429.55118105427107,3573117,0.0000,1.0
2023-07-12,438.47,444.3,435.01,440.6,430.7340867395977,3107830,0.0000,1.0
2023-07-13,440.23,442.24,434.34,434.7,424.9661995136249,2865139,0.0000,1.0
2023-07-14,441.1,450.45,440.87,449.46,439.3956936586009,2955014,0.0000,1.0
2023-07-17,449.45,450.62,443.26,447.14,437.1276430883879,2349068,0.0000,1.0
2023-07-18,446.95,453.3224,445.04,451.2,441.0967315862607,2237938,0.0000,1.0
2023-07-19,451.4,455.0,448.56,453.56,443.40388647664986,2212841,0.0000,1.0
2023-07-20,455.15,465.22,455.0,463.82,453.4341446018162,2624224,0.0000,1.0
2023-07-21,465.41,467.04,461.97,462.04,451.6940023539803,2226909,0.0000,1.0
2023-07-24,462.0,465.64,457.67,459.32,449.0349085820064,2190663,0.0000,1.0
2023-07-25,457.76,460.92,456.6,457.54,447.29476633417056,1737804,0.0000,1.0
2023-07-26,455.0,455.0,446.56,453.59,443.4332147167819,1959809,0.0000,1.0
2023-07-27,453.32,458.68,452.2529,454.99,444.801865922945,1883510,0.0000,1.0
2023-07-28,455.13,459.57,451.7801,458.48,448.2137178583086,1438327,0.0000,1.0
2023-07-31,459.02,459.02,450.8,454.55,444.371718401008,2110442,0.0000,1.0
2023-08-01,455.35,457.37,451.4501,453.09,442.94441071458084,1739519,0.0000,1.0
2023-08-02,455.23,461.64,451.32,454.48,444.3032858406999,2367147,0.0000,1.0
2023-08-03,450.775,454.095,448.26,449.16,439.1024112572803,2414179,0.0000,1.0
2023-08-04,449.24,452.47,446.89,449.49,439.425021898733,1870352,0.0000,1.0
2023-08-07,453.25,455.0,450.58,454.08,443.912242638939,2446374,0.0000,1.0
2023-08-08,506.0,538.0,502.71,521.6,509.9203350961738,15094503,0.0000,1.0
2023-08-09,520.37,532.53,516.89,526.23,514.4466601565558,5376561,0.0000,1.0
2023-08-10,523.47,528.74,519.99,521.34,509.6661570150292,4108545,0.0000,1.0
2023-08-11,523.72,531.81,520.0,528.28,516.4507565655803,2524300,0.0000,1.0
2023-08-14,531.28,542.3,529.25,538.0,527.0578034133438,3981105,1.1300,1.0
2023-08-15,537.73,547.29,533.78,546.62,535.502484204093,2826844,0.0000,1.0
2023-08-16,547.4,552.87,542.5012,546.24,535.1302128931319,2597094,0.0000,1.0
2023-08-17,543.21,548.805,537.39,537.66,526.7247185561681,2549857,0.0000,1.0
2023-08-18,535.03,547.77,533.9001,546.43,535.3163485486124,2958610,0.0000,1.0
2023-08-21,546.99,553.5,545.75,550.05,538.8627226161891,2305424,0.0000,1.0
2023-08-22,549.53,556.095,547.28,553.66,542.3993000703196,1937059,0.0000,1.0
2023-08-23,556.72,557.4,548.21,553.36,542.1054016669293,2121301,0.0000,1.0
2023-08-24,552.7,556.98,547.3,548.0,536.8544168596885,1776666,0.0000,1.0
2023-08-25,549.63,556.095,547.08,553.65,542.3895034568732,1847649,0.0000,1.0
2023-08-28,550.13,556.23,550.12,553.92,542.6540120199245,1373698,0.0000,1.0
2023-08-29,553.45,556.345,549.86,553.9,542.6344187930318,1701224,0.0000,1.0
2023-08-30,555.01,557.75,547.04,547.99,536.8446202462421,2191120,0.0000,1.0
2023-08-31,547.02,557.41,543.0,554.2,542.9283171964222,3043443,0.0000,1.0
2023-09-01,556.32,559.205,553.51,557.11,545.7791317093086,2030842,0.0000,1.0
2023-09-05,559.23,561.93,556.71,558.19,546.8371659615137,2257195,0.0000,1.0
2023-09-06,561.02,561.59,552.7,559.95,548.5613699280705,2424252,0.0000,1.0
2023-09-07,564.19,576.31,562.6207,573.23,561.5712725848161,3707122,0.0000,1.0
2023-09-08,572.33,587.55,571.22,586.46,574.5321921743301,4311028,0.0000,1.0
2023-09-11,587.15,598.16,584.48,595.56,583.4471104105038,3876545,0.0000,1.0
2023-09-12,590.97,601.13,587.85,599.3,587.1110438394367,3212110,0.0000,1.0
2023-09-13,594.66,600.75,591.7,598.88,586.6995860746903,3126627,0.0000,1.0
2023-09-14,599.24,601.84,590.01,591.61,579.5774480991977,3244807,0.0000,1.0
2023-09-15,592.0,594.06,575.06,575.66,563.9518496522778,5941215,0.0000,1.0
2023-09-18,578.0,578.0,564.41,571.28,559.6609329627789,2723628,0.0000,1.0
2023-09-19,571.62,578.41,570.63,574.96,563.2660867110338,2186004,0.0000,1.0
2023-09-20,573.42,575.25,569.19,569.64,558.0542883575783,1870727,0.0000,1.0
2023-09-21,567.19,568.0,542.5,550.13,538.9410955237599,4051388,0.0000,1.0
2023-09-22,548.81,555.49,547.6273,550.54,539.3427566750601,2354187,0.0000,1.0
2023-09-25,550.1,552.6619999999999,545.7501,552.29,541.0571640281703,1686515,0.0000,1.0
2023-09-26,550.7,554.13,548.0,550.01,538.8235361624038,1864471,0.0000,1.0
2023-09-27,549.89,551.69,543.665,549.76,538.5786208262451,2004174,0.0000,1.0
2023-09-28,551.32,551.68,541.395,544.45,533.3766190862361,2178763,0.0000,1.0
2023-09-29,545.49,546.085,532.2,537.13,526.2054980435119,2967708,0.0000,1.0
2023-10-02,536.01,540.64,526.81,538.29,527.3419052032878,2810131,0.0000,1.0
2023-10-03,536.0,537.34,516.57,525.19,514.5083415885763,3266118,0.0000,1.0
2023-10-04,525.56,536.175,523.6301,531.46,520.6508182194344,2220627,0.0000,1.0
2023-10-05,533.54,542.5,531.61,541.48,530.4670248926718,2950691,0.0000,1.0
2023-10-06,544.0,566.3592,542.71,565.22,553.724185214294,4745172,0.0000,1.0
2023-10-09,564.02,579.79,563.58,571.76,560.1311704082035,4208115,0.0000,1.0
2023-10-10,570.0,585.95,569.73,579.31,567.5276135601937,3526745,0.0000,1.0
2023-10-11,596.2,608.79,585.01,605.28,592.9694186803508,5850640,0.0000,1.0
2023-10-12,605.46,613.0,602.2,610.5,598.0832508993427,4063499,0.0000,1.0
2023-10-13,617.89,629.97,602.56,609.2,596.809691151318,3972073,0.0000,1.0
2023-10-16,610.99,621.9823,608.43,616.64,604.0983715553983,2941520,0.0000,1.0
2023-10-17,619.0,620.4,602.53,608.31,595.9377925545932,2911669,0.0000,1.0
2023-10-18,607.24,615.875,603.2401,607.24,594.8895549158344,2049105,0.0000,1.0
2023-10-19,605.0,605.0,578.34,590.8,578.7839224100437,3493655,0.0000,1.0
2023-10-20,590.0,596.92,580.88,584.64,572.7492085270954,3666851,0.0000,1.0
2023-10-23,586.06,588.34,576.14,576.65,564.921714383466,2781927,0.0000,1.0
2023-10-24,580.0,594.523,579.105,592.43,580.3807704017979,2632972,0.0000,1.0
2023-10-25,596.94,599.7,585.87,586.46,574.5321921743301,2283296,0.0000,1.0
2023-10-26,580.0,581.0,566.16,568.1,556.5456098868414,2846495,0.0000,1.0
2023-10-27,563.01,570.81,556.6401,560.23,548.835675104568,2717360,0.0000,1.0
2023-10-30,571.21,573.2099,562.55,565.71,554.204219273165,2290889,0.0000,1.0
2023-10-31,568.97,569.61,547.61,553.93,542.6638086333709,3661447,0.0000,1.0
2023-11-01,555.0,558.43,551.26,554.46,543.1830291460273,2935938,0.0000,1.0
2023-11-02,578.33,597.4399,571.99,580.29,568.4876816779355,5181296,0.0000,1.0
2023-11-03,578.43,582.995,567.18,567.81,556.2615080968973,3056541,0.0000,1.0
2023-11-06,571.1,597.7096,571.01,595.19,583.0846357129891,3978451,0.0000,1.0
2023-11-07,597.0,601.94,590.125,599.93,587.7282304865564,3168249,0.0000,1.0
2023-11-08,607.66,625.87,592.18,619.13,606.5377283035382,7776448,0.0000,1.0
2023-11-09,614.76,615.65,583.43,591.32,579.2933463092537,6279799,0.0000,1.0
2023-11-10,595.0,598.86,586.0,597.71,585.553382301468,3650068,0.0000,1.0
2023-11-13,594.35,618.75,578.15,612.71,600.248302470985,5744828,0.0000,1.0
2023-11-14,608.22,616.04,602.67,610.82,599.5037598490628,3827645,1.1300,1.0
2023-11-15,610.88,612.91,584.4165,588.54,577.6365260167764,4287011,0.0000,1.0
2023-11-16,591.5,595.0899,581.7501,588.75,577.8426354918563,3030535,0.0000,1.0
2023-11-17,592.45,596.1785,587.21,591.71,580.7477976167921,2628620,0.0000,1.0
2023-11-20,591.44,604.86,590.69,597.6,586.5286776559378,2831258,0.0000,1.0
2023-11-21,598.44,601.56,591.77,592.6,581.6213092016545,1851562,0.0000,1.0
2023-11-22,595.4,599.18,586.75,595.09,584.0651786918876,2052682,0.0000,1.0
2023-11-24,598.36,603.5,596.9813,601.1,589.9638355739361,1341674,0.0000,1.0
2023-11-27,601.17,603.69,591.14,591.53,580.5711323524379,2630713,0.0000,1.0
2023-11-28,592.0,595.38,589.36,591.6,580.6398355107979,1793933,0.0000,1.0
2023-11-29,592.2,594.5399,584.4401,591.86,580.8950186704205,1908649,0.0000,1.0
2023-11-30,591.46,596.23,586.21,591.04,580.090210243918,5658350,0.0000,1.0
2023-12-01,591.7,601.97,583.0,584.04,573.2198944079215,3638565,0.0000,1.0
2023-12-04,582.13,587.09,574.33,585.68,574.8295112609263,2577122,0.0000,1.0
2023-12-05,583.28,591.8,579.373,588.15,577.2537512773423,2157343,0.0000,1.0
2023-12-06,590.74,593.9,584.4,589.25,578.3333723372847,2075731,0.0000,1.0
2023-12-07,588.28,588.8699,577.61,588.27,577.3715281202451,2095042,0.0000,1.0
2023-12-08,589.0,598.3,584.77,598.05,586.9703408168232,2446790,0.0000,1.0
2023-12-11,598.66,601.19,567.41,584.04,573.2198944079215,5614106,0.0000,1.0
2023-12-12,582.0,585.85,578.1663,584.76,573.9265554653383,2846097,0.0000,1.0
2023-12-13,583.26,598.6699,582.31,597.5,586.4305302868521,3112544,0.0000,1.0
2023-12-14,594.5,594.5,568.69,573.67,563.042012233738,5275911,0.0000,1.0
2023-12-15,572.1,573.71,561.65,572.04,561.4422101176416,5317020,0.0000,1.0
2023-12-18,576.47,583.05,575.7,579.76,569.019187011055,3033944,0.0000,1.0
2023-12-19,580.25,585.11,577.25,579.81,569.0682606955978,2191186,0.0000,1.0
2023-12-20,576.48,579.86,570.03,570.21,559.646113263374,2647100,0.0000,1.0
2023-12-21,571.41,574.9999,567.02,572.0,561.4029511700073,1786473,0.0000,1.0
2023-12-22,573.02,575.9,567.42,570.39,559.8227785277281,2226069,0.0000,1.0
2023-12-26,569.5,572.7722,567.64,570.67,560.097591161168,1678898,0.0000,1.0
2023-12-27,570.5,583.68,570.5,581.51,570.7367659700542,2157140,0.0000,1.0
2023-12-28,581.98,586.69,580.0,580.85,570.0889933340887,1973512,0.0000,1.0
2023-12-29,582.85,586.1704,579.47,582.92,572.120643874162,2000055,0.0000,1.0
2024-01-02,580.41,592.72,579.05,592.2,581.2287197253119,3226661,0.0000,1.0
2024-01-03,600.0,619.84,598.8,617.7,606.2562988421566,5130330,0.0000,1.0
2024-01-04,625.26,636.41,613.27,614.5,603.1155830314152,6272532,0.0000,1.0
2024-01-05,614.0,619.94,610.19,618.55,607.0905514793847,2216795,0.0000,1.0
2024-01-08,622.43,626.0599,609.59,626.03,614.4319746869925,2453931,0.0000,1.0
2024-01-09,630.105,634.425,623.72,625.48,613.8921641570214,2918891,0.0000,1.0
2024-01-10,628.49,637.0541,625.76,630.19,618.5149052409562,2679074,0.0000,1.0
2024-01-11,634.39,639.76,628.14,635.72,623.9424547513935,2690341,0.0000,1.0
2024-01-12,638.2,644.0,633.0101,642.92,631.0090653255613,2067773,0.0000,1.0
2024-01-16,643.91,647.73,633.67,634.57,622.8137600069084,2413610,0.0000,1.0
2024-01-17,639.45,640.52,625.19,628.91,617.2586189166597,2124096,0.0000,1.0
2024-01-18,621.28,623.8799,612.7,623.35,611.8016251954966,3384999,0.0000,1.0
2024-01-19,622.39,629.59,620.0,628.58,616.934732598677,3125030,0.0000,1.0
2024-01-22,630.0,632.64,625.0,630.88,619.1921220876472,2030201,0.0000,1.0
2024-01-23,627.69,630.0,614.82,629.68,618.0143536586193,2524983,0.0000,1.0
2024-01-24,633.52,643.165,632.0,633.7,621.9598778958631,2233271,0.0000,1.0
2024-01-25,627.37,632.613,624.68,627.62,615.9925178554546,2407930,0.0000,1.0
2024-01-26,637.35,639.6,630.5,639.25,627.4070568801175,2410349,0.0000,1.0
2024-01-29,641.5,645.65,639.77,645.0,633.0505306025433,2718484,0.0000,1.0
2024-01-30,645.7,646.8,641.0,644.98,633.0309011287261,2006101,0.0000,1.0
2024-01-31,650.38,663.5499,637.0,645.61,633.6492295539658,4719039,0.0000,1.0
2024-02-01,647.33,660.52,643.17,660.43,648.1946696524614,2494287,0.0000,1.0
2024-02-02,662.38,672.615,659.735,667.65,655.2809097004465,3019223,0.0000,1.0
2024-02-05,691.02,711.8763,682.53,706.2,693.1167204829707,7602392,0.0000,1.0
2024-02-06,742.0,742.0,691.1,705.03,691.9683962646683,8199902,0.0000,1.0
2024-02-07,710.38,740.9899,707.02,725.38,711.9413858736012,5797966,0.0000,1.0
2024-02-08,728.32,741.0,725.75,735.68,722.0505648894248,4636885,0.0000,1.0
2024-02-09,735.5,745.7,733.61,740.16,726.4475670244626,2833894,0.0000,1.0
2024-02-12,740.8,740.8,726.45,737.26,723.6012933209784,2932304,0.0000,1.0
2024-02-13,730.18,742.98,730.18,742.97,729.2055080957699,2860265,0.0000,1.0
2024-02-14,745.82,764.05,745.0,757.31,744.5557566207679,3394326,1.3000,1.0
2024-02-15,755.8,762.99,750.01,757.78,745.0178411114147,2507030,0.0000,1.0
2024-02-16,771.03,794.47,763.5,782.06,768.8889292665324,5009368,0.0000,1.0
2024-02-20,790.0,793.38,753.2001,755.66,742.9335451110502,4701094,0.0000,1.0
2024-02-21,738.08,749.5,733.24,745.91,733.347749826355,3548650,0.0000,1.0
2024-02-22,763.58,775.12,756.27,769.64,756.678100811567,3167403,0.0000,1.0
2024-02-23,774.0,777.6499,762.26,769.54,756.5797849624931,2394805,0.0000,1.0
2024-02-26,771.3,780.22,769.12,771.92,758.9197021704495,2243779,0.0000,1.0
2024-02-27,754.9,772.95,745.44,765.0,752.1162454145428,2716745,0.0000,1.0
2024-02-28,762.25,763.0,751.66,757.64,744.8801989227113,2716307,0.0000,1.0
2024-02-29,753.08,756.46,744.025,753.68,740.986891299389,3905355,0.0000,1.0
2024-03-01,769.02,784.08,764.13,782.12,768.9479187759767,4247527,0.0000,1.0
2024-03-04,796.44,800.78,786.1623,792.28,778.9368090418744,3855649,0.0000,1.0
2024-03-05,785.31,788.53,769.275,777.59,764.4942108129338,3168689,0.0000,1.0
2024-03-06,784.29,787.85,774.0,779.77,766.6374963227425,2518587,0.0000,1.0
2024-03-07,771.835,792.99,761.12,780.16,767.0209281341303,3977376,0.0000,1.0
2024-03-08,780.0,780.0,755.0,762.14,749.3044121310322,4054925,0.0000,1.0
2024-03-11,752.21,756.8,727.62,734.37,722.002100843239,3961482,0.0000,1.0
2024-03-12,740.96,755.97,738.01,754.95,742.2355025826263,2672115,0.0000,1.0
2024-03-13,757.0,760.77,745.71,757.84,745.076830620859,2352160,0.0000,1.0
2024-03-14,764.95,768.0,749.4,760.73,747.9181586590917,2642286,0.0000,1.0
2024-03-15,755.38,760.89,747.7065,754.17,741.4686389598506,3730053,0.0000,1.0
2024-03-18,762.28,769.68,758.25,762.66,749.8156545462159,2521351,0.0000,1.0
2024-03-19,758.44,773.85,755.0,772.78,759.7652184724841,2557079,0.0000,1.0
2024-03-20,770.11,773.16,756.64,772.86,759.8438711517432,2038008,0.0000,1.0
2024-03-21,774.0,780.5399,758.88,770.26,757.2876590758245,3013157,0.0000,1.0
2024-03-22,770.0,777.0,767.28,770.61,757.6317645475827,1981019,0.0000,1.0
2024-03-25,771.1,778.49,768.15,773.14,760.1191555291498,1806584,0.0000,1.0
2024-03-26,774.2,778.3299,769.0,774.9,761.8495144728486,2099042,0.0000,1.0
2024-03-27,778.71,785.2599,767.38,778.18,765.0742743224691,2297713,0.0000,1.0
2024-03-28,780.32,793.67,776.44,777.96,764.8579794545069,3209424,0.0000,1.0
2024-04-01,776.0,777.5,753.82,760.55,747.7411901307588,2858640,0.0000,1.0
2024-04-02,755.07,765.07,753.5,763.96,751.0937605841754,2552667,0.0000,1.0
2024-04-03,765.69,787.2475,765.41,775.99,762.921157227753,2892642,0.0000,1.0
2024-04-04,781.54,787.8969,767.82,768.08,755.1443735660158,2332818,0.0000,1.0
2024-04-05,765.47,786.705,763.09,784.21,771.0027200216191,2102692,0.0000,1.0
2024-04-08,785.02,785.195,773.35,777.29,764.1992632657124,1652134,0.0000,1.0
2024-04-09,777.64,777.82,750.65,757.24,744.4869355264162,2447611,0.0000,1.0
2024-04-10,751.28,765.26,746.83,761.98,749.1471067725141,1700296,0.0000,1.0
2024-04-11,759.78,763.33,750.67,759.59,746.7973579796504,1594834,0.0000,1.0
2024-04-12,759.57,763.5,749.785,751.64,738.9812479782836,2495037,0.0000,1.0
2024-04-15,760.07,768.0,749.52,750.77,738.1259000913416,2358569,0.0000,1.0
2024-04-16,751.68,753.14,743.0,746.74,734.1637713736676,2569799,0.0000,1.0
2024-04-17,759.2,771.83,744.8776,750.77,738.1259000913416,3069367,0.0000,1.0
2024-04-18,749.42,752.1988,743.77,745.95,733.3870761659846,1717347,0.0000,1.0
2024-04-19,749.16,750.01,722.07,726.31,714.0778434078909,3505526,0.0000,1.0
2024-04-22,729.74,737.88,725.42,731.33,719.0132990313956,2354096,0.0000,1.0
2024-04-23,741.2,746.16,731.44,745.69,733.1314549583927,2042029,0.0000,1.0
2024-04-24,752.64,752.64,728.785,732.2,719.8686469183376,2133427,0.0000,1.0
2024-04-25,725.0,727.9915,718.3,724.87,712.6620951812283,2608752,0.0000,1.0
2024-04-26,723.48,737.45,721.0,733.51,721.1565845412043,2009249,0.0000,1.0
2024-04-29,735.75,740.58,729.61,737.2,724.7844393720275,2732584,0.0000,1.0
2024-04-30,775.0,795.4975,767.66,781.1,767.945097115424,7437105,0.0000,1.0
2024-05-01,774.755,782.605,768.25,776.75,763.6683576807138,2804838,0.0000,1.0
2024-05-02,777.34,777.34,754.29,755.91,743.1793347337347,3205628,0.0000,1.0
2024-05-03,743.0,745.0,730.34,734.97,722.5919959376818,4595138,0.0000,1.0
2024-05-06,738.04,766.99,736.0,766.68,753.7679516789825,3398280,0.0000,1.0
2024-05-07,768.9,779.09,762.11,777.77,764.6711793412666,2879447,0.0000,1.0
2024-05-08,779.1,781.3499,772.2,775.0,761.9478303219224,2089934,0.0000,1.0
2024-05-09,777.0,784.0,769.2,771.55,758.5559335288764,2522085,0.0000,1.0
2024-05-10,774.02,777.42,760.0,760.0,747.200452960853,2082289,0.0000,1.0
2024-05-13,763.5,763.55,750.53,757.7,744.9391884321557,1848926,0.0000,1.0
2024-05-14,751.52,764.5,751.52,763.98,751.1134237539901,1956229,0.0000,1.0
2024-05-15,764.15,787.66,763.1,787.02,775.0435014185522,3038253,1.3000,1.0
2024-05-16,784.71,786.48,770.14,771.12,759.3854601075881,2299653,0.0000,1.0
2024-05-17,772.89,774.87,767.1,770.0,758.2825037385139,1670317,0.0000,1.0
2024-05-20,766.9,784.325,766.12,783.18,771.2619367245835,2188818,0.0000,1.0
2024-05-21,792.46,816.61,791.39,803.17,790.9477383476132,4334499,0.0000,1.0
2024-05-22,801.0,804.88,795.25,802.91,790.6916949047924,1767519,0.0000,1.0
2024-05-23,810.0,820.605,802.155,808.45,796.1473898018203,3025781,0.0000,1.0
2024-05-24,808.0,810.12,804.15,807.43,795.1429116799846,1778120,0.0000,1.0
2024-05-28,809.0,809.0,788.25,807.86,795.5663681431115,2483454,0.0000,1.0
2024-05-29,803.0,815.61,802.09,811.53,799.1805198167742,2380041,0.0000,1.0
2024-05-30,812.79,819.99,806.11,815.06,802.6568019443027,1986290,0.0000,1.0
2024-05-31,818.8,826.21,811.1,820.34,807.8564533985098,4472119,0.0000,1.0
2024-06-03,823.83,838.28,818.5,831.26,818.6102779969832,2537239,0.0000,1.0
2024-06-04,834.0,835.47,825.31,832.59,819.9200386852589,1748288,0.0000,1.0
2024-06-05,830.49,838.45,817.62,831.76,819.102669233177,2169003,0.0000,1.0
2024-06-06,834.88,846.9742,831.88,837.29,824.5485163054808,2108975,0.0000,1.0
2024-06-07,837.76,856.81,837.01,849.99,837.0552537048044,2468834,0.0000,1.0
2024-06-10,853.98,871.63,849.39,865.0,851.8368386153435,3444498,0.0000,1.0
2024-06-11,882.14,882.14,852.23,865.82,852.6443602427015,4109073,0.0000,1.0
2024-06-12,872.0,872.0,853.85,867.3,854.1018383018351,2594601,0.0000,1.0
2024-06-13,869.025,885.06,861.5,883.33,869.8879013342097,2243419,0.0000,1.0
2024-06-14,882.33,884.61,876.0,878.45,865.0821628689579,2023264,0.0000,1.0
2024-06-17,878.0,892.2,876.86,885.01,871.542335887821,2532240,0.0000,1.0
2024-06-18,887.0,894.87,884.0,891.46,877.8941828347216,2437038,0.0000,1.0
2024-06-20,893.0,905.45,870.13,885.99,872.5074227107609,3359987,0.0000,1.0
2024-06-21,885.66,891.97,879.8,883.88,870.4295316940229,3448680,0.0000,1.0
2024-06-24,889.975,903.5786,882.94,890.11,876.5647264969982,2878199,0.0000,1.0
2024-06-25,891.77,909.42,891.5,904.61,890.8440723466196,2839806,0.0000,1.0
2024-06-26,904.0,906.345,897.84,901.26,887.5450510641208,2232075,0.0000,1.0
2024-06-27,903.53,909.57,899.72,909.04,895.2066586992969,1948132,0.0000,1.0
2024-06-28,911.31,915.54,905.38,905.38,891.602354850358,3375426,0.0000,1.0
2024-07-01,911.77,916.83,904.31,914.37,900.4555492771233,2546119,0.0000,1.0
2024-07-02,902.71,912.0,878.5,906.71,892.9121155386337,4584602,0.0000,1.0
2024-07-03,911.0,918.5,884.0,898.1,884.4331384513757,3078367,0.0000,1.0
2024-07-05,898.425,916.4595,896.9,914.57,900.6525057716009,2880863,0.0000,1.0
2024-07-08,917.89,928.605,912.0,918.0,904.0303096518905,2364556,0.0000,1.0
2024-07-09,929.05,935.0,920.775,932.5,918.3096555015119,2419859,0.0000,1.0
2024-07-10,936.57,945.69,933.0,939.78,925.4788719004943,2683255,0.0000,1.0
2024-07-11,934.09,942.88,918.62,934.14,919.9246987562277,2858281,0.0000,1.0
2024-07-12,937.0,950.79,936.03,948.4,933.967696812476,2315131,0.0000,1.0
2024-07-15,956.2,966.1,948.09,950.46,935.9963487055948,2358671,0.0000,1.0
2024-07-16,955.75,956.39,938.38,941.6,927.2711760002398,2111799,0.0000,1.0
2024-07-17,910.01,925.0,902.64,905.59,891.8091591695595,4200582,0.0000,1.0
2024-07-18,907.03,909.87,836.66,848.9,835.9818408099019,7649625,0.0000,1.0
2024-07-19,867.66,880.21,853.0,857.47,844.4214265982642,3782167,0.0000,1.0
2024-07-22,864.8,874.42,856.82,865.97,852.7920776135596,2904548,0.0000,1.0
2024-07-23,870.0,887.72,864.08,878.29,864.9245976733757,2087749,0.0000,1.0
2024-07-24,872.5,878.34,854.27,859.88,846.7947523567186,2726144,0.0000,1.0
2024-07-25,847.0,851.62,806.38,821.19,808.6935185000393,5467973,0.0000,1.0
2024-07-26,811.87,822.01,801.3,804.62,792.3756729325754,4173942,0.0000,1.0
2024-07-29,814.01,824.77,804.0,807.79,795.4974333700443,2473684,0.0000,1.0
2024-07-30,815.18,821.9,775.81,790.21,778.1849575054689,3848581,0.0000,1.0
2024-07-31,800.17,811.14,792.0901,804.27,792.0309990672397,2961662,0.0000,1.0
2024-08-01,833.62,840.89,820.18,832.44,819.7723213144006,4060732,0.0000,1.0
2024-08-02,816.67,820.19,787.02,804.46,792.2181077369934,3515933,0.0000,1.0
2024-08-05,758.0,792.9399,747.55,775.26,763.4624595432731,4661810,0.0000,1.0
2024-08-06,789.14,806.2735,785.0,793.18,781.1097614484603,3437567,0.0000,1.0
2024-08-07,778.3,786.58,763.0201,772.14,760.3899382294235,4407687,0.0000,1.0
2024-08-08,875.0,877.78,825.24,845.31,832.4464717340301,9434851,0.0000,1.0
2024-08-09,860.0,908.49,860.0,891.68,878.1108349786467,6587628,0.0000,1.0
2024-08-12,904.21,904.72,883.0,884.38,870.9219229302167,4206064,0.0000,1.0
2024-08-13,894.08,914.6943,890.33,908.05,894.2317240516331,3506767,0.0000,1.0
2024-08-14,910.0,934.38,903.79,931.68,917.502133874154,3562910,0.0000,1.0
2024-08-15,936.0,937.955,920.0,931.58,918.6838728410191,3079984,1.3000,1.0
2024-08-16,928.39,936.2969,919.39,922.12,909.3548303142625,2364894,0.0000,1.0
2024-08-19,922.12,926.0,916.5001,921.81,909.0491217325188,2374554,0.0000,1.0
2024-08-20,932.1,967.0,930.51,949.97,936.8192948354226,4961498,0.0000,1.0
2024-08-21,955.615,956.5,939.17,951.97,938.7916082660265,2616984,0.0000,1.0
2024-08-22,951.98,972.53,948.135,954.17,940.9611530396909,3183727,0.0000,1.0
2024-08-23,955.44,960.5,943.11,952.74,939.550948936809,2063309,0.0000,1.0
2024-08-26,949.2,955.0,942.77,950.53,937.3715425959916,2166043,0.0000,1.0
2024-08-27,952.5,972.48,949.95,954.48,941.2668616214345,2912853,0.0000,1.0
2024-08-28,954.15,958.3399,943.26,948.94,935.8035534186616,1701760,0.0000,1.0
2024-08-29,955.0,957.515,936.0,940.2,927.1845437269222,1762847,0.0000,1.0
2024-08-30,945.0,961.0,940.51,960.02,946.7301698242075,2555073,0.0000,1.0
2024-09-03,957.77,969.6499,951.5801,956.53,943.2884828878035,2529442,0.0000,1.0
2024-09-04,949.75,954.0,938.005,946.31,933.2099612574173,1877534,0.0000,1.0
2024-09-05,941.16,943.0,906.17,912.75,900.1145418918828,3201148,0.0000,1.0
2024-09-06,917.76,927.9022,893.0,902.71,890.213528470251,3439999,0.0000,1.0
2024-09-09,912.57,915.4299,895.915,908.27,895.69655980733,2405908,0.0000,1.0
2024-09-10,914.11,915.11,895.0001,901.25,888.77373966591,1930385,0.0000,1.0
2024-09-11,902.15,921.54,897.2032,920.89,908.141857554441,2721114,0.0000,1.0
2024-09-12,924.31,937.62,918.63,935.02,922.0762519416579,2511788,0.0000,1.0
2024-09-13,937.01,942.35,922.1,923.71,910.9228194915926,2045356,0.0000,1.0
2024-09-16,931.13,932.605,920.43,923.54,910.7551728499911,1760296,0.0000,1.0
2024-09-17,921.5,921.5,902.3,906.18,893.6354922723488,2248019,0.0000,1.0
2024-09-18,906.31,915.5,903.46,904.97,892.4422426468335,1776976,0.0000,1.0
2024-09-19,912.85,916.81,903.86,915.04,902.3728407699243,2446531,0.0000,1.0
2024-09-20,921.99,939.86,913.2,921.49,908.7335515836222,9921754,0.0000,1.0
2024-09-23,921.0,922.0,909.45,918.52,905.8046661391753,2291963,0.0000,1.0
2024-09-24,922.12,925.68,909.2,924.43,911.63285232661,2767434,0.0000,1.0
2024-09-25,931.79,939.3,921.19,924.56,911.7610526995992,1805080,0.0000,1.0
2024-09-26,920.255,921.85,905.3,909.32,896.7320243583971,2692979,0.0000,1.0
2024-09-27,893.62,901.21,875.61,877.79,865.6385031249256,4377346,0.0000,1.0
2024-09-30,864.52,887.4299,858.81,885.94,873.6756803546368,3246793,0.0000,1.0
2024-10-01,888.83,891.2699,878.87,884.48,872.2358915502958,2455232,0.0000,1.0
2024-10-02,880.0,893.3499,878.7,891.07,878.734664304136,1751600,0.0000,1.0
2024-10-03,889.54,892.0,880.88,885.55,873.2910792356689,1974677,0.0000,1.0
2024-10-04,885.91,888.97,876.89,887.16,874.8787915473051,1971436,0.0000,1.0
2024-10-07,890.51,905.275,889.565,898.4,885.9631930272994,2915667,0.0000,1.0
2024-10-08,903.0,921.9682,902.225,913.72,901.0711139057258,2200027,0.0000,1.0
2024-10-09,916.285,921.35,912.0,919.74,907.0077773318437,1820128,0.0000,1.0
2024-10-10,920.0,922.0,905.15,910.69,898.0830590583608,1682053,0.0000,1.0
2024-10-11,916.04,932.24,911.1845,932.06,919.1572280643641,2293874,0.0000,1.0
2024-10-14,936.0,937.0,926.0,929.51,916.642528440344,1550385,0.0000,1.0
2024-10-15,924.44,926.52,907.8001,913.32,900.676651219605,2284189,0.0000,1.0
2024-10-16,910.03,917.805,897.835,916.42,903.7337370370411,1645364,0.0000,1.0
2024-10-17,921.0,930.51,916.04,917.12,904.4240467377525,2191188,0.0000,1.0
2024-10-18,917.18,920.9199,905.62,917.97,905.2622799457592,2286912,0.0000,1.0
2024-10-21,917.98,918.86,904.56,906.13,893.5861844365837,1592229,0.0000,1.0
2024-10-22,901.675,911.12,900.2001,909.15,896.5643777167957,1391776,0.0000,1.0
2024-10-23,905.62,907.9499,891.73,903.25,890.7460530965141,2646589,0.0000,1.0
2024-10-24,898.33,900.0,888.28,891.32,878.9812034829614,1797145,0.0000,1.0
2024-10-25,899.73,900.96,889.4501,892.7,880.3420997500782,2228327,0.0000,1.0
2024-10-28,894.87,898.2099,890.78,895.59,883.1920926573009,2084102,0.0000,1.0
2024-10-29,898.21,907.98,898.21,903.58,891.0714848125638,3187510,0.0000,1.0
2024-10-30,798.5,860.5,769.0,846.83,835.1070912191764,18257230,0.0000,1.0
2024-10-31,836.51,853.5,825.24,829.74,818.2536729546655,6582820,0.0000,1.0
2024-11-01,828.0,833.0,816.73,818.93,807.593318862251,5266277,0.0000,1.0
2024-11-04,805.0,820.19,803.68,806.14,794.9803744735386,3918122,0.0000,1.0
2024-11-05,803.825,809.21,797.49,806.06,794.9014819363144,3733279,0.0000,1.0
2024-11-06,817.3299,820.73,767.61,776.38,765.6323506261517,8257862,0.0000,1.0
2024-11-07,784.65,802.55,778.19,797.45,786.4106726175645,4557575,0.0000,1.0
2024-11-08,803.5,847.27,801.26,831.54,820.028755042209,7212870,0.0000,1.0
2024-11-11,831.3,844.0,824.625,832.44,820.9162960859809,3342750,0.0000,1.0
2024-11-12,830.2,833.99,810.7201,818.86,807.5242878921799,3378563,0.0000,1.0
2024-11-13,820.32,829.105,811.29,811.81,800.5718830493008,3059268,0.0000,1.0
2024-11-14,809.19,809.19,783.51,786.23,775.3459942718763,3998847,0.0000,1.0
2024-11-15,775.19,777.98,744.2,746.2,737.1521446882305,7334562,1.3000,1.0
2024-11-18,733.19,734.0,711.4001,727.2,718.3825242793905,9154351,0.0000,1.0
2024-11-19,716.31,730.0,712.42,729.73,720.8818474180413,5832480,0.0000,1.0
2024-11-20,735.785,757.37,735.46,753.41,744.274721696006,5158855,0.0000,1.0
2024-11-21,746.12,752.9999,735.0,749.92,740.8270387893295,4143204,0.0000,1.0
2024-11-22,757.05,761.2799,745.0812,748.01,738.940198000862,4015450,0.0000,1.0
2024-11-25,750.0,755.0,740.01,755.0,745.8454425617984,5690465,0.0000,1.0
2024-11-26,785.2,807.0,773.95,789.32,779.7493042687136,6622610,0.0000,1.0
2024-11-27,788.12,794.83,780.3,788.19,778.6330057917668,2714656,0.0000,1.0
2024-11-29,791.33,800.33,789.33,795.35,785.7061890616244,2206918,0.0000,1.0
2024-12-02,798.11,805.35,795.2201,799.8,790.1022317363263,2895629,0.0000,1.0
2024-12-03,802.93,817.13,801.61,813.33,803.4681772169372,2782067,0.0000,1.0
2024-12-04,828.1,846.4629,820.5,829.84,819.7779894774607,3871090,0.0000,1.0
2024-12-05,827.78,831.13,817.46,825.62,815.6091579971815,2423388,0.0000,1.0
2024-12-06,827.68,841.0,825.6901,826.71,816.685941483794,3047127,0.0000,1.0
2024-12-09,823.7,823.7,801.28,803.58,793.8363983229272,3175956,0.0000,1.0
2024-12-10,809.265,813.9999,797.0,799.58,789.8848992894872,2695247,0.0000,1.0
2024-12-11,795.25,799.4999,786.3701,796.03,786.3779438973091,3510878,0.0000,1.0
2024-12-12,796.73,801.8365,778.3901,782.35,772.8638172029443,2823840,0.0000,1.0
2024-12-13,777.13,794.245,772.99,789.12,779.5517293170416,3059403,0.0000,1.0
2024-12-16,792.0,799.7826,775.25,779.0,769.5544367624384,3426211,0.0000,1.0
2024-12-17,777.86,788.0,772.43,778.62,769.1790443542616,3924764,0.0000,1.0
2024-12-18,775.0,779.0,762.5,764.71,755.4377064654741,3354209,0.0000,1.0
2024-12-19,765.1,772.97,752.395,757.54,748.3546444480328,4036350,0.0000,1.0
2024-12-20,811.35,811.35,766.61,767.76,758.450724478472,9942293,0.0000,1.0
2024-12-23,785.17,799.36,773.07,796.28,786.6249125868991,3622297,0.0000,1.0
2024-12-24,791.37,797.75,787.1,795.67,786.0223089842995,1165383,0.0000,1.0
2024-12-26,794.12,803.9099,791.5,794.14,784.5108606040087,1274993,0.0000,1.0
2024-12-27,790.0,793.295,779.22,783.17,773.6738745047995,2096535,0.0000,1.0
2024-12-30,777.915,779.76,771.0,773.84,764.4570030093008,1719073,0.0000,1.0
2024-12-31,771.0,773.91,764.3,772.0,762.6393134539184,2327004,0.0000,1.0
2025-01-02,780.59,787.0,771.77,778.07,768.6357132371636,1941191,0.0000,1.0
2025-01-03,778.17,785.84,775.53,781.98,772.4983035423512,1799992,0.0000,1.0
2025-01-06,783.715,784.765,763.35,765.1,755.8229776212345,3991077,0.0000,1.0
2025-01-07,764.9,783.96,761.6202,773.29,763.9136718922027,3576092,0.0000,1.0
2025-01-08,773.83,792.56,770.665,787.22,777.6747672761576,3478440,0.0000,1.0
2025-01-10,791.93,800.0,784.86,799.9,790.2010192121624,3973129,0.0000,1.0
2025-01-13,794.4,805.34,783.61,797.48,787.8103622969312,3683849,0.0000,1.0
2025-01-14,784.225,784.225,729.0,744.91,735.877786249946,10372975,0.0000,1.0
2025-01-15,749.0,754.6,735.265,746.74,737.6855970577449,5736908,0.0000,1.0
2025-01-16,747.5,765.51,746.4,757.6,748.4139169335344,3070254,0.0000,1.0
2025-01-17,747.83,755.2799,725.01,725.72,716.9204696370177,5560101,0.0000,1.0
2025-01-21,731.27,743.28,726.53,742.35,733.3488268685445,5122833,0.0000,1.0
2025-01-22,745.575,760.37,739.05,753.98,744.8378103082713,3737751,0.0000,1.0
2025-01-23,747.66,766.6,744.25,766.6,757.3047897587744,3127173,0.0000,1.0
2025-01-24,761.95,789.29,760.49,785.41,775.886713963526,4170616,0.0000,1.0
2025-01-27,778.71,809.25,778.71,808.17,798.3707434637995,3915247,0.0000,1.0
2025-01-28,807.24,816.15,800.11,804.99,795.2293017322147,2808766,0.0000,1.0
2025-01-29,806.99,809.1199,799.0,804.08,794.3303357021072,1827645,0.0000,1.0
2025-01-30,808.41,824.62,805.0,823.23,813.2481373247011,2642984,0.0000,1.0
2025-01-31,823.0,827.35,811.03,811.08,801.2454590106272,2562617,0.0000,1.0
2025-02-03,804.27,817.96,801.75,810.43,800.6033404176931,2808849,0.0000,1.0
2025-02-04,811.05,829.04,805.935,826.07,816.0537016384435,4299729,0.0000,1.0
2025-02-05,835.15,846.9,831.0558,842.18,831.968363995623,4578885,0.0000,1.0
2025-02-06,839.52,887.7368,835.61,870.37,859.8165534337913,7138547,0.0000,1.0
2025-02-07,876.53,889.36,869.6186,878.31,867.6602790151697,4426107,0.0000,1.0
2025-02-10,877.725,880.0,859.37,868.88,858.344620043835,3065624,0.0000,1.0
2025-02-11,867.03,874.19,860.5,865.0,854.5116659813982,1944467,0.0000,1.0
2025-02-12,856.93,877.78,856.11,872.97,862.3850278055274,2533391,0.0000,1.0
2025-02-13,877.07,883.4999,867.8,871.86,861.2884868237478,2472948,0.0000,1.0
2025-02-14,869.1,873.4999,841.49,844.27,835.5148343781356,3222324,1.5000,1.0
2025-02-18,856.42,862.73,851.36,857.2,848.3107489653047,4289381,0.0000,1.0
2025-02-19,857.175,881.3268,857.175,867.05,858.0586034651976,3205482,0.0000,1.0
2025-02-20,866.84,880.32,864.0,873.12,864.0656569488881,2990281,0.0000,1.0
2025-02-21,880.62,894.4,873.43,873.68,864.6198496920291,3940432,0.0000,1.0
2025-02-24,879.29,893.11,870.0175,881.4,872.2597925081889,3017053,0.0000,1.0
2025-02-25,890.74,911.9999,890.74,901.8,892.4482424369012,5111285,0.0000,1.0
2025-02-26,898.365,922.4299,896.6,915.01,905.521253395641,3032835,0.0000,1.0
2025-02-27,915.72,925.5,904.06,905.16,895.773398895748,3085359,0.0000,1.0
2025-02-28,901.84,921.22,892.6129,920.63,911.0829734250216,4071129,0.0000,1.0
2025-03-03,912.8,935.625,910.0,929.72,920.0787092020802,3979760,0.0000,1.0
2025-03-04,922.235,929.16,902.7901,911.06,901.6122152966991,3343495,0.0000,1.0
2025-03-05,904.8,930.49,901.64,929.72,920.0787092020802,3109456,0.0000,1.0
2025-03-06,920.42,931.38,898.28,912.76,903.2945861240918,3273078,0.0000,1.0
2025-03-07,905.39,908.0,861.39,869.58,860.5623671083174,4818093,0.0000,1.0
2025-03-10,853.91,863.19,825.78,829.76,821.1553045513897,5941462,0.0000,1.0
2025-03-11,827.2,832.35,811.64,824.06,815.5144141301317,3796512,0.0000,1.0
2025-03-12,814.95,834.65,813.26,821.86,813.337228353506,3014828,0.0000,1.0
2025-03-13,818.24,821.1059,795.38,801.65,793.3368081055022,3566282,0.0000,1.0
2025-03-14,803.11,815.21,800.0,813.48,805.0441298043585,3102321,0.0000,1.0
2025-03-17,816.95,828.9999,814.57,824.76,816.2071550590582,2546593,0.0000,1.0
2025-03-18,833.42,836.29,812.615,822.51,813.980487787509,2355028,0.0000,1.0
2025-03-19,821.72,842.13,819.5,837.01,828.3301213152703,3790546,0.0000,1.0
2025-03-20,839.03,854.3899,832.4647,842.57,833.8324635507429,4402727,0.0000,1.0
2025-03-21,837.8,850.425,825.32,837.57,828.8843140584114,5963841,0.0000,1.0
2025-03-24,845.32,866.87,837.76,864.9,855.9308991834951,3102378,0.0000,1.0
2025-03-25,869.55,874.92,847.92,852.35,843.5110439577433,2670595,0.0000,1.0
2025-03-26,845.69,851.41,826.4,826.76,818.1864148559907,2564074,0.0000,1.0
2025-03-27,822.815,826.77,815.29,821.67,813.1491986727973,2128215,0.0000,1.0
2025-03-28,820.0,829.78,817.43,822.51,813.980487787509,2125058,0.0000,1.0
2025-03-31,808.98,828.01,789.4,825.91,817.3452294422945,3737328,0.0000,1.0
2025-04-01,818.6,820.66,797.0,805.23,796.8796831420116,2987721,0.0000,1.0
2025-04-02,795.04,819.85,795.04,818.22,809.7349755230887,2683841,0.0000,1.0
2025-04-03,810.51,818.79,787.06,789.09,780.9070565807656,2675092,0.0000,1.0
2025-04-04,762.11,768.27,734.6975,738.21,730.5546873468007,5299446,0.0000,1.0
2025-04-07,697.93,748.0,677.0912,723.73,716.2248464170088,6274432,0.0000,1.0
2025-04-08,754.98,763.5039999999999,713.2837,726.24,718.7088174621592,4115191,0.0000,1.0
2025-04-09,704.4,754.83,689.0,753.71,745.8939507730282,6618978,0.0000,1.0
2025-04-10,738.9,741.95,691.765,720.91,713.4340901033338,4182699,0.0000,1.0
2025-04-11,722.89,735.8394,711.975,732.41,724.8148339356962,3603402,0.0000,1.0
2025-04-14,750.45,759.56,734.5201,754.35,746.5273139080467,3461155,0.0000,1.0
2025-04-15,755.57,765.31,751.49,757.18,749.3279665207062,2458145,0.0000,1.0
2025-04-16,755.64,756.3,730.34,734.9,727.2790123828772,3302584,0.0000,1.0
2025-04-17,840.8,858.0,821.84,839.96,831.2495295157458,10853385,0.0000,1.0
2025-04-21,841.51,843.91,807.0,818.02,809.5370495433954,3326647,0.0000,1.0
2025-04-22,821.88,832.0,814.0,827.54,818.9583261767945,3086504,0.0000,1.0
2025-04-23,836.96,846.01,818.64,829.42,820.818830385911,2714595,0.0000,1.0
2025-04-24,836.0,862.25,829.21,859.73,850.8145126084245,2939516,0.0000,1.0
2025-04-25,859.66,885.58,851.0688,884.54,875.367230389373,3398884,0.0000,1.0
2025-04-28,870.44,882.25,864.4101,877.29,868.1924136254925,3457569,0.0000,1.0
2025-04-29,877.7,892.47,874.03,885.2,876.0203861223608,2454441,0.0000,1.0
2025-04-30,888.2,902.4999,882.12,898.95,889.6277972262724,4374094,0.0000,1.0
2025-05-01,844.0,850.93,792.07,794.1,785.8651023720818,12601092,0.0000,1.0
2025-05-02,825.115,831.53,807.585,823.62,815.0789769748067,6059361,0.0000,1.0
2025-05-05,817.0,829.64,812.025,821.46,812.9413763941195,2889574,0.0000,1.0
2025-05-06,816.89,818.42,770.35,775.12,767.0819268991916,5981971,0.0000,1.0
2025-05-07,780.5,784.34,772.26,776.72,768.6653347367376,3818272,0.0000,1.0
2025-05-08,765.0,769.9789999999999,739.08,751.45,743.6573872024944,6162033,0.0000,1.0
2025-05-09,752.01,762.01,733.0,734.57,726.9524345163835,4072561,0.0000,1.0
2025-05-12,727.87,765.3299,722.18,755.57,747.7346623841756,9176065,0.0000,1.0
2025-05-13,755.55,759.4999,740.8501,746.06,738.323282049761,4523911,0.0000,1.0
2025-05-14,749.24,759.5,714.03,715.56,708.1395701465392,7558516,0.0000,1.0
2025-05-15,725.7,738.68,712.21,733.29,725.6857082463465,5212870,0.0000,1.0
2025-05-16,740.0,758.87,738.0,757.39,751.0202336470836,4645121,1.5000,1.0
2025-05-19,753.0,758.72,747.56,755.11,748.7594087976463,4062745,0.0000,1.0
2025-05-20,756.0,763.495,743.0001,747.01,740.7275310430663,3873473,0.0000,1.0
2025-05-21,747.05,750.52,723.97,724.95,718.8530590349137,4059969,0.0000,1.0
2025-05-22,717.1,722.1883,711.55,715.2,709.1850580340304,4249900,0.0000,1.0
2025-05-23,710.0,719.64,709.0,713.71,707.7075891631262,2635706,0.0000,1.0
2025-05-27,717.03,731.31,714.33,725.22,719.1207882933998,3792652,0.0000,1.0
2025-05-28,725.22,729.99,714.74,719.39,713.3398194897945,2948772,0.0000,1.0
2025-05-29,719.23,727.327,716.955,722.57,716.493075200852,2786929,0.0000,1.0
2025-05-30,725.0,745.9,717.11,737.67,731.4660818791431,6106236,0.0000,1.0
2025-06-02,732.5,747.37,730.695,747.12,740.8366059261532,2946864,0.0000,1.0
2025-06-03,746.25,757.0,741.46,750.78,744.4658247634078,3056488,0.0000,1.0
2025-06-04,756.39,772.62,756.0,765.84,759.3991678478493,3135930,0.0000,1.0
2025-06-05,769.5,770.0,753.05,765.68,759.2405134724501,3638629,0.0000,1.0
2025-06-06,768.48,772.6,765.2,769.88,763.4051908266769,2069864,0.0000,1.0
2025-06-09,771.95,779.29,767.5929,773.71,767.2029799377931,2262158,0.0000,1.0
2025-06-10,777.09,808.63,777.0,807.19,800.4014079900574,4744424,0.0000,1.0
2025-06-11,809.65,820.7178,805.0272,808.61,801.8094655717243,3125380,0.0000,1.0
2025-06-12,810.33,818.555,806.35,812.03,805.2007028458804,2271087,0.0000,1.0
2025-06-13,810.335,825.0,808.1001,819.36,812.4690564188522,2754603,0.0000,1.0
2025-06-16,821.68,825.0,805.7575,807.58,800.7881280300926,2821770,0.0000,1.0
2025-06-17,805.16,805.16,788.935,791.24,784.5855499424583,2875634,0.0000,1.0
2025-06-18,789.95,790.625,779.44,785.03,778.4277769972803,2442938,0.0000,1.0
2025-06-20,786.0,786.0,755.56,762.73,756.3153234260291,6210647,0.0000,1.0
2025-06-23,770.53,793.21,763.83,770.64,764.1587991098226,3951536,0.0000,1.0
2025-06-24,772.89,784.44,763.02,778.08,771.5362275658814,2788473,0.0000,1.0
2025-06-25,779.0,798.95,773.595,792.3,785.6366351794774,3023134,0.0000,1.0
2025-06-26,793.95,798.8,788.25,795.12,788.4329185458868,3118189,0.0000,1.0
2025-06-27,795.8,802.5,774.64,775.45,768.9283462702584,4115147,0.0000,1.0
2025-06-30,778.54,785.0,774.0,779.53,772.9740328429358,3041492,0.0000,1.0
2025-07-01,779.53,790.0,773.0,775.9,769.3745617010684,2733978,0.0000,1.0
2025-07-02,776.5,779.84,768.0,779.28,772.7261353813747,1978285,0.0000,1.0
2025-07-03,780.46,783.55,773.0,780.67,774.1044452676545,1450772,0.0000,1.0
2025-07-07,780.68,781.1481,762.03,772.87,766.3700444669478,2576881,0.0000,1.0
2025-07-08,774.85,792.69,768.8001,777.66,771.1197598304586,3301776,0.0000,1.0
2025-07-09,783.8,794.0,781.99,786.92,780.3018818066822,2703085,0.0000,1.0
2025-07-10,789.67,799.4922,786.43,790.65,784.000511933174,3131256,0.0000,1.0
2025-07-11,786.35,795.73,777.2,793.01,786.340663970311,2852544,0.0000,1.0
2025-07-14,790.0,800.88,787.36,799.34,792.6174276970384,2401422,0.0000,1.0
2025-07-15,801.67,805.42,764.38,771.75,765.2594638391539,4174059,0.0000,1.0
2025-07-16,773.5,796.0354,772.16,789.8,783.1576605638662,3255436,0.0000,1.0
2025-07-17,786.79,790.0,760.0201,761.5,755.0956679151484,4107259,0.0000,1.0
2025-07-18,763.86,775.96,760.5,771.71,765.2198002453042,3357745,0.0000,1.0
2025-07-21,768.17,772.0,760.5,762.18,755.7699490105945,3058007,0.0000,1.0
2025-07-22,763.34,778.29,762.5,776.44,769.9100202180405,2496628,0.0000,1.0
2025-07-23,780.0,800.09,777.08,798.89,792.1712122662283,2683557,0.0000,1.0
2025-07-24,801.36,810.14,797.65,805.43,798.656209860667,2786773,0.0000,1.0
2025-07-25,809.0,815.19,802.37,812.69,805.8551521444018,2976879,0.0000,1.0
2025-07-28,812.65,820.22,802.5,808.11,801.3136706486022,2587722,0.0000,1.0
2025-07-29,774.5,779.49,755.18,762.95,756.5334731922028,7100711,0.0000,1.0
2025-07-30,774.0,778.1,758.41,760.08,753.6876103334813,4338667,0.0000,1.0
2025-07-31,747.3,766.4468,735.44,740.07,733.8458975101298,5810267,0.0000,1.0
2025-08-01,746.82,768.0,745.99,762.33,755.9186874875313,4859455,0.0000,1.0
2025-08-04,759.97,774.48,752.57,769.0,762.5325917619817,3353421,0.0000,1.0
2025-08-05,765.57,769.94,759.5197,765.95,759.5082427309362,3615197,0.0000,1.0
2025-08-06,756.56,763.0,740.19,746.37,740.0929135414698,4752116,0.0000,1.0
2025-08-07,675.66,678.2868,633.2,640.86,635.4702688642179,26101620,0.0000,1.0
2025-08-08,655.0,656.18,623.78,625.65,620.3881873028398,14125127,0.0000,1.0
2025-08-11,629.415,654.44,625.9,635.22,629.8777021313992,11294200,0.0000,1.0
2025-08-12,639.5,646.18,629.398,639.43,634.0522953840883,6925000,0.0000,1.0
2025-08-13,650.4,661.75,644.5,660.49,654.9351775459965,6310033,0.0000,1.0
2025-08-14,662.0,685.48,655.1,684.43,678.6738384650886,8395905,0.0000,1.0
2025-08-15,694.2,706.79,685.8001,701.23,696.819932651362,8224629,1.5000,1.0
2025-08-18,695.02,707.75,693.5,698.05,693.6599318159281,4997259,0.0000,1.0
2025-08-19,706.61,714.2661,698.55,703.21,698.7874803413492,5941004,0.0000,1.0
2025-08-20,701.52,705.8,685.1503,705.44,701.0034557699711,4139402,0.0000,1.0
2025-08-21,705.2,718.4,705.2,709.82,705.3559097508518,3617326,0.0000,1.0
2025-08-22,715.04,719.4628,709.4301,711.68,707.2042121262942,3222726,0.0000,1.0
2025-08-25,711.0,713.4999,694.23,695.33,690.9570380195821,2898115,0.0000,1.0
2025-08-26,716.24,736.18,713.0952,736.03,731.4010738693181,7695621,0.0000,1.0
2025-08-27,736.96,746.5899,731.55,734.17,729.5527714938756,4326154,0.0000,1.0
2025-08-28,735.8,738.59,726.34,731.96,727.3566702843447,3116995,0.0000,1.0
2025-08-29,732.315,737.42,728.5001,732.58,727.9727710761588,2551151,0.0000,1.0
2025-09-02,727.99,737.14,723.64,735.19,730.5663566675055,3222500,0.0000,1.0
2025-09-03,732.02,737.83,729.02,737.83,733.1897535874883,2218818,0.0000,1.0
2025-09-04,736.315,747.0,735.33,742.91,738.2378052365463,2423422,0.0000,1.0
2025-09-05,744.7,744.7,722.57,727.21,722.6365432502845,3958249,0.0000,1.0
2025-09-08,729.71,742.7,719.2183,738.64,733.9946594606648,4534603,0.0000,1.0
2025-09-09,734.18,752.8394,733.87,750.61,745.8893795864964,2986919,0.0000,1.0
2025-09-10,748.09,755.8015,742.485,754.62,749.8741605141977,2477423,0.0000,1.0
2025-09-11,752.48,761.13,750.37,756.28,751.5237206987323,2197534,0.0000,1.0
2025-09-12,760.17,761.6,748.0,755.39,750.6393179491927,2198276,0.0000,1.0
2025-09-15,753.07,756.335,742.11,748.19,743.4845990765122,2790856,0.0000,1.0
2025-09-16,745.405,770.3799,744.54,764.71,759.9007040454959,3881298,0.0000,1.0
2025-09-17,761.485,776.96,756.3439999999999,760.13,755.3495078737074,3471175,0.0000,1.0
2025-09-18,761.38,772.535,759.0101,762.93,758.1318985464164,3463976,0.0000,1.0
2025-09-19,765.0,765.0,749.2,751.99,747.2607007037601,7349452,0.0000,1.0
2025-09-22,748.56,762.04,746.265,754.95,750.2020851291956,2527396,0.0000,1.0
2025-09-23,750.57,752.9999,743.17,746.98,742.2822088215199,2910123,0.0000,1.0
2025-09-24,745.99,746.94,736.16,741.85,737.184471624735,2243014,0.0000,1.0
2025-09-25,737.67,740.0,712.05,714.59,710.0959110040027,5136364,0.0000,1.0
2025-09-26,724.12,729.0,717.08,724.54,719.9833350016654,3559673,0.0000,1.0
2025-09-29,725.55,727.8585,716.0778,726.51,721.9409455821071,3309245,0.0000,1.0
2025-09-30,726.96,766.3499,725.3101,763.0,758.2014583132342,6234280,0.0000,1.0
2025-10-01,763.3,833.3,763.3,825.42,820.2288960955567,10124466,0.0000,1.0
2025-10-02,814.355,834.46,812.81,819.85,814.6939260787747,4291766,0.0000,1.0
2025-10-03,824.94,848.13,816.1,839.87,834.5880193886449,5088509,0.0000,1.0
2025-10-06,839.95,856.57,838.66,845.05,839.7354421331567,3651387,0.0000,1.0
2025-10-07,845.0,848.5361,836.58,843.63,838.3243725777114,2610798,0.0000,1.0
2025-10-08,850.0,856.0,844.99,845.72,840.4012284726979,2180943,0.0000,1.0
2025-10-09,851.69,860.25,845.7,855.35,849.9706649649081,3071666,0.0000,1.0
2025-10-10,858.0,864.35,830.11,833.49,828.2481434986862,3430964,0.0000,1.0
2025-10-13,832.68,835.32,817.35,819.4,814.246756149232,2167468,0.0000,1.0
2025-10-14,822.09,822.09,806.0,812.35,807.2410939197324,1928371,0.0000,1.0
2025-10-15,812.5,830.19,808.58,826.57,821.3716636932766,2355840,0.0000,1.0
2025-10-16,825.07,834.7,815.37,819.38,814.2268819301413,2272909,0.0000,1.0
2025-10-17,788.96,804.44,783.8454,802.83,797.7809656325214,3982950,0.0000,1.0
2025-10-20,805.6,809.41,799.77,808.96,803.8724137838453,2279715,0.0000,1.0
2025-10-21,806.93,812.99,798.71,799.57,794.5414679207244,2099488,0.0000,1.0
2025-10-22,798.4,815.94,793.82,812.43,807.3205907960954,2930642,0.0000,1.0
2025-10-23,806.4,824.7,806.02,821.04,815.876442114676,2632946,0.0000,1.0
2025-10-24,815.21,834.15,812.5001,825.45,820.258707424193,2211150,0.0000,1.0
2025-10-27,825.0,826.42,811.48,826.41,821.2126699405503,2114752,0.0000,1.0
2025-10-28,826.0,829.4599,814.053,820.1,814.9423538174094,2493547,0.0000,1.0
2025-10-29,827.31,830.29,809.63,813.53,808.4136728460884,3591234,0.0000,1.0
2025-10-30,837.5,853.0,812.25,844.5,839.1889011081603,6037167,0.0000,1.0
2025-10-31,839.16,869.91,834.19,862.86,857.4334342334957,5015016,0.0000,1.0
2025-11-03,866.53,901.3393,862.62,896.53,890.8916820728228,5401481,0.0000,1.0
2025-11-04,891.41,915.22,883.64,906.86,901.1567162332104,5911474,0.0000,1.0
2025-11-05,911.0,955.46,907.86,925.81,919.9875388217239,7230108,0.0000,1.0
2025-11-06,928.0,949.9,916.263,937.44,931.5443972230122,6417358,0.0000,1.0
2025-11-07,931.17,932.0,900.9,924.37,918.5565950471878,4373438,0.0000,1.0
2025-11-10,939.74,981.99,938.405,966.64,960.5607570955501,5696640,0.0000,1.0
2025-11-11,966.55,999.95,965.285,988.62,982.4025238763166,4166380,0.0000,1.0
2025-11-12,993.12,1022.42,990.1,1017.78,1011.379135310673,5185236,0.0000,1.0
2025-11-13,1010.085,1032.95,1010.085,1022.87,1016.4371240692764,4153595,0.0000,1.0
2025-11-14,1009.0,1033.6185,1007.785,1025.28,1020.3225339015237,3862267,1.5000,1.0
2025-11-17,1003.72,1032.141,998.3015,1021.7,1016.7598440301058,4719957,0.0000,1.0
2025-11-18,1014.01,1040.7245,1014.01,1030.05,1025.0694698475193,3430529,0.0000,1.0
2025-11-19,1029.64,1055.59,1026.25,1049.6,1044.5249410727208,3571220,0.0000,1.0
2025-11-20,1045.5,1057.0,1038.25,1043.29,1038.2454513831544,3135742,0.0000,1.0
2025-11-21,1041.0,1066.65,1038.0,1059.7,1054.5761052351013,4266704,0.0000,1.0
2025-11-24,1056.77,1075.72,1049.38,1070.16,1064.9855287141606,5497189,0.0000,1.0
2025-11-25,1075.825,1111.11,1073.25,1109.94,1104.57318320718,4181487,0.0000,1.0
2025-11-26,1102.0,1111.99,1098.1,1104.34,1099.0002605032855,3093673,0.0000,1.0
2025-11-28,1096.72,1099.05,1067.69,1075.47,1070.2698536351745,2732168,0.0000,1.0
2025-12-01,1074.38,1084.15,1055.0,1057.89,1052.7748570040214,3070153,0.0000,1.0
2025-12-02,1052.57,1068.18,1040.36,1046.12,1041.061767678158,3279960,0.0000,1.0
2025-12-03,1046.39,1051.4781,1022.32,1033.56,1028.5624981851386,3447003,0.0000,1.0
2025-12-04,1032.625,1032.625,1007.1828,1014.49,1009.5847060488421,3854911,0.0000,1.0
2025-12-05,1023.84,1027.3899,1004.0,1010.31,1005.4249173162925,2502066,0.0000,1.0
2025-12-08,1010.74,1014.2,988.88,997.59,992.7664214603046,3040049,0.0000,1.0
2025-12-09,1002.84,1011.9999,979.1801,982.22,977.4707389676524,2564431,0.0000,1.0
2025-12-10,985.0,1003.0,977.12,993.64,988.8355206245221,2966270,0.0000,1.0
2025-12-11,1008.15,1031.5608,987.0,1009.38,1004.4994140815387,4516960,0.0000,1.0
2025-12-12,1008.76,1028.9,1003.5,1027.51,1022.5417513353958,3275239,0.0000,1.0
2025-12-15,1032.55,1065.0,1032.55,1062.19,1057.054065508797,4648449,0.0000,1.0
2025-12-16,1063.5,1068.25,1036.23,1054.29,1049.1922638372323,4024473,0.0000,1.0
2025-12-17,1064.3,1064.3,1036.41,1041.79,1036.7527042303257,3726575,0.0000,1.0
2025-12-18,1041.8,1079.26,1039.54,1056.88,1051.7697405877834,3848624,0.0000,1.0
2025-12-19,1059.01,1075.38,1059.01,1071.44,1066.259339617908,5829051,0.0000,1.0
2025-12-22,1076.72,1083.48,1063.0,1076.48,1071.2749700514125,2625621,0.0000,1.0
2025-12-23,1063.5,1088.48,1063.5,1071.64,1066.4583725716184,2108561,0.0000,1.0
2025-12-24,1074.64,1085.73,1072.71,1076.98,1071.7725524356888,932804,0.0000,1.0
2025-12-26,1076.98,1081.39,1068.3,1077.75,1072.5388293074743,1014640,0.0000,1.0
2025-12-29,1077.95,1085.5,1074.38,1078.73,1073.5140907806558,1653011,0.0000,1.0
2025-12-30,1078.96,1082.37,1072.07,1079.75,1074.5291588445793,1251498,0.0000,1.0
2025-12-31,1079.76,1083.5,1074.43,1074.68,1069.4836734680182,1646696,0.0000,1.0
2026-01-02,1076.4,1080.66,1052.08,1080.36,1075.1362093533962,2469097,0.0000,1.0
2026-01-05,1069.23,1085.38,1033.3801,1041.51,1036.474058095131,4084836,0.0000,1.0
2026-01-06,1044.11,1070.8299,1039.93,1064.04,1058.8951203306192,2690707,0.0000,1.0
2026-01-07,1077.0,1117.66,1075.96,1108.09,1102.7321283853576,4652779,0.0000,1.0
2026-01-08,1113.69,1133.95,1070.15,1085.19,1079.942855185505,3156034,0.0000,1.0
2026-01-09,1086.825,1104.52,1063.03,1063.56,1058.417441241714,2561927,0.0000,1.0
2026-01-12,1058.0,1083.36,1058.0,1081.0,1075.7731148052699,2380245,0.0000,1.0
2026-01-13,1083.0,1090.2229,1069.09,1077.19,1071.981537037085,2194166,0.0000,1.0
2026-01-14,1081.75,1084.0,1061.12,1073.29,1068.10039443973,1912603,0.0000,1.0
2026-01-15,1062.56,1067.65,1012.57,1032.97,1027.9753509716927,4183400,0.0000,1.0
2026-01-16,1024.43,1049.94,1018.0,1038.4,1033.379095664933,3828963,0.0000,1.0
2026-01-20,1028.145,1045.85,1015.96,1041.29,1036.2551218460494,2480389,0.0000,1.0
2026-01-21,1043.86,1081.33,1042.02,1078.52,1073.3051061792596,3685876,0.0000,1.0
2026-01-22,1078.52,1095.48,1071.74,1087.38,1082.122266028635,2478217,0.0000,1.0
2026-01-23,1083.73,1084.32,1063.0218,1064.29,1059.1439115227574,2592850,0.0000,1.0
2026-01-26,1062.21,1067.08,1043.32,1062.75,1057.6113577791866,2244862,0.0000,1.0
2026-01-27,1064.11,1073.39,1034.81,1039.51,1034.483728558026,2568257,0.0000,1.0
2026-01-28,1029.11,1029.69,1004.14,1023.8,1018.8496900440659,3300244,0.0000,1.0
2026-01-29,1025.36,1039.9999,1018.0,1024.14,1019.188046065374,2293016,0.0000,1.0
2026-01-30,1033.3,1048.569,1020.0,1037.15,1032.1351397042422,3303144,0.0000,1.0
2026-02-02,1037.57,1057.41,1037.57,1044.13,1039.0813897887388,2757079,0.0000,1.0
2026-02-03,1040.75,1048.8,993.58,1003.46,998.6080386517078,5408973,0.0000,1.0
2026-02-04,1075.12,1114.0,1065.0,1107.12,1101.7668185598616,7119387,0.0000,1.0
2026-02-05,1065.5,1075.0,1005.83,1020.84,1015.9040023291506,7742385,0.0000,1.0
2026-02-06,1056.0,1060.02,1033.27,1058.18,1053.0634547869015,4887117,0.0000,1.0
2026-02-09,1077.09,1106.94,1042.92,1044.67,1039.618778763757,3423770,0.0000,1.0
2026-02-10,1050.66,1055.65,1023.875,1025.0,1020.043887766329,3539394,0.0000,1.0
2026-02-11,1026.5,1030.1,1012.6179,1015.21,1010.3012246822,2599875,0.0000,1.0
2026-02-12,1024.87,1059.84,1012.0,1038.27,1033.2497242450208,3592172,0.0000,1.0
2026-02-13,1039.98,1064.34,1033.69,1040.0,1036.6929943442128,2698728,1.7300,1.0
2026-02-17,1045.61,1067.0,1034.88,1036.05,1032.7555546060785,2984593,0.0000,1.0
2026-02-18,1032.36,1037.54,1011.31,1020.56,1017.3148099114709,3236905,0.0000,1.0
2026-02-19,1010.82,1025.225,1007.0,1023.22,1019.9663516085436,2145764,0.0000,1.0
2026-02-20,1023.86,1028.65,1002.46,1009.52,1006.3099150484323,3249409,0.0000,1.0
2026-02-23,1047.02,1064.4499,1034.0001,1058.56,1055.1939770125093,4767602,0.0000,1.0
2026-02-24,1042.95,1058.9,1024.08,1042.15,1038.836157745982,2803100,0.0000,1.0
2026-02-25,1036.58,1053.625,1027.0,1028.83,1025.5585128568812,2481897,0.0000,1.0
2026-02-26,1024.08,1026.915,1007.3801,1022.02,1018.7701673843003,2666432,0.0000,1.0
2026-02-27,1019.17,1053.0,1017.36,1051.99,1048.6448683847773,4325931,0.0000,1.0
2026-03-02,1044.62,1056.2,1013.0,1017.97,1014.7330456274791,3094287,0.0000,1.0
2026-03-03,1015.0,1020.01,995.07,1007.73,1004.525606913936,2845962,0.0000,1.0
2026-03-04,1011.63,1015.6599,993.66,1003.57,1000.3788349365593,1965539,0.0000,1.0
2026-03-05,990.0,993.56,965.6,983.26,980.133416941241,3774397,0.0000,1.0
2026-03-06,975.0,991.22,966.0901,990.33,987.1809356624079,2627805,0.0000,1.0
2026-03-09,986.89,1008.93,980.58,1008.39,1005.1835082372698,2802169,0.0000,1.0
2026-03-10,1006.0,1012.0,994.0,1001.35,998.1658941217091,1663668,0.0000,1.0
2026-03-11,1000.03,1002.93,990.3,999.84,996.6606956395362,1448032,0.0000,1.0
2026-03-12,993.45,994.5,973.16,977.25,974.1425276181557,2340074,0.0000,1.0
2026-03-13,980.13,1003.22,978.0,985.08,981.9476296813434,1984353,0.0000,1.0
2026-03-16,991.98,998.17,975.51,989.12,985.9747832362958,2289888,0.0000,1.0
2026-03-17,978.92,981.165,925.25,930.35,927.3916608539791,5637508,0.0000,1.0
2026-03-18,925.0,929.0,905.11,918.05,915.130772555485,3443808,0.0000,1.0
2026-03-19,914.0,924.53,910.86,917.5,914.5825214527069,2378979,0.0000,1.0
2026-03-20,910.55,925.375,899.29,906.7,903.816863434517,4818789,0.0000,1.0
2026-03-23,913.49,926.775,907.23,910.55,907.6546211539643,2817548,0.0000,1.0
2026-03-24,907.0,908.6699,895.61,903.02,900.1485651468374,2572679,0.0000,1.0
2026-03-25,912.49,922.15,909.09,916.31,913.3963054303322,2177748,0.0000,1.0
2026-03-26,912.38,916.3499,896.29,897.0,894.1477076218835,2163159,0.0000,1.0
2026-03-27,896.0,900.8299,877.11,878.24,875.4473609162129,2740802,0.0000,1.0
2026-03-30,888.48,897.43,883.11,886.63,883.8106822840474,3070244,0.0000,1.0
2026-03-31,893.49,924.1439,892.14,919.77,916.8453032769005,3464240,0.0000,1.0
2026-04-01,926.88,976.6799,925.99,954.52,951.4848047706134,6267884,0.0000,1.0
2026-04-02,945.0,957.6875,930.02,935.58,932.6050304313063,2727128,0.0000,1.0
2026-04-06,932.04,936.0,919.78,927.06,924.1121224391786,1821082,0.0000,1.0
2026-04-07,924.5,932.655,898.4501,931.09,928.1293077922626,2726863,0.0000,1.0
2026-04-08,941.52,961.1352,933.13,953.3,950.2686841426327,2567998,0.0000,1.0
2026-04-09,948.47,963.755,939.29,955.19,952.152674295816,1672549,0.0000,1.0
2026-04-10,963.69,963.94,935.54,939.47,936.4826609582284,1958925,0.0000,1.0
2026-04-13,939.97,945.9,927.17,929.55,926.5942047044836,2089567,0.0000,1.0
2026-04-14,925.0,939.93,915.04,922.5,919.566622387054,2360236,0.0000,1.0
2026-04-15,923.5,930.0,888.03,905.03,902.152173722445,4233418,0.0000,1.0
2026-04-16,911.665,920.0,898.15,903.99,901.1154807281008,2836574,0.0000,1.0
2026-04-17,917.8,929.99,917.8,927.03,924.0822178335726,3266094,0.0000,1.0
2026-04-20,926.9,929.64,912.5,919.9,916.9748899011936,1926259,0.0000,1.0
2026-04-21,910.2,913.05,881.11,903.02,900.1485651468374,4062792,0.0000,1.0
2026-04-22,906.4,922.54,902.2301,921.48,918.5498657964473,2623775,0.0000,1.0
2026-04-23,929.49,930.0,911.89,917.65,914.7320444807373,2149232,0.0000,1.0
2026-04-24,900.01,900.42,871.7310000000001,883.96,881.1491723851061,4463678,0.0000,1.0
2026-04-27,878.13,891.2029,868.04,868.27,865.5090636531246,2700286,0.0000,1.0
2026-04-28,871.9,878.15,863.35,874.0,871.2208433238865,2561280,0.0000,1.0
2026-04-29,866.04,869.0232,850.51,851.21,848.5033112651321,3904584,0.0000,1.0
2026-04-30,898.78,945.4999,896.8,934.6,931.6281466481743,8236718,0.0000,1.0
2026-05-01,948.95,984.45,943.8,963.33,960.2667906169331,4352441,0.0000,1.0
2026-05-04,960.0,974.215,951.76,967.93,964.8521634765325,3696945,0.0000,1.0
2026-05-05,971.885,992.8,964.41,988.87,985.7255781895785,2955528,0.0000,1.0
2026-05-06,991.35,996.485,983.5,987.05,983.9113654494761,3921221,0.0000,1.0
2026-05-07,985.37,989.0,967.1,974.96,971.8598093902247,3494856,0.0000,1.0
2026-05-08,974.07,980.0,947.51,948.45,945.434106236316,3559161,0.0000,1.0
2026-05-11,949.0,995.0,943.26,966.99,963.9151525008753,3517454,0.0000,1.0
2026-05-12,974.44,997.52,971.175,989.87,986.7223983764479,3037467,0.0000,1.0
2026-05-13,994.75,1022.821,992.0,1015.75,1012.5201048126289,3486425,0.0000,1.0
2026-05-14,1017.49,1018.17,996.01,1006.7,1003.4988821214606,1751682,0.0000,1.0
2026-05-15,1006.98,1014.38,997.41,1004.92,1003.4490411121169,2820726,1.7300,1.0
2026-05-18,1000.61,1003.0,978.87,988.09,986.6436761458342,2015971,0.0000,1.0
2026-05-19,989.51,1021.8,984.6,1021.41,1019.9149037558486,3796015,0.0000,1.0
2026-05-20,1024.99,1037.88,1003.69,1018.87,1017.3786216991429,2780189,0.0000,1.0
2026-05-21,1024.3,1047.295,1022.0,1041.65,1040.1252773100712,2705204,0.0000,1.0
2026-05-22,1049.81,1070.3399,1047.07,1065.0,1063.441098579394,3472924,0.0000,1.0
2026-05-26,1075.0,1082.0,1060.36,1064.74,1063.1814791562667,2983414,0.0000,1.0
2026-05-27,1072.26,1093.0,1069.9,1082.92,1081.3348680503261,2587481,0.0000,1.0
2026-05-28,1096.64,1149.1,1092.01,1126.8,1125.1506383842827,4605822,0.0000,1.0
2026-05-29,1127.0,1132.66,1089.005,1105.0,1103.3825482912962,4603028,0.0000,1.0
2026-06-01,1095.0,1106.17,1071.6,1082.2,1080.615921955512,2693447,0.0000,1.0
2026-06-02,1067.37,1078.22,1052.15,1064.15,1062.592342773016,2408537,0.0000,1.0
2026-06-03,1059.5,1093.2775,1053.51,1078.78,1077.2009280051443,2655644,0.0000,1.0
2026-06-04,1108.6,1140.46,1101.62,1125.27,1123.6228779328026,4046733,0.0000,1.0
2026-06-05,1142.97,1166.29,1131.03,1131.42,1129.7638758260075,4126160,0.0000,1.0
2026-06-08,1159.0,1182.73,1143.595,1149.15,1147.4679234108082,4504437,0.0000,1.0
2026-06-09,1165.0,1174.595,1137.7531,1144.68,1143.004466405503,3822027,0.0000,1.0
2026-06-10,1152.5,1166.415,1133.53,1136.37,1134.7066302278552,2700635,0.0000,1.0
2026-06-11,1139.71,1170.12,1125.64,1160.95,1159.2506510758192,2764934,0.0000,1.0
2026-06-12,1165.0,1169.99,1132.81,1133.0,1131.3415630896275,2438390,0.0000,1.0
2026-06-15,1134.0,1137.4923,1112.01,1129.35,1127.6969058034165,3167157,0.0000,1.0
2026-06-16,1138.82,1146.685,1115.5,1122.5,1120.8569325402532,2260747,0.0000,1.0
2026-06-17,1116.7,1121.49,1104.9025,1112.0,1110.372301990879,2383254,0.0000,1.0
2026-06-18,1120.49,1122.33,1088.655,1098.57,1096.9619602501077,4470535,0.0000,1.0
2026-06-22,1112.24,1119.45,1093.15,1102.08,1100.4668224623272,3015040,0.0000,1.0
2026-06-23,1117.0,1122.02,1079.22,1107.08,1105.4595036763149,3316278,0.0000,1.0
2026-06-24,1129.41,1135.14,1100.98,1117.26,1115.6246026279941,2908248,0.0000,1.0
2026-06-25,1126.99,1145.43,1114.0,1127.69,1126.0393356403727,2760164,0.0000,1.0
2026-06-26,1128.8,1215.76,1128.0,1208.12,1206.3516056485796,7725847,0.0000,1.0
2026-06-29,1222.78,1238.0,1203.1431,1229.93,1228.1296811039945,3684723,0.0000,1.0
2026-06-30,1228.88,1230.05,1190.2,1199.43,1197.674325698669,3723583,0.0000,1.0
2026-07-01,1217.505,1217.505,1173.93,1191.74,1189.9955819915558,2720449,0.0000,1.0
2026-07-02,1193.01,1232.0,1180.3,1213.91,1212.1331304943776,3297441,0.0000,1.0
2026-07-06,1208.0,1213.79,1183.34,1200.06,1198.3034035316314,2348798,0.0000,1.0
2026-07-07,1232.88,1249.45,1222.77,1235.56,1233.7514401509445,2933770,0.0000,1.0
2026-07-08,1221.095,1241.89,1204.16,1215.83,1214.0503200805488,2608556,0.0000,1.0
2026-07-09,1211.64,1230.0,1200.37,1216.95,1215.1686806724822,2088071,0.0000,1.0
2026-07-10,1210.31,1212.96,1178.32,1188.58,1186.8402074643154,2010190,0.0000,1.0
2026-07-13,1180.11,1196.29,1166.01,1181.87,1180.140029275144,2072666,0.0000,1.0
2026-07-14,1166.01,1166.01,1140.74,1152.54,1150.8529612738917,2642940,0.0000,1.0
2026-07-15,1145.5,1160.82,1134.4,1156.63,1154.936974506934,2552230,0.0000,1.0
2026-07-16,1162.27,1189.0699,1141.2,1169.17,1167.4586189916151,2791060,0.0000,1.0
2026-07-17,1159.445,1187.95,1151.01,1179.11,1177.3840692450226,2757541,0.0000,1.0
2026-07-20,1179.65,1187.12,1144.43,1146.9,1145.2212168645137,2644242,0.0000,1.0
2026-07-21,1143.0,1177.58,1139.0,1175.41,1173.6894851466718,2092000,0.0000,1.0
2026-07-22,1173.905,1175.0,1153.5,1163.01,1161.307635735982,1555768,0.0000,1.0
2026-07-23,1146.615,1189.59,1141.78,1185.87,1184.1341742463342,1909944,0.0000,1.0
2026-07-24,1194.35,1206.94,1187.4983,1196.03,1194.2793024731573,1983288,0.0000,1.0
2026-07-27,1201.0,1205.045,1183.4454,1197.53,1195.7771068373536,1593652,0.0000,1.0
2026-07-28,1217.6,1232.0,1205.01,1220.66,1218.873250133261,2379981,0.0000,1.0
2026-07-29,1215.18,1229.19,1204.8,1210.02,1208.248824509895,2173483,0.0000,1.0
2026-07-30,1174.03,1186.65,1153.14,1154.97,1153.2794043438898,3030710,0.0000,1.0
2026-07-31,1148.51,1150.63,1119.0,1148.84,1147.1583771755406,2884613,0.0000,1.0
2026-08-03,1152.0,1161.9403,1109.15,1121.36,1119.718601223464,2934021,0.0000,1.0
2026-08-04,1117.38,1135.83,1109.16,1115.68,1114.046915364374,4097186,0.0000,1.0
2026-08-05,1174.0,1216.94,1138.4301,1169.86,1168.1476089991452,6445689,0.0000,1.0
2026-08-06,1196.55,1230.88,1173.5,1191.94,1190.1952892401155,3422379,0.0000,1.0
2026-08-07,1188.0,1196.8,1161.2001,1185.71,1183.9744084474867,2898528,0.0000,1.0
2026-08-10,1185.01,1231.94,1184.405,1231.94,1230.1367389520176,3011882,0.0000,1.0
2026-08-11,1230.65,1237.9999,1209.53,1215.02,1213.241505723883,2113241,0.0000,1.0
2026-08-12,1201.73,1226.5,1191.08,1220.28,1218.493806360998,1941576,0.0000,1.0
2026-08-13,1238.3,1240.1,1206.0,1209.0,1207.2303175422417,1927272,0.0000,1.0
2026-08-14,1194.01,1199.0,1171.1956,1180.16,1180.16,2274505,1.7300,1.0
2026-08-17,1175.2,1198.52,1163.5,1183.16,1183.16,1807037,0.0000,1.0
2026-08-18,1200.0,1228.47,1194.01,1225.73,1225.73,2509057,0.0000,1.0
2026-08-19,1245.81,1292.65,1240.54,1280.34,1280.34,4541762,0.0000,1.0
2026-08-20,1274.13,1280.28,1243.2301,1244.4,1244.4,2621394,0.0000,1.0
2026-08-21,1232.0,1271.22,1230.0,1255.4,1255.4,2503262,0.0000,1.0
2026-08-24,1262.14,1262.14,1230.95,1246.93,1246.93,1665577,0.0000,1.0
2026-08-25,1249.0,1264.73,1229.79,1233.66,1233.66,2143184,0.0000,1.0
2026-08-26,1234.0,1235.775,1180.01,1189.41,1189.41,3006472,0.0000,1.0
2026-08-27,1182.25,1190.11,1171.71,1176.1,1176.1,2735051,0.0000,1.0
2026-08-28,1172.66,1180.0,1162.93,1174.61,1174.61,2451810,0.0000,1.0
2026-08-31,1168.47,1171.4479,1147.0,1156.73,1156.73,3057885,0.0000,1.0
2026-09-01,1188.0,1188.325,1156.8501,1160.0,1160.0,2522522,0.0000,1.0
2026-09-02,1164.15,1187.83,1158.0,1160.08,1160.08,2446970,0.0000,1.0
2026-09-03,1170.0,1171.66,1137.5,1159.6,1159.6,2553292,0.0000,1.0
2026-09-04,1150.61,1158.44,1138.306,1149.36,1149.36,2220270,0.0000,1.0
2026-09-08,1133.0,1134.53,1113.55,1123.91,1123.91,2403019,0.0000,1.0
2026-09-09,1127.61,1138.79,1119.0,1124.21,1124.21,2045995,0.0000,1.0
2026-09-10,1126.08,1133.79,1120.52,1123.0,1123.0,1996501,0.0000,1.0
2026-09-11,1129.405,1131.44,1113.2919,1115.7,1115.7,1838397,0.0000,1.0
2026-09-14,1142.2,1153.95,1130.5001,1138.28,1138.28,2131112,0.0000,1.0
2026-09-15,1156.63,1161.0,1131.59,1136.11,1136.11,1887653,0.0000,1.0
2026-09-16,1137.31,1151.23,1132.63,1137.82,1137.82,1476270,0.0000,1.0
2026-09-17,1150.27,1159.75,1138.26,1152.44,1152.44,1898237,0.0000,1.0
2026-09-18,1150.0,1157.6,1140.27,1152.93,1152.93,4549953,0.0000,1.0
2026-09-21,1144.495,1170.8999,1134.41,1164.89,1164.89,2480051,0.0000,1.0
