date,open,high,low,close,adj_close,volume,dividend,split
1999-11-01,105.1,108.6,104.9,108.0,26.814131928341332,2810500,0.0000,1.0
1999-11-02,107.8,108.4,106.0,106.0,26.317573929668345,2550100,0.0000,1.0
1999-11-03,106.6,107.6,105.3,106.8,26.51619712913754,2503300,0.0000,1.0
1999-11-04,107.3,107.4,104.0,105.3,26.1437786301328,2124000,0.0000,1.0
1999-11-05,106.0,106.8,105.5,105.9,26.292746029734698,1653100,0.0000,1.0
1999-11-08,105.9,108.8,105.6,108.6,26.96309932794323,1654300,0.0000,1.0
1999-11-09,108.6,108.6,105.8,107.5,26.689992428673087,1507000,0.0000,1.0
1999-11-10,107.5,107.8,105.6,107.4,26.66516452873944,1351800,0.0000,1.0
1999-11-11,107.1,107.8,105.1,106.4,26.416885529402943,1723000,0.0000,1.0
1999-11-12,106.5,107.0,105.4,107.0,26.56585292900484,1714700,0.0000,1.0
1999-11-15,104.9,107.5,104.9,106.6,26.46654132927024,2000500,0.0000,1.0
1999-11-16,107.2,107.4,106.0,107.4,26.66516452873944,1784400,0.0000,1.0
1999-11-17,107.1,109.8,107.0,109.0,27.062410927677828,1759300,0.0000,1.0
1999-11-18,108.6,109.7,108.3,109.6,27.21137832727972,2735600,0.0000,1.0
1999-11-19,109.3,110.7,108.3,110.5,27.43482942668257,3128400,0.0000,1.0
1999-11-22,109.9,111.9,109.5,110.8,27.509313126483516,2030400,0.0000,1.0
1999-11-23,110.8,113.1,110.3,112.0,27.80724792568731,2770400,0.0000,1.0
1999-11-24,112.3,112.6,109.9,112.4,27.90655952542191,1993200,0.0000,1.0
1999-11-26,112.4,113.3,111.7,113.0,28.055526925023802,731700,0.0000,1.0
1999-11-29,111.9,112.5,110.1,111.5,27.68310842601906,1933700,0.0000,1.0
1999-11-30,110.7,112.8,108.0,108.5,26.93827142800958,2007700,0.0000,1.0
1999-12-01,108.8,112.3,108.6,112.3,27.881731625488257,1910400,0.0000,1.0
1999-12-02,112.3,112.9,111.8,112.5,27.931387425355556,1785000,0.0000,1.0
1999-12-03,113.0,115.6,112.8,113.8,28.254150124493,3093900,0.0000,1.0
1999-12-06,113.1,114.4,112.8,113.4,28.1548385247584,1852300,0.0000,1.0
1999-12-07,113.4,113.6,109.9,109.9,27.28586202708067,2253000,0.0000,1.0
1999-12-08,110.0,111.3,109.9,110.7,27.484485226549868,1354400,0.0000,1.0
1999-12-09,110.9,110.9,108.4,109.9,27.28586202708067,2234300,0.0000,1.0
1999-12-10,109.3,111.3,108.8,110.4,27.41000152674892,1732700,0.0000,1.0
1999-12-13,110.4,111.3,108.6,110.3,27.38517362681527,1228700,0.0000,1.0
1999-12-14,109.0,112.0,108.8,111.6,27.70793632595271,1492100,0.0000,1.0
1999-12-15,111.6,114.8,111.4,112.6,27.956215325289204,2355800,0.0000,1.0
1999-12-16,111.3,111.4,108.4,109.9,27.28586202708067,1981600,0.0000,1.0
1999-12-17,109.94,109.94,106.0,106.25,26.37964367950247,4758400,0.0000,1.0
1999-12-20,106.5,109.2,106.3,107.6,26.714820328606734,2273900,0.0000,1.0
1999-12-21,106.1,106.6,103.5,104.5,25.945155430663604,2746600,0.0000,1.0
1999-12-22,104.8,109.0,104.7,109.0,27.062410927677828,1860300,0.0000,1.0
1999-12-23,109.0,109.6,108.4,109.5,27.186550427346074,1279800,0.0000,1.0
1999-12-27,109.5,111.3,108.6,111.2,27.608624726218114,1566500,0.0000,1.0
1999-12-28,111.0,111.7,109.6,109.8,27.26103412714702,998900,0.0000,1.0
1999-12-29,111.6,111.6,108.6,109.4,27.161722527412426,708400,0.0000,1.0
1999-12-30,109.6,110.5,109.0,109.6,27.21137832727972,710100,0.0000,1.0
1999-12-31,109.8,109.9,108.8,109.6,27.21137832727972,307100,0.0000,1.0
2000-01-03,107.8,107.9,107.1,107.2,26.61550872887214,2137500,0.0000,1.0
2000-01-04,106.4,108.4,103.8,105.1,26.0941228302655,2135400,0.0000,1.0
2000-01-05,104.9,105.4,103.0,104.2,25.870671730862657,2549200,0.0000,1.0
2000-01-06,105.1,109.4,105.1,107.9,26.789304028407685,3262100,0.0000,1.0
2000-01-07,109.6,117.0,109.2,116.5,28.92450342270153,4916000,0.0000,1.0
2000-01-10,115.8,117.3,114.4,115.9,28.775536023099637,3431000,0.0000,1.0
2000-01-11,115.4,117.8,114.4,117.8,29.247266121838972,2210900,0.0000,1.0
2000-01-12,116.6,118.4,116.1,117.0,29.048642922369776,3115800,0.0000,1.0
2000-01-13,116.9,117.0,114.6,115.0,28.55208492369679,2642600,0.0000,1.0
2000-01-14,115.5,117.0,115.4,117.0,29.048642922369776,2452200,0.0000,1.0
2000-01-18,116.9,118.0,116.1,116.9,29.02381502243613,2228400,0.0000,1.0
2000-01-19,114.0,116.0,113.6,115.4,28.730845803219065,2776700,0.3200,1.0
2000-01-20,114.0,114.3,107.6,112.6,28.033736892915655,5115900,0.0000,1.0
2000-01-21,112.6,112.6,99.5,102.7,25.568958960057174,12189400,0.0000,1.0
2000-01-24,96.0,108.88,94.81,96.0,23.9008769246883,14277300,0.0000,1.0
2000-01-25,103.6,103.7,97.0,97.5,24.274328126636558,8548900,0.0000,1.0
2000-01-26,99.0,100.8,98.81,100.6,25.046127277329617,5121600,0.0000,1.0
2000-01-27,102.0,104.4,101.2,104.1,25.917513415208877,4494500,0.0000,1.0
2000-01-28,103.7,103.7,99.38,100.3,24.971437036939967,4791700,0.0000,1.0
2000-01-31,100.3,101.1,98.38,101.1,25.170611011312367,2259100,0.0000,1.0
2000-02-01,100.7,100.9,98.75,99.5,24.772263062567564,2022100,0.0000,1.0
2000-02-02,99.75,99.94,98.38,98.63,24.555661365437576,1960400,0.0000,1.0
2000-02-03,99.81,99.81,96.69,97.81,24.351508041705863,3129800,0.0000,1.0
2000-02-04,97.63,97.69,94.0,94.75,23.589667589731423,3823900,0.0000,1.0
2000-02-07,94.0,94.81,92.56,93.25,23.21621638778317,3232200,0.0000,1.0
2000-02-08,94.0,95.88,92.81,95.75,23.838635057696926,3393900,0.0000,1.0
2000-02-09,95.25,95.88,93.75,94.0,23.402941988757295,3127900,0.0000,1.0
2000-02-10,93.75,94.69,90.06,91.44,22.76558527076561,2633900,0.0000,1.0
2000-02-11,91.31,93.94,91.31,93.75,23.34070012176592,2667500,0.0000,1.0
2000-02-14,93.69,93.81,91.0,91.88,22.87513095667043,2626100,0.0000,1.0
2000-02-15,92.5,95.81,92.13,95.75,23.838635057696926,3432000,0.0000,1.0
2000-02-16,95.81,96.25,93.0,94.05,23.41539036215557,2657300,0.0000,1.0
2000-02-17,94.0,95.0,93.0,94.19,23.450245807670743,2341200,0.0000,1.0
2000-02-18,93.81,94.44,92.0,93.63,23.31082402561006,2325800,0.0000,1.0
2000-02-22,92.31,93.44,90.06,92.88,23.124098424635932,2613400,0.0000,1.0
2000-02-23,92.88,92.88,90.13,90.63,22.56392162171355,2678500,0.0000,1.0
2000-02-24,90.38,90.88,86.56,88.5,22.03362091494703,3611600,0.0000,1.0
2000-02-25,88.75,89.0,85.13,85.13,21.19460054790328,3588600,0.0000,1.0
2000-02-28,85.81,90.0,85.0,88.38,22.00374481879117,3540800,0.0000,1.0
2000-02-29,89.5,89.88,87.25,87.88,21.879261084808416,3330900,0.0000,1.0
2000-03-01,88.0,88.69,86.88,88.25,21.971379047955654,2076800,0.0000,1.0
2000-03-02,88.0,88.44,86.69,87.31,21.73734962806808,1782900,0.0000,1.0
2000-03-03,87.81,89.81,87.0,88.44,22.0186828668691,2451100,0.0000,1.0
2000-03-06,88.38,88.44,86.63,87.44,21.769715398903596,1834300,0.0000,1.0
2000-03-07,58.0,72.38,57.25,61.0,15.187015545895692,68643600,0.0000,1.0
2000-03-08,61.0,61.69,57.13,58.0,14.440113141999182,37292100,0.0000,1.0
2000-03-09,58.5,59.5,56.5,57.75,14.377871275007807,17108600,0.0000,1.0
2000-03-10,57.13,57.75,52.75,53.75,13.382001403145795,24280800,0.0000,1.0
2000-03-13,53.75,57.25,53.25,57.25,14.253387541025056,17998400,0.0000,1.0
2000-03-14,57.44,58.0,55.13,55.75,13.879936339076801,10371000,0.0000,1.0
2000-03-15,56.44,58.5,54.63,58.5,14.564596875981934,12368700,0.0000,1.0
2000-03-16,59.69,60.5,58.75,59.88,14.908171981774329,13702600,0.0000,1.0
2000-03-17,59.88,59.88,57.0,57.63,14.347995178851948,11101200,0.0000,1.0
2000-03-20,58.38,59.03,57.44,58.13,14.4724789128347,5928000,0.0000,1.0
2000-03-21,57.19,57.5,56.13,57.0,14.19114567403368,7466500,0.0000,1.0
2000-03-22,57.25,57.69,55.38,57.0,14.19114567403368,7745100,0.0000,1.0
2000-03-23,55.94,56.88,55.56,56.19,13.989482024981621,6810900,0.0000,1.0
2000-03-24,56.44,56.5,55.12,56.44,14.051723891972998,7155800,0.0000,1.0
2000-03-27,56.25,57.0,55.13,55.25,13.75545260509405,5954700,0.0000,1.0
2000-03-28,55.19,57.13,55.19,57.0,14.19114567403368,6028800,0.0000,1.0
2000-03-29,57.19,58.75,57.13,58.69,14.611900694895379,7865800,0.0000,1.0
2000-03-30,58.94,60.13,58.0,58.0,14.440113141999182,8004000,0.0000,1.0
2000-03-31,59.5,59.5,56.25,56.75,14.128903807042304,6016800,0.0000,1.0
2000-04-03,56.75,60.0,56.75,59.5,14.813564343947437,5035700,0.0000,1.0
2000-04-04,60.88,64.0,60.0,63.44,15.79449616773152,13757000,0.0000,1.0
2000-04-05,62.69,63.63,61.56,61.56,15.326437327956375,6810000,0.0000,1.0
2000-04-06,62.0,62.94,61.0,62.75,15.622708614835323,3913500,0.0000,1.0
2000-04-07,63.38,63.75,62.5,63.44,15.79449616773152,3897400,0.0000,1.0
2000-04-10,63.94,66.0,63.75,66.0,16.43185288572321,5873500,0.0000,1.0
2000-04-11,65.63,66.81,63.75,66.44,16.54139857162803,5098800,0.0000,1.0
2000-04-12,67.94,72.75,67.63,69.31,17.255935204689024,10322900,0.0000,1.0
2000-04-13,69.5,69.88,67.19,69.5,17.30323902360247,5676700,0.0000,1.0
2000-04-14,68.0,68.25,62.0,63.0,15.684950481826698,8690900,0.0000,1.0
2000-04-17,62.88,69.13,62.75,69.0,17.17875528961972,7527000,0.0000,1.0
2000-04-18,68.56,68.56,65.38,66.06,16.5264605235501,7193800,0.3200,1.0
2000-04-19,66.31,67.75,65.56,66.06,16.5264605235501,3961600,0.0000,1.0
2000-04-20,66.13,69.0,66.13,68.94,17.24696016490378,4069600,0.0000,1.0
2000-04-24,68.94,71.0,68.5,70.5,17.637230803970358,4361600,0.0000,1.0
2000-04-25,70.5,70.5,63.44,64.25,16.073646512838234,10329200,0.0000,1.0
2000-04-26,63.25,63.38,59.88,60.75,15.198039309804246,12302700,0.0000,1.0
2000-04-27,60.0,62.25,59.25,60.88,15.230561863059794,7596500,0.0000,1.0
2000-04-28,60.94,60.94,59.13,59.75,14.947865823223106,5313700,0.0000,1.0
2000-05-01,59.81,60.44,58.75,59.7,14.935357148894049,3763800,0.0000,1.0
2000-05-02,59.44,60.06,59.0,59.81,14.962876232417974,2846100,0.0000,1.0
2000-05-03,60.63,61.63,60.31,60.63,15.168018491414509,3629700,0.0000,1.0
2000-05-04,60.56,61.69,60.0,60.44,15.12048552896409,3300400,0.0000,1.0
2000-05-05,60.25,60.88,59.81,60.88,15.230561863059794,2201500,0.0000,1.0
2000-05-08,60.13,61.38,60.06,61.19,15.308115643899946,2794300,0.0000,1.0
2000-05-09,61.25,63.06,61.25,62.75,15.698386282966524,4226400,0.0000,1.0
2000-05-10,63.31,64.81,62.94,64.19,16.058636103643366,4104000,0.0000,1.0
2000-05-11,64.38,65.19,63.25,65.0,16.26127662777409,3333400,0.0000,1.0
2000-05-12,65.0,65.56,63.63,64.13,16.043625694448497,2127900,0.0000,1.0
2000-05-15,63.88,65.25,63.31,64.88,16.23125580938435,2324000,0.0000,1.0
2000-05-16,64.88,65.31,63.88,64.5,16.13618988448352,3154400,0.0000,1.0
2000-05-17,64.5,65.0,63.75,65.0,16.26127662777409,3022200,0.0000,1.0
2000-05-18,64.75,65.31,64.5,64.75,16.198733256128804,2583200,0.0000,1.0
2000-05-19,64.25,65.19,64.06,65.06,16.27628703696896,2981900,0.0000,1.0
2000-05-22,65.19,65.38,64.31,64.88,16.23125580938435,3093100,0.0000,1.0
2000-05-23,64.38,65.19,63.75,64.38,16.10616906609378,2647700,0.0000,1.0
2000-05-24,64.56,66.25,64.38,65.88,16.48142929596549,4406800,0.0000,1.0
2000-05-25,65.63,66.0,64.75,65.94,16.49643970516036,3308700,0.0000,1.0
2000-05-26,65.75,66.44,65.63,66.25,16.573993486000514,2231700,0.0000,1.0
2000-05-30,66.31,66.38,65.75,66.13,16.543972667610777,2185000,0.0000,1.0
2000-05-31,66.0,66.88,65.56,66.5,16.636536857645797,2104400,0.0000,1.0
2000-06-01,66.13,66.38,65.38,65.63,16.418885924320207,3850500,0.0000,1.0
2000-06-02,65.38,65.38,63.5,64.0,16.01110314119295,5231300,0.0000,1.0
2000-06-05,64.0,64.0,62.5,63.31,15.838483435451964,3793300,0.0000,1.0
2000-06-06,62.88,63.69,62.63,63.25,15.823473026257094,2174100,0.0000,1.0
2000-06-07,62.88,63.88,61.88,61.88,15.480735349640934,3139000,0.0000,1.0
2000-06-08,58.63,60.0,55.88,57.5,14.38497547841554,22596700,0.0000,1.0
2000-06-09,56.81,57.5,55.81,57.0,14.25988873512497,8989500,0.0000,1.0
2000-06-12,57.0,57.19,56.06,56.38,14.104781173444664,4660900,0.0000,1.0
2000-06-13,55.81,57.0,55.81,57.0,14.25988873512497,4633600,0.0000,1.0
2000-06-14,56.75,57.13,56.06,57.0,14.25988873512497,4039400,0.0000,1.0
2000-06-15,57.19,57.5,56.44,56.75,14.197345363479686,5728800,0.0000,1.0
2000-06-16,57.0,57.19,55.5,55.5,13.88462850525326,5786700,0.0000,1.0
2000-06-19,56.19,56.5,55.06,56.09,14.032230862336135,3356300,0.0000,1.0
2000-06-20,55.88,56.0,54.94,55.25,13.822085133607976,4000000,0.0000,1.0
2000-06-21,55.38,55.44,54.25,54.56,13.649465427866991,4099000,0.0000,1.0
2000-06-22,54.63,54.81,54.06,54.13,13.5418908286371,3594800,0.0000,1.0
2000-06-23,54.75,55.44,54.25,54.94,13.744531352767822,4208500,0.0000,1.0
2000-06-26,55.0,55.81,54.94,55.63,13.917151058508809,3585600,0.0000,1.0
2000-06-27,55.5,56.63,55.13,55.63,13.917151058508809,4258200,0.0000,1.0
2000-06-28,55.5,56.0,55.13,55.55,13.897137179582318,3695600,0.0000,1.0
2000-06-29,55.06,55.13,53.63,53.63,13.41680408534653,4877500,0.0000,1.0
2000-06-30,53.56,57.35,53.25,56.75,14.197345363479686,11984500,0.0000,1.0
2000-07-03,56.75,56.81,55.19,55.88,13.979694430154094,2797600,0.0000,1.0
2000-07-05,56.25,56.31,55.25,55.63,13.917151058508809,3672000,0.0000,1.0
2000-07-06,56.0,56.0,55.0,55.25,13.822085133607976,4064800,0.0000,1.0
2000-07-07,55.69,55.69,54.19,54.88,13.729520943572956,4453700,0.0000,1.0
2000-07-10,55.06,55.69,55.0,55.44,13.869618096058392,4685200,0.0000,1.0
2000-07-11,55.5,55.63,54.5,55.13,13.79206431521824,3483300,0.0000,1.0
2000-07-12,54.88,55.5,54.19,55.13,13.79206431521824,4266600,0.0000,1.0
2000-07-13,55.25,55.44,54.31,54.56,13.649465427866991,3649500,0.0000,1.0
2000-07-14,54.75,56.25,54.69,56.0,14.00971524854383,5047100,0.0000,1.0
2000-07-17,56.25,57.25,56.06,56.13,14.042237801799379,3970600,0.0000,1.0
2000-07-18,56.19,58.25,56.0,58.25,14.572605593351396,4492400,0.0000,1.0
2000-07-19,57.94,59.13,57.56,59.13,14.880318981846198,4810400,0.3500,1.0
2000-07-20,59.25,59.56,58.5,59.0,14.84760392235626,5135600,0.0000,1.0
2000-07-21,59.25,59.44,58.81,59.13,14.880318981846198,3045800,0.0000,1.0
2000-07-24,59.19,59.44,59.0,59.0,14.84760392235626,3940900,0.0000,1.0
2000-07-25,59.5,60.81,59.44,60.63,15.257800437499323,4236500,0.0000,1.0
2000-07-26,59.25,59.94,59.25,59.65,15.011179219805946,3704900,0.0000,1.0
2000-07-27,59.56,60.75,59.31,59.56,14.98853033246676,3005200,0.0000,1.0
2000-07-28,59.94,60.0,59.0,59.19,14.895418240072322,4137000,0.0000,1.0
2000-07-31,58.75,59.0,56.5,57.0,14.344295314818758,5954400,0.0000,1.0
2000-08-01,56.0,60.0,55.38,58.75,14.784690346414072,7966200,0.0000,1.0
2000-08-02,59.38,59.63,57.63,58.19,14.643763936303571,4563500,0.0000,1.0
2000-08-03,58.44,59.06,57.81,58.06,14.611048876813635,2502300,0.0000,1.0
2000-08-04,58.06,58.06,57.13,57.38,14.439923950250884,2355100,0.0000,1.0
2000-08-07,57.31,57.75,57.0,57.13,14.377010374308698,2041400,0.0000,1.0
2000-08-08,57.0,57.0,56.25,56.5,14.218468162934384,2536200,0.0000,1.0
2000-08-09,56.56,56.75,56.0,56.31,14.170653845218322,3420800,0.0000,1.0
2000-08-10,56.56,56.94,56.31,56.81,14.296480997102698,1884700,0.0000,1.0
2000-08-11,56.88,58.5,56.44,58.25,14.658863194529697,2863700,0.0000,1.0
2000-08-14,58.31,59.69,58.06,59.25,14.910517498298447,3050100,0.0000,1.0
2000-08-15,59.75,62.75,59.56,62.0,15.60256683366251,7591000,0.0000,1.0
2000-08-16,62.0,62.19,61.25,62.0,15.60256683366251,4279100,0.0000,1.0
2000-08-17,62.5,62.69,61.5,62.25,15.665480409604697,3215000,0.0000,1.0
2000-08-18,62.25,63.19,62.13,63.0,15.85422113743126,3724200,0.0000,1.0
2000-08-21,63.19,63.44,63.0,63.19,15.902035455147322,1892100,0.0000,1.0
2000-08-22,63.44,64.31,63.38,64.13,16.138590500689947,3082800,0.0000,1.0
2000-08-23,64.06,64.5,63.88,64.31,16.183888275368325,1983700,0.0000,1.0
2000-08-24,64.25,64.25,62.13,62.94,15.839121879205134,4267100,0.0000,1.0
2000-08-25,62.13,62.75,61.38,62.75,15.791307561489072,3293000,0.0000,1.0
2000-08-28,62.75,63.25,62.31,62.75,15.791307561489072,2041200,0.0000,1.0
2000-08-29,63.0,63.0,62.19,62.5,15.728393985546886,1770600,0.0000,1.0
2000-08-30,62.06,62.31,61.56,62.06,15.617666091888635,1920300,0.0000,1.0
2000-08-31,61.88,62.25,61.38,61.83,15.559785602021822,2707300,0.0000,1.0
2000-09-01,61.63,61.69,61.0,61.38,15.446541165325886,2157000,0.0000,1.0
2000-09-05,61.44,62.69,61.13,62.5,15.728393985546886,2487600,0.0000,1.0
2000-09-06,62.75,64.38,62.5,63.44,15.96494903108951,5917500,0.0000,1.0
2000-09-07,63.69,63.81,62.56,62.63,15.761109045036823,2933900,0.0000,1.0
2000-09-08,62.75,63.5,62.63,63.44,15.96494903108951,3341800,0.0000,1.0
2000-09-11,63.31,63.75,62.38,62.69,15.776208303262948,2453300,0.0000,1.0
2000-09-12,62.56,63.31,62.31,63.06,15.869320395657386,2393700,0.0000,1.0
2000-09-13,63.0,63.0,62.13,62.5,15.728393985546886,2093000,0.0000,1.0
2000-09-14,61.81,62.25,60.06,61.3,15.426408821024385,6257100,0.0000,1.0
2000-09-15,62.44,63.06,61.94,62.5,15.728393985546886,4544700,0.0000,1.0
2000-09-18,61.94,62.5,61.0,62.13,15.635281893152449,3854500,0.0000,1.0
2000-09-19,61.88,62.44,61.31,61.5,15.476739681778135,2866000,0.0000,1.0
2000-09-20,61.0,61.81,60.5,61.81,15.554752515946449,3727900,0.0000,1.0
2000-09-21,61.56,63.38,61.5,62.88,15.824022620979012,3701100,0.0000,1.0
2000-09-22,63.25,64.38,63.0,63.88,16.07567692474776,4398400,0.0000,1.0
2000-09-25,64.06,64.06,62.19,63.13,15.886936196921198,3405100,0.0000,1.0
2000-09-26,63.06,63.31,60.44,61.75,15.539653257720323,6753100,0.0000,1.0
2000-09-27,61.63,62.38,60.13,61.75,15.539653257720323,4888000,0.0000,1.0
2000-09-28,66.94,67.81,61.06,66.94,16.845739094280134,15050400,0.0000,1.0
2000-09-29,67.0,67.69,66.44,67.0,16.86083835250626,5362200,0.0000,1.0
2000-10-02,67.06,68.06,66.56,68.06,17.127591914501135,3646400,0.0000,1.0
2000-10-03,68.0,69.69,67.81,68.81,17.316332642327698,4137400,0.0000,1.0
2000-10-04,68.63,70.69,68.56,70.13,17.64851632330245,5186700,0.0000,1.0
2000-10-05,71.88,73.19,71.5,73.0,18.37076417511876,6532200,0.0000,1.0
2000-10-06,73.13,74.88,72.75,73.94,18.607319220661385,4706700,0.0000,1.0
2000-10-09,73.0,73.56,72.44,72.88,18.34056565866651,2481900,0.0000,1.0
2000-10-10,72.5,73.0,72.06,72.44,18.229837765008263,2500600,0.0000,1.0
2000-10-11,72.25,74.0,72.13,73.5,18.496591327003138,3694300,0.0000,1.0
2000-10-12,73.25,74.44,72.44,73.63,18.529306386493072,3832600,0.0000,1.0
2000-10-13,72.75,73.44,72.13,72.63,18.277652082724323,4019700,0.0000,1.0
2000-10-16,72.38,72.38,71.06,71.94,18.104010613123886,2834600,0.0000,1.0
2000-10-17,71.5,74.0,71.19,73.31,18.448777009287074,3040100,0.0000,1.0
2000-10-18,72.69,74.94,72.19,74.69,18.884138954807007,3864300,0.3500,1.0
2000-10-19,74.13,74.25,72.31,73.0,18.456850230297384,4079700,0.0000,1.0
2000-10-20,72.19,73.31,72.13,72.88,18.426510202521552,2648800,0.0000,1.0
2000-10-23,72.69,72.69,69.56,69.56,17.58710276739022,3063700,0.0000,1.0
2000-10-24,71.0,73.69,70.56,73.63,18.616135376120496,3334600,0.0000,1.0
2000-10-25,73.88,75.75,73.19,74.94,18.947347346006655,4646700,0.0000,1.0
2000-10-26,75.13,75.94,73.56,74.94,18.947347346006655,2862200,0.0000,1.0
2000-10-27,73.75,76.94,73.5,76.94,19.453014475603844,4198200,0.0000,1.0
2000-10-30,76.0,76.88,74.31,76.88,19.43784446171593,5899600,0.0000,1.0
2000-10-31,75.0,75.13,69.81,71.44,18.062429869211577,11919300,0.0000,1.0
2000-11-01,70.88,70.94,68.31,69.0,17.445515971103006,6889100,0.0000,1.0
2000-11-02,68.75,69.38,67.31,67.94,17.177512392416496,4509200,0.0000,1.0
2000-11-03,67.75,68.69,67.13,68.25,17.255890797504062,3255400,0.0000,1.0
2000-11-06,68.25,69.0,67.81,68.5,17.31909918870371,2819800,0.0000,1.0
2000-11-07,68.63,69.19,67.5,68.44,17.303929174815792,2430900,0.0000,1.0
2000-11-08,68.25,70.19,68.13,69.44,17.55676273961439,2883100,0.0000,1.0
2000-11-09,70.0,71.5,68.06,69.5,17.571932753502303,6041700,0.0000,1.0
2000-11-10,70.13,72.5,70.0,71.63,18.110468246523308,3125200,0.0000,1.0
2000-11-13,71.5,73.06,71.38,72.25,18.26722505669844,3081500,0.0000,1.0
2000-11-14,72.25,72.88,71.25,72.44,18.31526343401017,3728800,0.0000,1.0
2000-11-15,73.0,73.88,72.63,73.38,18.55292698492085,2759100,0.0000,1.0
2000-11-16,72.69,74.81,72.13,74.06,18.724853808983895,2686600,0.0000,1.0
2000-11-17,73.88,75.75,73.88,75.75,19.152142533493517,3954000,0.0000,1.0
2000-11-20,74.75,75.88,73.94,74.94,18.947347346006655,3035900,0.0000,1.0
2000-11-21,74.13,74.5,72.75,74.06,18.724853808983895,2833000,0.0000,1.0
2000-11-22,74.0,75.94,73.94,75.44,19.073764128405955,3293300,0.0000,1.0
2000-11-24,74.25,74.5,73.44,73.63,18.616135376120496,1376500,0.0000,1.0
2000-11-27,72.88,73.75,72.69,72.88,18.426510202521552,2654900,0.0000,1.0
2000-11-28,73.0,74.13,72.5,73.69,18.631305390008414,2831400,0.0000,1.0
2000-11-29,73.69,75.94,73.5,75.56,19.104104156181787,2640100,0.0000,1.0
2000-11-30,74.75,75.94,74.38,74.88,18.93217733211874,3376200,0.0000,1.0
2000-12-01,74.13,74.81,73.19,73.94,18.694513781208062,2986100,0.0000,1.0
2000-12-04,73.75,75.88,73.06,75.38,19.058594114518037,2450400,0.0000,1.0
2000-12-05,75.0,76.19,73.06,73.19,18.504888607609118,3914000,0.0000,1.0
2000-12-06,73.31,73.94,71.44,72.13,18.236885028922607,3296500,0.0000,1.0
2000-12-07,71.75,74.56,71.75,73.56,18.598437026584598,2096600,0.0000,1.0
2000-12-08,73.5,73.56,70.88,71.25,18.014391491899843,3429600,0.0000,1.0
2000-12-11,70.75,70.75,68.88,69.06,17.460685984990924,3377900,0.0000,1.0
2000-12-12,71.25,73.5,70.5,71.94,18.188846651610874,4655200,0.0000,1.0
2000-12-13,71.63,72.63,71.25,72.44,18.31526343401017,1892200,0.0000,1.0
2000-12-14,71.5,74.75,71.38,73.5,18.58326701269668,3142500,0.0000,1.0
2000-12-15,71.38,73.81,71.38,71.38,18.04725985532366,6109200,0.0000,1.0
2000-12-18,72.63,73.38,71.94,72.63,18.363301811321904,2863300,0.0000,1.0
2000-12-19,72.69,74.75,71.81,73.13,18.4897185937212,2675800,0.0000,1.0
2000-12-20,72.63,74.88,71.88,72.56,18.345603461786002,4162400,0.0000,1.0
2000-12-21,72.56,74.88,72.31,74.5,18.836100577495277,3209900,0.0000,1.0
2000-12-22,74.5,74.5,72.5,73.75,18.64647540389633,2745900,0.0000,1.0
2000-12-26,73.69,74.75,72.75,74.44,18.82093056360736,1777200,0.0000,1.0
2000-12-27,74.38,79.31,74.0,76.5,19.341767707092465,7448000,0.0000,1.0
2000-12-28,77.0,77.63,75.31,77.25,19.53139288069141,3040000,0.0000,1.0
2000-12-29,77.5,78.94,76.38,78.44,19.832264822801736,2640000,0.0000,1.0
2001-01-02,78.13,78.88,76.75,78.5,19.847434836689654,3423900,0.0000,1.0
2001-01-03,78.5,79.19,74.0,74.63,18.868968940919093,5590000,0.0000,1.0
2001-01-04,74.56,74.63,71.31,72.31,18.282395070586354,4170800,0.0000,1.0
2001-01-05,72.25,75.44,71.63,74.94,18.947347346006655,4276900,0.0000,1.0
2001-01-08,74.31,77.31,74.25,76.56,19.35693772098038,3620900,0.0000,1.0
2001-01-09,75.75,75.75,73.63,74.63,18.868968940919093,4741300,0.0000,1.0
2001-01-10,73.63,74.5,72.44,73.81,18.661645417784246,2875300,0.0000,1.0
2001-01-11,73.81,74.13,71.75,72.75,18.393641839097736,2845900,0.0000,1.0
2001-01-12,73.25,73.31,70.06,70.31,17.776727940989165,3784000,0.0000,1.0
2001-01-16,70.94,72.5,70.5,71.94,18.188846651610874,2335500,0.0000,1.0
2001-01-17,71.63,71.75,69.94,70.19,17.834879660892838,3805200,0.3500,1.0
2001-01-18,70.13,72.25,69.75,70.81,17.992418133463772,3398700,0.0000,1.0
2001-01-19,70.06,70.63,69.75,69.94,17.771356083243273,3127400,0.0000,1.0
2001-01-22,69.88,70.5,68.25,69.13,17.565539691658667,3103400,0.0000,1.0
2001-01-23,68.69,70.75,68.31,69.44,17.644308927944135,2783000,0.0000,1.0
2001-01-24,69.88,70.13,68.13,69.94,17.771356083243273,2264100,0.0000,1.0
2001-01-25,69.25,70.69,69.0,69.94,17.771356083243273,2727400,0.0000,1.0
2001-01-26,70.63,71.5,68.75,69.25,17.596031008930463,3103800,0.0000,1.0
2001-01-29,69.0,69.24,66.75,66.85,16.986204663494604,4611800,0.0000,1.0
2001-01-30,69.5,71.4,69.25,71.1,18.066105483537267,5612400,0.0000,1.0
2001-01-31,71.0,72.0,69.5,71.84,18.254135273379994,4165900,0.0000,1.0
2001-02-01,72.0,74.13,71.84,73.95,18.79027426874235,3776700,0.0000,1.0
2001-02-02,74.3,74.55,73.3,73.76,18.74199634972868,3696700,0.0000,1.0
2001-02-05,73.99,75.29,73.77,74.35,18.891911992981658,3393200,0.0000,1.0
2001-02-06,74.85,74.95,72.8,74.12,18.833470301544057,3595400,0.0000,1.0
2001-02-07,73.85,75.9,72.21,75.19,19.10535121388421,3743300,0.0000,1.0
2001-02-08,75.19,75.35,74.4,74.9,19.03166386381071,1879100,0.0000,1.0
2001-02-09,75.09,75.5,74.5,74.99,19.054532351764554,2263000,0.0000,1.0
2001-02-12,74.99,75.75,74.36,75.1,19.082482725930365,2522200,0.0000,1.0
2001-02-13,74.9,74.9,73.56,74.55,18.942730855101313,2894000,0.0000,1.0
2001-02-14,74.5,74.5,73.5,73.69,18.724209747986798,2265700,0.0000,1.0
2001-02-15,73.15,74.4,73.07,73.86,18.767405780788504,3710700,0.0000,1.0
2001-02-16,74.49,75.09,74.3,74.84,19.016418205174816,3544900,0.0000,1.0
2001-02-20,75.45,75.78,74.82,75.71,19.23748025539531,3181900,0.0000,1.0
2001-02-21,76.5,77.03,76.15,76.8,19.51444305394743,3979300,0.0000,1.0
2001-02-22,77.0,77.15,74.76,76.1,19.336577036528638,3444900,0.0000,1.0
2001-02-23,75.9,75.9,73.7,75.03,19.064696124188487,2737200,0.0000,1.0
2001-02-26,72.25,72.26,70.13,71.11,18.06864642664325,6031400,0.0000,1.0
2001-02-27,71.0,71.49,70.26,70.7,17.96446775929796,4533600,0.0000,1.0
2001-02-28,70.7,71.2,69.85,70.5,17.913648897178305,3592500,0.0000,1.0
2001-03-01,70.0,70.65,68.25,68.65,17.4435744225715,4163500,0.0000,1.0
2001-03-02,67.8,69.8,67.76,69.65,17.697668733169774,2906900,0.0000,1.0
2001-03-05,70.9,71.4,69.8,70.16,17.827256831574893,2681200,0.0000,1.0
2001-03-06,69.65,69.66,68.7,69.05,17.545212146810808,2588700,0.0000,1.0
2001-03-07,68.6,69.45,68.01,68.52,17.41054216219372,1916700,0.0000,1.0
2001-03-08,68.9,71.2,68.3,71.0,18.040696052477443,2617100,0.0000,1.0
2001-03-09,70.25,70.4,68.66,69.14,17.56808063476465,2662100,0.0000,1.0
2001-03-12,68.75,70.6,68.0,68.25,17.34193669833219,3370600,0.0000,1.0
2001-03-13,68.35,68.95,67.26,68.14,17.31398632416638,2682100,0.0000,1.0
2001-03-14,67.0,67.7,66.38,66.6,16.922681085845035,3226700,0.0000,1.0
2001-03-15,66.75,66.99,63.9,64.94,16.500884530251902,4514400,0.0000,1.0
2001-03-16,64.55,65.93,63.88,64.7,16.439901895708317,5497500,0.0000,1.0
2001-03-19,64.9,67.15,64.55,65.9,16.74481506842625,3725400,0.0000,1.0
2001-03-20,65.9,68.2,65.6,65.9,16.74481506842625,3270100,0.0000,1.0
2001-03-21,65.8,65.8,63.0,63.2,16.058760429810906,5078200,0.0000,1.0
2001-03-22,62.8,63.25,60.3,62.75,15.944417990041684,6070400,0.0000,1.0
2001-03-23,61.6,61.95,59.86,60.2,15.296477498016086,5288100,0.0000,1.0
2001-03-26,61.0,61.1,59.25,60.42,15.352378246347705,4673500,0.0000,1.0
2001-03-27,61.0,62.8,60.91,62.18,15.799584233000667,4011400,0.0000,1.0
2001-03-28,61.8,62.75,60.7,62.07,15.771633858834857,3218000,0.0000,1.0
2001-03-29,62.07,63.05,60.6,61.25,15.563276524144273,3315100,0.0000,1.0
2001-03-30,61.5,62.8,60.5,62.6,15.906303843451942,2799300,0.0000,1.0
2001-04-02,63.0,63.65,61.06,61.6,15.652209532853668,2988400,0.0000,1.0
2001-04-03,61.05,61.74,60.07,61.1,15.525162377554532,3254100,0.0000,1.0
2001-04-04,60.4,60.99,58.9,60.87,15.466720686116927,4015500,0.0000,1.0
2001-04-05,61.0,61.65,60.0,61.55,15.639504817323754,3238200,0.0000,1.0
2001-04-06,61.5,62.37,59.9,61.68,15.67253707770153,3014100,0.0000,1.0
2001-04-09,62.0,62.0,59.95,60.34,15.332050701499844,2607100,0.0000,1.0
2001-04-10,60.0,60.2,57.75,58.7,14.915336032118676,5342500,0.0000,1.0
2001-04-11,58.0,59.05,57.46,58.98,14.98648243908619,3794000,0.0000,1.0
2001-04-12,58.9,59.43,58.1,58.8,14.940745463178501,2898500,0.0000,1.0
2001-04-16,59.2,59.94,58.04,59.15,15.029678471887896,2752600,0.0000,1.0
2001-04-17,58.3,58.65,55.96,57.4,14.585013428340918,6993000,0.0000,1.0
2001-04-18,57.75,60.0,56.75,57.43,14.681569266368264,5131200,0.3500,1.0
2001-04-19,57.9,58.99,57.5,58.96,15.072702837281435,3998700,0.0000,1.0
2001-04-20,58.71,59.62,57.68,58.0,14.82728569474768,4044500,0.0000,1.0
2001-04-23,58.0,58.45,57.77,58.05,14.840067837587979,2988200,0.0000,1.0
2001-04-24,57.0,57.74,56.2,56.64,14.479611409491529,5480200,0.0000,1.0
2001-04-25,56.8,57.84,56.7,57.56,14.714802837753043,3699700,0.0000,1.0
2001-04-26,58.1,58.3,57.78,58.3,14.903978551789479,3599300,0.0000,1.0
2001-04-27,58.4,59.83,58.1,59.83,15.29511212270265,2782800,0.0000,1.0
2001-04-30,60.05,60.29,59.25,60.05,15.351353551199969,4165200,0.0000,1.0
2001-05-01,62.8,64.84,62.25,64.18,16.407158549808727,8687800,0.0000,1.0
2001-05-02,64.85,64.85,63.5,64.15,16.39948926410455,6403800,0.0000,1.0
2001-05-03,64.75,64.75,63.68,64.27,16.430166406921266,3970500,0.0000,1.0
2001-05-04,63.75,64.51,63.25,64.27,16.430166406921266,2821600,0.0000,1.0
2001-05-07,64.4,64.95,63.9,64.65,16.527310692507545,1848900,0.0000,1.0
2001-05-08,64.5,64.76,63.54,64.5,16.488964263986645,2249000,0.0000,1.0
2001-05-09,64.5,66.24,63.95,66.19,16.921000691988773,4392600,0.0000,1.0
2001-05-10,66.45,66.5,65.1,65.84,16.831525692106677,2345900,0.0000,1.0
2001-05-11,65.84,66.28,65.15,65.5,16.74460712079264,1625700,0.0000,1.0
2001-05-14,65.99,66.17,65.3,66.05,16.885210692035937,1396400,0.0000,1.0
2001-05-15,66.06,66.24,65.42,65.98,16.867315692059517,2327100,0.0000,1.0
2001-05-16,66.3,68.29,66.15,68.29,17.457850691281365,3467700,0.0000,1.0
2001-05-17,67.75,68.3,66.7,67.15,17.16641783452253,3180400,0.0000,1.0
2001-05-18,67.16,67.48,66.42,67.48,17.25077997726851,2388600,0.0000,1.0
2001-05-21,65.0,66.15,64.4,65.25,16.680696406591142,5860400,0.0000,1.0
2001-05-22,65.3,65.6,63.95,64.0,16.361142835583646,4036700,0.0000,1.0
2001-05-23,64.6,64.93,63.65,64.19,16.409714978376787,3273900,0.0000,1.0
2001-05-24,64.0,64.59,63.55,64.25,16.425053549785147,2580100,0.0000,1.0
2001-05-25,64.25,64.3,63.26,63.5,16.23332140718065,2176500,0.0000,1.0
2001-05-29,63.8,64.64,63.55,64.64,16.524754263939485,2859900,0.0000,1.0
2001-05-30,64.6,64.97,63.69,64.37,16.45573069260187,2334700,0.0000,1.0
2001-05-31,64.0,64.5,63.81,64.24,16.422497121217084,2134400,0.0000,1.0
2001-06-01,64.23,64.24,63.25,63.51,16.23587783574871,1865400,0.0000,1.0
2001-06-04,63.5,63.74,63.04,63.6,16.25888569286125,2458800,0.0000,1.0
2001-06-05,63.61,64.12,63.25,64.08,16.381594264128125,2668300,0.0000,1.0
2001-06-06,65.25,66.3,64.51,64.67,16.532423549643664,3957100,0.0000,1.0
2001-06-07,64.75,65.6,64.7,64.92,16.59633426384516,2533200,0.0000,1.0
2001-06-08,65.15,65.18,64.01,64.28,16.432722835489326,2066000,0.0000,1.0
2001-06-11,64.5,64.77,64.06,64.35,16.450617835465746,1304200,0.0000,1.0
2001-06-12,65.25,65.6,64.91,65.5,16.74460712079264,3466600,0.0000,1.0
2001-06-13,65.95,65.98,64.89,64.95,16.604003549549343,2223000,0.0000,1.0
2001-06-14,64.95,65.6,64.53,64.86,16.5809956924368,2312200,0.0000,1.0
2001-06-15,64.4,64.88,62.47,62.6,16.003242836055257,6977800,0.0000,1.0
2001-06-18,62.4,62.4,61.68,62.15,15.888203550492557,3628600,0.0000,1.0
2001-06-19,62.25,62.75,61.91,62.41,15.954670693262115,3521600,0.0000,1.0
2001-06-20,62.5,62.93,62.01,62.55,15.990460693214954,2297900,0.0000,1.0
2001-06-21,62.01,63.35,61.96,62.35,15.939332121853758,3170400,0.0000,1.0
2001-06-22,62.4,63.49,62.3,63.28,16.17707997868333,2291600,0.0000,1.0
2001-06-25,63.25,63.8,62.7,62.8,16.054371407416454,1640800,0.0000,1.0
2001-06-26,62.8,64.15,62.79,63.86,16.32535283563081,2695600,0.0000,1.0
2001-06-27,63.71,64.33,63.36,63.4,16.20775712150005,2403600,0.0000,1.0
2001-06-28,63.41,64.23,63.15,63.65,16.27166783570155,2546800,0.0000,1.0
2001-06-29,64.04,65.35,63.8,63.8,16.31001426422245,4462300,0.0000,1.0
2001-07-02,64.0,64.82,63.81,64.47,16.481294978282463,2141200,0.0000,1.0
2001-07-03,64.02,64.7,63.75,64.6,16.514528549667244,1256000,0.0000,1.0
2001-07-05,64.3,64.6,63.76,64.53,16.496633549690824,2269700,0.0000,1.0
2001-07-06,64.28,65.05,64.1,65.0,16.61678569238964,2606300,0.0000,1.0
2001-07-09,65.0,66.14,65.0,66.14,16.908218549148476,3558000,0.0000,1.0
2001-07-10,66.1,67.1,65.27,67.01,17.130627834569694,4108800,0.0000,1.0
2001-07-11,67.7,69.0,67.1,68.75,17.575446405412123,5440300,0.0000,1.0
2001-07-12,68.76,68.8,67.9,68.75,17.575446405412123,3561300,0.0000,1.0
2001-07-13,68.3,68.42,67.66,68.14,17.419504262760466,2893000,0.0000,1.0
2001-07-16,68.14,69.49,68.04,69.15,17.67770354813452,2258600,0.0000,1.0
2001-07-17,69.37,69.99,68.75,69.93,17.877104976443196,3085100,0.0000,1.0
2001-07-18,69.88,69.9,68.71,69.2,17.787629976561096,3253800,0.3800,1.0
2001-07-19,69.2,69.73,67.67,68.39,17.579422169031986,3216800,0.0000,1.0
2001-07-20,69.1,69.1,67.6,68.09,17.502308166243427,2698200,0.0000,1.0
2001-07-23,68.15,68.3,67.2,67.8,17.427764630214483,2471300,0.0000,1.0
2001-07-24,67.75,68.6,67.41,68.09,17.502308166243427,2206900,0.0000,1.0
2001-07-25,68.09,70.0,67.85,70.0,17.993267317330588,2429300,0.0000,1.0
2001-07-26,69.4,71.0,69.01,71.0,18.250313993292455,4614400,0.0000,1.0
2001-07-27,70.5,71.42,70.11,70.47,18.114079255032664,2236100,0.0000,1.0
2001-07-30,70.05,71.1,70.05,71.1,18.27601866088864,2257800,0.0000,1.0
2001-07-31,71.1,71.6,70.6,71.02,18.25545492681169,3143800,0.0000,1.0
2001-08-01,71.03,71.93,71.03,71.5,18.378837331273388,2449700,0.0000,1.0
2001-08-02,71.76,71.95,70.7,71.46,18.368555464234912,1956200,0.0000,1.0
2001-08-03,71.46,71.5,69.52,70.22,18.0498175860422,2212200,0.0000,1.0
2001-08-06,70.4,70.75,69.76,70.75,18.186052324301986,2733800,0.0000,1.0
2001-08-07,69.75,71.85,69.54,70.61,18.150065789667327,3723800,0.0000,1.0
2001-08-08,69.5,70.43,69.5,69.85,17.954710315936307,2466000,0.0000,1.0
2001-08-09,69.52,70.9,69.36,70.7,18.173199990503896,1994900,0.0000,1.0
2001-08-10,71.19,72.53,70.86,71.87,18.47394460137928,4390900,0.0000,1.0
2001-08-13,71.9,72.3,71.73,72.12,18.538206270369745,2672400,0.0000,1.0
2001-08-14,72.35,72.62,72.01,72.5,18.63588400723525,2997000,0.0000,1.0
2001-08-15,72.28,73.0,72.1,72.18,18.553629070927457,3072300,0.0000,1.0
2001-08-16,73.15,74.39,72.9,74.19,19.070292889610805,4311000,0.0000,1.0
2001-08-17,74.15,74.75,73.81,74.75,19.21423902814945,4306500,0.0000,1.0
2001-08-20,74.9,76.08,74.27,75.68,19.453292436793987,5612500,0.0000,1.0
2001-08-21,75.2,75.54,74.51,74.78,19.221950428428308,3912000,0.0000,1.0
2001-08-22,75.2,75.74,74.3,75.65,19.44558103651513,3694900,0.0000,1.0
2001-08-23,75.45,77.0,75.35,76.94,19.777171248505937,4665500,0.0000,1.0
2001-08-24,76.85,77.28,76.2,77.0,19.79259404906365,4003600,0.0000,1.0
2001-08-27,77.0,77.04,76.48,76.84,19.75146658090975,3045200,0.0000,1.0
2001-08-28,76.25,76.48,74.8,74.99,19.275930230380297,3606700,0.0000,1.0
2001-08-29,75.6,75.6,73.81,74.02,19.026594954697288,2631600,0.0000,1.0
2001-08-30,74.15,75.1,73.95,74.59,19.17311155999555,3552100,0.0000,1.0
2001-08-31,73.8,74.35,73.65,74.15,19.060011022572333,2403900,0.0000,1.0
2001-09-04,73.68,76.08,73.68,75.52,19.412164968640084,3718100,0.0000,1.0
2001-09-05,76.64,76.64,74.9,75.88,19.50470177198636,3843600,0.0000,1.0
2001-09-06,75.88,75.99,74.71,75.5,19.40702403512085,4372200,0.0000,1.0
2001-09-07,74.9,75.2,73.4,74.35,19.111420357764704,3254500,0.0000,1.0
2001-09-10,73.45,74.4,73.3,74.2,19.072863356370426,3716800,0.0000,1.0
2001-09-17,73.6,74.9,72.3,74.55,19.162829692957075,5930400,0.0000,1.0
2001-09-18,74.1,74.25,73.11,74.2,19.072863356370426,4625700,0.0000,1.0
2001-09-19,75.02,75.02,73.23,74.55,19.162829692957075,5547600,0.0000,1.0
2001-09-20,74.0,74.0,72.56,72.81,18.71556847678343,4889700,0.0000,1.0
2001-09-21,71.65,71.65,67.0,67.0,17.22212728944499,10070400,0.0000,1.0
2001-09-24,69.0,70.45,68.89,69.46,17.85446211231118,5177300,0.0000,1.0
2001-09-25,69.46,71.2,69.45,71.0,18.250313993292455,3992700,0.0000,1.0
2001-09-26,71.7,72.24,70.8,71.13,18.283730061167496,3453300,0.0000,1.0
2001-09-27,71.5,72.4,71.06,72.4,18.610179339639068,3569800,0.0000,1.0
2001-09-28,72.74,73.15,72.02,72.79,18.710427543264196,4981500,0.0000,1.0
2001-10-01,72.5,73.0,71.73,72.39,18.607608872879446,3507600,0.0000,1.0
2001-10-02,73.45,73.45,72.25,73.28,18.836380414485507,2857200,0.0000,1.0
2001-10-03,73.39,73.39,71.9,73.25,18.828669014206653,4141300,0.0000,1.0
2001-10-04,73.1,73.1,71.15,71.2,18.30172332848483,3992100,0.0000,1.0
2001-10-05,73.0,73.0,71.3,72.69,18.684722875668008,3071500,0.0000,1.0
2001-10-08,73.1,73.1,71.76,72.25,18.571622338244786,2119400,0.0000,1.0
2001-10-09,73.78,73.78,72.1,72.54,18.646165874273727,2709100,0.0000,1.0
2001-10-10,72.05,74.14,72.05,73.34,18.85180321504322,2785000,0.0000,1.0
2001-10-11,73.02,73.5,71.8,72.59,18.65901820807182,3184700,0.0000,1.0
2001-10-12,71.55,72.19,71.5,71.94,18.491937868696606,2944900,0.0000,1.0
2001-10-15,71.5,71.5,70.62,71.11,18.27858912764826,2970600,0.0000,1.0
2001-10-16,70.74,71.05,70.11,70.93,18.232320725975125,4235200,0.0000,1.0
2001-10-17,70.55,71.2,69.73,69.8,18.03953571900372,3653800,0.3800,1.0
2001-10-18,70.2,71.8,70.0,70.3,18.168758754240137,3758100,0.0000,1.0
2001-10-19,70.95,72.2,70.77,71.75,18.543505556425746,2995300,0.0000,1.0
2001-10-22,71.75,72.9,71.6,72.45,18.72441780575673,2161700,0.0000,1.0
2001-10-23,72.7,72.84,71.05,71.5,18.478894038807535,2095700,0.0000,1.0
2001-10-24,72.15,72.15,71.36,71.4,18.453049431760256,2425800,0.0000,1.0
2001-10-25,70.7,72.48,70.51,72.29,18.683066434481077,2356400,0.0000,1.0
2001-10-26,72.25,73.54,71.88,73.35,18.957019269182275,2381200,0.0000,1.0
2001-10-29,73.01,73.25,71.3,71.3,18.42720482471297,2735400,0.0000,1.0
2001-10-30,74.25,74.25,71.75,74.2,19.176698429084187,5320900,0.0000,1.0
2001-10-31,74.2,74.42,73.45,73.78,19.068151079485595,3783600,0.0000,1.0
2001-11-01,73.8,75.99,73.65,75.98,19.63673243452583,4879000,0.0000,1.0
2001-11-02,75.8,76.6,75.2,76.0,19.641901355935282,2893900,0.0000,1.0
2001-11-05,76.09,76.98,75.94,76.93,19.88225620147502,3137200,0.0000,1.0
2001-11-06,76.93,78.0,76.35,78.0,20.15879349688095,2757000,0.0000,1.0
2001-11-07,78.2,78.2,77.37,78.11,20.18722256463296,2907600,0.0000,1.0
2001-11-08,78.0,78.0,76.21,76.7,19.822813605266266,3106600,0.0000,1.0
2001-11-09,76.4,77.51,76.3,77.31,19.980465708254695,2324300,0.0000,1.0
2001-11-12,76.65,77.43,76.47,77.27,19.97012786543578,1929100,0.0000,1.0
2001-11-13,77.45,77.89,76.49,77.86,20.12261104701475,2629900,0.0000,1.0
2001-11-14,77.99,78.25,77.23,78.23,20.2182360930897,3202500,0.0000,1.0
2001-11-15,78.23,78.85,77.97,78.29,20.23374285731807,2985600,0.0000,1.0
2001-11-16,78.68,78.74,77.77,78.74,20.350043589030843,2716800,0.0000,1.0
2001-11-19,78.85,79.0,78.0,78.68,20.334536824802477,2737900,0.0000,1.0
2001-11-20,78.2,78.68,77.71,78.5,20.288016532117364,2672400,0.0000,1.0
2001-11-21,78.55,78.55,77.75,77.9,20.132948889833667,2052000,0.0000,1.0
2001-11-23,78.5,78.5,77.8,78.45,20.275094228593723,840100,0.0000,1.0
2001-11-26,78.05,78.39,77.5,78.15,20.197560407451874,2268100,0.0000,1.0
2001-11-27,78.25,78.25,76.91,77.12,19.931360954864857,3241200,0.0000,1.0
2001-11-28,77.25,77.25,75.95,76.0,19.641901355935282,2696700,0.0000,1.0
2001-11-29,76.1,77.6,75.24,77.44,20.014063697416162,3638400,0.0000,1.0
2001-11-30,78.12,78.12,76.98,77.46,20.01923261882562,2796800,0.0000,1.0
2001-12-03,77.45,77.45,76.05,76.3,19.719435177077134,2741200,0.0000,1.0
2001-12-04,76.5,77.07,75.73,76.34,19.729773019896047,2416600,0.0000,1.0
2001-12-05,76.5,77.71,76.23,76.7,19.822813605266266,3184200,0.0000,1.0
2001-12-06,77.08,77.08,75.5,75.7,19.564367534793433,2594000,0.0000,1.0
2001-12-07,75.75,75.75,74.76,75.43,19.49458709576577,2183000,0.0000,1.0
2001-12-10,75.47,77.42,75.26,76.72,19.827982526675722,3864200,0.0000,1.0
2001-12-11,76.85,77.7,76.46,76.7,19.822813605266266,3518000,0.0000,1.0
2001-12-12,79.25,80.0,78.9,79.95,20.662763334302973,8332200,0.0000,1.0
2001-12-13,79.95,81.1,79.0,80.9,20.908287101252164,6370000,0.0000,1.0
2001-12-14,80.3,80.78,79.57,79.9,20.64984103077933,3251800,0.0000,1.0
2001-12-17,80.1,81.1,79.8,79.8,20.62399642373205,3555700,0.0000,1.0
2001-12-18,80.25,81.72,80.0,81.38,21.03234121507912,3291700,0.0000,1.0
2001-12-19,80.7,81.65,80.42,81.46,21.053016900716948,3975900,0.0000,1.0
2001-12-20,81.1,81.49,80.73,80.99,20.931547247594718,2844100,0.0000,1.0
2001-12-21,81.25,81.37,79.91,80.64,20.841091122929228,4424500,0.0000,1.0
2001-12-24,80.64,80.93,80.05,80.26,20.742881616149553,1089300,0.0000,1.0
2001-12-26,80.26,81.19,80.22,80.5,20.804908673063032,1864100,0.0000,1.0
2001-12-27,80.46,80.6,79.75,80.15,20.714452548397542,2135500,0.0000,1.0
2001-12-28,80.3,80.3,79.06,79.51,20.54904706329493,1764900,0.0000,1.0
2001-12-31,78.9,79.74,78.72,79.13,20.45083755651525,1970900,0.0000,1.0
2002-01-02,78.9,80.0,78.02,80.0,20.675685637826614,3130800,0.0000,1.0
2002-01-03,79.58,79.58,78.61,79.23,20.476682163562533,2608400,0.0000,1.0
2002-01-04,79.5,79.5,78.2,78.45,20.275094228593723,3090700,0.0000,1.0
2002-01-07,78.49,78.49,77.1,77.55,20.042492765168173,3206100,0.0000,1.0
2002-01-08,77.55,78.11,77.28,77.76,20.09676643996747,2004900,0.0000,1.0
2002-01-09,77.76,78.34,77.16,77.2,19.952036640502683,2763500,0.0000,1.0
2002-01-10,76.6,77.3,76.38,76.93,19.88225620147502,3591900,0.0000,1.0
2002-01-11,77.7,78.29,77.12,77.21,19.954621101207408,2729600,0.0000,1.0
2002-01-14,77.65,79.45,77.25,78.7,20.339705746211934,3040400,0.0000,1.0
2002-01-15,78.55,79.89,78.51,79.65,20.585229513161124,2696400,0.0000,1.0
2002-01-16,79.15,79.63,78.34,79.49,20.642087648665143,3023900,0.3800,1.0
2002-01-17,79.49,79.89,79.2,79.69,20.694023961782932,2260300,0.0000,1.0
2002-01-18,79.68,80.0,79.34,79.81,20.72518574965361,2696000,0.0000,1.0
2002-01-22,79.8,79.84,78.6,79.42,20.62390993907392,2547700,0.0000,1.0
2002-01-23,79.56,79.56,78.6,78.6,20.410971055290982,2575700,0.0000,1.0
2002-01-24,79.2,79.2,77.2,77.78,20.19803217150805,3134300,0.0000,1.0
2002-01-25,77.23,79.71,77.21,79.14,20.551199100709013,2651200,0.0000,1.0
2002-01-28,79.43,79.43,78.54,79.16,20.556392732020793,2256800,0.0000,1.0
2002-01-29,79.16,79.16,77.45,77.52,20.130514964454925,2935100,0.0000,1.0
2002-01-30,77.5,79.25,77.26,78.29,20.330469769958412,3829700,0.0000,1.0
2002-01-31,80.5,82.12,80.4,81.68,21.210790277304934,7347400,0.0000,1.0
2002-02-01,83.3,83.3,81.4,82.57,21.441906870679087,5166600,0.0000,1.0
2002-02-04,82.57,84.22,82.43,82.7,21.475665474205655,4606200,0.0000,1.0
2002-02-05,82.45,83.07,81.72,82.62,21.45489094895854,3527600,0.0000,1.0
2002-02-06,81.98,83.18,81.73,82.5,21.423729161087866,3617000,0.0000,1.0
2002-02-07,82.25,82.99,81.48,82.13,21.327646981819953,2632700,0.0000,1.0
2002-02-08,82.05,82.2,80.75,82.09,21.3172597191964,2686900,0.0000,1.0
2002-02-11,82.09,82.6,81.27,81.71,21.2185807242726,2659000,0.0000,1.0
2002-02-12,81.89,83.75,81.87,83.55,21.696394804956256,3832200,0.0000,1.0
2002-02-13,83.03,83.74,83.02,83.73,21.743137486762265,2581800,0.0000,1.0
2002-02-14,83.5,84.25,83.41,84.04,21.82363877209484,2346800,0.0000,1.0
2002-02-15,85.0,85.0,84.33,84.99,22.070336259404332,4453000,0.0000,1.0
2002-02-19,84.1,84.6,83.77,84.0,21.813251509471282,2848500,0.0000,1.0
2002-02-20,85.0,85.0,83.45,85.0,22.072933075060224,3366100,0.0000,1.0
2002-02-21,84.8,85.7,83.1,83.1,21.57953810044123,3888500,0.0000,1.0
2002-02-22,83.5,85.98,83.15,85.6,22.22874201441359,3609600,0.0000,1.0
2002-02-25,85.45,87.85,85.3,87.37,22.688378385506024,5048600,0.0000,1.0
2002-02-26,86.9,86.9,85.67,86.5,22.46245542344364,3857600,0.0000,1.0
2002-02-27,86.35,86.72,84.7,85.5,22.202773857854698,3420000,0.0000,1.0
2002-02-28,85.0,85.7,84.5,84.79,22.018399946286547,3542600,0.0000,1.0
2002-03-01,85.0,87.55,84.85,87.55,22.73512106731203,3335700,0.0000,1.0
2002-03-04,87.0,87.35,86.33,86.98,22.587102574926334,4307900,0.0000,1.0
2002-03-05,85.8,86.5,84.11,85.06,22.08851396899556,3642700,0.0000,1.0
2002-03-06,85.06,85.9,84.76,85.05,22.085917153339672,3126800,0.0000,1.0
2002-03-07,84.93,84.93,83.26,83.94,21.797670615535942,4357700,0.0000,1.0
2002-03-08,84.49,84.61,83.2,83.92,21.792476984224166,2729700,0.0000,1.0
2002-03-11,83.85,84.19,82.62,84.1,21.839219666030175,2566900,0.0000,1.0
2002-03-12,85.28,85.28,83.51,85.28,22.14564391342513,2330800,0.0000,1.0
2002-03-13,85.28,85.52,84.2,85.22,22.130063019489793,2380400,0.0000,1.0
2002-03-14,85.3,85.3,84.05,84.99,22.070336259404332,2498200,0.0000,1.0
2002-03-15,85.38,87.1,85.12,87.07,22.610473915829335,5940700,0.0000,1.0
2002-03-18,87.5,87.95,87.17,87.66,22.763686039526814,3272400,0.0000,1.0
2002-03-19,88.15,89.99,88.12,89.94,23.355760009069606,6302500,0.0000,1.0
2002-03-20,89.8,89.89,89.08,89.6,23.267468276769364,3605800,0.0000,1.0
2002-03-21,90.44,90.44,89.2,90.4,23.475213529240524,3896400,0.0000,1.0
2002-03-22,90.0,90.73,89.62,90.1,23.397309059563835,3601300,0.0000,1.0
2002-03-25,89.75,90.25,89.31,89.75,23.30642051160771,3125800,0.0000,1.0
2002-03-26,89.35,89.96,88.88,89.45,23.228516041931027,2875200,0.0000,1.0
2002-03-27,90.38,90.38,88.85,90.02,23.376534534316722,2773200,0.0000,1.0
2002-03-28,89.99,90.29,89.23,90.09,23.39471224390795,2322000,0.0000,1.0
2002-04-01,89.99,89.99,88.93,89.99,23.368744087349054,2612800,0.0000,1.0
2002-04-02,89.99,90.6,89.1,90.6,23.52714984235831,4695100,0.0000,1.0
2002-04-03,90.6,90.61,88.4,89.26,23.179176544469126,3319900,0.0000,1.0
2002-04-04,89.1,90.17,89.1,89.98,23.366147271693166,3587700,0.0000,1.0
2002-04-05,89.75,89.9,88.89,89.8,23.319404589887153,2765300,0.0000,1.0
2002-04-08,89.4,90.29,89.25,90.25,23.43626129440218,3040800,0.0000,1.0
2002-04-09,90.29,90.95,90.0,90.13,23.405099506531506,2651800,0.0000,1.0
2002-04-10,90.29,92.6,90.21,92.34,23.978995766483074,4110000,0.0000,1.0
2002-04-11,92.02,92.74,91.2,91.31,23.71152375392646,3310200,0.0000,1.0
2002-04-12,90.76,92.19,90.5,91.93,23.872526324591608,3217200,0.0000,1.0
2002-04-15,91.6,91.86,90.25,90.55,23.51416576407886,2499900,0.0000,1.0
2002-04-16,90.7,91.47,90.6,91.2,23.682958781711676,3098600,0.0000,1.0
2002-04-17,90.82,91.04,89.91,90.11,23.498584870143524,2954100,0.3800,1.0
2002-04-18,89.75,90.0,87.85,88.41,23.055264547435236,4462500,0.0000,1.0
2002-04-19,88.87,89.12,88.01,88.87,23.17522181122689,3034900,0.0000,1.0
2002-04-22,89.0,89.66,88.5,88.89,23.180437344435223,2463300,0.0000,1.0
2002-04-23,88.89,89.93,88.66,88.9,23.18304511103939,2632200,0.0000,1.0
2002-04-24,89.15,89.99,88.97,89.43,23.32125674106021,2536000,0.0000,1.0
2002-04-25,89.43,89.85,88.85,89.42,23.318648974456043,2703600,0.0000,1.0
2002-04-26,89.77,90.72,89.7,89.8,23.417744105414368,3587000,0.0000,1.0
2002-04-29,90.05,90.55,89.7,90.0,23.469899437497695,3122900,0.0000,1.0
2002-04-30,90.25,90.66,89.4,90.26,23.537701369206022,4168400,0.0000,1.0
2002-05-01,90.8,92.03,90.55,91.8,23.93929742624765,4890400,0.0000,1.0
2002-05-02,92.49,93.47,92.18,93.24,24.31481581724761,4179500,0.0000,1.0
2002-05-03,92.99,93.18,91.95,91.95,23.978413925310146,3010100,0.0000,1.0
2002-05-06,92.48,93.48,91.9,92.2,24.043608090414306,3086200,0.0000,1.0
2002-05-07,92.5,93.24,91.62,91.66,23.90278869378932,3510100,0.0000,1.0
2002-05-08,91.67,91.96,90.8,91.8,23.93929742624765,3866700,0.0000,1.0
2002-05-09,92.0,92.75,91.65,92.06,24.007099357955976,2816600,0.0000,1.0
2002-05-10,92.06,92.99,91.8,92.4,24.095763422497637,2361800,0.0000,1.0
2002-05-13,91.67,93.36,91.67,93.21,24.306992517435113,2250000,0.0000,1.0
2002-05-14,93.15,93.63,92.41,93.05,24.26526825176845,2937600,0.0000,1.0
2002-05-15,92.45,92.9,91.81,92.15,24.030569257393473,2894900,0.0000,1.0
2002-05-16,92.4,93.2,91.93,92.97,24.244406118935117,2789200,0.0000,1.0
2002-05-17,93.45,93.62,92.73,93.62,24.413910948205938,2433700,0.0000,1.0
2002-05-20,93.2,93.73,92.4,92.4,24.095763422497637,1992700,0.0000,1.0
2002-05-21,91.95,92.02,90.75,91.1,23.756753763956,3190200,0.0000,1.0
2002-05-22,91.1,92.09,90.95,91.9,23.965375092289314,2345500,0.0000,1.0
2002-05-23,91.55,91.7,90.91,91.37,23.827163462268494,2569000,0.0000,1.0
2002-05-24,90.75,91.29,89.7,90.26,23.537701369206022,2382600,0.0000,1.0
2002-05-28,90.6,90.6,87.5,88.01,22.950953883268582,3733900,0.0000,1.0
2002-05-29,87.85,88.75,87.0,87.02,22.692784989456104,5342000,0.0000,1.0
2002-05-30,87.09,88.94,86.4,88.75,23.143928611976893,3303700,0.0000,1.0
2002-05-31,89.23,90.48,88.97,89.55,23.352549940310205,3109200,0.0000,1.0
2002-06-03,89.11,91.07,88.87,88.91,23.185652877643555,3258700,0.0000,1.0
2002-06-04,88.96,89.73,88.13,89.55,23.352549940310205,3922600,0.0000,1.0
2002-06-05,89.95,90.75,88.8,90.54,23.610718834122682,3113400,0.0000,1.0
2002-06-06,90.1,90.74,89.28,89.55,23.352549940310205,2716000,0.0000,1.0
2002-06-07,89.4,89.87,88.07,89.34,23.297786841622713,3024900,0.0000,1.0
2002-06-10,88.95,89.69,88.15,89.2,23.261278109164383,2835300,0.0000,1.0
2002-06-11,90.1,90.5,88.94,89.0,23.209122777081053,2841100,0.0000,1.0
2002-06-12,90.5,93.0,90.27,93.0,24.252229418747618,8848200,0.0000,1.0
2002-06-13,92.75,93.03,91.39,91.48,23.855848894914324,4006400,0.0000,1.0
2002-06-14,92.22,92.3,90.0,91.55,23.87410326114349,4140100,0.0000,1.0
2002-06-17,91.55,93.9,91.55,93.9,24.486928413122598,3925200,0.0000,1.0
2002-06-18,93.1,93.9,92.98,93.89,24.48432064651843,2959000,0.0000,1.0
2002-06-19,93.8,94.75,93.38,94.4,24.617316743330917,4098000,0.0000,1.0
2002-06-20,94.0,94.75,93.6,93.85,24.473889580101762,3469100,0.0000,1.0
2002-06-21,93.84,94.6,93.27,93.85,24.473889580101762,6330200,0.0000,1.0
2002-06-24,93.75,94.41,93.0,93.4,24.356540082914275,5362200,0.0000,1.0
2002-06-25,93.16,93.5,89.0,89.0,23.209122777081053,5911400,0.0000,1.0
2002-06-26,89.0,91.96,87.94,91.08,23.751538230747666,6834800,0.0000,1.0
2002-06-27,91.65,92.46,89.55,92.24,24.05403915683097,4756800,0.0000,1.0
2002-06-28,91.7,92.2,89.3,89.3,23.287355775206045,7074300,0.0000,1.0
2002-07-01,89.34,90.95,89.06,90.03,23.477722737310195,3948900,0.0000,1.0
2002-07-02,89.03,89.6,88.37,89.28,23.282140241997713,4148900,0.0000,1.0
2002-07-03,88.45,89.6,87.02,88.36,23.042225714414403,3810400,0.0000,1.0
2002-07-05,88.16,89.88,87.51,89.88,23.438606238247697,1807400,0.0000,1.0
2002-07-08,89.88,90.48,89.01,90.35,23.56117126864352,2825800,0.0000,1.0
2002-07-09,90.1,90.49,86.65,87.9,22.92226845062275,3510700,0.0000,1.0
2002-07-10,87.9,88.89,87.35,87.95,22.93530728364358,4940300,0.0000,1.0
2002-07-11,87.1,87.65,85.12,85.95,22.4137539628103,6330400,0.0000,1.0
2002-07-12,86.12,86.12,82.1,83.63,21.80875211064369,6916900,0.0000,1.0
2002-07-15,82.6,83.2,79.2,82.3,21.461919152289557,6958000,0.0000,1.0
2002-07-16,81.5,81.99,79.35,81.25,21.188103658852086,5312800,0.0000,1.0
2002-07-17,81.95,82.23,79.76,80.07,20.98730563033127,5850600,0.4100,1.0
2002-07-18,80.14,82.11,80.11,80.39,21.071181461500323,4449300,0.0000,1.0
2002-07-19,79.02,79.45,74.08,74.46,19.516857465148824,8663100,0.0000,1.0
2002-07-22,75.0,78.96,75.0,77.83,20.400174812147906,8628300,0.0000,1.0
2002-07-23,79.0,80.09,78.01,79.21,20.761889334064442,6770600,0.0000,1.0
2002-07-24,78.1,82.33,78.1,82.25,21.558709730170442,8069400,0.0000,1.0
2002-07-25,82.25,85.02,81.07,85.02,22.284759893727546,6548300,0.0000,1.0
2002-07-26,84.3,84.69,83.25,84.2,22.069828076356853,4552200,0.0000,1.0
2002-07-29,84.62,87.22,84.46,87.22,22.861406233014783,4913900,0.0000,1.0
2002-07-30,86.4,87.55,85.77,87.28,22.87713295135898,4321900,0.0000,1.0
2002-07-31,87.6,89.0,86.75,88.99,23.325344424168602,5077200,0.0000,1.0
2002-08-01,88.74,89.8,87.26,87.87,23.03177901507692,5134300,0.0000,1.0
2002-08-02,87.87,89.9,87.82,89.84,23.548139600711398,7255700,0.0000,1.0
2002-08-05,89.4,89.41,87.2,87.44,22.919070866943503,7960500,0.0000,1.0
2002-08-06,88.7,89.35,87.12,87.72,22.992462219216424,6525700,0.0000,1.0
2002-08-07,88.19,89.1,86.5,88.93,23.309617705824408,5453400,0.0000,1.0
2002-08-08,88.94,90.94,88.34,90.85,23.812872692838717,4950600,0.0000,1.0
2002-08-09,89.65,91.49,89.5,91.14,23.88888516483567,4297500,0.0000,1.0
2002-08-12,90.0,91.43,89.95,90.85,23.812872692838717,3101900,0.0000,1.0
2002-08-13,89.95,91.69,89.7,90.06,23.60580423464012,4574400,0.0000,1.0
2002-08-14,90.06,92.89,89.34,92.89,24.347581116541427,4463500,0.0000,1.0
2002-08-15,92.05,92.9,90.69,91.32,23.936065319868263,4502800,0.0000,1.0
2002-08-16,90.0,90.99,89.06,90.99,23.849568368975177,4820300,0.0000,1.0
2002-08-19,90.6,91.52,90.04,91.25,23.917717481800032,3812800,0.0000,1.0
2002-08-20,90.35,90.9,90.01,90.21,23.64512103050061,3375600,0.0000,1.0
2002-08-21,90.25,91.0,89.79,90.89,23.82335717173485,3017300,0.0000,1.0
2002-08-22,90.18,91.1,89.75,90.76,23.789282615322424,2924300,0.0000,1.0
2002-08-23,90.2,90.95,89.93,90.25,23.655605509396747,2536200,0.0000,1.0
2002-08-26,90.25,90.5,89.15,90.4,23.69492230525724,3235600,0.0000,1.0
2002-08-27,90.25,90.91,89.26,90.41,23.69754342498127,3407900,0.0000,1.0
2002-08-28,87.0,90.5,87.0,89.73,23.519307283747036,2645500,0.0000,1.0
2002-08-29,89.1,89.4,87.7,87.87,23.03177901507692,3979800,0.0000,1.0
2002-08-30,87.87,89.68,87.5,88.65,23.236226353551487,3061600,0.0000,1.0
2002-09-03,88.66,88.66,86.36,86.54,22.683170091780546,4072700,0.0000,1.0
2002-09-04,87.0,88.88,86.52,88.56,23.212636276035187,4781400,0.0000,1.0
2002-09-05,88.54,90.59,88.2,89.85,23.550760720435427,5767800,0.0000,1.0
2002-09-06,90.95,90.96,89.19,89.95,23.57697191767576,3557400,0.0000,1.0
2002-09-09,89.25,90.85,89.0,90.85,23.812872692838717,2741700,0.0000,1.0
2002-09-10,90.99,91.82,90.1,91.5,23.983245474900855,3092000,0.0000,1.0
2002-09-11,91.7,92.0,90.85,91.88,24.082848024414105,2450700,0.0000,1.0
2002-09-12,91.05,91.31,90.3,91.2,23.904611883179868,2864400,0.0000,1.0
2002-09-13,91.0,92.0,90.64,92.0,24.1143014611025,3065800,0.0000,1.0
2002-09-16,92.0,93.0,91.86,93.0,24.376413433505785,3631200,0.0000,1.0
2002-09-17,93.04,93.5,91.79,92.06,24.130028179446697,4123700,0.0000,1.0
2002-09-18,91.32,92.88,90.65,92.1,24.140512658342825,3415600,0.0000,1.0
2002-09-19,91.5,92.52,91.1,91.12,23.88364292538761,3484900,0.0000,1.0
2002-09-20,91.12,91.46,90.25,91.09,23.875779566215506,6316300,0.0000,1.0
2002-09-23,90.02,91.0,89.5,90.74,23.784040375874355,3526700,0.0000,1.0
2002-09-24,90.15,90.3,88.0,88.04,23.07633805038548,5141900,0.0000,1.0
2002-09-25,88.4,90.0,87.99,89.1,23.354176741132964,4274700,0.0000,1.0
2002-09-26,89.95,90.79,89.15,90.75,23.786661495598388,4118300,0.0000,1.0
2002-09-27,90.78,91.1,87.99,88.13,23.099928127901773,4399600,0.0000,1.0
2002-09-30,88.38,89.79,87.2,89.38,23.427568093405885,6781900,0.0000,1.0
2002-10-01,89.5,91.17,88.5,91.17,23.89674852400777,5200100,0.0000,1.0
2002-10-02,90.45,91.24,90.01,90.56,23.736860220841766,3581700,0.0000,1.0
2002-10-03,90.56,92.35,89.5,89.81,23.5402762415393,5169900,0.0000,1.0
2002-10-04,90.0,90.13,87.37,88.52,23.202151797139056,5217400,0.0000,1.0
2002-10-07,88.52,90.79,88.45,88.93,23.309617705824408,5292800,0.0000,1.0
2002-10-08,89.44,90.83,89.06,89.3,23.40659913561362,4867500,0.0000,1.0
2002-10-09,89.3,89.99,87.91,88.19,23.11565484624597,5225600,0.0000,1.0
2002-10-10,88.53,89.66,87.5,88.99,23.325344424168602,4703700,0.0000,1.0
2002-10-11,89.4,90.44,88.54,90.24,23.65298438967271,4831500,0.0000,1.0
2002-10-14,90.0,91.29,89.73,91.29,23.928201960696168,3197400,0.0000,1.0
2002-10-15,92.0,92.15,89.2,90.42,23.700164544705306,7148000,0.0000,1.0
2002-10-16,90.02,90.97,89.76,90.5,23.828599411182914,3590200,0.4100,1.0
2002-10-17,90.9,91.1,89.79,90.34,23.78647150062171,3839700,0.0000,1.0
2002-10-18,90.0,91.75,89.84,91.75,24.157723712442348,3429100,0.0000,1.0
2002-10-21,90.95,92.19,90.12,92.19,24.273575466485667,3394700,0.0000,1.0
2002-10-22,91.48,91.75,89.51,90.34,23.78647150062171,4755800,0.0000,1.0
2002-10-23,90.45,91.0,89.16,91.0,23.960249131686687,4180600,0.0000,1.0
2002-10-24,91.25,91.25,88.5,88.8,23.380990361470086,3534800,0.0000,1.0
2002-10-25,88.6,89.18,87.53,88.7,23.35466041736933,3474000,0.0000,1.0
2002-10-28,88.7,88.72,84.75,85.75,22.57792706639707,7318900,0.0000,1.0
2002-10-29,88.04,89.22,87.06,89.01,23.43628324408167,8067900,0.0000,1.0
2002-10-30,89.0,89.89,88.02,88.94,23.41785228321114,4436800,0.0000,1.0
2002-10-31,88.94,89.45,87.46,88.45,23.288835557117444,4078200,0.0000,1.0
2002-11-01,87.8,88.22,86.7,87.99,23.167717814253972,4302000,0.0000,1.0
2002-11-04,88.0,88.02,86.25,86.5,22.77540164715273,4670000,0.0000,1.0
2002-11-05,86.75,88.97,86.35,88.74,23.365192395009633,3814600,0.0000,1.0
2002-11-06,88.71,88.75,86.97,87.86,23.133488886922994,4106200,0.0000,1.0
2002-11-07,87.75,88.46,87.02,88.01,23.172983803074125,3121100,0.0000,1.0
2002-11-08,88.5,89.06,87.17,87.69,23.08872798195171,3007100,0.0000,1.0
2002-11-11,86.6,87.7,86.14,86.25,22.709576786900843,2821300,0.0000,1.0
2002-11-12,86.48,87.25,85.14,85.41,22.488405256454502,3624000,0.0000,1.0
2002-11-13,85.88,87.18,85.37,85.8,22.591092038447446,3771500,0.0000,1.0
2002-11-14,86.05,86.67,85.13,86.48,22.77013565833258,3739000,0.0000,1.0
2002-11-15,86.49,87.37,85.75,87.28,22.980775211138617,4374800,0.0000,1.0
2002-11-18,87.3,87.3,85.45,86.15,22.68324684280009,3891000,0.0000,1.0
2002-11-19,86.02,87.87,85.9,87.1,22.933381311757255,3148000,0.0000,1.0
2002-11-20,86.55,88.29,86.26,87.99,23.167717814253972,3228800,0.0000,1.0
2002-11-21,87.99,88.1,86.49,86.73,22.835960518584468,4249700,0.0000,1.0
2002-11-22,86.65,87.48,86.47,86.58,22.796465602433333,3718800,0.0000,1.0
2002-11-25,86.07,86.24,85.45,85.64,22.54896412788624,3750000,0.0000,1.0
2002-11-26,85.25,85.26,84.25,84.42,22.227738809857033,4515600,0.0000,1.0
2002-11-27,84.43,85.55,83.6,85.03,22.388351468871637,3730600,0.0000,1.0
2002-11-29,84.51,84.9,83.85,84.53,22.256701748367863,2170000,0.0000,1.0
2002-12-02,83.63,83.75,82.25,82.8,21.80119371542481,6952600,0.0000,1.0
2002-12-03,82.0,84.8,82.0,84.49,22.246169770727562,5284900,0.0000,1.0
2002-12-04,84.49,86.79,84.49,86.05,22.656916898699333,5242000,0.0000,1.0
2002-12-05,86.05,87.5,85.15,85.23,22.441011357073148,4633400,0.0000,1.0
2002-12-06,85.48,88.0,84.81,85.95,22.63058695459858,3041600,0.0000,1.0
2002-12-09,86.0,86.85,85.55,86.38,22.743805714231822,4222200,0.0000,1.0
2002-12-10,87.0,87.9,86.4,87.65,23.07819600431141,3960000,0.0000,1.0
2002-12-11,87.66,87.9,86.42,87.46,23.028169110519972,3940800,0.0000,1.0
2002-12-12,88.0,88.25,86.25,87.7,23.091360976361784,5185100,0.0000,1.0
2002-12-13,87.7,88.31,87.16,87.41,23.015004138469596,4090400,0.0000,1.0
2002-12-16,87.42,88.05,86.33,88.05,23.183515780714426,3442100,0.0000,1.0
2002-12-17,88.0,88.01,87.05,87.4,23.01237114405952,3478100,0.0000,1.0
2002-12-18,87.2,87.85,86.81,87.37,23.004472160829295,3076200,0.0000,1.0
2002-12-19,87.37,87.39,85.36,85.7,22.564762094346694,4637900,0.0000,1.0
2002-12-20,86.69,87.78,86.34,87.68,23.086094987541635,5557400,0.0000,1.0
2002-12-23,87.9,88.05,87.52,87.69,23.08872798195171,3000800,0.0000,1.0
2002-12-24,87.7,87.8,87.12,87.53,23.046600071390504,947600,0.0000,1.0
2002-12-26,87.55,88.24,87.12,87.43,23.02027012728975,1660700,0.0000,1.0
2002-12-27,86.93,87.57,86.21,86.55,22.788566619203106,1670900,0.0000,1.0
2002-12-30,86.15,87.48,86.0,86.1,22.67008187074971,3452900,0.0000,1.0
2002-12-31,86.16,86.45,85.11,85.94,22.627953960188503,2701500,0.0000,1.0
2003-01-02,86.1,87.9,86.01,87.81,23.120323914872614,3304400,0.0000,1.0
2003-01-03,87.65,87.93,86.61,86.85,22.86755645150537,2759500,0.0000,1.0
2003-01-06,87.1,88.03,86.97,87.84,23.12822289810284,2695800,0.0000,1.0
2003-01-07,87.07,87.43,86.48,86.49,22.772768652742652,3319800,0.0000,1.0
2003-01-08,86.4,86.97,84.6,85.2,22.43311237384292,5270300,0.0000,1.0
2003-01-09,85.4,85.9,84.66,85.78,22.585826049627297,4569400,0.0000,1.0
2003-01-10,85.78,86.44,85.15,86.13,22.677980853979935,3287200,0.0000,1.0
2003-01-13,86.13,86.35,85.0,86.19,22.69377882044039,3306100,0.0000,1.0
2003-01-14,85.8,86.45,85.65,86.36,22.738539725411673,2737900,0.0000,1.0
2003-01-15,86.28,86.4,85.2,85.9,22.617421982548205,2556300,0.0000,1.0
2003-01-16,86.23,87.0,86.16,86.87,22.872822440325525,3080400,0.0000,1.0
2003-01-17,86.87,87.24,86.3,87.04,22.917583345296805,3710400,0.0000,1.0
2003-01-21,87.08,87.47,86.01,86.01,22.646384921059035,4418100,0.0000,1.0
2003-01-22,85.79,86.43,84.75,85.13,22.522634183785485,4327100,0.4100,1.0
2003-01-23,84.75,86.14,84.74,85.43,22.602004444036112,3282300,0.0000,1.0
2003-01-24,85.0,85.49,84.14,84.22,22.281877727691924,3184900,0.0000,1.0
2003-01-27,84.1,84.32,82.37,83.05,21.97233371271449,4686600,0.0000,1.0
2003-01-28,84.24,85.26,84.0,85.0,22.48824040434355,5376600,0.0000,1.0
2003-01-29,84.24,85.26,84.0,85.0,22.48824040434355,5074800,0.0000,1.0
2003-01-30,85.45,85.45,84.22,84.5,22.355956637259176,3759800,0.0000,1.0
2003-01-31,84.3,85.98,84.3,85.57,22.639043898819732,3927800,0.0000,1.0
2003-02-03,85.56,86.1,85.22,85.72,22.678729028945046,3043100,0.0000,1.0
2003-02-04,85.15,85.99,84.53,85.91,22.728996860437107,3440400,0.0000,1.0
2003-02-05,85.91,86.24,84.78,85.3,22.567610664594174,3638300,0.0000,1.0
2003-02-06,85.1,85.38,84.21,84.85,22.448555274218236,3550500,0.0000,1.0
2003-02-07,84.86,85.4,83.44,83.98,22.218381519491427,3808200,0.0000,1.0
2003-02-10,84.35,85.02,84.0,84.87,22.45384662490161,3646700,0.0000,1.0
2003-02-11,84.88,85.15,82.92,83.19,22.009373167498115,3466000,0.0000,1.0
2003-02-12,83.25,83.61,82.71,83.32,22.04376694694005,2768100,0.0000,1.0
2003-02-13,83.1,83.29,81.55,82.7,21.87973507575543,3779500,0.0000,1.0
2003-02-14,82.7,83.7,82.15,83.7,22.14430260992418,3367100,0.0000,1.0
2003-02-18,83.9,85.0,83.87,84.61,22.38505906601774,3137100,0.0000,1.0
2003-02-19,84.35,84.5,83.34,84.0,22.223672870174802,2235800,0.0000,1.0
2003-02-20,83.9,84.2,83.06,83.45,22.07816072638199,2456700,0.0000,1.0
2003-02-21,84.15,84.46,83.2,84.24,22.2871690783753,3470200,0.0000,1.0
2003-02-24,83.7,83.79,82.61,82.89,21.93000290724749,3289000,0.0000,1.0
2003-02-25,82.3,83.08,81.66,83.08,21.980270738739552,4027500,0.0000,1.0
2003-02-26,82.9,83.15,82.25,82.55,21.840049945630117,2666500,0.0000,1.0
2003-02-27,82.72,83.04,82.01,82.6,21.853278322338554,4241100,0.0000,1.0
2003-02-28,82.6,82.98,81.53,81.86,21.657498347053682,3784700,0.0000,1.0
2003-03-03,82.35,82.36,80.73,80.82,21.382348111518183,4101600,0.0000,1.0
2003-03-04,81.0,81.14,79.76,79.89,21.136300304741248,3528400,0.0000,1.0
2003-03-05,79.75,81.0,79.69,80.99,21.42732459232687,3692300,0.0000,1.0
2003-03-06,80.31,81.25,80.15,80.15,21.205087863625124,3590300,0.0000,1.0
2003-03-07,80.16,81.04,79.57,80.96,21.419387566301808,4144200,0.0000,1.0
2003-03-10,80.76,80.77,79.7,79.79,21.109843551324374,2906300,0.0000,1.0
2003-03-11,79.76,81.82,79.66,80.7,21.350600007417935,4722200,0.0000,1.0
2003-03-12,80.71,82.0,80.46,81.95,21.68130942512887,3990700,0.0000,1.0
2003-03-13,82.75,83.49,81.79,83.48,22.086097752407053,4333900,0.0000,1.0
2003-03-14,83.69,83.96,82.81,83.4,22.064932349673555,3406000,0.0000,1.0
2003-03-17,83.23,85.55,82.83,85.5,22.620524171427924,5158100,0.0000,1.0
2003-03-18,85.5,87.0,85.19,86.62,22.91683980969692,5550200,0.0000,1.0
2003-03-19,86.62,87.92,86.45,87.92,23.260777604116292,4643700,0.0000,1.0
2003-03-20,87.51,88.57,87.26,88.0,23.28194300684979,4888900,0.0000,1.0
2003-03-21,88.65,89.07,87.99,88.9,23.520053787601665,5702600,0.0000,1.0
2003-03-24,88.0,88.15,87.06,87.56,23.165533291815542,3687200,0.0000,1.0
2003-03-25,87.57,88.76,87.2,88.02,23.287234357533166,3683700,0.0000,1.0
2003-03-26,88.03,88.89,87.89,88.33,23.36925029312548,3143900,0.0000,1.0
2003-03-27,87.8,89.34,87.5,88.78,23.488305683501416,3402700,0.0000,1.0
2003-03-28,88.78,88.98,87.89,88.64,23.45126622871779,2968900,0.0000,1.0
2003-03-31,88.5,90.0,88.0,89.05,23.559738917726975,5041000,0.0000,1.0
2003-04-01,89.05,90.0,88.71,89.52,23.684085658786287,4318000,0.0000,1.0
2003-04-02,89.98,90.19,89.47,90.12,23.84282617928754,4695400,0.0000,1.0
2003-04-03,90.11,90.18,89.42,89.44,23.66292025605279,3145300,0.0000,1.0
2003-04-04,88.8,90.44,88.8,90.15,23.8507632053126,3240400,0.0000,1.0
2003-04-07,90.41,91.1,89.32,89.41,23.654983230027725,3825300,0.0000,1.0
2003-04-08,89.02,90.04,89.01,89.9,23.784621321770413,3045300,0.0000,1.0
2003-04-09,89.2,90.5,88.93,89.29,23.62323512592748,3196600,0.0000,1.0
2003-04-10,89.29,89.3,88.4,88.77,23.485660008159726,3538400,0.0000,1.0
2003-04-11,89.15,89.67,88.9,89.2,23.59942404785229,2516200,0.0000,1.0
2003-04-14,89.2,90.24,89.13,89.95,23.79784969847885,2956300,0.0000,1.0
2003-04-15,89.4,90.0,89.37,89.88,23.88780266009622,3401900,0.4100,1.0
2003-04-16,89.69,89.87,88.75,89.1,23.68049863167082,3106200,0.0000,1.0
2003-04-17,89.1,89.56,88.11,89.26,23.72302253493757,3576600,0.0000,1.0
2003-04-21,89.55,89.83,89.11,89.43,23.76820418215849,2440900,0.0000,1.0
2003-04-22,88.85,91.45,88.54,91.13,24.220020654367694,3775300,0.0000,1.0
2003-04-23,90.88,91.21,90.35,90.55,24.06587150502573,2976000,0.0000,1.0
2003-04-24,89.2,89.9,89.1,89.87,23.88514491614205,3185800,0.0000,1.0
2003-04-25,89.3,89.73,88.8,89.14,23.691129607487508,2391800,0.0000,1.0
2003-04-28,89.38,91.06,88.45,90.69,24.103079920384136,4222400,0.0000,1.0
2003-04-29,90.6,91.0,89.7,90.85,24.145603823650884,4151000,0.0000,1.0
2003-04-30,89.91,90.46,89.57,89.85,23.879829428233702,5101500,0.0000,1.0
2003-05-01,90.08,90.5,88.37,89.87,23.88514491614205,2938500,0.0000,1.0
2003-05-02,89.4,90.16,88.93,90.15,23.95956174685886,3147700,0.0000,1.0
2003-05-05,90.0,90.45,89.24,90.14,23.956904002904686,3223000,0.0000,1.0
2003-05-06,89.84,90.08,89.3,89.7,23.839963268921128,2862400,0.0000,1.0
2003-05-07,89.71,90.19,89.41,89.85,23.879829428233702,3206500,0.0000,1.0
2003-05-08,89.15,89.7,88.9,89.12,23.685814119579163,2386900,0.0000,1.0
2003-05-09,89.13,89.61,88.72,89.5,23.78680838983769,2161300,0.0000,1.0
2003-05-12,89.25,89.4,88.71,88.88,23.622028264679038,2864900,0.0000,1.0
2003-05-13,88.75,89.3,87.6,87.81,23.337649661582656,3998300,0.0000,1.0
2003-05-14,88.49,88.69,87.7,88.6,23.547611433962228,3796800,0.0000,1.0
2003-05-15,89.0,90.249,88.76,89.9,23.893118148004564,3646400,0.0000,1.0
2003-05-16,89.97,90.491,89.79,90.32,24.004743394079778,3861600,0.0000,1.0
2003-05-19,90.11,90.28,89.61,90.03,23.927668819408797,2850700,0.0000,1.0
2003-05-20,89.97,90.0,88.7,89.35,23.746942230525114,3332700,0.0000,1.0
2003-05-21,88.85,89.43,88.6,89.43,23.76820418215849,3036700,0.0000,1.0
2003-05-22,89.43,89.849,89.05,89.58,23.808070341471065,2941400,0.0000,1.0
2003-05-23,89.12,89.8,89.03,89.8,23.866540708462846,1904400,0.0000,1.0
2003-05-27,89.8,91.19,89.62,91.11,24.214705166459353,4849400,0.0000,1.0
2003-05-28,91.12,91.93,90.6,91.78,24.392774011388866,4405800,0.0000,1.0
2003-05-29,91.65,92.01,90.2,91.13,24.220020654367694,3340300,0.0000,1.0
2003-05-30,91.13,91.95,91.02,91.82,24.403404987205548,3300500,0.0000,1.0
2003-06-02,91.83,91.95,90.8,91.32,24.27051778949696,3735100,0.0000,1.0
2003-06-03,91.42,92.2,91.15,92.05,24.464533098151502,2865800,0.0000,1.0
2003-06-04,92.05,92.53,91.85,92.37,24.549580904685,3714700,0.0000,1.0
2003-06-05,91.76,92.36,90.7,91.38,24.28646425322199,3522600,0.0000,1.0
2003-06-06,91.2,91.42,90.31,90.8,24.132315103880025,4666700,0.0000,1.0
2003-06-09,90.71,91.16,90.4,90.57,24.071186992934074,2003200,0.0000,1.0
2003-06-10,90.58,90.861,90.13,90.6,24.07916022479659,2316900,0.0000,1.0
2003-06-11,90.82,90.82,89.92,90.5,24.052582785254874,2904600,0.0000,1.0
2003-06-12,90.95,91.0,90.2,90.82,24.13763059178837,3044000,0.0000,1.0
2003-06-13,91.3,91.39,90.55,91.17,24.230651630184383,2306600,0.0000,1.0
2003-06-16,91.6,92.508,91.4,92.4,24.557554136547516,3532800,0.0000,1.0
2003-06-17,92.28,92.5,91.66,91.89,24.422009194884755,2712000,0.0000,1.0
2003-06-18,91.89,91.89,91.0,91.54,24.32898815648874,3292100,0.0000,1.0
2003-06-19,91.5,91.6875,90.05,90.41,24.028663089667326,3282000,0.0000,1.0
2003-06-20,90.85,91.74,90.41,91.23,24.246598093909416,4701200,0.0000,1.0
2003-06-23,91.03,91.65,90.36,91.5,24.318357180672052,3366800,0.0000,1.0
2003-06-24,91.0,92.48,91.0,92.38,24.55223864863917,3755300,0.0000,1.0
2003-06-25,91.98,92.37,90.63,90.69,24.103079920384136,3478200,0.0000,1.0
2003-06-26,90.69,90.69,89.8,90.28,23.994112418263093,3842600,0.0000,1.0
2003-06-27,90.28,90.28,89.17,89.17,23.699102839350022,2991300,0.0000,1.0
2003-06-30,89.42,89.99,89.1,89.18,23.701760583304196,2588300,0.0000,1.0
2003-07-01,89.04,90.58,88.73,89.96,23.909064611729594,3143900,0.0000,1.0
2003-07-02,89.98,90.4,89.93,90.11,23.94893077104217,3263600,0.0000,1.0
2003-07-03,90.0,90.75,89.71,89.96,23.909064611729594,1625800,0.0000,1.0
2003-07-07,90.1,91.09,90.1,90.79,24.129657359925858,2973800,0.0000,1.0
2003-07-08,90.45,90.689,90.02,90.1,23.946273027087997,2532500,0.0000,1.0
2003-07-09,89.95,90.33,88.5,88.5,23.52103399442051,4958700,0.0000,1.0
2003-07-10,88.5,88.79,87.9,88.35,23.481167835107932,4591000,0.0000,1.0
2003-07-11,88.34,88.88,88.03,88.56,23.536980458145543,2846700,0.0000,1.0
2003-07-14,88.6,88.71,88.24,88.34,23.478510091153762,3761400,0.0000,1.0
2003-07-15,88.19,88.75,87.83,88.75,23.587477593274805,4909700,0.0000,1.0
2003-07-16,88.0,88.6,87.94,88.58,23.6632232959687,3573600,0.4550,1.0
2003-07-17,88.5,88.65,87.84,88.14,23.545681884247927,3046600,0.0000,1.0
2003-07-18,88.93,89.8,88.6,89.8,23.989133573921755,3843200,0.0000,1.0
2003-07-21,89.55,89.87,89.04,89.16,23.81816424778245,3215700,0.0000,1.0
2003-07-22,89.05,89.906,88.28,89.5,23.908991702293957,3229600,0.0000,1.0
2003-07-23,89.93,89.93,88.5,88.9,23.748707959038356,2929800,0.0000,1.0
2003-07-24,89.17,89.86,88.2,88.23,23.569724445736266,3996000,0.0000,1.0
2003-07-25,87.95,89.59,86.82,89.55,23.92234868089859,3425800,0.0000,1.0
2003-07-28,89.14,89.14,87.9,88.31,23.59109561150368,3264800,0.0000,1.0
2003-07-29,88.05,88.56,87.1,87.1,23.267856729271546,4607600,0.0000,1.0
2003-07-30,87.9,88.09,87.21,87.75,23.441497451131784,3171600,0.0000,1.0
2003-07-31,88.95,90.25,87.87,87.87,23.473554199782907,5840300,0.0000,1.0
2003-08-01,88.0,88.3,86.61,86.7,23.16100090043448,4676800,0.0000,1.0
2003-08-04,86.95,88.5,86.51,87.84,23.465540012620124,3405600,0.0000,1.0
2003-08-05,88.25,88.59,87.42,87.53,23.3827267452714,3201900,0.0000,1.0
2003-08-06,87.7,89.18,87.5,88.8,23.72199400182909,3894500,0.0000,1.0
2003-08-07,89.0,89.14,88.03,88.2,23.561710258573488,3096000,0.0000,1.0
2003-08-08,88.8,89.18,88.18,89.08,23.796793082015036,2040200,0.0000,1.0
2003-08-11,89.04,89.6,88.75,89.12,23.807478664898742,2083900,0.0000,1.0
2003-08-12,89.5,89.54,88.48,89.41,23.884949140805617,2372400,0.0000,1.0
2003-08-13,89.65,89.66,88.8,89.11,23.804807269177815,2593100,0.0000,1.0
2003-08-14,89.46,89.49,88.55,88.97,23.76740772908484,2459200,0.0000,1.0
2003-08-15,89.35,89.5,88.7,89.12,23.807478664898742,1400700,0.0000,1.0
2003-08-18,89.65,89.65,88.4,88.4,23.615138172992022,2948100,0.0000,1.0
2003-08-19,88.4,88.4,87.7,87.8,23.454854429736418,4608000,0.0000,1.0
2003-08-20,87.84,88.49,87.27,87.38,23.342655809457494,2412000,0.0000,1.0
2003-08-21,87.38,87.94,86.55,86.7,23.16100090043448,3813700,0.0000,1.0
2003-08-22,87.06,87.49,86.69,86.71,23.163672296155408,3091400,0.0000,1.0
2003-08-25,86.65,87.3,86.57,87.18,23.289227895038966,2521300,0.0000,1.0
2003-08-26,86.88,87.82,86.66,87.67,23.420126285364372,2730200,0.0000,1.0
2003-08-27,87.15,88.25,87.15,87.25,23.30792766508545,3237100,0.0000,1.0
2003-08-28,87.12,87.76,86.59,87.4,23.347998600899352,2124100,0.0000,1.0
2003-08-29,86.97,87.94,86.961,87.29,23.318613247969157,2351000,0.0000,1.0
2003-09-02,87.16,88.37,87.12,88.08,23.529653509922365,2876400,0.0000,1.0
2003-09-03,88.1,89.1,88.01,88.8,23.72199400182909,4196800,0.0000,1.0
2003-09-04,90.0,91.99,89.82,91.43,24.424571076432812,8025100,0.0000,1.0
2003-09-05,91.43,91.7,90.74,90.98,24.30435826899111,3960000,0.0000,1.0
2003-09-08,90.6,91.69,90.56,91.62,24.47532759513042,3263100,0.0000,1.0
2003-09-09,91.1,91.55,91.0,91.15,24.349771996246865,3595800,0.0000,1.0
2003-09-10,91.16,91.89,90.81,90.96,24.299015477549254,3413000,0.0000,1.0
2003-09-11,91.15,91.86,91.03,91.55,24.45662782508393,2900700,0.0000,1.0
2003-09-12,91.25,91.91,91.13,91.91,24.55279807103729,2969800,0.0000,1.0
2003-09-15,91.47,92.41,91.4515,91.74,24.507384343781535,3985900,0.0000,1.0
2003-09-16,91.5,92.61,91.5,92.59,24.734452980060308,3314900,0.0000,1.0
2003-09-17,92.18,92.71,92.09,92.5,24.710410418571968,2440000,0.0000,1.0
2003-09-18,92.3,93.43,92.2,93.25,24.91076509764147,3397700,0.0000,1.0
2003-09-19,93.25,93.38,92.28,92.67,24.75582414582772,3660800,0.0000,1.0
2003-09-22,92.0,92.55,91.52,92.19,24.627597151223238,2822900,0.0000,1.0
2003-09-23,92.0,92.47,91.79,92.31,24.65965389987436,2437000,0.0000,1.0
2003-09-24,92.6,92.8,92.0,92.37,24.67568227419992,3803200,0.0000,1.0
2003-09-25,92.37,92.73,91.96,92.16,24.61958296406046,2731400,0.0000,1.0
2003-09-26,92.0,92.3,91.52,91.72,24.502041552339684,2624000,0.0000,1.0
2003-09-29,91.75,92.92,91.72,92.9,24.817266247409037,3155600,0.0000,1.0
2003-09-30,92.75,92.98,92.44,92.82,24.795895081641618,3482300,0.0000,1.0
2003-10-01,92.82,93.98,92.82,93.98,25.10577698526912,3603300,0.0000,1.0
2003-10-02,93.55,94.68,93.52,94.48,25.239346771315454,3297700,0.0000,1.0
2003-10-03,94.45,94.98,94.38,94.9,25.351545391594374,4340800,0.0000,1.0
2003-10-06,94.7,94.82,93.6,94.01,25.1137911724319,2529300,0.0000,1.0
2003-10-07,94.01,95.1,93.71,95.1,25.404973306012906,3646400,0.0000,1.0
2003-10-08,94.6,95.08,94.22,94.98,25.37291655736179,2826600,0.0000,1.0
2003-10-09,95.48,95.77,94.45,94.99,25.375587953082714,3342200,0.0000,1.0
2003-10-10,94.8,95.63,94.75,95.59,25.53587169633832,2056400,0.0000,1.0
2003-10-13,95.5,96.15,95.16,95.5,25.511829134849975,2515300,0.0000,1.0
2003-10-14,95.28,96.0,95.15,95.99,25.642727525175385,2572700,0.0000,1.0
2003-10-15,95.65,95.85,95.24,95.63,25.54655727922202,2795800,0.0000,1.0
2003-10-16,95.64,96.611,95.6,96.29,25.722869396803187,3012200,0.0000,1.0
2003-10-17,96.5,96.99,96.01,96.2,25.698826835314847,2909800,0.0000,1.0
2003-10-20,96.0,96.1,95.41,95.98,25.640056129454457,2973000,0.0000,1.0
2003-10-21,96.23,96.37,95.7,95.72,25.570599840710365,1928100,0.0000,1.0
2003-10-22,94.73,95.732,94.73,95.26,25.5692641428499,2732100,0.4550,1.0
2003-10-23,95.26,95.47,94.76,95.15,25.539738433678018,3505400,0.0000,1.0
2003-10-24,94.69,96.06,94.55,96.06,25.783996573190862,2934300,0.0000,1.0
2003-10-27,96.1,97.59,95.96,96.8,25.982624071256247,4383000,0.0000,1.0
2003-10-28,97.25,97.71,96.68,97.5,26.17051494780459,3189000,0.0000,1.0
2003-10-29,97.5,97.69,97.0,97.26,26.106095218702304,2713800,0.0000,1.0
2003-10-30,97.26,98.13,97.26,97.93,26.285933629112858,3078700,0.0000,1.0
2003-10-31,97.93,98.59,97.85,98.29,26.38256322276629,3652900,0.0000,1.0
2003-11-03,97.85,98.48,97.5,97.5,26.17051494780459,2564200,0.0000,1.0
2003-11-04,97.5,97.81,97.1,97.35,26.13025261711566,2387600,0.0000,1.0
2003-11-05,97.1,97.49,96.77,97.31,26.11951599559861,2518400,0.0000,1.0
2003-11-06,96.85,97.7,96.8,97.56,26.186619880080162,2619200,0.0000,1.0
2003-11-07,97.56,97.97,96.62,96.81,25.98530822663551,2754000,0.0000,1.0
2003-11-10,96.7,97.09,95.65,96.0,25.767891640915288,3207500,0.0000,1.0
2003-11-11,96.01,96.36,95.82,95.93,25.749102553260457,3016300,0.0000,1.0
2003-11-12,95.52,97.29,95.51,97.0,26.03630717884149,2663100,0.0000,1.0
2003-11-13,96.0,96.75,95.93,96.35,25.861837079189456,2610300,0.0000,1.0
2003-11-14,96.07,96.48,95.32,95.71,25.69005113491669,2778800,0.0000,1.0
2003-11-17,95.44,96.4,95.19,96.04,25.77862826243234,2408100,0.0000,1.0
2003-11-18,96.0,96.728,95.56,95.66,25.67663035802038,2768600,0.0000,1.0
2003-11-19,95.5,96.47,95.0,96.08,25.789364883949386,2613000,0.0000,1.0
2003-11-20,95.8,96.21,95.41,95.41,25.60952647353883,2554800,0.0000,1.0
2003-11-21,95.7,96.5,95.51,95.76,25.703471911813,2537900,0.0000,1.0
2003-11-24,95.9,97.47,95.57,96.62,25.934309274429534,3367300,0.0000,1.0
2003-11-25,96.8,97.25,96.04,96.87,26.001413158911085,3331400,0.0000,1.0
2003-11-26,97.05,97.06,95.82,95.88,25.735681776364142,3462300,0.0000,1.0
2003-11-28,95.81,96.55,95.8,96.24,25.832311370017575,1143600,0.0000,1.0
2003-12-01,96.35,97.1,96.27,97.04,26.047043800358537,2400200,0.0000,1.0
2003-12-02,96.76,97.23,96.46,96.93,26.017518091186655,2480600,0.0000,1.0
2003-12-03,96.65,97.1,96.18,96.81,25.98530822663551,2818100,0.0000,1.0
2003-12-04,96.55,97.21,96.38,96.79,25.97993991587699,2824200,0.0000,1.0
2003-12-05,96.51,96.75,96.12,96.51,25.904783565257652,1824600,0.0000,1.0
2003-12-08,96.42,96.9,96.15,96.85,25.996044848152557,2569100,0.0000,1.0
2003-12-09,96.85,96.93,96.32,96.57,25.92088849753322,3515600,0.0000,1.0
2003-12-10,96.47,96.97,96.31,96.88,26.004097314290345,2072900,0.0000,1.0
2003-12-11,96.88,96.88,95.62,96.0,25.767891640915288,3869500,0.0000,1.0
2003-12-12,95.99,97.15,95.79,96.82,25.98799238201477,3640500,0.0000,1.0
2003-12-15,97.12,98.5,97.12,97.82,26.256407919940973,4389100,0.0000,1.0
2003-12-16,98.7,98.85,97.92,98.65,26.479192816419722,4715900,0.0000,1.0
2003-12-17,98.64,98.72,97.96,98.38,26.406720621179645,3234300,0.0000,1.0
2003-12-18,98.5,99.34,98.2,99.31,26.656347071451012,3891500,0.0000,1.0
2003-12-19,99.44,99.49,97.26,97.52,26.17588325856311,6526700,0.0000,1.0
2003-12-22,97.6,98.15,97.299,98.15,26.34498504745662,2392000,0.0000,1.0
2003-12-23,98.25,98.6,98.05,98.48,26.433562174972266,2695500,0.0000,1.0
2003-12-24,98.15,98.58,98.05,98.34,26.3959839996626,998600,0.0000,1.0
2003-12-26,98.05,98.36,97.91,98.24,26.369142445869976,515200,0.0000,1.0
2003-12-29,98.1,99.2,98.05,99.2,26.62682136227913,2417200,0.0000,1.0
2003-12-30,99.2,99.69,99.04,99.67,26.752976665104445,2230700,0.0000,1.0
2003-12-31,99.47,99.93,99.47,99.88,26.809343928068948,2236900,0.0000,1.0
2004-01-02,99.65,100.0,98.88,98.99,26.570454099314627,2772300,0.0000,1.0
2004-01-05,98.99,99.65,98.81,99.48,26.70197771289847,3361800,0.0000,1.0
2004-01-06,98.82,99.14,98.68,98.98,26.567769943935367,2780400,0.0000,1.0
2004-01-07,98.5,98.67,97.779,98.1,26.33156427056031,3528500,0.0000,1.0
2004-01-08,99.79,99.94,98.63,99.13,26.608032274624296,4623100,0.0000,1.0
2004-01-09,98.88,100.02,98.88,99.64,26.74492419896666,4671100,0.0000,1.0
2004-01-12,99.48,100.28,99.404,100.25,26.908657677101644,4117000,0.0000,1.0
2004-01-13,100.02,100.3,99.25,99.7,26.761029131242232,3326800,0.0000,1.0
2004-01-14,99.75,100.49,99.6885,100.03,26.849606258757877,3052100,0.0000,1.0
2004-01-15,99.91,100.17,99.34,99.51,26.710030179036256,2950300,0.0000,1.0
2004-01-16,99.97,99.97,98.62,99.0,26.57313825469389,4135300,0.0000,1.0
2004-01-20,98.4,99.2,98.26,98.67,26.484561127178246,3367700,0.0000,1.0
2004-01-21,98.2,99.16,98.15,99.15,26.735529655139246,3591200,0.4550,1.0
2004-01-22,98.25,99.6,98.25,99.23,26.757101439026396,2649500,0.0000,1.0
2004-01-23,99.48,99.49,97.94,98.36,26.522508289253615,3107900,0.0000,1.0
2004-01-26,97.95,99.98,97.95,99.83,26.918889818180038,2950600,0.0000,1.0
2004-01-27,99.55,99.82,99.1,99.18,26.743619074096927,2722500,0.0000,1.0
2004-01-28,99.18,99.95,98.11,98.62,26.592616586886862,3496500,0.0000,1.0
2004-01-29,98.8,101.11,98.69,101.0,27.23437715752964,5602100,0.0000,1.0
2004-01-30,100.5,101.41,100.5,101.08,27.25594894141679,4233000,0.0000,1.0
2004-02-02,100.81,101.93,100.81,101.68,27.417737320570435,3719200,0.0000,1.0
2004-02-03,101.3,102.04,101.11,102.02,27.50941740209083,3278600,0.0000,1.0
2004-02-04,101.99,103.67,101.901,103.2,27.827601214426323,4316900,0.0000,1.0
2004-02-05,102.67,103.57,102.39,102.69,27.69008109214573,3401000,0.0000,1.0
2004-02-06,102.5,102.81,101.28,102.36,27.601097483611227,3010100,0.0000,1.0
2004-02-09,101.86,102.72,101.45,102.55,27.652330470343212,2926300,0.0000,1.0
2004-02-10,102.2,102.6,102.1,102.35,27.59840101062533,2138100,0.0000,1.0
2004-02-11,102.18,103.31,102.02,103.2,27.827601214426323,2609900,0.0000,1.0
2004-02-12,102.96,103.13,102.07,102.39,27.609186902568908,2112200,0.0000,1.0
2004-02-13,102.75,103.3,101.95,102.05,27.51750682104851,1883700,0.0000,1.0
2004-02-17,102.48,103.23,102.1,103.12,27.806029430539173,2251300,0.0000,1.0
2004-02-18,103.42,103.49,102.84,102.95,27.760189389778976,2863800,0.0000,1.0
2004-02-19,102.72,103.74,102.0,102.43,27.619972794512485,3145500,0.0000,1.0
2004-02-20,102.74,102.74,102.05,102.5,27.638848105413743,3188200,0.0000,1.0
2004-02-23,102.55,103.7,102.55,103.57,27.927370714904402,2421000,0.0000,1.0
2004-02-24,103.52,104.0,101.25,101.78,27.444702050429374,4077700,0.0000,1.0
2004-02-25,101.92,103.03,101.58,102.69,27.69008109214573,2746100,0.0000,1.0
2004-02-26,102.4,103.28,102.38,103.07,27.7925470656097,2755800,0.0000,1.0
2004-02-27,102.8,103.45,102.21,102.51,27.64154457839964,4060900,0.0000,1.0
2004-03-01,102.58,103.86,102.12,103.86,28.00556843149533,2911000,0.0000,1.0
2004-03-02,103.86,103.86,101.75,102.12,27.53638213194977,4318300,0.0000,1.0
2004-03-03,101.66,102.85,101.52,102.46,27.628062213470166,3161500,0.0000,1.0
2004-03-04,102.36,102.64,101.77,102.1,27.53098918597798,2365800,0.0000,1.0
2004-03-05,101.85,102.8,101.1,101.76,27.439309104457585,3947800,0.0000,1.0
2004-03-08,101.76,103.13,101.73,102.47,27.63075868645606,2815900,0.0000,1.0
2004-03-09,102.05,102.78,101.95,102.49,27.636151632427847,2753900,0.0000,1.0
2004-03-10,104.26,107.21,104.26,105.53,28.45587942013963,9462500,0.0000,1.0
2004-03-11,105.3,106.1,103.95,103.95,28.029836688368377,5494800,0.0000,1.0
2004-03-12,104.0,104.45,102.91,104.12,28.075676729128574,3693500,0.0000,1.0
2004-03-15,103.3,104.01,102.38,102.52,27.644241051385528,3879300,0.0000,1.0
2004-03-16,103.12,103.45,102.39,103.06,27.789850592623807,3360700,0.0000,1.0
2004-03-17,103.09,104.65,103.05,104.22,28.102641458987513,3022600,0.0000,1.0
2004-03-18,103.62,105.25,103.62,104.43,28.15926739169129,3100300,0.0000,1.0
2004-03-19,104.44,104.99,104.03,104.03,28.051408472255527,3867000,0.0000,1.0
2004-03-22,103.45,104.95,103.01,103.97,28.035229634340162,3663600,0.0000,1.0
2004-03-23,102.45,103.98,102.45,103.36,27.870744782200628,3873700,0.0000,1.0
2004-03-24,103.16,103.42,102.49,103.02,27.77906470068023,3125100,0.0000,1.0
2004-03-25,103.95,105.07,103.55,104.54,28.188928594536126,2949200,0.0000,1.0
2004-03-26,104.45,104.9,103.79,103.95,28.029836688368377,2691500,0.0000,1.0
2004-03-29,104.3,104.91,103.85,104.88,28.28060867605652,2649800,0.0000,1.0
2004-03-30,104.77,105.98,104.61,105.98,28.577220704504864,3215800,0.0000,1.0
2004-03-31,105.75,105.76,104.5,104.88,28.28060867605652,3750200,0.0000,1.0
2004-04-01,104.95,106.03,104.8,105.98,28.577220704504864,3196900,0.0000,1.0
2004-04-02,106.35,106.61,105.71,106.11,28.612274853321484,2894100,0.0000,1.0
2004-04-05,105.65,106.57,105.32,106.35,28.67699020498294,2897900,0.0000,1.0
2004-04-06,105.5,107.0,105.5,107.0,28.852260949066054,2315200,0.0000,1.0
2004-04-07,106.75,107.0,106.25,106.45,28.70395493484188,3128500,0.0000,1.0
2004-04-08,106.7,107.18,106.03,106.4,28.690472569912412,2094700,0.0000,1.0
2004-04-12,106.88,107.39,106.65,107.12,28.88461862489678,2305800,0.0000,1.0
2004-04-13,107.12,107.39,105.73,105.93,28.563738339575394,3797800,0.0000,1.0
2004-04-14,105.05,106.08,104.991,105.81,28.531380663744663,3677400,0.0000,1.0
2004-04-15,105.98,106.76,105.71,106.12,28.61497132630738,2656500,0.0000,1.0
2004-04-16,106.65,106.67,105.89,105.97,28.574524231518968,2727800,0.0000,1.0
2004-04-19,106.53,106.65,105.62,106.02,28.588006596448437,2507000,0.0000,1.0
2004-04-20,106.02,106.38,104.61,104.61,28.20780390543738,2479800,0.0000,1.0
2004-04-21,104.11,104.54,103.54,103.54,28.054104945241424,3679900,0.5000,1.0
2004-04-22,103.28,105.19,103.28,104.63,28.34943983407968,3853300,0.0000,1.0
2004-04-23,104.43,105.12,104.07,104.99,28.446981632228095,2098400,0.0000,1.0
2004-04-26,105.5,105.63,104.78,105.24,28.514718992053382,2032700,0.0000,1.0
2004-04-27,105.25,106.3,105.05,105.63,28.62038927338083,2784000,0.0000,1.0
2004-04-28,105.0,105.34,104.07,104.17,28.22480309200115,2874300,0.0000,1.0
2004-04-29,104.55,106.51,104.28,105.97,28.712512082743224,3532100,0.0000,1.0
2004-04-30,106.6,107.31,105.75,105.75,28.652903206096973,4879300,0.0000,1.0
2004-05-03,105.47,106.79,105.16,106.79,28.934690622970173,3487200,0.0000,1.0
2004-05-04,106.32,107.0,105.59,106.3,28.801925397712605,3469400,0.0000,1.0
2004-05-05,106.41,107.1,106.28,106.81,28.940109611756196,2802400,0.0000,1.0
2004-05-06,106.47,107.84,106.33,107.78,29.20293056787831,3381200,0.0000,1.0
2004-05-07,107.5,108.85,106.71,106.72,28.91572416221909,4473900,0.0000,1.0
2004-05-10,106.72,107.5,105.53,105.67,28.63122725095288,3859300,0.0000,1.0
2004-05-11,106.2,106.41,104.74,106.08,28.74231652106635,3657700,0.0000,1.0
2004-05-12,105.98,106.32,104.88,106.14,28.75857348742442,3463400,0.0000,1.0
2004-05-13,106.15,106.49,104.85,105.31,28.533685452804463,2958100,0.0000,1.0
2004-05-14,105.56,106.7,104.85,106.41,28.83172983603573,3308800,0.0000,1.0
2004-05-17,105.88,107.15,105.81,106.28,28.796506408926582,3485600,0.0000,1.0
2004-05-18,106.21,106.5,105.61,106.06,28.73689753228033,3261800,0.0000,1.0
2004-05-19,106.07,106.39,105.47,105.48,28.57974685748566,2608200,0.0000,1.0
2004-05-20,105.11,107.05,105.11,106.69,28.907595679040053,2720500,0.0000,1.0
2004-05-21,106.86,108.16,106.61,106.91,28.96720455568631,3878300,0.0000,1.0
2004-05-24,106.92,107.45,106.03,106.17,28.766701970603457,2866800,0.0000,1.0
2004-05-25,105.96,107.95,105.96,107.76,29.19751157909229,3037200,0.0000,1.0
2004-05-26,107.01,107.99,107.01,107.6,29.154159668804102,2822900,0.0000,1.0
2004-05-27,107.73,108.75,107.63,108.58,29.419690119319235,3038600,0.0000,1.0
2004-05-28,108.29,108.48,107.78,107.82,29.213768545450357,1964500,0.0000,1.0
2004-06-01,107.51,108.75,107.51,108.6,29.425109108105257,2569800,0.0000,1.0
2004-06-02,108.85,109.15,108.6,108.81,29.482008490358503,2729800,0.0000,1.0
2004-06-03,108.7,109.17,107.95,107.95,29.24899197255951,2111000,0.0000,1.0
2004-06-04,108.47,108.49,107.61,107.87,29.22731601741542,2208900,0.0000,1.0
2004-06-07,108.26,109.5,107.97,109.5,29.668963603476296,2208500,0.0000,1.0
2004-06-08,109.35,110.3,109.33,110.29,29.88301366052421,3042800,0.0000,1.0
2004-06-09,110.05,110.96,110.0,110.76,30.01035989699575,2600100,0.0000,1.0
2004-06-10,110.76,110.76,109.76,110.52,29.94533203156347,3029700,0.0000,1.0
2004-06-14,110.0,110.6,110.0,110.54,29.950751020349497,2422600,0.0000,1.0
2004-06-15,110.6,111.59,110.45,111.04,30.086225740000074,3368200,0.0000,1.0
2004-06-16,111.0,111.36,110.85,111.18,30.124158661502236,1804500,0.0000,1.0
2004-06-17,111.17,111.28,110.37,110.37,29.9046896156683,2825100,0.0000,1.0
2004-06-18,110.38,111.49,109.96,110.19,29.855918716594093,10159100,0.0000,1.0
2004-06-21,55.09,56.04,55.0715,55.5,30.075387762428026,3174800,0.0000,2.0
2004-06-22,56.34,56.34,55.55,55.88,30.281309336296903,6559000,0.0000,1.0
2004-06-23,56.05,56.1,55.46,55.96,30.324661246585087,5268600,0.0000,1.0
2004-06-24,55.71,55.83,55.26,55.29,29.96158899792154,5925300,0.0000,1.0
2004-06-25,55.38,55.41,54.3,54.75,29.668963603476296,9440900,0.0000,1.0
2004-06-28,55.16,55.18,54.29,54.6,29.58767877168595,6285600,0.0000,1.0
2004-06-29,54.45,55.05,54.43,54.85,29.72315349133653,4690400,0.0000,1.0
2004-06-30,54.78,54.85,54.22,54.44,29.50097495110958,6478800,0.0000,1.0
2004-07-01,54.56,54.85,54.0,54.25,29.398014164175144,6696900,0.0000,1.0
2004-07-02,54.28,54.59,54.0,54.33,29.44136607446333,4263200,0.0000,1.0
2004-07-06,54.26,54.75,54.04,54.15,29.343824276314912,5243300,0.0000,1.0
2004-07-07,54.15,54.61,54.1,54.42,29.490136973537535,4357900,0.0000,1.0
2004-07-08,54.45,55.08,54.37,54.55,29.560583827755835,5239600,0.0000,1.0
2004-07-09,54.46,54.9,54.46,54.72,29.652706637118225,4057700,0.0000,1.0
2004-07-12,54.79,55.02,54.37,54.88,29.739410457694596,4926100,0.0000,1.0
2004-07-13,54.56,54.94,54.56,54.9,29.75024843526664,3521800,0.0000,1.0
2004-07-14,54.58,55.2,54.57,55.08,29.847790233415058,4814500,0.0000,1.0
2004-07-15,55.08,55.35,54.95,55.01,29.809857311912896,5542500,0.0000,1.0
2004-07-16,55.52,55.58,55.01,55.1,29.858628210987103,5550300,0.0000,1.0
2004-07-19,55.5,55.5,54.6,54.68,29.631030681974135,4469000,0.0000,1.0
2004-07-20,54.89,54.97,54.26,54.5,29.53348888382572,5096200,0.0000,1.0
2004-07-21,54.4,54.47,53.1,53.24,28.98617101643739,7142000,0.2500,1.0
2004-07-22,53.2,53.77,53.03,53.38,29.062393104008788,4550200,0.0000,1.0
2004-07-23,55.97,55.97,52.01,52.49,28.577838404447757,6157400,0.0000,1.0
2004-07-26,52.62,53.15,52.24,53.12,28.920837798519045,4931000,0.0000,1.0
2004-07-27,53.12,53.89,53.04,53.89,29.340059280161736,5077900,0.0000,1.0
2004-07-28,53.05,53.55,52.62,53.44,29.095059712967956,6307700,0.0000,1.0
2004-07-29,53.38,53.39,52.5,52.92,28.81194910198848,4913700,0.0000,1.0
2004-07-30,52.78,52.99,51.5,52.15,28.392727620345788,7447700,0.0000,1.0
2004-08-02,52.76,54.1,52.68,53.34,29.040615364702674,6872400,0.0000,1.0
2004-08-03,53.0,54.17,52.99,53.66,29.21483727915158,5613500,0.0000,1.0
2004-08-04,53.61,54.38,53.53,54.06,29.432614672212722,5130900,0.0000,1.0
2004-08-05,53.93,54.14,53.14,53.15,28.93717110299863,3842900,0.0000,1.0
2004-08-06,53.0,53.54,52.61,52.99,28.850060145774176,4930400,0.0000,1.0
2004-08-09,53.1,53.46,52.77,53.09,28.90450449403946,3424800,0.0000,1.0
2004-08-10,53.04,54.2,53.0133,54.2,29.508836759784117,4646100,0.0000,1.0
2004-08-11,54.18,54.67,53.8,54.67,29.764725196630955,6866300,0.0000,1.0
2004-08-12,54.43,54.79,54.29,54.29,29.557836673222873,4684100,0.0000,1.0
2004-08-13,54.5,54.77,54.12,54.46,29.650392065273856,3852700,0.0000,1.0
2004-08-16,54.71,54.98,54.2,54.97,29.928058241426807,4768000,0.0000,1.0
2004-08-17,54.97,54.99,54.47,54.84,29.857280588681938,4866000,0.0000,1.0
2004-08-18,54.75,55.25,54.68,55.2,30.053280242436962,4670700,0.0000,1.0
2004-08-19,55.0,55.06,54.29,54.48,29.66128093492691,4282600,0.0000,1.0
2004-08-20,54.38,54.89,54.09,54.85,29.862725023508467,3938500,0.0000,1.0
2004-08-23,54.76,55.05,54.71,54.75,29.808280675243182,2614500,0.0000,1.0
2004-08-24,54.7,55.02,54.66,54.95,29.917169371773753,3445900,0.0000,1.0
2004-08-25,54.95,55.43,54.77,55.3,30.107724590702244,3547300,0.0000,1.0
2004-08-26,55.5,55.8,55.33,55.7,30.325501983763385,3220200,0.0000,1.0
2004-08-27,55.6,56.0,55.5,55.98,30.477946158906178,3364800,0.0000,1.0
2004-08-30,55.7,56.09,55.5,55.51,30.22205772205934,2796300,0.0000,1.0
2004-08-31,55.5,55.97,55.22,55.97,30.47250172407965,3277900,0.0000,1.0
2004-09-01,55.97,56.21,55.49,56.2,30.597723725089807,3832100,0.0000,1.0
2004-09-02,56.17,56.54,55.89,56.49,30.75561233505913,2742700,0.0000,1.0
2004-09-03,56.6,56.9,56.49,56.55,30.7882789440183,3567800,0.0000,1.0
2004-09-07,56.35,56.9,56.31,56.65,30.842723292283583,3656500,0.0000,1.0
2004-09-08,56.55,56.9,56.2,56.73,30.88627877089581,4507500,0.0000,1.0
2004-09-09,56.61,56.67,55.93,56.09,30.537834941997993,5241500,0.0000,1.0
2004-09-10,56.05,56.22,55.62,56.18,30.58683485543675,3656200,0.0000,1.0
2004-09-13,56.19,56.34,55.7,56.27,30.635834768875505,4293600,0.0000,1.0
2004-09-14,56.48,56.86,56.21,56.65,30.842723292283583,3989700,0.0000,1.0
2004-09-15,56.55,56.73,56.3,56.3,30.652168073355085,3681800,0.0000,1.0
2004-09-16,55.85,56.04,55.68,55.91,30.439835115120477,3769400,0.0000,1.0
2004-09-17,56.19,56.95,55.86,56.26,30.630390334048972,8028400,0.0000,1.0
2004-09-20,55.61,55.72,54.24,54.38,29.60683658666163,10802600,0.0000,1.0
2004-09-21,54.35,54.91,53.82,54.88,29.87905832798805,7669000,0.0000,1.0
2004-09-22,54.3,54.65,54.07,54.3,29.5632811080494,5887600,0.0000,1.0
2004-09-23,54.29,54.52,54.15,54.28,29.552392238396344,4787500,0.0000,1.0
2004-09-24,53.96,54.4,53.83,54.08,29.443503541865773,5702700,0.0000,1.0
2004-09-27,53.92,54.15,53.6,53.63,29.198503974671997,5009600,0.0000,1.0
2004-09-28,53.75,53.82,53.27,53.77,29.274726062243396,4890600,0.0000,1.0
2004-09-29,53.55,54.48,53.37,54.46,29.650392065273856,7213600,0.0000,1.0
2004-09-30,54.08,54.72,53.88,54.12,29.465281281171887,6556400,0.0000,1.0
2004-10-01,54.35,54.67,54.15,54.66,29.759280761804423,4841700,0.0000,1.0
2004-10-04,54.74,54.9,54.3,54.35,29.590503282182045,5697400,0.0000,1.0
2004-10-05,54.2,54.36,54.02,54.26,29.541503368743285,3869500,0.0000,1.0
2004-10-06,54.26,54.37,54.0,54.3,29.5632811080494,4372300,0.0000,1.0
2004-10-07,54.35,54.4,53.603,53.64,29.203948409498526,3844700,0.0000,1.0
2004-10-08,53.42,54.02,53.22,53.45,29.100504147794485,5804700,0.0000,1.0
2004-10-11,53.45,53.9,53.1,53.67,29.22028171397811,3895100,0.0000,1.0
2004-10-12,53.4,53.98,53.4,53.53,29.14405962640671,4792600,0.0000,1.0
2004-10-13,53.5,53.54,52.77,53.02,28.866393450253764,4949800,0.0000,1.0
2004-10-14,52.85,53.22,52.84,52.97,28.839171276121117,3913500,0.0000,1.0
2004-10-15,53.54,54.38,53.47,53.69,29.231170583631165,5136600,0.0000,1.0
2004-10-18,53.61,53.79,53.25,53.66,29.21483727915158,4807600,0.0000,1.0
2004-10-19,53.66,53.95,53.0,53.0,28.855504580600705,3933900,0.0000,1.0
2004-10-20,52.8,53.57,52.77,53.56,29.29650380154951,4315100,0.2500,1.0
2004-10-21,53.31,53.98,52.89,53.62,29.329322887212182,4638100,0.0000,1.0
2004-10-22,53.7,53.82,53.0,53.05,29.017541573416754,3577500,0.0000,1.0
2004-10-25,53.0,53.01,52.2,52.33,28.62371254546463,5176700,0.0000,1.0
2004-10-26,51.85,53.21,51.53,53.21,29.105059135183893,8732300,0.0000,1.0
2004-10-27,52.25,52.75,50.81,51.78,28.322870926890097,15659900,0.0000,1.0
2004-10-28,52.5,52.5,50.53,51.31,28.065788089199128,14623700,0.0000,1.0
2004-10-29,51.0,51.51,51.0,51.18,27.994680070263325,8496100,0.0000,1.0
2004-11-01,51.25,51.48,50.85,51.0,27.896222813275298,7285200,0.0000,1.0
2004-11-02,51.0,51.15,50.79,50.97,27.879813270443957,8559400,0.0000,1.0
2004-11-03,51.95,51.95,51.22,51.86,28.366629707773665,6472800,0.0000,1.0
2004-11-04,52.0,53.27,51.83,53.19,29.094119439963,7271300,0.0000,1.0
2004-11-05,53.39,53.89,53.19,53.52,29.274624411107723,5918500,0.0000,1.0
2004-11-08,53.52,53.52,52.89,53.29,29.14881791606746,5415700,0.0000,1.0
2004-11-09,53.39,53.64,52.7,52.77,28.864385840324264,5673000,0.0000,1.0
2004-11-10,52.85,53.57,52.8,53.0,28.990192335364522,5087400,0.0000,1.0
2004-11-11,53.38,54.17,53.23,54.0,29.53717709640914,5025600,0.0000,1.0
2004-11-12,54.01,54.76,53.91,54.6,29.865367953035907,5692900,0.0000,1.0
2004-11-15,54.6,54.82,54.07,54.48,29.79972978171055,5108200,0.0000,1.0
2004-11-16,54.5,54.65,54.22,54.35,29.728621762774754,4340400,0.0000,1.0
2004-11-17,54.48,54.74,54.17,54.49,29.805199629321,4369100,0.0000,1.0
2004-11-18,54.38,54.95,54.23,54.77,29.958355362413492,3825200,0.0000,1.0
2004-11-19,54.78,54.95,54.04,54.32,29.712212219943414,4902200,0.0000,1.0
2004-11-22,54.08,54.58,54.02,54.46,29.78879008648966,4004600,0.0000,1.0
2004-11-23,54.46,54.51,53.75,54.06,29.569996182071815,4242900,0.0000,1.0
2004-11-24,54.15,54.29,53.77,53.94,29.504358010746458,3257100,0.0000,1.0
2004-11-26,53.95,54.05,53.64,53.64,29.340262582433077,1609800,0.0000,1.0
2004-11-29,53.97,54.44,53.52,54.1,29.5918755725136,5204200,0.0000,1.0
2004-11-30,54.02,54.2,53.48,53.48,29.252745020665937,5176500,0.0000,1.0
2004-12-01,53.56,54.79,53.55,54.66,29.89818703869858,6519600,0.0000,1.0
2004-12-02,54.35,55.82,54.15,55.82,30.532689361510332,7404700,0.0000,1.0
2004-12-03,55.0,55.42,54.95,55.39,30.29748591426115,6512000,0.0000,1.0
2004-12-06,55.1,55.26,54.04,54.3,29.70127252472252,5014300,0.0000,1.0
2004-12-07,54.21,54.66,54.04,54.04,29.55905648685092,5386200,0.0000,1.0
2004-12-08,54.12,55.03,54.0215,55.03,30.10057140028509,6878200,0.0000,1.0
2004-12-09,55.07,56.48,55.01,56.38,30.83900082769532,9406500,0.0000,1.0
2004-12-10,57.4,57.4,55.52,56.44,30.871819913357992,5080100,0.0000,1.0
2004-12-13,56.44,56.69,56.1,56.49,30.899169151410227,4471200,0.0000,1.0
2004-12-14,56.27,56.55,55.75,56.49,30.899169151410227,4430800,0.0000,1.0
2004-12-15,56.18,56.3,55.61,56.12,30.696784789823717,5477500,0.0000,1.0
2004-12-16,55.9,56.4,55.64,56.1,30.685845094602826,4829900,0.0000,1.0
2004-12-17,55.95,56.55,55.35,55.44,30.32483515231338,9267200,0.0000,1.0
2004-12-20,55.7,56.24,55.35,55.59,30.406882866470074,4372600,0.0000,1.0
2004-12-21,55.57,56.14,55.47,56.07,30.66943555177149,4614000,0.0000,1.0
2004-12-22,55.65,56.09,55.35,55.92,30.587387837614795,4592900,0.0000,1.0
2004-12-23,55.9,56.09,55.5,55.59,30.406882866470074,2868100,0.0000,1.0
2004-12-27,55.8,55.96,55.36,55.4,30.302955761871594,3311800,0.0000,1.0
2004-12-28,55.5,55.69,55.28,55.44,30.32483515231338,3866900,0.0000,1.0
2004-12-29,55.3,55.35,55.01,55.24,30.215438200104458,3511900,0.0000,1.0
2004-12-30,55.1,55.67,55.05,55.45,30.33030499992383,2769500,0.0000,1.0
2004-12-31,55.5,55.5,55.04,55.08,30.12792063833732,3228500,0.0000,1.0
2005-01-03,55.65,55.75,55.1,55.19,30.188088962052227,4858000,0.0000,1.0
2005-01-04,55.12,55.48,54.49,54.5,29.810669476931444,5547400,0.0000,1.0
2005-01-05,55.28,55.89,55.0,55.07,30.122450790726873,7277200,0.0000,1.0
2005-01-06,54.82,55.54,54.66,55.34,30.27013667620892,5261200,0.0000,1.0
2005-01-07,55.15,56.15,55.02,55.92,30.587387837614795,6250500,0.0000,1.0
2005-01-10,56.02,56.57,55.89,56.36,30.828061132474424,5802500,0.0000,1.0
2005-01-11,55.92,56.64,55.84,56.3,30.795242046811747,5557200,0.0000,1.0
2005-01-12,56.26,56.58,55.78,56.51,30.910108846631115,5784100,0.0000,1.0
2005-01-13,56.0,56.25,55.34,55.53,30.374063780807397,5222100,0.0000,1.0
2005-01-14,55.5,55.98,55.43,55.88,30.565508447173013,4318000,0.0000,1.0
2005-01-18,55.48,56.04,53.03,55.99,30.62567677088792,5519300,0.0000,1.0
2005-01-19,55.84,56.85,55.76,56.68,31.139842446269856,7833600,0.2500,1.0
2005-01-20,56.3,57.04,56.28,56.7,31.150830393498605,6108000,0.0000,1.0
2005-01-21,56.43,56.53,55.35,55.65,30.57396316398937,6018800,0.0000,1.0
2005-01-24,54.9,55.55,54.33,55.21,30.33222832495693,7494600,0.0000,1.0
2005-01-25,55.2,55.92,55.2,55.73,30.617914952904357,5719800,0.0000,1.0
2005-01-26,55.71,56.18,55.44,55.44,30.45858971808752,6182400,0.0000,1.0
2005-01-27,55.05,55.55,54.73,55.32,30.392662034715038,5277800,0.0000,1.0
2005-01-28,52.81,54.37,52.14,54.15,29.749867121833322,53824300,0.0000,1.0
2005-01-31,54.4,54.52,52.99,53.23,29.244421549310943,19821300,0.0000,1.0
2005-02-01,53.45,53.45,52.69,52.87,29.04663849919349,13982700,0.0000,1.0
2005-02-02,53.01,53.6,52.99,53.4,29.337819100755297,13125100,0.0000,1.0
2005-02-03,53.34,53.44,53.09,53.24,29.24991552292532,13414900,0.0000,1.0
2005-02-04,53.23,53.24,52.34,52.62,28.909289158834152,11129100,0.0000,1.0
2005-02-07,52.62,52.99,52.35,52.53,28.85984339630479,10555200,0.0000,1.0
2005-02-08,52.53,52.54,51.75,51.98,28.55767484751424,14104800,0.0000,1.0
2005-02-09,52.0,52.09,51.51,51.51,28.299458087638676,10631100,0.0000,1.0
2005-02-10,51.69,51.89,51.16,51.62,28.359891797396784,13224600,0.0000,1.0
2005-02-11,51.7,52.28,51.56,52.15,28.65107239895859,10350400,0.0000,1.0
2005-02-14,52.41,52.82,52.33,52.7,28.953240947749144,13729800,0.0000,1.0
2005-02-15,52.71,53.62,52.71,53.48,29.381770889670285,9685600,0.0000,1.0
2005-02-16,53.49,53.49,53.15,53.31,29.288373338225934,9472800,0.0000,1.0
2005-02-17,53.29,53.46,53.09,53.33,29.29936128545468,6178600,0.0000,1.0
2005-02-18,53.33,53.92,53.22,53.5,29.392758836899034,9532100,0.0000,1.0
2005-02-22,53.15,53.33,52.25,52.25,28.706012135102327,9229900,0.0000,1.0
2005-02-23,53.15,53.72,52.89,53.49,29.38726486328466,8675400,0.0000,1.0
2005-02-24,53.6,53.9,53.49,53.83,29.574059966173362,10081800,0.0000,1.0
2005-02-25,53.83,54.19,53.76,54.19,29.771843016290816,6687300,0.0000,1.0
2005-02-28,54.19,54.2,53.0,53.09,29.167505918709715,8728400,0.0000,1.0
2005-03-01,53.09,53.55,53.09,53.51,29.398252810513405,7072500,0.0000,1.0
2005-03-02,53.26,53.79,53.25,53.59,29.442204599428397,5047300,0.0000,1.0
2005-03-03,53.78,53.84,53.35,53.48,29.381770889670285,6376300,0.0000,1.0
2005-03-04,53.87,54.0,53.68,53.85,29.58504791340211,4552200,0.0000,1.0
2005-03-07,53.98,53.98,53.68,53.7,29.50263830918651,4415800,0.0000,1.0
2005-03-08,53.7,53.76,53.3,53.35,29.31034923268343,4997300,0.0000,1.0
2005-03-09,53.35,53.5,52.8,53.0,29.118060156180352,5101000,0.0000,1.0
2005-03-10,53.04,53.86,52.89,53.27,29.26639744376844,6955600,0.0000,1.0
2005-03-11,53.27,53.44,52.48,52.51,28.84885544907604,6055900,0.0000,1.0
2005-03-14,52.81,53.25,52.53,53.25,29.25540949653969,5322700,0.0000,1.0
2005-03-15,53.35,53.44,52.92,52.92,29.074108367265364,4682700,0.0000,1.0
2005-03-16,52.9,53.3,52.6,52.81,29.013674657507252,5249500,0.0000,1.0
2005-03-17,52.65,53.0,52.42,52.75,28.98071081582101,5243300,0.0000,1.0
2005-03-18,53.09,53.5,52.7,53.4,29.337819100755297,11337100,0.0000,1.0
2005-03-21,53.55,53.6,52.6,52.74,28.97521684220664,5185200,0.0000,1.0
2005-03-22,52.74,52.79,51.99,52.05,28.596132662814853,7259600,0.0000,1.0
2005-03-23,52.04,53.19,52.04,52.83,29.024662604735997,7771100,0.0000,1.0
2005-03-24,53.0,53.2,52.6,52.6,28.898301211605407,5249600,0.0000,1.0
2005-03-28,52.55,52.72,52.22,52.51,28.84885544907604,5758100,0.0000,1.0
2005-03-29,52.4,52.41,51.86,51.86,28.491747164141756,7880900,0.0000,1.0
2005-03-30,51.96,53.559,51.92,53.36,29.315843206297803,8632900,0.0000,1.0
2005-03-31,53.26,53.3,52.76,53.0,29.118060156180352,5391900,0.0000,1.0
2005-04-01,53.1,53.42,52.37,52.61,28.903795185219778,5349700,0.0000,1.0
2005-04-04,53.18,54.0,52.92,53.9,29.61251778147398,8448400,0.0000,1.0
2005-04-05,53.98,54.16,53.77,54.0,29.667457517617716,6734100,0.0000,1.0
2005-04-06,54.0,54.0,53.67,53.96,29.645481623160222,4753200,0.0000,1.0
2005-04-07,54.05,55.07,54.0,55.07,30.2553126943557,8071500,0.0000,1.0
2005-04-08,55.05,55.06,54.5,54.5,29.9421561983364,5170700,0.0000,1.0
2005-04-11,54.5,55.88,54.5,55.34,30.403649981943786,8835800,0.0000,1.0
2005-04-12,55.03,55.72,54.9,55.52,30.502541507002512,6922900,0.0000,1.0
2005-04-13,55.37,55.66,54.81,55.21,30.33222832495693,6967500,0.0000,1.0
2005-04-14,55.28,55.6,54.98,55.0,30.21685487905508,8245500,0.0000,1.0
2005-04-15,55.0,55.48,54.6,54.8,30.106975406767607,9487800,0.0000,1.0
2005-04-18,54.8,54.9764,54.13,54.6,29.997095934480136,7933900,0.0000,1.0
2005-04-19,54.44,55.0,54.11,54.33,29.848758646892048,7818200,0.0000,1.0
2005-04-20,53.96,54.16,53.25,53.39,29.486156388343385,6581000,0.2800,1.0
2005-04-21,53.9,54.18,53.3,54.14,29.90036536551622,4739900,0.0000,1.0
2005-04-22,54.08,54.19,53.35,53.89,29.76229570645861,5985800,0.0000,1.0
2005-04-25,54.13,54.19,53.4,53.83,29.72915898828478,6022800,0.0000,1.0
2005-04-26,53.66,53.87,53.37,53.37,29.475110815618777,4107500,0.0000,1.0
2005-04-27,53.17,53.6838,52.54,53.53,29.563475397415647,5733400,0.0000,1.0
2005-04-28,54.0,55.6,53.74,53.99,29.817523570081654,15706100,0.0000,1.0
2005-04-29,54.2,54.54,53.29,54.15,29.90588815187852,10352100,0.0000,1.0
2005-05-02,54.15,54.98,54.01,54.8,30.26486926542831,6715600,0.0000,1.0
2005-05-03,54.81,55.0,54.4,54.9,30.320097129051355,5843200,0.0000,1.0
2005-05-04,54.91,55.21,54.66,55.14,30.452644001746663,5779000,0.0000,1.0
2005-05-05,55.14,55.2,54.4,54.78,30.2538236927037,5177900,0.0000,1.0
2005-05-06,55.0,55.3,54.59,54.75,30.23725533361679,5404500,0.0000,1.0
2005-05-09,54.75,55.12,54.49,54.98,30.36427941994979,7267300,0.0000,1.0
2005-05-10,54.28,55.15,54.28,54.88,30.309051556326747,5999600,0.0000,1.0
2005-05-11,55.07,55.58,54.73,55.48,30.640418738065012,8441300,0.0000,1.0
2005-05-12,55.6,56.01,55.4,55.44,30.618327592615795,6717600,0.0000,1.0
2005-05-13,55.34,55.36,54.25,54.75,30.23725533361679,6613400,0.0000,1.0
2005-05-16,54.92,55.29,54.8,55.14,30.452644001746663,6793400,0.0000,1.0
2005-05-17,55.1,55.73,54.92,55.63,30.72326053349958,7712500,0.0000,1.0
2005-05-18,55.73,56.4,55.65,56.4,31.14851508339702,6306500,0.0000,1.0
2005-05-19,55.79,56.73,55.76,56.62,31.270016383367718,6628400,0.0000,1.0
2005-05-20,56.59,56.61,56.27,56.48,31.192697374295456,5379100,0.0000,1.0
2005-05-23,56.38,56.79,56.2,56.48,31.192697374295456,4650800,0.0000,1.0
2005-05-24,56.32,56.45,55.76,56.0,30.927603628904844,5716300,0.0000,1.0
2005-05-25,55.8,56.0,55.4,55.73,30.778488397122622,5068400,0.0000,1.0
2005-05-26,55.74,56.07,55.7,55.81,30.82267068802106,5097300,0.0000,1.0
2005-05-27,55.66,55.79,55.34,55.76,30.795056756209537,4389400,0.0000,1.0
2005-05-31,55.42,55.64,55.13,55.15,30.458166788108965,5904000,0.0000,1.0
2005-06-01,55.01,56.16,55.0,56.12,30.993877065252494,5475100,0.0000,1.0
2005-06-02,55.85,56.02,55.51,55.97,30.91103526981793,6069900,0.0000,1.0
2005-06-03,55.65,55.79,55.22,55.27,30.524440224456622,4310100,0.0000,1.0
2005-06-06,55.18,55.38,54.9,55.31,30.54653136990584,4657700,0.0000,1.0
2005-06-07,55.54,55.96,55.4,55.45,30.6238503789781,5420600,0.0000,1.0
2005-06-08,55.85,55.85,55.28,55.31,30.54653136990584,4898100,0.0000,1.0
2005-06-09,55.3,55.3,54.89,55.2,30.48578071992049,4881300,0.0000,1.0
2005-06-10,55.4,55.4,54.4,54.75,30.23725533361679,5514700,0.0000,1.0
2005-06-13,54.41,54.89,54.13,54.31,29.994252733675395,5415800,0.0000,1.0
2005-06-14,54.3,54.56,54.1,54.39,30.03843502457383,5372300,0.0000,1.0
2005-06-15,54.44,54.61,54.25,54.4,30.04395781093613,6483700,0.0000,1.0
2005-06-16,54.18,54.34,54.08,54.25,29.961116015501567,4733500,0.0000,1.0
2005-06-17,54.8,54.88,54.38,54.42,30.055003383660743,11874400,0.0000,1.0
2005-06-20,54.21,54.47,54.12,54.25,29.961116015501567,4178600,0.0000,1.0
2005-06-21,54.0,54.36,54.0,54.33,30.0052983064,5042100,0.0000,1.0
2005-06-22,54.33,54.52,54.15,54.44,30.06604895638535,5628900,0.0000,1.0
2005-06-23,54.28,54.31,53.57,53.66,29.635271620125604,6714700,0.0000,1.0
2005-06-24,53.5,53.7,52.82,52.82,29.171357565692034,10288000,0.0000,1.0
2005-06-27,52.79,53.04,52.44,52.67,29.088515770257466,6300300,0.0000,1.0
2005-06-28,52.78,53.38,52.7,53.33,29.453019670169557,5955700,0.0000,1.0
2005-06-29,53.33,54.07,53.1,53.47,29.53033867924182,5824800,0.0000,1.0
2005-06-30,53.1,53.73,52.7,52.75,29.132698061155903,8299700,0.0000,1.0
2005-07-01,53.0,53.46,52.55,52.9,29.215539856590468,6471600,0.0000,1.0
2005-07-05,52.4,53.15,51.91,52.75,29.132698061155903,11411500,0.0000,1.0
2005-07-06,52.68,52.79,52.48,52.5,28.99462840209829,9545000,0.0000,1.0
2005-07-07,52.2,52.46,52.0,52.16,28.80685366577994,9086100,0.0000,1.0
2005-07-08,52.17,53.17,52.16,52.96,29.248676574764296,7758300,0.0000,1.0
2005-07-11,53.79,54.08,53.65,53.9,29.76781849282091,7252300,0.0000,1.0
2005-07-12,54.22,54.48,53.9,53.94,29.789909638270128,10455600,0.0000,1.0
2005-07-13,53.96,54.92,53.95,54.58,30.143367965457614,10491400,0.0000,1.0
2005-07-14,54.96,55.2,54.72,54.75,30.23725533361679,10375400,0.0000,1.0
2005-07-15,54.75,54.8,54.4,54.5,30.099185674559177,9808200,0.0000,1.0
2005-07-18,54.5,54.9,54.31,54.62,30.16545911090683,8540300,0.0000,1.0
2005-07-19,54.77,55.05,54.6,54.88,30.309051556326747,8521100,0.0000,1.0
2005-07-20,54.69,55.28,54.16,55.02,30.541008583543533,7538300,0.2800,1.0
2005-07-21,54.9,55.24,54.6,55.13,30.602068397142038,7590300,0.0000,1.0
2005-07-22,55.0,55.17,54.75,54.99,30.524355907107577,6337900,0.0000,1.0
2005-07-25,54.99,55.11,54.85,54.94,30.49660144638098,5442900,0.0000,1.0
2005-07-26,55.0,55.42,54.95,55.11,30.5909666128514,6355700,0.0000,1.0
2005-07-27,55.31,55.5,55.18,55.37,30.735289808629684,4983900,0.0000,1.0
2005-07-28,55.25,55.98,55.2,55.82,30.985079955169027,5605800,0.0000,1.0
2005-07-29,55.75,55.85,55.52,55.63,30.87961300440797,6300900,0.0000,1.0
2005-08-01,55.8,55.99,54.63,55.32,30.707535347903093,10809800,0.0000,1.0
2005-08-02,55.52,55.7,55.32,55.36,30.729738916484365,10497900,0.0000,1.0
2005-08-03,55.36,55.38,54.59,55.0,30.529906799252892,9843700,0.0000,1.0
2005-08-04,55.0,55.1,54.04,54.17,30.06918275119144,11328200,0.0000,1.0
2005-08-05,54.0,54.23,53.89,54.1,30.03032650617421,8249900,0.0000,1.0
2005-08-08,54.11,54.42,54.0,54.25,30.11358988835399,6290300,0.0000,1.0
2005-08-09,54.3,54.3,53.62,53.94,29.94151223184911,8070900,0.0000,1.0
2005-08-10,53.95,54.39,53.39,53.71,29.81384171250678,8411100,0.0000,1.0
2005-08-11,53.54,53.89,53.05,53.66,29.786087251780184,9664600,0.0000,1.0
2005-08-12,53.41,53.7,53.25,53.55,29.72502743818168,7422300,0.0000,1.0
2005-08-15,53.55,54.43,53.47,54.18,30.07473364333676,6592300,0.0000,1.0
2005-08-16,54.24,54.362,53.55,53.58,29.741680114617637,7150200,0.0000,1.0
2005-08-17,53.5,53.85,53.22,53.42,29.652865840292538,7358100,0.0000,1.0
2005-08-18,53.55,54.59,53.5,54.18,30.07473364333676,8655600,0.0000,1.0
2005-08-19,54.37,54.77,54.15,54.54,30.274565760568233,6435000,0.0000,1.0
2005-08-22,55.4,55.72,54.99,55.16,30.61872107357799,11513700,0.0000,1.0
2005-08-23,55.42,55.66,55.17,55.4,30.75194248506564,7215800,0.0000,1.0
2005-08-24,55.41,55.42,54.55,54.62,30.31897289773078,8321200,0.0000,1.0
2005-08-25,54.88,55.06,54.6,55.0,30.529906799252892,6842000,0.0000,1.0
2005-08-26,55.0,55.24,54.7,54.96,30.50770323067162,6619600,0.0000,1.0
2005-08-29,54.92,55.84,54.85,55.64,30.88516389655329,11931300,0.0000,1.0
2005-08-30,55.65,55.65,55.0,55.4,30.75194248506564,7833500,0.0000,1.0
2005-08-31,55.4,55.72,55.19,55.48,30.79634962222819,9500700,0.0000,1.0
2005-09-01,55.4,55.94,55.2454,55.76,30.951774602297114,7784400,0.0000,1.0
2005-09-02,55.75,56.36,55.7,55.99,31.079445121639445,6484500,0.0000,1.0
2005-09-06,56.3,56.75,56.06,56.57,31.40139686606793,8132300,0.0000,1.0
2005-09-07,56.5,56.5,56.2,56.26,31.229319209563048,9214000,0.0000,1.0
2005-09-08,56.55,56.55,55.8,56.15,31.168259395964544,7520100,0.0000,1.0
2005-09-09,56.15,57.21,56.08,56.9,31.584576306863447,7878700,0.0000,1.0
2005-09-12,56.68,56.91,56.55,56.56,31.39584597392261,6401100,0.0000,1.0
2005-09-13,56.3,56.31,55.49,55.54,30.8296549751001,11601300,0.0000,1.0
2005-09-14,55.45,55.54,54.97,55.02,30.541008583543533,10317800,0.0000,1.0
2005-09-15,55.24,55.72,55.09,55.5,30.80745140651883,7203300,0.0000,1.0
2005-09-16,55.74,56.45,55.63,55.95,31.057241553058173,13634100,0.0000,1.0
2005-09-19,55.76,55.9,55.26,55.56,30.840756759390743,8016000,0.0000,1.0
2005-09-20,56.24,56.5,55.9,56.04,31.10719958236604,9517000,0.0000,1.0
2005-09-21,55.75,56.12,54.5,55.9,31.029487092331575,10153700,0.0000,1.0
2005-09-22,55.91,56.9,55.85,56.69,31.468007571811754,8766200,0.0000,1.0
2005-09-23,56.51,56.94,56.1,56.74,31.495762032538348,7859500,0.0000,1.0
2005-09-26,56.99,57.13,56.4,56.59,31.412498650358568,7647800,0.0000,1.0
2005-09-27,56.47,57.28,56.34,57.1,31.69559414976982,7878800,0.0000,1.0
2005-09-28,57.19,57.73,57.1,57.44,31.884324482710657,8143200,0.0000,1.0
2005-09-29,57.35,58.17,57.28,58.14,32.27288693288297,9644100,0.0000,1.0
2005-09-30,57.87,59.46,57.59,59.46,33.005604696065035,23314300,0.0000,1.0
2005-10-03,59.43,59.56,59.13,59.31,32.922341313885255,15234500,0.0000,1.0
2005-10-04,58.45,58.72,57.97,58.08,32.239581580011055,24592100,0.0000,1.0
2005-10-05,57.8,58.0,57.02,57.11,31.70114504191514,15616400,0.0000,1.0
2005-10-06,57.0,57.76,55.5,56.22,31.207115640981776,21143000,0.0000,1.0
2005-10-07,56.55,56.55,55.87,56.04,31.10719958236604,12314200,0.0000,1.0
2005-10-10,56.04,56.4,55.8,55.84,30.996181739459665,9164800,0.0000,1.0
2005-10-11,56.0,56.37,55.9,56.01,31.090546905930083,10238300,0.0000,1.0
2005-10-12,56.01,56.23,55.6,56.03,31.10164869022072,9824100,0.0000,1.0
2005-10-13,55.98,56.51,55.96,56.2,31.19601385669114,8723300,0.0000,1.0
2005-10-14,55.85,56.29,55.78,56.11,31.146055827383268,8307500,0.0000,1.0
2005-10-17,56.02,56.11,55.4,55.78,30.96287638658775,8406200,0.0000,1.0
2005-10-18,55.4,55.59,54.87,55.35,30.72418802433905,7906600,0.0000,1.0
2005-10-19,54.65,55.7,54.62,55.67,31.057241553058173,9540100,0.2800,1.0
2005-10-20,55.7,55.96,54.97,55.17,30.778300996626896,9112000,0.0000,1.0
2005-10-21,55.17,55.35,54.7826,54.81,30.57746379599638,10659000,0.0000,1.0
2005-10-24,54.99,55.64,54.95,55.1,30.739249318726518,8221200,0.0000,1.0
2005-10-25,55.15,55.73,55.03,55.59,31.01261106402917,7570700,0.0000,1.0
2005-10-26,55.59,55.75,54.96,54.99,30.677882396311638,7442600,0.0000,1.0
2005-10-27,55.0,55.3,54.88,55.02,30.694618829697518,7090300,0.0000,1.0
2005-10-28,55.48,56.24,55.15,55.92,31.19671183127381,8200400,0.0000,1.0
2005-10-31,55.67,56.38,55.66,55.99,31.23576350917419,10998100,0.0000,1.0
2005-11-01,56.5,56.72,55.25,55.25,30.8229314856559,10760400,0.0000,1.0
2005-11-02,55.0,55.7,54.96,55.65,31.046083930800922,10583100,0.0000,1.0
2005-11-03,55.9,56.11,55.75,55.96,31.21902707578831,8328300,0.0000,1.0
2005-11-04,56.2,56.3,55.75,55.92,31.19671183127381,6064700,0.0000,1.0
2005-11-07,55.52,55.81,55.14,55.58,31.00703225290054,7611700,0.0000,1.0
2005-11-08,55.37,55.89,55.34,55.71,31.079556797572675,6447900,0.0000,1.0
2005-11-09,55.88,56.33,55.75,56.0,31.241342320302813,6076000,0.0000,1.0
2005-11-10,56.0,56.56,55.92,56.37,31.447758332061955,7645800,0.0000,1.0
2005-11-11,56.41,56.7,56.26,56.37,31.447758332061955,7528500,0.0000,1.0
2005-11-14,56.3,56.51,55.71,55.92,31.19671183127381,9706700,0.0000,1.0
2005-11-15,55.97,56.12,55.92,56.0,31.241342320302813,9658100,0.0000,1.0
2005-11-16,56.18,56.85,56.14,56.6,31.576070988020344,9982900,0.0000,1.0
2005-11-17,56.85,57.43,56.6,57.15,31.882905600094745,8009400,0.0000,1.0
2005-11-18,57.65,57.66,57.02,57.45,32.050269933953516,11973800,0.0000,1.0
2005-11-21,57.2,57.75,57.17,57.64,32.156267345397396,5644200,0.0000,1.0
2005-11-22,57.59,57.59,56.92,57.14,31.877326788966123,6840700,0.0000,1.0
2005-11-23,56.99,57.01,56.35,57.01,31.804802244293988,8448500,0.0000,1.0
2005-11-25,57.2,57.63,57.17,57.28,31.95543014476688,2326800,0.0000,1.0
2005-11-28,56.85,57.36,56.72,57.11,31.860590355580243,5787100,0.0000,1.0
2005-11-29,57.36,57.97,57.35,57.68,32.1785825899119,6821700,0.0000,1.0
2005-11-30,57.79,58.04,57.16,57.19,31.905220844609246,8624300,0.0000,1.0
2005-12-01,57.36,58.0,57.32,57.64,32.156267345397396,6894300,0.0000,1.0
2005-12-02,57.3,57.72,57.2099,57.36,32.00006063379588,15060900,0.0000,1.0
2005-12-05,57.12,57.6,57.12,57.43,32.03911231169626,6158800,0.0000,1.0
2005-12-06,57.4,57.82,57.34,57.41,32.02795468943901,6015500,0.0000,1.0
2005-12-07,57.5,57.66,56.8,57.04,31.821538677679865,6839200,0.0000,1.0
2005-12-08,57.0,57.5,56.7,57.01,31.804802244293988,5414200,0.0000,1.0
2005-12-09,57.05,57.5,57.05,57.33,31.983324200410006,5284000,0.0000,1.0
2005-12-12,57.3,57.54,56.82,56.91,31.749014133007734,6006100,0.0000,1.0
2005-12-13,57.2,58.75,57.2,58.51,32.641623913587814,10104900,0.0000,1.0
2005-12-14,58.49,59.7,58.28,59.62,33.260871948865244,9403200,0.0000,1.0
2005-12-15,59.05,59.13,58.0,58.99,32.90940684776184,10429500,0.0000,1.0
2005-12-16,59.19,59.45,57.5,58.11,32.418471468442796,18585300,0.0000,1.0
2005-12-19,58.14,58.84,57.76,58.55,32.663939158102316,7045500,0.0000,1.0
2005-12-20,58.0,58.69,57.75,58.21,32.47425957972905,5440300,0.0000,1.0
2005-12-21,58.25,58.79,58.25,58.52,32.64720272471644,6078300,0.0000,1.0
2005-12-22,58.27,58.78,58.25,58.78,32.792251814060705,5800000,0.0000,1.0
2005-12-23,58.81,59.19,58.17,58.88,32.84803992534696,3913000,0.0000,1.0
2005-12-27,58.66,58.95,58.45,58.6,32.69183321374545,4744800,0.0000,1.0
2005-12-28,58.59,58.8,58.36,58.54,32.658360346973694,5663000,0.0000,1.0
2005-12-29,58.43,58.65,58.12,58.42,32.59141461343019,4008000,0.0000,1.0
2005-12-30,58.15,58.56,57.88,57.88,32.29015881248441,5928600,0.0000,1.0
2006-01-03,58.3,58.86,57.69,58.78,32.792251814060705,9741500,0.0000,1.0
2006-01-04,58.8,59.12,58.56,58.89,32.85361873647558,6746400,0.0000,1.0
2006-01-05,58.7,59.07,58.61,58.7,32.7476213250317,8936100,0.0000,1.0
2006-01-06,58.7,58.8,58.48,58.64,32.71414845825995,8825800,0.0000,1.0
2006-01-09,58.45,59.09,58.45,59.08,32.95961614791947,7715700,0.0000,1.0
2006-01-10,58.89,58.9,58.57,58.85,32.83130349196108,8552900,0.0000,1.0
2006-01-11,58.94,59.07,58.6,59.06,32.94845852566222,8790500,0.0000,1.0
2006-01-12,58.98,59.0,58.4,58.41,32.58583580230156,6612800,0.0000,1.0
2006-01-13,58.41,58.92,58.39,58.9,32.85919754760421,7146800,0.0000,1.0
2006-01-17,58.45,58.86,58.42,58.65,32.71972726938857,5299200,0.0000,1.0
2006-01-18,58.5,58.75,58.37,58.55,32.820145869703836,6689500,0.2800,1.0
2006-01-19,58.0,58.88,58.0,58.51,32.797723908392335,8067300,0.0000,1.0
2006-01-20,58.51,58.56,57.79,57.84,32.42215605642476,10491600,0.0000,1.0
2006-01-23,57.84,58.26,57.64,57.64,32.31004624986728,9437700,0.0000,1.0
2006-01-24,58.0,58.16,57.29,57.87,32.43897252740838,8163500,0.0000,1.0
2006-01-25,58.1,58.47,57.8336,58.47,32.77530194708084,8932300,0.0000,1.0
2006-01-26,58.75,59.0,58.59,58.82,32.97149410855644,7007000,0.0000,1.0
2006-01-27,59.5,59.8,59.05,59.74,33.487199218720875,11747900,0.0000,1.0
2006-01-30,59.13,59.7,58.95,59.14,33.150869799048415,7909700,0.0000,1.0
2006-01-31,58.95,59.35,58.89,59.23,33.201319211999284,10347500,0.0000,1.0
2006-02-01,59.1,60.02,59.06,59.82,33.53204314134387,10834600,0.0000,1.0
2006-02-02,59.74,60.15,59.64,59.65,33.436749805770006,9759100,0.0000,1.0
2006-02-03,59.39,60.05,59.32,59.68,33.45356627675363,7815900,0.0000,1.0
2006-02-06,59.58,59.9,59.1,59.79,33.51522667036024,4998800,0.0000,1.0
2006-02-07,59.48,59.81,59.11,59.32,33.25176862495015,6403600,0.0000,1.0
2006-02-08,59.4,59.8,59.23,59.47,33.33585097986827,6775700,0.0000,1.0
2006-02-09,59.46,59.85,59.32,59.62,33.41993333478638,6242200,0.0000,1.0
2006-02-10,59.63,59.79,59.46,59.7,33.46477725740938,5804900,0.0000,1.0
2006-02-13,59.58,59.67,59.27,59.44,33.31903450888464,5198600,0.0000,1.0
2006-02-14,59.55,60.0,59.48,59.84,33.54325412199962,7923000,0.0000,1.0
2006-02-15,59.75,60.25,59.71,60.11,33.69460236085222,8575200,0.0000,1.0
2006-02-16,60.02,60.83,60.01,60.73,34.04214276118042,6998200,0.0000,1.0
2006-02-17,60.59,61.03,60.42,61.0,34.19349100003303,9137500,0.0000,1.0
2006-02-21,61.0,61.0,60.69,60.88,34.12622511609854,6770600,0.0000,1.0
2006-02-22,61.0,62.0,60.98,61.94,34.72040709085321,8974000,0.0000,1.0
2006-02-23,61.85,62.09,61.39,61.48,34.46255453577099,7110800,0.0000,1.0
2006-02-24,61.32,61.73,61.06,61.5,34.473765516426745,5610800,0.0000,1.0
2006-02-27,61.68,61.89,61.35,61.35,34.38968316150863,6723100,0.0000,1.0
2006-02-28,61.0,61.21,59.85,59.93,33.593703534950485,14458000,0.0000,1.0
2006-03-01,60.18,60.46,60.02,60.11,33.69460236085222,9155200,0.0000,1.0
2006-03-02,59.99,60.02,59.36,59.55,33.38069490249126,10876800,0.0000,1.0
2006-03-03,59.3,60.16,59.3,59.67,33.44796078642575,7797900,0.0000,1.0
2006-03-06,59.55,59.96,59.5,59.67,33.44796078642575,4553300,0.0000,1.0
2006-03-07,59.56,60.56,59.42,60.3,33.80110667708183,7366400,0.0000,1.0
2006-03-08,60.25,61.33,60.23,61.07,34.23272943232815,8680200,0.0000,1.0
2006-03-09,61.1,62.0,61.1,61.4,34.417710613148,7114000,0.0000,1.0
2006-03-10,61.45,62.44,61.45,62.25,34.894177291017314,8506900,0.0000,1.0
2006-03-13,62.11,62.5,61.8,61.98,34.74282905216471,5956100,0.0000,1.0
2006-03-14,60.05,60.68,59.6,60.01,33.63854745757348,18234500,0.0000,1.0
2006-03-15,60.4,60.51,59.77,59.9,33.57688706396686,9813600,0.0000,1.0
2006-03-16,59.8,59.86,59.0,59.39,33.291007057245274,12489800,0.0000,1.0
2006-03-17,59.39,59.4,58.85,59.1,33.12844783773692,17418000,0.0000,1.0
2006-03-20,59.13,59.38,58.71,59.18,33.173291760359916,7027800,0.0000,1.0
2006-03-21,59.21,59.72,58.94,59.03,33.0892094054418,6909400,0.0000,1.0
2006-03-22,58.99,59.6,58.7,59.49,33.347061960524016,5849700,0.0000,1.0
2006-03-23,59.26,59.4,58.44,58.65,32.87620077298258,9166500,0.0000,1.0
2006-03-24,58.73,58.95,57.98,58.74,32.92665018593345,8870500,0.0000,1.0
2006-03-27,58.38,58.62,58.26,58.29,32.674403121179104,8040400,0.0000,1.0
2006-03-28,58.0,58.28,57.5,57.53,32.24838585626066,14113000,0.0000,1.0
2006-03-29,57.44,57.98,57.0,57.74,32.36610115314602,12430600,0.0000,1.0
2006-03-30,57.53,58.1,57.4,57.63,32.3044407595394,8419500,0.0000,1.0
2006-03-31,57.63,58.3,57.58,57.63,32.3044407595394,11176100,0.0000,1.0
2006-04-03,57.69,58.36,57.69,57.88,32.44457801773626,8113400,0.0000,1.0
2006-04-04,57.83,58.48,57.77,58.0,32.51184390167075,8873400,0.0000,1.0
2006-04-05,58.0,58.1,57.54,57.62,32.29883526921153,8926000,0.0000,1.0
2006-04-06,57.57,57.92,57.24,57.5,32.231569385277034,6607300,0.0000,1.0
2006-04-07,57.5,57.94,57.26,57.28,32.1082485980638,7392400,0.0000,1.0
2006-04-10,57.3,57.4,56.95,57.15,32.03537722380144,7153700,0.0000,1.0
2006-04-11,57.15,57.3034,56.09,56.49,31.665414862161736,13443800,0.0000,1.0
2006-04-12,56.32,56.5,56.28,56.42,31.626176429866618,8850500,0.0000,1.0
2006-04-13,56.45,56.67,56.35,56.6,31.727075255768355,6852400,0.0000,1.0
2006-04-17,56.41,56.47,55.75,56.03,31.40756230707952,13180200,0.0000,1.0
2006-04-18,55.94,56.37,55.84,55.85,31.306663481177782,11186200,0.0000,1.0
2006-04-19,55.68,56.08,55.07,56.07,31.603754468555124,12877800,0.3100,1.0
2006-04-20,56.16,56.8,55.77,56.26,31.710847626197808,15583700,0.0000,1.0
2006-04-21,56.1,56.76,55.99,56.34,31.755939482047363,12076800,0.0000,1.0
2006-04-24,56.15,57.0,56.15,56.6,31.902488013558408,9313400,0.0000,1.0
2006-04-25,56.9,57.52,56.63,57.27,32.28013230629841,22369200,0.0000,1.0
2006-04-26,57.56,58.06,57.48,58.01,32.69723197290677,15869100,0.0000,1.0
2006-04-27,57.8,58.73,57.76,58.38,32.90578180621095,8826800,0.0000,1.0
2006-04-28,58.3,58.47,58.0,58.21,32.80996161253065,8917700,0.0000,1.0
2006-05-01,58.43,58.67,57.76,57.88,32.62395770715125,7304700,0.0000,1.0
2006-05-02,57.66,58.34,57.43,58.11,32.75359679271871,8489300,0.0000,1.0
2006-05-03,56.25,56.49,55.18,56.22,31.688301698273033,28760000,0.0000,1.0
2006-05-04,56.23,56.69,55.6,55.86,31.485388346950046,15422400,0.0000,1.0
2006-05-05,56.24,56.24,55.65,55.73,31.412114081194524,13405200,0.0000,1.0
2006-05-08,55.43,56.6,55.42,56.34,31.755939482047363,14653300,0.0000,1.0
2006-05-09,56.36,56.67,56.17,56.5,31.846123193746468,11459800,0.0000,1.0
2006-05-10,56.69,56.74,56.25,56.34,31.755939482047363,9617500,0.0000,1.0
2006-05-11,55.9,56.65,55.51,55.65,31.36702222534497,12379000,0.0000,1.0
2006-05-12,55.15,55.83,55.01,55.01,31.00628737854855,13888800,0.0000,1.0
2006-05-15,54.69,55.7,54.05,55.57,31.32193036949542,11531400,0.0000,1.0
2006-05-16,55.6,56.26,55.52,56.04,31.586845022611538,11485100,0.0000,1.0
2006-05-17,55.56,55.92,55.25,55.33,31.186654801946762,10081100,0.0000,1.0
2006-05-18,55.2,55.53,54.88,54.89,30.938649594774223,7772400,0.0000,1.0
2006-05-19,54.99,55.0,53.75,54.15,30.52154992816586,16266300,0.0000,1.0
2006-05-22,53.96,54.49,53.95,54.28,30.594824193921387,9208200,0.0000,1.0
2006-05-23,54.31,54.99,54.06,54.49,30.71319031552646,9505900,0.0000,1.0
2006-05-24,54.56,55.14,54.19,54.82,30.899194220905866,9998700,0.0000,1.0
2006-05-25,55.13,55.28,54.86,55.26,31.1471994280784,8082600,0.0000,1.0
2006-05-26,55.0,55.3,54.71,55.13,31.073925162322883,6442600,0.0000,1.0
2006-05-30,54.78,55.02,54.33,54.38,30.651189013733326,6971000,0.0000,1.0
2006-05-31,54.58,54.69,54.0,54.25,30.577914747977804,11624100,0.0000,1.0
2006-06-01,54.35,54.51,54.03,54.48,30.707553833545266,6941200,0.0000,1.0
2006-06-02,54.37,54.55,53.8,53.95,30.408820288541982,8577600,0.0000,1.0
2006-06-05,53.8,54.04,53.07,53.18,29.974811175990038,7945800,0.0000,1.0
2006-06-06,53.11,53.5,52.75,53.37,30.081904333632725,9189300,0.0000,1.0
2006-06-07,53.6,54.13,53.16,53.24,30.008630067877203,8439600,0.0000,1.0
2006-06-08,53.5,55.1,53.3,54.74,30.854102365056313,15081400,0.0000,1.0
2006-06-09,54.52,55.0,54.11,54.53,30.735736243451235,7723700,0.0000,1.0
2006-06-12,54.57,54.92,54.16,54.31,30.61173363986497,5924200,0.0000,1.0
2006-06-13,54.32,55.25,54.1,54.13,30.510276964203474,10410600,0.0000,1.0
2006-06-14,54.0,54.93,53.79,54.83,30.904830702887057,8757100,0.0000,1.0
2006-06-15,54.97,55.09,53.97,54.88,30.93301311279303,8548000,0.0000,1.0
2006-06-16,54.89,55.7,54.83,55.02,31.01192386052975,10789100,0.0000,1.0
2006-06-19,55.75,56.0,54.7,54.87,30.927376630811832,11238100,0.0000,1.0
2006-06-20,55.23,55.84,54.86,55.58,31.32756685147661,11377800,0.0000,1.0
2006-06-21,55.52,56.19,55.46,55.82,31.46284241902527,8701300,0.0000,1.0
2006-06-22,55.63,55.92,55.52,55.85,31.479751864968854,6121900,0.0000,1.0
2006-06-23,55.56,56.16,55.5,55.73,31.412114081194524,6917400,0.0000,1.0
2006-06-26,55.74,56.0,55.26,55.99,31.55866261270557,5617900,0.0000,1.0
2006-06-27,55.99,56.0,55.2,55.75,31.42338704515691,7336400,0.0000,1.0
2006-06-28,55.75,56.02,55.5,55.77,31.434660009119302,6487900,0.0000,1.0
2006-06-29,56.24,57.0,55.82,56.99,32.12231081082498,10318500,0.0000,1.0
2006-06-30,57.0,57.19,55.6,55.6,31.338839815439,21154000,0.0000,1.0
2006-07-03,56.12,56.41,56.02,56.3,31.733393554122586,4592900,0.0000,1.0
2006-07-05,55.7,56.14,55.65,55.93,31.524843720818406,9146100,0.0000,1.0
2006-07-06,55.97,56.75,55.94,56.45,31.8179407838405,7215400,0.0000,1.0
2006-07-07,56.45,56.75,56.25,56.5,31.846123193746468,6834500,0.0000,1.0
2006-07-10,56.43,57.13,56.43,56.98,32.11667432884378,6776600,0.0000,1.0
2006-07-11,56.78,57.34,56.78,57.25,32.26885934233602,6104000,0.0000,1.0
2006-07-12,57.25,57.33,56.51,56.61,31.908124495539603,7060100,0.0000,1.0
2006-07-13,56.6,56.79,56.4,56.54,31.868669121671243,9209400,0.0000,1.0
2006-07-14,56.29,56.36,55.25,55.66,31.372658707326163,8959100,0.0000,1.0
2006-07-17,55.63,56.17,55.55,55.82,31.46284241902527,6167300,0.0000,1.0
2006-07-18,55.65,55.92,55.4,55.5,31.282474995627062,7123000,0.0000,1.0
2006-07-19,55.8,56.85,55.5,56.64,32.0997648829002,7938400,0.3100,1.0
2006-07-20,56.41,56.99,56.18,56.61,32.082762888788494,5748200,0.0000,1.0
2006-07-21,56.85,56.98,55.92,56.07,31.776726994777793,8014400,0.0000,1.0
2006-07-24,56.35,56.99,56.15,56.9,32.24711549853498,4482400,0.0000,1.0
2006-07-25,56.6,57.25,56.22,56.88,32.23578083579385,6701600,0.0000,1.0
2006-07-26,56.65,56.77,56.31,56.67,32.116766877011905,7223500,0.0000,1.0
2006-07-27,56.85,56.99,56.4,56.44,31.98641825548883,5572500,0.0000,1.0
2006-07-28,56.87,57.23,56.66,56.81,32.19610951619987,5886700,0.0000,1.0
2006-07-31,56.41,56.66,56.07,56.2,31.850402302595185,7569000,0.0000,1.0
2006-08-01,56.0,56.07,55.7,55.93,31.697384355589833,5850700,0.0000,1.0
2006-08-02,57.98,58.9,57.47,58.29,33.034874559044006,17707400,0.0000,1.0
2006-08-03,58.46,59.69,58.13,59.45,33.69228499802996,12370500,0.0000,1.0
2006-08-04,59.65,59.76,59.09,59.45,33.69228499802996,7888800,0.0000,1.0
2006-08-07,59.14,59.47,58.84,59.4,33.66394834117712,6377400,0.0000,1.0
2006-08-08,59.75,60.0,59.28,59.72,33.84530294503531,9319300,0.0000,1.0
2006-08-09,59.8,59.98,59.4,59.54,33.743290980365074,5617000,0.0000,1.0
2006-08-10,59.6,60.29,59.58,60.26,34.15133883904601,8648900,0.0000,1.0
2006-08-11,59.99,60.45,59.79,60.26,34.15133883904601,8092500,0.0000,1.0
2006-08-14,60.26,60.75,59.64,59.76,33.86797227051758,8069500,0.0000,1.0
2006-08-15,60.37,60.62,60.1,60.44,34.253350803716245,6944700,0.0000,1.0
2006-08-16,60.38,60.56,60.23,60.42,34.24201614097511,6605100,0.0000,1.0
2006-08-17,60.14,60.64,60.14,60.34,34.19667749001056,6589200,0.0000,1.0
2006-08-18,60.35,60.42,59.78,60.39,34.2250141468634,6865200,0.0000,1.0
2006-08-21,60.3,60.93,60.28,60.78,34.446040070315576,5296500,0.0000,1.0
2006-08-22,60.72,61.18,60.71,61.05,34.59905801732092,6521600,0.0000,1.0
2006-08-23,60.9,61.45,60.73,60.92,34.52538270950353,4746000,0.0000,1.0
2006-08-24,60.88,61.38,60.82,61.05,34.59905801732092,5346300,0.0000,1.0
2006-08-25,60.83,61.17,60.82,60.87,34.49704605265069,4492800,0.0000,1.0
2006-08-28,60.42,61.22,60.22,60.98,34.55938669772694,6248600,0.0000,1.0
2006-08-29,61.0,61.39,60.76,61.2,34.68406798787945,4940800,0.0000,1.0
2006-08-30,61.45,62.03,61.4,61.75,34.995771213260724,8797700,0.0000,1.0
2006-08-31,61.57,62.03,61.55,61.9,35.08078118381925,6514600,0.0000,1.0
2006-09-01,61.99,62.09,61.75,61.91,35.086448515189815,4132300,0.0000,1.0
2006-09-05,61.61,61.69,61.19,61.56,34.888091917219924,6288700,0.0000,1.0
2006-09-06,61.56,61.67,61.14,61.44,34.820083940773095,4595800,0.0000,1.0
2006-09-07,61.8,62.03,61.34,61.53,34.871089923108215,7174000,0.0000,1.0
2006-09-08,62.34,62.34,61.1,61.14,34.65006399965604,5725900,0.0000,1.0
2006-09-11,61.1,62.1,61.09,61.92,35.09211584656039,9150500,0.0000,1.0
2006-09-12,62.0,62.18,61.75,61.85,35.05244452696641,5626800,0.0000,1.0
2006-09-13,61.83,61.85,60.42,60.56,34.32135878016307,11058000,0.0000,1.0
2006-09-14,60.0,60.97,59.83,60.77,34.44037273894501,8959100,0.0000,1.0
2006-09-15,61.1,61.75,60.9,60.9,34.5140480467624,17543900,0.0000,1.0
2006-09-18,60.73,60.98,60.44,60.5,34.287354791939656,6676300,0.0000,1.0
2006-09-19,60.32,60.93,60.21,60.91,34.519715378132965,7318100,0.0000,1.0
2006-09-20,61.05,61.78,60.76,61.63,34.9277632368139,6997800,0.0000,1.0
2006-09-21,61.81,62.02,61.43,61.74,34.99010388189016,9904700,0.0000,1.0
2006-09-22,61.65,62.0,61.54,61.81,35.029775201484135,6795200,0.0000,1.0
2006-09-25,61.57,62.5,61.56,62.29,35.30180710727142,8142500,0.0000,1.0
2006-09-26,62.03,62.65,61.91,62.48,35.40948640331222,8944100,0.0000,1.0
2006-09-27,62.48,62.85,62.36,62.73,35.55116968757644,8292000,0.0000,1.0
2006-09-28,62.41,62.55,61.92,62.26,35.28480511315972,9379800,0.0000,1.0
2006-09-29,62.13,62.69,61.98,61.98,35.1261198347838,7232500,0.0000,1.0
2006-10-02,62.15,62.31,61.89,62.04,35.16012382300721,4732100,0.0000,1.0
2006-10-03,61.89,62.5,61.89,62.3,35.30747443864199,8824800,0.0000,1.0
2006-10-04,62.08,63.53,62.02,63.34,35.89687690118112,15044800,0.0000,1.0
2006-10-05,63.23,63.74,63.21,63.52,35.998888865851356,8244800,0.0000,1.0
2006-10-06,63.29,63.31,62.72,63.09,35.75519361691691,7072300,0.0000,1.0
2006-10-09,62.78,63.04,62.74,62.85,35.61917766402326,3882500,0.0000,1.0
2006-10-10,62.61,62.723,62.05,62.72,35.54550235620587,7689900,0.0000,1.0
2006-10-11,62.28,62.67,62.12,62.48,35.40948640331222,4826500,0.0000,1.0
2006-10-12,62.57,62.869,62.32,62.41,35.369815083718244,5931800,0.0000,1.0
2006-10-13,62.16,62.19,61.65,62.13,35.21112980534233,7187800,0.0000,1.0
2006-10-16,61.82,62.23,61.5,62.05,35.16579115437778,5242700,0.0000,1.0
2006-10-17,61.79,62.48,61.77,61.94,35.103450509301524,6684000,0.0000,1.0
2006-10-18,62.15,62.83,62.0,62.59,35.64751432087611,7517900,0.3100,1.0
2006-10-19,62.29,62.56,62.14,62.5,35.59625571264989,5229600,0.0000,1.0
2006-10-20,62.73,62.88,62.15,62.68,35.698772929102326,8001100,0.0000,1.0
2006-10-23,62.28,63.47,62.25,63.28,36.04049698394376,7354400,0.0000,1.0
2006-10-24,63.0,63.17,62.67,62.88,35.8126809473828,6879500,0.0000,1.0
2006-10-25,62.98,63.4,62.82,63.13,35.955065970233406,5911000,0.0000,1.0
2006-10-26,63.1,63.67,62.9,63.5,36.16579580405229,6426000,0.0000,1.0
2006-10-27,63.31,63.84,63.15,63.56,36.199968209536436,7173400,0.0000,1.0
2006-10-30,63.7,64.02,63.45,63.81,36.34235323238703,8786600,0.0000,1.0
2006-10-31,62.38,63.53,62.21,63.39,36.103146393998024,14877300,0.0000,1.0
2006-11-01,63.2,63.63,62.55,63.04,35.903807362007186,8882000,0.0000,1.0
2006-11-02,62.84,63.39,62.76,63.27,36.03480158302974,8152800,0.0000,1.0
2006-11-03,63.27,63.49,63.1,63.4,36.10884179491205,5498300,0.0000,1.0
2006-11-06,63.23,63.75,63.12,63.56,36.199968209536436,9449400,0.0000,1.0
2006-11-07,63.56,64.38,63.42,64.11,36.51321525980775,7796600,0.0000,1.0
2006-11-08,64.13,64.35,63.94,64.04,36.47334745340959,9745400,0.0000,1.0
2006-11-09,63.86,64.0,63.19,63.8,36.336657831473005,8202400,0.0000,1.0
2006-11-10,63.96,64.0,63.35,63.7,36.27970382233277,6891900,0.0000,1.0
2006-11-13,63.77,63.79,63.15,63.25,36.02341078120169,6033000,0.0000,1.0
2006-11-14,63.18,63.39,62.74,63.2,35.99493377663157,7899400,0.0000,1.0
2006-11-15,63.12,63.47,62.98,63.12,35.94937056931938,5559200,0.0000,1.0
2006-11-16,63.27,63.81,63.0,63.52,36.17718660588034,4839600,0.0000,1.0
2006-11-17,63.5,63.87,63.3,63.86,36.370830236957154,6249100,0.0000,1.0
2006-11-20,63.9,63.97,63.63,63.69,36.27400842141874,4624800,0.0000,1.0
2006-11-21,63.47,63.71,63.26,63.26,36.02910618211571,5114800,0.0000,1.0
2006-11-22,63.27,63.64,63.06,63.64,36.24553141684863,4059300,0.0000,1.0
2006-11-24,63.48,63.74,63.4,63.53,36.182882006794365,2288000,0.0000,1.0
2006-11-27,63.33,63.35,62.53,62.84,35.78989934372671,7182900,0.0000,1.0
2006-11-28,62.7,63.36,62.29,63.07,35.92089356474926,7145800,0.0000,1.0
2006-11-29,62.95,63.24,62.59,63.21,36.0006291775456,5767900,0.0000,1.0
2006-11-30,63.04,63.24,62.53,62.79,35.76142233915659,9011900,0.0000,1.0
2006-12-01,63.01,63.1,62.21,62.69,35.70446833001635,6604400,0.0000,1.0
2006-12-04,63.08,63.55,62.75,63.42,36.1202325967401,7083800,0.0000,1.0
2006-12-05,63.42,63.96,63.3,63.51,36.171491204966316,6025100,0.0000,1.0
2006-12-06,63.57,63.81,63.29,63.8,36.336657831473005,5547900,0.0000,1.0
2006-12-07,63.95,64.04,63.68,63.8,36.336657831473005,6999200,0.0000,1.0
2006-12-08,63.7,64.18,63.57,63.89,36.387916439699225,4695400,0.0000,1.0
2006-12-11,63.7,64.03,63.6,63.87,36.376525637871175,3858400,0.0000,1.0
2006-12-12,63.92,64.06,63.45,63.7,36.27970382233277,7022300,0.0000,1.0
2006-12-13,63.73,63.95,63.25,63.4,36.10884179491205,6102100,0.0000,1.0
2006-12-14,63.3,63.78,63.28,63.35,36.08036479034193,5850500,0.0000,1.0
2006-12-15,63.49,64.24,63.37,64.11,36.51321525980775,11542200,0.0000,1.0
2006-12-18,64.02,64.27,63.65,64.16,36.54169226437787,5769300,0.0000,1.0
2006-12-19,63.72,64.45,63.7,64.39,36.672686485400426,6102700,0.0000,1.0
2006-12-20,64.3,64.48,64.02,64.47,36.71824969271262,4477700,0.0000,1.0
2006-12-21,64.3,64.5,63.92,64.05,36.47904285432361,6066400,0.0000,1.0
2006-12-22,64.23,64.25,63.75,63.8,36.336657831473005,4390700,0.0000,1.0
2006-12-26,63.67,64.27,63.6,64.19,36.55877846711994,4020000,0.0000,1.0
2006-12-27,64.28,64.58,64.25,64.42,36.6897726881425,5246800,0.0000,1.0
2006-12-28,64.17,64.62,64.12,64.48,36.72394509362664,3901900,0.0000,1.0
2006-12-29,64.36,64.73,64.1,64.27,36.604341674432135,4421700,0.0000,1.0
2007-01-03,64.22,64.66,63.7,64.54,36.75811749911079,9717900,0.0000,1.0
2007-01-04,64.34,64.5,63.75,64.05,36.47904285432361,8711400,0.0000,1.0
2007-01-05,63.87,64.0,63.34,63.5,36.16579580405229,9907900,0.0000,1.0
2007-01-08,63.59,63.78,63.23,63.64,36.24553141684863,11068200,0.0000,1.0
2007-01-09,63.39,63.8,63.11,63.48,36.15440500222424,10823800,0.0000,1.0
2007-01-10,63.27,64.33,63.25,64.24,36.587255471690064,8139400,0.0000,1.0
2007-01-11,64.16,64.8,64.1,64.64,36.81507150825102,6593000,0.0000,1.0
2007-01-12,64.4,65.0,64.4,65.0,37.02010594115589,7904200,0.0000,1.0
2007-01-16,64.91,65.0,64.72,65.0,37.02010594115589,10397100,0.0000,1.0
2007-01-17,65.03,65.73,64.85,65.36,37.401697802395496,11403700,0.3100,1.0
2007-01-18,65.25,65.65,63.68,65.54,37.50470125411568,8679900,0.0000,1.0
2007-01-19,65.69,66.3,65.54,66.09,37.81943402326068,9241500,0.0000,1.0
2007-01-22,66.0,66.03,65.16,65.72,37.60770470583586,9324800,0.0000,1.0
2007-01-23,66.0,66.0,65.29,65.64,37.56192539396022,5763600,0.0000,1.0
2007-01-24,65.55,65.74,65.1,65.51,37.487534012162314,6366500,0.0000,1.0
2007-01-25,65.36,65.49,64.68,64.92,37.149911587079494,6800500,0.0000,1.0
2007-01-26,65.0,65.14,64.5,64.86,37.11557710317276,6829500,0.0000,1.0
2007-01-29,65.24,65.55,64.83,64.88,37.12702193114167,9458300,0.0000,1.0
2007-01-30,64.4,64.79,63.68,64.59,36.96107192559249,12003400,0.0000,1.0
2007-01-31,64.5,65.16,64.1,64.87,37.12129951715722,8933600,0.0000,1.0
2007-02-01,64.9,65.49,64.68,65.34,37.39025297442659,8122900,0.0000,1.0
2007-02-02,65.4,65.64,65.09,65.34,37.39025297442659,6379400,0.0000,1.0
2007-02-05,65.12,65.42,64.93,65.15,37.281527108721946,6368900,0.0000,1.0
2007-02-06,65.15,65.26,64.48,64.59,36.96107192559249,8342400,0.0000,1.0
2007-02-07,64.82,64.95,64.35,64.48,36.898125371763484,6747400,0.0000,1.0
2007-02-08,64.11,64.75,64.1,64.59,36.96107192559249,5783700,0.0000,1.0
2007-02-09,64.59,64.815,64.22,64.43,36.869513301841216,5252100,0.0000,1.0
2007-02-12,64.36,64.59,64.06,64.16,36.71500812426093,8014100,0.0000,1.0
2007-02-13,64.16,64.74,64.06,64.71,37.029740893405936,8843900,0.0000,1.0
2007-02-14,64.85,65.07,64.62,64.88,37.12702193114167,5969000,0.0000,1.0
2007-02-15,64.8,65.4,64.8,64.99,37.18996848497067,5174100,0.0000,1.0
2007-02-16,64.89,65.5,64.8,65.07,37.235747796846304,8158200,0.0000,1.0
2007-02-20,64.75,65.07,64.36,64.88,37.12702193114167,9201400,0.0000,1.0
2007-02-21,64.75,64.99,64.32,64.69,37.018296065437035,5655600,0.0000,1.0
2007-02-22,64.48,64.73,64.31,64.71,37.029740893405936,6321700,0.0000,1.0
2007-02-23,64.78,64.93,64.46,64.82,37.09268744723494,5536700,0.0000,1.0
2007-02-26,64.66,64.99,64.32,64.44,36.87523571582567,6545300,0.0000,1.0
2007-02-27,64.37,64.73,61.25,61.25,35.049785654784635,16527200,0.0000,1.0
2007-02-28,62.5,63.77,62.25,63.49,36.33160638730248,17275300,0.0000,1.0
2007-03-01,63.05,64.12,62.75,63.68,36.440332253007114,11245000,0.0000,1.0
2007-03-02,63.5,63.71,62.7,63.16,36.14276672581547,9275000,0.0000,1.0
2007-03-05,62.84,63.6,62.66,62.79,35.93103740839065,9904800,0.0000,1.0
2007-03-06,62.82,63.07,62.45,62.94,36.01687361815747,11971600,0.0000,1.0
2007-03-07,62.8,63.05,62.02,62.08,35.52474601549437,10622400,0.0000,1.0
2007-03-08,62.29,62.48,61.87,62.31,35.65636153713683,8996800,0.0000,1.0
2007-03-09,62.5,62.7,62.0,62.16,35.57052532737001,9194400,0.0000,1.0
2007-03-12,62.09,62.4,61.98,62.09,35.53046842947883,5979700,0.0000,1.0
2007-03-13,61.85,62.12,61.14,61.17,35.004006342909,11281200,0.0000,1.0
2007-03-14,61.25,61.59,60.42,61.36,35.112732208613636,10522000,0.0000,1.0
2007-03-15,61.56,62.05,61.25,61.91,35.42746497775864,12711000,0.0000,1.0
2007-03-16,62.14,62.16,61.48,61.61,35.255792558225004,12357900,0.0000,1.0
2007-03-19,61.72,62.15,61.71,61.98,35.46752187564982,5646600,0.0000,1.0
2007-03-20,61.98,62.34,61.8,62.28,35.639194295183465,6516400,0.0000,1.0
2007-03-21,62.34,63.0,62.15,62.96,36.028318446126384,8562700,0.0000,1.0
2007-03-22,63.36,63.9,63.2,63.85,36.53761329074285,14690800,0.0000,1.0
2007-03-23,63.53,63.98,63.45,63.8,36.50900122082057,7081600,0.0000,1.0
2007-03-26,63.6,63.92,63.27,63.9,36.566225360665115,7491800,0.0000,1.0
2007-03-27,63.55,63.76,63.16,63.27,36.20571327964448,8039100,0.0000,1.0
2007-03-28,62.95,63.48,62.66,63.01,36.05693051604865,7296800,0.0000,1.0
2007-03-29,63.22,63.5,62.9,63.26,36.19999086566002,5366300,0.0000,1.0
2007-03-30,63.11,63.4,62.0,63.16,36.14276672581547,8527800,0.0000,1.0
2007-04-02,63.22,63.35,62.65,63.02,36.06265293003311,6484000,0.0000,1.0
2007-04-03,63.22,63.44,62.74,62.9,35.99398396221965,11410000,0.0000,1.0
2007-04-04,63.1,63.25,62.85,63.05,36.07982017198647,9728200,0.0000,1.0
2007-04-05,62.81,63.18,62.81,63.0,36.0512081020642,6453000,0.0000,1.0
2007-04-09,63.03,63.4,62.82,63.26,36.19999086566002,7690700,0.0000,1.0
2007-04-10,63.24,63.54,63.11,63.21,36.171378795737745,6554400,0.0000,1.0
2007-04-11,63.21,63.22,62.75,63.04,36.07409775800202,9100200,0.0000,1.0
2007-04-12,63.03,63.59,62.9,63.52,36.348773629255845,7570100,0.0000,1.0
2007-04-13,63.52,63.52,63.14,63.38,36.26865983347348,6548000,0.0000,1.0
2007-04-16,63.43,63.8,63.29,63.73,36.46894432292939,8574400,0.0000,1.0
2007-04-17,63.58,64.08,63.53,63.9,36.566225360665115,12344700,0.0000,1.0
2007-04-18,63.65,63.9,63.39,63.76,36.48611156488275,8303800,0.0000,1.0
2007-04-19,63.58,64.19,63.5,63.62,36.40599776910039,8840500,0.0000,1.0
2007-04-20,63.99,64.0,63.49,63.8,36.50900122082057,18753200,0.0000,1.0
2007-04-23,63.8,64.0,63.55,63.63,36.411720183084846,6754000,0.0000,1.0
2007-04-24,63.2,63.74,62.77,63.38,36.26865983347348,10107400,0.0000,1.0
2007-04-25,63.35,63.75,63.33,63.53,36.55478053269621,7323400,0.3500,1.0
2007-04-26,63.26,63.48,62.92,62.99,36.24406777513828,9165200,0.0000,1.0
2007-04-27,62.67,63.21,62.61,62.98,36.2383138351835,9744800,0.0000,1.0
2007-04-30,63.36,64.75,63.35,64.4,37.05537330876179,19243300,0.0000,1.0
2007-05-01,63.07,63.25,62.63,62.96,36.226805955273946,18845800,0.0000,1.0
2007-05-02,62.791,63.21,62.31,62.37,35.88732349794212,19498800,0.0000,1.0
2007-05-03,62.63,62.7,61.84,62.0,35.67442771961538,17770600,0.0000,1.0
2007-05-04,62.25,62.47,61.75,62.41,35.91033925776122,12431700,0.0000,1.0
2007-05-07,62.61,62.79,62.0,62.18,35.777998638801364,12124700,0.0000,1.0
2007-05-08,61.77,61.97,61.5,61.75,35.53057922074596,16578900,0.0000,1.0
2007-05-09,61.5,62.27,61.42,62.01,35.68018165957016,10520000,0.0000,1.0
2007-05-10,62.01,62.05,61.04,61.49,35.380976781921774,14107600,0.0000,1.0
2007-05-11,61.67,61.85,61.42,61.65,35.4730398211982,8479000,0.0000,1.0
2007-05-14,61.75,61.9,61.56,61.72,35.51331740088163,8754800,0.0000,1.0
2007-05-15,62.0,62.89,61.72,62.07,35.71470529929882,14855900,0.0000,1.0
2007-05-16,62.3,63.61,62.11,63.32,36.433947793645906,15809800,0.0000,1.0
2007-05-17,63.05,63.59,62.76,63.37,36.46271749341979,10088800,0.0000,1.0
2007-05-18,63.5,64.43,63.25,63.48,36.52601083292233,16434000,0.0000,1.0
2007-05-21,63.3,63.46,63.01,63.27,36.405178093872024,9699500,0.0000,1.0
2007-05-22,63.01,63.32,62.8,63.0,36.24982171509305,9681300,0.0000,1.0
2007-05-23,63.03,63.43,63.02,63.1,36.30736111464082,7685800,0.0000,1.0
2007-05-24,63.25,63.4,62.83,62.87,36.175020495680954,8971500,0.0000,1.0
2007-05-25,63.3,63.39,62.85,62.96,36.226805955273946,9440800,0.0000,1.0
2007-05-29,62.91,63.813,62.9,63.65,36.623827812153536,9891900,0.0000,1.0
2007-05-30,63.3,63.85,63.23,63.85,36.73890661124907,10316200,0.0000,1.0
2007-05-31,63.75,63.92,63.32,63.55,36.566288412605765,8615300,0.0000,1.0
2007-06-01,63.64,63.78,62.96,63.48,36.52601083292233,9025800,0.0000,1.0
2007-06-04,63.46,63.5,62.85,63.19,36.359146574233804,11481300,0.0000,1.0
2007-06-05,63.09,63.73,63.06,63.46,36.51450295301278,13480400,0.0000,1.0
2007-06-06,63.35,63.6,63.17,63.19,36.359146574233804,9903700,0.0000,1.0
2007-06-07,62.41,62.76,62.12,62.32,35.85855379816824,21180400,0.0000,1.0
2007-06-08,62.36,63.2,62.18,63.07,36.29009929477649,15468500,0.0000,1.0
2007-06-11,62.8,63.21,62.75,63.05,36.27859141486693,8119600,0.0000,1.0
2007-06-12,62.7,63.0,62.16,62.16,35.766490758891806,10403400,0.0000,1.0
2007-06-13,62.29,62.82,62.02,62.37,35.88732349794212,15511000,0.0000,1.0
2007-06-14,62.29,62.6,62.1,62.42,35.916093197716,11103000,0.0000,1.0
2007-06-15,62.66,62.8018,62.25,62.57,36.002402297037655,17155500,0.0000,1.0
2007-06-18,62.5,62.5,61.72,61.77,35.54208710065552,15244900,0.0000,1.0
2007-06-19,61.81,61.91,61.1,61.82,35.570856800429404,19293000,0.0000,1.0
2007-06-20,61.99,62.49,61.82,61.94,35.63990407988672,18520400,0.0000,1.0
2007-06-21,61.65,62.4,61.6,61.88,35.605380440158065,13153300,0.0000,1.0
2007-06-22,61.88,61.97,60.99,61.03,35.11629554400204,19720000,0.0000,1.0
2007-06-25,61.1,61.53,60.85,61.08,35.145065243775925,11690800,0.0000,1.0
2007-06-26,61.2,61.59,60.985,61.19,35.20835858327847,14784000,0.0000,1.0
2007-06-27,61.15,61.44,60.91,61.43,35.34645314219311,10475800,0.0000,1.0
2007-06-28,61.6,61.8,61.05,61.36,35.30617556250967,9235900,0.0000,1.0
2007-06-29,61.45,61.7,60.76,61.19,35.20835858327847,11984900,0.0000,1.0
2007-07-02,61.35,61.8,61.35,61.74,35.52482528079119,9868700,0.0000,1.0
2007-07-03,61.45,61.9,61.45,61.79,35.55359498056507,5091700,0.0000,1.0
2007-07-05,61.93,61.93,61.4,61.67,35.48454770110775,11880600,0.0000,1.0
2007-07-06,61.5,61.63,61.35,61.48,35.375222841966995,8197100,0.0000,1.0
2007-07-09,61.48,61.67,61.41,61.52,35.398238601786105,12073500,0.0000,1.0
2007-07-10,61.54,61.7,61.01,61.03,35.11629554400204,12677700,0.0000,1.0
2007-07-11,61.06,61.67,60.89,61.56,35.42125436160521,12056600,0.0000,1.0
2007-07-12,61.57,62.99,61.56,62.93,36.209544135409615,17559900,0.0000,1.0
2007-07-13,62.59,63.0,62.25,62.66,36.05418775663064,12006400,0.0000,1.0
2007-07-16,62.36,63.5,62.2,63.15,36.3361308144147,12873100,0.0000,1.0
2007-07-17,63.04,63.46,62.68,62.68,36.0656956365402,13777400,0.0000,1.0
2007-07-18,62.4,62.98,62.02,62.59,36.215298075364394,11066000,0.3500,1.0
2007-07-19,62.48,63.13,62.48,62.79,36.331020389073814,8714300,0.0000,1.0
2007-07-20,62.24,62.89,62.1,62.15,35.96070898520366,12207800,0.0000,1.0
2007-07-23,62.29,63.71,62.29,63.34,36.649256751774736,9577000,0.0000,1.0
2007-07-24,62.57,64.38,62.55,62.96,36.429384355726825,14793500,0.0000,1.0
2007-07-25,62.92,63.57,62.592,62.98,36.440956587097766,13581900,0.0000,1.0
2007-07-26,62.32,63.81,62.3,62.56,36.19793972830798,22062300,0.0000,1.0
2007-07-27,62.35,63.41,62.3,62.82,36.34837873613023,16874600,0.0000,1.0
2007-07-30,62.51,63.545,62.0499,63.27,36.60875394197644,14882700,0.0000,1.0
2007-07-31,63.06,63.19,61.74,61.86,35.792911630324994,15470800,0.0000,1.0
2007-08-01,61.52,63.49,61.5,63.16,36.54510666943625,14824200,0.0000,1.0
2007-08-02,63.05,63.59,62.64,63.3,36.62611228903285,11878500,0.0000,1.0
2007-08-03,63.25,63.68,62.34,62.88,36.38309543024306,20336700,0.0000,1.0
2007-08-06,63.0,65.0,62.95,65.0,37.609751955562956,18583700,0.0000,1.0
2007-08-07,64.23,65.79,64.23,65.23,37.7428326163288,19227700,0.0000,1.0
2007-08-08,65.35,65.75,64.6,65.16,37.70232980653049,13785200,0.0000,1.0
2007-08-09,64.01,66.75,64.0,64.97,37.59239360850654,19540900,0.0000,1.0
2007-08-10,64.31,65.89,64.28,65.39,37.835410467296335,17234900,0.0000,1.0
2007-08-13,65.2,65.4,64.01,64.28,37.19315162620903,15379400,0.0000,1.0
2007-08-14,64.23,64.45,63.52,63.72,36.86912914782264,10928800,0.0000,1.0
2007-08-15,63.95,64.8,63.34,63.48,36.73026237137133,12162400,0.0000,1.0
2007-08-16,62.53,64.79,62.53,64.03,37.04849873407225,22611500,0.0000,1.0
2007-08-17,64.9,65.45,64.17,65.35,37.812266004554445,19957300,0.0000,1.0
2007-08-20,65.15,65.8,64.72,65.01,37.61553807124843,9519000,0.0000,1.0
2007-08-21,64.65,64.98,64.21,64.46,37.29730170854751,9745800,0.0000,1.0
2007-08-22,64.88,65.11,64.39,64.74,37.4593129477407,9600400,0.0000,1.0
2007-08-23,64.99,65.18,64.54,65.04,37.632896418304846,10711600,0.0000,1.0
2007-08-24,65.31,65.95,65.1,65.93,38.14786071431178,8496800,0.0000,1.0
2007-08-27,65.67,65.74,64.91,65.23,37.7428326163288,7794300,0.0000,1.0
2007-08-28,65.15,65.38,64.2,64.7,37.436168484998824,10828200,0.0000,1.0
2007-08-29,64.89,65.26,64.5,65.12,37.67918534378862,8875500,0.0000,1.0
2007-08-30,64.81,65.31,64.51,65.01,37.61553807124843,8297200,0.0000,1.0
2007-08-31,65.13,65.61,64.88,65.31,37.78912154181256,8392900,0.0000,1.0
2007-09-04,65.04,65.54,64.89,65.45,37.870127161409165,8808600,0.0000,1.0
2007-09-05,65.38,65.65,64.93,65.46,37.87591327709463,8978200,0.0000,1.0
2007-09-06,65.14,66.28,65.09,66.11,38.25201079665026,11114600,0.0000,1.0
2007-09-07,65.69,66.33,65.4,65.47,37.88169939278011,11491200,0.0000,1.0
2007-09-10,65.55,66.1,65.43,65.9,38.13050236725537,8823000,0.0000,1.0
2007-09-11,66.29,67.0,65.85,66.99,38.76118897697173,12452300,0.0000,1.0
2007-09-12,66.9,67.4,66.54,67.31,38.94634467890681,9591100,0.0000,1.0
2007-09-13,67.32,67.72,67.16,67.46,39.033136414188874,8547100,0.0000,1.0
2007-09-14,67.0,67.85,66.94,67.81,39.23565046318037,8319800,0.0000,1.0
2007-09-17,67.49,68.29,67.26,67.95,39.31665608277697,10281900,0.0000,1.0
2007-09-18,68.29,69.07,67.89,68.68,39.73904252781637,15487900,0.0000,1.0
2007-09-19,68.95,69.0,68.1,68.79,39.80268980035655,15034600,0.0000,1.0
2007-09-20,68.49,69.32,68.45,68.98,39.912625998380506,9045200,0.0000,1.0
2007-09-21,69.67,69.939,68.98,69.39,40.149856741484825,16085200,0.0000,1.0
2007-09-24,69.32,70.0,69.1,69.8,40.387087484589145,11617600,0.0000,1.0
2007-09-25,69.4,70.34,69.4,69.85,40.416018063016494,9845200,0.0000,1.0
2007-09-26,69.91,70.73,69.66,70.51,40.797901698257604,10491400,0.0000,1.0
2007-09-27,70.51,70.65,69.83,70.1,40.56067095515328,8618800,0.0000,1.0
2007-09-28,69.95,70.49,69.91,70.34,40.69953773160459,9747600,0.0000,1.0
2007-10-01,70.44,71.0,70.4,70.91,41.02934632567645,11500200,0.0000,1.0
2007-10-02,70.85,71.0,70.35,70.73,40.92519624333797,9366500,0.0000,1.0
2007-10-03,70.72,70.87,70.23,70.41,40.740040541402884,8697700,0.0000,1.0
2007-10-04,70.2,71.07,70.2,70.83,40.98305740019268,11694600,0.0000,1.0
2007-10-05,70.9,71.32,70.58,70.83,40.98305740019268,10286200,0.0000,1.0
2007-10-08,70.05,70.92,70.05,70.71,40.91362401196702,6046800,0.0000,1.0
2007-10-09,71.18,71.35,70.5,71.08,41.12771029232946,8256800,0.0000,1.0
2007-10-10,71.15,71.75,71.13,71.4,41.31286599426454,7719800,0.0000,1.0
2007-10-11,71.65,71.98,71.41,71.77,41.52695227462697,9204200,0.0000,1.0
2007-10-12,71.93,72.0,71.6,71.7,41.48644946482868,8210600,0.0000,1.0
2007-10-15,71.65,71.9,70.67,71.0,41.08142136684569,8233500,0.0000,1.0
2007-10-16,70.98,71.55,70.54,70.82,40.977271284507204,9637700,0.0000,1.0
2007-10-17,70.64,70.84,70.3,70.59,41.046704672732865,11854600,0.3500,1.0
2007-10-18,70.55,71.0,70.5,70.9,41.22696361094716,8079900,0.0000,1.0
2007-10-19,71.0,71.5246,70.61,70.8,41.1688155663619,15979700,0.0000,1.0
2007-10-22,70.6,71.12,70.51,71.06,41.32000048228357,9040800,0.0000,1.0
2007-10-23,71.17,71.36,70.64,71.26,41.436296571454086,7704700,0.0000,1.0
2007-10-24,71.16,71.49,70.63,71.38,41.506074224956386,10096300,0.0000,1.0
2007-10-25,71.21,71.68,71.14,71.35,41.48862981158081,10406100,0.0000,1.0
2007-10-26,71.6,71.76,71.12,71.75,41.721221989921844,9320000,0.0000,1.0
2007-10-29,71.95,72.19,71.6,71.83,41.76774042559005,11479700,0.0000,1.0
2007-10-30,69.58,69.9,67.9,68.95,40.09307674153465,25799200,0.0000,1.0
2007-10-31,69.35,69.89,69.04,69.52,40.42452059567061,14144500,0.0000,1.0
2007-11-01,69.22,69.85,68.59,68.59,39.883743781027725,15104800,0.0000,1.0
2007-11-02,69.05,69.76,68.86,69.55,40.441965009046186,11447900,0.0000,1.0
2007-11-05,69.53,70.92,69.38,70.18,40.80829768993331,12740000,0.0000,1.0
2007-11-06,70.4,70.64,70.07,70.47,40.97692701923055,8733700,0.0000,1.0
2007-11-07,70.98,70.98,69.23,69.42,40.366372551085355,11873500,0.0000,1.0
2007-11-08,69.76,71.02,69.1,70.84,41.19207478419601,14437100,0.0000,1.0
2007-11-09,70.55,71.0,70.3,70.42,40.947852996937925,11899000,0.0000,1.0
2007-11-12,70.44,71.48,70.35,70.77,41.15137115298632,10793800,0.0000,1.0
2007-11-13,71.28,71.76,70.77,71.57,41.61655550966837,12264600,0.0000,1.0
2007-11-14,71.98,72.25,71.2,71.54,41.59911109629281,11907300,0.0000,1.0
2007-11-15,71.4,72.49,71.31,71.83,41.76774042559005,11440000,0.0000,1.0
2007-11-16,72.46,73.25,72.15,73.19,42.55855383194954,15145900,0.0000,1.0
2007-11-19,72.87,73.29,72.28,72.82,42.34340606698409,11337900,0.0000,1.0
2007-11-20,73.08,73.85,72.46,73.21,42.570183440866586,12771000,0.0000,1.0
2007-11-21,72.99,73.8,72.09,72.26,42.017777017306656,10381700,0.0000,1.0
2007-11-23,72.88,72.92,72.3,72.86,42.3666652848182,4592500,0.0000,1.0
2007-11-26,73.0,73.55,71.92,72.19,41.97707338609697,13661100,0.0000,1.0
2007-11-27,72.85,73.62,72.27,73.13,42.52366500519838,13090300,0.0000,1.0
2007-11-28,72.99,74.04,72.52,73.91,42.97721975296339,13638700,0.0000,1.0
2007-11-29,73.71,74.3,73.35,74.15,43.11677505996801,7878900,0.0000,1.0
2007-11-30,74.32,74.6,73.35,74.0,43.02955299309012,13784500,0.0000,1.0
2007-12-03,74.0,74.25,73.22,73.52,42.75044237908089,9036200,0.0000,1.0
2007-12-04,73.23,73.8,73.04,73.29,42.616701876534805,9185600,0.0000,1.0
2007-12-05,73.37,74.08,72.91,73.81,42.919071708378134,9682600,0.0000,1.0
2007-12-06,73.69,74.24,73.49,74.18,43.13421947334359,8469600,0.0000,1.0
2007-12-07,74.31,74.82,74.06,74.12,43.099330646592435,7692200,0.0000,1.0
2007-12-10,74.16,74.6,74.08,74.33,43.22144154022147,6521600,0.0000,1.0
2007-12-11,74.51,74.91,73.76,73.84,42.93651612175371,13287400,0.0000,1.0
2007-12-12,74.65,75.18,74.23,74.67,43.41914489181134,13647300,0.0000,1.0
2007-12-13,74.45,75.0,74.1,74.4,43.26214517143115,10568700,0.0000,1.0
2007-12-14,74.37,74.5,73.85,73.9,42.97140494850487,13648100,0.0000,1.0
2007-12-17,73.68,73.94,73.09,73.24,42.587627854242164,13268800,0.0000,1.0
2007-12-18,73.33,73.65,72.52,72.84,42.35503567590114,10732100,0.0000,1.0
2007-12-19,72.78,73.62,72.66,72.98,42.4364429383205,8169000,0.0000,1.0
2007-12-20,73.36,73.49,73.0,73.19,42.55855383194954,7362200,0.0000,1.0
2007-12-21,73.75,74.33,73.34,74.08,43.076071428758326,16176800,0.0000,1.0
2007-12-24,74.35,74.44,73.7,73.94,42.994664166338964,2827000,0.0000,1.0
2007-12-26,73.9,74.2,73.77,74.04,43.05281221092423,6433800,0.0000,1.0
2007-12-27,73.91,74.26,73.62,73.89,42.96559014404634,6901300,0.0000,1.0
2007-12-28,74.06,74.49,73.82,74.25,43.174923104553265,6637900,0.0000,1.0
2007-12-31,74.25,74.26,73.23,73.42,42.692294334495635,7996700,0.0000,1.0
2008-01-02,73.26,73.59,71.87,72.31,42.04685103959928,12255300,0.0000,1.0
2008-01-03,72.25,73.33,72.0,72.31,42.04685103959928,11162800,0.0000,1.0
2008-01-04,72.17,72.99,71.7,72.02,41.878221710302036,10049000,0.0000,1.0
2008-01-07,72.24,72.67,71.9,72.49,42.15151751985274,11916000,0.0000,1.0
2008-01-08,72.69,73.81,72.0,72.68,42.26199880456473,17169100,0.0000,1.0
2008-01-09,72.97,73.6,72.06,72.54,42.18059154214537,14875400,0.0000,1.0
2008-01-10,72.5,72.85,72.07,72.48,42.14570271539422,13039700,0.0000,1.0
2008-01-11,72.01,72.3,70.01,70.18,40.80829768993331,18046500,0.0000,1.0
2008-01-14,70.41,70.89,70.01,70.29,40.872260538977095,13145800,0.0000,1.0
2008-01-15,70.09,70.79,69.23,69.7,40.52918707592408,12660600,0.0000,1.0
2008-01-16,69.69,69.96,68.77,68.84,40.23263204853926,14936800,0.3500,1.0
2008-01-17,68.86,69.46,67.85,68.07,39.78261568193009,15130900,0.0000,1.0
2008-01-18,68.4,68.65,66.7,67.15,39.2449337893581,17975000,0.0000,1.0
2008-01-22,64.18,65.93,62.81,65.13,38.06437137305871,25636100,0.0000,1.0
2008-01-23,64.37,66.5,62.74,66.24,38.71309626518362,18489400,0.0000,1.0
2008-01-24,66.64,66.78,65.35,66.15,38.66049694960593,12026900,0.0000,1.0
2008-01-25,66.21,66.83,65.29,65.31,38.16957000421411,13000400,0.0000,1.0
2008-01-28,65.57,65.7,64.9,65.29,38.157881267419064,12868600,0.0000,1.0
2008-01-29,65.44,65.6,64.65,64.68,37.80137479517025,12683500,0.0000,1.0
2008-01-30,64.67,65.93,64.6,65.09,38.04099389946863,12264900,0.0000,1.0
2008-01-31,64.03,65.95,63.78,65.42,38.23385805658685,19878500,0.0000,1.0
2008-02-01,66.15,66.68,65.44,66.05,38.60205326563071,12166500,0.0000,1.0
2008-02-04,66.45,67.02,66.15,66.15,38.66049694960593,10343000,0.0000,1.0
2008-02-05,66.06,66.31,64.98,65.04,38.011772057481025,14270600,0.0000,1.0
2008-02-06,65.35,65.46,64.81,65.31,38.16957000421411,13839800,0.0000,1.0
2008-02-07,65.31,66.34,65.08,65.77,38.4384109505001,16197800,0.0000,1.0
2008-02-08,65.55,65.75,64.85,65.02,38.000083320685974,9271000,0.0000,1.0
2008-02-11,64.91,66.03,64.73,66.0,38.5728314236431,10332800,0.0000,1.0
2008-02-12,66.43,67.4,66.08,67.16,39.25077815775562,11107400,0.0000,1.0
2008-02-13,67.38,67.74,66.77,67.0,39.157268263395274,11051700,0.0000,1.0
2008-02-14,67.09,67.45,66.26,66.63,38.94102663268696,10952100,0.0000,1.0
2008-02-15,66.68,66.9,66.15,66.3,38.74816247556875,11755100,0.0000,1.0
2008-02-19,66.47,66.93,66.1,66.31,38.75400684396627,10404000,0.0000,1.0
2008-02-20,66.15,66.23,65.62,66.17,38.67218568640097,10843400,0.0000,1.0
2008-02-21,66.27,66.33,65.79,65.96,38.549453950053014,11931400,0.0000,1.0
2008-02-22,65.97,66.4,65.35,66.21,38.69556315999105,11139700,0.0000,1.0
2008-02-25,66.12,67.18,66.05,66.68,38.970248474674584,11879700,0.0000,1.0
2008-02-26,66.4,67.92,66.35,67.68,39.55468531442675,11259700,0.0000,1.0
2008-02-27,67.14,67.64,67.01,67.21,39.279999999743225,11769800,0.0000,1.0
2008-02-28,66.76,67.1,66.61,66.97,39.139735158202704,11149300,0.0000,1.0
2008-02-29,66.84,66.96,66.04,66.18,38.6780300547985,14640200,0.0000,1.0
2008-03-03,66.0,66.39,65.53,66.35,38.777384317556354,11568500,0.0000,1.0
2008-03-04,65.87,66.25,65.53,66.05,38.60205326563071,16500300,0.0000,1.0
2008-03-05,66.29,67.16,66.05,66.7024,38.98333985988502,11694500,0.0000,1.0
2008-03-06,66.51,66.89,66.32,66.51,38.87089421191671,9957900,0.0000,1.0
2008-03-07,66.28,66.34,65.67,65.8,38.45594405569267,13753900,0.0000,1.0
2008-03-10,65.75,65.92,65.58,65.76,38.43256658210259,13774100,0.0000,1.0
2008-03-11,65.81,66.75,65.81,66.66,38.95855973787953,14169500,0.0000,1.0
2008-03-12,66.84,67.63,66.64,67.04,39.18064573698536,9641200,0.0000,1.0
2008-03-13,66.71,67.63,66.59,67.36,39.36766552570605,16206400,0.0000,1.0
2008-03-14,67.71,67.71,66.0,66.74,39.0053146850597,19283500,0.0000,1.0
2008-03-17,66.0,67.65,66.0,67.05,39.18649010538288,17066600,0.0000,1.0
2008-03-18,67.39,68.54,67.15,68.54,40.05730099661361,14680900,0.0000,1.0
2008-03-19,68.71,68.88,67.78,67.81,39.63066210359453,15093900,0.0000,1.0
2008-03-20,68.49,69.39,67.81,69.37,40.542383573607914,16523000,0.0000,1.0
2008-03-24,69.53,70.0,69.06,69.97,40.893045677459206,10100000,0.0000,1.0
2008-03-25,69.9,69.98,69.32,69.54,40.641737836365785,10581200,0.0000,1.0
2008-03-26,69.23,69.9,69.06,69.64,40.700181520341,8431200,0.0000,1.0
2008-03-27,69.87,70.1,69.32,69.41,40.565761047197995,11899700,0.0000,1.0
2008-03-28,69.55,70.04,69.37,69.44,40.58329415239056,7432200,0.0000,1.0
2008-03-31,69.56,70.18,68.9,70.07,40.951489361434426,13745600,0.0000,1.0
2008-04-01,69.96,71.2,69.85,71.14,41.57683677996925,11590300,0.0000,1.0
2008-04-02,71.13,71.13,70.27,70.48,41.19110846573282,10209400,0.0000,1.0
2008-04-03,70.295,70.6,69.78,70.47,41.18526409733529,9580000,0.0000,1.0
2008-04-04,70.47,70.92,70.05,70.6,41.261240886503074,10160300,0.0000,1.0
2008-04-07,70.97,70.97,70.1,70.51,41.20864157092539,9465400,0.0000,1.0
2008-04-08,70.0,70.67,69.93,70.65,41.29046272849069,8748100,0.0000,1.0
2008-04-09,70.0,70.3,69.64,70.21,41.03331051899973,11440400,0.0000,1.0
2008-04-10,70.09,70.69,69.95,70.18,41.01577741380717,9656800,0.0000,1.0
2008-04-11,70.02,70.47,69.75,70.0,40.910578782651775,11862200,0.0000,1.0
2008-04-14,70.1,70.45,69.76,70.12,40.98071120342204,9079300,0.0000,1.0
2008-04-15,70.39,70.4,69.8,70.23,41.04499925579478,8604100,0.0000,1.0
2008-04-16,69.9,70.68,68.97,69.27,40.71771462553356,19498400,0.4000,1.0
2008-04-17,68.72,68.75,67.3,67.56,39.71255666379454,21014000,0.0000,1.0
2008-04-18,67.94,68.0,66.86,67.17,39.48331011111721,18345800,0.0000,1.0
2008-04-21,66.91,68.02,66.74,67.8,39.85363146544211,10496700,0.0000,1.0
2008-04-22,67.51,67.75,67.15,67.47,39.65965361317669,13148900,0.0000,1.0
2008-04-23,67.48,67.87,66.75,67.17,39.48331011111721,14184800,0.0000,1.0
2008-04-24,67.05,67.49,66.79,66.83,39.28345414211647,12614800,0.0000,1.0
2008-04-25,67.27,67.27,66.17,66.55,39.11886687352762,13674700,0.0000,1.0
2008-04-28,66.62,66.9,66.03,66.21,38.91901090452688,18166400,0.0000,1.0
2008-04-29,66.21,66.36,65.8,65.9,38.73678928573209,16567800,0.0000,1.0
2008-04-30,67.85,68.49,66.87,67.05,39.41277271029342,21859500,0.0000,1.0
2008-05-01,67.03,67.48,66.52,67.03,39.40101647682279,13493700,0.0000,1.0
2008-05-02,67.1,67.3,66.36,66.8,39.265819791910516,13290300,0.0000,1.0
2008-05-05,66.7,66.9,66.22,66.65,39.17764804088078,10193200,0.0000,1.0
2008-05-06,66.21,66.88,66.21,66.65,39.17764804088078,9819900,0.0000,1.0
2008-05-07,66.59,67.03,65.7,65.8,38.678008118378926,13045900,0.0000,1.0
2008-05-08,66.1,66.26,65.68,65.92,38.74854551920272,10081900,0.0000,1.0
2008-05-09,65.7,65.79,65.1,65.21,38.33119923099528,9756700,0.0000,1.0
2008-05-12,65.43,65.75,65.0,65.35,38.413492865289705,11162200,0.0000,1.0
2008-05-13,65.5,66.12,65.25,65.73,38.63686130123172,10942500,0.0000,1.0
2008-05-14,65.93,66.49,65.37,65.5,38.501664616319445,13205200,0.0000,1.0
2008-05-15,65.4,66.37,65.12,66.36,39.00718265555662,11877400,0.0000,1.0
2008-05-16,66.46,66.97,66.42,66.75,39.23642920823394,12286200,0.0000,1.0
2008-05-19,66.51,66.97,66.4,66.86,39.301088492322414,9182900,0.0000,1.0
2008-05-20,66.63,66.8,65.74,65.86,38.713276818790824,11931600,0.0000,1.0
2008-05-21,66.08,66.08,65.01,65.17,38.307686764054026,11650300,0.0000,1.0
2008-05-22,65.2,65.81,65.06,65.62,38.57220201714324,8639100,0.0000,1.0
2008-05-23,65.38,65.75,65.1,65.27,38.36646793140718,8415300,0.0000,1.0
2008-05-27,65.38,65.5,64.91,65.07,38.24890559670086,10901600,0.0000,1.0
2008-05-28,65.32,65.42,64.76,64.87,38.131343261994544,10195500,0.0000,1.0
2008-05-29,64.88,65.75,64.75,65.47,38.4840302661135,10548200,0.0000,1.0
2008-05-30,65.53,66.13,65.32,66.05,38.82496103676182,9761700,0.0000,1.0
2008-06-02,65.92,65.92,64.94,65.36,38.41937098202502,9980200,0.0000,1.0
2008-06-03,65.46,65.64,64.95,65.41,38.4487615657016,11417400,0.0000,1.0
2008-06-04,66.0,66.57,65.6,66.45,39.06008570617446,12590900,0.0000,1.0
2008-06-05,66.56,66.82,66.1,66.67,39.18940427435142,10784800,0.0000,1.0
2008-06-06,66.35,66.38,65.26,65.37,38.42524909876035,16364700,0.0000,1.0
2008-06-09,65.74,66.18,65.22,66.07,38.836717270232455,12983000,0.0000,1.0
2008-06-10,65.63,67.15,65.63,66.66,39.18352615761609,13803400,0.0000,1.0
2008-06-11,66.43,66.82,66.02,66.2,38.91313278779157,12619500,0.0000,1.0
2008-06-12,66.4,66.75,66.06,66.46,39.06596382290977,11939500,0.0000,1.0
2008-06-13,66.77,66.81,66.08,66.45,39.06008570617446,10941500,0.0000,1.0
2008-06-16,66.25,66.41,65.77,65.9,38.73678928573209,12204700,0.0000,1.0
2008-06-17,66.1,66.26,65.74,65.8,38.678008118378926,8220900,0.0000,1.0
2008-06-18,65.59,65.95,64.92,65.0,38.20775877955365,11511700,0.0000,1.0
2008-06-19,64.95,65.57,64.71,64.9,38.1489776122005,11544300,0.0000,1.0
2008-06-20,63.3888,65.08,63.1,63.16,37.126185300255514,21461900,0.0000,1.0
2008-06-23,63.43,63.6,62.74,62.93,36.99098861534325,10507400,0.0000,1.0
2008-06-24,62.82,63.26,62.42,62.86,36.94984179819604,11172200,0.0000,1.0
2008-06-25,63.14,64.06,62.83,63.49,37.32016315252094,12888400,0.0000,1.0
2008-06-26,63.22,63.88,62.23,62.25,36.59127667734177,15244000,0.0000,1.0
2008-06-27,62.19,62.62,60.49,60.49,35.55672813192616,21773200,0.0000,1.0
2008-06-30,60.69,61.36,60.44,60.81,35.74482786745627,14977700,0.0000,1.0
2008-07-01,60.58,62.01,60.05,61.98,36.43256752548823,19060400,0.0000,1.0
2008-07-02,61.95,62.935,61.65,62.69,36.849913813695665,18876400,0.0000,1.0
2008-07-03,62.7,63.89,62.69,63.67,37.425969253756634,11550400,0.0000,1.0
2008-07-07,63.81,63.81,62.6,62.91,36.97923238187261,18716900,0.0000,1.0
2008-07-08,62.67,63.96,62.67,63.66,37.42009113702131,18142100,0.0000,1.0
2008-07-09,63.93,64.63,63.41,63.8,37.50238477131573,15553100,0.0000,1.0
2008-07-10,63.71,64.32,63.36,64.22,37.74926567419901,17753500,0.0000,1.0
2008-07-11,63.93,64.29,63.18,63.45,37.29665068557968,21841200,0.0000,1.0
2008-07-14,63.93,64.38,63.62,63.93,37.578800288874845,14939400,0.0000,1.0
2008-07-15,62.35,67.41,62.03,64.35,37.825681191758115,25356900,0.0000,1.0
2008-07-16,63.73,64.16,63.38,63.89,37.790412491346224,19482200,0.4000,1.0
2008-07-17,63.97,64.08,63.2,63.89,37.790412491346224,15878800,0.0000,1.0
2008-07-18,63.97,63.97,63.25,63.67,37.660284290562124,15478100,0.0000,1.0
2008-07-21,63.93,63.93,63.41,63.64,37.64253953590975,9811300,0.0000,1.0
2008-07-22,63.65,64.7,63.53,64.1,37.91462577391286,13192200,0.0000,1.0
2008-07-23,64.25,64.94,63.82,64.7,38.26952086696041,11255000,0.0000,1.0
2008-07-24,64.7,65.17,64.41,64.51,38.15713742082869,11091700,0.0000,1.0
2008-07-25,64.62,64.97,64.26,64.46,38.127562829741386,11002700,0.0000,1.0
2008-07-28,64.39,64.45,63.65,63.83,37.754922982041464,12599100,0.0000,1.0
2008-07-29,63.95,65.61,63.8,65.54,38.76637399722698,16520700,0.0000,1.0
2008-07-30,65.43,66.76,65.43,66.57,39.37561057362526,13648100,0.0000,1.0
2008-07-31,66.02,66.44,65.25,65.48,38.730884487922225,14043700,0.0000,1.0
2008-08-01,65.73,65.98,64.72,64.95,38.41739382239689,11147400,0.0000,1.0
2008-08-04,65.12,66.5,64.9,65.82,38.931991707315824,12657600,0.0000,1.0
2008-08-05,66.21,68.1,65.82,67.97,40.20369912406954,20383200,0.0000,1.0
2008-08-06,67.95,68.12,67.29,67.77,40.08540075972035,13002200,0.0000,1.0
2008-08-07,67.83,68.2,67.07,67.48,39.91386813141404,10964600,0.0000,1.0
2008-08-08,67.01,69.88,66.8,69.63,41.18557554816775,15116500,0.0000,1.0
2008-08-11,69.62,69.89,67.0735,69.43,41.06727718381857,10843500,0.0000,1.0
2008-08-12,69.22,70.53,69.1,70.34,41.60553474160735,14375000,0.0000,1.0
2008-08-13,70.22,70.24,69.2,69.6,41.16783079351537,10701100,0.0000,1.0
2008-08-14,69.55,70.48,69.11,69.71,41.23289489390742,9447400,0.0000,1.0
2008-08-15,70.49,71.98,69.71,71.6,42.35081443700719,17615400,0.0000,1.0
2008-08-18,71.32,72.0,71.03,71.27,42.15562213583104,12509100,0.0000,1.0
2008-08-19,71.02,71.72,70.65,70.72,41.83030163387079,12332900,0.0000,1.0
2008-08-20,70.68,70.76,69.68,70.3,41.58187506873751,10981000,0.0000,1.0
2008-08-21,69.83,70.11,69.29,69.9,41.34527834003915,9722500,0.0000,1.0
2008-08-22,70.07,71.8,70.07,71.61,42.35672935522465,11870400,0.0000,1.0
2008-08-25,71.33,71.43,69.92,70.13,41.4813214590407,9493700,0.0000,1.0
2008-08-26,70.03,70.36,69.58,69.84,41.30978883073439,8432900,0.0000,1.0
2008-08-27,69.68,70.24,69.38,70.06,41.43991703151849,8307800,0.0000,1.0
2008-08-28,70.35,71.2,69.81,71.01,42.001834262177105,8106700,0.0000,1.0
2008-08-29,70.71,71.08,69.74,69.77,41.268384403212174,9569400,0.0000,1.0
2008-09-02,70.35,71.43,70.15,70.47,41.68242867843431,11255200,0.0000,1.0
2008-09-03,70.42,71.5,70.18,71.42,42.24434590909293,10433900,0.0000,1.0
2008-09-04,71.16,71.52,70.37,70.44,41.664683923781936,12298000,0.0000,1.0
2008-09-05,70.39,71.07,69.73,70.78,41.86579114317555,11578800,0.0000,1.0
2008-09-08,71.33,72.48,71.31,72.37,42.80626313975154,16521200,0.0000,1.0
2008-09-09,71.66,72.46,71.47,71.89,42.522347065313504,18542200,0.0000,1.0
2008-09-10,71.85,73.54,71.81,72.39,42.81809297618646,19047700,0.0000,1.0
2008-09-11,71.8,73.16,71.58,73.08,43.22622233319114,16200400,0.0000,1.0
2008-09-12,72.33,73.25,72.33,73.15,43.267626760713355,11378700,0.0000,1.0
2008-09-15,72.34,73.57,72.14,72.14,42.67022002074999,19748500,0.0000,1.0
2008-09-16,71.52,73.0,71.3,72.0,42.587411165705554,21425800,0.0000,1.0
2008-09-17,71.68,72.02,70.84,70.94,41.96042983465489,25324200,0.0000,1.0
2008-09-18,71.22,72.96,70.4,71.31,42.17928180870088,28178600,0.0000,1.0
2008-09-19,72.56,72.75,68.15,70.36,41.61736457804226,28562500,0.0000,1.0
2008-09-22,70.01,70.4,67.76,68.04,40.245103551591754,14998700,0.0000,1.0
2008-09-23,68.14,69.64,67.07,67.28,39.79556976706486,15133400,0.0000,1.0
2008-09-24,67.43,68.87,67.21,68.74,40.659147826813886,13053800,0.0000,1.0
2008-09-25,69.02,70.2,68.04,68.51,40.52310470781233,17513200,0.0000,1.0
2008-09-26,67.82,69.42,67.82,68.84,40.71829700898848,13417000,0.0000,1.0
2008-09-29,68.15,69.5,66.0,66.75,39.482079101539526,23388500,0.0000,1.0
2008-09-30,67.19,69.92,67.05,69.69,41.2210650574725,23102600,0.0000,1.0
2008-10-01,69.34,71.44,69.34,71.27,42.15562213583104,17760000,0.0000,1.0
2008-10-02,70.91,71.94,70.52,71.44,42.25617574552785,21833600,0.0000,1.0
2008-10-03,71.02,71.8,70.07,71.02,42.00774918039456,22923700,0.0000,1.0
2008-10-06,69.77,70.46,67.02,68.58,40.56450913533454,25914800,0.0000,1.0
2008-10-07,69.03,69.69,66.08,66.25,39.18633319066657,23857700,0.0000,1.0
2008-10-08,65.78,69.01,64.46,66.1,39.09760941740468,37290900,0.0000,1.0
2008-10-09,66.14,66.58,60.69,60.88,36.01002210789103,30092600,0.0000,1.0
2008-10-10,58.77,63.0,54.92,59.56,35.22925290318643,47113800,0.0000,1.0
2008-10-13,61.67,63.93,61.0,63.29,37.43551739829868,25023000,0.0000,1.0
2008-10-14,65.55,65.88,62.56,64.1,37.91462577391286,29454500,0.0000,1.0
2008-10-15,63.28,63.89,58.63,59.82,35.38304077684037,23606500,0.0000,1.0
2008-10-16,59.91,62.25,57.12,61.77,36.536449829244894,27622600,0.0000,1.0
2008-10-17,60.65,63.79,59.83,61.74,36.51870507459252,19589700,0.0000,1.0
2008-10-20,62.54,64.12,61.1,63.91,37.80224232778114,16636400,0.0000,1.0
2008-10-21,63.47,64.29,62.64,62.96,37.24032509712253,12739400,0.0000,1.0
2008-10-22,61.39,61.54,58.35,58.76,34.99265617448806,34940700,0.4000,1.0
2008-10-23,59.13,61.3,57.22,60.57,36.07054432417873,25829200,0.0000,1.0
2008-10-24,56.9,60.34,56.62,58.87,35.05816318911015,26572200,0.0000,1.0
2008-10-27,58.03,60.5,57.0,57.37,34.16488571699081,23484700,0.0000,1.0
2008-10-28,58.4,63.49,57.07,63.23,37.65462304140368,35638500,0.0000,1.0
2008-10-29,63.01,63.98,59.41,60.99,36.32066201637214,31023600,0.0000,1.0
2008-10-30,62.33,63.5,61.44,63.08,37.56529529419175,36499800,0.0000,1.0
2008-10-31,62.96,64.93,62.76,64.54,38.43475203372124,42624100,0.0000,1.0
2008-11-03,64.54,65.25,64.07,64.4,38.35137946965676,50502400,0.0000,1.0
2008-11-04,65.3,66.48,65.1,66.07,39.34589505528295,46653300,0.0000,1.0
2008-11-05,65.41,66.13,63.81,63.81,38.00002366395649,71833400,0.0000,1.0
2008-11-06,64.05,65.47,62.54,63.35,37.72608523917323,49444500,0.0000,1.0
2008-11-07,63.7,64.83,63.43,64.49,38.40497611798392,19003000,0.0000,1.0
2008-11-10,65.46,65.78,64.03,64.95,38.67891454276719,16157100,0.0000,1.0
2008-11-11,64.65,64.88,63.23,63.82,38.005978847103954,16256000,0.0000,1.0
2008-11-12,63.5,63.5,61.5,61.85,36.83280776705389,26012800,0.0000,1.0
2008-11-13,61.71,66.82,60.87,65.05,38.7384663742418,44886300,0.0000,1.0
2008-11-14,64.87,66.0,61.96,63.11,37.58316084363413,42262700,0.0000,1.0
2008-11-17,63.0,64.54,61.41,62.51,37.2258498547864,23074600,0.0000,1.0
2008-11-18,62.25,64.49,60.76,64.25,38.26205172244483,35518000,0.0000,1.0
2008-11-19,63.88,64.66,62.11,62.27,37.082925459247306,23344900,0.0000,1.0
2008-11-20,61.67,63.42,59.0,59.33,35.33210161389341,31313100,0.0000,1.0
2008-11-21,60.05,63.33,58.29,63.09,37.57125047733921,34196200,0.0000,1.0
2008-11-24,63.44,65.0,62.68,64.68,38.51812459778571,26076500,0.0000,1.0
2008-11-25,64.54,65.45,51.28,63.18,37.62484712566637,22843100,0.0000,1.0
2008-11-26,61.77,63.19,61.4,63.16,37.61293675937144,15151600,0.0000,1.0
2008-11-28,63.04,64.55,63.04,64.35,38.321603553919445,7768400,0.0000,1.0
2008-12-01,63.73,63.8,60.35,60.49,36.02290285899903,20431200,0.0000,1.0
2008-12-02,61.6,61.65,59.35,61.44,36.58864525800794,20242400,0.0000,1.0
2008-12-03,60.52,63.13,60.5,62.88,37.446191631242506,19967600,0.0000,1.0
2008-12-04,62.28,62.93,60.58,61.25,36.47549677820616,17919600,0.0000,1.0
2008-12-05,60.81,62.93,59.4,62.63,37.29731205255595,22060500,0.0000,1.0
2008-12-08,63.01,64.0,62.02,62.49,37.21393948849148,20894200,0.0000,1.0
2008-12-09,61.97,62.25,59.36,59.79,35.606040038676674,21421800,0.0000,1.0
2008-12-10,60.27,60.66,58.51,59.12,35.2070427677967,14721200,0.0000,1.0
2008-12-11,57.77,59.86,57.5,58.58,34.885462877833746,18856600,0.0000,1.0
2008-12-12,58.33,59.23,57.05,58.94,35.099849471142385,16817900,0.0000,1.0
2008-12-15,58.15,59.85,58.15,59.36,35.3499671633358,12230800,0.0000,1.0
2008-12-16,59.9,61.75,59.58,61.62,36.69583855466226,17789000,0.0000,1.0
2008-12-17,60.99,61.39,60.01,60.7,36.14796170509574,16119000,0.0000,1.0
2008-12-18,61.0,62.17,59.5,60.31,35.91570956234471,17195600,0.0000,1.0
2008-12-19,61.8,61.98,59.75,60.18,35.838292181427704,23247400,0.0000,1.0
2008-12-22,60.89,60.89,59.25,60.46,36.00503730955664,11407100,0.0000,1.0
2008-12-23,60.57,61.0,59.67,59.83,35.62986077126652,10645200,0.0000,1.0
2008-12-24,59.95,60.7,59.88,60.39,35.96335102752441,4036600,0.0000,1.0
2008-12-26,60.6,61.0,60.09,60.53,36.04672359158888,4455600,0.0000,1.0
2008-12-29,60.78,60.78,59.43,60.2,35.850202547722624,8586300,0.0000,1.0
2008-12-30,60.5,61.47,60.42,61.12,36.39807939728915,10007100,0.0000,1.0
2008-12-31,61.35,62.2,61.07,61.82,36.81494221761151,10844800,0.0000,1.0
2009-01-02,61.69,62.97,61.06,62.8,37.398550166062805,11135700,0.0000,1.0
2009-01-05,62.32,62.44,61.59,62.35,37.13056692442701,14322800,0.0000,1.0
2009-01-06,62.5,62.95,61.51,62.17,37.023373627772685,13401600,0.0000,1.0
2009-01-07,61.33,61.66,60.64,61.08,36.3742586646993,12415600,0.0000,1.0
2009-01-08,60.91,61.25,60.0,60.41,35.97526139381933,11508100,0.0000,1.0
2009-01-09,60.64,60.8,59.75,59.86,35.64772632070891,10843200,0.0000,1.0
2009-01-12,59.75,60.42,59.69,59.94,35.69536778588861,11373200,0.0000,1.0
2009-01-13,59.96,60.29,59.02,59.47,35.41547417795788,15791900,0.0000,1.0
2009-01-14,59.05,59.18,57.22,57.86,34.45668969121646,16108100,0.0000,1.0
2009-01-15,57.19,57.48,56.55,57.46,34.218482365317975,18807200,0.0000,1.0
2009-01-16,58.08,58.25,57.12,57.73,34.379272310299456,18904200,0.0000,1.0
2009-01-20,57.77,58.45,57.23,57.43,34.200616815875584,17999300,0.0000,1.0
2009-01-21,58.2,58.2,56.4868,57.57,34.522196705838546,18204700,0.4000,1.0
2009-01-22,57.38,57.56,56.27,56.96,34.15640653751196,19133700,0.0000,1.0
2009-01-23,56.54,56.61,55.59,56.0,33.580736764407824,21067500,0.0000,1.0
2009-01-26,55.95,56.92,55.61,56.37,33.802609489458376,17032100,0.0000,1.0
2009-01-27,56.38,57.39,56.2,56.7,34.00049597396293,11962900,0.0000,1.0
2009-01-28,57.5,58.38,56.9,58.18,34.88798687416513,17743200,0.0000,1.0
2009-01-29,57.79,59.0,57.56,58.22,34.91197311471114,14550300,0.0000,1.0
2009-01-30,56.5,56.84,54.24,54.5,32.68125274393262,35110700,0.0000,1.0
2009-02-02,54.0,54.38,52.21,53.05,31.81175152413991,19427200,0.0000,1.0
2009-02-03,53.49,54.09,52.54,53.91,32.32745569587903,14898500,0.0000,1.0
2009-02-04,54.33,54.45,52.21,52.52,31.49393383690534,14760300,0.0000,1.0
2009-02-05,52.29,53.6,52.13,53.32,31.973658647825452,17727500,0.0000,1.0
2009-02-06,53.42,54.46,53.06,54.0,32.381424737107544,15338000,0.0000,1.0
2009-02-09,53.89,53.98,52.67,52.94,31.745789362638398,13422200,0.0000,1.0
2009-02-10,52.74,53.46,50.97,51.45,30.852301902299693,22520700,0.0000,1.0
2009-02-11,51.85,51.9078,50.86,51.16,30.678401658341148,16404400,0.0000,1.0
2009-02-12,50.93,51.4,49.95,51.28,30.750360379979167,18019300,0.0000,1.0
2009-02-13,51.37,51.68,50.73,51.09,30.636425737385643,11644800,0.0000,1.0
2009-02-17,50.0,50.94,49.28,50.11,30.048762844008504,20833900,0.0000,1.0
2009-02-18,49.84,51.17,49.75,50.95,30.552473895474623,16755100,0.0000,1.0
2009-02-19,51.5,52.05,51.03,51.13,30.66041197793165,13503700,0.0000,1.0
2009-02-20,50.24,51.3556,49.8,50.25,30.132714685919524,19555100,0.0000,1.0
2009-02-23,50.49,50.49,48.79,48.9,29.323179067491832,15129900,0.0000,1.0
2009-02-24,49.28,50.18,48.97,49.77,29.844879799367458,14983500,0.0000,1.0
2009-02-25,49.59,50.48,49.22,49.92,29.934828201414977,17411600,0.0000,1.0
2009-02-26,50.1,50.2,48.9,48.97,29.365154988447344,13606800,0.0000,1.0
2009-02-27,48.66,49.11,47.76,48.17,28.885430177527233,20748000,0.0000,1.0
2009-03-02,47.36,47.93,46.8,46.87,28.10587735978205,19033100,0.0000,1.0
2009-03-03,46.98,47.88,46.38,46.63,27.961959916506018,19531800,0.0000,1.0
2009-03-04,46.93,48.0,46.67,47.31,28.369726005788113,15699900,0.0000,1.0
2009-03-05,46.45,46.81,44.93,45.4,27.224383019716345,19466600,0.0000,1.0
2009-03-06,45.92,46.59,44.63,45.71,27.41027638394789,19553000,0.0000,1.0
2009-03-09,45.3,45.6,43.93,44.18,26.492802683063175,16927300,0.0000,1.0
2009-03-10,44.51,45.19,44.37,45.17,27.086462136576813,20635700,0.0000,1.0
2009-03-11,45.59,45.74,44.76,45.07,27.0264965352118,13395900,0.0000,1.0
2009-03-12,44.89,45.901,44.52,45.78,27.4522523049034,13715200,0.0000,1.0
2009-03-13,46.1,47.08,45.66,46.95,28.153849840874063,13905600,0.0000,1.0
2009-03-16,47.37,48.41,47.17,47.82,28.675550572749682,15181900,0.0000,1.0
2009-03-17,47.95,48.14,47.41,47.98,28.771495534933702,11481500,0.0000,1.0
2009-03-18,47.75,48.75,46.99,48.02,28.79548177547971,16707400,0.0000,1.0
2009-03-19,48.24,48.42,46.2,46.31,27.770069992137973,16169800,0.0000,1.0
2009-03-20,46.55,46.94,45.52,45.59,27.338317662309873,25558100,0.0000,1.0
2009-03-23,46.11,47.8,46.0,47.74,28.62757809165767,16278000,0.0000,1.0
2009-03-24,47.42,48.21,46.89,46.95,28.153849840874063,12158800,0.0000,1.0
2009-03-25,47.7,48.6,47.2,48.06,28.819468016025716,15275900,0.0000,1.0
2009-03-26,48.27,48.818,47.51,48.76,29.239227225580812,16256400,0.0000,1.0
2009-03-27,48.21,49.03,48.13,48.57,29.12529258298729,10402200,0.0000,1.0
2009-03-30,48.04,48.1,46.57,47.28,28.351736325378607,12747900,0.0000,1.0
2009-03-31,47.56,47.83,46.95,47.09,28.237801682785083,13847500,0.0000,1.0
2009-04-01,46.75,48.48,46.29,48.21,28.90941641807324,17104300,0.0000,1.0
2009-04-02,48.72,50.29,48.72,49.42,29.635000194589907,18320500,0.0000,1.0
2009-04-03,49.54,49.75,48.72,49.63,29.76092795745644,14799800,0.0000,1.0
2009-04-06,49.46,49.97,48.91,49.65,29.77292107772944,10345400,0.0000,1.0
2009-04-07,49.42,49.42,48.53,48.68,29.191254744488802,9801300,0.0000,1.0
2009-04-08,48.8,49.0,47.875,48.47,29.065326981622274,9434300,0.0000,1.0
2009-04-09,49.17,49.29,48.37,49.19,29.497079311450374,14766300,0.0000,1.0
2009-04-13,48.88,49.03,47.95,48.04,28.807474895752712,12908700,0.0000,1.0
2009-04-14,47.98,48.03,46.98,47.25,28.333746644969104,15096100,0.0000,1.0
2009-04-15,47.68,48.86,47.65,48.75,29.233230665444314,14181600,0.0000,1.0
2009-04-16,49.2,50.74,49.11,50.43,30.24065276837655,16333200,0.0000,1.0
2009-04-17,51.15,51.96,50.82,51.66,30.978229665166218,21662400,0.0000,1.0
2009-04-20,51.57,51.97,50.62,50.73,30.420549572471586,15444400,0.0000,1.0
2009-04-21,50.82,51.67,49.5,51.37,30.804329421207676,12604100,0.0000,1.0
2009-04-22,50.96,50.96,49.54,49.6,30.006786923052992,13385400,0.4400,1.0
2009-04-23,49.84,49.84,48.75,49.32,29.837393771068015,11859200,0.0000,1.0
2009-04-24,49.5,49.89,49.02,49.51,29.952339124200673,11324200,0.0000,1.0
2009-04-27,49.07,50.41,49.07,49.97,30.23062787389028,9603900,0.0000,1.0
2009-04-28,49.715,50.18,49.25,49.69,30.061234721905304,9004800,0.0000,1.0
2009-04-29,49.91,50.97,49.82,50.42,30.50286686815185,11399200,0.0000,1.0
2009-04-30,50.23,50.23,48.25,49.44,29.90999083620443,24582200,0.0000,1.0
2009-05-01,49.6,49.75,48.55,49.5,29.946289368772643,11888500,0.0000,1.0
2009-05-04,49.97,51.03,49.69,50.99,30.84770292754984,12625200,0.0000,1.0
2009-05-05,50.76,50.99,49.51,49.79,30.121732276185654,12299300,0.0000,1.0
2009-05-06,50.0,50.86,49.9,50.84,30.756956596129317,14932300,0.0000,1.0
2009-05-07,51.0,52.19,50.62,51.34,31.05944436753106,13718200,0.0000,1.0
2009-05-08,52.0,52.19,51.19,51.57,31.19858874237586,13417100,0.0000,1.0
2009-05-11,51.42,51.55,50.23,50.37,30.472618091011675,13896700,0.0000,1.0
2009-05-12,50.4,51.35,50.0,50.94,30.817454150409663,13779000,0.0000,1.0
2009-05-13,50.53,51.21,50.11,50.96,30.829553661265734,11238900,0.0000,1.0
2009-05-14,51.02,51.64,50.75,50.8,30.732757574417175,11105800,0.0000,1.0
2009-05-15,51.43,51.43,50.37,50.67,30.654110753852724,14120300,0.0000,1.0
2009-05-18,50.98,52.61,50.92,52.52,31.773315508039175,14066100,0.0000,1.0
2009-05-19,52.57,53.51,52.27,52.95,32.03345499144468,15215200,0.0000,1.0
2009-05-20,53.74,54.7705,53.56,54.02,32.680778822244406,15964200,0.0000,1.0
2009-05-21,53.48,53.48,52.51,53.02,32.07580327944092,11225900,0.0000,1.0
2009-05-22,53.07,53.74,52.96,53.03,32.081853034868956,6765000,0.0000,1.0
2009-05-26,52.94,54.1,52.67,53.78,32.53558469197157,10918600,0.0000,1.0
2009-05-27,53.72,53.78,51.58,51.78,31.325633606364594,14497600,0.0000,1.0
2009-05-28,52.26,52.67,51.11,52.59,31.81566379603542,16611400,0.0000,1.0
2009-05-29,52.62,52.68,51.5,51.94,31.42242969321315,15133700,0.0000,1.0
2009-06-01,52.55,53.65,52.36,53.36,32.281494963994106,12487300,0.0000,1.0
2009-06-02,53.23,54.13,53.16,53.71,32.493236403975324,11923400,0.0000,1.0
2009-06-03,53.38,53.84,52.9,53.81,32.55373395825568,12643500,0.0000,1.0
2009-06-04,53.76,53.86,52.97,53.35,32.27544520856607,9987000,0.0000,1.0
2009-06-05,53.56,53.95,52.915,53.18,32.172599366289475,10551000,0.0000,1.0
2009-06-08,52.93,53.58,52.59,53.14,32.14840034457734,10651800,0.0000,1.0
2009-06-09,52.84,52.9,52.25,52.41,31.70676819833079,11606000,0.0000,1.0
2009-06-10,52.69,52.93,51.57,52.08,31.50712626920564,13082500,0.0000,1.0
2009-06-11,52.05,52.74,51.95,52.01,31.464777981209394,10862400,0.0000,1.0
2009-06-12,51.88,52.77,51.73,52.55,31.791464774323277,10352700,0.0000,1.0
2009-06-15,52.38,52.38,51.07,51.33,31.053394612103023,12158000,0.0000,1.0
2009-06-16,51.61,51.61,50.03,50.1,30.309274694454736,15721900,0.0000,1.0
2009-06-17,50.13,50.75,50.0,50.01,30.25482689560242,12696700,0.0000,1.0
2009-06-18,50.07,51.36,50.01,51.17,30.956598525254467,12999600,0.0000,1.0
2009-06-19,51.28,51.47,50.24,50.64,30.63596148756862,19541900,0.0000,1.0
2009-06-22,50.33,50.87,47.0,50.56,30.58756344414434,12992200,0.0000,1.0
2009-06-23,50.52,50.82,50.39,50.55,30.581513688716303,10611800,0.0000,1.0
2009-06-24,50.58,50.98,50.06,50.55,30.581513688716303,12399000,0.0000,1.0
2009-06-25,50.43,52.03,50.12,51.68,31.265136052084245,13723300,0.0000,1.0
2009-06-26,51.46,52.03,51.05,51.75,31.30748434008049,25128800,0.0000,1.0
2009-06-29,51.92,52.4,51.6,52.23,31.59787260062616,8899900,0.0000,1.0
2009-06-30,52.23,52.23,50.75,51.1,30.914250237258223,14393700,0.0000,1.0
2009-07-01,51.47,52.53,51.28,52.0,31.45872822578136,14314300,0.0000,1.0
2009-07-02,51.79,51.83,50.74,50.95,30.8235039058377,15212000,0.0000,1.0
2009-07-06,50.75,52.42,50.52,52.17,31.561574068057954,16040900,0.0000,1.0
2009-07-07,51.99,52.435,51.63,51.91,31.404280426929045,13430500,0.0000,1.0
2009-07-08,52.02,52.81,51.54,52.64,31.845912573175593,16899500,0.0000,1.0
2009-07-09,52.65,52.7495,52.1801,52.41,31.70676819833079,11648100,0.0000,1.0
2009-07-10,52.18,52.5,51.94,52.22,31.591822845198127,9267400,0.0000,1.0
2009-07-13,52.06,53.14,52.05,52.98,32.051604257728776,12289100,0.0000,1.0
2009-07-14,53.07,53.77,52.74,53.54,32.39039056169873,12817300,0.0000,1.0
2009-07-15,53.61,54.73,53.5,54.65,33.0619134142106,15161300,0.0000,1.0
2009-07-16,54.65,55.44,54.5,55.21,33.400699718180554,12622000,0.0000,1.0
2009-07-17,55.26,55.92,54.93,55.92,33.830232353571034,13344900,0.0000,1.0
2009-07-20,56.01,56.03,55.1501,55.56,33.61244115816178,10925100,0.0000,1.0
2009-07-21,55.94,56.18,52.0,55.05,33.303903631332,11131800,0.0000,1.0
2009-07-22,55.16,55.36,54.65,54.87,33.4611972724609,10000100,0.4400,1.0
2009-07-23,54.93,55.56,54.8,55.16,33.638047048458965,15014200,0.0000,1.0
2009-07-24,55.64,55.9,55.33,55.84,34.052729281833734,8710300,0.0000,1.0
2009-07-27,55.89,55.98,55.35,55.78,34.01613967300655,6866800,0.0000,1.0
2009-07-28,55.6,55.96,55.28,55.71,33.9734517960415,8142400,0.0000,1.0
2009-07-29,55.56,56.37,55.56,56.12,34.22348078969393,9666300,0.0000,1.0
2009-07-30,56.57,57.0,55.93,56.23,34.29056173921043,11966500,0.0000,1.0
2009-07-31,56.2,56.75,55.43,55.51,33.851486433284215,12663900,0.0000,1.0
2009-08-03,55.96,56.0,55.0,55.61,33.912469114662855,11225600,0.0000,1.0
2009-08-04,55.42,55.92,55.3,55.46,33.82099509259489,10988300,0.0000,1.0
2009-08-05,53.74,54.17,53.32,53.91,32.875763531225935,21314600,0.0000,1.0
2009-08-06,53.81,53.91,51.14,51.46,31.38168783744921,29715100,0.0000,1.0
2009-08-07,51.84,52.82,51.46,52.03,31.72928912130747,16314800,0.0000,1.0
2009-08-10,51.92,52.28,51.58,52.17,31.81466487523757,11763800,0.0000,1.0
2009-08-11,52.11,52.28,51.93,51.93,31.668306439928827,9293400,0.0000,1.0
2009-08-12,52.0,52.49,51.85,52.08,31.75978046199679,10148400,0.0000,1.0
2009-08-13,52.29,52.34,51.75,52.3,31.8939423610298,10486500,0.0000,1.0
2009-08-14,52.55,52.81,51.87,52.37,31.93663023799485,12069600,0.0000,1.0
2009-08-17,52.32,52.59,52.12,52.21,31.839057947789026,11384000,0.0000,1.0
2009-08-18,52.4,52.66,52.08,52.45,31.985416383097768,8342800,0.0000,1.0
2009-08-19,52.27,53.04,52.27,52.8,32.198855767923014,12152600,0.0000,1.0
2009-08-20,52.93,53.14,52.65,53.02,32.33301766695603,8471400,0.0000,1.0
2009-08-21,53.45,53.77,53.0,53.58,32.67452068267642,13272800,0.0000,1.0
2009-08-24,53.77,53.92,52.97,53.34,32.52816224736768,11781900,0.0000,1.0
2009-08-25,53.46,53.99,53.1575,53.4,32.56475185619487,12681600,0.0000,1.0
2009-08-26,53.41,53.8,53.28,53.36,32.540358783643406,9380600,0.0000,1.0
2009-08-27,53.3,53.405,52.7,53.06,32.357410739507486,10394900,0.0000,1.0
2009-08-28,53.11,53.39,52.66,53.19,32.43668822529972,8998800,0.0000,1.0
2009-08-31,53.0,54.12,52.81,54.11,32.99772889398322,15366900,0.0000,1.0
2009-09-01,53.85,54.04,52.87,53.02,32.33301766695603,14424400,0.0000,1.0
2009-09-02,52.95,53.22,52.75,52.8,32.198855767923014,8875200,0.0000,1.0
2009-09-03,52.95,53.02,52.52,52.87,32.24154364488806,9120800,0.0000,1.0
2009-09-04,52.79,53.0,52.66,52.86,32.2354453767502,7527700,0.0000,1.0
2009-09-08,53.45,54.2,53.21,54.2,33.05261330722401,15674300,0.0000,1.0
2009-09-09,54.2,54.3,53.53,53.76,32.78428950915798,11148100,0.0000,1.0
2009-09-10,55.23,56.32,55.18,56.04,34.174694644591014,26758300,0.0000,1.0
2009-09-11,56.11,56.4,55.4,55.64,33.93076391907645,12500400,0.0000,1.0
2009-09-14,55.23,55.49,55.05,55.3,33.72342280238907,11139000,0.0000,1.0
2009-09-15,55.56,55.63,54.89,55.03,33.55876956266673,11674300,0.0000,1.0
2009-09-16,55.08,55.45,54.61,55.31,33.72952107052693,12932200,0.0000,1.0
2009-09-17,55.33,56.11,55.3,55.53,33.863682969559946,10665300,0.0000,1.0
2009-09-18,56.57,57.51,56.5,57.32,34.95527296623764,25880200,0.0000,1.0
2009-09-21,57.35,57.46,56.75,57.1,34.821111067204626,11672200,0.0000,1.0
2009-09-22,57.3,57.51,56.96,57.24,34.90648682113472,11517000,0.0000,1.0
2009-09-23,57.34,58.05,57.15,57.25,34.91258508927259,14611400,0.0000,1.0
2009-09-24,57.38,57.97,57.3,57.84,35.27238290940657,13589500,0.0000,1.0
2009-09-25,58.0,58.5,57.92,58.01,35.37605346775027,13477500,0.0000,1.0
2009-09-28,58.21,58.66,58.01,58.16,35.467527489818224,9008100,0.0000,1.0
2009-09-29,58.34,58.37,57.76,57.91,35.31507078637162,7625300,0.0000,1.0
2009-09-30,57.84,58.14,57.34,57.92,35.32116905450949,14047300,0.0000,1.0
2009-10-01,57.63,57.63,56.44,56.62,34.528394196587136,15894300,0.0000,1.0
2009-10-02,56.4,56.91,56.2,56.75,34.607671682379376,13087600,0.0000,1.0
2009-10-05,56.79,56.94,56.02,56.68,34.56498380541433,10879600,0.0000,1.0
2009-10-06,56.88,57.24,56.79,57.03,34.77842319023957,12000200,0.0000,1.0
2009-10-07,57.01,57.08,56.76,56.95,34.72963704513666,7593900,0.0000,1.0
2009-10-08,57.37,57.85,57.14,57.65,35.156515814787156,12817100,0.0000,1.0
2009-10-09,57.34,57.63,57.3,57.56,35.10163140154638,6466800,0.0000,1.0
2009-10-12,57.67,58.37,57.42,57.5,35.06504179271919,7928200,0.0000,1.0
2009-10-13,57.37,57.37,56.83,57.26,34.91868335741045,11280500,0.0000,1.0
2009-10-14,57.49,57.49,57.03,57.31,34.949174698099775,8385300,0.0000,1.0
2009-10-15,57.28,57.43,56.87,57.24,34.90648682113472,11793900,0.0000,1.0
2009-10-16,57.12,57.69,57.1,57.44,35.02845218389201,12248700,0.0000,1.0
2009-10-19,57.51,58.02,57.22,57.79,35.24189156871725,7892600,0.0000,1.0
2009-10-20,57.93,58.85,57.88,58.13,35.44923268540464,11321300,0.0000,1.0
2009-10-21,57.92,58.24,57.4,57.49,35.32726732264735,11468700,0.4400,1.0
2009-10-22,57.48,58.32,57.37,58.13,35.720543563497834,10267200,0.0000,1.0
2009-10-23,58.13,58.13,57.21,57.64,35.41944144159668,10811700,0.0000,1.0
2009-10-26,57.65,57.86,56.5786,56.9,34.96471578811331,10452900,0.0000,1.0
2009-10-27,56.88,57.42,56.67,57.18,35.1367741434854,10433200,0.0000,1.0
2009-10-28,56.98,57.915,56.97,57.23,35.16749884980184,15642700,0.0000,1.0
2009-10-29,59.39,59.98,58.91,59.54,36.58698028162156,26539900,0.0000,1.0
2009-10-30,59.18,59.54,57.86,58.0,35.64065932707508,21382000,0.0000,1.0
2009-11-02,58.39,58.99,58.0,58.95,36.224428747087515,14739500,0.0000,1.0
2009-11-03,58.45,58.92,58.2,58.58,35.99706592034583,12101200,0.0000,1.0
2009-11-04,58.94,59.66,58.7,59.03,36.27358827719383,13176000,0.0000,1.0
2009-11-05,59.245,60.64,59.08,60.47,37.158459819107414,16328800,0.0000,1.0
2009-11-06,60.17,61.38,60.0,61.04,37.508721471114875,16008900,0.0000,1.0
2009-11-09,61.19,61.9,60.84,61.85,38.00646171344127,14313000,0.0000,1.0
2009-11-10,61.58,62.36,61.47,61.86,38.01260665470456,15118900,0.0000,1.0
2009-11-11,61.87,62.28,61.52,62.23,38.239969481446245,9838800,0.0000,1.0
2009-11-12,62.11,62.12,61.22,61.3,37.66848994396039,14167900,0.0000,1.0
2009-11-13,61.3,61.85,61.04,61.61,37.858983123122336,11793200,0.0000,1.0
2009-11-16,62.0,62.68,61.93,62.27,38.2645492464994,12542100,0.0000,1.0
2009-11-17,62.18,62.68,62.08,62.31,38.28912901155256,11532100,0.0000,1.0
2009-11-18,62.19,62.45,61.74,62.41,38.35057842418544,11983300,0.0000,1.0
2009-11-19,62.16,62.29,61.51,62.15,38.190809951339936,9302600,0.0000,1.0
2009-11-20,62.0,62.22,61.48,61.8,37.97573700712483,12353500,0.0000,1.0
2009-11-23,62.2,62.96,62.12,62.73,38.547216544610684,10581500,0.0000,1.0
2009-11-24,62.77,62.95,62.38,62.8,38.590231133453706,9769700,0.0000,1.0
2009-11-25,62.94,63.48,62.7,62.87,38.63324572229673,8235200,0.0000,1.0
2009-11-27,61.89,62.75,61.6,62.48,38.393593013028465,6195500,0.0000,1.0
2009-11-30,62.37,63.0,62.12,62.35,38.313708776605715,12382400,0.0000,1.0
2009-12-01,62.61,63.35,62.6,62.91,38.65782548734988,9560600,0.0000,1.0
2009-12-02,62.93,63.39,62.85,63.19,38.82988384272197,9023800,0.0000,1.0
2009-12-03,63.09,63.36,62.42,62.56,38.44275254313478,9844300,0.0000,1.0
2009-12-04,63.15,63.3,62.25,62.6,38.467332308187935,11300000,0.0000,1.0
2009-12-07,62.39,62.73,62.04,62.47,38.38744807176518,8948000,0.0000,1.0
2009-12-08,62.14,62.3,61.6,61.87,38.01875159596785,11168700,0.0000,1.0
2009-12-09,61.93,62.41,61.7,62.24,38.24611442270954,9118300,0.0000,1.0
2009-12-10,62.35,62.85,62.08,62.24,38.24611442270954,10030400,0.0000,1.0
2009-12-11,62.29,62.85,62.21,62.34,38.30756383534242,8932500,0.0000,1.0
2009-12-14,62.54,63.08,62.39,63.01,38.71927489998277,9535800,0.0000,1.0
2009-12-15,62.7,62.82,61.89,62.12,38.17237512755007,11430900,0.0000,1.0
2009-12-16,62.38,62.67,62.12,62.16,38.19695489260322,9871800,0.0000,1.0
2009-12-17,62.0,62.12,61.54,61.59,37.84669324059576,10983600,0.0000,1.0
2009-12-18,61.98,62.0,60.41,61.55,37.82211347554261,22847800,0.0000,1.0
2009-12-21,61.65,61.85,61.23,61.3,37.66848994396039,9550100,0.0000,1.0
2009-12-22,61.14,61.5,61.02,61.3,37.66848994396039,7178900,0.0000,1.0
2009-12-23,61.06,61.35,60.76,61.31,37.674634885223675,5630600,0.0000,1.0
2009-12-24,61.25,61.48,61.05,61.28,37.65620006143381,3357000,0.0000,1.0
2009-12-28,61.52,61.65,60.79,61.25,37.63776523764394,6880600,0.0000,1.0
2009-12-29,61.16,61.88,61.15,61.58,37.840548299332475,7281400,0.0000,1.0
2009-12-30,61.38,61.89,61.16,61.37,37.71150453280341,5666200,0.0000,1.0
2009-12-31,61.52,61.53,60.56,60.63,37.25677887932004,5942200,0.0000,1.0
2010-01-04,61.11,61.31,60.63,61.12,37.55788100122118,9190800,0.0000,1.0
2010-01-05,61.13,61.28,60.6,61.14,37.570170883747764,8649400,0.0000,1.0
2010-01-06,60.94,60.96,60.5,60.85,37.39196758711239,9908400,0.0000,1.0
2010-01-07,60.58,60.7,60.24,60.52,37.18918452542386,8972800,0.0000,1.0
2010-01-08,60.36,60.53,60.06,60.44,37.140024995317546,8464600,0.0000,1.0
2010-01-11,60.08,60.27,59.01,60.2,36.99254640499862,14774600,0.0000,1.0
2010-01-12,60.7,61.36,60.5,60.89,37.416547352165544,13460700,0.0000,1.0
2010-01-13,61.04,61.79,60.91,61.52,37.80367865175274,16968100,0.0000,1.0
2010-01-14,61.42,61.74,61.38,61.58,37.840548299332475,9139500,0.0000,1.0
2010-01-15,61.6,61.86,60.44,60.82,37.37353276332252,15768300,0.0000,1.0
2010-01-19,60.8,61.83,60.8,61.28,37.65620006143381,11577700,0.0000,1.0
2010-01-20,60.97,61.04,60.1,60.45,37.41654735216555,11557800,0.4400,1.0
2010-01-21,60.56,60.93,59.45,59.84,37.038977560853375,14298400,0.0000,1.0
2010-01-22,59.75,60.69,59.22,60.31,37.32989199022505,17703200,0.0000,1.0
2010-01-25,60.83,60.98,60.15,60.63,37.52796138894619,11630800,0.0000,1.0
2010-01-26,60.17,60.95,60.0,60.69,37.5650994012064,13079000,0.0000,1.0
2010-01-27,60.46,60.98,59.95,60.81,37.63937542572683,15228400,0.0000,1.0
2010-01-28,61.67,63.31,61.58,61.68,38.17787660349993,26930000,0.0000,1.0
2010-01-29,61.91,62.24,61.47,61.55,38.09741091026947,17067100,0.0000,1.0
2010-02-01,61.85,62.24,61.51,61.99,38.36975633351104,12908100,0.0000,1.0
2010-02-02,61.93,63.04,61.66,62.9,38.933016186124284,17680700,0.0000,1.0
2010-02-03,62.74,62.86,62.36,62.65,38.77827446837339,11083500,0.0000,1.0
2010-02-04,62.2,62.34,61.31,61.4,38.00456587961894,14306600,0.0000,1.0
2010-02-05,61.09,61.44,60.43,61.3,37.94266919251858,14844400,0.0000,1.0
2010-02-08,61.06,61.51,60.81,61.01,37.76316879992754,11431800,0.0000,1.0
2010-02-09,61.38,62.0,61.01,61.76,38.22739395318022,11427100,0.0000,1.0
2010-02-10,61.74,61.85,61.22,61.67,38.171686934789896,9854600,0.0000,1.0
2010-02-11,61.42,62.16,61.27,61.96,38.351187327380934,10383400,0.0000,1.0
2010-02-12,61.76,62.13,61.29,61.76,38.22739395318022,16188300,0.0000,1.0
2010-02-16,62.6,62.8702,62.35,62.83,38.889688505154034,13273100,0.0000,1.0
2010-02-17,62.8,62.97,62.51,62.85,38.902067842574105,14384400,0.0000,1.0
2010-02-18,62.73,63.5,62.35,63.39,39.23630995291603,17709000,0.0000,1.0
2010-02-19,63.27,63.74,63.02,63.45,39.273447965176246,10897800,0.0000,1.0
2010-02-22,63.69,63.875,63.3,63.42,39.25487895904614,9675300,0.0000,1.0
2010-02-23,63.23,63.82,62.92,63.21,39.12489591613539,11948500,0.0000,1.0
2010-02-24,63.22,63.96,63.13,63.89,39.54579338841781,12808800,0.0000,1.0
2010-02-25,63.23,63.86,63.01,63.7,39.42818968292714,10085600,0.0000,1.0
2010-02-26,63.75,63.88,63.14,63.28,39.16822359710564,10640900,0.0000,1.0
2010-03-01,63.46,63.8,63.15,63.51,39.31058597743646,7748600,0.0000,1.0
2010-03-02,63.72,63.87,63.34,63.71,39.43437935163717,8004000,0.0000,1.0
2010-03-03,63.66,63.895,63.43,63.55,39.335344652276596,8608300,0.0000,1.0
2010-03-04,63.55,64.15,63.41,63.67,39.40962067679703,8600300,0.0000,1.0
2010-03-05,63.69,63.78,63.05,63.69,39.4220000142171,10101100,0.0000,1.0
2010-03-08,63.55,63.67,63.03,63.19,39.112516578715315,11293300,0.0000,1.0
2010-03-09,63.08,63.5,63.05,63.3,39.18060293452571,7100900,0.0000,1.0
2010-03-10,63.23,63.29,62.86,63.01,39.00110254193467,9813200,0.0000,1.0
2010-03-11,62.76,63.18,62.51,63.17,39.10013724129525,10047900,0.0000,1.0
2010-03-12,63.33,63.55,63.06,63.32,39.19298227194578,8099000,0.0000,1.0
2010-03-15,63.19,63.7,63.19,63.7,39.42818968292714,7674900,0.0000,1.0
2010-03-16,63.72,63.9,63.42,63.53,39.32296531485653,8939300,0.0000,1.0
2010-03-17,63.78,64.03,63.37,64.01,39.62006941293824,10135400,0.0000,1.0
2010-03-18,63.9,64.13,63.65,63.73,39.44675868905724,8867400,0.0000,1.0
2010-03-19,63.83,64.0,63.52,63.84,39.514845044867634,17458100,0.0000,1.0
2010-03-22,63.52,64.095,63.52,63.88,39.53960371970778,9648000,0.0000,1.0
2010-03-23,63.93,64.58,63.66,64.53,39.9419321858601,11807900,0.0000,1.0
2010-03-24,64.33,64.4,63.48,63.61,39.37248266453682,11732100,0.0000,1.0
2010-03-25,63.94,64.12,63.58,63.62,39.37867233324685,8203200,0.0000,1.0
2010-03-26,63.68,63.93,63.4,63.69,39.4220000142171,10630300,0.0000,1.0
2010-03-29,63.73,64.04,63.59,63.73,39.44675868905724,8176700,0.0000,1.0
2010-03-30,63.73,63.97,63.51,63.66,39.40343100808699,6113600,0.0000,1.0
2010-03-31,63.53,63.67,63.18,63.27,39.1620339283956,8193800,0.0000,1.0
2010-04-01,63.47,63.7,63.2,63.36,39.21774094678592,10554900,0.0000,1.0
2010-04-05,63.39,63.89,63.3,63.76,39.46532769518735,8579800,0.0000,1.0
2010-04-06,63.58,63.59,63.01,63.11,39.06299922903503,11052300,0.0000,1.0
2010-04-07,62.91,63.0,62.21,62.5,38.68542943772286,14043500,0.0000,1.0
2010-04-08,62.45,62.85,62.12,62.56,38.722567449983075,8458800,0.0000,1.0
2010-04-09,62.57,63.0,62.51,62.73,38.827791818053676,9146700,0.0000,1.0
2010-04-12,62.45,62.98,62.41,62.7,38.80922281192357,9164400,0.0000,1.0
2010-04-13,62.6,63.34,62.58,63.0,38.99491287322464,11229400,0.0000,1.0
2010-04-14,62.92,63.23,62.71,63.19,39.112516578715315,7685600,0.0000,1.0
2010-04-15,63.03,63.14,62.72,63.0,38.99491287322464,11314800,0.0000,1.0
2010-04-16,62.8,63.49,62.63,62.85,38.902067842574105,12568700,0.0000,1.0
2010-04-19,62.82,63.25,62.7,63.22,39.13108558484542,9548900,0.0000,1.0
2010-04-20,63.47,63.49,63.03,63.19,39.112516578715315,11230400,0.0000,1.0
2010-04-21,63.21,63.66,63.115,63.63,39.38486200195689,9858500,0.0000,1.0
2010-04-22,63.51,63.74,63.23,63.59,39.36010332711675,8372900,0.0000,1.0
2010-04-23,63.48,63.64,63.2,63.54,39.32915498356657,8452600,0.0000,1.0
2010-04-26,63.45,64.0,63.4,63.94,39.57674173196799,9262400,0.0000,1.0
2010-04-27,63.24,63.9,63.04,63.11,39.06299922903503,12849900,0.0000,1.0
2010-04-28,62.65,63.46,62.41,63.17,39.398355479744765,13090000,0.4818,1.0
2010-04-29,62.28,62.97,60.83,62.2,38.79337835745013,27302400,0.0000,1.0
2010-04-30,62.53,63.0,62.11,62.16,38.768430847252404,15768900,0.0000,1.0
2010-05-03,62.42,62.84,61.84,62.68,39.09274847982273,9756600,0.0000,1.0
2010-05-04,62.3,62.53,61.56,61.71,38.48777135752809,11402600,0.0000,1.0
2010-05-05,61.62,62.57,61.5,62.16,38.768430847252404,11611000,0.0000,1.0
2010-05-06,62.14,62.67,56.0,60.75,37.88903111278288,8683900,0.0000,1.0
2010-05-07,60.6138,61.2,60.0,60.31,37.61460850060799,23976600,0.0000,1.0
2010-05-10,61.57,62.7,61.16,62.42,38.93058966353757,16011300,0.0000,1.0
2010-05-11,62.04,62.97,61.98,62.37,38.89940527579042,12397400,0.0000,1.0
2010-05-12,62.11,63.13,62.1,63.02,39.30480231650333,11004800,0.0000,1.0
2010-05-13,62.91,63.4199,62.73,62.75,39.13640662266874,11157600,0.0000,1.0
2010-05-14,62.76,63.2,62.15,62.54,39.00543219413072,14651600,0.0000,1.0
2010-05-17,63.01,63.48,62.66,63.38,39.52932990828278,14659000,0.0000,1.0
2010-05-18,63.4,63.95,63.13,63.21,39.423302989942485,15873100,0.0000,1.0
2010-05-19,63.1,63.6,62.81,63.22,39.42953986749191,15928300,0.0000,1.0
2010-05-20,62.47,62.54,61.58,61.61,38.4254025820338,23365800,0.0000,1.0
2010-05-21,60.4,61.88,60.37,61.85,38.5750876432201,23162500,0.0000,1.0
2010-05-24,61.43,61.98,61.0,61.4,38.29442815349578,12718900,0.0000,1.0
2010-05-25,60.15,61.12,60.05,61.05,38.07613743926576,18250900,0.0000,1.0
2010-05-26,60.87,61.21,60.33,60.44,37.69568790875057,17432200,0.0000,1.0
2010-05-27,60.88,61.17,60.61,60.95,38.013768663771465,14963400,0.0000,1.0
2010-05-28,60.95,61.68,60.85,61.09,38.10108494946348,13952100,0.0000,1.0
2010-06-01,60.89,61.74,60.52,61.16,38.144743092309476,15341700,0.0000,1.0
2010-06-02,61.16,61.83,61.04,61.74,38.50648199017638,12985200,0.0000,1.0
2010-06-03,61.97,62.14,61.7,61.8,38.543903255472955,10739800,0.0000,1.0
2010-06-04,61.12,61.12,60.57,60.8,37.92021550053003,17909700,0.0000,1.0
2010-06-07,60.72,61.07,60.59,60.62,37.807951704640296,13182300,0.0000,1.0
2010-06-08,60.68,62.24,60.49,62.14,38.75595709215355,15336800,0.0000,1.0
2010-06-09,62.45,62.6,61.27,61.47,38.338086296341785,14211600,0.0000,1.0
2010-06-10,61.97,62.29,61.67,61.91,38.61250890851667,14756000,0.0000,1.0
2010-06-11,61.35,61.4,60.38,61.01,38.05118992906804,19772400,0.0000,1.0
2010-06-14,61.39,61.725,61.205,61.25,38.20087499025434,10972800,0.0000,1.0
2010-06-15,61.61,61.93,61.34,61.91,38.61250890851667,11944100,0.0000,1.0
2010-06-16,61.52,61.74,60.83,61.19,38.16345372495777,14628800,0.0000,1.0
2010-06-17,61.18,61.82,60.83,61.76,38.518955745275235,12060100,0.0000,1.0
2010-06-18,61.8,61.94,61.2,61.3,38.23205937800149,17518700,0.0000,1.0
2010-06-21,61.72,61.79,60.78,61.1,38.1073218270129,9688200,0.0000,1.0
2010-06-22,61.06,61.65,60.69,60.72,37.87032048013459,13228700,0.0000,1.0
2010-06-23,60.89,61.57,60.71,61.38,38.28195439839693,13424400,0.0000,1.0
2010-06-24,61.07,61.38,60.75,60.87,37.96387364337603,12932700,0.0000,1.0
2010-06-25,60.89,60.99,59.79,59.79,37.290290868037665,44195600,0.0000,1.0
2010-06-28,60.0,60.94,59.57,60.62,37.807951704640296,14115500,0.0000,1.0
2010-06-29,60.33,60.54,59.75,60.32,37.62084537815742,17814300,0.0000,1.0
2010-06-30,60.13,60.54,59.71,59.98,37.40879154147682,17273600,0.0000,1.0
2010-07-01,59.84,60.29,59.36,59.54,37.134368929301935,19338700,0.0000,1.0
2010-07-02,59.63,59.89,59.21,59.38,37.03457888851107,12101900,0.0000,1.0
2010-07-06,59.88,59.93,58.92,59.34,37.00963137831335,13959000,0.0000,1.0
2010-07-07,59.5,60.91,59.125,60.82,37.93268925562889,15470000,0.0000,1.0
2010-07-08,60.84,61.97,60.78,61.95,38.63745641871439,14770600,0.0000,1.0
2010-07-09,61.94,61.94,61.36,61.75,38.51271886772581,9626800,0.0000,1.0
2010-07-12,61.54,62.16,61.34,62.09,38.724772704406405,8324500,0.0000,1.0
2010-07-13,62.3,62.85,62.17,62.39,38.91187903088928,10497300,0.0000,1.0
2010-07-14,62.21,62.79,62.0,62.66,39.08027472472387,13797100,0.0000,1.0
2010-07-15,62.62,62.89,62.35,62.73,39.12393286756988,10267200,0.0000,1.0
2010-07-16,62.45,62.67,61.63,61.99,38.66240392891211,14142400,0.0000,1.0
2010-07-19,61.99,62.29,61.71,61.86,38.58132452076953,9643600,0.0000,1.0
2010-07-20,61.63,62.12,61.21,62.07,38.712298949307545,10930100,0.0000,1.0
2010-07-21,61.72,61.82,60.86,61.11,38.41405146489384,14913600,0.4818,1.0
2010-07-22,61.06,61.915,61.01,61.37,38.57748876453174,13007300,0.0000,1.0
2010-07-23,61.4,61.96,61.21,61.91,38.9169354637797,8461600,0.0000,1.0
2010-07-26,61.66,62.58,61.66,62.52,39.30038451293017,7807300,0.0000,1.0
2010-07-27,62.72,63.36,62.35,63.08,39.65240331215028,12532500,0.0000,1.0
2010-07-28,62.88,63.13,62.56,62.7,39.41353341267949,7844500,0.0000,1.0
2010-07-29,62.2,62.38,61.22,61.67,38.76607026411394,15776400,0.0000,1.0
2010-07-30,61.16,61.53,60.82,61.16,38.445481714824204,11931700,0.0000,1.0
2010-08-02,61.95,62.09,61.51,62.06,39.0112262135708,11167800,0.0000,1.0
2010-08-03,59.86,60.2,59.55,59.94,37.67858361652326,24449800,0.0000,1.0
2010-08-04,60.07,60.57,59.55,59.55,37.433427667066404,19654100,0.0000,1.0
2010-08-05,59.55,60.2,59.4,59.86,37.628295216634676,12620400,0.0000,1.0
2010-08-06,59.5,60.04,59.17,60.02,37.728872016411856,12649700,0.0000,1.0
2010-08-09,60.39,60.83,59.86,60.38,37.955169815910494,11104800,0.0000,1.0
2010-08-10,60.1,61.34,60.08,60.78,38.20661181535342,13450200,0.0000,1.0
2010-08-11,60.18,60.64,60.0,60.27,37.88602326606369,12946800,0.0000,1.0
2010-08-12,59.99,60.48,59.38,59.99,37.710013866453636,11580500,0.0000,1.0
2010-08-13,59.74,60.6,59.69,59.82,37.60315101669038,8805300,0.0000,1.0
2010-08-16,59.63,60.2,59.32,59.77,37.57172076676002,13138100,0.0000,1.0
2010-08-17,60.31,60.915,59.93,60.29,37.89859536603583,10878200,0.0000,1.0
2010-08-18,60.16,61.06,60.04,60.75,38.1877536653952,10739300,0.0000,1.0
2010-08-19,60.55,60.63,59.85,60.19,37.835734866175095,9822700,0.0000,1.0
2010-08-20,59.94,60.17,59.67,59.98,37.703727816467556,12107000,0.0000,1.0
2010-08-23,60.01,60.39,59.86,60.03,37.73515806639793,8468500,0.0000,1.0
2010-08-24,59.7,60.02,59.58,59.66,37.50257421691321,13728400,0.0000,1.0
2010-08-25,59.79,59.9,59.4,59.67,37.50886026689929,10394900,0.0000,1.0
2010-08-26,59.91,59.91,59.4,59.54,37.42714161708033,10264400,0.0000,1.0
2010-08-27,59.71,59.92,59.25,59.8,37.590578916718236,10317400,0.0000,1.0
2010-08-30,59.71,59.91,59.34,59.37,37.320278767317085,7462000,0.0000,1.0
2010-08-31,59.31,59.75,59.25,59.67,37.50886026689929,12590100,0.0000,1.0
2010-09-01,59.9,60.05,59.53,59.8,37.590578916718236,14748800,0.0000,1.0
2010-09-02,59.74,60.3,59.71,60.07,37.760302266342215,10257800,0.0000,1.0
2010-09-03,60.26,60.5,59.83,60.29,37.89859536603583,8970100,0.0000,1.0
2010-09-07,60.01,60.45,59.92,60.14,37.80430461624473,7420600,0.0000,1.0
2010-09-08,60.15,60.5,60.15,60.37,37.948883765924414,7719500,0.0000,1.0
2010-09-09,60.67,60.69,60.21,60.29,37.89859536603583,7937500,0.0000,1.0
2010-09-10,60.51,60.63,60.28,60.4,37.967741915882634,7379100,0.0000,1.0
2010-09-13,60.65,60.74,60.22,60.48,38.01803031577122,9808100,0.0000,1.0
2010-09-14,60.39,60.94,60.32,60.64,38.11860711554839,11011300,0.0000,1.0
2010-09-15,60.56,61.4101,60.53,61.11,38.41405146489384,9189700,0.0000,1.0
2010-09-16,60.87,61.11,60.66,61.11,38.41405146489384,7647900,0.0000,1.0
2010-09-17,61.31,61.47,60.81,60.97,38.32604676508881,17798000,0.0000,1.0
2010-09-20,61.01,61.59,60.91,61.43,38.61520506444818,9053600,0.0000,1.0
2010-09-21,61.45,61.86,61.23,61.52,38.67177951432284,11303600,0.0000,1.0
2010-09-22,61.53,62.0,61.42,61.79,38.84150286394682,9646300,0.0000,1.0
2010-09-23,61.42,61.58,61.15,61.22,38.483198014740644,10107400,0.0000,1.0
2010-09-24,61.5,61.8059,61.355,61.64,38.74721211415572,10602800,0.0000,1.0
2010-09-27,61.45,61.7,61.02,61.04,38.370049114991325,10284100,0.0000,1.0
2010-09-28,61.01,61.13,60.35,60.62,38.106035015576246,11367300,0.0000,1.0
2010-09-29,60.46,60.6167,60.03,60.25,37.873451166091535,9709400,0.0000,1.0
2010-09-30,60.32,60.65,59.84,59.97,37.69744176648148,13101700,0.0000,1.0
2010-10-01,60.09,60.37,59.95,60.16,37.816876716216875,10253300,0.0000,1.0
2010-10-04,60.01,60.35,59.68,59.96,37.69115571649541,11620700,0.0000,1.0
2010-10-05,60.26,60.91,59.99,60.82,38.23175601529771,11412700,0.0000,1.0
2010-10-06,60.75,60.99,60.3,60.87,38.26318626522808,7229800,0.0000,1.0
2010-10-07,60.99,61.1425,60.75,60.8,38.219183915325566,23255800,0.0000,1.0
2010-10-08,61.0,62.0,60.9,61.86,38.885505213849335,30692500,0.0000,1.0
2010-10-11,61.92,62.21,61.86,62.14,39.06151461345939,7425200,0.0000,1.0
2010-10-12,62.01,62.18,61.56,62.02,38.98608201362651,24975000,0.0000,1.0
2010-10-13,62.23,62.93,62.0799,62.63,39.36953106277698,9906000,0.0000,1.0
2010-10-14,62.67,62.84,62.52,62.8,39.476393912540225,8771400,0.0000,1.0
2010-10-15,62.97,63.0,62.552,62.76,39.45124971259593,9943500,0.0000,1.0
2010-10-18,62.88,63.52,62.64,63.35,39.822126661774256,11449200,0.0000,1.0
2010-10-19,62.98,63.56,62.9,63.18,39.71526381201101,12109100,0.0000,1.0
2010-10-20,62.88,63.62,62.77,63.37,40.13756065007541,10344900,0.4818,1.0
2010-10-21,63.59,63.98,62.6,63.51,40.2262344466828,9612900,0.0000,1.0
2010-10-22,63.53,63.7,63.13,63.4,40.156562177919845,5933400,0.0000,1.0
2010-10-25,63.73,63.81,63.48,63.54,40.24523597452724,8928400,0.0000,1.0
2010-10-26,63.12,63.44,62.52,62.86,39.8145346767199,12935900,0.0000,1.0
2010-10-27,63.33,63.35,62.73,63.08,39.9538792142458,13348100,0.0000,1.0
2010-10-28,63.13,63.555,63.065,63.19,40.02355148300875,9231200,0.0000,1.0
2010-10-29,63.23,63.85,63.19,63.57,40.264237502371685,11368300,0.0000,1.0
2010-11-01,63.88,64.14,63.4,63.62,40.29590671544575,11926700,0.0000,1.0
2010-11-02,63.87,64.28,63.85,64.02,40.5492604200383,8129000,0.0000,1.0
2010-11-03,64.0,64.36,63.83,64.31,40.732941855867914,8621300,0.0000,1.0
2010-11-04,64.53,65.0,64.39,65.0,41.16997699629007,11807500,0.0000,1.0
2010-11-05,64.91,65.0,64.62,65.0,41.16997699629007,9747000,0.0000,1.0
2010-11-08,64.87,64.92,64.57,64.75,41.01163093091972,7203100,0.0000,1.0
2010-11-09,64.78,64.94,64.61,64.81,41.049633986608605,8461200,0.0000,1.0
2010-11-10,64.67,64.8,64.3575,64.57,40.89762176385307,8151400,0.0000,1.0
2010-11-11,64.32,64.58,64.06,64.36,40.76461106894198,7003900,0.0000,1.0
2010-11-12,64.26,64.52,64.02,64.33,40.74560954109754,9280400,0.0000,1.0
2010-11-15,64.55,64.91,64.14,64.29,40.720274170638284,10861200,0.0000,1.0
2010-11-16,64.36,64.37,63.1,63.45,40.18823139099392,14384500,0.0000,1.0
2010-11-17,63.39,63.5,63.14,63.27,40.07422222392727,7938500,0.0000,1.0
2010-11-18,63.59,64.27,63.51,64.02,40.5492604200383,11296700,0.0000,1.0
2010-11-19,64.23,64.24,63.61,64.05,40.568261947882746,9495800,0.0000,1.0
2010-11-22,63.58,63.79,63.03,63.56,40.25790365975687,9139700,0.0000,1.0
2010-11-23,63.07,63.13,62.32,62.61,39.656188611349556,10488100,0.0000,1.0
2010-11-24,62.96,62.97,62.4,62.6,39.64985476873474,8766300,0.0000,1.0
2010-11-26,62.28,62.5,62.03,62.13,39.35216416583849,3916500,0.0000,1.0
2010-11-29,62.05,62.24,61.67,62.13,39.35216416583849,8433700,0.0000,1.0
2010-11-30,61.51,61.66,61.02,61.07,38.680776848668216,17675200,0.0000,1.0
2010-12-01,61.57,62.34,61.5,62.15,39.36483185106812,11598600,0.0000,1.0
2010-12-02,62.15,62.49,61.96,62.36,39.4978425459792,7866500,0.0000,1.0
2010-12-03,62.45,62.5,61.9701,62.33,39.478841018134766,8971900,0.0000,1.0
2010-12-06,62.25,62.33,62.05,62.06,39.30782726753479,5849500,0.0000,1.0
2010-12-07,62.19,62.63,62.01,62.15,39.36483185106812,9882400,0.0000,1.0
2010-12-08,62.28,62.68,62.28,62.63,39.668856296579186,8344500,0.0000,1.0
2010-12-09,62.66,62.97,62.53,62.87,39.82086851933471,8541200,0.0000,1.0
2010-12-10,63.3,63.79,63.06,63.2,40.029885325623574,11510100,0.0000,1.0
2010-12-13,63.31,63.52,63.15,63.19,40.02355148300875,8783600,0.0000,1.0
2010-12-14,63.33,63.7,63.2,63.55,40.251569817142055,8626100,0.0000,1.0
2010-12-15,63.61,63.91,63.56,63.64,40.30857440067538,11074500,0.0000,1.0
2010-12-16,63.86,64.75,63.15,64.5,40.85328486554937,14337400,0.0000,1.0
2010-12-17,64.54,65.04,64.29,64.81,41.049633986608605,23534700,0.0000,1.0
2010-12-20,64.86,65.31,64.67,64.97,41.15097546844562,10616100,0.0000,1.0
2010-12-21,65.22,65.38,64.64,64.87,41.08763704229749,8193900,0.0000,1.0
2010-12-22,64.28,64.97,64.27,64.95,41.138307783216,7083400,0.0000,1.0
2010-12-23,64.76,65.29,64.76,65.24,41.3219892190456,5950800,0.0000,1.0
2010-12-27,65.04,65.11,64.37,64.67,40.96096019000121,7195800,0.0000,1.0
2010-12-28,64.8,64.83,64.4,64.76,41.01796477353454,4648400,0.0000,1.0
2010-12-29,64.72,64.8,64.35,64.4,40.789946439401234,4916400,0.0000,1.0
2010-12-30,64.48,64.49,64.06,64.28,40.71394032802347,3819900,0.0000,1.0
2010-12-31,64.08,64.45,64.01,64.33,40.74560954109754,5245600,0.0000,1.0
2011-01-03,64.39,64.89,64.0,64.77,41.024298616149345,10004000,0.0000,1.0
2011-01-04,64.41,64.96,64.35,64.95,41.138307783216,11333200,0.0000,1.0
2011-01-05,64.67,65.085,64.64,64.8,41.04330014399379,7459600,0.0000,1.0
2011-01-06,64.69,64.78,64.305,64.69,40.97362787523083,11585100,0.0000,1.0
2011-01-07,64.63,64.87,64.17,64.5,40.85328486554937,11940000,0.0000,1.0
2011-01-10,64.4,64.53,64.15,64.36,40.76461106894198,12253700,0.0000,1.0
2011-01-11,64.5,64.6,63.74,64.04,40.56192810526794,9624200,0.0000,1.0
2011-01-12,64.41,65.0,63.4,64.97,41.15097546844562,10150600,0.0000,1.0
2011-01-13,64.92,65.5,64.91,65.48,41.474001441801136,9899100,0.0000,1.0
2011-01-14,65.35,65.66,65.27,65.53,41.5056706548752,10947000,0.0000,1.0
2011-01-18,65.65,65.94,65.44,65.5,41.48666912703076,12395900,0.0000,1.0
2011-01-19,65.11,65.67,65.05,65.35,41.69682602499029,11763500,0.4818,1.0
2011-01-20,65.44,65.9,65.35,65.8,41.98395030519298,12492800,0.0000,1.0
2011-01-21,65.9,65.95,65.52,65.91,42.05413624035363,9554100,0.0000,1.0
2011-01-24,65.9,66.7,65.79,66.58,42.481632390877635,10568200,0.0000,1.0
2011-01-25,66.57,66.95,66.47,66.7,42.55819886559836,11064100,0.0000,1.0
2011-01-26,66.89,66.92,66.07,66.11,42.18174703155483,9499500,0.0000,1.0
2011-01-27,64.36,64.5,63.14,64.18,40.950302896463306,23967100,0.0000,1.0
2011-01-28,63.9,64.34,63.84,64.2,40.963063975583424,14927400,0.0000,1.0
2011-01-31,64.35,64.36,63.01,63.13,40.28034624265703,12568400,0.0000,1.0
2011-02-01,63.43,63.61,62.72,62.92,40.14635491189578,14623900,0.0000,1.0
2011-02-02,62.76,62.95,62.3,62.79,40.063407897615,11626100,0.0000,1.0
2011-02-03,62.66,63.125,62.65,62.9,40.13359383277566,8546700,0.0000,1.0
2011-02-04,62.83,63.71,62.77,63.61,40.586612141539895,9827300,0.0000,1.0
2011-02-07,63.95,64.8,63.8,64.55,41.18638286018551,12847100,0.0000,1.0
2011-02-08,64.39,64.75,64.3,64.64,41.24380771622605,8193700,0.0000,1.0
2011-02-09,64.64,64.88,64.082,64.39,41.084294227224554,11019900,0.0000,1.0
2011-02-10,64.63,64.79,64.08,64.58,41.20552447886569,10977000,0.0000,1.0
2011-02-11,64.08,64.97,64.08,64.73,41.30123257226659,8951600,0.0000,1.0
2011-02-14,64.81,64.87,64.35,64.54,41.180002320625455,7093800,0.0000,1.0
2011-02-15,64.7,64.7,63.67,63.92,40.78440886790175,11785000,0.0000,1.0
2011-02-16,64.1,64.11,63.7,63.76,40.68232023494079,9851200,0.0000,1.0
2011-02-17,63.58,64.215,63.45,64.0,40.835453184382224,7364600,0.0000,1.0
2011-02-18,64.14,64.38,63.93,64.3,41.02686937118402,9093700,0.0000,1.0
2011-02-22,63.73,64.37,63.62,64.07,40.88011696130264,9437500,0.0000,1.0
2011-02-23,64.01,64.4,63.9,64.15,40.931161277783126,11711100,0.0000,1.0
2011-02-24,64.32,64.39,62.83,63.05,40.229301926176554,15218000,0.0000,1.0
2011-02-25,62.96,63.11,62.53,62.84,40.0953105954153,11370400,0.0000,1.0
2011-02-28,62.8,63.24,62.62,63.05,40.229301926176554,11558200,0.0000,1.0
2011-03-01,63.43,63.65,62.65,62.74,40.0315051998147,12134200,0.0000,1.0
2011-03-02,62.6,62.84,62.32,62.41,39.82094739433273,10020700,0.0000,1.0
2011-03-03,62.7,62.945,62.11,62.55,39.910274948173566,14193800,0.0000,1.0
2011-03-04,62.51,62.73,61.56,62.03,39.57848689105046,11875900,0.0000,1.0
2011-03-07,62.0,62.13,61.47,61.71,39.374309625128554,11300700,0.0000,1.0
2011-03-08,61.75,62.25,61.73,62.05,39.59124797017058,10944000,0.0000,1.0
2011-03-09,62.09,62.3,61.75,62.0,39.55934527237028,8781500,0.0000,1.0
2011-03-10,61.72,61.92,61.21,61.49,39.233937754807236,12106800,0.0000,1.0
2011-03-11,61.2,61.7,61.12,61.49,39.233937754807236,9586700,0.0000,1.0
2011-03-14,61.04,61.39,60.79,61.35,39.144610200966405,9135600,0.0000,1.0
2011-03-15,60.62,60.86,60.31,60.66,38.70435297132228,13092400,0.0000,1.0
2011-03-16,60.48,60.51,59.7,59.73,38.11096279223672,16378600,0.0000,1.0
2011-03-17,60.7,60.7,60.0,60.43,38.55760056144091,10646900,0.0000,1.0
2011-03-18,60.92,61.07,60.12,60.6,38.66606973396192,17016800,0.0000,1.0
2011-03-21,60.96,61.52,60.8,61.3,39.1127075031661,9602500,0.0000,1.0
2011-03-22,61.05,61.42,60.88,60.93,38.876627539443895,7772900,0.0000,1.0
2011-03-23,60.84,61.09,60.545,60.91,38.86386646032377,7998200,0.0000,1.0
2011-03-24,61.23,61.28,60.75,61.14,39.01061887020515,8197900,0.0000,1.0
2011-03-25,61.18,61.38,60.71,60.88,38.8447248416436,7757900,0.0000,1.0
2011-03-28,61.08,61.34,60.61,60.66,38.70435297132228,8381500,0.0000,1.0
2011-03-29,60.61,61.42,60.61,61.28,39.09994642404598,7684300,0.0000,1.0
2011-03-30,61.46,61.97,61.38,61.97,39.5402036536901,7552100,0.0000,1.0
2011-03-31,61.76,62.0,61.59,61.6,39.304123689967895,11569500,0.0000,1.0
2011-04-01,61.88,62.3,61.74,62.08,39.61038958885076,8243700,0.0000,1.0
2011-04-04,62.17,62.33,61.93,62.26,39.72523930093183,6438000,0.0000,1.0
2011-04-05,62.02,62.26,61.6,61.67,39.34878746688831,9105800,0.0000,1.0
2011-04-06,61.88,61.94,61.54,61.76,39.406212322928845,8249600,0.0000,1.0
2011-04-07,61.62,62.15,61.47,62.13,39.64229228665106,7692800,0.0000,1.0
2011-04-08,62.2,62.23,61.63,61.9,39.49553987676968,7271400,0.0000,1.0
2011-04-11,62.02,62.5,61.9,62.19,39.68057552401142,7649500,0.0000,1.0
2011-04-12,62.03,62.99,62.0,62.89,40.1272132932156,11415700,0.0000,1.0
2011-04-13,62.84,63.07,62.725,62.99,40.19101868881619,10414900,0.0000,1.0
2011-04-14,62.76,63.49,62.76,63.3,40.388815415178044,10027100,0.0000,1.0
2011-04-15,63.46,64.21,63.09,64.18,40.950302896463306,12378300,0.0000,1.0
2011-04-18,63.67,64.15,63.565,64.0,40.835453184382224,11323800,0.0000,1.0
2011-04-19,64.22,64.32,63.56,63.86,40.74612563054139,9284200,0.0000,1.0
2011-04-20,64.26,64.34,63.56,63.72,40.656798076700554,8844700,0.0000,1.0
2011-04-21,63.61,63.75,63.0,63.27,40.36967379649787,10600800,0.0000,1.0
2011-04-25,63.08,63.39,62.6,63.37,40.43347919209846,7369600,0.0000,1.0
2011-04-26,63.45,64.0,63.28,63.83,40.72698401186121,9500000,0.0000,1.0
2011-04-27,63.64,64.16,63.565,64.02,41.18319259040548,9896600,0.5250,1.0
2011-04-28,63.24,64.59,62.93,64.5,41.49197004187994,13366000,0.0000,1.0
2011-04-29,64.58,65.1,64.41,64.9,41.749284584775324,13357700,0.0000,1.0
2011-05-02,65.24,65.45,65.0,65.18,41.929404764802086,8909000,0.0000,1.0
2011-05-03,65.26,65.79,65.16,65.71,42.27034653413846,9924100,0.0000,1.0
2011-05-04,65.7,66.5,65.58,66.47,42.759244165639686,14236900,0.0000,1.0
2011-05-05,66.08,66.39,65.63,65.88,42.379705214869,10812500,0.0000,1.0
2011-05-06,66.21,66.34,65.045,65.27,41.98730053695354,11125800,0.0000,1.0
2011-05-09,64.93,65.39,64.86,65.14,41.903673310512545,8698800,0.0000,1.0
2011-05-10,65.29,65.89,65.25,65.73,42.28321226128323,8076200,0.0000,1.0
2011-05-11,65.79,66.12,65.65,65.92,42.40543666915854,9176300,0.0000,1.0
2011-05-12,66.03,66.99,65.82,66.84,42.99726011781791,11100000,0.0000,1.0
2011-05-13,66.67,67.31,66.55,66.86,43.01012584496268,12601200,0.0000,1.0
2011-05-16,66.66,67.3,66.51,66.94,43.061588753541756,9880600,0.0000,1.0
2011-05-17,66.64,67.72,66.64,67.42,43.37036620501621,12185600,0.0000,1.0
2011-05-18,67.4,67.5,66.97,67.38,43.34463475072667,8870300,0.0000,1.0
2011-05-19,67.29,67.46,66.9,67.46,43.396097659305745,7425400,0.0000,1.0
2011-05-20,67.42,67.6,67.18,67.36,43.331769023581906,9361500,0.0000,1.0
2011-05-23,66.88,67.23,66.71,67.05,43.13235025283798,9406300,0.0000,1.0
2011-05-24,66.98,67.25,66.8,67.01,43.106618798548446,7105200,0.0000,1.0
2011-05-25,66.6,66.83,65.9,66.38,42.70134839348822,11639200,0.0000,1.0
2011-05-26,66.19,66.3,65.7612,66.19,42.57912398561292,8946700,0.0000,1.0
2011-05-27,66.04,66.72,66.01,66.2,42.5855568491853,7973400,0.0000,1.0
2011-05-31,66.33,67.0,66.33,67.0,43.10018593497606,10603900,0.0000,1.0
2011-06-01,66.96,66.99,66.34,66.4,42.714214120632995,9579500,0.0000,1.0
2011-06-02,66.46,66.5,65.6601,66.01,42.46333244131,8540400,0.0000,1.0
2011-06-03,65.56,65.82,65.25,65.43,42.0902263541117,8579100,0.0000,1.0
2011-06-06,65.36,65.64,65.21,65.5,42.13525639911839,7668800,0.0000,1.0
2011-06-07,65.46,65.54,65.01,65.06,41.85221040193347,8892500,0.0000,1.0
2011-06-08,65.04,65.05,64.69,64.85,41.71712026691339,11292100,0.0000,1.0
2011-06-09,65.03,65.45,64.86,65.01,41.82004608407155,10219500,0.0000,1.0
2011-06-10,64.92,65.05,64.65,64.7,41.62062731332763,10509000,0.0000,1.0
2011-06-13,64.65,65.18,64.51,64.77,41.66565735833432,8873100,0.0000,1.0
2011-06-14,65.03,65.22,64.66,64.76,41.659224494761936,7240100,0.0000,1.0
2011-06-15,64.51,64.52,63.33,63.76,41.015938137523484,11790300,0.0000,1.0
2011-06-16,63.87,64.33,63.5,64.26,41.33758131614272,8894300,0.0000,1.0
2011-06-17,64.65,65.12,64.53,64.69,41.614194449755246,10057200,0.0000,1.0
2011-06-20,64.51,65.29,64.51,65.09,41.871508992650625,5911700,0.0000,1.0
2011-06-21,65.24,65.24,64.16,64.22,41.311849861853176,11024200,0.0000,1.0
2011-06-22,64.08,64.435,63.87,64.06,41.208924044695024,9107100,0.0000,1.0
2011-06-23,63.73,63.73,62.8,63.46,40.82295223035195,11693900,0.0000,1.0
2011-06-24,63.45,63.5,62.44,62.59,40.2632930995545,15278300,0.0000,1.0
2011-06-27,62.76,63.25,62.63,62.82,40.411248961719345,6705500,0.0000,1.0
2011-06-28,63.11,63.34,62.53,62.72,40.3469203259955,8551500,0.0000,1.0
2011-06-29,62.87,62.9,62.36,62.55,40.23756164526496,11386200,0.0000,1.0
2011-06-30,62.73,63.65,62.58,63.57,40.893713729648184,11807400,0.0000,1.0
2011-07-01,63.47,64.44,63.34,64.27,41.344014179715096,9700500,0.0000,1.0
2011-07-05,64.1,64.5,63.95,64.26,41.33758131614272,9224100,0.0000,1.0
2011-07-06,64.53,64.94,64.34,64.7,41.62062731332763,9334700,0.0000,1.0
2011-07-07,64.98,65.14,64.72,64.95,41.781448902637244,8973600,0.0000,1.0
2011-07-08,65.04,65.11,64.53,64.93,41.76858317549248,9227800,0.0000,1.0
2011-07-11,64.29,64.74,64.26,64.72,41.633493040472395,9206700,0.0000,1.0
2011-07-12,64.48,65.06,64.39,64.53,41.511268632597094,11583700,0.0000,1.0
2011-07-13,64.84,65.02,64.49,64.64,41.582030131893326,9154200,0.0000,1.0
2011-07-14,64.55,64.8,64.36,64.6,41.55629867760378,13269400,0.0000,1.0
2011-07-15,64.68,64.85,64.33,64.83,41.70425453976863,20588800,0.0000,1.0
2011-07-18,64.69,64.79,64.28,64.55,41.52413435974186,13343700,0.0000,1.0
2011-07-19,64.6,64.79,64.32,64.61,41.56273154117617,8393800,0.0000,1.0
2011-07-20,64.26,64.44,64.04,64.2,41.636709472258595,13089600,0.5250,1.0
2011-07-21,64.35,64.85,64.24,64.49,41.82478806644792,8564400,0.0000,1.0
2011-07-22,64.46,64.74,64.14,64.25,41.66913681608434,6047200,0.0000,1.0
2011-07-25,63.96,63.98,63.22,63.31,41.059502752160306,8801200,0.0000,1.0
2011-07-26,63.47,63.7,63.08,63.09,40.91682243932702,8715200,0.0000,1.0
2011-07-27,63.03,63.119,62.15,62.2,40.33961571922873,11165200,0.0000,1.0
2011-07-28,62.16,62.43,61.85,61.92,40.15802259380455,7535600,0.0000,1.0
2011-07-29,61.68,62.181,61.49,61.49,39.87914743690313,10380300,0.0000,1.0
2011-08-01,62.16,62.31,61.0,61.43,39.84023462431224,10103800,0.0000,1.0
2011-08-02,61.13,61.35,60.75,60.87,39.47704837346387,9609000,0.0000,1.0
2011-08-03,60.76,60.99,60.491,60.73,39.38625181075178,13107900,0.0000,1.0
2011-08-04,60.37,61.0,59.5,59.58,38.64042290275961,17790100,0.0000,1.0
2011-08-05,61.06,61.4,59.32,60.59,39.295455248039694,23699300,0.0000,1.0
2011-08-08,60.12,61.35,59.2398,59.29,38.45234430857028,30994600,0.0000,1.0
2011-08-09,60.52,60.9,57.56,60.22,39.05549290372917,31875700,0.0000,1.0
2011-08-10,59.97,60.09,58.31,58.51,37.94647774488863,23417700,0.0000,1.0
2011-08-11,58.72,61.09,58.61,60.45,39.20465868532761,18713900,0.0000,1.0
2011-08-12,60.78,61.715,60.59,61.14,39.6521560301229,13520700,0.0000,1.0
2011-08-15,61.87,61.96,61.06,61.88,40.13208071874396,12111500,0.0000,1.0
2011-08-16,61.47,61.87,61.17,61.62,39.96345853085007,9420600,0.0000,1.0
2011-08-17,61.78,62.12,61.25,61.67,39.99588587467582,7973100,0.0000,1.0
2011-08-18,60.82,61.27,60.05,60.86,39.470562904698724,17846200,0.0000,1.0
2011-08-19,60.51,61.51,60.23,60.96,39.53541759235022,16297700,0.0000,1.0
2011-08-22,61.74,61.91,61.45,61.71,40.02182774973642,12676600,0.0000,1.0
2011-08-23,61.95,63.22,61.76,63.02,40.87142415797098,15222400,0.0000,1.0
2011-08-24,62.72,63.38,62.379,63.31,41.059502752160306,8417200,0.0000,1.0
2011-08-25,63.25,63.47,62.2,62.53,40.55363618847866,15063000,0.0000,1.0
2011-08-26,62.24,62.6505,61.17,62.57,40.57957806353926,10374200,0.0000,1.0
2011-08-29,62.78,63.29,62.78,63.09,40.91682243932702,9147700,0.0000,1.0
2011-08-30,63.09,63.89,62.89,63.5,41.182726658698144,9181100,0.0000,1.0
2011-08-31,63.46,63.95,63.39,63.68,41.29946509647083,8972600,0.0000,1.0
2011-09-01,63.62,64.25,63.19,63.26,41.02707540833456,8871400,0.0000,1.0
2011-09-02,62.8,63.07,62.41,62.55,40.566607126008954,8817300,0.0000,1.0
2011-09-06,61.18,62.55,61.1,62.38,40.45635415700142,11458200,0.0000,1.0
2011-09-07,62.75,63.05,62.62,62.72,40.676860095016494,8874900,0.0000,1.0
2011-09-08,62.59,63.83,62.39,62.91,40.80008400155433,11124300,0.0000,1.0
2011-09-09,62.41,62.51,61.57,61.84,40.10613884368336,12286400,0.0000,1.0
2011-09-12,61.22,61.92,61.0,61.83,40.099653374918205,9865500,0.0000,1.0
2011-09-13,61.77,62.1,61.17,61.94,40.17099353133485,8329200,0.0000,1.0
2011-09-14,62.12,62.95,61.53,62.34,40.430412281940825,11547700,0.0000,1.0
2011-09-15,62.45,62.78,62.1,62.78,40.715772907607395,9161300,0.0000,1.0
2011-09-16,63.22,64.7,63.01,64.33,41.72102056620554,24690100,0.0000,1.0
2011-09-19,63.64,64.1,63.52,63.81,41.38377619041778,11022700,0.0000,1.0
2011-09-20,63.85,64.6798,63.48,64.08,41.5588838470768,8215800,0.0000,1.0
2011-09-21,64.37,64.46,62.96,63.02,40.87142415797098,9649100,0.0000,1.0
2011-09-22,61.58,61.91,60.3,61.17,39.67161243641836,17381200,0.0000,1.0
2011-09-23,60.94,61.27,60.4,61.25,39.72349618653955,9122500,0.0000,1.0
2011-09-26,61.67,62.79,61.63,62.54,40.56012165724381,13364100,0.0000,1.0
2011-09-27,63.08,63.978,62.76,63.26,41.02707540833456,10732400,0.0000,1.0
2011-09-28,63.36,63.88,62.57,62.73,40.68334556378164,9031800,0.0000,1.0
2011-09-29,63.54,64.05,62.99,63.7,41.31243603400113,9798600,0.0000,1.0
2011-09-30,63.4,64.4,63.17,63.18,40.97519165821337,11358100,0.0000,1.0
2011-10-03,63.69,64.22,62.75,62.84,40.75468572019829,12323800,0.0000,1.0
2011-10-04,62.3,63.49,61.78,63.37,41.0984155647512,12800000,0.0000,1.0
2011-10-05,63.25,63.64,62.79,63.34,41.07895915845576,12023100,0.0000,1.0
2011-10-06,63.06,63.66,62.63,63.61,41.25406681511478,8691600,0.0000,1.0
2011-10-07,63.97,64.4,63.65,63.91,41.44863087806927,8902000,0.0000,1.0
2011-10-10,64.37,64.82,64.13,64.8,42.025837598167556,6663600,0.0000,1.0
2011-10-11,64.24,64.835,64.24,64.57,41.876671816569115,5705600,0.0000,1.0
2011-10-12,64.72,65.34,64.54,64.89,42.0842068170539,10206200,0.0000,1.0
2011-10-13,64.51,64.8,63.97,64.65,41.92855556669032,7305200,0.0000,1.0
2011-10-14,65.0,65.17,64.37,64.89,42.0842068170539,7485100,0.0000,1.0
2011-10-17,64.84,65.45,64.06,64.26,41.675622284849496,7165000,0.0000,1.0
2011-10-18,64.16,65.59,64.1,64.92,42.10366322334935,11796600,0.0000,1.0
2011-10-19,64.33,65.32,64.28,64.75,42.333897364512154,9099100,0.5250,1.0
2011-10-20,64.9,65.2833,64.47,65.09,42.556191188511136,7728400,0.0000,1.0
2011-10-21,65.61,66.3,65.47,66.26,43.321143465213524,13026800,0.0000,1.0
2011-10-24,65.75,65.89,65.01,65.37,42.73925669062795,9819000,0.0000,1.0
2011-10-25,65.09,65.37,64.37,64.51,42.176984076983466,8919200,0.0000,1.0
2011-10-26,64.9,65.01,64.181,64.95,42.464658437452734,9401200,0.0000,1.0
2011-10-27,65.37,65.67,64.31,65.12,42.575805349452224,16764300,0.0000,1.0
2011-10-28,64.83,65.03,64.32,64.73,42.3208212572181,10656200,0.0000,1.0
2011-10-31,64.55,64.83,63.94,63.99,41.83700528733796,9438800,0.0000,1.0
2011-11-01,63.37,63.6,62.51,62.71,41.00013442051826,13462600,0.0000,1.0
2011-11-02,63.4,63.55,62.4,62.86,41.098205225223694,8783200,0.0000,1.0
2011-11-03,63.31,63.52,62.89,63.21,41.3270371028697,8532600,0.0000,1.0
2011-11-04,62.89,63.19,62.37,63.03,41.209352137223185,7758200,0.0000,1.0
2011-11-07,63.03,63.57,62.69,63.46,41.490488444045425,6559500,0.0000,1.0
2011-11-08,63.48,64.34,63.48,64.21,41.980842467572586,7422000,0.0000,1.0
2011-11-09,63.8,63.83,62.56,62.72,41.006672474165285,9701300,0.0000,1.0
2011-11-10,63.51,63.65,62.8,63.24,41.34665126381079,6143700,0.0000,1.0
2011-11-11,63.75,64.14,63.58,63.89,41.771624750867666,5731100,0.0000,1.0
2011-11-14,63.44,63.54,62.93,63.05,41.22242824451724,6832800,0.0000,1.0
2011-11-15,63.38,63.9,63.1,63.56,41.55586898051572,7673800,0.0000,1.0
2011-11-16,63.11,63.89,63.02,63.28,41.37280347839891,9228000,0.0000,1.0
2011-11-17,63.15,63.6499,62.54,62.94,41.15050965439992,8525500,0.0000,1.0
2011-11-18,63.11,63.5,63.0601,63.24,41.34665126381079,7624000,0.0000,1.0
2011-11-21,62.54,62.97,61.45,61.66,40.31363878758022,13254400,0.0000,1.0
2011-11-22,61.52,62.25,61.49,61.69,40.333252948521306,8321500,0.0000,1.0
2011-11-23,61.31,61.51,61.0,61.06,39.92135556875849,7488200,0.0000,1.0
2011-11-25,61.2,61.785,61.0,61.0,39.882127246876315,4734800,0.0000,1.0
2011-11-28,61.65,62.46,61.57,62.24,40.6928458991079,7673200,0.0000,1.0
2011-11-29,62.48,62.9478,62.36,62.53,40.88244945487174,6442700,0.0000,1.0
2011-11-30,63.23,64.59,63.19,64.57,42.21621239886563,15034500,0.0000,1.0
2011-12-01,64.58,64.79,63.87,64.08,41.89584777016122,9387600,0.0000,1.0
2011-12-02,64.68,64.865,64.27,64.66,42.27505488168889,9952600,0.0000,1.0
2011-12-05,64.89,64.94,64.45,64.84,42.39273984733541,9820200,0.0000,1.0
2011-12-06,64.65,65.0,64.485,64.84,42.39273984733541,8315400,0.0000,1.0
2011-12-07,64.79,65.5,64.65,65.23,42.647723939569545,11144700,0.0000,1.0
2011-12-08,64.87,65.0,64.3,64.47,42.15083186239534,8352600,0.0000,1.0
2011-12-09,64.66,65.17,64.6,64.97,42.47773454474679,7647800,0.0000,1.0
2011-12-12,64.58,64.92,63.935,64.31,42.046223004042886,8793500,0.0000,1.0
2011-12-13,64.54,65.33,64.4,64.73,42.3208212572181,11126100,0.0000,1.0
2011-12-14,64.47,64.95,64.325,64.45,42.13775575510129,10326700,0.0000,1.0
2011-12-15,64.83,65.21,64.65,64.99,42.49081065204084,9654800,0.0000,1.0
2011-12-16,65.43,65.6299,64.82,65.14,42.58888145674628,18291900,0.0000,1.0
2011-12-19,65.35,65.59,64.74,64.95,42.464658437452734,8172300,0.0000,1.0
2011-12-20,65.24,65.91,65.21,65.79,43.01385494380317,9797100,0.0000,1.0
2011-12-21,65.4999,66.0,65.4999,66.0,43.15115407039077,9479000,0.0000,1.0
2011-12-22,65.84,66.24,65.79,66.19,43.27537708968431,7666300,0.0000,1.0
2011-12-23,66.21,66.69,66.01,66.67,43.5892036647417,5209800,0.0000,1.0
2011-12-27,66.13,66.95,66.07,66.79,43.66766030850606,5604700,0.0000,1.0
2011-12-28,66.91,66.95,66.4526,66.54,43.504208967330335,4152000,0.0000,1.0
2011-12-29,66.73,66.98,66.65,66.97,43.78534527415257,4425900,0.0000,1.0
2011-12-30,66.88,66.96,66.59,66.71,43.61535587932981,4062300,0.0000,1.0
2012-01-03,66.3,67.0,66.27,66.83,43.69381252309417,11565900,0.0000,1.0
2012-01-04,66.63,66.88,66.34,66.8,43.67419836215308,10595400,0.0000,1.0
2012-01-05,66.44,66.65,66.25,66.52,43.49113286003627,10085300,0.0000,1.0
2012-01-06,66.51,66.63,65.93,66.36,43.38652400168381,8421200,0.0000,1.0
2012-01-09,66.25,66.75,66.22,66.64,43.569589503800614,7836100,0.0000,1.0
2012-01-10,66.85,66.87,66.07,66.33,43.36690984074272,10318900,0.0000,1.0
2012-01-11,66.1,66.31,65.47,65.68,42.94193635368585,14676800,0.0000,1.0
2012-01-12,66.0,66.0,65.56,65.81,43.02693105109722,29758100,0.0000,1.0
2012-01-13,65.56,65.83,65.37,65.81,43.02693105109722,33539100,0.0000,1.0
2012-01-17,65.96,66.51,65.95,66.26,43.321143465213524,35728800,0.0000,1.0
2012-01-18,65.9,66.13,65.82,66.03,43.51401604780088,10386800,0.5250,1.0
2012-01-19,65.96,66.25,65.42,66.08,43.546966234116034,9346600,0.0000,1.0
2012-01-20,65.63,66.25,65.45,66.23,43.64581679306152,12190100,0.0000,1.0
2012-01-23,65.91,65.94,64.775,65.0,42.835242209708575,14828100,0.0000,1.0
2012-01-24,64.64,64.75,64.04,64.5,42.50574034655697,9742400,0.0000,1.0
2012-01-25,64.38,65.15,64.18,64.98,42.82206213518251,10913100,0.0000,1.0
2012-01-26,65.1,65.38,64.73,64.8,42.70344146444793,11932100,0.0000,1.0
2012-01-27,64.31,64.97,63.66,64.3,42.37393960129633,10979900,0.0000,1.0
2012-01-30,63.8,63.8,63.03,63.21,41.65562553962583,12492000,0.0000,1.0
2012-01-31,63.42,63.55,62.7,63.04,41.54359490615428,11358600,0.0000,1.0
2012-02-01,63.42,63.7,63.19,63.21,41.65562553962583,12900500,0.0000,1.0
2012-02-02,63.35,63.63,63.25,63.32,41.728115949519186,12613100,0.0000,1.0
2012-02-03,63.36,63.86,62.56,62.77,41.36566390005242,17440500,0.0000,1.0
2012-02-06,62.86,63.61,62.78,63.51,41.85332665751679,9851200,0.0000,1.0
2012-02-07,63.56,63.91,63.37,63.7,41.978537365514406,8901600,0.0000,1.0
2012-02-08,63.72,63.78,63.44,63.64,41.93899714193621,8174800,0.0000,1.0
2012-02-09,63.84,64.1,63.53,64.04,42.202598632457494,9152000,0.0000,1.0
2012-02-10,63.6,63.98,63.55,63.88,42.097158036248985,8295500,0.0000,1.0
2012-02-13,64.15,64.38,64.06,64.23,42.327809340455104,6899400,0.0000,1.0
2012-02-14,64.1,64.48,64.09,64.48,42.49256027203091,6997700,0.0000,1.0
2012-02-15,64.82,64.94,64.38,64.55,42.538690532872124,11651700,0.0000,1.0
2012-02-16,64.78,65.4,64.65,65.2,42.967042954969216,10823300,0.0000,1.0
2012-02-17,65.49,65.54,64.9,64.91,42.77593187434128,10281600,0.0000,1.0
2012-02-21,64.99,65.07,64.35,64.42,42.453020048452714,10037700,0.0000,1.0
2012-02-22,64.24,64.71,64.17,64.44,42.466200122978776,7029500,0.0000,1.0
2012-02-23,64.35,66.57,64.25,66.42,43.77102750105913,20163300,0.0000,1.0
2012-02-24,66.74,66.95,66.52,66.71,43.96213858168706,17777100,0.0000,1.0
2012-02-27,66.57,67.04,66.13,66.7,43.95554854442403,17903200,0.0000,1.0
2012-02-28,66.59,67.49,66.54,67.39,44.41026111557324,13468100,0.0000,1.0
2012-02-29,67.41,67.77,67.31,67.62,44.56183197262298,14742500,0.0000,1.0
2012-03-01,67.44,67.69,66.46,66.66,43.929188395371895,11967000,0.0000,1.0
2012-03-02,66.72,66.88,66.4,66.67,43.93577843263493,7022200,0.0000,1.0
2012-03-05,66.61,66.97,66.46,66.95,44.12029947599983,6933400,0.0000,1.0
2012-03-06,66.5,67.09,66.2,66.84,44.04780906610648,9827000,0.0000,1.0
2012-03-07,66.82,67.07,66.42,66.58,43.87646809726764,7470800,0.0000,1.0
2012-03-08,66.95,67.06,66.77,66.9,44.087349289684674,5811500,0.0000,1.0
2012-03-09,67.06,67.06,66.603,66.93,44.107119401473774,5710200,0.0000,1.0
2012-03-12,66.77,67.78,66.73,67.71,44.62114230799026,8825500,0.0000,1.0
2012-03-13,67.85,67.9,67.58,67.9,44.746353015987886,2760695,0.0000,1.0
2012-03-14,67.74,67.95,67.69,67.85,44.71340282967272,2889062,0.0000,1.0
2012-03-15,67.69,67.79,67.5,67.68,44.601372196201176,8611500,0.0000,1.0
2012-03-16,67.83,67.85,67.13,67.25,44.318000593890794,15713500,0.0000,1.0
2012-03-19,67.03,67.48,66.96,67.21,44.29164044483866,7038900,0.0000,1.0
2012-03-20,66.96,67.45,66.9,67.21,44.29164044483866,6139000,0.0000,1.0
2012-03-21,67.21,67.355,66.86,67.2,44.28505040757563,6120400,0.0000,1.0
2012-03-22,67.0,67.76,66.95,67.52,44.49593159999266,7321000,0.0000,1.0
2012-03-23,67.51,67.54,67.27,67.43,44.43662126462537,6006400,0.0000,1.0
2012-03-26,67.54,67.83,67.25,67.46,44.456391376414466,7818800,0.0000,1.0
2012-03-27,67.51,67.73,66.96,67.15,44.25210022126048,7936900,0.0000,1.0
2012-03-28,67.12,67.31,66.95,67.19,44.2784603703126,7534600,0.0000,1.0
2012-03-29,66.98,67.15,66.76,67.01,44.15983969957803,6917400,0.0000,1.0
2012-03-30,67.15,67.48,67.01,67.21,44.29164044483866,8670300,0.0000,1.0
2012-04-02,67.43,67.92,67.4,67.56,44.52229174904479,8595200,0.0000,1.0
2012-04-03,67.43,67.6,66.94,67.09,44.212559997682284,6954100,0.0000,1.0
2012-04-04,66.71,67.56,66.71,67.26,44.32459063115383,8372200,0.0000,1.0
2012-04-05,66.92,67.48,66.83,67.31,44.35754081746899,7696300,0.0000,1.0
2012-04-09,66.72,67.13,66.71,66.81,44.02803895431738,6890400,0.0000,1.0
2012-04-10,66.74,66.9,66.295,66.35,43.7248972402179,9436700,0.0000,1.0
2012-04-11,66.74,66.92,66.32,66.44,43.78420757558519,7593800,0.0000,1.0
2012-04-12,66.17,66.37,65.95,66.09,43.55355627137907,27847200,0.0000,1.0
2012-04-13,66.04,66.5,65.8,65.81,43.36903522801418,29792000,0.0000,1.0
2012-04-16,66.01,67.1,65.88,66.78,44.00826884252829,32810100,0.0000,1.0
2012-04-17,66.91,67.2,66.83,67.02,44.16642973684105,8894700,0.0000,1.0
2012-04-18,66.93,67.2,66.73,66.75,43.98849873073919,6081800,0.0000,1.0
2012-04-19,66.88,66.91,66.23,66.57,43.86987806000461,7721200,0.0000,1.0
2012-04-20,66.71,67.61,66.59,67.51,44.48934156272963,11092600,0.0000,1.0
2012-04-23,66.91,67.0,66.38,66.65,43.92259835810887,8420500,0.0000,1.0
2012-04-24,66.83,67.0,66.56,67.0,44.15324966231499,6962300,0.0000,1.0
2012-04-25,66.67,66.99,66.5,66.89,44.45111934660404,6994200,0.5620,1.0
2012-04-26,66.64,67.14,66.63,66.87,44.43782853501887,8415000,0.0000,1.0
2012-04-27,65.1,65.26,63.95,64.44,42.8229949274206,30719500,0.0000,1.0
2012-04-30,63.58,64.16,63.29,63.64,42.291362464013766,19195000,0.0000,1.0
2012-05-01,63.34,63.735,63.292,63.57,42.24484462346567,11899600,0.0000,1.0
2012-05-02,63.66,64.11,63.4,63.98,42.517306260961675,9689200,0.0000,1.0
2012-05-03,64.29,64.76,64.16,64.51,42.86951276796871,12079900,0.0000,1.0
2012-05-04,64.53,64.75,64.24,64.28,42.71666843473924,12006500,0.0000,1.0
2012-05-07,63.46,64.5,63.36,64.25,42.69673221736148,11124300,0.0000,1.0
2012-05-08,64.13,64.44,64.11,64.16,42.63692356522821,11481800,0.0000,1.0
2012-05-09,63.93,64.29,63.57,63.67,42.31129868139153,13842600,0.0000,1.0
2012-05-10,64.0,64.34,63.83,64.14,42.623632753643044,8109500,0.0000,1.0
2012-05-11,64.06,64.15,63.62,63.68,42.31794408718411,11318000,0.0000,1.0
2012-05-14,63.5,63.76,63.3,63.58,42.25149002925826,9902700,0.0000,1.0
2012-05-15,63.72,64.22,63.5,63.72,42.34452571035445,12824700,0.0000,1.0
2012-05-16,64.34,64.81,64.0,64.29,42.72331384053183,12375000,0.0000,1.0
2012-05-17,64.12,64.4,63.91,63.96,42.5040154493765,10261800,0.0000,1.0
2012-05-18,64.19,64.25,63.4,63.52,42.21161759450275,11583100,0.0000,1.0
2012-05-21,63.66,63.8,62.95,63.39,42.12522731919913,9553100,0.0000,1.0
2012-05-22,63.43,63.55,62.98,63.15,41.965737580177084,7535500,0.0000,1.0
2012-05-23,63.0,63.05,62.04,62.39,41.46068673994059,13765400,0.0000,1.0
2012-05-24,62.49,62.98,62.23,62.57,41.580304044207125,9178100,0.0000,1.0
2012-05-25,62.58,63.2,62.4,62.49,41.527140797866444,7377700,0.0000,1.0
2012-05-29,62.64,63.03,62.62,62.95,41.83282946432537,7401000,0.0000,1.0
2012-05-30,62.64,62.89,62.24,62.32,41.41416889939249,7493400,0.0000,1.0
2012-05-31,62.6,62.62,61.98,62.29,41.39423268201473,9268400,0.0000,1.0
2012-06-01,61.76,61.94,61.2,61.55,40.90247265336341,12728000,0.0000,1.0
2012-06-04,61.69,61.7,61.1,61.4,40.802791566474625,7768200,0.0000,1.0
2012-06-05,61.21,61.33,61.02,61.165,40.64662453034887,7855500,0.0000,1.0
2012-06-06,61.27,61.89,61.16,61.8,41.06860779817804,9622000,0.0000,1.0
2012-06-07,62.08,62.84,61.72,62.76,41.70656675426625,13904700,0.0000,1.0
2012-06-08,63.04,63.19,62.57,62.75,41.699921348473666,7697800,0.0000,1.0
2012-06-11,62.99,63.06,62.5,62.54,41.56036782682937,6345500,0.0000,1.0
2012-06-12,62.5,62.77,62.21,62.76,41.70656675426625,7814500,0.0000,1.0
2012-06-13,62.61,62.77,62.27,62.57,41.580304044207125,6838500,0.0000,1.0
2012-06-14,62.76,63.43,62.7,63.18,41.98567379755484,8389100,0.0000,1.0
2012-06-15,63.53,63.67,62.52,62.88,41.78631162377727,14126800,0.0000,1.0
2012-06-18,62.56,62.75,61.79,62.29,41.39423268201473,10289300,0.0000,1.0
2012-06-19,62.41,62.75,62.1,62.21,41.34106943567405,12844900,0.0000,1.0
2012-06-20,60.89,60.89,59.74,60.39,40.1316055814235,39133900,0.0000,1.0
2012-06-21,60.36,60.48,59.75,59.75,39.70629961069803,18876100,0.0000,1.0
2012-06-22,59.77,60.3,59.76,59.83,39.75946285703871,14395600,0.0000,1.0
2012-06-25,59.54,59.93,59.25,59.31,39.41390175582427,11745100,0.0000,1.0
2012-06-26,59.45,59.575,59.07,59.27,39.38732013265393,8794100,0.0000,1.0
2012-06-27,59.24,60.0,59.15,59.98,39.85914394392749,11454100,0.0000,1.0
2012-06-28,59.7,60.295,59.33,60.29,40.06515152349765,9207600,0.0000,1.0
2012-06-29,60.65,61.27,60.54,61.25,40.703110479585845,13301800,0.0000,1.0
2012-07-02,61.04,61.26,60.78,61.19,40.66323804483034,8914300,0.0000,1.0
2012-07-03,61.13,61.4,60.82,61.36,40.77620994330429,4817400,0.0000,1.0
2012-07-05,61.44,61.6,61.191,61.35,40.769564537511705,35413700,0.0000,1.0
2012-07-06,61.22,61.39,60.86,61.28,40.72304669696361,36773400,0.0000,1.0
2012-07-09,61.12,61.8,61.12,61.55,40.90247265336341,33492400,0.0000,1.0
2012-07-10,61.71,61.9,61.49,61.73,41.022089957629944,8651900,0.0000,1.0
2012-07-11,61.77,61.77,60.98,61.4,40.802791566474625,9975600,0.0000,1.0
2012-07-12,62.84,64.27,62.7,63.7,42.33123489876928,37140900,0.0000,1.0
2012-07-13,63.93,65.75,63.77,65.09,43.25494630393866,29170000,0.0000,1.0
2012-07-16,64.62,65.0,64.24,64.81,43.068874941746266,10675900,0.0000,1.0
2012-07-17,64.64,65.4,64.54,65.35,43.427726854545874,12565600,0.0000,1.0
2012-07-18,64.83,65.14,64.35,64.82,43.44899215308215,13387400,0.5620,1.0
2012-07-19,64.95,65.07,64.53,64.92,43.516022378557444,8077600,0.0000,1.0
2012-07-20,64.52,64.92,64.4,64.73,43.3886649501544,10121500,0.0000,1.0
2012-07-23,64.4,64.72,64.23,64.39,43.16076218353841,10711100,0.0000,1.0
2012-07-24,64.48,64.57,63.72,64.02,42.91275034927984,8271700,0.0000,1.0
2012-07-25,64.12,64.307,63.89,64.02,42.91275034927984,9424700,0.0000,1.0
2012-07-26,64.59,65.1,64.44,64.56,43.2747135668464,10472200,0.0000,1.0
2012-07-27,64.68,65.27,64.56,65.09,43.629973761865436,11141800,0.0000,1.0
2012-07-30,64.89,65.29,64.5,65.1,43.636676784412955,8388600,0.0000,1.0
2012-07-31,64.79,64.985,64.5,64.54,43.26130752175135,9327200,0.0000,1.0
2012-08-01,64.87,64.97,63.9,64.01,42.90604732673232,7782900,0.0000,1.0
2012-08-02,63.66,63.98,63.245,63.51,42.57089619935587,9462400,0.0000,1.0
2012-08-03,64.71,65.9,64.7,65.5,43.90479768631412,15279100,0.0000,1.0
2012-08-06,65.23,66.24,65.2,65.81,44.112591385287516,10034400,0.0000,1.0
2012-08-07,65.92,66.45,65.91,66.22,44.3874153097362,10463300,0.0000,1.0
2012-08-08,66.01,66.8,65.96,66.72,44.72256643711264,9673200,0.0000,1.0
2012-08-09,66.59,66.93,66.4,66.73,44.72926945966017,9677800,0.0000,1.0
2012-08-10,66.68,66.77,66.21,66.77,44.75608154985028,7293600,0.0000,1.0
2012-08-13,66.56,66.75,66.35,66.48,44.56169389597195,6633900,0.0000,1.0
2012-08-14,66.53,66.99,66.19,66.73,44.72926945966017,8887400,0.0000,1.0
2012-08-15,66.86,66.92,66.56,66.64,44.66894225673241,9873600,0.0000,1.0
2012-08-16,66.58,67.0,66.45,67.0,44.91025106844345,10165100,0.0000,1.0
2012-08-17,66.87,67.3,66.63,67.0,44.91025106844345,9394300,0.0000,1.0
2012-08-20,66.93,67.05,66.55,66.75,44.742675504755226,8938700,0.0000,1.0
2012-08-21,66.76,67.14,66.68,66.77,44.75608154985028,9145400,0.0000,1.0
2012-08-22,66.57,66.86,66.51,66.85,44.80970573023051,7749600,0.0000,1.0
2012-08-23,66.8,66.8312,66.59,66.68,44.69575434692253,8006500,0.0000,1.0
2012-08-24,66.6,67.18,66.33,67.02,44.9236571135385,8580200,0.0000,1.0
2012-08-27,66.93,67.37,66.86,67.11,44.98398431646626,6419600,0.0000,1.0
2012-08-28,66.87,67.225,66.85,66.99,44.90354804589592,7605400,0.0000,1.0
2012-08-29,66.97,67.18,66.8,66.87,44.82311177532558,6752200,0.0000,1.0
2012-08-30,66.64,66.94,66.62,66.88,44.8298147978731,7285600,0.0000,1.0
2012-08-31,67.14,67.45,66.89,67.19,45.037608496846495,10088600,0.0000,1.0
2012-09-04,67.22,67.47,67.01,67.4,45.17837197034461,7628600,0.0000,1.0
2012-09-05,67.21,67.535,67.21,67.29,45.10463872232179,7741100,0.0000,1.0
2012-09-06,67.68,68.25,67.6,68.24,45.741425864337025,13200500,0.0000,1.0
2012-09-07,68.16,68.6,67.98,68.52,45.929110495667835,12656300,0.0000,1.0
2012-09-10,68.41,68.58,68.1174,68.51,45.92240747312031,8920600,0.0000,1.0
2012-09-11,68.43,68.65,68.08,68.26,45.75483190943209,8840900,0.0000,1.0
2012-09-12,68.35,68.59,68.05,68.1,45.64758354867162,6896000,0.0000,1.0
2012-09-13,67.89,68.98,67.89,68.91,46.19052837502146,10495400,0.0000,1.0
2012-09-14,68.81,69.22,68.77,69.16,46.35810393870968,12269800,0.0000,1.0
2012-09-17,68.88,69.25,68.86,69.25,46.41843114163744,11274600,0.0000,1.0
2012-09-18,69.19,69.6905,69.11,69.22,46.398322073994855,12833500,0.0000,1.0
2012-09-19,69.1,69.58,69.02,69.26,46.425134164184975,8682900,0.0000,1.0
2012-09-20,69.11,69.645,69.11,69.56,46.62622484061084,8652700,0.0000,1.0
2012-09-21,69.7,69.83,69.38,69.42,46.53238252494543,20290300,0.0000,1.0
2012-09-24,69.34,69.85,69.24,69.76,46.76028529156142,8361000,0.0000,1.0
2012-09-25,69.7,69.97,69.54,69.59,46.646333908253425,10026700,0.0000,1.0
2012-09-26,69.49,69.85,69.3,69.3,46.45194625437509,7698400,0.0000,1.0
2012-09-27,69.41,69.56,69.055,69.3,46.45194625437509,6773100,0.0000,1.0
2012-09-28,69.25,69.42,68.64,69.36,46.49216438966026,8955100,0.0000,1.0
2012-10-01,69.33,69.77,69.1,69.45,46.55249159258803,8588600,0.0000,1.0
2012-10-02,69.53,69.72,68.517,68.79,46.11009210445112,11241400,0.0000,1.0
2012-10-03,69.02,69.54,68.73,69.17,46.364806961257216,8869500,0.0000,1.0
2012-10-04,69.36,69.775,69.31,69.38,46.50557043475531,7792700,0.0000,1.0
2012-10-05,69.78,69.85,69.41,69.63,46.67314599844354,6907800,0.0000,1.0
2012-10-08,69.48,69.48,68.89,69.1,46.31788580342451,6577000,0.0000,1.0
2012-10-09,68.92,69.28,68.52,68.7,46.04976490152336,8200100,0.0000,1.0
2012-10-10,68.79,68.94,67.95,68.14,45.67439563886174,8937500,0.0000,1.0
2012-10-11,68.33,68.39,67.82,68.0,45.580553323196334,6600700,0.0000,1.0
2012-10-12,68.23,68.46,67.87,67.94,45.54033518791116,6537400,0.0000,1.0
2012-10-15,68.27,68.89,67.97,68.71,46.05646792407088,8359300,0.0000,1.0
2012-10-16,68.96,69.26,68.79,69.0,46.250855577949224,7702700,0.0000,1.0
2012-10-17,68.55,69.64,68.51,69.47,46.9426075048542,11061000,0.5620,1.0
2012-10-18,69.45,69.5,69.04,69.47,46.9426075048542,7358100,0.0000,1.0
2012-10-19,69.36,69.49,68.45,68.57,46.33445511167198,10125600,0.0000,1.0
2012-10-22,68.35,68.55,67.87,68.5,46.28715436998003,7516800,0.0000,1.0
2012-10-23,67.98,68.13,67.26,67.44,45.57088599578764,8030800,0.0000,1.0
2012-10-24,67.37,68.37,67.37,68.08,46.00334991982833,10209600,0.0000,1.0
2012-10-25,69.75,70.83,69.58,70.07,47.34804243364234,24479700,0.0000,1.0
2012-10-26,69.74,70.36,69.39,69.44,46.922335758414796,11945200,0.0000,1.0
2012-10-31,69.51,69.95,69.01,69.24,46.787190782152074,9095400,0.0000,1.0
2012-11-01,69.16,69.51,69.14,69.25,46.79394803096522,7703800,0.0000,1.0
2012-11-02,69.74,69.77,69.06,69.19,46.7534045380864,6963100,0.0000,1.0
2012-11-05,69.22,69.22,68.35,68.67,46.40202759980334,6525700,0.0000,1.0
2012-11-06,68.6,69.0,68.36,68.93,46.57771606894487,6639800,0.0000,1.0
2012-11-07,68.82,68.87,67.7901,68.06,45.98983542220206,8849600,0.0000,1.0
2012-11-08,67.98,68.09,66.9,66.91,45.21275180869144,7917700,0.0000,1.0
2012-11-09,66.83,67.46,66.761,67.01,45.280324296822805,8147700,0.0000,1.0
2012-11-12,67.15,67.3999,66.91,67.08,45.32762503851475,4371300,0.0000,1.0
2012-11-13,66.77,67.6,66.77,66.85,45.172208315812625,6769100,0.0000,1.0
2012-11-14,66.89,67.06,66.29,66.53,44.95597635379229,9680100,0.0000,1.0
2012-11-15,66.76,67.0,65.83,66.32,44.81407412871643,9290000,0.0000,1.0
2012-11-16,66.36,66.97,66.14,66.82,45.15193656937322,11354200,0.0000,1.0
2012-11-19,66.99,67.92,66.86,67.92,45.89523393881816,8741400,0.0000,1.0
2012-11-20,67.81,68.49,67.76,68.3,46.152009393717314,7611600,0.0000,1.0
2012-11-21,68.16,68.5,67.97,68.47,46.266882623540624,6201400,0.0000,1.0
2012-11-23,68.75,69.61,68.71,69.59,47.02369449061183,4598200,0.0000,1.0
2012-11-26,69.14,69.565,69.05,69.48,46.94936475366734,7493600,0.0000,1.0
2012-11-27,69.2,69.48,68.91,68.99,46.618259561823685,8154300,0.0000,1.0
2012-11-28,69.0,69.74,68.9,69.44,46.922335758414796,11255800,0.0000,1.0
2012-11-29,69.41,69.8,69.13,69.5,46.96287925129361,8783800,0.0000,1.0
2012-11-30,69.37,69.89,69.37,69.83,47.18586846212709,8886800,0.0000,1.0
2012-12-03,69.84,69.93,69.5,69.58,47.01693724179869,7404600,0.0000,1.0
2012-12-04,69.5,69.85,69.07,69.31,46.83449152384403,6634900,0.0000,1.0
2012-12-05,69.48,69.88,69.08,69.41,46.90206401197538,7623400,0.0000,1.0
2012-12-06,69.48,70.24,69.44,69.95,47.26695544788472,10686900,0.0000,1.0
2012-12-07,69.85,70.66,69.85,70.29,47.49670190753134,11590900,0.0000,1.0
2012-12-10,70.12,70.42,70.03,70.22,47.44940116583938,8124100,0.0000,1.0
2012-12-11,70.29,70.97,70.14,70.66,47.74672011361736,9298000,0.0000,1.0
2012-12-12,70.76,70.99,70.61,70.76,47.81429260174872,8405900,0.0000,1.0
2012-12-13,70.55,70.64,69.9,70.13,47.38858592652116,8478200,0.0000,1.0
2012-12-14,69.92,70.47,69.78,69.93,47.25344095025845,8997600,0.0000,1.0
2012-12-17,69.95,70.147,69.62,69.93,47.25344095025845,8791500,0.0000,1.0
2012-12-18,69.89,70.28,69.43,69.97,47.28046994551099,13568900,0.0000,1.0
2012-12-19,69.76,69.99,68.77,69.34,46.85476327028344,10304800,0.0000,1.0
2012-12-20,69.3,70.25,69.3,69.82,47.17911121331395,10218200,0.0000,1.0
2012-12-21,69.43,69.82,68.38,68.72,46.43581384386902,17746900,0.0000,1.0
2012-12-24,68.67,68.69,68.24,68.52,46.3006688676063,3578800,0.0000,1.0
2012-12-26,68.57,68.59,67.7,68.0,45.949291929323245,6937000,0.0000,1.0
2012-12-27,67.88,68.16,67.41,67.97,45.92902018288384,7648800,0.0000,1.0
2012-12-28,67.73,67.91,67.06,67.15,45.37492578020671,6463300,0.0000,1.0
2012-12-31,67.0,67.97,66.83,67.89,45.87496219237875,9061900,0.0000,1.0
2013-01-02,68.65,69.39,68.35,69.39,46.888549514349116,9987000,0.0000,1.0
2013-01-03,69.44,69.5,68.94,68.95,46.59123056657114,7741900,0.0000,1.0
2013-01-04,69.01,69.17,68.675,69.09,46.685832049955046,5853700,0.0000,1.0
2013-01-07,68.92,68.92,68.38,68.62,46.368241355737666,5269800,0.0000,1.0
2013-01-08,68.52,68.73,68.4,68.51,46.293911618793175,7362000,0.0000,1.0
2013-01-09,68.77,69.11,68.61,68.88,46.543929824879186,5762900,0.0000,1.0
2013-01-10,68.98,69.29,68.685,69.27,46.807462528591486,12855000,0.0000,1.0
2013-01-11,69.3,69.3,69.01,69.22,46.773676284525806,12193500,0.0000,1.0
2013-01-14,69.31,69.975,69.23,69.63,47.050723485864374,11570700,0.0000,1.0
2013-01-15,69.16,69.96,69.15,69.88,47.21965470619276,7563400,0.0000,1.0
2013-01-16,69.42,69.7,69.11,69.34,47.234520653581676,7061000,0.5620,1.0
2013-01-17,69.56,69.96,69.34,69.67,47.459317189717844,6263300,0.0000,1.0
2013-01-18,69.69,69.995,69.671,69.94,47.6432416283747,10610800,0.0000,1.0
2013-01-22,69.86,69.98,69.75,69.95,47.65005364462126,8313600,0.0000,1.0
2013-01-23,69.84,70.7,69.8,70.69,48.154142846865994,10588600,0.0000,1.0
2013-01-24,70.68,70.85,70.2,70.42,47.970218408209135,8877200,0.0000,1.0
2013-01-25,71.75,73.25,71.75,73.25,49.898019005982945,28760300,0.0000,1.0
2013-01-28,73.73,74.23,73.19,73.77,50.25224385080357,14010000,0.0000,1.0
2013-01-29,73.55,75.31,73.52,75.0,51.0901218491293,17576700,0.0000,1.0
2013-01-30,74.75,75.48,74.67,75.08,51.144617979101696,12677800,0.0000,1.0
2013-01-31,74.83,75.26,74.67,75.16,51.1991141090741,11661500,0.0000,1.0
2013-02-01,75.3,75.97,75.17,75.92,51.71682734381195,12204000,0.0000,1.0
2013-02-04,75.69,75.8,74.9498,75.25,51.26042225529306,11086000,0.0000,1.0
2013-02-05,75.44,76.69,75.32,75.7,51.566962986387836,14851700,0.0000,1.0
2013-02-06,75.32,76.19,75.04,76.15,51.87350371748261,17015800,0.0000,1.0
2013-02-07,75.98,76.42,75.79,76.15,51.87350371748261,9897000,0.0000,1.0
2013-02-08,76.15,76.48,75.56,75.75,51.60102306762059,9130700,0.0000,1.0
2013-02-11,75.41,75.92,75.12,75.81,51.641895165099896,6928200,0.0000,1.0
2013-02-12,75.96,76.31,75.81,75.98,51.75769944129125,6281000,0.0000,1.0
2013-02-13,76.01,76.58,75.98,76.56,52.15279638359119,7113300,0.0000,1.0
2013-02-14,76.3,76.97,76.25,76.78,52.302660741015295,10049400,0.0000,1.0
2013-02-15,76.72,76.96,76.215,76.54,52.13917235109809,11165600,0.0000,1.0
2013-02-19,76.56,77.765,76.49,77.38,52.71138171580833,11783500,0.0000,1.0
2013-02-20,77.27,77.52,76.92,77.08,52.507021228411816,9275400,0.0000,1.0
2013-02-21,76.28,77.2,75.9,77.04,52.47977316342562,10305200,0.0000,1.0
2013-02-22,77.05,77.19,76.753,76.99,52.44571308219285,8433200,0.0000,1.0
2013-02-25,77.06,77.67,75.92,75.92,51.71682734381195,9970400,0.0000,1.0
2013-02-26,75.99,76.38,75.77,76.08,51.825819603756756,8378900,0.0000,1.0
2013-02-27,75.95,76.95,75.7,76.75,52.28222469227565,7567800,0.0000,1.0
2013-02-28,76.66,76.91,76.17,76.18,51.89393976622227,10466900,0.0000,1.0
2013-03-01,75.7,76.72,75.56,76.49,52.10511226986533,9599700,0.0000,1.0
2013-03-04,76.25,76.68,75.97,76.68,52.2345405785498,7631000,0.0000,1.0
2013-03-05,76.78,77.395,76.72,77.05,52.48658517967216,9716200,0.0000,1.0
2013-03-06,77.01,77.45,76.81,77.2,52.588765423370425,7194700,0.0000,1.0
2013-03-07,77.22,77.49,76.78,76.9,52.384404935973905,7111400,0.0000,1.0
2013-03-08,77.01,77.2,76.46,77.18,52.57514139087733,7252800,0.0000,1.0
2013-03-11,77.02,77.39,76.9,77.35,52.690945667068675,6621000,0.0000,1.0
2013-03-12,77.19,77.45,77.0,77.17,52.56832937463077,7016700,0.0000,1.0
2013-03-13,77.07,77.1,76.52,76.8,52.31628477350839,6340300,0.0000,1.0
2013-03-14,76.87,77.475,76.83,77.39,52.718193732054885,8079100,0.0000,1.0
2013-03-15,77.08,77.38,76.34,76.34,52.00293202616707,15237000,0.0000,1.0
2013-03-18,75.9,76.55,75.8,76.16,51.88031573372916,7081800,0.0000,1.0
2013-03-19,76.14,77.18,76.11,77.11,52.52745727715146,9326400,0.0000,1.0
2013-03-20,77.29,77.82,77.271,77.58,52.84762204073934,8615800,0.0000,1.0
2013-03-21,77.42,77.67,77.14,77.21,52.59557743961697,6319500,0.0000,1.0
2013-03-22,77.18,77.45,77.005,77.27,52.636449537096276,5868400,0.0000,1.0
2013-03-25,77.27,77.62,76.44,76.68,52.2345405785498,6843600,0.0000,1.0
2013-03-26,77.02,77.5,76.891,77.4,52.725005748301434,5386000,0.0000,1.0
2013-03-27,76.98,77.105,76.57,77.06,52.49339719591872,5274600,0.0000,1.0
2013-03-28,76.95,77.16,76.66,77.06,52.49339719591872,8016700,0.0000,1.0
2013-04-01,76.85,77.85,76.73,77.7,52.929366235697955,7266000,0.0000,1.0
2013-04-02,77.84,79.15,77.65,78.96,53.78768028276332,13373600,0.0000,1.0
2013-04-03,78.88,79.08,77.84,78.12,53.21547091805308,8426700,0.0000,1.0
2013-04-04,78.39,78.98,78.25,78.54,53.5015756004082,8770600,0.0000,1.0
2013-04-05,77.88,78.395,77.83,78.23,53.29040309676513,6562600,0.0000,1.0
2013-04-08,78.12,78.88,77.88,78.79,53.671876006571964,6284500,0.0000,1.0
2013-04-09,78.82,78.89,78.07,78.26,53.31083914550479,6760600,0.0000,1.0
2013-04-10,78.49,79.49,78.43,79.24,53.978416737666734,7947600,0.0000,1.0
2013-04-11,79.37,80.13,79.33,79.67,54.271333436268414,11831600,0.0000,1.0
2013-04-12,79.51,80.66,79.47,80.08,54.55062610237699,9383400,0.0000,1.0
2013-04-15,79.79,80.84,79.6,79.65,54.257709403775316,10877200,0.0000,1.0
2013-04-16,79.83,80.21,79.37,80.1,54.564250134870086,9365600,0.0000,1.0
2013-04-17,79.98,80.14,78.85,79.06,53.85580044522883,10964600,0.0000,1.0
2013-04-18,79.09,80.1799,79.06,79.87,54.40757376119943,10896200,0.0000,1.0
2013-04-19,80.37,81.7,80.2,81.43,55.47024829566132,13147600,0.0000,1.0
2013-04-22,81.31,81.59,81.12,81.4,55.44981224692167,7530300,0.0000,1.0
2013-04-23,81.46,82.54,80.51,82.54,56.226382099028434,12684800,0.0000,1.0
2013-04-24,79.49,79.61,76.93,77.12,52.944012070628034,25708200,0.6015,1.0
2013-04-25,77.67,77.67,76.35,76.58,52.57329414378494,14702300,0.0000,1.0
2013-04-26,76.72,77.22,76.58,77.1,52.930281777041245,8769100,0.0000,1.0
2013-04-29,77.56,77.98,77.23,77.68,53.32846029105791,6638100,0.0000,1.0
2013-04-30,77.86,77.89,76.6,76.77,52.703731932859355,9653800,0.0000,1.0
2013-05-01,76.83,77.77,76.72,76.99,52.85476516231395,8388800,0.0000,1.0
2013-05-02,77.39,78.28,77.14,77.76,53.38338146540503,7288200,0.0000,1.0
2013-05-03,78.1,78.46,77.66,78.19,53.67858277752082,7884000,0.0000,1.0
2013-05-06,78.03,78.4,77.52,77.75,53.376516318611635,7204200,0.0000,1.0
2013-05-07,77.98,78.2,77.27,77.94,53.506954107686056,9574200,0.0000,1.0
2013-05-08,77.9,78.51,77.23,78.44,53.85021144735558,12067300,0.0000,1.0
2013-05-09,78.57,78.89,78.02,78.21,53.6923130711076,7189400,0.0000,1.0
2013-05-10,78.41,78.79,78.23,78.76,54.069896144744085,6162500,0.0000,1.0
2013-05-13,78.51,78.97,78.42,78.59,53.95318864925645,5420200,0.0000,1.0
2013-05-14,78.93,79.47,78.74,79.47,54.557321567074816,6867400,0.0000,1.0
2013-05-15,79.47,81.0,79.47,80.68,55.38800432907507,11154400,0.0000,1.0
2013-05-16,80.49,80.735,79.89,80.2,55.05847728299233,8065600,0.0000,1.0
2013-05-17,79.91,80.18,79.305,80.02,54.934904640711295,8549900,0.0000,1.0
2013-05-20,79.98,79.98,78.78,79.09,54.296445988925974,7307300,0.0000,1.0
2013-05-21,79.17,79.22,78.22,78.8,54.09735673191764,7377700,0.0000,1.0
2013-05-22,78.84,79.68,78.62,78.82,54.111087025504425,8873300,0.0000,1.0
2013-05-23,78.27,79.11,78.23,78.7,54.028705263983746,7141200,0.0000,1.0
2013-05-24,81.88,82.35,81.44,81.88,56.21182194428194,25580900,0.0000,1.0
2013-05-28,82.05,82.13,80.77,80.86,55.5115769713561,14372700,0.0000,1.0
2013-05-29,80.16,80.25,78.87,78.9,54.166008199851554,9992500,0.0000,1.0
2013-05-30,78.9,79.88,78.9,79.09,54.296445988925974,14761500,0.0000,1.0
2013-05-31,78.79,78.81,76.7525,76.76,52.696866786065975,16461900,0.0000,1.0
2013-06-03,76.87,77.7,76.12,77.66,53.31472999747112,11720600,0.0000,1.0
2013-06-04,77.71,78.47,76.75,77.37,53.1156407404628,11379300,0.0000,1.0
2013-06-05,77.08,77.215,76.63,76.66,52.628215318132064,8826900,0.0000,1.0
2013-06-06,76.56,76.97,75.83,76.82,52.73805766682631,11099900,0.0000,1.0
2013-06-07,77.44,78.28,77.27,77.75,53.376516318611635,7839500,0.0000,1.0
2013-06-10,77.69,78.22,77.26,78.07,53.59620101600013,8966400,0.0000,1.0
2013-06-11,77.68,78.75,77.45,78.12,53.63052674996709,6781200,0.0000,1.0
2013-06-12,78.64,78.89,77.48,77.6,53.27353911671077,7834200,0.0000,1.0
2013-06-13,77.54,78.69,77.14,78.43,53.8433463005622,6927700,0.0000,1.0
2013-06-14,78.49,78.79,77.67,78.03,53.56874042882657,6825900,0.0000,1.0
2013-06-17,78.26,79.47,78.25,78.96,54.20719908061189,7359900,0.0000,1.0
2013-06-18,78.95,79.23,78.7,79.04,54.26212025495902,6051400,0.0000,1.0
2013-06-19,79.05,79.47,77.59,77.61,53.28040426350417,7424500,0.0000,1.0
2013-06-20,77.21,77.33,75.1,75.25,51.660229620264,15555700,0.0000,1.0
2013-06-21,76.25,77.53,75.69,77.43,53.15683162122314,20055700,0.0000,1.0
2013-06-24,76.95,77.43,75.63,76.58,52.57329414378494,12563300,0.0000,1.0
2013-06-25,77.1,77.24,76.29,76.69,52.648810758512234,7909400,0.0000,1.0
2013-06-26,77.23,77.59,77.02,77.4,53.13623618084297,7326500,0.0000,1.0
2013-06-27,77.96,78.38,77.57,77.67,53.32159514426451,14731500,0.0000,1.0
2013-06-28,77.62,77.94,76.9,76.99,52.85476516231395,9865300,0.0000,1.0
2013-07-01,77.02,78.45,77.0,78.02,53.56187528203318,6699200,0.0000,1.0
2013-07-02,77.95,78.61,77.71,78.44,53.85021144735558,10228500,0.0000,1.0
2013-07-03,78.29,78.75,77.4301,78.57,53.93945835566966,5339900,0.0000,1.0
2013-07-05,78.89,79.02,77.78,78.34,53.78155997942168,7264700,0.0000,1.0
2013-07-08,78.54,79.0799,78.5,78.76,54.069896144744085,11141400,0.0000,1.0
2013-07-09,79.07,79.9,79.07,79.57,54.62597303500871,11456200,0.0000,1.0
2013-07-10,79.65,80.1,79.3,79.8,54.7838714112567,6862800,0.0000,1.0
2013-07-11,80.55,80.99,80.29,80.77,55.44979065021558,9185400,0.0000,1.0
2013-07-12,80.67,81.64,80.67,81.55,55.98527210010005,12586300,0.0000,1.0
2013-07-15,81.37,81.59,80.845,81.51,55.95781151292649,10024700,0.0000,1.0
2013-07-16,81.32,81.37,80.91,80.97,55.5870935860834,11208600,0.0000,1.0
2013-07-17,80.49,80.85,80.01,80.09,55.39589924788747,7644300,0.6015,1.0
2013-07-18,80.03,80.75,80.03,80.3,55.54115007623128,5526000,0.0000,1.0
2013-07-19,80.36,81.41,80.05,81.37,56.2812376301736,7862600,0.0000,1.0
2013-07-22,81.23,81.45,80.9,81.22,56.177487038499436,4813600,0.0000,1.0
2013-07-23,81.22,81.401,80.78,80.95,55.99073597348596,4311700,0.0000,1.0
2013-07-24,80.95,81.0,80.13,80.27,55.52039995789645,5606600,0.0000,1.0
2013-07-25,80.01,80.57,79.84,80.41,55.617233843459,6239900,0.0000,1.0
2013-07-26,80.02,80.42,79.39,80.39,55.60340043123578,6543500,0.0000,1.0
2013-07-29,80.1,80.45,80.05,80.09,55.39589924788747,4389400,0.0000,1.0
2013-07-30,80.49,80.9,80.155,80.44,55.63798396179383,6434100,0.0000,1.0
2013-07-31,80.44,81.41,80.16,80.3,55.54115007623128,11857000,0.0000,1.0
2013-08-01,81.62,82.23,81.21,81.64,56.467988695187074,10724800,0.0000,1.0
2013-08-02,81.42,81.5,80.5615,81.29,56.225903981280716,6626300,0.0000,1.0
2013-08-05,81.05,81.65,80.96,81.4,56.30198774850843,4662800,0.0000,1.0
2013-08-06,81.3,81.97,81.3,81.74,56.53715575630318,6212500,0.0000,1.0
2013-08-07,81.41,82.21,81.38,81.96,56.6893232907586,5828500,0.0000,1.0
2013-08-08,82.11,82.4,81.51,82.17,56.83457411910243,6207900,0.0000,1.0
2013-08-09,81.92,82.06,81.19,81.64,56.467988695187074,6127200,0.0000,1.0
2013-08-12,81.23,81.73,81.04,81.62,56.45415528296386,4922200,0.0000,1.0
2013-08-13,81.78,81.99,81.33,81.66,56.481822107410295,4936400,0.0000,1.0
2013-08-14,81.67,81.78,81.19,81.25,56.19823715683427,5167500,0.0000,1.0
2013-08-15,80.96,81.08,80.165,80.48,55.66565078624028,7415300,0.0000,1.0
2013-08-16,80.27,80.485,79.06,79.9,55.26448183176687,9451600,0.0000,1.0
2013-08-19,79.64,80.09,79.42,79.59,55.05006394230695,5959400,0.0000,1.0
2013-08-20,79.72,80.1,79.28,79.53,55.008563705637286,5172500,0.0000,1.0
2013-08-21,79.5,80.12,79.0453,79.38,54.90481311396313,7390900,0.0000,1.0
2013-08-22,79.3,80.05,78.87,79.77,55.17456465231593,6274400,0.0000,1.0
2013-08-23,79.87,80.07,79.59,80.01,55.34056559899459,5219600,0.0000,1.0
2013-08-26,79.92,79.98,78.53,78.54,54.32380980058787,6385400,0.0000,1.0
2013-08-27,77.87,78.36,77.33,77.97,53.929557552226065,7052200,0.0000,1.0
2013-08-28,77.86,77.86,76.85,76.85,53.1548864677257,9008500,0.0000,1.0
2013-08-29,76.76,77.84,76.42,77.31,53.47305494885978,5961000,0.0000,1.0
2013-08-30,77.53,78.07,73.61,77.89,53.87422390333319,9039100,0.0000,1.0
2013-09-03,78.27,78.42,77.44,77.75,53.77739001777064,6743800,0.0000,1.0
2013-09-04,77.52,77.75,77.12,77.49,53.597555658868764,6031300,0.0000,1.0
2013-09-05,77.58,77.63,76.831,77.14,53.355470944962406,7163200,0.0000,1.0
2013-09-06,77.12,77.61,76.4,77.15,53.36238765107402,6977400,0.0000,1.0
2013-09-09,77.37,78.2,77.37,78.16,54.06097496834666,6089300,0.0000,1.0
2013-09-10,78.5,78.64,77.7825,77.95,53.91572414000285,6650200,0.0000,1.0
2013-09-11,77.26,78.27,77.25,78.27,54.13705873557438,7049800,0.0000,1.0
2013-09-12,78.4,78.8,78.17,78.26,54.130142029462775,6944900,0.0000,1.0
2013-09-13,78.44,79.18,78.41,79.05,54.676561812279985,4894100,0.0000,1.0
2013-09-16,79.72,80.21,79.71,80.16,55.44431619066874,7512800,0.0000,1.0
2013-09-17,79.96,80.25,79.64,79.83,55.2160648889856,5457700,0.0000,1.0
2013-09-18,79.06,80.48,78.53,80.295,55.537691723175485,10372100,0.0000,1.0
2013-09-19,80.5,80.53,79.785,80.12,55.4166493662223,8157300,0.0000,1.0
2013-09-20,80.09,80.18,79.39,79.39,54.91172982007474,11146100,0.0000,1.0
2013-09-23,79.2,79.58,78.67,79.28,54.835646052847025,6304900,0.0000,1.0
2013-09-24,78.965,79.48,78.59,78.62,54.37914344948074,7692100,0.0000,1.0
2013-09-25,78.84,79.0,77.71,77.72,53.75663989943581,7589300,0.0000,1.0
2013-09-26,77.91,78.14,77.62,78.05,53.98489120111895,4632600,0.0000,1.0
2013-09-27,77.75,77.75,76.77,77.21,53.40388788774368,6551300,0.0000,1.0
2013-09-30,76.8,77.16,75.35,75.59,52.2833814976628,15028300,0.0000,1.0
2013-10-01,75.52,76.5,75.44,76.16,52.67763374602459,8076100,0.0000,1.0
2013-10-02,75.91,76.14,75.42,75.93,52.51854950545756,8522900,0.0000,1.0
2013-10-03,75.89,76.14,75.2,75.84,52.45629915045306,9251600,0.0000,1.0
2013-10-04,75.98,76.12,75.5145,76.02,52.580799860462044,4984700,0.0000,1.0
2013-10-07,75.66,76.1,75.48,75.65,52.324881734332465,6373300,0.0000,1.0
2013-10-08,76.39,76.995,76.05,76.33,52.79521774992197,9656600,0.0000,1.0
2013-10-09,76.58,77.16,76.1,76.95,53.224053528841814,8470700,0.0000,1.0
2013-10-10,77.41,77.92,77.15,77.89,53.87422390333319,10121900,0.0000,1.0
2013-10-11,78.0,78.49,77.805,78.48,54.2823095639182,6082200,0.0000,1.0
2013-10-14,78.01,78.795,77.93,78.74,54.46214392282006,6326100,0.0000,1.0
2013-10-15,78.38,78.61,77.44,77.6,53.67363942609648,11192500,0.0000,1.0
2013-10-16,77.35,78.49,77.26,78.34,54.60151555096902,6562600,0.6015,1.0
2013-10-17,78.19,79.47,77.98,79.42,55.3542553619857,8671300,0.0000,1.0
2013-10-18,79.39,79.57,78.78,79.41,55.34728554892072,7958500,0.0000,1.0
2013-10-21,79.27,79.319,78.44,78.97,55.04061377406208,6478700,0.0000,1.0
2013-10-22,79.31,80.615,79.275,80.38,56.023357416222744,9572300,0.0000,1.0
2013-10-23,80.34,81.245,80.25,80.91,56.392757508666115,8960700,0.0000,1.0
2013-10-24,80.77,80.95,80.25,80.61,56.183663116717035,7521100,0.0000,1.0
2013-10-25,80.55,80.72,79.51,80.0,55.75850451975391,9606500,0.0000,1.0
2013-10-28,80.11,81.86,79.95,81.3,56.664580218199916,9820900,0.0000,1.0
2013-10-29,81.46,82.62,81.1,82.46,57.47307853373634,9482900,0.0000,1.0
2013-10-30,82.53,82.56,81.23,81.52,56.81791610562924,6490000,0.0000,1.0
2013-10-31,81.2,81.6,80.72,80.75,56.281240499626605,7786800,0.0000,1.0
2013-11-01,80.68,81.335,80.64,81.15,56.56003302222538,6802300,0.0000,1.0
2013-11-04,81.46,81.73,80.91,81.33,56.68548965739482,5460100,0.0000,1.0
2013-11-05,81.13,81.74,80.85,81.43,56.755187788044516,4949300,0.0000,1.0
2013-11-06,81.64,83.1,81.33,82.81,57.71702199101027,9526400,0.0000,1.0
2013-11-07,82.91,83.1,82.11,82.32,57.37550115082677,10087700,0.0000,1.0
2013-11-08,82.28,82.57,81.67,82.51,57.5079275990612,9768400,0.0000,1.0
2013-11-11,82.35,82.68,82.02,82.26,57.33368227243697,6173600,0.0000,1.0
2013-11-12,82.23,83.04,82.12,82.8,57.7100521779453,8201700,0.0000,1.0
2013-11-13,82.57,83.5,82.46,83.5,58.197939092493144,7581600,0.0000,1.0
2013-11-14,83.43,84.46,83.425,84.32,58.76946376382062,7580500,0.0000,1.0
2013-11-15,84.17,84.92,84.16,84.84,59.131894043199026,9664700,0.0000,1.0
2013-11-18,84.79,84.94,84.18,84.57,58.94370909044485,8507300,0.0000,1.0
2013-11-19,84.31,84.59,84.21,84.34,58.783403389950564,7924200,0.0000,1.0
2013-11-20,84.31,84.98,84.24,84.69,59.027346847224486,7680900,0.0000,1.0
2013-11-21,84.84,84.89,84.51,84.67,59.013407221094546,7287700,0.0000,1.0
2013-11-22,84.53,85.0,84.23,84.95,59.208561986913686,7436200,0.0000,1.0
2013-11-25,84.96,85.82,84.85,85.41,59.52917338790227,9670500,0.0000,1.0
2013-11-26,85.2,85.76,84.64,84.64,58.992497781899644,7111600,0.0000,1.0
2013-11-27,84.88,84.89,84.02,84.28,58.741584511560745,4905000,0.0000,1.0
2013-11-29,84.77,85.21,84.15,84.22,58.699765633170934,4954500,0.0000,1.0
2013-12-02,84.04,84.15,83.1,83.34,58.08642208345364,7497500,0.0000,1.0
2013-12-03,83.3,84.0,83.23,83.83,58.42794292363713,7533200,0.0000,1.0
2013-12-04,83.38,83.49,82.59,83.35,58.093391896518604,6807200,0.0000,1.0
2013-12-05,83.39,83.45,82.3,82.69,57.63338423423064,8186600,0.0000,1.0
2013-12-06,83.23,84.53,83.17,84.52,58.908860025120006,7189400,0.0000,1.0
2013-12-09,84.48,84.94,84.34,84.78,59.090075164809214,7395300,0.0000,1.0
2013-12-10,84.41,84.43,83.43,83.65,58.30248628846769,7373300,0.0000,1.0
2013-12-11,83.74,84.5,83.61,84.02,58.560369371871545,9787900,0.0000,1.0
2013-12-12,83.82,83.87,81.93,82.3,57.36156152469684,10176300,0.0000,1.0
2013-12-13,82.32,82.46,81.56,82.37,57.41035021615163,7441600,0.0000,1.0
2013-12-16,82.72,83.07,81.6,81.69,56.93640292773372,8849700,0.0000,1.0
2013-12-17,81.79,81.85,80.695,80.91,56.392757508666115,11416400,0.0000,1.0
2013-12-18,81.21,82.42,80.48,82.38,57.41732002921659,12036100,0.0000,1.0
2013-12-19,81.98,82.29,81.51,81.9,57.082769002098075,6442600,0.0000,1.0
2013-12-20,81.98,82.54,81.82,81.84,57.04095012370826,13206100,0.0000,1.0
2013-12-23,82.14,82.14,81.0099,81.31,56.671550031264886,8653600,0.0000,1.0
2013-12-24,81.33,81.61,81.25,81.31,56.671550031264886,2899100,0.0000,1.0
2013-12-26,81.49,81.89,81.29,81.76,56.985191619188505,5347000,0.0000,1.0
2013-12-27,82.09,82.48,81.86,82.01,57.159436945812736,4006000,0.0000,1.0
2013-12-30,82.0,82.05,81.57,82.0,57.15246713274776,4145600,0.0000,1.0
2013-12-31,81.83,82.0,81.09,81.41,56.74124816191458,5765300,0.0000,1.0
2014-01-02,81.33,81.36,80.32,80.54,56.134874425262254,6981700,0.0000,1.0
2014-01-03,80.76,80.85,80.185,80.45,56.07214610767753,6925600,0.0000,1.0
2014-01-06,80.61,80.98,80.3,80.64,56.204572555911945,7208200,0.0000,1.0
2014-01-07,80.71,81.58,80.62,81.42,56.748217974979546,7158200,0.0000,1.0
2014-01-08,80.97,81.15,80.05,80.24,55.925780033313174,13458800,0.0000,1.0
2014-01-09,80.54,80.8,80.03,80.42,56.05123666848262,10833900,0.0000,1.0
2014-01-10,80.59,80.89,80.2,80.3,55.967598911702986,8448300,0.0000,1.0
2014-01-13,80.01,80.5,79.69,80.01,55.76547433281888,9360800,0.0000,1.0
2014-01-14,80.06,80.92,80.02,80.87,56.36487825640624,8737100,0.0000,1.0
2014-01-15,80.7,81.175,80.25,80.79,56.309119751886485,8221900,0.0000,1.0
2014-01-16,80.65,80.83,80.26,80.56,56.14881405139219,11673300,0.0000,1.0
2014-01-17,80.42,80.64,79.8,79.88,55.67486676297428,13629800,0.0000,1.0
2014-01-21,80.59,80.72,79.54,80.18,55.88396115492336,13216400,0.0000,1.0
2014-01-22,79.57,79.88,79.05,79.23,55.64106316960919,8455600,0.6015,1.0
2014-01-23,78.71,78.97,78.12,78.24,54.94581323223807,12667700,0.0000,1.0
2014-01-24,79.33,81.7,79.05,79.18,55.60594953640863,20163200,0.0000,1.0
2014-01-27,79.24,79.295,78.42,78.47,55.10733594496065,10395400,0.0000,1.0
2014-01-28,78.67,79.52,78.43,79.11,55.55679044992784,10060800,0.0000,1.0
2014-01-29,78.8,78.8,77.38,77.64,54.52444963383134,13443100,0.0000,1.0
2014-01-30,78.05,78.05,76.77,76.87,53.9836996825427,9450500,0.0000,1.0
2014-01-31,76.03,77.191,75.26,76.62,53.808131516539895,12988800,0.0000,1.0
2014-02-03,76.69,76.76,75.6,75.7,53.16204066564957,14292700,0.0000,1.0
2014-02-04,76.0,76.39,75.4,76.09,53.43592700461395,12055400,0.0000,1.0
2014-02-05,75.94,76.8,75.67,76.45,53.68874516365799,9734100,0.0000,1.0
2014-02-06,76.53,76.99,76.48,76.9,54.00476786246304,7819700,0.0000,1.0
2014-02-07,76.99,77.39,76.75,77.31,54.29269965470764,7259200,0.0000,1.0
2014-02-10,77.43,78.09,77.19,78.03,54.79833597279572,8959700,0.0000,1.0
2014-02-11,78.1,79.11,77.644,78.84,55.36717683064481,10500800,0.0000,1.0
2014-02-12,78.13,78.53,77.06,77.49,54.41910873422965,11019700,0.0000,1.0
2014-02-13,77.09,77.92,77.0,77.8,54.63681326007313,7420600,0.0000,1.0
2014-02-14,77.69,79.75,77.25,79.4,55.7604495224911,10791900,0.0000,1.0
2014-02-18,79.48,79.63,77.56,77.97,54.756199612955044,15750700,0.0000,1.0
2014-02-19,77.64,78.958,77.55,78.14,54.875585965836954,8740000,0.0000,1.0
2014-02-20,77.96,78.44,77.5,77.92,54.721085979754484,8275200,0.0000,1.0
2014-02-21,78.05,78.89,77.91,77.97,54.756199612955044,8089200,0.0000,1.0
2014-02-24,78.03,78.7699,77.61,77.86,54.67894961991381,7838700,0.0000,1.0
2014-02-25,77.73,78.31,77.4,78.12,54.86154051255673,8177500,0.0000,1.0
2014-02-26,78.23,78.77,77.82,77.86,54.67894961991381,7764700,0.0000,1.0
2014-02-27,77.77,78.23,77.555,78.19,54.910699599037514,6549800,0.0000,1.0
2014-02-28,78.24,78.91,78.0055,78.66,55.24076775112279,8489600,0.0000,1.0
2014-03-03,78.26,78.4084,77.35,77.48,54.41208600758955,8598600,0.0000,1.0
2014-03-04,78.09,78.72,77.895,78.45,55.093290491680435,8306900,0.0000,1.0
2014-03-05,78.32,78.41,77.55,77.82,54.65085871335336,8542300,0.0000,1.0
2014-03-06,78.04,78.445,77.84,78.06,54.819404152716054,6475600,0.0000,1.0
2014-03-07,78.41,78.595,78.11,78.38,55.04413140519964,5865400,0.0000,1.0
2014-03-10,78.29,78.57,78.2,78.53,55.14947230480133,5229900,0.0000,1.0
2014-03-11,78.59,79.39,78.57,78.95,55.444426823686044,6595800,0.0000,1.0
2014-03-12,78.66,79.45,78.62,79.24,55.64808589624929,7469300,0.0000,1.0
2014-03-13,79.32,79.76,79.19,79.19,55.61297226304873,9676600,0.0000,1.0
2014-03-14,79.1,79.23,78.67,78.98,55.465495003606385,14850700,0.0000,1.0
2014-03-17,79.02,79.95,79.02,79.84,56.069449494656034,8452100,0.0000,1.0
2014-03-18,79.84,80.08,79.5099,79.77,56.02029040817524,7703200,0.0000,1.0
2014-03-19,79.68,79.91,78.51,78.78,55.32504047080413,8607200,0.0000,1.0
2014-03-20,78.7,78.93,78.1549,78.32,55.00199504535897,8659500,0.0000,1.0
2014-03-21,79.04,79.75,77.88,77.88,54.692995073194034,21244400,0.0000,1.0
2014-03-24,78.495,79.83,78.47,79.3,55.69022225608997,11221600,0.0000,1.0
2014-03-25,79.52,79.99,79.44,79.81,56.04838131473569,8892500,0.0000,1.0
2014-03-26,80.03,80.18,79.33,79.5,55.83067678889221,8269800,0.0000,1.0
2014-03-27,79.55,80.43,79.38,79.65,55.936017688493905,8134100,0.0000,1.0
2014-03-28,79.94,80.32,79.52,79.76,56.01326768153514,6413500,0.0000,1.0
2014-03-31,80.0,80.83,79.55,80.6,56.60317671930456,8492800,0.0000,1.0
2014-04-01,80.6,80.84,80.21,80.34,56.42058582666164,8222300,0.0000,1.0
2014-04-02,80.19,80.33,79.8,80.13,56.27310856721928,6741800,0.0000,1.0
2014-04-03,80.28,80.58,79.93,80.1,56.25204038729895,5646000,0.0000,1.0
2014-04-04,80.47,80.5561,79.75,79.77,56.02029040817524,8649600,0.0000,1.0
2014-04-07,80.02,81.07,79.93,80.49,56.52592672626332,13229000,0.0000,1.0
2014-04-08,80.51,81.38,80.02,81.35,57.12988121731297,11880700,0.0000,1.0
2014-04-09,81.8,82.24,81.32,81.49,57.22819939027455,11550700,0.0000,1.0
2014-04-10,81.58,82.13,80.89,81.09,56.947290324670064,12194300,0.0000,1.0
2014-04-11,80.98,81.66,80.5,80.76,56.71554034554636,11831400,0.0000,1.0
2014-04-14,81.0,81.2,80.51,80.81,56.75065397874692,7105600,0.0000,1.0
2014-04-15,80.79,81.09,80.52,80.84,56.77172215866726,9000800,0.0000,1.0
2014-04-16,81.28,81.88,81.03,81.65,57.34056301651635,8300700,0.0000,1.0
2014-04-17,81.47,81.89,81.34,81.76,57.417813009557584,8374700,0.0000,1.0
2014-04-21,81.81,81.81,81.29,81.56,57.27735847675534,6391000,0.0000,1.0
2014-04-22,81.54,81.67,81.15,81.25,57.05965395091186,9259100,0.0000,1.0
2014-04-23,80.72,80.72,79.38,80.36,56.886613966499496,9577500,0.6436,1.0
2014-04-24,80.26,81.38,80.01,81.15,57.445852705095,9523200,0.0000,1.0
2014-04-25,81.2,81.58,80.97,81.41,57.62990596083529,7497400,0.0000,1.0
2014-04-28,81.54,82.98,81.51,82.94,58.71298858115316,11595100,0.0000,1.0
2014-04-29,82.75,82.95,82.36,82.44,58.35904001242183,7214300,0.0000,1.0
2014-04-30,82.39,82.75,82.2375,82.55,58.43690869754272,6243300,0.0000,1.0
2014-05-01,82.39,82.47,81.76,82.34,58.288250298675564,5305000,0.0000,1.0
2014-05-02,82.22,82.6,81.75,81.92,57.990933500941246,6629200,0.0000,1.0
2014-05-05,81.64,81.884,81.47,81.7,57.835196130699465,4563600,0.0000,1.0
2014-05-06,81.76,81.76,81.12,81.13,57.43169476234574,4591300,0.0000,1.0
2014-05-07,81.45,82.14,81.42,82.09,58.1112760143099,6639500,0.0000,1.0
2014-05-08,82.06,82.32,81.82,82.16,58.160828813932284,4631200,0.0000,1.0
2014-05-09,82.2,82.8,82.14,82.39,58.3236451555487,7303500,0.0000,1.0
2014-05-12,82.61,82.71,81.71,81.73,57.85643304482334,7859000,0.0000,1.0
2014-05-13,81.94,81.98,81.42,81.61,57.77148538832782,6540200,0.0000,1.0
2014-05-14,81.74,81.91,81.12,81.17,57.46001064784425,6867200,0.0000,1.0
2014-05-15,81.25,81.37,80.44,80.53,57.006956479868144,9402100,0.0000,1.0
2014-05-16,80.63,80.76,80.0,80.33,56.865377052375614,11558900,0.0000,1.0
2014-05-19,80.01,80.05,79.54,79.93,56.58221819739055,6068100,0.0000,1.0
2014-05-20,80.02,80.58,79.97,80.23,56.79458733862935,7057200,0.0000,1.0
2014-05-21,80.34,80.67,80.02,80.49,56.97864059436964,6339800,0.0000,1.0
2014-05-22,80.37,80.67,80.05,80.65,57.09190413636367,5561100,0.0000,1.0
2014-05-23,80.51,80.85,80.4,80.52,56.99987750849352,4472600,0.0000,1.0
2014-05-27,80.55,80.58,80.05,80.08,56.688402768009944,7003800,0.0000,1.0
2014-05-28,80.03,80.28,80.02,80.1,56.702560710759194,4201400,0.0000,1.0
2014-05-29,80.1,80.4,80.08,80.4,56.914929851998004,3886800,0.0000,1.0
2014-05-30,80.25,80.85,80.17,80.79,57.19100973560844,7433000,0.0000,1.0
2014-06-02,80.66,80.67,80.29,80.36,56.886613966499496,4331700,0.0000,1.0
2014-06-03,80.04,80.3,79.6,79.93,56.58221819739055,6970600,0.0000,1.0
2014-06-04,80.0,80.22,79.6401,79.86,56.53266539776816,5427700,0.0000,1.0
2014-06-05,80.11,80.31,79.97,80.11,56.709639682133826,5787700,0.0000,1.0
2014-06-06,80.09,80.2375,79.82,80.03,56.65300791113682,5520500,0.0000,1.0
2014-06-09,79.91,80.24,79.85,80.09,56.695481739384576,6352500,0.0000,1.0
2014-06-10,80.03,80.3,80.0,80.15,56.73795556763234,5658400,0.0000,1.0
2014-06-11,80.05,80.3,79.88,80.06,56.67424482526069,7453700,0.0000,1.0
2014-06-12,79.82,80.03,79.69,79.76,56.4618756840219,6526800,0.0000,1.0
2014-06-13,79.73,79.94,79.5,79.64,56.376928027526375,5214000,0.0000,1.0
2014-06-16,79.52,79.94,79.11,79.69,56.41232288439951,5334600,0.0000,1.0
2014-06-17,79.61,79.79,79.35,79.58,56.33445419927862,5337300,0.0000,1.0
2014-06-18,79.44,79.94,79.13,79.79,56.48311259814578,9614200,0.0000,1.0
2014-06-19,79.85,80.57,79.8,80.24,56.801666310003974,12485100,0.0000,1.0
2014-06-20,80.44,80.5,79.825,79.93,56.58221819739055,11659900,0.0000,1.0
2014-06-23,80.06,80.06,79.36,79.52,56.29198037103085,6938900,0.0000,1.0
2014-06-24,79.42,79.44,78.915,79.01,55.9309528309249,8157300,0.0000,1.0
2014-06-25,79.04,79.355,78.65,79.32,56.15040094353832,12569300,0.0000,1.0
2014-06-26,79.24,79.29,78.59,78.62,55.654872947314466,7258800,0.0000,1.0
2014-06-27,78.6,79.19,78.52,79.02,55.93803180229953,8974900,0.0000,1.0
2014-06-30,79.01,79.46,78.43,78.59,55.633636033190584,10297700,0.0000,1.0
2014-07-01,78.87,79.41,78.505,79.28,56.12208505803982,8421200,0.0000,1.0
2014-07-02,79.56,79.86,79.44,79.56,56.32029625652937,6276600,0.0000,1.0
2014-07-03,79.93,80.14,79.635,79.98,56.617613054263686,5501100,0.0000,1.0
2014-07-07,79.75,80.2,79.66,80.19,56.76627145313084,6673600,0.0000,1.0
2014-07-08,80.03,80.85,79.91,80.56,57.02819339399203,9150200,0.0000,1.0
2014-07-09,80.66,81.8,80.5,81.67,57.81395921657558,12113100,0.0000,1.0
2014-07-10,81.27,81.91,81.19,81.61,57.77148538832782,8786500,0.0000,1.0
2014-07-11,81.06,81.5698,81.0,81.16,57.45293167646962,7519300,0.0000,1.0
2014-07-14,81.36,81.735,81.3,81.32,57.56619521846364,6802000,0.0000,1.0
2014-07-15,81.51,81.515,81.09,81.26,57.52372139021589,9637600,0.0000,1.0
2014-07-16,80.9,81.2,80.75,80.94,57.752796903898805,8940500,0.6436,1.0
2014-07-17,80.82,81.21,80.39,80.4,57.367492847460646,1761035,0.0000,1.0
2014-07-18,80.56,80.75,80.16,80.55,57.474521752026796,2614335,0.0000,1.0
2014-07-21,80.33,80.3999,79.95,80.28,57.281869723807716,4434300,0.0000,1.0
2014-07-22,80.29,80.58,79.77,80.1,57.15343503832832,6073200,0.0000,1.0
2014-07-23,80.33,80.5,79.815,79.99,57.074947174979805,5891200,0.0000,1.0
2014-07-24,80.12,80.32,79.85,80.26,57.2675992031989,6273100,0.0000,1.0
2014-07-25,80.02,80.16,79.37,79.56,56.76813098189016,6293400,0.0000,1.0
2014-07-28,79.41,79.62,78.85,79.26,56.554073172757846,6757300,0.0000,1.0
2014-07-29,79.09,79.5,78.65,78.65,56.1188222941888,6419600,0.0000,1.0
2014-07-30,78.7,79.01,78.14,78.16,55.76919453927268,8296500,0.0000,1.0
2014-07-31,77.76,78.01,77.29,77.32,55.169832673702196,11235600,0.0000,1.0
2014-08-01,79.25,80.67,78.83,79.65,56.832348324629855,18110700,0.0000,1.0
2014-08-04,79.46,79.46,78.66,79.22,56.525532131540196,12061800,0.0000,1.0
2014-08-05,78.99,79.74,78.98,79.41,56.661102077323996,7995900,0.0000,1.0
2014-08-06,79.4,81.3,79.27,81.09,57.85982580846497,12808700,0.0000,1.0
2014-08-07,81.02,81.18,80.01,80.14,57.18197607954597,7904000,0.0000,1.0
2014-08-08,80.05,81.03,80.04,80.95,57.75993216420322,6202900,0.0000,1.0
2014-08-11,81.23,81.87,81.03,81.48,58.13810096033698,8188000,0.0000,1.0
2014-08-12,81.5,81.86,81.21,81.42,58.095289398510516,6591200,0.0000,1.0
2014-08-13,81.64,81.795,81.11,81.48,58.13810096033698,5472200,0.0000,1.0
2014-08-14,81.59,82.04,81.435,81.95,58.47345819464427,5930700,0.0000,1.0
2014-08-15,82.23,82.23,81.18,81.78,58.3521587694693,7418400,0.0000,1.0
2014-08-18,81.99,82.85,81.81,82.44,58.82308594956039,8437700,0.0000,1.0
2014-08-19,82.35,82.87,82.12,82.69,59.00146745717065,6867700,0.0000,1.0
2014-08-20,82.46,82.94,82.46,82.81,59.08709058082358,4581800,0.0000,1.0
2014-08-21,82.8,83.47,82.69,83.28,59.42244781513087,7099800,0.0000,1.0
2014-08-22,83.16,83.66,83.14,83.39,59.50093567847939,6978500,0.0000,1.0
2014-08-25,83.74,83.82,83.31,83.54,59.60796458304555,5586800,0.0000,1.0
2014-08-26,83.61,83.83,83.33,83.38,59.49380041817498,5169100,0.0000,1.0
2014-08-27,83.43,83.6,83.1601,83.31,59.44385359604411,4248300,0.0000,1.0
2014-08-28,83.02,83.22,82.76,83.03,59.24406630752061,4278700,0.0000,1.0
2014-08-29,83.09,83.13,82.6,83.11,59.30114838995589,4901300,0.0000,1.0
2014-09-02,83.21,83.49,82.71,82.98,59.20839000599856,5528900,0.0000,1.0
2014-09-03,83.26,83.48,82.77,82.9,59.15130792356328,5851800,0.0000,1.0
2014-09-04,82.92,83.749,82.78,83.7,59.722128747916116,7444200,0.0000,1.0
2014-09-05,83.44,83.8,83.065,83.77,59.77207557004699,5888900,0.0000,1.0
2014-09-08,83.57,83.6,83.13,83.32,59.45098885634851,4899600,0.0000,1.0
2014-09-09,83.05,83.29,82.83,82.99,59.21552526630296,5202900,0.0000,1.0
2014-09-10,83.2,83.96,83.15,83.64,59.679317186089655,6715300,0.0000,1.0
2014-09-11,83.61,83.75,83.37,83.49,59.57228828152349,6341600,0.0000,1.0
2014-09-12,83.21,83.38,82.86,83.26,59.408177294522055,6358500,0.0000,1.0
2014-09-15,83.18,84.25,83.14,83.87,59.8434281730911,7004700,0.0000,1.0
2014-09-16,83.58,84.45,83.56,84.08,59.993268639483716,7143800,0.0000,1.0
2014-09-17,84.02,84.5,83.93,84.16,60.050350721918996,8273800,0.0000,1.0
2014-09-18,84.18,84.44,84.073,84.19,60.07175650283223,5309200,0.0000,1.0
2014-09-19,84.52,84.77,84.18,84.47,60.271543791355725,11377700,0.0000,1.0
2014-09-22,84.64,84.95,84.49,84.81,60.51414264170568,8355649,0.0000,1.0
2014-09-23,84.65,84.92,84.44,84.44,60.25013801044249,7683308,0.0000,1.0
2014-09-24,84.33,85.4,84.33,85.24,60.820958834795334,11660158,0.0000,1.0
2014-09-25,85.02,85.13,84.33,84.33,60.17165014709398,8175532,0.0000,1.0
2014-09-26,84.54,84.74,83.86,84.58,60.35003165470424,5482722,0.0000,1.0
2014-09-29,84.11,84.47,83.66,84.44,60.25013801044249,6362241,0.0000,1.0
2014-09-30,84.34,84.36,83.68,83.74,59.75066978913375,8080239,0.0000,1.0
2014-10-01,84.02,84.04,83.03,83.14,59.322554170869125,9029127,0.0000,1.0
2014-10-02,83.1,83.97,82.95,83.05,59.25833682812943,8858502,0.0000,1.0
2014-10-03,83.44,83.945,82.88,83.79,59.78634609065581,6701547,0.0000,1.0
2014-10-06,83.57,83.94,83.19,83.57,59.62937036395877,5656495,0.0000,1.0
2014-10-07,83.38,83.92,83.12,83.16,59.33682469147794,7386318,0.0000,1.0
2014-10-08,83.34,84.28,83.21,84.18,60.06462124252783,8110994,0.0000,1.0
2014-10-09,84.21,84.88,83.53,83.66,59.69358770669847,7765706,0.0000,1.0
2014-10-10,83.95,85.28,83.91,84.69,60.42851951805276,13733253,0.0000,1.0
2014-10-13,84.31,84.47,83.31,83.37,59.48666515787057,10073580,0.0000,1.0
2014-10-14,83.91,83.91,83.03,83.55,59.61509984334995,8210923,0.0000,1.0
2014-10-15,82.59,83.58,81.76,82.95,59.186984225085325,13288831,0.0000,1.0
2014-10-16,81.65,82.8,81.57,82.24,58.68038074347218,11310185,0.0000,1.0
2014-10-17,82.95,83.48,82.03,83.27,59.41531255482646,11786627,0.0000,1.0
2014-10-20,83.25,84.33,82.83,84.18,60.06462124252783,8558022,0.0000,1.0
2014-10-21,84.47,84.64,83.66,84.61,60.37143743561747,12389590,0.0000,1.0
2014-10-22,84.06,84.59,83.92,84.23,60.55952289724174,9751702,0.6436,1.0
2014-10-23,84.26,84.33,82.3,83.23,59.84054482651585,14292257,0.0000,1.0
2014-10-24,85.1,85.97,84.91,85.16,61.228172503016815,13465430,0.0000,1.0
2014-10-27,84.96,86.48,84.83,85.95,61.79616517889027,10316513,0.0000,1.0
2014-10-28,86.2,86.65,86.17,86.47,62.17003377566773,9444204,0.0000,1.0
2014-10-29,86.67,86.67,85.91,86.54,62.22036224061855,6881448,0.0000,1.0
2014-10-30,86.16,87.0,85.67,86.94,62.5079534689089,5559708,0.0000,1.0
2014-10-31,87.08,87.36,86.71,87.27,62.74521623224844,9359840,0.0000,1.0
2014-11-03,86.66,87.39,86.2,87.38,62.82430382002829,7797149,0.0000,1.0
2014-11-04,87.49,88.87,87.44,88.64,63.730216189142915,10594290,0.0000,1.0
2014-11-05,88.74,89.49,88.36,89.0,63.98904829460423,8462015,0.0000,1.0
2014-11-06,89.08,89.2,88.57,88.9,63.91715048753165,6628881,0.0000,1.0
2014-11-07,88.74,89.2,88.25,89.13,64.0825154437986,5975737,0.0000,1.0
2014-11-10,88.92,89.5,88.26,89.45,64.31258842643089,5926707,0.0000,1.0
2014-11-11,89.38,89.79,89.17,89.67,64.47076360199058,6346785,0.0000,1.0
2014-11-12,89.6,89.88,89.42,89.48,64.33415776855266,6298570,0.0000,1.0
2014-11-13,88.94,89.84,88.46,88.6,63.70145706631387,10191559,0.0000,1.0
2014-11-14,88.7,88.89,87.93,88.11,63.34915781165819,7559371,0.0000,1.0
2014-11-17,88.0,88.18,87.37,87.84,63.1550337325622,9475739,0.0000,1.0
2014-11-18,88.02,88.18,87.49,87.95,63.23412132034205,6419641,0.0000,1.0
2014-11-19,88.24,88.87,87.93,88.73,63.794924215508246,6570396,0.0000,1.0
2014-11-20,88.33,88.8,88.33,88.47,63.60798991711951,5527565,0.0000,1.0
2014-11-21,89.26,89.43,88.46,88.6,63.70145706631387,8984113,0.0000,1.0
2014-11-24,88.88,88.89,87.86,88.11,63.34915781165819,5569245,0.0000,1.0
2014-11-25,88.36,88.82,88.08,88.8,63.845252680459055,6439699,0.0000,1.0
2014-11-26,88.83,88.88,88.45,88.88,63.90277092611712,4419983,0.0000,1.0
2014-11-28,89.09,90.56,88.97,90.43,65.01718693574226,7661778,0.0000,1.0
2014-12-01,90.17,90.67,89.52,90.08,64.7655446109882,6745137,0.0000,1.0
2014-12-02,90.44,91.17,90.12,91.07,65.47733290100682,7432863,0.0000,1.0
2014-12-03,90.84,90.97,89.64,90.0,64.70802636533013,6465627,0.0000,1.0
2014-12-04,90.5,90.94,90.1,90.58,65.12503364635114,6410681,0.0000,1.0
2014-12-05,90.32,90.42,89.21,90.38,64.98123803220597,6383401,0.0000,1.0
2014-12-08,90.34,91.0,90.32,90.76,65.2544496990818,4723879,0.0000,1.0
2014-12-09,90.47,90.78,89.87,90.71,65.2185007955455,5701608,0.0000,1.0
2014-12-10,90.95,91.1,89.96,90.0,64.70802636533013,6293332,0.0000,1.0
2014-12-11,90.0,91.28,89.98,90.41,65.00280737432773,6468676,0.0000,1.0
2014-12-12,90.01,90.97,89.53,89.55,64.38448623350347,6574529,0.0000,1.0
2014-12-15,89.7,90.6,89.03,89.2,64.13284390874941,6511895,0.0000,1.0
2014-12-16,89.14,90.96,88.38,89.36,64.24788040006555,8776195,0.0000,1.0
2014-12-17,89.56,91.16,89.4,90.7,65.21131101483824,7415365,0.0000,1.0
2014-12-18,91.01,92.0,90.55,92.0,66.1459825067819,8724454,0.0000,1.0
2014-12-19,92.15,92.73,91.76,92.05,66.1819314103182,14037813,0.0000,1.0
2014-12-22,92.1,92.73,92.0,92.6,66.57736934921743,7157130,0.0000,1.0
2014-12-23,92.74,93.48,92.7,93.29,67.0734642180183,5610590,0.0000,1.0
2014-12-24,93.5,93.89,93.14,93.14,66.96561750740942,2408140,0.0000,1.0
2014-12-26,93.15,93.806,93.06,93.46,67.1956904900417,3148746,0.0000,1.0
2014-12-29,93.12,93.43,92.5,92.64,66.60612847204648,4657706,0.0000,1.0
2014-12-30,92.25,92.82,92.1,92.4,66.43357373507226,4730012,0.0000,1.0
2014-12-31,92.04,92.55,91.03,91.09,65.49171246242135,5712139,0.0000,1.0
2015-01-02,90.84,91.0,89.92,90.44,65.02437671644951,7255394,0.0000,1.0
2015-01-05,90.23,91.0,89.85,90.01,64.71521614603739,8626143,0.0000,1.0
2015-01-06,90.31,90.56,89.26,89.6,64.42043513703976,7791010,0.0000,1.0
2015-01-07,89.94,90.37,89.5626,90.07,64.75835483028094,5986899,0.0000,1.0
2015-01-08,90.48,91.225,90.13,91.1,65.4989022431286,6831408,0.0000,1.0
2015-01-09,91.18,91.18,90.12,90.25,64.8877708830116,4843679,0.0000,1.0
2015-01-12,90.475,90.62,89.505,89.92,64.65050811967205,5250893,0.0000,1.0
2015-01-13,90.78,91.5,89.77,90.3,64.92371978654789,6730752,0.0000,1.0
2015-01-14,89.73,90.16,89.4312,89.99,64.70083658462286,6418158,0.0000,1.0
2015-01-15,90.49,90.5,89.34,89.86,64.6073694354285,6768130,0.0000,1.0
2015-01-16,89.95,91.34,89.87,91.25,65.6067489537375,8815713,0.0000,1.0
2015-01-20,91.25,91.79,90.5,91.19,65.56361026949394,9874244,0.0000,1.0
2015-01-21,90.4,91.19,89.63,90.73,65.69561464327921,6974523,0.6436,1.0
2015-01-22,91.04,91.69,89.87,91.62,66.34004423693642,7211174,0.0000,1.0
2015-01-23,91.17,91.19,89.95,90.08,65.22496381645091,6745741,0.0000,1.0
2015-01-26,89.95,89.95,88.74,89.58,64.86292471889068,9370496,0.0000,1.0
2015-01-27,87.1,87.21,86.02,86.49,62.62552309596846,14417363,0.0000,1.0
2015-01-28,86.63,86.91,85.01,85.15,61.65525831450705,14032960,0.0000,1.0
2015-01-29,85.78,86.11,85.15,85.67,62.03177897596969,12054551,0.0000,1.0
2015-01-30,85.09,85.2245,84.25,84.29,61.032551066703455,14685250,0.0000,1.0
2015-02-02,84.58,85.14,83.68,85.12,61.63353596865344,10278489,0.0000,1.0
2015-02-03,85.95,86.0,85.12,85.95,62.23452087060342,10747897,0.0000,1.0
2015-02-04,85.89,86.48,85.55,85.79,62.118668359384145,9212675,0.0000,1.0
2015-02-05,86.24,86.78,86.1,86.7,62.77757951694376,6531298,0.0000,1.0
2015-02-06,86.56,86.61,85.15,85.61,61.98833428426246,8429773,0.0000,1.0
2015-02-09,85.31,85.43,84.59,85.05,61.582850494995,8811512,0.0000,1.0
2015-02-10,85.33,85.57,84.82,85.39,61.829037081335954,7059632,0.0000,1.0
2015-02-11,85.95,86.2,85.1449,85.64,62.010056630116075,7184277,0.0000,1.0
2015-02-12,86.06,86.146,85.41,86.03,62.29244712621305,6074566,0.0000,1.0
2015-02-13,86.03,86.15,85.5,85.9,62.19831696084739,6272049,0.0000,1.0
2015-02-17,86.06,86.06,85.0,85.49,61.901444900848,10310422,0.0000,1.0
2015-02-18,85.76,86.39,85.52,86.26,62.45898511109076,8131986,0.0000,1.0
2015-02-19,86.11,86.3,85.05,85.21,61.698703006214274,7271581,0.0000,1.0
2015-02-20,84.95,85.05,84.19,84.87,61.45251641987332,9581238,0.0000,1.0
2015-02-23,84.96,85.5,84.65,85.39,61.829037081335954,7919130,0.0000,1.0
2015-02-24,85.51,85.74,85.01,85.5,61.90868568279921,6502170,0.0000,1.0
2015-02-25,85.7,85.795,85.2399,85.46,61.87972255499439,5975834,0.0000,1.0
2015-02-26,85.42,85.76,84.89,85.17,61.66973987840946,7964477,0.0000,1.0
2015-02-27,85.02,85.38,84.57,85.13,61.64077675060464,7685024,0.0000,1.0
2015-03-02,85.02,85.41,84.84,85.41,61.84351864523836,7235172,0.0000,1.0
2015-03-03,85.35,85.44,84.54,85.16,61.66249909645825,6095591,0.0000,1.0
2015-03-04,85.04,85.24,84.21,84.35,61.07599575841068,7347878,0.0000,1.0
2015-03-05,84.62,84.76,84.09,84.63,61.2787376530444,5914196,0.0000,1.0
2015-03-06,84.34,84.37,82.37,82.66,59.8523036086571,11338662,0.0000,1.0
2015-03-09,82.79,83.21,82.68,83.09,60.163657232558904,7326705,0.0000,1.0
2015-03-10,82.47,82.88,81.54,81.54,59.041336030122196,9681416,0.0000,1.0
2015-03-11,81.53,81.78,80.811,81.39,58.932724300854126,10066579,0.0000,1.0
2015-03-12,81.59,82.115,81.51,82.09,59.43957903743845,6951122,0.0000,1.0
2015-03-13,81.98,82.28,81.15,81.83,59.251318706707124,7492548,0.0000,1.0
2015-03-16,82.08,83.95,81.99,83.56,60.50397398426552,15618241,0.0000,1.0
2015-03-17,83.36,83.37,82.43,82.85,59.98987846572999,7509238,0.0000,1.0
2015-03-18,82.86,84.05,82.02,83.75,60.641548841338405,12607899,0.0000,1.0
2015-03-19,83.46,83.75,83.12,83.38,60.37363990914383,9257503,0.0000,1.0
2015-03-20,83.99,84.79,83.77,84.74,61.35838625450766,22580280,0.0000,1.0
2015-03-23,84.37,85.05,84.36,84.86,61.445275637922116,9891106,0.0000,1.0
2015-03-24,84.89,85.11,83.87,83.92,60.76464213450888,7471791,0.0000,1.0
2015-03-25,84.37,84.37,82.86,83.01,60.10573097694927,8481956,0.0000,1.0
2015-03-26,82.58,82.61,81.95,82.15,59.48302372914568,7311619,0.0000,1.0
2015-03-27,82.08,82.54,81.9901,82.31,59.598876240364945,6441373,0.0000,1.0
2015-03-30,82.63,82.95,82.15,82.72,59.89574830036433,6416848,0.0000,1.0
2015-03-31,82.76,82.93,81.94,81.94,59.33096730817037,8649407,0.0000,1.0
2015-04-01,82.44,82.45,81.4503,82.32,59.60611702231614,7395287,0.0000,1.0
2015-04-02,82.17,82.59,81.915,82.43,59.6857656237794,6169838,0.0000,1.0
2015-04-06,81.92,83.225,81.51,83.04,60.127453322802886,6856244,0.0000,1.0
2015-04-07,82.93,83.29,82.33,82.39,59.65680249597458,6330163,0.0000,1.0
2015-04-08,82.3,83.18,82.27,82.77,59.93195221012035,6523404,0.0000,1.0
2015-04-09,82.63,82.95,82.01,82.89,60.01884159353481,6184986,0.0000,1.0
2015-04-10,82.8,83.63,82.715,83.35,60.351917563290215,7001522,0.0000,1.0
2015-04-13,83.0,83.95,82.94,83.43,60.409843818899866,8290458,0.0000,1.0
2015-04-14,83.39,83.88,83.05,83.6,60.532937112070336,6792597,0.0000,1.0
2015-04-15,83.85,84.2,83.48,83.51,60.4677700745095,7006392,0.0000,1.0
2015-04-16,83.56,84.07,83.35,83.5,60.46052929255829,7615906,0.0000,1.0
2015-04-17,83.0,83.22,82.03,82.53,59.75817344329145,9116283,0.0000,1.0
2015-04-20,83.09,83.98,82.8,82.87,60.0043600296324,7415988,0.0000,1.0
2015-04-21,83.39,83.8,82.9,83.08,60.15641645060769,7696424,0.0000,1.0
2015-04-22,83.22,83.34,82.6,83.09,60.163657232558904,6750966,0.0000,1.0
2015-04-23,81.415,82.1,80.9,80.95,59.09412133054647,14554724,0.6629,1.0
2015-04-24,81.04,81.53,80.9,81.0,59.130621714320746,8785471,0.0000,1.0
2015-04-27,80.91,81.2,80.47,80.6,58.83861864412656,9188588,0.0000,1.0
2015-04-28,80.73,80.82,80.19,80.42,58.70721726253919,8395450,0.0000,1.0
2015-04-29,80.0,80.31,79.72,79.85,58.29111288751248,11846363,0.0000,1.0
2015-04-30,79.95,80.15,79.07,79.51,58.04291027784744,9409334,0.0000,1.0
2015-05-01,79.76,80.32,79.63,80.29,58.61231626472608,8192966,0.0000,1.0
2015-05-04,80.48,80.9651,80.295,80.35,58.6561167252552,7200809,0.0000,1.0
2015-05-05,80.5,80.65,79.78,80.07,58.45171457611928,6589434,0.0000,1.0
2015-05-06,80.34,80.58,79.52,80.4,58.692617109029484,7335642,0.0000,1.0
2015-05-07,80.37,80.55,80.0,80.2,58.54661557393239,7224338,0.0000,1.0
2015-05-08,80.89,81.21,80.82,80.96,59.10142140730132,6929376,0.0000,1.0
2015-05-11,80.95,80.99,80.26,80.27,58.59771611121637,5237254,0.0000,1.0
2015-05-12,80.03,80.29,79.36,79.95,58.36411365506103,6305307,0.0000,1.0
2015-05-13,80.16,80.59,79.55,79.7,58.18161173618967,6459854,0.0000,1.0
2015-05-14,80.11,80.69,80.09,80.57,58.816718413862,5634148,0.0000,1.0
2015-05-15,80.83,81.12,80.73,81.05,59.167122098095014,7454746,0.0000,1.0
2015-05-18,80.97,81.13,80.5,80.74,58.94081971869453,5590756,0.0000,1.0
2015-05-19,80.75,80.95,80.33,80.83,59.00652040948822,5729453,0.0000,1.0
2015-05-20,80.93,81.0,80.45,80.48,58.751017723068315,5486346,0.0000,1.0
2015-05-21,80.17,80.58,79.84,80.41,58.69991718578433,6055723,0.0000,1.0
2015-05-22,80.24,80.4,79.92,79.95,58.36411365506103,6003623,0.0000,1.0
2015-05-26,79.97,80.0651,78.94,79.14,57.77280743791783,6677071,0.0000,1.0
2015-05-27,79.22,79.94,79.09,79.39,57.955309356789186,8094560,0.0000,1.0
2015-05-28,79.43,79.45,79.02,79.33,57.91150889626005,5803445,0.0000,1.0
2015-05-29,79.18,79.24,78.19,78.39,57.22530168130374,12551703,0.0000,1.0
2015-06-01,78.65,79.07,78.27,78.85,57.561105212027044,7588036,0.0000,1.0
2015-06-02,78.46,78.72,78.17,78.54,57.334802832626565,7380707,0.0000,1.0
2015-06-03,78.91,78.93,78.27,78.56,57.34940298613627,5985813,0.0000,1.0
2015-06-04,78.41,78.84,78.06,78.15,57.05009983918724,7714574,0.0000,1.0
2015-06-05,78.04,78.12,77.37,77.43,56.524494312837724,9439700,0.0000,1.0
2015-06-08,77.48,77.9834,77.1,77.71,56.72889646197364,10916201,0.0000,1.0
2015-06-09,77.97,79.33,77.82,78.9,57.59760559580132,11528875,0.0000,1.0
2015-06-10,79.23,79.79,79.01,79.54,58.064810508112004,9483534,0.0000,1.0
2015-06-11,79.93,79.93,79.24,79.41,57.96990951029889,7633332,0.0000,1.0
2015-06-12,79.17,79.32,78.57,78.87,57.575705365536756,6508632,0.0000,1.0
2015-06-15,78.33,78.455,77.93,78.12,57.02819960892268,7527947,0.0000,1.0
2015-06-16,79.6,79.6,78.535,79.1,57.743607130898404,8285671,0.0000,1.0
2015-06-17,79.2,80.19,79.16,80.08,58.45901465287414,9305776,0.0000,1.0
2015-06-18,80.33,81.22,80.3,80.82,58.99922033273336,10712462,0.0000,1.0
2015-06-19,80.71,81.2,80.48,80.54,58.79481818359744,15451337,0.0000,1.0
2015-06-22,80.92,81.18,80.33,80.45,58.72911749280375,6907440,0.0000,1.0
2015-06-23,80.33,80.45,79.62,79.79,58.24731242698336,7190628,0.0000,1.0
2015-06-24,79.8,79.85,79.5,79.51,58.04291027784744,8843632,0.0000,1.0
2015-06-25,79.71,79.9,79.39,79.39,57.955309356789186,5855728,0.0000,1.0
2015-06-26,79.54,79.74,79.28,79.34,57.91880897301491,7702091,0.0000,1.0
2015-06-29,78.95,79.37,78.26,78.32,57.174201144019754,7966220,0.0000,1.0
2015-06-30,78.92,79.01,78.13,78.24,57.11580052998092,8451427,0.0000,1.0
2015-07-01,78.39,79.765,78.12,79.72,58.19621188969938,8868020,0.0000,1.0
2015-07-02,80.01,80.35,79.77,79.93,58.34951350155133,6602521,0.0000,1.0
2015-07-06,79.61,80.22,79.5,80.05,58.437114422609575,6601218,0.0000,1.0
2015-07-07,80.06,81.83,80.06,81.72,59.65622724067026,11589399,0.0000,1.0
2015-07-08,81.21,81.69,80.89,80.99,59.12332163756589,6724685,0.0000,1.0
2015-07-09,81.75,82.0,80.52,80.66,58.88241910465569,10419811,0.0000,1.0
2015-07-10,81.23,81.3599,80.76,80.95,59.09412133054647,6892413,0.0000,1.0
2015-07-13,81.52,82.04,81.34,81.91,59.794928699012495,7332927,0.0000,1.0
2015-07-14,82.04,82.46,81.98,82.04,59.88982969682561,6119504,0.0000,1.0
2015-07-15,81.91,82.32,81.84,82.15,59.970130541129,6673662,0.0000,1.0
2015-07-16,82.45,82.55,82.1,82.3,60.07963169245181,6623418,0.0000,1.0
2015-07-17,81.89,82.38,81.6,82.24,60.035831231922685,5827266,0.0000,1.0
2015-07-20,82.09,82.35,82.0,82.19,59.99933084814842,5012810,0.0000,1.0
2015-07-21,82.01,82.13,81.37,81.63,59.59052654987657,7511586,0.0000,1.0
2015-07-22,81.03,81.3,80.67,80.83,59.490442497567514,6106128,0.6629,1.0
2015-07-23,80.83,80.89,80.14,80.7,59.3947632012087,5380856,0.0000,1.0
2015-07-24,80.51,80.73,80.23,80.29,59.09300542038471,5660071,0.0000,1.0
2015-07-27,79.83,80.07,79.425,79.97,58.857487152424525,8613558,0.0000,1.0
2015-07-28,80.14,80.66,79.91,80.23,59.04884574514218,8569259,0.0000,1.0
2015-07-29,80.26,80.99,80.16,80.62,59.33588363421865,8921525,0.0000,1.0
2015-07-30,79.4,79.48,77.15,77.39,56.95862111699555,22067484,0.0000,1.0
2015-07-31,77.63,77.74,76.66,76.7,56.45078485170641,11877236,0.0000,1.0
2015-08-03,76.51,77.09,76.01,76.4,56.22998647549374,9507373,0.0000,1.0
2015-08-04,76.03,76.34,75.75,75.91,55.8693491276797,13369071,0.0000,1.0
2015-08-05,76.05,76.54,75.75,75.77,55.76630988544712,10869710,0.0000,1.0
2015-08-06,76.01,76.01,75.25,75.74,55.74423004782585,9353102,0.0000,1.0
2015-08-07,75.59,75.72,75.34,75.48,55.55287145510821,10045380,0.0000,1.0
2015-08-10,75.95,76.5,75.8,76.38,56.21526658374622,9165803,0.0000,1.0
2015-08-11,76.04,76.45,75.81,76.22,56.09750744976613,7491871,0.0000,1.0
2015-08-12,75.89,76.43,75.34,76.39,56.22262652961998,10484495,0.0000,1.0
2015-08-13,76.49,76.51,75.63,75.78,55.77366983132088,5947947,0.0000,1.0
2015-08-14,75.74,75.81,75.38,75.62,55.655910697340786,5586878,0.0000,1.0
2015-08-17,75.81,75.81,74.75,75.53,55.589671184476984,8683913,0.0000,1.0
2015-08-18,75.58,75.8,75.0,75.13,55.29527334952675,7445886,0.0000,1.0
2015-08-19,74.93,74.93,74.02,74.12,54.55191881627743,9864566,0.0000,1.0
2015-08-20,73.75,74.725,73.46,73.91,54.397359952928554,10696535,0.0000,1.0
2015-08-21,73.55,73.9,71.83,71.84,52.873851157061125,15761486,0.0000,1.0
2015-08-24,68.57,71.07,65.02,69.14,50.88666577114708,23691165,0.0000,1.0
2015-08-25,72.18,72.23,68.3,68.42,50.35674966823667,21475838,0.0000,1.0
2015-08-26,69.9,71.0,68.95,70.9,52.182016244928086,17431823,0.0000,1.0
2015-08-27,71.39,71.75,70.02,71.48,52.60889310560592,13433495,0.0000,1.0
2015-08-28,71.01,71.27,70.59,71.21,52.41017456701451,10019499,0.0000,1.0
2015-08-31,70.73,71.0,70.3,70.67,52.01273748983171,9520712,0.0000,1.0
2015-09-01,69.29,69.88,68.52,68.9,50.71002707017694,15370018,0.0000,1.0
2015-09-02,69.49,69.85,69.2238,69.81,51.37978214468871,8901866,0.0000,1.0
2015-09-03,70.18,70.46,69.7,69.93,51.468101495173784,8468332,0.0000,1.0
2015-09-04,69.28,69.28,68.5,68.76,50.606987827944366,11497510,0.0000,1.0
2015-09-08,70.31,70.44,69.56,69.98,51.50490122454256,9182253,0.0000,1.0
2015-09-09,70.44,70.54,68.37,68.48,50.4009093434792,11070555,0.0000,1.0
2015-09-10,68.12,68.9465,67.75,68.32,50.283150209499105,12591010,0.0000,1.0
2015-09-11,68.06,68.51,67.73,68.42,50.35674966823667,11291401,0.0000,1.0
2015-09-14,68.23,68.3,67.33,68.06,50.091791616781464,9712806,0.0000,1.0
2015-09-15,68.02,69.74,67.9,69.45,51.11482409323351,11043655,0.0000,1.0
2015-09-16,70.12,70.36,69.7,70.1,51.59322057502762,8703147,0.0000,1.0
2015-09-17,70.0,71.27,69.86,70.24,51.696259817260206,11029573,0.0000,1.0
2015-09-18,69.44,70.78,69.37,69.94,51.475461441047536,18210249,0.0000,1.0
2015-09-21,70.15,70.88,70.01,70.65,51.998017598084196,7742506,0.0000,1.0
2015-09-22,70.06,70.6528,69.98,70.19,51.659460087891425,10207585,0.0000,1.0
2015-09-23,70.18,70.49,69.96,70.26,51.710979709007724,6294153,0.0000,1.0
2015-09-24,69.82,71.58,69.74,71.36,52.52057375512085,13423430,0.0000,1.0
2015-09-25,72.39,73.38,71.95,72.67,53.48472666458285,15080607,0.0000,1.0
2015-09-28,72.31,72.67,71.75,71.77,52.822331535944826,9070203,0.0000,1.0
2015-09-29,71.77,72.41,71.35,72.28,53.19768877550638,9033118,0.0000,1.0
2015-09-30,72.86,73.06,71.55,71.94,52.94745061579868,10860477,0.0000,1.0
2015-10-01,71.76,72.18,71.395,71.95,52.95481056167244,8547380,0.0000,1.0
2015-10-02,71.36,72.42,71.29,72.42,53.300728017738955,9085580,0.0000,1.0
2015-10-05,72.97,73.43,72.5,73.22,53.88952368763941,9187673,0.0000,1.0
2015-10-06,73.34,73.775,72.59,73.4,54.02200271336702,8851535,0.0000,1.0
2015-10-07,73.72,73.87,73.323,73.72,54.2575209813272,8073977,0.0000,1.0
2015-10-08,73.68,74.44,73.49,74.4,54.757997300742595,6856553,0.0000,1.0
2015-10-09,74.59,74.91,74.32,74.48,54.81687686773264,6880132,0.0000,1.0
2015-10-12,74.69,74.76,73.91,74.33,54.706477679626296,6255896,0.0000,1.0
2015-10-13,74.24,74.28,73.66,74.11,54.54455887040367,8390248,0.0000,1.0
2015-10-14,74.21,74.61,73.9,74.21,54.618158329141224,8478970,0.0000,1.0
2015-10-15,74.64,74.84,74.03,74.27,54.66231800438376,8607447,0.0000,1.0
2015-10-16,74.72,75.04,74.34,74.9,55.12599459443038,9578593,0.0000,1.0
2015-10-19,74.65,75.19,74.53,75.16,55.31735318714802,7292177,0.0000,1.0
2015-10-20,74.87,75.05,74.164,74.43,54.78007713836386,8531907,0.0000,1.0
2015-10-21,73.75,74.54,73.5,73.59,54.64973249693964,8320070,0.6629,1.0
2015-10-22,73.86,75.61,73.61,74.85,55.58543929060921,14078252,0.0000,1.0
2015-10-23,76.76,78.45,76.31,77.03,57.20436056854546,16451170,0.0000,1.0
2015-10-26,77.0,77.9,77.0,77.49,57.54596781067879,11464659,0.0000,1.0
2015-10-27,77.12,77.36,76.805,77.29,57.39744292279474,9423405,0.0000,1.0
2015-10-28,77.39,77.54,75.69,76.51,56.818195860046906,10175963,0.0000,1.0
2015-10-29,76.75,77.19,76.24,77.02,57.19693432415125,8230732,0.0000,1.0
2015-10-30,76.98,77.14,76.38,76.38,56.721654682922264,9547693,0.0000,1.0
2015-11-02,76.57,76.77,76.05,76.6,56.88503205959473,7152929,0.0000,1.0
2015-11-03,76.3,77.42,75.96,77.05,57.21921305733386,8013214,0.0000,1.0
2015-11-04,77.03,77.14,76.509,77.06,57.22663930172807,6376267,0.0000,1.0
2015-11-05,77.09,77.26,75.96,76.39,56.72908092731647,6860580,0.0000,1.0
2015-11-06,75.88,76.0,74.695,75.57,56.12012888699182,9483466,0.0000,1.0
2015-11-09,75.19,75.63,74.93,75.4,55.99388273229038,8607162,0.0000,1.0
2015-11-10,75.38,76.24,75.23,75.77,56.26865377487588,6551032,0.0000,1.0
2015-11-11,76.02,76.43,75.92,75.96,56.409752418365734,5295876,0.0000,1.0
2015-11-12,75.67,76.01,74.66,74.66,55.444340647119354,7678594,0.0000,1.0
2015-11-13,74.64,74.98,73.95,73.96,54.92450353952514,8468816,0.0000,1.0
2015-11-16,74.25,75.325,74.01,75.3,55.91962028834834,7410647,0.0000,1.0
2015-11-17,75.33,76.01,74.87,75.07,55.74881666728167,8761043,0.0000,1.0
2015-11-18,74.98,75.96,74.81,75.9,56.36519495200053,6446956,0.0000,1.0
2015-11-19,76.14,76.96,76.02,76.22,56.60283477261502,7899386,0.0000,1.0
2015-11-20,76.55,76.86,75.68,75.82,56.305784996846896,9533187,0.0000,1.0
2015-11-23,75.82,76.06,75.4,75.97,56.417178662759945,9421300,0.0000,1.0
2015-11-24,75.62,76.69,75.61,76.45,56.773638393681686,7086626,0.0000,1.0
2015-11-25,76.53,76.74,75.88,75.9,56.36519495200053,4266529,0.0000,1.0
2015-11-27,75.89,76.37,75.5,75.7,56.216670064116464,2390080,0.0000,1.0
2015-11-30,75.58,75.81,74.84,74.84,55.57801304621501,8931377,0.0000,1.0
2015-12-01,74.87,76.22,74.87,75.94,56.394899929577335,8391566,0.0000,1.0
2015-12-02,75.73,76.46,75.65,75.79,56.28350626366429,8104185,0.0000,1.0
2015-12-03,75.83,76.2,75.17,75.74,56.24637504169327,11178640,0.0000,1.0
2015-12-04,75.98,77.9,75.92,77.83,57.79846012008169,11960891,0.0000,1.0
2015-12-07,77.54,78.5,77.54,78.37,58.19947731736866,9459974,0.0000,1.0
2015-12-08,77.68,78.5,77.35,77.75,57.739050164928074,8312676,0.0000,1.0
2015-12-09,77.6,78.99,77.44,77.7,57.70191894295706,10081941,0.0000,1.0
2015-12-10,77.91,78.54,77.57,77.79,57.76875514250489,8984179,0.0000,1.0
2015-12-11,77.51,78.33,77.11,77.78,57.76132889811068,12280492,0.0000,1.0
2015-12-14,77.63,78.53,77.44,78.29,58.140067362215035,12177054,0.0000,1.0
2015-12-15,78.71,80.0,78.48,79.68,59.17231533300925,14113427,0.0000,1.0
2015-12-16,79.98,81.23,79.8,80.99,60.14515334864983,14102635,0.0000,1.0
2015-12-17,80.98,81.03,80.2,80.29,59.62531624105563,9864248,0.0000,1.0
2015-12-18,79.95,80.12,78.13,78.13,58.02124745190778,21249370,0.0000,1.0
2015-12-21,78.63,78.98,78.15,78.95,58.63019949223243,9105313,0.0000,1.0
2015-12-22,79.16,79.745,78.88,79.6,59.11290537785562,9871875,0.0000,1.0
2015-12-23,79.95,80.43,79.5,79.92,59.350545198470115,8253573,0.0000,1.0
2015-12-24,79.66,80.15,79.6,79.79,59.25400402134548,2498020,0.0000,1.0
2015-12-28,79.74,79.9653,79.47,79.92,59.350545198470115,4149999,0.0000,1.0
2015-12-29,80.22,80.61,79.85,80.36,59.677299951815044,4405398,0.0000,1.0
2015-12-30,80.46,80.5,80.0,80.07,59.46193886438316,3793159,0.0000,1.0
2015-12-31,79.91,80.04,79.31,79.41,58.971806734365764,5077736,0.0000,1.0
2016-01-04,78.36,78.5,77.54,78.37,58.19947731736866,11529480,0.0000,1.0
2016-01-05,78.44,78.96,78.21,78.62,58.385133427223735,8129329,0.0000,1.0
2016-01-06,77.67,78.285,77.12,77.86,57.8207388532643,9551003,0.0000,1.0
2016-01-07,76.85,77.6,76.07,77.18,57.31575423445851,11972100,0.0000,1.0
2016-01-08,77.36,77.48,75.671,75.97,56.417178662759945,9675857,0.0000,1.0
2016-01-11,76.17,77.04,75.6,76.67,56.93701577035415,10208539,0.0000,1.0
2016-01-12,77.0,77.02,75.75,76.51,56.818195860046906,8772816,0.0000,1.0
2016-01-13,76.97,76.99,75.79,75.85,56.328063730029506,9310123,0.0000,1.0
2016-01-14,76.1,76.9495,75.88,76.15,56.5508510618556,12834480,0.0000,1.0
2016-01-15,74.5,75.68,74.47,74.98,55.68198046773385,17023256,0.0000,1.0
2016-01-19,75.8,76.91,75.72,76.73,56.98157323671937,13457281,0.0000,1.0
2016-01-20,75.29,76.09,74.46,75.83,56.805496982132816,17795006,0.6629,1.0
2016-01-21,76.02,77.18,75.41,76.72,57.47221058247698,12710454,0.0000,1.0
2016-01-22,77.4,77.97,76.55,77.36,57.95164508160088,9465787,0.0000,1.0
2016-01-25,77.2,77.36,76.5571,76.85,57.569595715111525,9869807,0.0000,1.0
2016-01-26,78.0,79.58,77.54,78.81,59.03786386867846,16374650,0.0000,1.0
2016-01-27,78.53,79.85,78.15,78.8,59.03037270462965,10814720,0.0000,1.0
2016-01-28,79.4,80.0,78.61,79.82,59.79447143760835,9894121,0.0000,1.0
2016-01-29,79.98,82.0,79.83,81.69,61.19531911473599,19893903,0.0000,1.0
2016-02-01,81.21,81.4,80.53,81.12,60.76832276395377,9657184,0.0000,1.0
2016-02-02,80.09,80.54,79.81,80.22,60.09411799956079,9116414,0.0000,1.0
2016-02-03,80.48,81.24,80.02,81.1,60.753340435856146,10149588,0.0000,1.0
2016-02-04,80.85,81.1,80.33,80.7,60.45369387390372,8294739,0.0000,1.0
2016-02-05,80.58,81.2,80.57,81.2,60.828252076344256,9957558,0.0000,1.0
2016-02-08,80.29,82.72,80.29,82.62,61.8919973712754,16530157,0.0000,1.0
2016-02-09,81.83,83.0,81.021,82.64,61.906979699373025,14308186,0.0000,1.0
2016-02-10,82.91,83.0,81.46,81.62,61.142880966394316,10584587,0.0000,1.0
2016-02-11,80.39,80.99,79.63,79.9,59.854400749998845,12342812,0.0000,1.0
2016-02-12,80.36,81.02,79.79,80.99,60.67093763131923,9306055,0.0000,1.0
2016-02-16,81.99,81.99,80.84,81.47,61.03051350566215,9352104,0.0000,1.0
2016-02-17,81.65,82.83,81.51,82.45,61.76464758244562,10892940,0.0000,1.0
2016-02-18,82.23,82.32,81.21,81.98,61.412562872151504,7702583,0.0000,1.0
2016-02-19,81.96,82.26,81.4,81.79,61.270230755224105,7709648,0.0000,1.0
2016-02-22,82.07,82.67,81.71,82.13,61.52493033288366,6916394,0.0000,1.0
2016-02-23,82.0,82.46,81.615,81.81,61.28521308332172,5840568,0.0000,1.0
2016-02-24,81.26,81.64,80.66,81.56,61.09793398210145,6759068,0.0000,1.0
2016-02-25,81.7,82.34,81.47,82.34,61.6822447779087,6789053,0.0000,1.0
2016-02-26,82.52,82.65,80.95,81.1,60.753340435856146,9280910,0.0000,1.0
2016-02-29,81.1,81.35,80.21,80.29,60.14655614790247,11052435,0.0000,1.0
2016-03-01,80.54,81.365,80.53,81.23,60.85072556849069,9482539,0.0000,1.0
2016-03-02,81.58,82.66,80.85,82.55,61.83955922293372,12096592,0.0000,1.0
2016-03-03,82.54,82.93,82.18,82.84,62.05680298034924,8747057,0.0000,1.0
2016-03-04,82.62,83.74,82.26,83.49,62.54372864352194,9406671,0.0000,1.0
2016-03-07,83.18,83.7,83.0,83.1,62.25157324561832,6792402,0.0000,1.0
2016-03-08,82.97,83.75,82.67,83.06,62.22160858942308,7744233,0.0000,1.0
2016-03-09,83.3,83.69,82.68,82.96,62.14669694893497,8954549,0.0000,1.0
2016-03-10,83.13,83.23,81.75,82.28,61.63729779361583,10385468,0.0000,1.0
2016-03-11,82.75,82.8,81.44,81.75,61.24026609902885,11109536,0.0000,1.0
2016-03-14,81.57,81.852,80.68,81.17,60.805778584197824,12389311,0.0000,1.0
2016-03-15,81.0,81.46,80.76,81.31,60.910654880881175,9297842,0.0000,1.0
2016-03-16,81.31,81.8,80.48,81.34,60.933128373027614,9490276,0.0000,1.0
2016-03-17,81.29,83.225,81.28,82.75,61.989382503909944,12061490,0.0000,1.0
2016-03-18,82.86,83.5,82.44,83.15,62.28902906586238,33635172,0.0000,1.0
2016-03-21,83.12,83.87,82.91,83.32,62.416378854692155,8625579,0.0000,1.0
2016-03-22,83.28,83.32,82.485,82.74,61.98189133986113,7205943,0.0000,1.0
2016-03-23,82.72,83.49,82.58,82.82,62.04182065225161,5594556,0.0000,1.0
2016-03-24,82.46,83.1199,82.43,82.89,62.094258800593295,6645546,0.0000,1.0
2016-03-28,82.99,83.45,82.52,82.62,61.8919973712754,4988467,0.0000,1.0
2016-03-29,82.66,83.0901,82.16,82.8,62.02683832415399,6731392,0.0000,1.0
2016-03-30,83.09,83.36,82.65,82.68,61.93694435556827,6925060,0.0000,1.0
2016-03-31,82.75,83.0,82.1533,82.31,61.65977128576226,6819225,0.0000,1.0
2016-04-01,82.0,83.62,81.93,83.53,62.57369329971719,8028506,0.0000,1.0
2016-04-04,83.65,83.65,83.03,83.21,62.333976050155236,5593417,0.0000,1.0
2016-04-05,83.16,83.56,82.985,83.16,62.29652022991118,5259066,0.0000,1.0
2016-04-06,83.14,83.84,83.08,83.81,62.78344589308389,6292095,0.0000,1.0
2016-04-07,83.24,83.68,82.87,83.24,62.35644954230167,6655914,0.0000,1.0
2016-04-08,83.44,83.45,82.77,83.2,62.326484886106435,5452535,0.0000,1.0
2016-04-11,83.03,83.34,82.66,82.73,61.97440017581232,7081525,0.0000,1.0
2016-04-12,82.71,83.21,82.45,82.83,62.049311816300424,7081592,0.0000,1.0
2016-04-13,83.05,83.43,81.84,82.46,61.77213874649442,11736217,0.0000,1.0
2016-04-14,81.95,82.365,81.54,82.01,61.93656979736583,6904390,0.6695,1.0
2016-04-15,82.05,82.43,81.854,82.3,62.15558705430078,7299104,0.0000,1.0
2016-04-18,82.29,82.99,82.02,82.83,62.55585997214744,5627974,0.0000,1.0
2016-04-19,82.91,83.7,82.85,83.28,62.89571433635686,6606143,0.0000,1.0
2016-04-20,83.29,83.34,81.48,81.55,61.58916311395175,9123203,0.0000,1.0
2016-04-21,81.04,81.31,80.55,80.8,61.022739173602716,8802047,0.0000,1.0
2016-04-22,80.4,80.95,79.91,80.95,61.13602396167253,8025753,0.0000,1.0
2016-04-25,80.92,81.48,80.42,81.41,61.48343064508659,7672811,0.0000,1.0
2016-04-26,81.5,81.5,79.21,79.55,60.07869927302099,13741643,0.0000,1.0
2016-04-27,79.47,80.15,79.1,79.89,60.33547812597922,7688888,0.0000,1.0
2016-04-28,79.48,80.265,79.39,79.76,60.23729797631872,7615858,0.0000,1.0
2016-04-29,79.67,80.15,79.37,80.12,60.50918146768626,9390952,0.0000,1.0
2016-05-02,80.02,81.3,80.02,80.97,61.15112860008183,7862625,0.0000,1.0
2016-05-03,80.8,81.7,80.69,81.1,61.249308749742326,7617484,0.0000,1.0
2016-05-04,80.87,81.77,80.87,81.6,61.626924709975015,7365495,0.0000,1.0
2016-05-05,81.6,82.09,80.92,81.3,61.400355133835404,6399874,0.0000,1.0
2016-05-06,81.42,82.25,81.17,82.13,62.02719762782167,6297747,0.0000,1.0
2016-05-09,82.21,82.73,81.965,82.12,62.01964530861702,6718565,0.0000,1.0
2016-05-10,82.15,82.6799,82.12,82.48,62.291528799984555,6223160,0.0000,1.0
2016-05-11,82.5,82.885,82.13,82.15,62.04230226623098,5974299,0.0000,1.0
2016-05-12,82.48,82.74,82.11,82.41,62.23866256555198,4925007,0.0000,1.0
2016-05-13,82.42,82.42,81.0,81.23,61.34748889940283,6578134,0.0000,1.0
2016-05-16,81.01,81.89,80.75,81.63,61.649581667588976,6497236,0.0000,1.0
2016-05-17,81.64,82.06,80.325,80.62,60.88679742791895,10188233,0.0000,1.0
2016-05-18,80.59,80.77,79.413,79.85,60.3052688491606,8344069,0.0000,1.0
2016-05-19,79.64,80.225,79.45,80.19,60.56204770211883,6242522,0.0000,1.0
2016-05-20,80.44,80.5,79.7901,80.02,60.433658275639715,6526795,0.0000,1.0
2016-05-23,80.05,80.33,79.85,80.2,60.56960002132349,5620560,0.0000,1.0
2016-05-24,80.3,81.38,80.3,80.97,61.15112860008183,6292952,0.0000,1.0
2016-05-25,81.08,81.7801,81.01,81.48,61.53629687951918,6050617,0.0000,1.0
2016-05-26,81.48,81.6,81.09,81.22,61.33993658019818,4622328,0.0000,1.0
2016-05-27,81.27,81.66,81.16,81.43,61.49853528349591,4322195,0.0000,1.0
2016-05-31,81.58,81.82,80.74,81.04,61.20399483451441,6705032,0.0000,1.0
2016-06-01,80.95,81.8,80.86,81.79,61.770418774863444,6183908,0.0000,1.0
2016-06-02,81.53,81.95,81.3299,81.95,61.891255882137905,5186323,0.0000,1.0
2016-06-03,81.93,82.49,81.78,82.47,62.2839764807799,6306519,0.0000,1.0
2016-06-06,82.4,82.83,82.2347,82.77,62.51054605691951,5292348,0.0000,1.0
2016-06-07,82.76,82.89,82.25,82.32,62.170691692710086,6327475,0.0000,1.0
2016-06-08,82.37,82.75,82.02,82.65,62.41991822646367,4712567,0.0000,1.0
2016-06-09,82.58,83.26,82.43,83.17,62.812638825105665,6144895,0.0000,1.0
2016-06-10,82.77,83.34,82.61,83.2,62.83529578271963,6840768,0.0000,1.0
2016-06-13,82.96,83.4,82.53,82.57,62.35949967282643,6167444,0.0000,1.0
2016-06-14,82.55,83.37,82.27,83.35,62.94858057078943,6868619,0.0000,1.0
2016-06-15,83.4,83.5,82.819,82.95,62.64648780260328,7081953,0.0000,1.0
2016-06-16,82.67,83.609,82.66,83.41,62.99389448601735,6630088,0.0000,1.0
2016-06-17,83.31,83.44,82.35,83.13,62.78242954828705,11741742,0.0000,1.0
2016-06-20,83.52,83.7,83.03,83.04,62.71445867544517,6164326,0.0000,1.0
2016-06-21,83.09,83.78,83.09,83.41,62.99389448601735,6594737,0.0000,1.0
2016-06-22,83.5,83.76,83.29,83.57,63.114731593291815,4939053,0.0000,1.0
2016-06-23,83.81,84.21,83.57,84.21,63.59808002238966,7359818,0.0000,1.0
2016-06-24,82.61,83.82,81.99,82.26,62.12537777748217,12400528,0.0000,1.0
2016-06-27,81.83,81.89,81.0,81.23,61.34748889940283,9619036,0.0000,1.0
2016-06-28,81.44,82.49,80.95,82.46,62.27642416157524,9257100,0.0000,1.0
2016-06-29,82.96,83.91,82.91,83.91,63.37151044625004,7927516,0.0000,1.0
2016-06-30,83.91,84.8,83.82,84.67,63.94548670580374,10969296,0.0000,1.0
2016-07-01,84.52,84.99,84.51,84.78,64.02856221705493,9530706,0.0000,1.0
2016-07-05,84.48,85.95,84.45,85.44,64.52701528456208,11395171,0.0000,1.0
2016-07-06,85.37,85.5,84.74,85.03,64.21737019717128,8356546,0.0000,1.0
2016-07-07,85.23,85.24,84.525,84.83,64.0663238130782,7905843,0.0000,1.0
2016-07-08,84.98,85.9,84.77,85.77,64.77624181831565,6827349,0.0000,1.0
2016-07-11,85.61,85.95,84.91,85.75,64.76113717990634,6156824,0.0000,1.0
2016-07-12,85.49,85.94,85.19,85.75,64.76113717990634,6649502,0.0000,1.0
2016-07-13,85.81,86.15,85.41,85.89,64.8668696487715,7571473,0.0000,1.0
2016-07-14,86.44,86.89,85.85,85.87,64.8517650103622,11342573,0.0000,1.0
2016-07-15,86.25,86.48,85.79,86.01,64.95749747922736,8491347,0.0000,1.0
2016-07-18,86.02,86.05,85.7,85.93,64.89707892559012,4781778,0.0000,1.0
2016-07-19,85.67,86.18,85.56,86.17,65.07833458650181,6077431,0.0000,1.0
2016-07-20,85.38,85.73,85.13,85.32,64.9420152248578,6289008,0.6695,1.0
2016-07-21,85.02,85.37,84.88,85.26,64.89634573454497,5471094,0.0000,1.0
2016-07-22,85.5,85.98,85.45,85.72,65.24647849361007,6165618,0.0000,1.0
2016-07-25,85.53,85.8,85.15,85.8,65.30737114736051,5604454,0.0000,1.0
2016-07-26,85.68,86.08,85.17,85.27,64.90395731626377,5377632,0.0000,1.0
2016-07-27,85.24,85.3,84.32,84.46,64.28741919704044,7744552,0.0000,1.0
2016-07-28,84.42,84.9795,84.402,84.81,64.55382455719867,5911575,0.0000,1.0
2016-07-29,84.89,85.79,84.8,85.59,65.14752793126559,7520867,0.0000,1.0
2016-08-01,85.44,86.58,85.42,86.41,65.77167763220771,10419954,0.0000,1.0
2016-08-02,87.02,87.15,86.24,86.76,66.03808299236596,13083211,0.0000,1.0
2016-08-03,86.51,86.72,85.46,85.97,65.43676803658023,8192099,0.0000,1.0
2016-08-04,86.12,86.53,85.8,86.05,65.49766069033068,5564060,0.0000,1.0
2016-08-05,86.08,86.44,85.53,85.78,65.2921479839229,6729690,0.0000,1.0
2016-08-08,85.61,85.9,85.13,85.76,65.27692482048529,5388137,0.0000,1.0
2016-08-09,85.86,86.341,85.68,85.99,65.45199120001784,4158784,0.0000,1.0
2016-08-10,86.26,86.82,86.0,86.31,65.69556181501966,5981436,0.0000,1.0
2016-08-11,86.7,87.0,86.4,86.73,66.01524824720954,7387106,0.0000,1.0
2016-08-12,86.92,87.45,86.775,87.04,66.25120728049254,8063375,0.0000,1.0
2016-08-15,87.52,87.57,86.99,87.02,66.23598411705493,6871164,0.0000,1.0
2016-08-16,86.98,87.4,86.47,86.58,65.90107452142743,8071056,0.0000,1.0
2016-08-17,86.45,87.11,85.97,86.96,66.19031462674208,6762059,0.0000,1.0
2016-08-18,86.94,87.46,86.94,87.44,66.5556705492448,7082804,0.0000,1.0
2016-08-19,87.2,87.41,87.05,87.31,66.45671998690031,6199917,0.0000,1.0
2016-08-22,87.14,87.21,86.5801,86.85,66.1065872278352,5921119,0.0000,1.0
2016-08-23,87.13,87.5,87.035,87.4,66.52522422236957,5420104,0.0000,1.0
2016-08-24,87.32,87.45,86.56,87.31,66.45671998690031,5713285,0.0000,1.0
2016-08-25,87.3,87.94,87.04,87.9,66.90580330830991,10594773,0.0000,1.0
2016-08-26,87.87,88.5,87.166,87.58,66.66223269330808,16408187,0.0000,1.0
2016-08-29,87.39,88.4,87.32,88.3,67.21026657706217,8934447,0.0000,1.0
2016-08-30,87.72,88.3,87.46,87.54,66.63178636643288,11618492,0.0000,1.0
2016-08-31,87.75,87.85,87.025,87.31,66.45671998690031,11407806,0.0000,1.0
2016-09-01,87.36,88.31,86.98,88.31,67.21787815878098,29793308,0.0000,1.0
2016-09-02,88.48,88.87,88.04,88.2,67.1341507598741,17467091,0.0000,1.0
2016-09-06,88.25,88.64,87.88,88.64,67.4690603555016,14472067,0.0000,1.0
2016-09-07,88.31,88.41,87.71,87.95,66.94386121690394,17556418,0.0000,1.0
2016-09-08,87.95,88.18,87.63,87.78,66.81446432768422,23465734,0.0000,1.0
2016-09-09,87.1,87.17,86.24,86.24,65.642280742988,21954951,0.0000,1.0
2016-09-12,86.04,88.38,85.96,88.25,67.17220866846813,16105710,0.0000,1.0
2016-09-13,87.55,87.91,87.01,87.05,66.25881886221134,19682706,0.0000,1.0
2016-09-14,87.12,87.6,86.87,87.01,66.22837253533612,25396147,0.0000,1.0
2016-09-15,86.75,88.27,86.75,88.06,67.02758861581081,13891454,0.0000,1.0
2016-09-16,87.619,88.11,87.3,88.05,67.019977034092,23518263,0.0000,1.0
2016-09-19,87.92,88.95,87.25,88.37,67.26354764909382,19173546,0.0000,1.0
2016-09-20,88.5,88.9488,88.18,88.58,67.42339086518875,33986484,0.0000,1.0
2016-09-21,88.54,88.79,86.44,87.8,66.82968749112183,55409813,0.0000,1.0
2016-09-22,87.77,89.3,87.77,88.99,67.73546571565981,52692368,0.0000,1.0
2016-09-23,88.63,88.935,87.49,87.76,66.79924116424661,48281375,0.0000,1.0
2016-09-26,87.42,88.43,86.61,87.85,66.86774539971587,60276563,0.0000,1.0
2016-09-27,88.06,88.81,87.66,88.36,67.255936067375,65150794,0.0000,1.0
2016-09-28,88.98,89.725,88.47,89.46,68.09321005644372,89805959,0.0000,1.0
2016-09-29,89.16,89.27,87.54,88.23,67.15698550503052,74587358,0.0000,1.0
2016-09-30,88.3,90.22,88.29,89.75,68.31394592628912,123724322,0.0000,1.0
2016-10-03,89.35,89.45,88.41,88.66,67.48428351893921,26789542,0.0000,1.0
2016-10-04,88.29,88.68,87.95,88.35,67.2483244856562,23317644,0.0000,1.0
2016-10-05,88.48,89.0,88.21,88.85,67.62890357159652,64580261,0.0000,1.0
2016-10-06,88.83,89.73,88.47,89.22,67.91053209519237,61462572,0.0000,1.0
2016-10-07,89.01,90.05,88.3,90.0,68.50423546925929,20438186,0.0000,1.0
2016-10-10,90.19,90.33,88.78,89.06,67.78874678769147,15492383,0.0000,1.0
2016-10-11,88.83,89.12,88.2,88.54,67.39294453831353,11723000,0.0000,1.0
2016-10-12,88.74,89.01,88.33,88.57,67.41577928346994,17118011,0.0000,1.0
2016-10-13,88.05,88.57,87.6,88.24,67.16459708674932,11158075,0.0000,1.0
2016-10-14,88.5,88.96,88.22,88.43,67.30921713940666,7368968,0.0000,1.0
2016-10-17,88.43,88.65,87.71,87.83,66.85252223627826,7610568,0.0000,1.0
2016-10-18,88.21,88.27,87.435,87.45,66.56328213096361,10749527,0.0000,1.0
2016-10-19,86.65,86.82,85.44,85.54,65.61906541874565,12788794,0.6695,1.0
2016-10-20,85.38,85.52,84.7875,84.93,65.15112492417661,10175116,0.0000,1.0
2016-10-21,84.41,84.86,84.24,84.33,64.69085558525624,13974139,0.0000,1.0
2016-10-24,84.39,84.7,84.06,84.1,64.51441900533678,10571413,0.0000,1.0
2016-10-25,87.49,88.08,86.97,86.97,66.71604067650583,20760622,0.0000,1.0
2016-10-26,86.91,87.74,86.78,87.4,67.04590036939875,8464058,0.0000,1.0
2016-10-27,87.51,87.6,86.45,86.58,66.4168656062076,6598279,0.0000,1.0
2016-10-28,86.87,87.23,86.45,86.84,66.61631565307309,7020989,0.0000,1.0
2016-10-31,87.01,87.47,86.69,86.8,66.58563103047838,8207137,0.0000,1.0
2016-11-01,86.58,86.99,86.48,86.85,66.62398680872175,8564471,0.0000,1.0
2016-11-02,86.77,87.41,86.56,86.74,66.53960409658634,7773237,0.0000,1.0
2016-11-03,86.8,86.98,86.47,86.6,66.43220791750494,6899931,0.0000,1.0
2016-11-04,86.69,86.73,85.07,85.08,65.2661922589067,9378118,0.0000,1.0
2016-11-07,86.02,86.57,85.6,86.56,66.40152329491025,8878455,0.0000,1.0
2016-11-08,86.77,87.69,86.59,87.46,67.09192730329077,7674584,0.0000,1.0
2016-11-09,85.26,86.5422,84.31,85.93,65.91824048904388,11972512,0.0000,1.0
2016-11-10,85.51,85.7,82.18,82.96,63.639907261388096,22094970,0.0000,1.0
2016-11-11,82.67,84.055,82.65,83.58,64.1155189116058,8905669,0.0000,1.0
2016-11-14,83.56,83.78,82.76,83.0,63.670591883982794,12862496,0.0000,1.0
2016-11-15,84.58,84.58,82.88,83.62,64.1462035342005,9464037,0.0000,1.0
2016-11-16,83.98,84.2,83.17,83.19,63.81634384130757,8542909,0.0000,1.0
2016-11-17,83.27,83.5,82.93,83.07,63.7242899735235,9083724,0.0000,1.0
2016-11-18,82.92,83.1,81.99,82.0,62.903476319115526,14565456,0.0000,1.0
2016-11-21,82.1,82.75,81.71,82.64,63.39443028063058,11482061,0.0000,1.0
2016-11-22,83.01,83.1817,82.66,82.76,63.486484148414654,7426494,0.0000,1.0
2016-11-23,82.59,82.93,82.52,82.68,63.42511490322527,10763830,0.0000,1.0
2016-11-25,82.99,83.46,82.95,83.46,64.02346504382173,3883098,0.0000,1.0
2016-11-28,83.13,83.36,82.755,83.07,63.7242899735235,6990064,0.0000,1.0
2016-11-29,83.42,83.48,82.69,82.89,63.58620917184739,6183113,0.0000,1.0
2016-11-30,82.52,82.83,82.26,82.46,63.25634947895446,12115374,0.0000,1.0
2016-12-01,82.21,82.32,81.18,81.86,62.796080140034114,12516920,0.0000,1.0
2016-12-02,82.35,82.68,82.07,82.4,63.21032254506244,9079412,0.0000,1.0
2016-12-05,82.559,83.08,82.48,82.99,63.662920728334115,8597543,0.0000,1.0
2016-12-06,83.24,83.25,82.61,82.91,63.60155148314474,7327194,0.0000,1.0
2016-12-07,82.74,84.28,82.711,84.18,64.57578825052617,8567706,0.0000,1.0
2016-12-08,83.79,84.18,83.5,83.5,64.05414966641642,7507268,0.0000,1.0
2016-12-09,83.519,84.4,83.47,84.37,64.72154020785095,8004453,0.0000,1.0
2016-12-12,84.21,85.1844,84.21,85.13,65.30454803715006,7493615,0.0000,1.0
2016-12-13,84.67,85.36,84.53,85.18,65.34290381539343,11795940,0.0000,1.0
2016-12-14,85.29,85.74,84.17,84.37,64.72154020785095,12291445,0.0000,1.0
2016-12-15,84.15,84.8,83.61,84.68,64.9593460329598,8768128,0.0000,1.0
2016-12-16,84.9,85.12,84.15,84.68,64.9593460329598,21172420,0.0000,1.0
2016-12-19,84.75,84.975,84.32,84.71,64.98235949990581,6431166,0.0000,1.0
2016-12-20,84.57,84.71,84.19,84.57,64.87496332082439,7485433,0.0000,1.0
2016-12-21,84.19,84.725,84.12,84.28,64.65249980701289,6099334,0.0000,1.0
2016-12-22,84.0,84.61,83.87,84.47,64.79825176433766,7864777,0.0000,1.0
2016-12-23,84.68,85.18,84.55,84.96,65.17413839112263,5283719,0.0000,1.0
2016-12-27,84.8984,84.94,84.42,84.6,64.8979767877704,3782537,0.0000,1.0
2016-12-28,84.4,84.63,83.945,84.07,64.49140553839075,4298812,0.0000,1.0
2016-12-29,84.24,84.49,84.1,84.35,64.70619789655359,3718306,0.0000,1.0
2016-12-30,84.17,84.45,83.92,84.08,64.49907669403943,6209846,0.0000,1.0
2017-01-03,83.88,84.39,83.5,84.2,64.5911305618235,8792706,0.0000,1.0
2017-01-04,84.45,84.6016,84.2354,84.5,64.82126523128369,8096650,0.0000,1.0
2017-01-05,84.41,85.4274,84.38,85.06,65.25084994760935,6852435,0.0000,1.0
2017-01-06,84.941,85.25,84.62,85.03,65.22783648066334,4799945,0.0000,1.0
2017-01-09,84.06,84.66,83.75,84.4,64.74455367479696,11000479,0.0000,1.0
2017-01-10,84.34,84.43,83.24,83.49,64.04647851076774,10918153,0.0000,1.0
2017-01-11,83.39,83.75,83.275,83.75,64.24592855763323,9572286,0.0000,1.0
2017-01-12,83.71,83.88,83.3701,83.84,64.3149689584713,6545444,0.0000,1.0
2017-01-13,83.85,84.02,83.44,84.01,64.44537860449873,6762626,0.0000,1.0
2017-01-17,83.9,85.58,83.88,85.21,65.36591728233944,13145073,0.0000,1.0
2017-01-18,84.8,85.3,84.59,84.93,65.66470879485524,10521181,0.6695,1.0
2017-01-19,84.63,85.0,84.28,84.7,65.48688137200328,14074464,0.0000,1.0
2017-01-20,86.89,87.975,86.42,87.45,67.61307881914625,22926300,0.0000,1.0
2017-01-23,87.09,87.35,86.85,86.96,67.23422909220076,9408004,0.0000,1.0
2017-01-24,87.22,87.95,87.22,87.86,67.93007552944756,8704722,0.0000,1.0
2017-01-25,87.84,87.9,87.06,87.16,67.38886163381117,8082874,0.0000,1.0
2017-01-26,87.12,87.23,86.59,86.6,66.95589051730205,6540385,0.0000,1.0
2017-01-27,86.45,86.85,86.02,86.72,67.0486700422683,9332303,0.0000,1.0
2017-01-30,86.78,86.86,86.5,86.75,67.07186492350986,7349936,0.0000,1.0
2017-01-31,86.63,87.66,86.53,87.6,67.72905322535404,9707265,0.0000,1.0
2017-02-01,87.03,87.59,86.75,87.33,67.52029929418,8291514,0.0000,1.0
2017-02-02,87.61,88.35,87.25,87.76,67.85275925864237,8997158,0.0000,1.0
2017-02-03,88.12,88.17,87.39,87.41,67.58215231082417,7161948,0.0000,1.0
2017-02-06,87.5,87.785,87.13,87.4,67.57442068374365,7482963,0.0000,1.0
2017-02-07,87.64,88.28,87.475,88.01,68.04604993565536,6646055,0.0000,1.0
2017-02-08,88.07,88.34,87.81,88.33,68.29346200223199,6815753,0.0000,1.0
2017-02-09,88.25,88.78,88.03,88.67,68.55633732296967,9914070,0.0000,1.0
2017-02-10,88.56,88.73,87.965,87.97,68.01512342733328,11057552,0.0000,1.0
2017-02-13,88.04,88.355,87.64,88.31,68.27799874807096,6905130,0.0000,1.0
2017-02-14,88.0,88.22,87.23,87.86,67.93007552944756,20110631,0.0000,1.0
2017-02-15,89.81,91.15,89.81,91.12,70.45058595769704,25847697,0.0000,1.0
2017-02-16,90.92,91.12,90.54,90.79,70.19544226403988,12408473,0.0000,1.0
2017-02-17,90.61,91.36,90.45,91.09,70.42739107645548,12152228,0.0000,1.0
2017-02-21,90.58,91.8,90.58,91.67,70.87582544712564,9018703,0.0000,1.0
2017-02-22,91.45,91.8,91.25,91.44,70.69799802427367,6749919,0.0000,1.0
2017-02-23,91.61,91.8,90.91,91.13,70.45831758477756,7611638,0.0000,1.0
2017-02-24,90.97,91.34,90.67,91.05,70.3964645681334,6643265,0.0000,1.0
2017-02-27,90.53,90.91,90.06,90.89,70.27275853484508,11840268,0.0000,1.0
2017-02-28,90.9,91.79,90.65,91.07,70.41192782229443,10535619,0.0000,1.0
2017-03-01,91.05,91.89,90.71,91.66,70.8680938200451,8792150,0.0000,1.0
2017-03-02,91.4,91.585,90.88,90.91,70.28822178900612,7030935,0.0000,1.0
2017-03-03,90.8,90.82,89.8948,90.5,69.9712250787048,8341071,0.0000,1.0
2017-03-06,89.89,90.51,89.59,90.37,69.87071392665806,9533795,0.0000,1.0
2017-03-07,90.14,90.49,90.06,90.29,69.80886091001389,5362951,0.0000,1.0
2017-03-08,90.02,90.35,89.76,90.14,69.6928865038061,5513405,0.0000,1.0
2017-03-09,90.14,90.49,90.095,90.34,69.84751904541649,5587379,0.0000,1.0
2017-03-10,90.8,91.16,90.65,91.07,70.41192782229443,6797742,0.0000,1.0
2017-03-13,91.06,91.49,90.85,91.31,70.59748687222692,7397472,0.0000,1.0
2017-03-14,91.26,91.59,90.82,91.0,70.3578064327308,6686388,0.0000,1.0
2017-03-15,91.0,91.78,90.73,91.4,70.6670715159516,7855256,0.0000,1.0
2017-03-16,91.44,91.7199,91.1,91.44,70.69799802427367,6601208,0.0000,1.0
2017-03-17,91.45,92.0,90.92,91.0,70.3578064327308,37010081,0.0000,1.0
2017-03-20,90.96,91.41,90.94,91.22,70.52790222850224,7772903,0.0000,1.0
2017-03-21,91.3,91.75,91.03,91.19,70.50470734726068,8210951,0.0000,1.0
2017-03-22,91.31,91.8,90.75,90.99,70.35007480565028,7798024,0.0000,1.0
2017-03-23,90.91,91.46,90.6,90.77,70.17997900987883,6831401,0.0000,1.0
2017-03-24,90.77,90.915,90.21,90.57,70.02534646826844,9251949,0.0000,1.0
2017-03-27,90.45,90.715,90.18,90.49,69.96349345162429,10071996,0.0000,1.0
2017-03-28,90.17,91.0599,90.13,90.76,70.17224738279833,11855807,0.0000,1.0
2017-03-29,90.56,90.87,90.39,90.6,70.04854134951,4252782,0.0000,1.0
2017-03-30,90.5,90.568,90.1,90.2,69.73927626628921,3691926,0.0000,1.0
2017-03-31,90.03,90.34,89.84,89.85,69.46866931847102,6942356,0.0000,1.0
2017-04-03,89.86,90.06,89.45,89.68,69.33723165810218,6967439,0.0000,1.0
2017-04-04,89.75,89.96,89.42,89.91,69.51505908095413,5680617,0.0000,1.0
2017-04-05,90.0,90.5,89.76,89.97,69.56144884343726,6320139,0.0000,1.0
2017-04-06,89.77,89.81,89.31,89.4,69.12074609984762,7231506,0.0000,1.0
2017-04-07,89.46,89.61,89.18,89.23,68.98930843947879,4739040,0.0000,1.0
2017-04-10,89.13,89.679,88.75,89.49,69.1903307435723,5955986,0.0000,1.0
2017-04-11,89.66,89.82,89.29,89.8,69.43001118306842,5184691,0.0000,1.0
2017-04-12,89.7,90.421,89.56,90.31,69.82432416417494,6286312,0.0000,1.0
2017-04-13,90.05,90.54,89.79,90.03,69.60783860592038,5040104,0.0000,1.0
2017-04-17,90.23,90.59,90.13,90.39,69.88617718081909,6931678,0.0000,1.0
2017-04-18,90.4,91.13,90.34,90.8,70.2031738911204,7087796,0.0000,1.0
2017-04-19,90.1,90.45,89.5,89.6,69.80855164493066,6918993,0.6896,1.0
2017-04-20,89.7,89.7,89.31,89.33,69.59819105403633,6983481,0.0000,1.0
2017-04-21,89.17,89.28,88.61,88.62,69.04502061131424,9061218,0.0000,1.0
2017-04-24,89.12,89.655,89.01,89.55,69.76959597995022,8338467,0.0000,1.0
2017-04-25,89.58,90.25,89.47,90.0,70.12019696477411,7567565,0.0000,1.0
2017-04-26,89.85,90.0,87.61,87.74,68.35940090765867,11737797,0.0000,1.0
2017-04-27,87.58,88.24,87.23,87.69,68.32044524267823,8487187,0.0000,1.0
2017-04-28,87.52,87.59,87.15,87.33,68.03996445481914,8245411,0.0000,1.0
2017-05-01,87.38,87.5967,87.08,87.09,67.85297726291307,4530623,0.0000,1.0
2017-05-02,87.29,87.29,86.02,86.22,67.17514869225359,12797705,0.0000,1.0
2017-05-03,86.3,86.63,85.9,86.43,67.3387624851714,6114699,0.0000,1.0
2017-05-04,86.85,87.24,86.3,86.45,67.35434475116357,5977413,0.0000,1.0
2017-05-05,86.54,86.61,86.1335,86.5,67.393300416144,4453143,0.0000,1.0
2017-05-08,86.33,86.62,86.24,86.55,67.43225608112442,4623446,0.0000,1.0
2017-05-09,86.8,86.82,86.22,86.4,67.31538908618315,9277323,0.0000,1.0
2017-05-10,86.48,86.79,86.385,86.49,67.38550928314791,6178548,0.0000,1.0
2017-05-11,86.61,86.63,85.88,86.17,67.13619302727317,5989667,0.0000,1.0
2017-05-12,86.24,86.32,85.915,86.19,67.15177529326533,5786861,0.0000,1.0
2017-05-15,86.65,86.71,86.245,86.33,67.26085115521053,5780010,0.0000,1.0
2017-05-16,86.88,87.0,86.19,86.24,67.19073095824577,6539193,0.0000,1.0
2017-05-17,86.22,86.63,85.93,86.26,67.20631322423795,7655990,0.0000,1.0
2017-05-18,86.18,86.22,85.52,85.87,66.90245903739059,6909695,0.0000,1.0
2017-05-19,86.0,86.38,85.67,86.24,67.19073095824577,6907543,0.0000,1.0
2017-05-22,86.25,86.4,86.03,86.21,67.1673575592575,3854760,0.0000,1.0
2017-05-23,86.28,86.54,85.98,86.08,67.06607283030839,4042262,0.0000,1.0
2017-05-24,86.45,86.65,86.21,86.5,67.393300416144,4878832,0.0000,1.0
2017-05-25,86.58,86.98,86.55,86.86,67.67378120400309,4348129,0.0000,1.0
2017-05-26,86.93,87.38,86.816,87.25,67.97763539085045,4300230,0.0000,1.0
2017-05-30,87.25,87.61,87.095,87.4,68.09450238579174,4529248,0.0000,1.0
2017-05-31,87.67,88.35,87.45,88.09,68.63209056252168,9722825,0.0000,1.0
2017-06-01,88.02,88.14,87.37,88.13,68.66325509450601,6224485,0.0000,1.0
2017-06-02,88.4,88.675,88.005,88.59,69.02164721232597,6127232,0.0000,1.0
2017-06-05,88.3,88.76,88.0,88.74,69.13851420726726,4075575,0.0000,1.0
2017-06-06,88.76,88.97,88.45,88.8,69.18526100524377,6484831,0.0000,1.0
2017-06-07,88.68,88.8931,88.4,88.77,69.16188760625552,4775857,0.0000,1.0
2017-06-08,88.58,88.8,87.36,87.85,68.44510337061561,7611374,0.0000,1.0
2017-06-09,87.85,88.21,87.55,88.16,68.68662849349427,9695190,0.0000,1.0
2017-06-12,88.28,88.66,88.09,88.24,68.74895755746296,7838628,0.0000,1.0
2017-06-13,88.36,88.4,87.77,88.06,68.60871716353341,6281329,0.0000,1.0
2017-06-14,88.49,88.75,88.06,88.44,68.90478021738468,6180902,0.0000,1.0
2017-06-15,88.231,89.62,88.23,89.38,69.63714671901677,7003468,0.0000,1.0
2017-06-16,89.72,89.77,88.81,89.66,69.85529844290717,13824354,0.0000,1.0
2017-06-19,89.6,89.86,89.2046,89.86,70.0111211028289,5118742,0.0000,1.0
2017-06-20,89.77,90.21,89.61,89.63,69.83192504391891,5660582,0.0000,1.0
2017-06-21,89.62,89.9499,89.29,89.4,69.65272898500895,4060339,0.0000,1.0
2017-06-22,89.271,89.41,88.9,89.03,69.36445706415375,4359571,0.0000,1.0
2017-06-23,89.03,89.8,88.9,89.42,69.66831125100111,7676821,0.0000,1.0
2017-06-26,89.63,89.68,89.27,89.36,69.6215644530246,4338210,0.0000,1.0
2017-06-27,89.18,89.3,88.61,88.61,69.03722947831815,5119066,0.0000,1.0
2017-06-28,89.08,89.21,88.26,88.37,68.85024228641208,4807178,0.0000,1.0
2017-06-29,88.02,88.22,86.93,86.99,67.77506593295222,7163825,0.0000,1.0
2017-06-30,87.05,87.47,87.0,87.15,67.8997240608896,5937096,0.0000,1.0
2017-07-03,87.4,88.0,87.18,87.74,68.35940090765867,3607447,0.0000,1.0
2017-07-05,87.86,88.0,87.49,87.67,68.30486297668607,4950408,0.0000,1.0
2017-07-06,87.65,87.95,87.36,87.37,68.07112898680349,6005649,0.0000,1.0
2017-07-07,87.69,87.82,87.28,87.65,68.2892807106939,4814751,0.0000,1.0
2017-07-10,87.63,87.87,86.89,87.09,67.85297726291307,5257623,0.0000,1.0
2017-07-11,87.23,87.45,86.305,86.77,67.60366100703831,5804384,0.0000,1.0
2017-07-12,87.24,87.465,86.83,86.96,67.75169253396395,4363936,0.0000,1.0
2017-07-13,86.77,87.05,86.5,86.7,67.54912307606573,5444407,0.0000,1.0
2017-07-14,86.96,87.285,86.73,87.1,67.86076839590916,4406801,0.0000,1.0
2017-07-17,87.07,87.905,86.74,87.55,68.21136938073303,5226454,0.0000,1.0
2017-07-18,87.61,88.76,87.46,88.64,69.06060287730641,7413724,0.0000,1.0
2017-07-19,87.87,88.41,87.595,88.35,69.37193655182999,5984238,0.6896,1.0
2017-07-20,88.32,89.31,88.31,88.6,69.56823518383857,7209548,0.0000,1.0
2017-07-21,88.16,88.68,87.81,88.61,69.57608712911892,5632374,0.0000,1.0
2017-07-24,88.55,88.6,87.97,88.18,69.23845348206417,6120481,0.0000,1.0
2017-07-25,88.67,89.2,88.54,89.14,69.9922402289771,6719708,0.0000,1.0
2017-07-26,89.0,89.42,88.87,89.3,70.11787135346258,6980555,0.0000,1.0
2017-07-27,90.29,90.75,89.0,90.68,71.2014398021499,11008127,0.0000,1.0
2017-07-28,90.56,91.0,89.96,90.21,70.83239837397379,6111002,0.0000,1.0
2017-07-31,90.21,91.07,90.21,90.82,71.3113670360747,7787258,0.0000,1.0
2017-08-01,91.03,91.73,90.72,91.1,71.53122150392431,8186630,0.0000,1.0
2017-08-02,90.97,91.295,90.53,91.04,71.48410983224225,6844621,0.0000,1.0
2017-08-03,90.86,91.75,90.82,90.86,71.34277481719609,6402441,0.0000,1.0
2017-08-04,90.69,91.08,90.53,90.67,71.19358785686957,5818230,0.0000,1.0
2017-08-07,90.67,91.56,90.52,91.44,71.79818764345598,4970480,0.0000,1.0
2017-08-08,91.4,91.94,91.23,91.58,71.90811487738077,5571285,0.0000,1.0
2017-08-09,91.52,91.94,91.52,91.92,72.17508101691243,5560080,0.0000,1.0
2017-08-10,91.86,92.0,91.69,91.74,72.03374600186626,6290451,0.0000,1.0
2017-08-11,91.94,92.08,91.29,91.34,71.71966819065254,7092035,0.0000,1.0
2017-08-14,91.54,91.95,91.25,91.65,71.96307849434318,5339922,0.0000,1.0
2017-08-15,91.91,92.36,91.88,92.2,72.39493548476204,5253244,0.0000,1.0
2017-08-16,92.29,92.95,92.19,92.44,72.58338217149027,7873023,0.0000,1.0
2017-08-17,92.4,92.67,92.07,92.07,72.29286019611757,5427492,0.0000,1.0
2017-08-18,91.98,92.78,91.85,92.47,72.6069380073313,6768598,0.0000,1.0
2017-08-21,92.38,92.96,92.36,92.86,72.91316387326466,4305190,0.0000,1.0
2017-08-22,92.91,92.96,92.59,92.79,72.85820025630228,4667716,0.0000,1.0
2017-08-23,92.5,92.6644,92.28,92.44,72.58338217149027,3588211,0.0000,1.0
2017-08-24,92.44,92.57,92.04,92.27,72.44989910172444,5138560,0.0000,1.0
2017-08-25,92.65,92.86,92.41,92.51,72.63834578845267,4915903,0.0000,1.0
2017-08-28,92.52,92.7056,91.975,92.47,72.6069380073313,5315238,0.0000,1.0
2017-08-29,92.48,92.69,92.24,92.32,72.48915882812615,3631821,0.0000,1.0
2017-08-30,92.08,92.08,91.66,91.87,72.13582129051072,4698682,0.0000,1.0
2017-08-31,91.89,92.39,91.84,92.27,72.44989910172444,5833093,0.0000,1.0
2017-09-01,92.42,92.66,92.26,92.53,72.65404967901335,4958889,0.0000,1.0
2017-09-05,92.18,92.74,92.04,92.72,72.80323663933987,6524140,0.0000,1.0
2017-09-06,92.79,92.91,92.36,92.72,72.80323663933987,6560722,0.0000,1.0
2017-09-07,92.74,93.36,92.33,92.97,72.99953527134845,7671405,0.0000,1.0
2017-09-08,92.76,93.15,92.51,92.84,72.89745998270399,6052917,0.0000,1.0
2017-09-11,93.09,94.19,92.9,93.99,73.80043368994342,9989555,0.0000,1.0
2017-09-12,93.72,93.98,93.21,93.51,73.42354031648696,5802858,0.0000,1.0
2017-09-13,93.5,93.77,93.45,93.55,73.45494809760834,5298433,0.0000,1.0
2017-09-14,93.23,93.65,93.18,93.55,73.45494809760834,5487982,0.0000,1.0
2017-09-15,93.82,93.82,92.82,93.27,73.23509362975874,11885082,0.0000,1.0
2017-09-18,93.17,93.5,92.86,93.15,73.14087028639462,6148710,0.0000,1.0
2017-09-19,93.34,94.45,93.34,94.17,73.9417687049896,6569145,0.0000,1.0
2017-09-20,94.17,94.67,93.83,94.4,74.12236344643749,5749842,0.0000,1.0
2017-09-21,94.15,94.5,92.445,92.64,72.74042107709712,8591080,0.0000,1.0
2017-09-22,92.55,93.0,92.08,92.24,72.4263432658834,6753238,0.0000,1.0
2017-09-25,92.43,93.09,92.33,92.72,72.80323663933987,5961473,0.0000,1.0
2017-09-26,92.82,92.845,92.2,92.65,72.74827302237748,4805305,0.0000,1.0
2017-09-27,92.52,92.52,90.34,90.87,71.35062676247642,9458909,0.0000,1.0
2017-09-28,90.86,91.118,90.63,90.89,71.36633065303711,4897607,0.0000,1.0
2017-09-29,90.97,91.43,90.7,90.98,71.4369981605602,6482209,0.0000,1.0
2017-10-02,91.26,92.4,91.24,91.77,72.05730183770729,7284176,0.0000,1.0
2017-10-03,91.96,92.34,91.56,92.12,72.3321199225193,5902166,0.0000,1.0
2017-10-04,92.12,92.795,92.02,92.42,72.56767828092958,6131591,0.0000,1.0
2017-10-05,92.49,92.65,91.94,92.03,72.26145241499621,6807317,0.0000,1.0
2017-10-06,92.0,92.35,91.88,92.33,72.4970107734065,5240131,0.0000,1.0
2017-10-09,92.4,92.62,91.93,92.12,72.3321199225193,5147456,0.0000,1.0
2017-10-10,92.37,93.04,89.86,91.62,71.93952265850216,16370825,0.0000,1.0
2017-10-11,91.09,91.73,91.07,91.46,71.81389153401665,6959644,0.0000,1.0
2017-10-12,91.41,92.305,91.39,92.15,72.35567575836032,5861594,0.0000,1.0
2017-10-13,92.7,93.51,92.59,93.04,73.05449888831085,6915166,0.0000,1.0
2017-10-16,92.97,93.37,92.71,93.14,73.13301834111428,4082320,0.0000,1.0
2017-10-17,93.04,93.09,92.4,92.8,72.86605220158262,5281851,0.0000,1.0
2017-10-18,92.78,92.95,92.01,92.77,72.84249636574158,7398825,0.0000,1.0
2017-10-19,91.7,91.99,91.14,91.59,72.45743696919357,8469767,0.6896,1.0
2017-10-20,89.72,89.96,87.59,88.25,69.81514152780142,19841537,0.0000,1.0
2017-10-23,88.63,88.86,86.87,87.3,69.06359042920185,13171955,0.0000,1.0
2017-10-24,87.37,87.42,86.78,86.98,68.81043637493674,10540677,0.0000,1.0
2017-10-25,86.9,87.11,86.28,86.84,68.69968147619575,7180533,0.0000,1.0
2017-10-26,87.19,87.77,87.1,87.5,69.22181171311755,6208526,0.0000,1.0
2017-10-27,87.53,87.53,86.45,87.04,68.85790276011146,7402889,0.0000,1.0
2017-10-30,86.91,87.08,86.16,86.27,68.24875081703601,5377714,0.0000,1.0
2017-10-31,86.49,86.5,85.72,86.34,68.30412826640651,7062144,0.0000,1.0
2017-11-01,86.33,87.14,86.11,86.89,68.73923679717467,4853283,0.0000,1.0
2017-11-02,86.78,87.04,86.23,86.51,68.43861635773486,4995063,0.0000,1.0
2017-11-03,86.78,87.16,86.46,86.58,68.49399380710534,5101351,0.0000,1.0
2017-11-06,86.55,86.64,86.03,86.05,68.07470740472874,5165744,0.0000,1.0
2017-11-07,86.04,87.0,85.42,86.98,68.81043637493674,6837186,0.0000,1.0
2017-11-08,86.99,87.6,86.8,87.58,69.28510022668382,6867447,0.0000,1.0
2017-11-09,87.35,88.1698,87.3,87.78,69.44332151059953,5230941,0.0000,1.0
2017-11-10,87.99,88.39,87.78,88.16,69.74394195003934,7221910,0.0000,1.0
2017-11-13,88.67,89.41,88.63,89.0,70.40847134248529,6802610,0.0000,1.0
2017-11-14,88.74,89.045,88.47,88.87,70.30562750794007,4772916,0.0000,1.0
2017-11-15,88.73,88.94,88.0,88.23,69.79931939940985,6261724,0.0000,1.0
2017-11-16,89.84,89.9,88.771,89.25,70.6062479473799,7082826,0.0000,1.0
2017-11-17,88.95,89.09,88.08,88.43,69.95754068332555,5919864,0.0000,1.0
2017-11-20,88.43,88.555,87.71,88.27,69.83096365619298,4920032,0.0000,1.0
2017-11-21,88.18,89.21,88.02,88.72,70.1869615450033,5919107,0.0000,1.0
2017-11-22,88.5,88.91,88.06,88.33,69.8784300413677,5786078,0.0000,1.0
2017-11-24,88.59,88.96,88.42,88.45,69.97336281171711,2196665,0.0000,1.0
2017-11-27,88.33,89.095,88.15,88.96,70.37682708570213,6196621,0.0000,1.0
2017-11-28,89.48,89.52,88.91,89.4,70.72491391031667,4346159,0.0000,1.0
2017-11-29,89.4,89.81,89.03,89.38,70.7090917819251,5158905,0.0000,1.0
2017-11-30,89.35,90.37,89.21,89.99,71.19166669786797,9789941,0.0000,1.0
2017-12-01,90.18,90.53,89.12,90.36,71.48437607311202,7953239,0.0000,1.0
2017-12-04,90.17,91.91,89.83,91.41,72.31503781366943,8972682,0.0000,1.0
2017-12-05,91.52,91.84,91.07,91.4,72.30712674947365,8200560,0.0000,1.0
2017-12-06,91.5,91.78,91.07,91.25,72.18846078653688,6728731,0.0000,1.0
2017-12-07,91.05,91.065,89.89,90.1,71.27868840402161,7261029,0.0000,1.0
2017-12-08,90.02,90.37,89.58,90.37,71.49228713730781,5580725,0.0000,1.0
2017-12-11,90.23,90.33,89.7499,90.23,71.38153223856682,4819223,0.0000,1.0
2017-12-12,90.45,90.51,89.82,89.85,71.080911799127,6555457,0.0000,1.0
2017-12-13,90.02,91.41,89.965,90.88,71.89575141129284,7062236,0.0000,1.0
2017-12-14,90.97,91.43,90.9,91.0,71.99068418164225,5820716,0.0000,1.0
2017-12-15,91.6,92.27,91.48,91.89,72.6947688950671,14857992,0.0000,1.0
2017-12-18,91.89,93.14,91.81,91.88,72.68685783087132,7368839,0.0000,1.0
2017-12-19,91.96,92.1306,91.58,91.68,72.52863654695562,5619300,0.0000,1.0
2017-12-20,91.87,91.97,91.35,91.53,72.40997058401885,6541762,0.0000,1.0
2017-12-21,91.86,92.08,91.53,91.67,72.52072548275984,4368974,0.0000,1.0
2017-12-22,91.88,92.43,91.72,92.13,72.88463443576593,4907370,0.0000,1.0
2017-12-26,92.35,92.77,92.15,92.48,73.16152168261841,3429407,0.0000,1.0
2017-12-27,92.49,92.75,91.93,92.1,72.86090124317859,4186932,0.0000,1.0
2017-12-28,92.3,92.54,91.91,92.07,72.83716805059123,2994628,0.0000,1.0
2017-12-29,92.24,92.46,91.88,91.88,72.68685783087132,4309461,0.0000,1.0
2018-01-02,91.92,91.93,90.55,90.65,71.71379693478978,7091478,0.0000,1.0
2018-01-03,90.73,91.09,90.52,90.54,71.62677522863615,5791796,0.0000,1.0
2018-01-04,90.83,91.77,90.61,91.18,72.13308333716638,6290014,0.0000,1.0
2018-01-05,91.27,91.3,90.57,91.24,72.18054972234108,5779255,0.0000,1.0
2018-01-08,90.93,91.77,90.93,91.72,72.56028080373876,4813741,0.0000,1.0
2018-01-09,91.47,91.65,91.01,91.05,72.03023950262117,6608604,0.0000,1.0
2018-01-10,90.91,90.91,90.01,90.47,71.57139777926565,6303318,0.0000,1.0
2018-01-11,90.4,90.52,89.92,90.15,71.31824372500054,5461153,0.0000,1.0
2018-01-12,90.05,90.34,89.35,89.61,70.89104625842816,8021562,0.0000,1.0
2018-01-16,90.14,90.77,89.64,90.22,71.37362117437102,8869946,0.0000,1.0
2018-01-17,90.56,91.73,90.43,91.2,72.14890546555795,8323310,0.0000,1.0
2018-01-18,90.24,90.65,89.67,90.18,71.88752390452922,7338050,0.6896,1.0
2018-01-19,90.28,91.26,90.24,91.07,72.59699270332086,9171480,0.0000,1.0
2018-01-22,90.88,91.92,90.77,91.89,73.25066058535363,8458057,0.0000,1.0
2018-01-23,89.82,90.21,88.6,89.05,70.98673767684993,18008557,0.0000,1.0
2018-01-24,89.06,89.16,87.7,88.31,70.39684227111306,15002956,0.0000,1.0
2018-01-25,88.68,89.05,88.01,88.34,70.42075694972401,11019575,0.0000,1.0
2018-01-26,88.17,88.17,87.23,87.73,69.93449181796794,10852855,0.0000,1.0
2018-01-29,87.69,87.74,86.69,86.86,69.24096613825024,10921654,0.0000,1.0
2018-01-30,86.82,87.44,86.63,86.95,69.31271017408312,9382174,0.0000,1.0
2018-01-31,86.81,87.41,86.08,86.34,68.82644504232704,11629381,0.0000,1.0
2018-02-01,86.15,86.5,85.56,85.85,68.43583862501478,8602725,0.0000,1.0
2018-02-02,85.56,85.61,84.21,84.25,67.16038909909722,12645027,0.0000,1.0
2018-02-05,83.99,84.37,80.1,81.06,64.61746160679905,17307009,0.0000,1.0
2018-02-06,80.53,82.45,80.12,82.38,65.66970746568104,19609545,0.0000,1.0
2018-02-07,82.3,83.39,81.82,81.84,65.23924325068387,11755102,0.0000,1.0
2018-02-08,82.03,82.22,80.15,80.22,63.947850605692324,14509921,0.0000,1.0
2018-02-09,80.98,81.03,78.59,79.92,63.70870381958278,18665605,0.0000,1.0
2018-02-12,80.61,81.67,80.58,81.33,64.83269371429763,10710511,0.0000,1.0
2018-02-13,81.15,81.83,80.91,81.5,64.96821022642638,9020709,0.0000,1.0
2018-02-14,81.06,81.26,80.27,80.68,64.31454234439363,9362240,0.0000,1.0
2018-02-15,80.97,82.41,80.5,82.41,65.693622144292,8884790,0.0000,1.0
2018-02-16,82.21,83.25,82.13,82.6,65.8450817754947,10362968,0.0000,1.0
2018-02-20,82.19,82.22,81.07,81.34,64.84066527383463,6609511,0.0000,1.0
2018-02-21,81.31,81.81,80.19,80.24,63.96379372476629,9094336,0.0000,1.0
2018-02-22,80.47,81.28,80.17,80.84,64.44208729698538,10134000,0.0000,1.0
2018-02-23,81.01,81.12,80.48,81.05,64.60949004726206,10052340,0.0000,1.0
2018-02-26,81.45,81.69,81.05,81.63,65.07184050040718,9342505,0.0000,1.0
2018-02-27,81.89,82.0,80.51,80.54,64.20294051087585,8608952,0.0000,1.0
2018-02-28,80.68,80.79,78.5,78.52,62.592685484404896,15964399,0.0000,1.0
2018-03-01,78.4,79.28,77.9,78.7,62.73617355607063,13504231,0.0000,1.0
2018-03-02,78.48,79.66,78.42,79.5,63.373898319029415,9317663,0.0000,1.0
2018-03-05,79.28,80.39,79.15,80.29,64.00365152245122,8177044,0.0000,1.0
2018-03-06,80.41,80.42,79.37,80.02,63.78841941495262,9085315,0.0000,1.0
2018-03-07,79.53,79.64,78.9,79.16,63.102865294771924,9089498,0.0000,1.0
2018-03-08,79.17,79.99,79.02,79.97,63.7485616172677,7423716,0.0000,1.0
2018-03-09,80.18,80.75,79.9,80.29,64.00365152245122,6973003,0.0000,1.0
2018-03-12,80.23,80.62,79.76,79.86,63.660874462360866,7021776,0.0000,1.0
2018-03-13,80.0,80.19,79.36,79.72,63.54927262884308,9200900,0.0000,1.0
2018-03-14,79.69,79.84,78.86,79.0,62.975320342180176,8872021,0.0000,1.0
2018-03-15,79.09,79.14,78.54,78.67,62.712258877459675,6976364,0.0000,1.0
2018-03-16,78.93,79.39,78.84,78.97,62.95140566356922,17263736,0.0000,1.0
2018-03-19,78.97,79.57,78.27,78.66,62.704287317922685,8286118,0.0000,1.0
2018-03-20,78.74,79.1,77.96,78.31,62.425282734128224,8397237,0.0000,1.0
2018-03-21,78.05,78.24,76.88,77.04,61.41289467293115,9776002,0.0000,1.0
2018-03-22,76.83,77.52,76.37,76.41,60.9106864221011,10396180,0.0000,1.0
2018-03-23,76.79,77.18,75.81,75.91,60.512108445251855,11626422,0.0000,1.0
2018-03-26,76.57,76.87,76.02,76.41,60.9106864221011,11959444,0.0000,1.0
2018-03-27,76.53,78.44,76.3,77.79,62.01076163820501,11257559,0.0000,1.0
2018-03-28,77.95,79.14,77.95,78.84,62.84777538958842,12857821,0.0000,1.0
2018-03-29,79.43,80.49,79.18,79.28,63.198524009215745,10036424,0.0000,1.0
2018-04-02,79.26,79.37,77.06,77.4,61.6998708162626,12017213,0.0000,1.0
2018-04-03,77.56,78.8,77.18,78.46,62.54485612718299,11933110,0.0000,1.0
2018-04-04,77.82,79.52,77.59,79.05,63.01517813986509,9030792,0.0000,1.0
2018-04-05,79.09,79.32,78.51,78.8,62.81588915144047,7864699,0.0000,1.0
2018-04-06,78.37,79.36,77.9,78.43,62.520941448572046,8300813,0.0000,1.0
2018-04-09,78.8,78.85,77.57,78.16,62.305709341073445,9031222,0.0000,1.0
2018-04-10,78.71,78.84,77.94,78.37,62.47311209135013,7821824,0.0000,1.0
2018-04-11,78.19,78.69,78.04,78.27,62.39339649598028,7143494,0.0000,1.0
2018-04-12,78.64,78.7,77.79,77.79,62.01076163820501,8282297,0.0000,1.0
2018-04-13,78.06,78.44,77.72,78.37,62.47311209135013,6198488,0.0000,1.0
2018-04-16,78.56,78.86,78.04,78.61,62.66442952023776,5962236,0.0000,1.0
2018-04-17,78.93,78.94,78.1,78.43,62.520941448572046,6492357,0.0000,1.0
2018-04-18,78.58,78.68,78.02,78.2,62.337595579221386,7349372,0.0000,1.0
2018-04-19,75.39,75.72,74.2,74.95,60.318558979693876,16955623,0.7172,1.0
2018-04-20,74.04,74.92,73.74,73.8,59.39305740762386,14084970,0.0000,1.0
2018-04-23,73.59,73.98,72.76,73.0,58.74923022705341,13653408,0.0000,1.0
2018-04-24,73.06,73.33,72.15,72.5,58.34683823919688,16551693,0.0000,1.0
2018-04-25,72.41,72.75,71.95,72.3,58.18588144405426,14194682,0.0000,1.0
2018-04-26,72.57,73.01,72.37,72.75,58.54803423312514,11204277,0.0000,1.0
2018-04-27,72.53,73.08,72.21,72.81,58.596321271667925,8144825,0.0000,1.0
2018-04-30,72.91,72.92,72.16,72.34,58.21807280308279,13076486,0.0000,1.0
2018-05-01,72.05,72.33,71.66,71.96,57.91225489231182,8103800,0.0000,1.0
2018-05-02,71.94,72.01,70.73,70.94,57.0913752370845,10830924,0.0000,1.0
2018-05-03,70.81,71.72,70.74,71.36,57.42938450688399,9386498,0.0000,1.0
2018-05-04,71.38,72.62,71.34,72.43,58.29050336089697,8107363,0.0000,1.0
2018-05-07,72.67,73.22,71.89,71.98,57.92835057182609,6633579,0.0000,1.0
2018-05-08,72.05,72.12,71.11,71.44,57.49376722494103,8084124,0.0000,1.0
2018-05-09,71.77,72.55,71.74,72.37,58.24221632235418,7528359,0.0000,1.0
2018-05-10,72.94,73.34,72.69,73.15,58.86994782341037,7618479,0.0000,1.0
2018-05-11,73.63,74.1,73.05,73.37,59.047000298067246,7586194,0.0000,1.0
2018-05-14,73.78,73.78,73.09,73.28,58.97456974025307,8646856,0.0000,1.0
2018-05-15,73.31,73.41,72.6,72.95,58.708991028267754,11502785,0.0000,1.0
2018-05-16,72.98,73.93,72.96,73.53,59.17576573418133,8324991,0.0000,1.0
2018-05-17,73.52,74.0,73.4,73.96,59.521822843737944,8053611,0.0000,1.0
2018-05-18,73.98,74.07,73.11,73.45,59.111383016124286,7042725,0.0000,1.0
2018-05-21,73.75,74.25,73.42,74.06,59.602301241309256,6428395,0.0000,1.0
2018-05-22,74.46,74.94,73.83,74.03,59.57815772203786,7744169,0.0000,1.0
2018-05-23,74.02,74.3,73.72,74.18,59.698875318394826,6592494,0.0000,1.0
2018-05-24,74.08,74.35,73.59,73.77,59.36891388835246,6508915,0.0000,1.0
2018-05-25,73.9,74.62,73.75,74.31,59.80349723523752,7546467,0.0000,1.0
2018-05-29,74.06,74.7,73.77,74.05,59.594253401552116,8905564,0.0000,1.0
2018-05-30,74.33,75.02,74.05,74.89,60.270271941151094,8128645,0.0000,1.0
2018-05-31,74.67,74.69,72.8,73.17,58.88604350292463,15525987,0.0000,1.0
2018-06-01,73.33,73.74,72.86,73.45,59.111383016124286,7209292,0.0000,1.0
2018-06-04,73.54,74.62,73.45,74.18,59.698875318394826,8743773,0.0000,1.0
2018-06-05,74.28,74.38,73.6,73.97,59.529870683495076,6910144,0.0000,1.0
2018-06-06,74.07,74.42,73.72,74.35,59.83568859426603,7002928,0.0000,1.0
2018-06-07,74.18,76.39,74.1,75.76,60.970434000021456,13476090,0.0000,1.0
2018-06-08,75.85,77.21,75.74,77.18,62.113227245534006,13625346,0.0000,1.0
2018-06-11,76.97,77.69,76.88,77.53,62.39490163703357,9049393,0.0000,1.0
2018-06-12,77.82,77.89,77.11,77.24,62.16151428407678,8786022,0.0000,1.0
2018-06-13,77.4,77.4,76.2,76.47,61.541830622777724,8022397,0.0000,1.0
2018-06-14,76.56,76.56,75.7,75.99,61.15553431443546,8895230,0.0000,1.0
2018-06-15,76.16,77.51,75.92,77.38,62.27418404067661,14943509,0.0000,1.0
2018-06-18,76.86,77.1,75.39,75.84,61.0348167180785,7384924,0.0000,1.0
2018-06-19,75.59,76.68,75.57,76.33,61.429160866177895,8514036,0.0000,1.0
2018-06-20,76.35,76.35,75.54,75.85,61.04286455783563,6603460,0.0000,1.0
2018-06-21,75.53,77.05,75.53,76.44,61.51768710350633,8691201,0.0000,1.0
2018-06-22,76.79,77.63,76.77,77.43,62.31442323946227,11815468,0.0000,1.0
2018-06-25,77.28,77.94,77.18,77.79,62.60414547071897,11300455,0.0000,1.0
2018-06-26,77.79,78.31,77.36,78.0,62.77315010561871,9558489,0.0000,1.0
2018-06-27,78.11,78.71,77.56,77.69,62.52366707314766,7871702,0.0000,1.0
2018-06-28,77.86,78.32,77.66,78.05,62.81338930440436,5714437,0.0000,1.0
2018-06-29,77.93,78.54,77.29,78.06,62.82143714416149,7679879,0.0000,1.0
2018-07-02,77.5,78.31,77.42,78.13,62.87777202246141,6092868,0.0000,1.0
2018-07-03,78.54,78.76,77.78,77.9,62.692671708047406,5897243,0.0000,1.0
2018-07-05,78.14,79.25,78.12,79.21,63.746938716231504,7956147,0.0000,1.0
2018-07-06,79.38,79.62,78.9,79.31,63.827417113802824,7244015,0.0000,1.0
2018-07-09,78.46,78.83,77.78,77.86,62.66048034901888,9095947,0.0000,1.0
2018-07-10,78.07,79.94,77.99,79.82,64.23785694141647,12773488,0.0000,1.0
2018-07-11,79.63,79.84,79.03,79.16,63.706699517445855,7851585,0.0000,1.0
2018-07-12,79.34,79.52,78.57,78.89,63.48940784400333,8556814,0.0000,1.0
2018-07-13,79.08,79.47,78.9,79.31,63.827417113802824,6021695,0.0000,1.0
2018-07-16,79.21,79.63,78.83,79.53,64.0044695884597,6931330,0.0000,1.0
2018-07-17,79.66,80.5,79.55,80.03,64.40686157631622,8983374,0.0000,1.0
2018-07-18,79.72,80.21,79.33,79.72,64.15737854384517,9105138,0.0000,1.0
2018-07-19,78.42,79.19,77.89,78.73,63.93783347527066,8010597,0.7172,1.0
2018-07-20,78.32,79.06,78.32,78.68,63.89722771287052,8237389,0.0000,1.0
2018-07-23,78.49,78.94,78.24,78.51,63.759168120710015,5881617,0.0000,1.0
2018-07-24,77.54,79.01,77.54,78.99,64.14898343975142,8297092,0.0000,1.0
2018-07-25,78.72,79.6,78.72,79.47,64.53879875879282,6194526,0.0000,1.0
2018-07-26,79.56,80.77,79.47,80.09,65.04231021255464,9771096,0.0000,1.0
2018-07-27,79.67,80.83,79.46,80.58,65.44024668407607,7493298,0.0000,1.0
2018-07-30,80.07,80.5,79.84,80.2,65.13164288983496,7090749,0.0000,1.0
2018-07-31,80.39,80.98,79.43,80.88,65.68388125847694,9878263,0.0000,1.0
2018-08-01,80.42,80.82,80.11,80.65,65.49709475143628,7556733,0.0000,1.0
2018-08-02,80.8,82.22,80.59,82.0,66.59345033624024,9261768,0.0000,1.0
2018-08-03,82.14,83.1,81.92,82.33,66.8614483680812,7102815,0.0000,1.0
2018-08-06,82.2,82.93,82.15,82.52,67.01575026520176,5669223,0.0000,1.0
2018-08-07,82.41,82.68,81.73,82.64,67.11320409496211,6418086,0.0000,1.0
2018-08-08,82.1,82.8,82.1,82.35,66.87769067304126,4891755,0.0000,1.0
2018-08-09,82.44,82.44,81.3,81.4,66.10618118743848,5167776,0.0000,1.0
2018-08-10,81.3,81.76,81.0,81.43,66.13054464487857,5566313,0.0000,1.0
2018-08-13,81.7,82.08,81.15,81.52,66.20363501719882,5068285,0.0000,1.0
2018-08-14,81.39,81.72,81.23,81.31,66.03309081511821,6226899,0.0000,1.0
2018-08-15,81.3,82.37,80.81,82.3,66.83708491064111,8753541,0.0000,1.0
2018-08-16,82.46,84.0,82.31,83.69,67.96592510536519,12367981,0.0000,1.0
2018-08-17,83.73,84.2,83.6,83.69,67.96592510536519,8409296,0.0000,1.0
2018-08-20,83.89,83.95,83.31,83.64,67.92531934296504,6795814,0.0000,1.0
2018-08-21,83.57,84.0,83.09,83.9,68.13646930744581,8534868,0.0000,1.0
2018-08-22,83.81,83.85,83.06,83.39,67.72229053096432,5132624,0.0000,1.0
2018-08-23,83.01,83.6,82.84,83.24,67.60047324376386,4323170,0.0000,1.0
2018-08-24,83.22,83.55,83.03,83.36,67.69792707352423,5356099,0.0000,1.0
2018-08-27,83.5,83.82,83.02,83.44,67.76289629336445,3941454,0.0000,1.0
2018-08-28,83.72,83.86,83.32,83.48,67.79538090328458,5405213,0.0000,1.0
2018-08-29,83.51,83.76,83.29,83.49,67.8035020557646,4520432,0.0000,1.0
2018-08-30,83.39,83.74,83.19,83.41,67.73853283592436,4549679,0.0000,1.0
2018-08-31,83.35,83.53,82.39,82.95,67.36495982184302,6674891,0.0000,1.0
2018-09-04,82.48,82.96,82.07,82.7,67.16193100984229,5800690,0.0000,1.0
2018-09-05,82.11,83.47,82.11,83.29,67.64107900616402,7651916,0.0000,1.0
2018-09-06,82.91,83.31,82.49,82.65,67.12132524744214,7541144,0.0000,1.0
2018-09-07,82.1,82.2,81.25,81.91,66.52035996391997,11110895,0.0000,1.0
2018-09-10,82.58,83.1,82.34,82.38,66.90205413048135,6782972,0.0000,1.0
2018-09-11,82.13,82.42,81.63,82.01,66.60157148872027,5210280,0.0000,1.0
2018-09-12,81.9,83.18,81.7,83.11,67.49489826152349,5925185,0.0000,1.0
2018-09-13,83.27,83.49,82.65,83.45,67.77101744584449,5328364,0.0000,1.0
2018-09-14,83.47,83.67,82.97,83.61,67.90095588552495,5004089,0.0000,1.0
2018-09-17,83.5,84.27,83.34,84.25,68.42070964424683,7098812,0.0000,1.0
2018-09-18,84.29,84.29,83.58,84.0,68.21768083224609,6023217,0.0000,1.0
2018-09-19,83.92,84.29,83.77,84.0,68.21768083224609,6157573,0.0000,1.0
2018-09-20,84.29,85.64,84.23,85.36,69.32215756953008,10053006,0.0000,1.0
2018-09-21,85.81,86.28,85.52,85.82,69.69573058361142,17402589,0.0000,1.0
2018-09-24,85.63,85.71,84.23,84.27,68.43695194920689,6389359,0.0000,1.0
2018-09-25,84.28,84.41,83.08,83.12,67.50301941400352,5657185,0.0000,1.0
2018-09-26,83.25,83.99,83.03,83.26,67.61671554872393,6580987,0.0000,1.0
2018-09-27,83.04,83.63,82.81,82.86,67.29186944952275,6277581,0.0000,1.0
2018-09-28,83.03,83.29,82.79,83.23,67.59235209128384,5125835,0.0000,1.0
2018-10-01,83.31,83.72,83.17,83.67,67.94968280040513,4899910,0.0000,1.0
2018-10-02,83.48,84.44,83.37,84.36,68.51004232152715,7390851,0.0000,1.0
2018-10-03,84.44,84.52,82.85,83.03,67.42992904168325,7958704,0.0000,1.0
2018-10-04,82.5,82.5,81.1,81.92,66.5284811164,7029859,0.0000,1.0
2018-10-05,81.98,82.45,81.98,82.15,66.71526762344068,5454643,0.0000,1.0
2018-10-08,81.98,82.74,81.75,82.4,66.91829643544142,7192260,0.0000,1.0
2018-10-09,82.39,82.72,82.06,82.2,66.75587338584083,6268054,0.0000,1.0
2018-10-10,81.81,82.68,81.44,81.44,66.1386657973586,9295840,0.0000,1.0
2018-10-11,81.64,81.97,78.67,78.87,64.05152960999106,12560300,0.0000,1.0
2018-10-12,79.37,79.38,78.49,79.06,64.20583150711163,9879145,0.0000,1.0
2018-10-15,79.01,80.54,78.92,80.13,65.07479482247476,9691455,0.0000,1.0
2018-10-16,79.91,81.09,79.9,81.01,65.78945624071734,9463022,0.0000,1.0
2018-10-17,80.76,82.18,80.38,81.86,66.47975420151982,10375259,0.0000,1.0
2018-10-18,80.71,81.34,80.0,80.24,65.74657655562278,9869509,0.7172,1.0
2018-10-19,84.86,87.76,84.86,87.3,71.53135759354272,30276433,0.0000,1.0
2018-10-22,86.73,87.24,85.23,86.6,70.95779573425888,14124062,0.0000,1.0
2018-10-23,86.01,87.3,86.01,87.16,71.41664522168595,16269531,0.0000,1.0
2018-10-24,87.28,90.7,87.22,89.46,73.30120561647574,26703538,0.0000,1.0
2018-10-25,88.11,89.33,87.31,89.0,72.92429353751778,14647039,0.0000,1.0
2018-10-26,88.69,89.17,87.39,87.86,71.99020708096981,14335945,0.0000,1.0
2018-10-29,88.29,89.42,87.44,88.24,72.30156923315246,12878930,0.0000,1.0
2018-10-30,88.85,89.43,88.21,89.19,73.07997461360911,13844080,0.0000,1.0
2018-10-31,88.77,89.32,87.27,88.68,72.66209383041661,13362355,0.0000,1.0
2018-11-01,88.81,89.83,88.18,89.59,73.4077242474856,9732424,0.0000,1.0
2018-11-02,89.88,89.95,88.98,89.81,73.58798654611768,11336013,0.0000,1.0
2018-11-05,89.89,91.44,89.82,91.2,74.72691652383845,12270358,0.0000,1.0
2018-11-06,90.86,91.53,90.43,91.51,74.98092249009274,8857775,0.0000,1.0
2018-11-07,91.59,91.62,90.62,91.29,74.80066019146066,9019790,0.0000,1.0
2018-11-08,90.95,91.53,90.67,91.36,74.85801637738905,6614767,0.0000,1.0
2018-11-09,91.35,92.67,91.17,92.41,75.71835916631481,10713622,0.0000,1.0
2018-11-12,92.21,93.45,91.75,92.7,75.95597765087527,12522113,0.0000,1.0
2018-11-13,91.97,93.57,91.59,93.47,76.5868956960875,13438750,0.0000,1.0
2018-11-14,93.42,93.9,92.99,93.49,76.60328317778132,11622993,0.0000,1.0
2018-11-15,93.33,93.9,92.72,93.83,76.88187036657634,12505987,0.0000,1.0
2018-11-16,93.82,94.81,93.67,93.82,76.87367662572942,13013482,0.0000,1.0
2018-11-19,93.72,94.19,92.91,93.29,76.43940836084309,9458329,0.0000,1.0
2018-11-20,93.24,93.79,91.86,92.1,75.46435320006054,12074435,0.0000,1.0
2018-11-21,91.66,92.37,91.24,91.41,74.89898508162361,8912177,0.0000,1.0
2018-11-23,91.25,91.99,90.63,91.54,75.00550371263347,4399630,0.0000,1.0
2018-11-26,91.15,92.4,91.15,91.94,75.33325334650995,8171444,0.0000,1.0
2018-11-27,91.93,92.86,91.85,92.72,75.9723651325691,9023638,0.0000,1.0
2018-11-28,92.63,93.22,92.21,93.01,76.20998361712955,8093706,0.0000,1.0
2018-11-29,92.86,93.3,92.66,92.82,76.05430254103821,6126911,0.0000,1.0
2018-11-30,93.18,94.65,92.75,94.51,77.43904474416637,16291817,0.0000,1.0
2018-12-03,94.67,94.67,92.26,93.32,76.46398958338382,13931722,0.0000,1.0
2018-12-04,93.49,94.86,93.17,93.31,76.45579584253692,11123554,0.0000,1.0
2018-12-06,92.7,93.63,91.08,93.55,76.6524456228628,14199248,0.0000,1.0
2018-12-07,93.59,93.78,92.14,92.45,75.75113412970246,7996809,0.0000,1.0
2018-12-10,93.25,93.4,91.37,93.03,76.22637109882336,9307667,0.0000,1.0
2018-12-11,93.72,94.52,93.4,93.91,76.94742029335163,8743799,0.0000,1.0
2018-12-12,94.21,94.55,93.1,94.03,77.04574518351458,9644033,0.0000,1.0
2018-12-13,94.87,96.79,94.8,96.49,79.06140543185495,18541297,0.0000,1.0
2018-12-14,96.45,96.9,96.02,96.64,79.18431154455864,12657340,0.0000,1.0
2018-12-17,96.0,96.5,92.4,92.77,76.01333383680365,12427573,0.0000,1.0
2018-12-18,93.13,93.31,91.86,92.49,75.78390909309012,12250559,0.0000,1.0
2018-12-19,92.55,93.35,91.29,91.76,75.18576601126554,10825589,0.0000,1.0
2018-12-20,91.51,92.23,90.13,90.98,74.5466542252064,14439240,0.0000,1.0
2018-12-21,90.61,93.17,90.36,90.97,74.53846048435948,24029977,0.0000,1.0
2018-12-24,90.45,90.66,86.88,87.36,71.5805200386242,7396254,0.0000,1.0
2018-12-26,87.42,90.09,86.74,90.09,73.81741128983121,8630949,0.0000,1.0
2018-12-27,89.61,92.05,88.2,92.02,75.39880327328524,11360085,0.0000,1.0
2018-12-28,92.56,93.28,90.84,91.18,74.71052904214463,9611761,0.0000,1.0
2018-12-31,91.63,92.18,91.15,91.92,75.31686586481612,7239670,0.0000,1.0
2019-01-02,91.03,91.39,89.93,91.28,74.79246645061374,9843939,0.0000,1.0
2019-01-03,90.94,92.5,90.38,90.64,74.26806703641138,9820374,0.0000,1.0
2019-01-04,90.84,92.49,90.37,92.49,75.78390909309012,10565749,0.0000,1.0
2019-01-07,91.91,92.5,91.4,92.12,75.48074068175437,9012540,0.0000,1.0
2019-01-08,92.7,93.09,91.82,92.46,75.75932787054937,9551291,0.0000,1.0
2019-01-09,92.69,92.96,90.81,90.95,74.52207300266565,15015597,0.0000,1.0
2019-01-10,90.89,91.54,90.61,91.17,74.70233530129772,11102312,0.0000,1.0
2019-01-11,91.67,91.98,91.11,91.77,75.19395975211243,7166579,0.0000,1.0
2019-01-14,91.5,91.91,90.85,91.15,74.6859478196039,7952044,0.0000,1.0
2019-01-15,91.15,92.61,91.14,92.01,75.39060953243833,7834918,0.0000,1.0
2019-01-16,91.74,92.15,90.99,91.37,74.86621011823597,7964516,0.0000,1.0
2019-01-17,90.71,91.56,90.35,90.64,74.85572212995191,8044793,0.7172,1.0
2019-01-18,91.37,91.84,91.04,91.42,75.49989096558036,9100592,0.0000,1.0
2019-01-22,91.39,91.75,89.08,90.44,74.69055063363692,13518523,0.0000,1.0
2019-01-23,94.18,96.41,93.63,94.84,78.32432355256663,22868970,0.0000,1.0
2019-01-24,94.29,94.56,93.19,94.3,77.87836051251617,12146363,0.0000,1.0
2019-01-25,94.42,94.89,93.06,93.6,77.3002602754137,10618588,0.0000,1.0
2019-01-28,93.32,93.97,92.97,93.52,77.23419167688772,9765584,0.0000,1.0
2019-01-29,93.79,94.12,93.1,93.54,77.25070882651922,9769782,0.0000,1.0
2019-01-30,93.61,94.66,93.57,94.52,78.06004915846265,7750402,0.0000,1.0
2019-01-31,94.43,96.81,94.08,96.47,79.67047124753377,16044408,0.0000,1.0
2019-02-01,96.35,97.61,95.99,97.47,80.4963287291087,12720801,0.0000,1.0
2019-02-04,97.21,98.22,96.72,98.03,80.95880891879067,11887505,0.0000,1.0
2019-02-05,97.99,98.02,97.21,97.44,80.47155300466144,9772377,0.0000,1.0
2019-02-06,97.25,98.32,97.12,97.92,80.86796459581743,8693934,0.0000,1.0
2019-02-07,97.52,97.6,96.34,97.14,80.22379576018898,8732523,0.0000,1.0
2019-02-08,97.01,97.72,96.7,97.71,80.69453452468667,7483220,0.0000,1.0
2019-02-11,97.49,98.39,97.43,98.27,81.15701471436864,8494307,0.0000,1.0
2019-02-12,98.38,99.34,97.98,99.26,81.97461362112783,11238775,0.0000,1.0
2019-02-13,99.29,99.7,99.01,99.24,81.95809647149633,11587166,0.0000,1.0
2019-02-14,98.7,98.82,97.84,98.46,81.31392763586788,7930092,0.0000,1.0
2019-02-15,98.95,99.2,98.25,98.48,81.33044478549938,12069080,0.0000,1.0
2019-02-19,98.56,100.0,98.47,99.99,82.57748958267753,10098532,0.0000,1.0
2019-02-20,99.78,100.22,98.94,99.28,81.99113077075933,8947422,0.0000,1.0
2019-02-21,99.1,99.86,98.59,99.78,82.40405951154679,7444792,0.0000,1.0
2019-02-22,99.69,100.4,99.4,100.25,82.79221252788702,7925568,0.0000,1.0
2019-02-25,100.36,100.45,99.33,99.57,82.23062944041605,7436078,0.0000,1.0
2019-02-26,99.84,100.18,99.63,99.83,82.44535238562554,7115354,0.0000,1.0
2019-02-27,99.34,99.63,98.82,98.91,81.6855635025766,6013574,0.0000,1.0
2019-02-28,98.91,99.2,98.08,98.55,81.38825480920963,10575392,0.0000,1.0
2019-03-01,98.61,98.78,97.83,98.44,81.29741048623639,7733231,0.0000,1.0
2019-03-04,98.57,98.88,97.88,98.87,81.6525292033136,6895292,0.0000,1.0
2019-03-05,98.91,99.68,98.91,99.09,81.8342178492601,6274720,0.0000,1.0
2019-03-06,98.86,99.1,98.4,98.93,81.70208065220811,4622256,0.0000,1.0
2019-03-07,98.97,99.6,98.25,98.55,81.38825480920963,8408598,0.0000,1.0
2019-03-08,98.82,99.18,97.75,98.41,81.27263476178913,5144467,0.0000,1.0
2019-03-11,98.79,99.68,98.51,99.58,82.23888801523181,7544634,0.0000,1.0
2019-03-12,99.78,100.52,99.73,100.05,82.62704103157202,7597455,0.0000,1.0
2019-03-13,99.99,101.59,99.96,101.18,83.56025998575171,9883347,0.0000,1.0
2019-03-14,100.94,101.78,100.72,101.32,83.67588003317219,8590299,0.0000,1.0
2019-03-15,101.76,102.89,101.73,102.44,84.60084041253612,30802712,0.0000,1.0
2019-03-18,102.06,102.29,101.2,101.51,83.83279295467143,8442771,0.0000,1.0
2019-03-19,101.91,102.14,101.29,101.9,84.15487737248566,7334116,0.0000,1.0
2019-03-20,101.73,102.31,101.05,101.72,84.00622302580217,7513966,0.0000,1.0
2019-03-21,101.28,102.91,101.28,102.49,84.64213328661486,8221041,0.0000,1.0
2019-03-22,102.48,103.15,99.01,101.66,83.95667157690767,11036296,0.0000,1.0
2019-03-25,101.66,102.34,101.26,101.96,84.20442882138015,6955549,0.0000,1.0
2019-03-26,102.44,103.48,102.4,103.02,85.07983775184958,6909519,0.0000,1.0
2019-03-27,102.76,103.02,102.04,102.9,84.98073485406059,6037090,0.0000,1.0
2019-03-28,103.31,103.68,103.11,103.55,85.51754221708428,6793681,0.0000,1.0
2019-03-29,103.86,104.15,103.11,104.05,85.93047095787176,7535489,0.0000,1.0
2019-04-01,104.23,104.23,103.14,103.64,85.59186939042604,6626516,0.0000,1.0
2019-04-02,103.61,104.02,103.26,103.75,85.68271371339928,6088847,0.0000,1.0
2019-04-03,103.58,103.89,102.75,103.69,85.63316226450478,5226529,0.0000,1.0
2019-04-04,103.48,103.67,102.79,103.43,85.4184393192953,4786164,0.0000,1.0
2019-04-05,103.61,103.69,103.17,103.65,85.6001279652418,4281790,0.0000,1.0
2019-04-08,103.93,105.14,103.5,104.97,86.6902598409207,8468598,0.0000,1.0
2019-04-09,104.55,104.76,104.14,104.66,86.43424402163247,5820336,0.0000,1.0
2019-04-10,104.66,105.0,104.24,104.65,86.42598544681672,5394253,0.0000,1.0
2019-04-11,104.58,105.05,104.37,104.75,86.50857119497421,5078440,0.0000,1.0
2019-04-12,104.75,105.06,104.17,105.06,86.76458701426245,6707889,0.0000,1.0
2019-04-15,104.98,105.78,104.79,105.73,87.31791152691765,5639476,0.0000,1.0
2019-04-16,105.98,106.5,105.65,106.42,87.88775318920435,8136106,0.0000,1.0
2019-04-17,106.27,106.51,105.35,105.85,88.03302152021337,6778175,0.7459,1.0
2019-04-18,106.02,106.71,105.83,106.05,88.19935694113016,7249033,0.0000,1.0
2019-04-22,106.13,107.2,105.74,106.01,88.16608985694681,9057246,0.0000,1.0
2019-04-23,104.01,104.11,102.13,103.16,85.79581010888249,15979844,0.0000,1.0
2019-04-24,103.32,104.65,102.79,103.69,86.23659897431199,10094777,0.0000,1.0
2019-04-25,103.1,103.57,102.59,103.28,85.89561136143257,6085314,0.0000,1.0
2019-04-26,103.95,105.88,103.91,105.86,88.04133829125921,7747682,0.0000,1.0
2019-04-29,105.57,105.75,104.72,104.78,87.14312701830853,4787561,0.0000,1.0
2019-04-30,104.86,106.62,104.66,106.48,88.55697809610128,8251321,0.0000,1.0
2019-05-01,106.15,106.39,104.81,104.93,87.26787858399612,6734075,0.0000,1.0
2019-05-02,105.2,105.76,105.05,105.56,87.79183515988403,6270323,0.0000,1.0
2019-05-03,105.99,106.41,105.58,106.08,88.22430725426769,4793454,0.0000,1.0
2019-05-06,105.12,105.82,105.04,105.68,87.89163641243411,4890716,0.0000,1.0
2019-05-07,105.03,105.58,104.1,104.7,87.0765928499418,6021728,0.0000,1.0
2019-05-08,104.99,105.77,104.16,105.07,87.38431337863787,5392600,0.0000,1.0
2019-05-09,104.67,105.04,103.78,104.24,86.69402138183318,6901721,0.0000,1.0
2019-05-10,103.98,106.15,103.92,106.01,88.16608985694681,5815774,0.0000,1.0
2019-05-13,105.14,106.59,104.85,106.11,88.24925756740521,7575536,0.0000,1.0
2019-05-14,105.77,106.5,105.57,105.6,87.82510224406738,7004005,0.0000,1.0
2019-05-15,105.61,107.0,105.5,106.7,88.73994705910975,5535601,0.0000,1.0
2019-05-16,106.74,108.68,106.59,108.11,89.91261177657314,9284175,0.0000,1.0
2019-05-17,107.27,108.0,107.26,107.45,89.36370488754773,6370167,0.0000,1.0
2019-05-20,107.44,108.13,107.14,107.33,89.26390363499765,6565331,0.0000,1.0
2019-05-21,107.47,107.54,106.29,106.37,88.46549361459705,5226391,0.0000,1.0
2019-05-22,106.09,107.05,105.94,106.72,88.75658060120143,4889697,0.0000,1.0
2019-05-23,106.68,107.03,105.89,106.76,88.7898476853848,6175566,0.0000,1.0
2019-05-24,107.15,107.44,106.54,106.69,88.73163028806391,4372083,0.0000,1.0
2019-05-28,106.7,107.25,104.42,104.46,86.87699034484164,7615505,0.0000,1.0
2019-05-29,103.96,104.81,103.7,104.19,86.65243752660398,7137275,0.0000,1.0
2019-05-30,104.37,105.37,104.37,105.33,87.60054942582971,4729193,0.0000,1.0
2019-05-31,104.89,104.9,102.41,102.91,85.58789083273649,10282390,0.0000,1.0
2019-06-03,103.15,103.96,102.4,103.8,86.32808345581623,8533213,0.0000,1.0
2019-06-04,104.01,105.095,103.85,104.68,87.05995930785014,6906462,0.0000,1.0
2019-06-05,105.24,106.75,104.89,106.73,88.76489737224728,6481709,0.0000,1.0
2019-06-06,106.85,107.68,106.33,107.38,89.30548749022685,6681557,0.0000,1.0
2019-06-07,107.74,109.38,107.74,108.77,90.46151866559858,8063464,0.0000,1.0
2019-06-10,108.32,109.02,107.4582,108.72,90.41993481036937,4766963,0.0000,1.0
2019-06-11,108.94,109.6,108.87,109.38,90.96884169939479,8074439,0.0000,1.0
2019-06-12,109.6,110.66,109.58,109.68,91.21834483077,7687876,0.0000,1.0
2019-06-13,109.98,110.95,109.86,110.91,92.24130766940827,8611441,0.0000,1.0
2019-06-14,110.97,111.75,110.65,111.2,92.48249402973762,6438192,0.0000,1.0
2019-06-17,111.16,111.21,110.24,110.99,92.30784183777499,6020025,0.0000,1.0
2019-06-18,111.45,111.56,109.43,109.6,91.15181066240326,7731179,0.0000,1.0
2019-06-19,109.5,110.725,109.26,110.42,91.83378588816213,7028013,0.0000,1.0
2019-06-20,110.78,112.02,110.5,111.74,92.93159966621296,7044211,0.0000,1.0
2019-06-21,111.62,112.47,111.02,111.2,92.48249402973762,13799392,0.0000,1.0
2019-06-24,111.82,112.5,111.4,112.33,93.4222891579175,5518103,0.0000,1.0
2019-06-25,112.11,112.63,111.31,111.72,92.91496612412129,6805592,0.0000,1.0
2019-06-26,111.39,111.44,109.66,109.73,91.25992868599918,7170284,0.0000,1.0
2019-06-27,109.92,110.27,109.29,109.78,91.30151254122839,5613266,0.0000,1.0
2019-06-28,111.86,111.96,109.02,109.65,91.19339451763247,12152036,0.0000,1.0
2019-07-01,109.92,110.7,109.61,110.49,91.892003285483,6780298,0.0000,1.0
2019-07-02,110.61,111.5,110.29,111.48,92.71536361902113,6578561,0.0000,1.0
2019-07-03,111.96,114.27,111.84,114.08,94.87772409093945,6223327,0.0000,1.0
2019-07-05,112.97,113.45,112.23,113.15,94.10426438367637,8694810,0.0000,1.0
2019-07-08,113.34,114.23,113.3,114.05,94.85277377780194,5317783,0.0000,1.0
2019-07-09,113.9,113.91,112.32,112.91,93.9046618785762,7537695,0.0000,1.0
2019-07-10,113.46,114.5,113.4,113.75,94.60327064642675,5600655,0.0000,1.0
2019-07-11,113.66,114.4,113.44,114.38,95.12722722231464,4625301,0.0000,1.0
2019-07-12,114.07,115.21,114.07,114.99,95.63455025611087,7058570,0.0000,1.0
2019-07-15,115.07,115.88,114.79,115.48,96.04207203735702,6240874,0.0000,1.0
2019-07-16,115.72,116.52,115.45,115.89,96.38305965023645,7644578,0.0000,1.0
2019-07-17,115.73,116.29,115.73,115.94,96.42464350546564,7862148,0.0000,1.0
2019-07-18,114.93,115.77,114.79,115.44,96.62915290548284,5828782,0.7459,1.0
2019-07-19,115.5,115.95,115.01,115.01,96.26922102962216,6547213,0.0000,1.0
2019-07-22,115.04,115.45,114.58,115.3,96.51196578310959,4018769,0.0000,1.0
2019-07-23,115.71,116.05,113.84,113.85,95.29824201567239,8194573,0.0000,1.0
2019-07-24,113.85,113.88,112.28,112.6,94.25192842305411,9636008,0.0000,1.0
2019-07-25,111.48,112.98,111.38,112.77,94.3942270716502,7809607,0.0000,1.0
2019-07-26,113.21,114.88,112.88,114.73,96.03484678487565,5559578,0.0000,1.0
2019-07-29,114.73,116.21,114.62,116.0,97.09790139497582,7768672,0.0000,1.0
2019-07-30,119.82,121.76,118.8,120.41,100.78929574973309,18788812,0.0000,1.0
2019-07-31,119.66,120.68,117.07,118.04,98.80548517812885,12641806,0.0000,1.0
2019-08-01,118.56,119.17,116.73,116.73,97.7089485330649,11308631,0.0000,1.0
2019-08-02,116.51,117.08,115.69,116.44,97.46620377957746,12266112,0.0000,1.0
2019-08-05,116.09,116.3,112.83,113.08,94.65371284261954,12974788,0.0000,1.0
2019-08-06,113.65,115.0,113.18,114.28,95.65817389153308,9490555,0.0000,1.0
2019-08-07,113.75,116.24,112.68,115.52,96.6961169754104,9507607,0.0000,1.0
2019-08-08,115.52,117.49,115.34,117.44,98.30325465367207,7416622,0.0000,1.0
2019-08-09,117.62,118.04,115.85,116.78,97.75080107676963,6939535,0.0000,1.0
2019-08-12,116.78,117.67,115.59,116.03,97.12301292119867,4368093,0.0000,1.0
2019-08-13,116.51,118.07,116.34,117.25,98.1442149875941,6757704,0.0000,1.0
2019-08-14,116.46,117.94,115.66,115.79,96.92212071141596,10148261,0.0000,1.0
2019-08-15,116.8,118.09,116.44,117.39,98.26140210996735,7758035,0.0000,1.0
2019-08-16,118.06,119.54,117.6,119.18,99.75972317459672,8302368,0.0000,1.0
2019-08-19,119.97,120.45,119.11,120.24,100.646997101137,5867224,0.0000,1.0
2019-08-20,120.05,120.26,118.79,118.9,99.52534892985022,6744298,0.0000,1.0
2019-08-21,119.27,119.65,118.68,119.2,99.7764641920786,4037412,0.0000,1.0
2019-08-22,119.08,119.79,118.7,119.42,99.96061538437942,4558457,0.0000,1.0
2019-08-23,119.14,120.11,116.43,117.32,98.20280854878071,7336907,0.0000,1.0
2019-08-26,117.75,119.6,117.22,119.32,99.87691029696995,5661841,0.0000,1.0
2019-08-27,119.99,121.05,119.78,120.55,100.90648287210634,6996550,0.0000,1.0
2019-08-28,120.46,121.43,119.63,121.4,101.61797611508678,4597823,0.0000,1.0
2019-08-29,121.79,122.0,120.32,121.18,101.43382492278596,5011487,0.0000,1.0
2019-08-30,121.96,122.0,119.51,120.23,100.63862659239607,6007112,0.0000,1.0
2019-09-03,119.79,121.54,119.63,121.36,101.58449408012298,4959292,0.0000,1.0
2019-09-04,121.85,123.28,121.46,123.21,103.13303819719802,5586613,0.0000,1.0
2019-09-05,123.24,123.43,122.18,122.76,102.75636530385546,7491855,0.0000,1.0
2019-09-06,123.0,123.38,122.54,122.87,102.84844090000585,5306901,0.0000,1.0
2019-09-09,122.71,122.78,121.78,122.17,102.26250528813962,7643404,0.0000,1.0
2019-09-10,121.03,121.18,119.58,119.88,100.34565878646295,9581646,0.0000,1.0
2019-09-11,119.86,121.34,119.36,121.27,101.50915950145446,7563792,0.0000,1.0
2019-09-12,122.65,123.21,121.62,122.77,102.7647358125964,6194307,0.0000,1.0
2019-09-13,121.82,122.58,121.5,122.12,102.2206527444349,6777399,0.0000,1.0
2019-09-16,121.81,121.96,119.02,119.75,100.23684217283065,9611403,0.0000,1.0
2019-09-17,119.63,121.99,119.44,121.16,101.41708390530405,6403020,0.0000,1.0
2019-09-18,121.27,121.96,120.77,121.41,101.62634662382771,5788412,0.0000,1.0
2019-09-19,121.39,122.23,121.24,121.9,102.03650155213408,4752602,0.0000,1.0
2019-09-20,122.13,122.6,121.75,122.24,102.32109884932625,15422859,0.0000,1.0
2019-09-23,122.2,123.77,121.97,123.22,103.14140870593897,6255786,0.0000,1.0
2019-09-24,123.7,124.73,123.36,123.61,103.46785854683587,7810537,0.0000,1.0
2019-09-25,123.56,123.83,122.95,123.02,102.97399853112005,5842073,0.0000,1.0
2019-09-26,123.64,125.0,123.53,124.31,104.05379415870212,7057926,0.0000,1.0
2019-09-27,124.41,124.88,123.72,124.57,104.2714273859667,5589808,0.0000,1.0
2019-09-30,124.57,125.36,124.13,124.38,104.11238771988873,5227165,0.0000,1.0
2019-10-01,124.36,124.64,123.2,123.85,103.66875075661858,5455940,0.0000,1.0
2019-10-02,123.2,123.65,120.21,121.08,101.35011983537649,6799785,0.0000,1.0
2019-10-03,121.67,122.54,120.84,121.74,101.90257341227894,5175148,0.0000,1.0
2019-10-04,122.19,124.06,121.99,124.0,103.79430838773278,4405650,0.0000,1.0
2019-10-07,123.53,123.89,122.68,122.84,102.82332937378303,4783788,0.0000,1.0
2019-10-08,122.66,122.93,120.88,120.93,101.2245622042623,6193542,0.0000,1.0
2019-10-09,121.81,122.39,121.43,121.98,102.10346562206165,3789785,0.0000,1.0
2019-10-10,121.33,122.19,120.8,121.94,102.06998358709787,4117890,0.0000,1.0
2019-10-11,122.04,122.06,120.82,121.09,101.35849034411744,6301551,0.0000,1.0
2019-10-14,121.62,121.62,119.58,120.05,100.48795743505903,7383413,0.0000,1.0
2019-10-15,120.19,120.56,116.7,117.2,98.10236244388938,11174737,0.0000,1.0
2019-10-16,117.67,117.77,116.51,117.53,98.37858923234059,7997695,0.0000,1.0
2019-10-17,117.31,117.64,116.55,116.63,98.2495996926426,5993352,0.7459,1.0
2019-10-18,116.55,117.75,116.17,117.47,98.95721920513357,9016429,0.0000,1.0
2019-10-21,117.42,119.12,117.35,119.08,100.3134899374079,7218664,0.0000,1.0
2019-10-22,124.0,124.22,121.6,122.18,102.92494290017213,14487778,0.0000,1.0
2019-10-23,121.99,123.73,121.84,123.0,103.61571432903233,8319580,0.0000,1.0
2019-10-24,123.76,125.77,123.34,124.79,105.1236178139833,6745650,0.0000,1.0
2019-10-25,124.82,124.82,123.17,123.25,103.82631537441655,6092239,0.0000,1.0
2019-10-28,123.48,124.12,122.6,123.48,104.02006833617003,5459130,0.0000,1.0
2019-10-29,123.2,124.56,123.1,123.6,104.12115683795444,5659825,0.0000,1.0
2019-10-30,123.99,125.17,123.5,124.94,105.24997844121381,4734422,0.0000,1.0
2019-10-31,124.79,125.45,123.36,124.51,104.88774464315298,6399419,0.0000,1.0
2019-11-01,124.83,125.14,123.25,123.87,104.3486059669694,6010114,0.0000,1.0
2019-11-04,123.92,123.92,118.64,119.07,100.30506589559252,10350034,0.0000,1.0
2019-11-05,118.83,119.59,118.24,118.9,100.16185718473126,9234478,0.0000,1.0
2019-11-06,119.1,120.35,118.66,120.32,101.35807112251358,6755900,0.0000,1.0
2019-11-07,120.34,120.34,118.81,119.62,100.7683881954378,8909742,0.0000,1.0
2019-11-08,119.85,120.59,119.16,119.7,100.83578052996074,4249862,0.0000,1.0
2019-11-11,119.48,120.0,119.09,119.33,100.5240909827921,3850358,0.0000,1.0
2019-11-12,119.49,119.6,118.55,119.27,100.47354673189989,4759405,0.0000,1.0
2019-11-13,119.9,121.05,119.87,120.65,101.63606450242075,7279454,0.0000,1.0
2019-11-14,120.62,121.17,120.11,120.5,101.50970387519021,5188323,0.0000,1.0
2019-11-15,120.99,120.99,119.97,120.54,101.5434000424517,7108585,0.0000,1.0
2019-11-18,120.25,122.56,120.17,121.89,102.68064568752644,7493694,0.0000,1.0
2019-11-19,121.93,122.78,121.13,121.42,102.28471572220411,5988953,0.0000,1.0
2019-11-20,121.42,122.38,120.93,122.29,103.01760736014118,6479595,0.0000,1.0
2019-11-21,121.78,122.54,120.28,120.34,101.37491920614433,7094106,0.0000,1.0
2019-11-22,120.23,120.61,119.39,120.29,101.33279899706748,4414949,0.0000,1.0
2019-11-25,120.44,120.92,120.02,120.51,101.51812791700559,5134268,0.0000,1.0
2019-11-26,120.73,122.35,120.41,122.26,102.99233523469508,8238615,0.0000,1.0
2019-11-27,122.42,122.44,120.96,121.76,102.57113314392664,3751060,0.0000,1.0
2019-11-29,121.99,122.63,121.71,122.06,102.8238543983877,2927290,0.0000,1.0
2019-12-02,121.94,122.78,120.96,122.72,103.37984115820201,6146195,0.0000,1.0
2019-12-03,122.31,122.96,121.8,122.95,103.5735941199555,6492697,0.0000,1.0
2019-12-04,122.75,124.58,122.69,124.53,104.90459272678372,6857345,0.0000,1.0
2019-12-05,124.27,124.63,123.66,124.62,104.98040910312203,7029171,0.0000,1.0
2019-12-06,124.73,125.45,123.89,124.19,104.61817530506119,7150870,0.0000,1.0
2019-12-09,124.31,125.14,124.18,124.87,105.19101014850625,7452765,0.0000,1.0
2019-12-10,124.78,124.87,124.12,124.27,104.68556763958414,4740134,0.0000,1.0
2019-12-11,124.27,125.27,124.07,124.66,105.0141052703835,4717202,0.0000,1.0
2019-12-12,124.78,125.76,123.88,124.57,104.93828889404519,5897381,0.0000,1.0
2019-12-13,124.21,125.74,123.79,125.47,105.69645265742835,5471590,0.0000,1.0
2019-12-16,125.47,126.35,125.35,125.56,105.77226903376666,8281916,0.0000,1.0
2019-12-17,125.59,125.98,124.31,125.31,105.56166798838245,8832191,0.0000,1.0
2019-12-18,125.31,125.87,123.69,124.01,104.46654255238455,8607594,0.0000,1.0
2019-12-19,124.16,125.2,123.9,124.92,105.23313035758308,6629092,0.0000,1.0
2019-12-20,126.15,126.6,125.03,125.36,105.6037881974593,16250519,0.0000,1.0
2019-12-23,125.52,125.82,124.69,124.9,105.21628227395234,6619530,0.0000,1.0
2019-12-24,124.79,125.31,124.58,125.22,105.48585161204414,2022053,0.0000,1.0
2019-12-26,125.1,125.75,124.87,125.22,105.48585161204414,4760426,0.0000,1.0
2019-12-27,125.56,126.3,125.39,126.09,106.2187432499812,5192014,0.0000,1.0
2019-12-30,125.76,125.98,124.14,124.47,104.8540484758915,3884343,0.0000,1.0
2019-12-31,124.43,124.99,123.95,124.9,105.21628227395234,4798910,0.0000,1.0
2020-01-02,124.5,124.73,122.94,123.41,103.96110004346244,8130493,0.0000,1.0
2020-01-03,122.16,123.53,121.86,122.58,103.26190457278686,7970514,0.0000,1.0
2020-01-06,122.57,123.19,122.38,122.75,103.40511328364812,6668540,0.0000,1.0
2020-01-07,122.88,123.21,121.87,121.99,102.76488610568012,7583952,0.0000,1.0
2020-01-08,122.19,123.43,122.0,122.51,103.20293628007929,5385050,0.0000,1.0
2020-01-09,122.51,123.88,122.51,123.85,104.33175788333865,5943993,0.0000,1.0
2020-01-10,123.9,124.32,123.3,123.97,104.43284638512307,3927056,0.0000,1.0
2020-01-13,124.0,124.9,123.81,124.88,105.19943419032161,8409206,0.0000,1.0
2020-01-14,124.65,125.2,124.48,124.69,105.0393773958296,7829661,0.0000,1.0
2020-01-15,125.06,126.12,125.01,125.96,106.1092307063814,4843703,0.0000,1.0
2020-01-16,126.11,126.78,125.59,126.07,106.20189516635045,6233709,0.0000,1.0
2020-01-17,126.35,127.0,125.88,126.41,106.48831258807299,11314279,0.0000,1.0
2020-01-21,126.41,126.62,124.84,126.09,106.2187432499812,8553058,0.0000,1.0
2020-01-22,126.33,126.68,125.83,126.31,106.4040721699193,7389885,0.0000,1.0
2020-01-23,124.3,126.55,123.65,124.99,105.920447929299,11094894,0.7459,1.0
2020-01-24,125.22,126.79,124.77,125.14,106.0475626359907,9507926,0.0000,1.0
2020-01-27,124.75,126.39,124.75,125.69,106.51364989386025,9338366,0.0000,1.0
2020-01-28,125.93,126.98,125.72,126.03,106.80177656236143,6200225,0.0000,1.0
2020-01-29,125.91,126.07,125.03,125.06,105.97976812575513,5271002,0.0000,1.0
2020-01-30,124.79,126.06,124.42,125.95,106.73398205212585,5894323,0.0000,1.0
2020-01-31,125.99,126.95,124.46,124.62,105.6068983194595,6612044,0.0000,1.0
2020-02-03,124.66,125.95,124.49,125.11,106.02213969465237,6052347,0.0000,1.0
2020-02-04,125.71,127.35,125.36,125.66,106.4882269525219,6511673,0.0000,1.0
2020-02-05,125.91,127.06,125.4,126.81,107.46277303715823,6125374,0.0000,1.0
2020-02-06,126.9,128.09,126.6,127.14,107.74242539187996,9101130,0.0000,1.0
2020-02-07,127.19,127.27,126.05,126.08,106.84414813125865,5915099,0.0000,1.0
2020-02-10,126.46,126.83,125.76,126.17,106.92041695527367,5216051,0.0000,1.0
2020-02-11,126.27,126.27,124.03,124.16,105.21707988560496,6104952,0.0000,1.0
2020-02-12,123.68,123.97,122.85,123.45,104.61540360726428,6031715,0.0000,1.0
2020-02-13,123.73,125.28,123.52,124.96,105.89502498796067,7158978,0.0000,1.0
2020-02-14,125.29,126.15,124.79,126.14,106.89499401393533,5889118,0.0000,1.0
2020-02-18,125.83,126.18,124.83,124.87,105.81875616394565,6767599,0.0000,1.0
2020-02-19,124.85,126.47,124.65,125.44,106.30179204937409,4733009,0.0000,1.0
2020-02-20,125.47,126.76,125.13,126.58,107.26786382023096,6094584,0.0000,1.0
2020-02-21,126.13,128.07,125.98,126.7,107.36955558558432,8723867,0.0000,1.0
2020-02-24,125.26,126.59,123.14,123.3,104.48828890057258,7533813,0.0000,1.0
2020-02-25,123.02,123.96,120.88,121.43,102.90359222381613,8903063,0.0000,1.0
2020-02-26,121.42,122.39,119.85,120.16,101.82735437382645,6889333,0.0000,1.0
2020-02-27,119.12,119.92,113.43,113.5,96.18346139671523,13296811,0.0000,1.0
2020-02-28,109.46,113.23,106.67,113.23,95.9546549246702,22784231,0.0000,1.0
2020-03-02,113.19,119.79,112.55,119.56,101.31889554705968,12396701,0.0000,1.0
2020-03-03,119.73,121.84,117.14,118.17,100.14096593171665,12510139,0.0000,1.0
2020-03-04,119.88,124.69,119.6,124.5,105.50520655410614,9459193,0.0000,1.0
2020-03-05,121.3,122.9,120.28,121.63,103.07307849940506,9363472,0.0000,1.0
2020-03-06,118.03,122.61,117.55,121.66,103.09850144074339,9816841,0.0000,1.0
2020-03-09,115.27,120.03,115.12,116.06,98.35288572425348,13108047,0.0000,1.0
2020-03-10,118.96,120.82,114.44,120.55,102.15785261122485,11418302,0.0000,1.0
2020-03-11,117.6,118.44,110.68,111.59,94.564867464841,16405659,0.0000,1.0
2020-03-12,103.0,111.58,101.0,101.84,86.30241152988089,20977097,0.0000,1.0
2020-03-13,106.5,114.63,105.41,114.07,96.66649728214367,17232526,0.0000,1.0
2020-03-16,101.75,115.95,101.0,108.5,91.94630450699209,17354933,0.0000,1.0
2020-03-17,111.45,119.7,110.77,118.24,100.20028612817276,19431050,0.0000,1.0
2020-03-18,113.02,121.5,112.09,117.45,99.53081533959651,23060349,0.0000,1.0
2020-03-19,116.61,118.0,109.79,110.83,93.92081961760307,16427034,0.0000,1.0
2020-03-20,109.19,109.7,101.59,102.43,86.80239604286821,19918850,0.0000,1.0
2020-03-23,100.19,103.75,94.34,97.7,82.79404562519012,17772190,0.0000,1.0
2020-03-24,101.23,104.0,96.07,103.27,87.5142384003417,14622330,0.0000,1.0
2020-03-25,100.51,104.7,98.6,100.92,85.52277466217183,13787436,0.0000,1.0
2020-03-26,103.88,108.31,102.53,107.38,90.99718136369411,15794283,0.0000,1.0
2020-03-27,106.49,114.29,106.49,110.17,93.36151490815962,16072583,0.0000,1.0
2020-03-30,113.9,115.79,110.2,115.0,97.45460846363217,14568010,0.0000,1.0
2020-03-31,113.5,114.29,108.95,110.0,93.21745157390905,21684183,0.0000,1.0
2020-04-01,107.95,112.18,107.0,109.33,92.64967255068613,11092492,0.0000,1.0
2020-04-02,107.69,114.99,107.5,114.4,96.9461496368654,9167662,0.0000,1.0
2020-04-03,113.74,115.9,113.01,115.08,97.52240297386774,7768513,0.0000,1.0
2020-04-06,117.0,119.0,114.58,117.81,99.83589063565658,16846908,0.0000,1.0
2020-04-07,116.71,120.06,112.5,112.77,95.56483649081565,14435950,0.0000,1.0
2020-04-08,114.39,117.3,111.86,115.1,97.53935160142663,12563977,0.0000,1.0
2020-04-09,115.26,118.66,114.2,114.66,97.166481795131,12747011,0.0000,1.0
2020-04-13,113.61,116.75,113.16,115.95,98.25966827267958,7911132,0.0000,1.0
2020-04-14,118.76,121.47,116.25,120.96,102.50529947618215,10470763,0.0000,1.0
2020-04-15,120.86,123.42,119.59,121.22,102.72563163444777,14174723,0.0000,1.0
2020-04-16,122.35,122.5,119.9,121.5,102.96291242027226,11975467,0.0000,1.0
2020-04-17,122.45,124.99,120.54,124.69,105.66621851591562,15897890,0.0000,1.0
2020-04-20,121.47,123.23,120.54,120.6,102.20022418012209,10827744,0.0000,1.0
2020-04-21,119.5,120.3,118.43,119.68,101.42058731241303,9463683,0.0000,1.0
2020-04-22,119.99,120.28,118.78,119.4,101.18330652658854,10258797,0.0000,1.0
2020-04-23,118.65,119.67,118.05,119.4,101.85337051712936,17275037,0.7907,1.0
2020-04-24,119.1,119.76,118.62,118.78,101.32448366854796,12750998,0.0000,1.0
2020-04-27,119.19,119.19,116.9,117.45,100.18993607401042,10632967,0.0000,1.0
2020-04-28,117.1,117.91,116.17,116.89,99.71223182367882,9956368,0.0000,1.0
2020-04-29,117.52,118.05,115.08,117.08,99.87431005146989,8702944,0.0000,1.0
2020-04-30,115.92,118.28,115.66,117.87,100.54821426175911,10023428,0.0000,1.0
2020-05-01,117.6,118.37,116.32,116.82,99.65251879238735,7366312,0.0000,1.0
2020-05-04,117.09,117.2,115.0,115.77,98.75682332301562,5635194,0.0000,1.0
2020-05-05,115.8,117.26,115.21,116.01,98.96155371601489,5425171,0.0000,1.0
2020-05-06,115.54,116.14,112.89,113.1,96.47919770089891,7889029,0.0000,1.0
2020-05-07,114.06,114.14,111.82,112.17,95.6858674280268,8762781,0.0000,1.0
2020-05-08,113.52,116.3,113.39,115.95,98.91037111776507,9279935,0.0000,1.0
2020-05-11,115.75,116.01,114.92,115.31,98.36442340310039,6946063,0.0000,1.0
2020-05-12,115.2,115.9,114.14,114.55,97.71611049193608,6731018,0.0000,1.0
2020-05-13,114.28,115.35,113.73,113.92,97.17869321031304,9310900,0.0000,1.0
2020-05-14,113.54,114.45,111.25,113.81,97.08485844685505,9309637,0.0000,1.0
2020-05-15,113.93,114.79,112.05,114.61,97.76729309018589,10694802,0.0000,1.0
2020-05-18,116.03,116.99,114.71,116.21,99.13216237684759,10020526,0.0000,1.0
2020-05-19,115.09,115.64,112.34,112.44,95.91618912015096,8043648,0.0000,1.0
2020-05-20,113.0,113.77,112.13,113.28,96.63274549564835,6592844,0.0000,1.0
2020-05-21,112.8,113.2,111.43,111.62,95.21669361073684,6602530,0.0000,1.0
2020-05-22,112.29,113.6,111.76,112.6,96.05267604881713,5571923,0.0000,1.0
2020-05-26,114.15,114.15,111.68,112.03,95.56644136544391,10431551,0.0000,1.0
2020-05-27,112.5,113.97,111.82,113.89,97.15310191118813,8277750,0.0000,1.0
2020-05-28,115.53,116.99,114.9,116.06,99.00420588122306,6586712,0.0000,1.0
2020-05-29,116.13,116.72,114.62,115.92,98.88477981864015,7867972,0.0000,1.0
2020-06-01,116.0,117.5,115.26,117.25,100.01932741317769,5104644,0.0000,1.0
2020-06-02,117.07,118.14,116.82,118.06,100.71029248955018,6327113,0.0000,1.0
2020-06-03,118.1,119.19,117.95,118.53,101.11122284250706,6170865,0.0000,1.0
2020-06-04,118.0,118.83,115.57,116.05,98.99567544818142,6895807,0.0000,1.0
2020-06-05,116.25,118.83,116.05,118.33,100.94061418167435,7335646,0.0000,1.0
2020-06-08,117.44,119.12,116.84,119.05,101.5548053606721,6924600,0.0000,1.0
2020-06-09,119.4,119.76,118.15,118.34,100.94914461471598,5560941,0.0000,1.0
2020-06-10,119.0,119.89,118.11,119.23,101.70835315542155,6673363,0.0000,1.0
2020-06-11,118.81,119.57,116.0,116.26,99.17481454205577,8936160,0.0000,1.0
2020-06-12,116.59,118.05,115.26,115.62,98.6288668273911,7998450,0.0000,1.0
2020-06-15,114.55,117.28,113.76,116.69,99.5416231628461,8785764,0.0000,1.0
2020-06-16,118.53,118.97,116.93,118.13,100.77000552084162,8165082,0.0000,1.0
2020-06-17,118.39,119.11,117.44,117.93,100.59939686000892,6320712,0.0000,1.0
2020-06-18,117.46,119.96,117.37,119.28,101.75100532062973,6171958,0.0000,1.0
2020-06-19,120.49,121.82,118.83,118.92,101.44390973113084,17506157,0.0000,1.0
2020-06-22,118.78,119.08,117.34,117.75,100.44584906525948,5694412,0.0000,1.0
2020-06-23,118.67,119.19,117.65,117.73,100.42878819917621,5340314,0.0000,1.0
2020-06-24,117.22,117.96,116.28,116.42,99.31130147072194,6546633,0.0000,1.0
2020-06-25,116.99,118.03,116.03,117.89,100.56527512784238,5487088,0.0000,1.0
2020-06-26,117.59,118.47,115.04,115.23,98.29617993876731,23210656,0.0000,1.0
2020-06-29,116.51,118.05,116.35,117.66,100.36907516788476,6866923,0.0000,1.0
2020-06-30,117.97,119.99,117.8,119.57,101.99838787883715,7818006,0.0000,1.0
2020-07-01,119.65,120.39,118.9,119.98,102.34813563354423,6506575,0.0000,1.0
2020-07-02,121.0,122.57,120.53,120.88,103.11587460729143,6149897,0.0000,1.0
2020-07-06,121.77,122.41,120.88,121.63,103.7556570854141,6022517,0.0000,1.0
2020-07-07,121.3,123.25,120.89,122.22,104.2589526348706,6866349,0.0000,1.0
2020-07-08,122.15,123.24,122.0,122.89,104.83049164866019,6493367,0.0000,1.0
2020-07-09,122.82,123.98,121.81,122.48,104.48074389395313,5340471,0.0000,1.0
2020-07-10,122.57,124.5,122.47,123.89,105.68353495282375,6752407,0.0000,1.0
2020-07-13,124.0,125.59,123.34,124.05,105.82002188148992,7680531,0.0000,1.0
2020-07-14,123.99,125.66,123.5,125.09,106.70718691782002,6271024,0.0000,1.0
2020-07-15,125.98,126.9,124.26,124.5,106.20389136836353,8142598,0.0000,1.0
2020-07-16,125.08,125.52,123.91,124.76,106.42568262744605,3959308,0.0000,1.0
2020-07-17,125.09,126.07,124.83,125.63,107.16783030206835,4868578,0.0000,1.0
2020-07-20,125.47,125.84,124.79,125.24,106.83514341344456,4241508,0.0000,1.0
2020-07-21,125.49,126.64,124.92,125.07,106.69012605173675,5162335,0.0000,1.0
2020-07-22,125.5,126.4,124.21,126.14,107.60288238719177,5929208,0.0000,1.0
2020-07-23,126.12,127.18,125.6,126.16,108.29444459387715,6664788,0.7907,1.0
2020-07-24,126.99,127.77,125.315,125.96,108.12276665381076,6014523,0.0000,1.0
2020-07-27,125.71,126.64,125.54,126.32,108.43178694593026,6464784,0.0000,1.0
2020-07-28,126.37,128.46,126.29,127.88,109.77087487844808,7644674,0.0000,1.0
2020-07-29,127.56,129.24,127.36,128.31,110.13998244959082,6702034,0.0000,1.0
2020-07-30,130.66,132.03,129.65,131.42,112.80957441762312,10400727,0.0000,1.0
2020-07-31,130.0065,131.21,129.27,131.12,112.55205750752356,8487840,0.0000,1.0
2020-08-03,130.47,131.92,130.47,131.29,112.69798375657999,7770344,0.0000,1.0
2020-08-04,130.77,133.93,130.7,133.79,114.84395800740982,7737154,0.0000,1.0
2020-08-05,133.59,134.65,133.12,133.44,114.54352161229365,5680385,0.0000,1.0
2020-08-06,132.8502,133.37,132.12,132.71,113.91689713105134,3974322,0.0000,1.0
2020-08-07,132.89,133.64,132.45,133.55,114.63794447933017,4934948,0.0000,1.0
2020-08-10,133.7,134.4399,133.185,134.1,115.11005881451273,5812760,0.0000,1.0
2020-08-11,134.27,134.7399,132.795,133.23,114.36325977522394,5330012,0.0000,1.0
2020-08-12,133.77,135.97,133.7,135.46,116.27746880696417,5920397,0.0000,1.0
2020-08-13,135.08,135.87,134.93,135.78,116.55215351107039,4989503,0.0000,1.0
2020-08-14,135.61,135.64,134.55,135.1,115.96844851484467,5845231,0.0000,1.0
2020-08-17,134.94,135.7,134.66,135.5,116.31180439497744,5590107,0.0000,1.0
2020-08-18,135.81,137.52,135.42,136.51,117.17877799231269,8670776,0.0000,1.0
2020-08-19,135.54,136.32,135.5,135.77,116.54356961406707,6827671,0.0000,1.0
2020-08-20,135.24,136.98,135.19,136.85,117.47063049042555,4352541,0.0000,1.0
2020-08-21,136.6,138.101,135.91,137.44,117.9770804136214,5706678,0.0000,1.0
2020-08-24,137.49,138.78,137.2,138.51,118.89555739297656,7420504,0.0000,1.0
2020-08-25,139.0,139.15,137.8,139.06,119.36767172815914,4718309,0.0000,1.0
2020-08-26,138.57,139.32,138.25,138.39,118.79255062893672,4746223,0.0000,1.0
2020-08-27,138.84,139.69,138.18,138.21,118.638040482877,6156418,0.0000,1.0
2020-08-28,138.32,138.91,136.95,138.77,119.11873871506289,4166280,0.0000,1.0
2020-08-31,138.19,138.73,137.82,138.33,118.74104724691684,5597152,0.0000,1.0
2020-09-01,137.86,138.22,137.07,138.18,118.61228879186704,5672308,0.0000,1.0
2020-09-02,138.11,141.44,137.61,140.51,120.61233679364044,8384795,0.0000,1.0
2020-09-03,140.74,141.7,137.09,138.26,118.68095996789359,7277910,0.0000,1.0
2020-09-04,137.81,139.19,136.12,137.96,118.42344305779402,7437835,0.0000,1.0
2020-09-08,138.52,138.64,135.03799999999998,135.94,116.6894958631235,6847640,0.0000,1.0
2020-09-09,136.42,139.56,136.27,138.15,118.58653710085707,6002891,0.0000,1.0
2020-09-10,138.12,138.715,136.51,136.7,117.34187203537576,5242617,0.0000,1.0
2020-09-11,137.69,138.66,137.16,138.14,118.57795320385374,4398051,0.0000,1.0
2020-09-14,138.44,139.58,138.33,138.63,118.9985641570164,4767466,0.0000,1.0
2020-09-15,138.79,139.77,138.39,138.63,118.9985641570164,4046529,0.0000,1.0
2020-09-16,139.57,140.17,137.6,137.7,118.2002617357077,6050037,0.0000,1.0
2020-09-17,137.06,137.88,136.19,137.52,118.04575158964796,4648708,0.0000,1.0
2020-09-18,136.91,137.93,136.26,137.37,117.91699313459817,10192776,0.0000,1.0
2020-09-21,137.0,137.47,134.7,136.71,117.35045593237909,7092706,0.0000,1.0
2020-09-22,136.49,139.03,136.24,137.96,118.42344305779402,4723016,0.0000,1.0
2020-09-23,138.42,138.42,136.09,136.31,117.00710005224632,6374016,0.0000,1.0
2020-09-24,136.665,137.15,135.71,136.92,117.53071776944878,5708196,0.0000,1.0
2020-09-25,135.89,137.99,135.89,137.62,118.13159055968116,4970184,0.0000,1.0
2020-09-28,138.56,139.94,137.78,138.01,118.4663625428106,5810836,0.0000,1.0
2020-09-29,138.39,138.42,136.66,137.26,117.82257026756164,4493156,0.0000,1.0
2020-09-30,138.16,139.85,137.81,138.99,119.3075844491359,8727963,0.0000,1.0
2020-10-01,139.58,139.99,138.21,139.24,119.52218187421889,5713511,0.0000,1.0
2020-10-02,137.93,139.12,136.95,138.12,118.56078540984711,6077907,0.0000,1.0
2020-10-05,138.72,139.65,138.3,139.39,119.65094032926866,6333929,0.0000,1.0
2020-10-06,139.42,140.77,138.81,139.61,119.83978606334172,6042878,0.0000,1.0
2020-10-07,140.08,141.39,139.37,140.7,120.7754308367035,4640939,0.0000,1.0
2020-10-08,140.56,141.93,140.3635,141.65,121.59090105201886,4570134,0.0000,1.0
2020-10-09,141.84,143.64,141.7,142.92,122.6810559714404,6551774,0.0000,1.0
2020-10-12,143.33,145.33,143.33,144.49,124.02872780096156,5791704,0.0000,1.0
2020-10-13,143.82,144.84,143.46,144.21,123.78837868486862,4509433,0.0000,1.0
2020-10-14,144.18,145.1,143.08,144.04,123.64245243581217,3860801,0.0000,1.0
2020-10-15,143.06,144.39,142.89,143.83,123.46219059874248,4997147,0.0000,1.0
2020-10-16,144.42,145.87,143.92,144.39,123.94288883092835,6807859,0.0000,1.0
2020-10-19,144.47,145.39,141.13,141.91,121.81408237410515,6427561,0.0000,1.0
2020-10-20,145.61,145.69,141.9,142.48,122.30336450329435,7585241,0.0000,1.0
2020-10-21,142.49,144.3368,142.47,143.25,122.96432457254996,5649652,0.0000,1.0
2020-10-22,141.49,142.75,141.08,141.45,122.0979518480049,4503323,0.7907,1.0
2020-10-23,141.76,142.88,141.76,142.38,122.90071674880832,4278287,0.0000,1.0
2020-10-26,141.5,142.05,140.01,141.3,121.9684736381979,5315562,0.0000,1.0
2020-10-27,141.94,143.34,141.65,142.36,122.88345298750073,6806665,0.0000,1.0
2020-10-28,140.45,140.935,137.31,137.66,118.8264690802146,8192153,0.0000,1.0
2020-10-29,137.35,139.09,135.7988,137.57,118.74878215433039,5476878,0.0000,1.0
2020-10-30,137.18,137.99,134.68,137.1,118.34308376360177,6422103,0.0000,1.0
2020-11-02,138.51,140.0,137.4359,138.5,119.55154705513382,6682895,0.0000,1.0
2020-11-03,139.32,142.66,139.32,141.22,121.89941859296749,6244208,0.0000,1.0
2020-11-04,140.46,143.0,140.27,140.64,121.39876951504706,5820621,0.0000,1.0
2020-11-05,142.44,143.53,141.78,142.38,122.90071674880832,5673138,0.0000,1.0
2020-11-06,142.67,144.07,142.38,143.23,123.63442660438135,4702528,0.0000,1.0
2020-11-09,146.15,146.92,137.6,137.99,119.11132114179001,12664662,0.0000,1.0
2020-11-10,138.1,140.6206,137.15,140.26,121.07075805020266,7853955,0.0000,1.0
2020-11-11,141.85,143.0,140.65,142.07,122.63312844854052,5554342,0.0000,1.0
2020-11-12,142.295,142.55,141.07,142.15,122.70218349377092,5632667,0.0000,1.0
2020-11-13,142.21,144.48,141.88,144.28,124.54077407303038,6467021,0.0000,1.0
2020-11-16,144.78,144.78,141.265,142.43,122.94387615207734,7976828,0.0000,1.0
2020-11-17,141.89,143.47,141.75,141.88,122.4691227161183,6396807,0.0000,1.0
2020-11-18,141.99,142.1,139.66,139.7,120.58737273358985,6097357,0.0000,1.0
2020-11-19,139.87,140.115,138.447,139.53,120.44063076247525,5284085,0.0000,1.0
2020-11-20,139.53,140.35,138.63,139.3,120.24209750743785,4727377,0.0000,1.0
2020-11-23,139.32,139.95,137.8627,138.76,119.77597595213261,4771187,0.0000,1.0
2020-11-24,138.83,139.84,138.07,138.31,119.38754132271161,7085825,0.0000,1.0
2020-11-25,138.16,139.39,138.04,138.68,119.70692090690223,8411414,0.0000,1.0
2020-11-27,138.59,138.89,137.53,138.61,119.64649774232564,4252166,0.0000,1.0
2020-11-30,138.0,139.2,136.74,138.87,119.87092663932444,11640396,0.0000,1.0
2020-12-01,139.16,139.54,138.16,139.37,120.30252067201445,7113152,0.0000,1.0
2020-12-02,139.37,139.94,137.485,138.36,119.43070072598063,6963009,0.0000,1.0
2020-12-03,138.09,138.35,135.54,137.34,118.550248899293,8742470,0.0000,1.0
2020-12-04,137.21,137.86,135.87,137.47,118.66246334779238,6617372,0.0000,1.0
2020-12-07,136.61,137.735,136.56,137.68,118.8437328415222,6918027,0.0000,1.0
2020-12-08,137.02,138.78,136.43,138.05,119.16311242571281,6493708,0.0000,1.0
2020-12-09,137.83,138.04,136.25,136.41,117.74748399848956,6773608,0.0000,1.0
2020-12-10,136.52,136.92,135.04,135.51,116.97061473964753,6800847,0.0000,1.0
2020-12-11,134.46,136.8,134.2001,136.51,117.83380280502756,6548068,0.0000,1.0
2020-12-14,137.02,137.93,135.77,135.85,117.26409868187675,6485252,0.0000,1.0
2020-12-15,136.39,137.54,136.24,136.65,117.95464913418077,5398197,0.0000,1.0
2020-12-16,136.71,138.27,136.71,137.27,118.48982573471639,5382469,0.0000,1.0
2020-12-17,138.01,139.12,137.95,138.25,119.33575003878882,7405252,0.0000,1.0
2020-12-18,138.26,140.07,137.45,139.04,120.01766861043903,19988803,0.0000,1.0
2020-12-21,137.96,138.43,136.22,137.52,118.7056227510614,6732371,0.0000,1.0
2020-12-22,137.29,138.07,136.38,136.55,117.86833032764278,5023425,0.0000,1.0
2020-12-23,137.39,137.55,136.13,136.34,117.68706083391297,6004252,0.0000,1.0
2020-12-24,136.2,138.13,136.2,137.72,118.87826036413739,2588169,0.0000,1.0
2020-12-28,138.15,139.3935,137.945,138.68,119.70692090690223,3683567,0.0000,1.0
2020-12-29,139.22,139.94,138.2,138.42,119.48249200990341,5139415,0.0000,1.0
2020-12-30,138.6,138.9214,137.55,137.77,118.9214197674064,3261417,0.0000,1.0
2020-12-31,138.31,139.29,137.39,139.14,120.10398741697702,4076415,0.0000,1.0
2021-01-04,139.66,139.86,136.35,137.82,118.96457917067539,8330985,0.0000,1.0
2021-01-05,137.99,138.92,136.27,138.7,119.72418466820982,6856411,0.0000,1.0
2021-01-06,138.77,141.04,138.6,140.16,120.98443924366467,10577952,0.0000,1.0
2021-01-07,139.75,140.13,138.04,138.85,119.85366287801682,7355623,0.0000,1.0
2021-01-08,138.47,139.055,137.0,138.79,119.80187159409402,7448475,0.0000,1.0
2021-01-11,138.75,139.44,137.6,137.85,118.99047481263679,7240037,0.0000,1.0
2021-01-12,137.85,138.25,136.24,137.05,118.29992436033278,6327610,0.0000,1.0
2021-01-13,137.1,138.07,137.1,137.26,118.48119385406258,6078874,0.0000,1.0
2021-01-14,137.43,137.65,135.28,135.8,117.22093927860776,6172796,0.0000,1.0
2021-01-15,135.25,136.2,134.66,134.78,116.34048745192011,7757624,0.0000,1.0
2021-01-19,135.7,136.36,133.56,133.6,115.32192553477168,9184920,0.0000,1.0
2021-01-20,132.53,133.8,131.26,131.93,113.88040146558704,12506633,0.0000,1.0
2021-01-21,130.65,131.99,130.505,131.01,113.76879124873338,8765692,0.7907,1.0
2021-01-22,131.02,131.47,129.99,130.0,112.89170950565102,7202837,0.0000,1.0
2021-01-25,129.95,133.0,129.9,132.24,114.83692050020994,9639958,0.0000,1.0
2021-01-26,132.25,133.47,131.43,133.09,115.57505860082381,5996689,0.0000,1.0
2021-01-27,132.39,133.1,127.7,128.38,111.48490512565752,10826688,0.0000,1.0
2021-01-28,127.84,131.65,127.4405,130.36,113.20433270120515,8242252,0.0000,1.0
2021-01-29,130.19,130.29,128.07,128.21,111.33727750553476,8344091,0.0000,1.0
2021-02-01,129.0,129.6597,128.2,128.97,111.9972598072601,6534168,0.0000,1.0
2021-02-02,129.6,130.72,128.69,128.79,111.84094820948303,6792003,0.0000,1.0
2021-02-03,128.95,129.195,127.75,128.95,111.97989185195152,7309656,0.0000,1.0
2021-02-04,129.38,129.455,128.58,129.03,112.04936367318578,6613694,0.0000,1.0
2021-02-05,129.12,130.0961,129.03,129.57,112.51829846651694,5063663,0.0000,1.0
2021-02-08,129.93,130.1,128.11,129.17,112.1709393603457,7011334,0.0000,1.0
2021-02-09,129.46,129.94,128.23,128.67,111.73674047763166,5909163,0.0000,1.0
2021-02-10,128.75,129.16,127.96,128.22,111.34596148318903,8397257,0.0000,1.0
2021-02-11,128.54,129.33,128.205,128.33,111.44148523738613,6139426,0.0000,1.0
2021-02-12,128.0,128.13,126.58,127.62,110.82492282393218,8407254,0.0000,1.0
2021-02-16,127.97,128.17,126.99,127.92,111.0854421535606,8246039,0.0000,1.0
2021-02-17,127.19,129.49,127.11,128.46,111.55437694689178,8835778,0.0000,1.0
2021-02-18,127.81,129.845,127.59,129.53,112.48356255589982,6936352,0.0000,1.0
2021-02-19,129.35,129.44,127.02,127.12,110.39072394121814,8277918,0.0000,1.0
2021-02-22,126.79,127.244,126.38,126.58,109.92178914788697,6839842,0.0000,1.0
2021-02-23,127.78,129.93,127.19,127.52,110.73808304738937,10145342,0.0000,1.0
2021-02-24,127.35,128.24,126.91,127.66,110.8596587345493,7263025,0.0000,1.0
2021-02-25,127.49,128.99,126.29,126.58,109.92178914788697,7762919,0.0000,1.0
2021-02-26,126.54,126.93,121.82,123.53,107.27317596333131,17630117,0.0000,1.0
2021-03-01,124.16,125.49,124.0,124.29,107.93315826505666,7740158,0.0000,1.0
2021-03-02,123.87,124.86,123.43,123.9,107.59448313653971,10206557,0.0000,1.0
2021-03-03,123.77,124.2,122.785,123.16,106.95186879012292,7536965,0.0000,1.0
2021-03-04,123.1,124.77,121.54,122.15,106.07478704704056,10228116,0.0000,1.0
2021-03-05,122.76,126.33,122.5463,125.98,109.40075048863012,10491004,0.0000,1.0
2021-03-08,125.76,128.895,125.32,127.31,110.55571951664948,9224659,0.0000,1.0
2021-03-09,127.645,128.915,126.06,126.18,109.57443004171574,8859731,0.0000,1.0
2021-03-10,126.15,128.42,125.47,127.34,110.58177144961232,9070895,0.0000,1.0
2021-03-11,127.13,127.85,126.72,126.91,110.20836041047824,6941802,0.0000,1.0
2021-03-12,127.65,128.82,127.65,128.14,111.27648966195477,6521993,0.0000,1.0
2021-03-15,128.39,129.04,127.19,128.56,111.64121672343458,7172764,0.0000,1.0
2021-03-16,128.51,129.98,128.51,128.94,111.97120787429725,6485164,0.0000,1.0
2021-03-17,129.11,129.84,128.3528,128.42,111.51964103627463,6192905,0.0000,1.0
2021-03-18,128.21,129.035,127.04,128.7,111.7627924105945,6871342,0.0000,1.0
2021-03-19,129.1,129.74,127.9,128.01,111.16359795244912,20262097,0.0000,1.0
2021-03-22,128.01,130.885,128.01,130.18,113.04802110342808,8077630,0.0000,1.0
2021-03-23,130.41,133.29,129.99,132.6,115.14954369576404,9503792,0.0000,1.0
2021-03-24,130.9395,133.14,130.62,132.56,115.11480778514692,8318034,0.0000,1.0
2021-03-25,133.09,133.62,132.05,133.48,115.91373372934075,7517293,0.0000,1.0
2021-03-26,133.22,135.61,132.48,135.45,117.62447732723408,10821240,0.0000,1.0
2021-03-29,135.0,137.6,135.0,137.57,119.46548058994162,11175976,0.0000,1.0
2021-03-30,136.61,137.0,135.14,135.45,117.62447732723408,8090641,0.0000,1.0
2021-03-31,135.68,136.75,135.26,135.43,117.60710937192553,9202839,0.0000,1.0
2021-04-01,135.05,135.48,133.33,134.28,116.60845194168323,9117845,0.0000,1.0
2021-04-05,134.96,137.25,134.73,136.45,118.49287509266216,8279156,0.0000,1.0
2021-04-06,136.0,137.02,135.64,136.5,118.53629498093358,6180642,0.0000,1.0
2021-04-07,137.12,137.33,136.25,136.74,118.74471044463633,10244622,0.0000,1.0
2021-04-08,136.9,137.6327,136.59,137.26,119.19627728265891,6190528,0.0000,1.0
2021-04-09,136.51,137.27,135.56,136.37,118.42340327142793,5855637,0.0000,1.0
2021-04-12,136.5,137.04,135.71,136.92,118.90102204241336,6441042,0.0000,1.0
2021-04-13,136.02,136.3899,134.835,135.11,117.32922208698855,9161190,0.0000,1.0
2021-04-14,135.52,135.79,134.58,135.6,117.7547369920483,7584034,0.0000,1.0
2021-04-15,135.97,137.76,135.87,137.24,119.17890932735037,7945349,0.0000,1.0
2021-04-16,137.61,137.9,136.88,137.25,119.18759330500464,7708478,0.0000,1.0
2021-04-19,136.94,137.08,135.39,136.61,118.63181873513068,9149433,0.0000,1.0
2021-04-20,134.84,138.59,133.53,137.75,119.62179218771868,10040612,0.0000,1.0
2021-04-21,137.89,138.57,136.6,136.85,118.8402341988334,8465869,0.0000,1.0
2021-04-22,135.37,135.79,134.06,134.63,117.66772353595239,7338314,0.8698,1.0
2021-04-23,134.93,135.08,133.25,133.94,117.06465788015645,6708718,0.0000,1.0
2021-04-26,133.49,133.76,131.17,131.26,114.72231591271715,9910569,0.0000,1.0
2021-04-27,131.24,131.89,130.295,131.18,114.65239525697271,8297033,0.0000,1.0
2021-04-28,131.71,131.8497,130.88,131.4,114.84467706026996,6262789,0.0000,1.0
2021-04-29,131.31,132.985,131.31,132.51,115.81482615872429,6786955,0.0000,1.0
2021-04-30,132.75,133.67,132.265,133.42,116.61017361781747,9188831,0.0000,1.0
2021-05-03,134.03,135.68,134.03,135.0,117.9911065687705,8070288,0.0000,1.0
2021-05-04,134.98,135.83,134.205,134.54,117.58906279823987,9624263,0.0000,1.0
2021-05-05,134.37,134.47,133.37,133.46,116.64513394568972,5683444,0.0000,1.0
2021-05-06,134.01,135.3659,133.92,135.14,118.11346771632329,9771262,0.0000,1.0
2021-05-07,135.08,136.03,134.765,135.15,118.12220779829136,6299182,0.0000,1.0
2021-05-10,135.89,138.4156,135.69,137.67,120.32470845424173,8852710,0.0000,1.0
2021-05-11,138.49,138.79,136.47,136.99,119.73038288041387,10973728,0.0000,1.0
2021-05-12,136.49,137.0,135.49,135.54,118.46307099504557,8853733,0.0000,1.0
2021-05-13,135.89,138.53,135.39,137.72,120.36840886408203,8753803,0.0000,1.0
2021-05-14,137.67,139.1,137.67,138.01,120.62187124115567,5989760,0.0000,1.0
2021-05-17,137.97,139.07,137.61,137.73,120.37714894605007,7690705,0.0000,1.0
2021-05-18,136.46,137.83,136.15,136.32,119.14479738855403,9239099,0.0000,1.0
2021-05-19,136.06,136.83,135.585,136.6,119.38951968365963,9807061,0.0000,1.0
2021-05-20,136.79,138.71,136.72,138.0,120.61313115918762,8768374,0.0000,1.0
2021-05-21,138.2,138.94,137.78,138.0,120.61313115918762,10160960,0.0000,1.0
2021-05-24,138.0,138.8,137.73,137.96,120.5781708313154,6981325,0.0000,1.0
2021-05-25,138.05,138.48,136.75,138.43,120.98895468381409,8142437,0.0000,1.0
2021-05-26,138.79,138.86,137.87,138.12,120.71801214280431,8123078,0.0000,1.0
2021-05-27,138.12,138.28,134.6633,134.98,117.97362640483438,33095653,0.0000,1.0
2021-05-28,135.15,136.13,134.64,134.85,117.86000533924964,10477732,0.0000,1.0
2021-06-01,135.79,136.0,132.48,132.88,116.1382091915424,9993944,0.0000,1.0
2021-06-02,133.0,133.63,132.52,133.46,116.64513394568972,8254204,0.0000,1.0
2021-06-03,133.23,135.91,133.2,135.85,118.73401353605534,11249823,0.0000,1.0
2021-06-04,135.7,136.62,135.4,135.95,118.82141435573591,6894439,0.0000,1.0
2021-06-07,136.36,136.84,135.675,136.42,119.23219820823459,8418233,0.0000,1.0
2021-06-08,136.68,136.75,134.75,134.84,117.8512652572816,6911504,0.0000,1.0
2021-06-09,135.55,136.4384,134.74,134.79,117.8075648474413,6200787,0.0000,1.0
2021-06-10,135.02,136.35,134.62,135.79,118.681573044247,6515559,0.0000,1.0
2021-06-11,135.75,135.87,133.9,134.86,117.86874542121771,10641366,0.0000,1.0
2021-06-14,134.98,135.03,133.96,134.91,117.91244583105798,6302202,0.0000,1.0
2021-06-15,135.2,135.64,134.55,134.65,117.6852036998885,5543565,0.0000,1.0
2021-06-16,135.18,135.58,132.65,132.78,116.05080837186183,8930309,0.0000,1.0
2021-06-17,132.82,134.155,132.65,133.99,117.10835828999674,7875601,0.0000,1.0
2021-06-18,133.34,133.35,131.94,132.03,115.39530222425755,13997625,0.0000,1.0
2021-06-21,132.69,133.26,132.4,133.07,116.30427074893548,8014793,0.0000,1.0
2021-06-22,133.04,134.02,132.88,133.12,116.34797115877578,6551072,0.0000,1.0
2021-06-23,132.95,133.36,132.315,132.93,116.18190960138269,5796165,0.0000,1.0
2021-06-24,132.95,133.305,132.7,133.02,116.26057033909521,6056719,0.0000,1.0
2021-06-25,133.26,135.54,132.95,134.92,117.92118591302604,24504907,0.0000,1.0
2021-06-28,134.9,136.16,134.76,135.32,118.27078919174832,6065743,0.0000,1.0
2021-06-29,135.51,135.83,133.82,134.4,117.46670165068709,5792314,0.0000,1.0
2021-06-30,134.58,135.29,134.29,134.93,117.92992599499411,5776572,0.0000,1.0
2021-07-01,135.43,136.14,134.92,135.24,118.20086853600388,5922398,0.0000,1.0
2021-07-02,135.6,136.635,135.42,135.9,118.77771394589564,5572412,0.0000,1.0
2021-07-06,135.52,136.3,135.36,135.98,118.84763460164008,6534684,0.0000,1.0
2021-07-07,136.03,137.59,136.03,137.0,119.73912296238191,5532809,0.0000,1.0
2021-07-08,136.99,137.39600000000002,135.89,136.98,119.72164279844579,7585254,0.0000,1.0
2021-07-09,137.24,137.65,136.84,137.03,119.76534320828608,5948720,0.0000,1.0
2021-07-12,136.9,137.465,136.43,137.14,119.86148410993471,6807323,0.0000,1.0
2021-07-13,136.39,137.57,136.39,136.97,119.71290271647774,5603982,0.0000,1.0
2021-07-14,137.01,138.225,136.37,137.98,120.5956509952515,5903582,0.0000,1.0
2021-07-15,138.01,139.26,137.7,139.16,121.62698066748224,7357063,0.0000,1.0
2021-07-16,139.3,140.78,139.11,140.51,122.80689173316993,9346307,0.0000,1.0
2021-07-19,140.32,141.87,138.81,140.44,122.74571115939355,9544054,0.0000,1.0
2021-07-20,140.44,141.98,139.64,139.69,122.09020501178927,8136613,0.0000,1.0
2021-07-21,139.95,140.2,138.99,139.2,121.66194099535446,6954651,0.0000,1.0
2021-07-22,137.29,138.33,136.71,137.8,121.19854184940812,6013750,0.8698,1.0
2021-07-23,137.48,139.98,137.08,139.79,122.9487965539097,7906128,0.0000,1.0
2021-07-26,139.62,140.82,139.2215,140.28,123.3797637927066,5925872,0.0000,1.0
2021-07-27,140.15,141.62,140.0,140.85,123.88109302967439,7075685,0.0000,1.0
2021-07-28,140.67,140.67,138.71,138.76,122.04288582745913,8520172,0.0000,1.0
2021-07-29,139.76,140.18,138.73,139.48,122.6761438109974,5413036,0.0000,1.0
2021-07-30,142.0,144.54,141.55,142.23,125.09483749812274,14394251,0.0000,1.0
2021-08-02,141.77,142.425,140.8,141.88,124.78700375612497,7009458,0.0000,1.0
2021-08-03,141.86,144.21,141.52,143.95,126.6076204587975,8456036,0.0000,1.0
2021-08-04,143.04,144.09,142.35,142.43,125.27074249355005,6628299,0.0000,1.0
2021-08-05,143.35,143.55,141.47,142.5,125.3323092419496,5363444,0.0000,1.0
2021-08-06,143.03,143.12,141.22,141.41,124.37362701687083,6030208,0.0000,1.0
2021-08-09,141.95,142.59,141.7,142.18,125.05086124926594,4743859,0.0000,1.0
2021-08-10,141.91,142.51,141.66,142.27,125.13001849720821,5253709,0.0000,1.0
2021-08-11,142.74,143.24,142.47,142.62,125.43785223920598,4205314,0.0000,1.0
2021-08-12,143.15,143.15,142.355,142.95,125.72809548166101,4956225,0.0000,1.0
2021-08-13,142.95,143.99,142.69,143.64,126.33496771588518,4883895,0.0000,1.0
2021-08-16,143.67,144.69,143.375,144.64,127.21449269302167,6041066,0.0000,1.0
2021-08-17,144.4,145.6,143.89,144.88,127.42557868753444,7577047,0.0000,1.0
2021-08-18,144.7,144.88,143.18,143.3,126.0359292236588,7161992,0.0000,1.0
2021-08-19,143.16,145.28,143.16,144.99,127.52232643501947,5787162,0.0000,1.0
2021-08-20,145.25,145.98,144.78,145.09,127.61027893273311,5273873,0.0000,1.0
2021-08-23,144.29,145.34,144.23,144.35,126.9594304496521,4522261,0.0000,1.0
2021-08-24,144.01,144.15,142.98,143.18,125.93038622640242,4560484,0.0000,1.0
2021-08-25,143.07,143.13,142.25,142.67,125.48182848806279,3861614,0.0000,1.0
2021-08-26,142.56,142.71,141.47,142.42,125.26194724377866,4749426,0.0000,1.0
2021-08-27,142.48,142.77,141.64,142.31,125.16519949629367,4741264,0.0000,1.0
2021-08-30,142.6,142.99,142.05,142.93,125.7105049821183,3845772,0.0000,1.0
2021-08-31,143.04,143.53,142.05,142.39,125.23556149446458,9642489,0.0000,1.0
2021-09-01,142.33,144.185,142.23,143.84,126.5108727113125,6214198,0.0000,1.0
2021-09-02,143.97,144.73,143.58,143.95,126.6076204587975,5393716,0.0000,1.0
2021-09-03,143.76,144.365,143.52,144.05,126.69557295651117,5466418,0.0000,1.0
2021-09-07,144.32,144.5,143.29,143.51,126.22062946885744,6520657,0.0000,1.0
2021-09-08,143.08,144.94,143.01,144.6,127.17931169393621,6897784,0.0000,1.0
2021-09-09,144.57,144.88,143.65,143.99,126.64280145788298,6354834,0.0000,1.0
2021-09-10,144.06,144.46,143.32,144.13,126.76593495468207,5750027,0.0000,1.0
2021-09-13,144.85,147.23,144.85,145.68,128.12919866924364,9952577,0.0000,1.0
2021-09-14,146.13,146.36,144.95,145.43,127.90931742495951,5831807,0.0000,1.0
2021-09-15,145.35,145.77,144.74,145.12,127.6366646820472,6237213,0.0000,1.0
2021-09-16,144.84,145.19,142.82,144.11,126.74834445513936,6142295,0.0000,1.0
2021-09-17,144.37,146.28,144.23,144.34,126.95063519988074,18738769,0.0000,1.0
2021-09-20,144.22,144.85,141.97,142.89,125.67532398303281,10238721,0.0000,1.0
2021-09-21,142.98,144.525,142.88,143.11,125.86881947800286,6651313,0.0000,1.0
2021-09-22,143.82,144.35,142.86,143.6,126.29978671679973,6332653,0.0000,1.0
2021-09-23,144.06,144.685,143.49,144.19,126.81870645331027,5171154,0.0000,1.0
2021-09-24,143.8,144.45,143.09,143.55,126.25581046794292,5009363,0.0000,1.0
2021-09-27,143.15,143.17,141.52,141.66,124.59350826115495,5749826,0.0000,1.0
2021-09-28,141.05,141.37,139.56,140.59,123.65241653561891,7015310,0.0000,1.0
2021-09-29,140.27,142.68,140.18,142.02,124.91013725292409,5459953,0.0000,1.0
2021-09-30,142.64,142.74,139.53,139.8,122.9575918036811,6936629,0.0000,1.0
2021-10-01,139.93,140.23,138.32,139.58,122.76409630871106,5587249,0.0000,1.0
2021-10-04,139.39,140.4,137.605,138.79,122.06927157677322,5816040,0.0000,1.0
2021-10-05,138.8,140.52,138.72,139.33,122.54421506442694,6902715,0.0000,1.0
2021-10-06,138.99,141.26,138.62,141.19,124.1801315219008,5333051,0.0000,1.0
2021-10-07,141.75,143.03,141.75,142.32,125.17399474606502,5334558,0.0000,1.0
2021-10-08,142.29,142.62,141.04,141.73,124.6550750095545,6131852,0.0000,1.0
2021-10-11,142.37,142.77,141.77,142.32,125.17399474606502,5995592,0.0000,1.0
2021-10-12,142.6,143.04,141.7,142.11,124.98929450086638,6734918,0.0000,1.0
2021-10-13,142.4,142.76,141.025,142.44,125.27953774332141,5689846,0.0000,1.0
2021-10-14,142.83,144.31,142.81,144.05,126.69557295651117,6778788,0.0000,1.0
2021-10-15,144.52,144.87,143.675,144.42,127.02099719805165,6923850,0.0000,1.0
2021-10-18,143.55,143.7,142.095,142.34,125.19158524560777,9119005,0.0000,1.0
2021-10-19,139.08,140.82,138.8,140.66,123.71398328401845,9555253,0.0000,1.0
2021-10-20,140.15,141.96,139.85,141.21,124.19772202144354,7352748,0.0000,1.0
2021-10-21,140.86,141.16,139.18,139.33,123.30922588954027,6545835,0.8698,1.0
2021-10-22,139.39,141.01,139.32,140.83,124.63674931474884,5265017,0.0000,1.0
2021-10-25,140.41,140.92,139.05,140.85,124.65444962708494,5382085,0.0000,1.0
2021-10-26,141.62,143.18,141.24,142.85,126.42448086069638,6234859,0.0000,1.0
2021-10-27,143.14,143.68,141.69,141.83,125.52176493155456,9643487,0.0000,1.0
2021-10-28,141.89,142.88,141.71,142.68,126.27402820583941,4538687,0.0000,1.0
2021-10-29,142.16,143.48,142.02,142.99,126.54838304704919,6239699,0.0000,1.0
2021-11-01,143.36,143.8,142.49,142.64,126.23862758116717,4900235,0.0000,1.0
2021-11-02,142.72,144.58,142.28,144.06,127.49534975703129,9926364,0.0000,1.0
2021-11-03,144.13,145.11,143.52,145.05,128.37151521766896,7620097,0.0000,1.0
2021-11-04,142.84,145.39,142.335,145.32,128.6104694342065,6402451,0.0000,1.0
2021-11-05,145.44,146.37,144.8,146.04,129.2476806783066,6062769,0.0000,1.0
2021-11-08,145.5,146.1,144.02,144.95,128.28301365598838,5854509,0.0000,1.0
2021-11-09,145.03,145.83,144.58,145.39,128.67242052738288,4627694,0.0000,1.0
2021-11-10,145.74,147.31,145.59,146.82,129.93799285941506,7334936,0.0000,1.0
2021-11-11,146.86,146.97,146.21,146.4,129.56628630035667,4096274,0.0000,1.0
2021-11-12,146.74,147.08,145.98,146.56,129.70788879904558,5645317,0.0000,1.0
2021-11-15,147.03,147.75,146.47,147.4,130.4513019171624,5510265,0.0000,1.0
2021-11-16,147.39,148.59,147.01,147.19,130.26544863763317,7603940,0.0000,1.0
2021-11-17,146.97,147.78,146.42,147.1,130.18579723212065,4900232,0.0000,1.0
2021-11-18,147.04,148.0751,146.51,147.12,130.20349754445678,5509373,0.0000,1.0
2021-11-19,147.95,148.23,146.79,146.82,129.93799285941506,6274297,0.0000,1.0
2021-11-22,146.97,148.94,146.83,147.8,130.8053081638847,6625408,0.0000,1.0
2021-11-23,147.83,149.5,147.67,149.44,132.25673377544604,7913048,0.0000,1.0
2021-11-24,148.77,148.88,147.68,148.66,131.56642159433758,5665173,0.0000,1.0
2021-11-26,148.58,149.715,147.31,147.47,130.5132530103388,6299783,0.0000,1.0
2021-11-29,147.79,149.66,146.79,149.02,131.88502721638764,7113503,0.0000,1.0
2021-11-30,147.81,148.54,144.12,144.58,127.95555787777027,11696448,0.0000,1.0
2021-12-01,144.85,147.87,144.85,146.4,129.56628630035667,8313557,0.0000,1.0
2021-12-02,147.01,148.46,146.94,147.26,130.32739973080956,9468906,0.0000,1.0
2021-12-03,148.02,150.0,147.659,149.88,132.64614064684056,11200808,0.0000,1.0
2021-12-06,150.19,152.385,150.19,152.15,134.65512609698953,11935078,0.0000,1.0
2021-12-07,151.945,152.58,151.27,151.75,134.30111985026724,7913393,0.0000,1.0
2021-12-08,151.67,152.66,150.28,152.43,134.90293046969512,8329342,0.0000,1.0
2021-12-09,152.31,154.19,151.6,153.32,135.6905943686522,8334318,0.0000,1.0
2021-12-10,153.855,155.8,153.43,155.46,137.58452778861644,7172321,0.0000,1.0
2021-12-13,155.3,158.33,154.91,157.67,139.54041230175707,8944147,0.0000,1.0
2021-12-14,157.9,158.6284,156.66,158.25,140.05372135950438,8677544,0.0000,1.0
2021-12-15,157.64,159.64,157.64,158.86,140.5935808857559,9152566,0.0000,1.0
2021-12-16,158.73,161.32,158.42,161.11,142.58486602356874,10852862,0.0000,1.0
2021-12-17,160.66,161.72,157.31,157.46,139.35455902222787,24352824,0.0000,1.0
2021-12-20,156.6,158.46,156.56799999999998,157.86,139.70856526895017,9202608,0.0000,1.0
2021-12-21,157.65,158.15,156.79,157.76,139.6200637072696,6946009,0.0000,1.0
2021-12-22,157.77,159.58,157.27,159.32,141.0006880694865,6626414,0.0000,1.0
2021-12-23,159.5,160.92,159.44,160.1,141.69100025059495,5640972,0.0000,1.0
2021-12-27,160.67,161.99,160.61,161.97,143.34597945402166,4548828,0.0000,1.0
2021-12-28,161.96,163.38,161.94,162.84,144.11594304064263,5929835,0.0000,1.0
2021-12-29,163.21,164.98,163.08,164.19,145.31071412333034,5346427,0.0000,1.0
2021-12-30,164.4,164.59,162.61,162.77,144.05399194746624,5911500,0.0000,1.0
2021-12-31,162.86,163.73,162.46,163.58,144.77085459707885,5311503,0.0000,1.0
2022-01-03,161.69,162.94,159.88,162.9,144.16904397765097,9317892,0.0000,1.0
2022-01-04,162.29,164.39,162.18,163.47,144.67350287923023,9253754,0.0000,1.0
2022-01-05,163.44,165.32,163.4,164.21,145.32841443566645,9330245,0.0000,1.0
2022-01-06,164.34,165.2,162.61,162.83,144.10709288447458,7555999,0.0000,1.0
2022-01-07,163.13,163.53,161.95,162.74,144.02744147896206,6098455,0.0000,1.0
2022-01-10,162.51,163.12,160.17,160.52,142.06270680965338,8054984,0.0000,1.0
2022-01-11,160.22,160.22,156.91,158.66,140.41657776239472,11085911,0.0000,1.0
2022-01-12,158.26,159.36,157.83,159.01,140.72633322827673,7126650,0.0000,1.0
2022-01-13,159.31,159.45,157.7819,158.29,140.08912198417661,6551083,0.0000,1.0
2022-01-14,158.07,160.49,157.56,159.81,141.43434572172131,10708197,0.0000,1.0
2022-01-18,158.53,158.53,156.04,156.73,138.70849762195968,10934298,0.0000,1.0
2022-01-19,157.61,164.19,156.97,162.0,143.3725299225258,13959794,0.0000,1.0
2022-01-20,160.12,164.33,160.12,162.0,144.14231650602343,10799065,0.8698,1.0
2022-01-21,163.0,165.35,162.1,162.62,144.69397228524403,10900398,0.0000,1.0
2022-01-24,163.43,164.12,158.72,161.3,143.5194793359357,14846686,0.0000,1.0
2022-01-25,160.45,161.3,157.885,159.54,141.95348873685788,9369589,0.0000,1.0
2022-01-26,157.34,159.57,156.38,158.15,140.71671207054078,10707105,0.0000,1.0
2022-01-27,158.73,161.345,158.58,159.13,141.58868410866364,9084347,0.0000,1.0
2022-01-28,158.61,160.95,157.32,160.5,142.80766542726397,9494403,0.0000,1.0
2022-01-31,159.35,160.65,158.87,160.45,142.76317705797197,8950094,0.0000,1.0
2022-02-01,160.79,161.3,157.73,159.74,142.13144221402584,6284069,0.0000,1.0
2022-02-02,160.14,162.84,159.47,162.6,144.67617693752723,7558750,0.0000,1.0
2022-02-03,161.98,164.98,161.62,164.14,146.04641871172026,10474542,0.0000,1.0
2022-02-04,163.13,164.49,161.41,161.53,143.7241258346788,8960135,0.0000,1.0
2022-02-07,161.87,162.265,159.67,160.32,142.6475072978128,6430488,0.0000,1.0
2022-02-08,161.12,161.27,159.65,159.96,142.32719103891054,5048797,0.0000,1.0
2022-02-09,160.36,160.635,159.27,159.6,142.00687478000827,8077550,0.0000,1.0
2022-02-10,159.09,159.5,156.6513,157.17,139.84474003241792,7032976,0.0000,1.0
2022-02-11,158.01,158.5798,155.58,156.29,139.06174473287902,9341436,0.0000,1.0
2022-02-14,156.14,157.06,153.3589,156.74,139.46214005650688,9472171,0.0000,1.0
2022-02-15,157.77,159.32,156.11,156.82,139.53332144737405,6659367,0.0000,1.0
2022-02-16,156.83,158.78,156.27,158.01,140.59214463652322,9315668,0.0000,1.0
2022-02-17,158.38,160.375,157.35,159.82,142.20262360489298,7925454,0.0000,1.0
2022-02-18,159.5,161.06,158.82,159.9,142.27380499576017,8063159,0.0000,1.0
2022-02-22,160.11,160.88,156.66,157.93,140.52096324565605,7891928,0.0000,1.0
2022-02-23,158.3,158.6,155.6,155.96,138.76812149555195,6273013,0.0000,1.0
2022-02-24,155.64,155.98,150.56,151.76,135.0310984750254,13145073,0.0000,1.0
2022-02-25,152.33,158.94,152.25,158.24,140.79679113526635,8866983,0.0000,1.0
2022-02-28,156.29,157.19,153.82,155.89,138.70583777854316,8669154,0.0000,1.0
2022-03-01,154.31,155.4,152.34,153.31,136.41023792307686,8311984,0.0000,1.0
2022-03-02,152.96,155.08,152.6,153.79,136.8373262682799,6111319,0.0000,1.0
2022-03-03,153.77,155.86,153.77,154.36,137.34449367820852,7451233,0.0000,1.0
2022-03-04,153.12,155.345,152.55,155.14,138.03851223916342,8639712,0.0000,1.0
2022-03-07,154.49,154.52,151.135,152.84,135.99204725173223,8374459,0.0000,1.0
2022-03-08,152.18,152.95,146.58,146.79,130.60895456740235,9517238,0.0000,1.0
2022-03-09,148.83,150.47,147.81,148.77,132.37069399136487,7044122,0.0000,1.0
2022-03-10,147.8,148.28,143.94,144.94,128.962884903599,9221108,0.0000,1.0
2022-03-11,145.4,146.16,143.03,143.22,127.4324849999548,7086146,0.0000,1.0
2022-03-14,144.45,146.04,143.355,145.05,129.06075931604136,7964794,0.0000,1.0
2022-03-15,147.01,150.54,146.89,150.27,133.70534507012434,9868370,0.0000,1.0
2022-03-16,150.625,151.785,148.04,149.76,133.2515637033461,6908879,0.0000,1.0
2022-03-17,149.99,150.47,148.5,150.23,133.66975437469074,6003952,0.0000,1.0
2022-03-18,150.87,150.87,148.24,150.15,133.59857298382357,15293589,0.0000,1.0
2022-03-21,150.44,151.42,149.235,150.72,134.10574039375217,6932117,0.0000,1.0
2022-03-22,153.43,153.6022,150.52,151.88,135.13787056132617,7192054,0.0000,1.0
2022-03-23,152.2,153.01,150.69,150.82,134.19471713233614,5531995,0.0000,1.0
2022-03-24,150.89,151.56,150.1601,151.08,134.42605665265447,4203133,0.0000,1.0
2022-03-25,151.63,153.92,151.51,152.83,135.98314957787386,5024358,0.0000,1.0
2022-03-28,153.64,153.9,152.63,153.88,136.91740533300546,4234012,0.0000,1.0
2022-03-29,155.37,156.47,154.02,155.46,138.32323780263212,5643428,0.0000,1.0
2022-03-30,152.5,154.43,151.94,154.39,137.3711866997837,5779503,0.0000,1.0
2022-03-31,154.1,154.34,152.4,152.8,135.95645655629866,7538629,0.0000,1.0
2022-04-01,153.52,155.46,152.06,155.09,137.99402386987146,5742629,0.0000,1.0
2022-04-04,153.81,154.35,151.26,154.08,137.09535881017342,5992017,0.0000,1.0
2022-04-05,153.61,157.37,153.54,154.62,137.57583319852682,7637807,0.0000,1.0
2022-04-06,154.415,157.29,153.935,156.83,139.54221912123245,8884737,0.0000,1.0
2022-04-07,157.87,159.39,156.97,158.86,141.34844691448694,6889726,0.0000,1.0
2022-04-08,159.7,160.53,158.92,160.1,142.4517584729281,6045430,0.0000,1.0
2022-04-11,159.95,161.21,158.63,159.49,141.9090003675659,6158360,0.0000,1.0
2022-04-12,159.31,160.63,158.7,159.01,141.48191202236288,7221479,0.0000,1.0
2022-04-13,159.08,160.41,158.71,159.46,141.88230734599074,5247722,0.0000,1.0
2022-04-14,159.98,160.3,158.45,158.57,141.09041437259341,7806452,0.0000,1.0
2022-04-18,158.48,158.98,156.53,157.06,139.74686561997555,6034506,0.0000,1.0
2022-04-19,156.77,160.03,156.3,159.41,141.83781897669874,7897048,0.0000,1.0
2022-04-20,160.5,164.48,160.0,163.65,145.61043269265886,9996458,0.0000,1.0
2022-04-21,163.82,164.9,162.43,162.61,145.49769916487298,9365701,0.9133,1.0
2022-04-22,163.24,163.52,160.91,161.25,144.28081907838242,9394646,0.0000,1.0
2022-04-25,161.7,163.29,159.8,162.55,145.4440132787043,6986760,0.0000,1.0
2022-04-26,162.68,163.64,159.75,159.79,142.97446251494404,7746603,0.0000,1.0
2022-04-27,160.21,161.45,159.11,159.36,142.58971366406837,6754947,0.0000,1.0
2022-04-28,160.54,163.71,159.27,163.41,146.21351098045565,9308388,0.0000,1.0
2022-04-29,162.47,162.95,160.2,160.55,143.6544837397476,10637046,0.0000,1.0
2022-05-02,161.6,162.0,156.19,158.38,141.7128441899796,10351637,0.0000,1.0
2022-05-03,158.22,158.99,155.01,156.21,139.7712046402116,10344012,0.0000,1.0
2022-05-04,155.83,157.55,155.15,157.36,140.80018412511168,7750538,0.0000,1.0
2022-05-05,156.3,157.295,153.14,154.46,138.2053662936245,8217145,0.0000,1.0
2022-05-06,154.77,156.24,153.87,156.0,139.58330403862115,7304756,0.0000,1.0
2022-05-09,153.96,156.76,152.75,155.61,139.23434577852458,8540760,0.0000,1.0
2022-05-10,155.55,156.62,153.94,154.79,138.50063866755235,7447352,0.0000,1.0
2022-05-11,154.03,155.9,152.35,152.61,136.55005147008958,7692196,0.0000,1.0
2022-05-12,153.52,153.61,149.88,151.99,135.995297313013,9600841,0.0000,1.0
2022-05-13,152.58,153.73,150.42,153.62,137.45376388726268,5675512,0.0000,1.0
2022-05-16,153.47,155.9,152.03,155.12,138.7959110414802,5970990,0.0000,1.0
2022-05-17,155.13,156.75,153.07,154.68,138.40221454290975,6509118,0.0000,1.0
2022-05-18,154.67,154.76,144.545,145.04,129.7766821651385,9670680,0.0000,1.0
2022-05-19,143.41,143.42,140.6,141.7,126.78816783508086,9694141,0.0000,1.0
2022-05-20,142.15,142.45,139.18,141.79,126.86869666433391,7786869,0.0000,1.0
2022-05-23,142.84,145.63,142.08,145.05,129.78562981283332,7134483,0.0000,1.0
2022-05-24,144.89,147.94,144.82,147.63,132.09412291808744,7207400,0.0000,1.0
2022-05-25,147.11,147.14,143.5,145.21,129.92879217594984,8217750,0.0000,1.0
2022-05-26,146.48,147.38,145.04,146.48,131.06514343318733,5702555,0.0000,1.0
2022-05-27,146.97,148.72,146.63,148.72,133.06941651681882,6028846,0.0000,1.0
2022-05-31,147.29,148.9899,146.1606,147.88,132.317814110457,12416917,0.0000,1.0
2022-06-01,148.0,148.12,144.71,145.64,130.3135410268255,7036042,0.0000,1.0
2022-06-02,145.97,147.26,142.63,147.21,131.71832171490652,6480034,0.0000,1.0
2022-06-03,146.36,147.21,145.119,145.89,130.5372322191951,4720680,0.0000,1.0
2022-06-06,147.37,147.64,144.59,145.32,130.02721630059244,4751096,0.0000,1.0
2022-06-07,143.67,147.18,143.43,146.94,131.47673522714737,4918620,0.0000,1.0
2022-06-08,146.3,146.4297,144.99,145.11,129.83931569900201,4369642,0.0000,1.0
2022-06-09,145.41,146.89,142.34,142.49,127.49503200296877,4626787,0.0000,1.0
2022-06-10,140.89,143.15,139.45,141.95,127.01185902745044,6632052,0.0000,1.0
2022-06-13,139.5,140.49,137.63,138.15,123.61175290343276,8549451,0.0000,1.0
2022-06-14,137.51,137.58,132.54,133.84,119.75531674698111,9980162,0.0000,1.0
2022-06-15,134.44,134.9,129.5,132.51,118.56527960357491,12178070,0.0000,1.0
2022-06-16,131.03,135.07,130.6,133.32,119.29003906685237,9683288,0.0000,1.0
2022-06-17,132.56,134.26,131.43,132.36,118.43106488815317,17113329,0.0000,1.0
2022-06-21,134.62,137.0,133.43,136.37,122.01907161376131,9017016,0.0000,1.0
2022-06-22,135.68,139.69,135.67,138.5,123.92492057275018,8374622,0.0000,1.0
2022-06-23,139.05,142.475,138.9,142.3,127.32502669676788,6418526,0.0000,1.0
2022-06-24,144.2,145.239,143.12,144.35,129.15929447419848,19440635,0.0000,1.0
2022-06-27,144.12,144.76,142.71,143.25,128.17505322777228,5618524,0.0000,1.0
2022-06-28,143.54,144.09,140.58,140.92,126.09025131488775,6100267,0.0000,1.0
2022-06-29,141.6,142.86,141.15,142.2,127.23555021982003,5174562,0.0000,1.0
2022-06-30,141.69,144.44,141.23,143.79,128.65822620329058,7410304,0.0000,1.0
2022-07-01,144.24,146.2498,143.4,146.11,130.73408046848036,5937238,0.0000,1.0
2022-07-05,144.58,146.1,142.545,144.7,129.47246214351588,5761117,0.0000,1.0
2022-07-06,145.51,147.49,144.97,146.05,130.68039458231166,5485269,0.0000,1.0
2022-07-07,145.29,146.19,144.6,146.0,130.63565634383772,6623363,0.0000,1.0
2022-07-08,145.99,146.8099,144.575,145.02,129.75878686974897,4294177,0.0000,1.0
2022-07-11,145.15,146.58,144.68,146.04,130.67144693461685,5483189,0.0000,1.0
2022-07-12,145.86,146.92,144.37,144.75,129.5172003819898,5204424,0.0000,1.0
2022-07-13,144.41,146.96,144.21,145.7,130.36722691299423,5075613,0.0000,1.0
2022-07-14,143.76,145.53,143.4663,145.27,129.98247806211856,4867147,0.0000,1.0
2022-07-15,145.34,145.7,144.1,145.07,129.80352510822286,6264592,0.0000,1.0
2022-07-18,144.94,145.09,143.17,143.31,128.228739113941,6047504,0.0000,1.0
2022-07-19,144.57,145.01,143.64,144.04,128.88191739566017,5943647,0.0000,1.0
2022-07-20,144.0,144.22,140.64,141.55,126.65395311965912,8635300,0.0000,1.0
2022-07-21,140.6,141.36,138.95,140.77,126.77322526343056,8310202,0.9133,1.0
2022-07-22,140.76,143.17,140.67,143.02,128.7995075454702,5292834,0.0000,1.0
2022-07-25,142.8,144.42,142.53,143.99,129.67306035150506,5262135,0.0000,1.0
2022-07-26,142.69,144.49,141.71,144.27,129.9252199243811,5375711,0.0000,1.0
2022-07-27,143.88,146.21,143.53,145.64,131.15900069166744,5500030,0.0000,1.0
2022-07-28,146.14,148.61,145.08,148.06,133.33837985723898,7115675,0.0000,1.0
2022-07-29,141.43,142.5,138.23,138.91,125.09816524361113,18694718,0.0000,1.0
2022-08-01,138.34,143.94,138.27,142.9,128.69143915709475,12590027,0.0000,1.0
2022-08-02,143.11,143.7248,141.7673,141.95,127.83589774912244,7494999,0.0000,1.0
2022-08-03,141.66,145.27,140.91,144.88,130.47456756528962,6811247,0.0000,1.0
2022-08-04,144.85,146.46,144.01,144.65,130.26743648757002,6124932,0.0000,1.0
2022-08-05,143.75,144.84,142.77,144.72,130.330476380789,4580446,0.0000,1.0
2022-08-08,145.03,146.47,144.73,145.27,130.82578982750982,4487261,0.0000,1.0
2022-08-09,145.57,145.94,144.49,144.93,130.51959606044605,3977286,0.0000,1.0
2022-08-10,145.89,146.5,145.39,146.3,131.7533768277324,4641404,0.0000,1.0
2022-08-11,146.81,147.29,144.925,145.26,130.81678412847853,5954410,0.0000,1.0
2022-08-12,145.91,146.73,144.96,146.67,132.08658769189003,5038748,0.0000,1.0
2022-08-15,146.87,148.77,146.745,148.56,133.78866480880333,6007996,0.0000,1.0
2022-08-16,148.36,150.6,148.36,149.93,135.0224455760897,7093138,0.0000,1.0
2022-08-17,149.1,149.7513,148.88,149.24,134.40105234293085,4834576,0.0000,1.0
2022-08-18,148.87,149.99,148.5226,149.77,134.87835439158908,3829152,0.0000,1.0
2022-08-19,149.21,150.63,148.72,149.73,134.84233159546392,6502516,0.0000,1.0
2022-08-22,148.98,150.13,148.84,149.33,134.48210363421245,6380738,0.0000,1.0
2022-08-23,148.43,148.44,145.8301,146.45,131.8884623132017,5268168,0.0000,1.0
2022-08-24,146.61,147.26,145.12,145.82,131.3211032742306,5903163,0.0000,1.0
2022-08-25,145.23,145.78,144.485,145.7,131.21303488585517,5097560,0.0000,1.0
2022-08-26,146.0,146.53,142.02,142.29,128.1420915161862,6086561,0.0000,1.0
2022-08-29,141.3,142.69,141.02,141.69,127.60174957430898,5297471,0.0000,1.0
2022-08-30,142.41,142.41,139.91,140.18,126.24188902058462,5203706,0.0000,1.0
2022-08-31,140.4,140.88,137.86,137.94,124.22461243757627,8406934,0.0000,1.0
2022-09-01,137.83,139.76,136.76,139.64,125.75558127289509,7446540,0.0000,1.0
2022-09-02,140.42,141.15,136.55,137.16,123.52216791313586,7077763,0.0000,1.0
2022-09-06,135.88,137.94,135.29,135.63,122.14429596134892,8204176,0.0000,1.0
2022-09-07,136.03,137.755,136.02,137.68,123.9904642627628,6609426,0.0000,1.0
2022-09-08,137.01,138.4933,136.06,137.86,124.15256684532598,7380534,0.0000,1.0
2022-09-09,137.95,141.09,137.3,139.96,126.0437636418963,6434703,0.0000,1.0
2022-09-12,139.41,141.8,139.11,141.1,127.07041333146303,5818761,0.0000,1.0
2022-09-13,140.78,141.43,137.86,138.18,124.44074921432717,6350157,0.0000,1.0
2022-09-14,138.66,139.66,137.67,138.51,124.73793728235964,6138000,0.0000,1.0
2022-09-15,138.78,138.89,136.64,137.44,123.7743274860119,5320907,0.0000,1.0
2022-09-16,137.44,139.06,137.11,138.28,124.53080620464003,9321466,0.0000,1.0
2022-09-19,138.2,138.46,137.23,137.99,124.26964093273271,6056100,0.0000,1.0
2022-09-20,137.41,137.97,136.53,137.5,123.82836168019963,5589800,0.0000,1.0
2022-09-21,138.08,138.2,135.71,135.73,122.23435295166178,6413855,0.0000,1.0
2022-09-22,135.74,137.07,135.24,136.21,122.66662650516358,5042705,0.0000,1.0
2022-09-23,135.68,136.5,133.95,135.58,122.09926746619249,6523573,0.0000,1.0
2022-09-26,135.58,136.82,134.99,135.71,122.21634155359922,7396366,0.0000,1.0
2022-09-27,135.96,136.94,131.71,131.98,118.85721581492906,7722229,0.0000,1.0
2022-09-28,133.02,133.02,131.19,131.98,118.85721581492906,10455120,0.0000,1.0
2022-09-29,131.87,131.87,128.26,128.7,115.90334653266684,7128463,0.0000,1.0
2022-09-30,129.0,129.04,126.21,126.25,113.69695027000148,9431937,0.0000,1.0
2022-10-03,127.25,129.1,126.68,128.51,115.73223825107239,8477669,0.0000,1.0
2022-10-04,129.1,130.87,128.7,130.1,117.16414439704707,7211561,0.0000,1.0
2022-10-05,129.2,130.09,128.09,129.2,116.3536314842312,5071090,0.0000,1.0
2022-10-06,128.89,129.06,126.35,126.48,113.90408134772109,5530781,0.0000,1.0
2022-10-07,126.5,126.58,123.76,124.27,111.9138218618066,6095411,0.0000,1.0
2022-10-10,123.37,124.25,122.18,123.76,111.45453121121096,6923335,0.0000,1.0
2022-10-11,123.69,125.7,123.6,124.23,111.87779906568146,5516175,0.0000,1.0
2022-10-12,124.84,125.81,124.41,124.43,112.0579130463072,6823671,0.0000,1.0
2022-10-13,123.51,126.75,122.92,126.31,113.7509844641892,6910826,0.0000,1.0
2022-10-14,126.75,127.02,124.765,125.08,112.64328348334087,5520319,0.0000,1.0
2022-10-17,126.01,128.28,125.86,127.34,114.67857146441179,6664569,0.0000,1.0
2022-10-18,129.33,130.065,127.66,128.37,115.60615846463438,7114181,0.0000,1.0
2022-10-19,131.64,133.0,129.51,129.56,116.67783664935756,9993668,0.0000,1.0
2022-10-20,128.62,129.77,126.68,126.99,115.18586249084419,8167987,0.9133,1.0
2022-10-21,126.54,128.95,126.48,128.58,116.62806676960979,6394604,0.0000,1.0
2022-10-24,129.49,130.44,128.35,129.37,117.34463367541156,6946022,0.0000,1.0
2022-10-25,129.6,131.18,128.47,130.86,118.69613328255667,6776004,0.0000,1.0
2022-10-26,130.65,132.57,130.4,131.78,119.53061626146506,6613656,0.0000,1.0
2022-10-27,132.0,133.12,131.5,131.88,119.62132093308553,6676715,0.0000,1.0
2022-10-28,133.17,135.51,132.92,135.22,122.65085696520947,6996421,0.0000,1.0
2022-10-31,135.2,135.67,134.26,134.67,122.15198127129683,8346305,0.0000,1.0
2022-11-01,134.7,136.28,133.84,134.88,122.34246108169985,6428377,0.0000,1.0
2022-11-02,134.72,136.54,132.81,132.94,120.58279045226259,7326827,0.0000,1.0
2022-11-03,131.73,132.64,130.96,132.03,119.75737794051625,5204163,0.0000,1.0
2022-11-04,133.32,135.0,132.52,134.44,121.94336052656975,5555471,0.0000,1.0
2022-11-07,135.35,137.19,135.06,136.5,123.81187676195158,6746778,0.0000,1.0
2022-11-08,136.82,137.52,135.8,136.81,124.09306124397507,5266204,0.0000,1.0
2022-11-09,136.87,137.97,136.34,136.48,123.79373582762749,5690881,0.0000,1.0
2022-11-10,139.46,141.63,138.2,141.18,128.05685539378993,8068902,0.0000,1.0
2022-11-11,141.2,141.63,139.1091,140.97,127.86637558338693,7175228,0.0000,1.0
2022-11-14,140.51,143.56,140.26,140.98,127.87544605054896,8516206,0.0000,1.0
2022-11-15,142.09,143.2,139.7,140.49,127.43099315960865,7732354,0.0000,1.0
2022-11-16,141.5,142.91,140.98,141.74,128.5648015548646,6193736,0.0000,1.0
2022-11-17,141.11,141.69,139.86,140.87,127.77567091176645,5189514,0.0000,1.0
2022-11-18,141.92,142.76,141.27,142.57,129.31765032931455,5671628,0.0000,1.0
2022-11-21,143.06,145.19,142.83,144.38,130.9594048856452,6377188,0.0000,1.0
2022-11-22,145.43,145.785,144.84,145.62,132.08414281373913,5372884,0.0000,1.0
2022-11-23,145.9,146.63,145.57,146.45,132.83699158818908,4296014,0.0000,1.0
2022-11-25,146.785,147.2,146.4,146.72,133.08189420156438,2411113,0.0000,1.0
2022-11-28,146.39,147.34,146.14,146.6,132.9730485956198,6628288,0.0000,1.0
2022-11-29,145.75,146.06,144.53,145.48,131.95715627347045,5634161,0.0000,1.0
2022-11-30,145.65,149.16,145.13,149.16,135.295088189104,12396781,0.0000,1.0
2022-12-01,149.53,150.36,148.57,149.25,135.37672239356246,6927461,0.0000,1.0
2022-12-02,148.47,150.77,148.08,150.61,136.61030592760096,4938278,0.0000,1.0
2022-12-05,148.71,149.6705,148.27,149.09,135.23159491896968,5402575,0.0000,1.0
2022-12-06,149.72,150.08,148.275,149.28,135.4039337950486,6866696,0.0000,1.0
2022-12-07,149.01,150.43,149.01,150.24,136.2746986426052,6175459,0.0000,1.0
2022-12-08,149.46,151.38,149.01,151.32,137.2543090961063,5187058,0.0000,1.0
2022-12-09,150.7,151.95,150.22,150.92,136.8914904096244,5868231,0.0000,1.0
2022-12-12,151.22,152.56,151.04,152.47,138.29741281974182,6142366,0.0000,1.0
2022-12-13,153.41,154.23,150.79,152.24,138.08879207501474,7680599,0.0000,1.0
2022-12-14,152.79,154.44,152.17,152.84,138.6330201047376,7385563,0.0000,1.0
2022-12-15,151.72,152.0,149.74,151.11,137.06382928570335,7117943,0.0000,1.0
2022-12-16,150.36,151.07,149.02,150.44,136.45610798584613,19966410,0.0000,1.0
2022-12-19,150.22,151.375,149.24,150.4,136.41982611719794,5881793,0.0000,1.0
2022-12-20,149.32,150.9,149.27,150.46,136.47424892017023,5646275,0.0000,1.0
2022-12-21,150.75,152.625,150.72,151.84,137.72597338853282,5024739,0.0000,1.0
2022-12-22,151.13,152.41,150.88,152.19,138.04343973920447,5905909,0.0000,1.0
2022-12-23,152.31,152.9199,151.67,152.62,138.43346982717253,3401860,0.0000,1.0
2022-12-27,152.7,154.32,152.66,153.95,139.63984195972486,4215100,0.0000,1.0
2022-12-28,154.275,154.65,151.9,151.96,137.8348189944774,4197560,0.0000,1.0
2022-12-29,152.81,153.24,152.14,152.59,138.4062584256864,3809088,0.0000,1.0
2022-12-30,152.43,152.68,150.44,151.56,137.47200030799547,4532157,0.0000,1.0
2023-01-03,150.95,151.71,149.12,151.57,137.48107077515752,6447341,0.0000,1.0
2023-01-04,151.99,153.39,151.23,152.23,138.07972160785266,7313373,0.0000,1.0
2023-01-05,152.21,152.48,150.125,150.34,136.36540331422566,5373998,0.0000,1.0
2023-01-06,151.85,154.46,151.75,153.92,139.61263055823872,7882208,0.0000,1.0
2023-01-09,153.44,154.8,151.9965,152.04,137.90738273177377,5727156,0.0000,1.0
2023-01-10,152.1,152.7,150.94,151.89,137.77132572434303,4716522,0.0000,1.0
2023-01-11,152.32,152.562,149.35,150.66,136.65565826341117,8691287,0.0000,1.0
2023-01-12,151.7,151.73,149.52,149.81,135.88466855463713,7801586,0.0000,1.0
2023-01-13,149.61,151.05,149.42,150.88,136.85520854097624,5535776,0.0000,1.0
2023-01-17,150.79,152.13,150.4,150.44,136.45610798584613,9611836,0.0000,1.0
2023-01-18,149.66,149.93,146.04,146.41,132.8007097195409,10461183,0.0000,1.0
2023-01-19,143.31,146.22,142.24,142.42,130.00999908779366,12683743,0.9133,1.0
2023-01-20,142.32,143.15,140.15,142.97,130.51207393330895,8603327,0.0000,1.0
2023-01-23,143.36,143.7,140.69,141.05,128.75937629078288,7473056,0.0000,1.0
2023-01-24,140.69,142.38,139.81,141.82,129.46228107450426,6822541,0.0000,1.0
2023-01-25,140.39,141.75,138.73,141.72,129.37099473895603,6902580,0.0000,1.0
2023-01-26,141.73,141.74,140.74,141.15,128.85066262633111,5398717,0.0000,1.0
2023-01-27,141.07,141.36,139.295,140.57,128.32120188015136,6870791,0.0000,1.0
2023-01-30,140.96,142.12,140.28,141.01,128.7228617565636,6369310,0.0000,1.0
2023-01-31,141.23,142.47,140.76,142.38,129.97348455357437,9373412,0.0000,1.0
2023-02-01,142.08,144.095,141.35,143.19,130.71290387151507,7207973,0.0000,1.0
2023-02-02,142.17,142.71,141.21,142.17,129.7817832489231,6444253,0.0000,1.0
2023-02-03,142.78,143.38,141.17,142.61,130.18344312533532,5993228,0.0000,1.0
2023-02-06,142.01,142.64,141.01,141.4,129.0788784652017,6108342,0.0000,1.0
2023-02-07,139.97,140.79,138.78,140.02,127.81912703463608,6278273,0.0000,1.0
2023-02-08,139.06,139.54,138.4139,138.57,126.49547516918669,7124028,0.0000,1.0
2023-02-09,138.88,139.33,137.0,137.05,125.10792286885356,6547369,0.0000,1.0
2023-02-10,136.95,138.3,135.83,138.26,126.21248752898717,8108919,0.0000,1.0
2023-02-13,138.94,140.45,138.74,140.07,127.86477020241018,5081703,0.0000,1.0
2023-02-14,140.14,140.24,138.62,139.28,127.14360815157916,5253455,0.0000,1.0
2023-02-15,139.11,139.3225,138.07,138.96,126.85149187782481,5530479,0.0000,1.0
2023-02-16,137.39,138.2,136.55,137.14,125.19008057084694,7595656,0.0000,1.0
2023-02-17,136.59,140.04,136.59,140.01,127.80999840108124,8034878,0.0000,1.0
2023-02-21,138.87,140.89,138.87,139.91,127.71871206553303,6899545,0.0000,1.0
2023-02-22,139.98,141.58,139.88,140.5,128.2573014452676,6126346,0.0000,1.0
2023-02-23,140.23,141.14,139.1,140.05,127.84651293530055,5835448,0.0000,1.0
2023-02-24,138.93,139.43,138.08,139.26,127.1253508844695,5260669,0.0000,1.0
2023-02-27,139.61,140.465,138.53,139.14,127.01580728181162,5821127,0.0000,1.0
2023-02-28,138.45,138.59,137.28,137.56,125.57348318014955,6709913,0.0000,1.0
2023-03-01,138.05,138.33,136.51,137.66,125.66476951569777,7101801,0.0000,1.0
2023-03-02,138.0,140.43,137.78,139.93,127.73696933264267,5925013,0.0000,1.0
2023-03-03,141.185,141.24,139.965,140.95,128.66808995523465,5259353,0.0000,1.0
2023-03-06,140.73,141.135,139.9425,140.35,128.12037194194525,4943248,0.0000,1.0
2023-03-07,140.43,140.62,137.34,137.56,125.57348318014955,5606803,0.0000,1.0
2023-03-08,137.2,137.69,136.595,137.58,125.5917404472592,5518821,0.0000,1.0
2023-03-09,138.15,138.56,136.1,136.57,124.66974845822203,4467211,0.0000,1.0
2023-03-10,136.95,137.99,136.35,137.19,125.23572373862108,5928003,0.0000,1.0
2023-03-13,137.045,141.32,137.045,138.14,126.10294392632929,8337075,0.0000,1.0
2023-03-14,138.29,140.11,137.4,139.85,127.66394026420407,9219678,0.0000,1.0
2023-03-15,138.81,142.15,138.81,141.83,129.4714097080591,8823491,0.0000,1.0
2023-03-16,141.94,143.124,141.61,142.89,130.43904486487037,7063643,0.0000,1.0
2023-03-17,142.5,143.39,141.53,142.93,130.47555939908966,16018761,0.0000,1.0
2023-03-20,143.5,145.4,143.23,145.13,132.4838587811508,8379233,0.0000,1.0
2023-03-21,144.91,145.23,142.84,144.08,131.52535225789435,7753184,0.0000,1.0
2023-03-22,144.04,145.75,143.83,143.99,131.44319455590093,5729129,0.0000,1.0
2023-03-23,144.24,145.12,143.19,143.79,131.26062188480446,5788459,0.0000,1.0
2023-03-24,144.3,146.76,144.3,146.72,133.9353115163677,6145622,0.0000,1.0
2023-03-27,146.89,147.4196,145.87,145.95,133.2324067326463,5917156,0.0000,1.0
2023-03-28,146.55,146.815,145.8,146.36,133.60668070839407,4213913,0.0000,1.0
2023-03-29,147.08,147.2901,146.26,146.81,134.0174692183611,4987741,0.0000,1.0
2023-03-30,146.92,147.54,146.3,147.45,134.6017017658698,4117824,0.0000,1.0
2023-03-31,147.74,148.69,147.575,148.69,135.73365232666788,7685942,0.0000,1.0
2023-04-03,148.425,150.07,147.09,149.51,136.4822002781634,5721680,0.0000,1.0
2023-04-04,150.08,151.71,150.08,150.23,137.13946189411067,6714506,0.0000,1.0
2023-04-05,151.33,152.35,151.15,151.26,138.07971115025748,6094801,0.0000,1.0
2023-04-06,151.865,152.96,151.4168,152.22,138.95605997152052,5399741,0.0000,1.0
2023-04-10,151.65,151.67,149.51,150.96,137.80585214361278,4891875,0.0000,1.0
2023-04-11,151.255,151.44,150.52,150.66,137.53199313696808,6311997,0.0000,1.0
2023-04-12,150.31,152.41,149.93,151.07,137.90626711271582,6138080,0.0000,1.0
2023-04-13,150.9,151.87,149.82,151.77,138.54527146155348,5489710,0.0000,1.0
2023-04-14,151.35,151.5899,150.51,151.0,137.84236667783208,4478782,0.0000,1.0
2023-04-17,151.17,151.47,150.34,151.05,137.8880098456062,4293128,0.0000,1.0
2023-04-18,150.98,151.59,150.105,151.21,138.03406798248338,4158392,0.0000,1.0
2023-04-19,151.17,151.9,150.71,151.24,138.06145388314783,3837607,0.0000,1.0
2023-04-20,150.37,151.36,150.365,150.85,138.56416773301194,5370911,0.9407,1.0
2023-04-21,154.94,158.11,154.5,156.07,143.35902988459515,14876934,0.0000,1.0
2023-04-24,155.22,157.25,155.22,156.35,143.61622555556127,8109763,0.0000,1.0
2023-04-25,156.51,157.94,155.79,156.39,143.65296779427072,8341759,0.0000,1.0
2023-04-26,155.3,156.0,154.34,154.58,141.99038149266815,4530127,0.0000,1.0
2023-04-27,155.3,156.61,155.01,156.47,143.72645227168962,4805563,0.0000,1.0
2023-04-28,156.275,157.37,155.76,156.38,143.64378223459337,5754704,0.0000,1.0
2023-05-01,156.03,157.395,155.8,156.57,143.81830786846325,3844761,0.0000,1.0
2023-05-02,156.59,156.93,155.67,156.43,143.6897100329802,5262908,0.0000,1.0
2023-05-03,156.64,157.57,155.43,156.23,143.50599883943292,5775009,0.0000,1.0
2023-05-04,156.1,156.6,155.09,155.51,142.84463854266284,4892639,0.0000,1.0
2023-05-05,155.4,156.31,154.69,156.03,143.3222876458857,3989157,0.0000,1.0
2023-05-08,155.35,155.73,154.87,155.3,142.65174178943823,4950679,0.0000,1.0
2023-05-09,155.85,155.98,153.58,153.71,141.1912378007376,4472097,0.0000,1.0
2023-05-10,153.45,154.32,152.44,154.03,141.48517571041322,4754854,0.0000,1.0
2023-05-11,154.81,154.89,153.39,154.39,141.81585585879824,3495324,0.0000,1.0
2023-05-12,154.695,156.05,154.39,155.96,143.25798872814417,5252889,0.0000,1.0
2023-05-15,156.61,156.75,154.64,156.01,143.30391652653094,5414904,0.0000,1.0
2023-05-16,155.87,156.92,154.93,155.74,143.0559064152422,5591579,0.0000,1.0
2023-05-17,156.26,156.56,153.9,155.08,142.44965947653628,4287036,0.0000,1.0
2023-05-18,153.31,153.65,151.6,152.53,140.10734175880884,6997610,0.0000,1.0
2023-05-19,152.47,153.32,151.84,153.17,140.69521757816003,4754120,0.0000,1.0
2023-05-22,152.5,152.6,148.83,149.16,137.01180814753772,7876207,0.0000,1.0
2023-05-23,148.79,148.88,147.07,147.55,135.53293303948237,6116037,0.0000,1.0
2023-05-24,147.59,148.2,146.09,146.33,134.41229475884415,5755426,0.0000,1.0
2023-05-25,145.49,146.21,144.35,145.39,133.54885214917206,6510519,0.0000,1.0
2023-05-26,145.33,146.01,144.725,145.4,133.55803770884944,4716495,0.0000,1.0
2023-05-30,143.86,144.04,142.35,143.18,131.51884346047498,5561037,0.0000,1.0
2023-05-31,143.16,143.98,141.9,142.5,130.89422540241435,19522607,0.0000,1.0
2023-06-01,143.25,144.1199,142.45,143.96,132.23531711530927,6091064,0.0000,1.0
2023-06-02,144.51,146.68,144.39,146.52,134.58682039271403,6124403,0.0000,1.0
2023-06-05,146.05,147.85,145.73,145.94,134.05405793142702,4753665,0.0000,1.0
2023-06-06,146.07,146.31,143.55,144.49,132.72215177820948,4636045,0.0000,1.0
2023-06-07,144.01,145.12,143.4749,144.8,133.0069041282077,6194620,0.0000,1.0
2023-06-08,145.34,146.65,144.92,146.44,134.51333591529513,4864149,0.0000,1.0
2023-06-09,145.68,146.7788,144.73,146.56,134.62356263142348,5569831,0.0000,1.0
2023-06-12,147.0,147.01,144.55,145.41,133.56722326852682,5354690,0.0000,1.0
2023-06-13,144.51,145.68,144.275,145.06,133.24572867981914,5321204,0.0000,1.0
2023-06-14,145.31,146.885,144.83,146.42,134.4949647959404,5693491,0.0000,1.0
2023-06-15,147.17,148.97,146.54,148.45,136.35963341044496,5862999,0.0000,1.0
2023-06-16,148.92,150.09,148.9,149.54,137.36085941527747,11244926,0.0000,1.0
2023-06-20,149.745,150.28,148.11,148.16,136.09325217980148,5340854,0.0000,1.0
2023-06-21,148.26,149.605,147.87,149.44,137.26900381850385,4649893,0.0000,1.0
2023-06-22,150.35,151.1,149.475,149.95,137.73746736204933,6666932,0.0000,1.0
2023-06-23,150.25,150.5339,147.96,148.46,136.36881897012236,13843536,0.0000,1.0
2023-06-26,148.1,148.97,146.72,148.61,136.5066023652828,4353067,0.0000,1.0
2023-06-27,148.44,150.17,148.39,150.02,137.80176627979088,5445569,0.0000,1.0
2023-06-28,149.33,150.3,147.96,149.99,137.7742096007588,6733301,0.0000,1.0
2023-06-29,148.48,149.7,147.1,149.38,137.21389046043967,7343034,0.0000,1.0
2023-06-30,149.83,152.07,149.79,151.74,139.38168254429723,7058273,0.0000,1.0
2023-07-03,151.48,152.53,150.47,152.5,140.07978507977677,3996098,0.0000,1.0
2023-07-05,151.63,152.46,151.44,152.24,139.84096052816534,8280120,0.0000,1.0
2023-07-06,151.2,152.19,150.7601,151.99,139.6113215362313,7958486,0.0000,1.0
2023-07-07,151.71,151.92,148.75,148.8,136.68112799915266,9169548,0.0000,1.0
2023-07-10,148.94,150.32,148.74,148.86,136.73624135721684,5529210,0.0000,1.0
2023-07-11,148.73,149.05,146.96,148.08,136.01976770238258,5150361,0.0000,1.0
2023-07-12,148.03,149.4,147.64,148.85,136.72705579753946,6764641,0.0000,1.0
2023-07-13,149.0,149.52,148.2,148.95,136.8189113943131,5561424,0.0000,1.0
2023-07-14,149.27,150.63,148.73,150.05,137.82932295882298,6128878,0.0000,1.0
2023-07-17,149.65,150.16,148.97,148.99,136.85565363302257,4626029,0.0000,1.0
2023-07-18,148.64,150.48,148.38,149.27,137.1128493039887,5355185,0.0000,1.0
2023-07-19,149.55,150.82,148.86,150.29,138.04977639107966,6203584,0.0000,1.0
2023-07-20,149.55,150.75,148.14,150.56,139.1618721012179,6445552,0.9407,1.0
2023-07-21,151.15,153.67,150.7,152.93,141.35245151726392,9938441,0.0000,1.0
2023-07-24,152.84,153.95,152.3,153.42,141.8053561222692,5549519,0.0000,1.0
2023-07-25,153.48,153.86,152.45,153.78,142.13810236268125,5883845,0.0000,1.0
2023-07-26,153.12,154.84,152.89,153.94,142.28598958064217,7013794,0.0000,1.0
2023-07-27,154.155,154.6,151.915,152.11,140.59452952521426,7191578,0.0000,1.0
2023-07-28,154.66,157.48,154.6,156.41,144.56899850791373,9397878,0.0000,1.0
2023-07-31,156.4,157.68,155.06,156.3,144.4673260455656,7955343,0.0000,1.0
2023-08-01,155.88,157.17,155.87,156.25,144.42111128995282,5719138,0.0000,1.0
2023-08-02,155.97,157.73,155.97,156.59,144.73537162811976,5637323,0.0000,1.0
2023-08-03,156.76,157.7,156.21,157.0,145.1143326241446,5792784,0.0000,1.0
2023-08-04,157.425,157.73,155.15,155.28,143.5245450310648,4785929,0.0000,1.0
2023-08-07,155.67,157.15,155.49,156.92,145.04038901516412,4107366,0.0000,1.0
2023-08-08,157.28,157.63,156.5309,157.09,145.19751918424762,4625619,0.0000,1.0
2023-08-09,157.31,158.09,156.77,156.89,145.01266016179645,4293200,0.0000,1.0
2023-08-10,157.17,158.38,155.8,156.11,144.29170997423705,4307834,0.0000,1.0
2023-08-11,156.43,157.464,155.79,157.02,145.1328185263897,3862326,0.0000,1.0
2023-08-14,157.13,157.53,155.5,155.79,143.9959355383152,4297598,0.0000,1.0
2023-08-15,155.79,155.97,154.46,154.79,143.0716404260595,6921105,0.0000,1.0
2023-08-16,154.76,155.73,152.87,153.21,141.6112541486955,6356849,0.0000,1.0
2023-08-17,153.21,153.555,151.79,152.11,140.59452952521426,6419615,0.0000,1.0
2023-08-18,151.62,152.89,151.17,152.54,140.99197642348418,5448262,0.0000,1.0
2023-08-21,152.09,152.78,151.26,151.77,140.2802691870473,4504747,0.0000,1.0
2023-08-22,151.42,152.1538,150.93,151.83,140.33572689378266,4195967,0.0000,1.0
2023-08-23,152.47,153.48,152.47,153.25,141.64822595318574,4522673,0.0000,1.0
2023-08-24,152.55,154.68,152.48,152.54,140.99197642348418,4089013,0.0000,1.0
2023-08-25,153.4,154.08,152.46,153.54,141.91627153573987,3541524,0.0000,1.0
2023-08-28,153.71,154.37,153.05,153.78,142.13810236268125,3614733,0.0000,1.0
2023-08-29,153.95,154.04,152.03,153.87,142.22128892278428,4034627,0.0000,1.0
2023-08-30,154.1,154.865,153.71,154.04,142.37841909186773,3712241,0.0000,1.0
2023-08-31,154.12,155.16,153.83,154.34,142.65570762554444,5451433,0.0000,1.0
2023-09-01,154.9,155.28,153.56,154.51,142.8128377946279,4126437,0.0000,1.0
2023-09-05,153.8,154.85,152.3975,152.44,140.89954691225861,5097037,0.0000,1.0
2023-09-06,152.29,152.45,151.54,152.14,140.6222583785819,3877460,0.0000,1.0
2023-09-07,152.485,154.19,152.37,153.59,141.96248629135266,4825042,0.0000,1.0
2023-09-08,153.42,153.455,152.35,152.93,141.35245151726392,3384760,0.0000,1.0
2023-09-11,153.33,155.1,153.08,154.75,143.03466862156927,4288731,0.0000,1.0
2023-09-12,154.99,155.15,151.57,152.03,140.52058591623378,4537794,0.0000,1.0
2023-09-13,151.975,153.59,151.66,153.09,141.50033873522483,4040670,0.0000,1.0
2023-09-14,153.845,154.92,153.37,154.77,143.0531545238144,4606909,0.0000,1.0
2023-09-15,154.03,155.32,153.23,153.47,141.85157087788198,10262391,0.0000,1.0
2023-09-18,154.45,154.475,153.505,154.05,142.3876620429903,3536490,0.0000,1.0
2023-09-19,153.75,154.06,151.7433,153.6,141.97172924247522,4704209,0.0000,1.0
2023-09-20,153.77,154.775,153.36,153.47,141.85157087788198,5446571,0.0000,1.0
2023-09-21,153.45,153.71,152.065,152.14,140.6222583785819,5098146,0.0000,1.0
2023-09-22,152.44,153.34,151.38,151.58,140.10465311571872,6328163,0.0000,1.0
2023-09-25,151.18,151.28,150.02,150.66,139.25430161244347,5527129,0.0000,1.0
2023-09-26,149.98,150.36,148.785,149.32,138.01574616202083,6366545,0.0000,1.0
2023-09-27,149.42,149.7,146.63,147.34,136.18564183975457,5403675,0.0000,1.0
2023-09-28,147.815,147.98,145.68,146.34,135.26134672749887,6237072,0.0000,1.0
2023-09-29,146.54,146.77,144.82,145.86,134.81768507361613,6683279,0.0000,1.0
2023-10-02,144.78,145.6,143.9,145.19,134.1984073484048,5153808,0.0000,1.0
2023-10-03,145.17,146.49,145.01,145.49,134.4756958820815,4670620,0.0000,1.0
2023-10-04,145.59,146.31,144.93,145.97,134.91935753596425,4727849,0.0000,1.0
2023-10-05,145.68,146.0943,143.69,143.8,132.9136371423694,5205662,0.0000,1.0
2023-10-06,143.6,144.555,141.45,144.09,133.18168272492355,7406682,0.0000,1.0
2023-10-09,143.36,143.97,141.6,143.36,132.5069472929769,5062170,0.0000,1.0
2023-10-10,143.98,145.22,143.72,144.78,133.81944635237997,5988917,0.0000,1.0
2023-10-11,145.14,145.56,142.56,143.0,132.17420105256483,5469148,0.0000,1.0
2023-10-12,142.79,143.93,141.66,143.32,132.46997548848665,5965604,0.0000,1.0
2023-10-13,143.19,145.03,143.19,144.69,133.73625979227697,7079323,0.0000,1.0
2023-10-16,145.86,147.06,145.46,146.07,135.0117870471898,6509765,0.0000,1.0
2023-10-17,146.11,146.825,145.24,146.26,135.1874031185184,6160115,0.0000,1.0
2023-10-18,150.06,151.3,148.77,150.03,138.67199569172237,10508470,0.0000,1.0
2023-10-19,149.61,150.28,147.18,148.25,137.89623480400616,8145959,0.9407,1.0
2023-10-20,149.05,149.88,147.92,148.05,137.7102027840345,7284217,0.0000,1.0
2023-10-23,147.86,149.5,147.56,148.15,137.80321879402032,5981784,0.0000,1.0
2023-10-24,148.12,150.07,148.07,149.9,139.4309989687725,6322218,0.0000,1.0
2023-10-25,149.635,151.19,149.12,150.6,140.08211103867336,6172937,0.0000,1.0
2023-10-26,151.05,151.38,149.74,149.8,139.33798295878668,7582052,0.0000,1.0
2023-10-27,148.98,149.95,146.28,147.16,136.8823602951605,8131875,0.0000,1.0
2023-10-30,147.9,149.55,147.54,149.26,138.83569650486314,5412866,0.0000,1.0
2023-10-31,149.46,150.255,148.64,150.03,139.5519197817541,6762155,0.0000,1.0
2023-11-01,150.68,150.68,149.21,149.61,139.16125253981357,5896946,0.0000,1.0
2023-11-02,149.54,151.65,148.91,151.44,140.86344552255443,5859285,0.0000,1.0
2023-11-03,151.79,152.29,149.615,150.07,139.58912618574843,6587879,0.0000,1.0
2023-11-06,150.36,151.25,150.1,150.94,140.39836547262522,6480898,0.0000,1.0
2023-11-07,150.92,151.25,150.12,150.59,140.0728094376748,6003843,0.0000,1.0
2023-11-08,150.955,151.2,149.51,150.01,139.53331657975693,4832618,0.0000,1.0
2023-11-09,149.74,150.35,149.12,150.35,139.84957101370878,6581536,0.0000,1.0
2023-11-10,150.84,151.44,149.92,151.41,140.83554071955865,5387350,0.0000,1.0
2023-11-13,151.445,152.9,151.445,152.46,141.81220882441,6297527,0.0000,1.0
2023-11-14,152.55,153.5,151.6801,152.12,141.49595439045814,7982631,0.0000,1.0
2023-11-15,152.055,152.39,150.38,151.42,140.84484232055723,7672848,0.0000,1.0
2023-11-16,151.99,152.89,151.31,152.83,142.1563680613576,7590516,0.0000,1.0
2023-11-17,152.72,152.84,150.89,151.07,140.5192862856068,8495710,0.0000,1.0
2023-11-20,150.21,151.03,149.66,150.27,139.77515820572012,6857809,0.0000,1.0
2023-11-21,149.85,150.01,148.83,149.61,139.16125253981357,7310387,0.0000,1.0
2023-11-22,150.1,151.48,150.1,151.02,140.4727782806139,4373087,0.0000,1.0
2023-11-24,151.18,151.74,151.03,151.38,140.8076359165629,2132494,0.0000,1.0
2023-11-27,151.52,151.64,150.74,151.24,140.67741350258274,6021326,0.0000,1.0
2023-11-28,151.145,152.77200000000002,151.145,152.29,141.65408160743405,6110455,0.0000,1.0
2023-11-29,152.29,152.45,150.99,151.13,140.57509589159832,5342709,0.0000,1.0
2023-11-30,150.9,153.63,150.08,153.52,142.7981785302599,9771509,0.0000,1.0
2023-12-01,153.33,153.49,152.23,152.66,141.99824084438166,5685434,0.0000,1.0
2023-12-04,151.77,152.5332,151.66,152.06,141.4401447844666,6578318,0.0000,1.0
2023-12-05,152.14,152.61,146.18,146.76,136.51029625521716,11895824,0.0000,1.0
2023-12-06,147.01,147.16,145.64,146.65,136.40797864423274,7394298,0.0000,1.0
2023-12-07,146.57,147.1,146.02,146.5,136.26845462925397,6119624,0.0000,1.0
2023-12-08,145.92,146.24,144.52,145.15,135.01273849444516,6385269,0.0000,1.0
2023-12-11,144.8,145.87,144.65,145.82,135.63594576135026,8471213,0.0000,1.0
2023-12-12,145.86,146.23,145.08,145.94,135.74756497333328,6069202,0.0000,1.0
2023-12-13,145.86,148.65,145.45,148.58,138.20318763695943,9055532,0.0000,1.0
2023-12-14,148.46,148.55,144.38,144.66,134.55696004551453,10565171,0.0000,1.0
2023-12-15,143.18,144.25,142.5,143.96,133.90584797561368,14549957,0.0000,1.0
2023-12-18,144.17,147.49,144.15,146.17,135.9615017963007,8421950,0.0000,1.0
2023-12-19,145.67,146.335,145.39,146.17,135.9615017963007,5216773,0.0000,1.0
2023-12-20,145.57,146.07,143.84,143.91,133.85933997062074,7663841,0.0000,1.0
2023-12-21,144.52,144.79,143.13,144.26,134.18489600557118,6104714,0.0000,1.0
2023-12-22,144.5,145.63,144.29,145.28,135.13365930742674,4413842,0.0000,1.0
2023-12-26,145.09,146.17,144.97,145.94,135.74756497333328,3634885,0.0000,1.0
2023-12-27,145.65,146.305,145.3638,146.06,135.85918418531628,4515212,0.0000,1.0
2023-12-28,146.0,146.01,145.035,145.73,135.552231352363,5023033,0.0000,1.0
2023-12-29,146.0,146.96,145.73,146.54,136.3056610332483,5300991,0.0000,1.0
2024-01-02,146.36,149.41,146.31,148.74,138.35201325293679,7238388,0.0000,1.0
2024-01-03,148.34,149.2,147.175,147.84,137.51486916306422,7697534,0.0000,1.0
2024-01-04,148.05,149.2669,147.77,148.65,138.2682988439495,7067618,0.0000,1.0
2024-01-05,148.72,148.87,146.55,147.42,137.12420192112367,5227247,0.0000,1.0
2024-01-08,147.91,148.92,147.65,148.69,138.30550524794384,8255307,0.0000,1.0
2024-01-09,148.57,149.4,148.05,149.3,138.87290290885747,9786934,0.0000,1.0
2024-01-10,149.35,150.0,149.26,149.94,139.46820537276685,8591116,0.0000,1.0
2024-01-11,150.05,150.8,149.2935,150.51,139.9983966296861,6659447,0.0000,1.0
2024-01-12,150.95,151.3,149.89,150.6,140.08211103867336,5684834,0.0000,1.0
2024-01-16,150.15,151.5,148.88,149.79,139.32868135778807,8120101,0.0000,1.0
2024-01-17,149.155,150.6,149.01,149.94,139.46820537276685,6541439,0.0000,1.0
2024-01-18,148.225,148.4,146.92,148.14,138.6689187989585,6526221,0.9407,1.0
2024-01-19,148.25,148.62,147.31,147.57,138.1353607881889,7848138,0.0000,1.0
2024-01-22,146.97,148.21,146.28,147.86,138.4068201270015,11084134,0.0000,1.0
2024-01-23,153.11,156.4,152.89,153.98,144.13554824263284,19101558,0.0000,1.0
2024-01-24,153.93,154.23,152.09,152.12,142.39446420749,11023818,0.0000,1.0
2024-01-25,152.4,155.66,152.06,155.62,145.67069760695236,10352452,0.0000,1.0
2024-01-26,155.81,156.16,155.34,156.14,146.1574522834439,8356819,0.0000,1.0
2024-01-29,156.68,157.33,155.395,156.16,146.17617361715511,8987609,0.0000,1.0
2024-01-30,156.34,157.92,155.82,157.49,147.42114230895083,7794730,0.0000,1.0
2024-01-31,157.99,158.5,156.7,157.14,147.09351896900455,8870215,0.0000,1.0
2024-02-01,156.77,159.3,156.62,159.18,149.00309500754835,7601144,0.0000,1.0
2024-02-02,158.97,159.6,157.525,158.09,147.9827823202872,7937716,0.0000,1.0
2024-02-05,158.17,159.0,157.555,158.21,148.09511032255452,6931933,0.0000,1.0
2024-02-06,158.305,159.07,157.87,158.96,148.797160336725,6185982,0.0000,1.0
2024-02-07,159.1,159.83,158.74,159.12,148.94693100641473,7209276,0.0000,1.0
2024-02-08,158.8,159.1,157.77,158.64,148.49761899734557,6121778,0.0000,1.0
2024-02-09,158.26,158.34,156.96,157.42,147.35561764096155,5978181,0.0000,1.0
2024-02-12,157.36,157.61,155.485,157.11,147.06543696843778,5482124,0.0000,1.0
2024-02-13,157.75,158.97,155.48,156.27,146.2791409525668,6046869,0.0000,1.0
2024-02-14,156.16,156.16,154.91,155.63,145.68005827380796,5727455,0.0000,1.0
2024-02-15,156.3,157.42,156.15,157.01,146.97183029988167,6249241,0.0000,1.0
2024-02-16,157.04,158.45,156.67,157.51,147.439863642662,6617706,0.0000,1.0
2024-02-20,158.7,159.79,158.13,158.51,148.3759303282227,6622058,0.0000,1.0
2024-02-21,159.19,160.4,159.19,160.4,150.1450963639324,7121116,0.0000,1.0
2024-02-22,159.46,161.0901,158.63,160.56,150.2948670336221,6619639,0.0000,1.0
2024-02-23,160.6,161.74,160.16,161.03,150.7348183758356,5486533,0.0000,1.0
2024-02-26,161.025,161.17,160.07,160.22,149.97660436053147,4531936,0.0000,1.0
2024-02-27,159.41,159.8,158.9613,159.3,149.11542300981566,3868405,0.0000,1.0
2024-02-28,159.065,160.12,158.64,160.05,149.81747302398614,3802915,0.0000,1.0
2024-02-29,159.93,160.11,158.18,158.94,148.7784390030138,8348201,0.0000,1.0
2024-03-01,158.05,159.03,157.61,158.85,148.69419300131332,4819929,0.0000,1.0
2024-03-04,157.74,159.76,157.67,159.56,149.3588003480614,3841623,0.0000,1.0
2024-03-05,159.46,159.99,158.78,159.32,149.13414434352686,4481715,0.0000,1.0
2024-03-06,159.68,159.99,158.91,159.57,149.368161014917,5405719,0.0000,1.0
2024-03-07,159.95,160.91,159.47,160.62,150.35103103475572,4783943,0.0000,1.0
2024-03-08,159.85,161.245,158.29,160.35,150.09829302965434,5080225,0.0000,1.0
2024-03-11,161.34,162.62,160.82,161.55,151.22157305232716,5148881,0.0000,1.0
2024-03-12,161.82,162.52,161.23,161.93,151.5772783928402,4211703,0.0000,1.0
2024-03-13,162.38,162.73,161.33,162.3,151.92362306649767,5409467,0.0000,1.0
2024-03-14,162.24,162.62,161.13,161.5,151.17476971804913,5839056,0.0000,1.0
2024-03-15,160.7,161.5,160.3033,161.38,151.06244171578183,10956888,0.0000,1.0
2024-03-18,161.48,162.72,161.0,161.21,150.90331037923653,6086268,0.0000,1.0
2024-03-19,161.8,162.17,161.17,161.83,151.48367172428416,6148240,0.0000,1.0
2024-03-20,162.01,162.398,161.47,161.99,151.63344239397387,4870296,0.0000,1.0
2024-03-21,162.09,162.46,161.115,161.86,151.511753724851,5211676,0.0000,1.0
2024-03-22,162.2,162.41,161.47,161.66,151.32454038773884,6393425,0.0000,1.0
2024-03-25,161.17,161.66,159.73,160.19,149.94852235996464,7145692,0.0000,1.0
2024-03-26,160.36,161.14,160.14,160.55,150.2855063667665,5842850,0.0000,1.0
2024-03-27,161.36,162.74,161.34,162.61,152.21380373902147,6599711,0.0000,1.0
2024-03-28,162.82,163.14,161.7,162.25,151.87681973221962,7191571,0.0000,1.0
2024-04-01,161.78,162.07,159.8,160.58,150.31358836733332,5707151,0.0000,1.0
2024-04-02,159.64,160.71,159.64,160.57,150.3042277004777,5806429,0.0000,1.0
2024-04-03,160.63,160.88,155.68,156.15,146.16681295029952,9549152,0.0000,1.0
2024-04-04,156.88,157.08,155.41,155.45,145.51156627040703,6414996,0.0000,1.0
2024-04-05,155.29,157.06,154.69,156.1,146.12000961602146,5059173,0.0000,1.0
2024-04-08,155.97,156.7,155.63,156.04,146.0638456148878,5453262,0.0000,1.0
2024-04-09,156.27,156.75,155.7,156.66,146.64420695993545,4578522,0.0000,1.0
2024-04-10,155.65,157.58,155.65,157.24,147.18712563756065,7785084,0.0000,1.0
2024-04-11,157.55,157.6,155.77,155.84,145.8766322777757,8209765,0.0000,1.0
2024-04-12,155.22,155.97,154.74,155.33,145.39923826813975,6770659,0.0000,1.0
2024-04-15,156.42,156.82,155.33,155.45,145.51156627040703,5753987,0.0000,1.0
2024-04-16,155.85,156.94,155.665,155.95,145.97959961318736,6103296,0.0000,1.0
2024-04-17,156.3,157.115,155.74,156.96,146.92502696560365,6621906,0.0000,1.0
2024-04-18,156.34,157.63,155.96,157.29,148.17608009085546,7819261,1.0065,1.0
2024-04-19,154.98,158.175,153.52,158.14,148.97682818722032,12034186,0.0000,1.0
2024-04-22,158.43,161.285,157.2525,160.54,151.23776398872107,8926327,0.0000,1.0
2024-04-23,161.68,162.1,160.415,161.5,152.14213830932138,7707250,0.0000,1.0
2024-04-24,161.2,162.86,159.42,162.6,153.17840055167588,7217563,0.0000,1.0
2024-04-25,162.97,164.32,162.08,162.55,153.13129772247797,7094620,0.0000,1.0
2024-04-26,162.5,163.32,160.49,161.29,151.94430642669005,5659784,0.0000,1.0
2024-04-29,161.17,161.79,160.41,161.66,152.29286736275475,4622164,0.0000,1.0
2024-04-30,161.84,163.35,161.6,163.2,153.74363450205107,8106098,0.0000,1.0
2024-05-01,163.28,164.24,162.22,163.4,153.93204581884282,7543154,0.0000,1.0
2024-05-02,163.54,164.49,162.6401,163.84,154.34655071578462,5647490,0.0000,1.0
2024-05-03,163.54,164.71,162.16,164.46,154.93062579783899,5581692,0.0000,1.0
2024-05-06,164.78,164.98,163.2629,164.44,154.9117846661598,5472549,0.0000,1.0
2024-05-07,164.98,166.04,164.59,165.76,156.1552993569852,6433090,0.0000,1.0
2024-05-08,165.98,166.37,164.93,165.07,155.50528031405375,4579471,0.0000,1.0
2024-05-09,165.05,166.33,165.05,166.04,156.41907520049364,4671126,0.0000,1.0
2024-05-10,166.09,167.36,165.7,166.85,157.18214103350013,4879427,0.0000,1.0
2024-05-13,166.85,167.65,165.36,165.87,156.25892558122067,5725523,0.0000,1.0
2024-05-14,165.53,166.07,163.95,165.76,156.1552993569852,6009837,0.0000,1.0
2024-05-15,165.31,166.68,165.12,166.51,156.8618417949542,5102897,0.0000,1.0
2024-05-16,166.93,168.34,166.59,167.86,158.13361818329838,6793672,0.0000,1.0
2024-05-17,167.67,168.0,166.88,167.64,157.92636573482744,4700819,0.0000,1.0
2024-05-20,167.55,167.88,166.7905,167.31,157.6154870621211,3804823,0.0000,1.0
2024-05-21,167.76,168.535,167.2902,168.35,158.5952259094381,5147065,0.0000,1.0
2024-05-22,168.01,168.425,167.6268,167.81,158.08651535410044,4536733,0.0000,1.0
2024-05-23,167.29,168.11,165.32,165.49,155.9009440793164,4729792,0.0000,1.0
2024-05-24,165.85,166.31,165.15,165.33,155.750215025883,3820090,0.0000,1.0
2024-05-28,164.49,164.755,162.26,163.11,153.65884940949482,6466193,0.0000,1.0
2024-05-29,162.65,162.74,161.42,161.65,152.28344679691517,4360383,0.0000,1.0
2024-05-30,161.65,162.7,161.48,162.58,153.15955941999673,4756454,0.0000,1.0
2024-05-31,162.44,164.77,161.97,164.54,155.00599032455565,10341644,0.0000,1.0
2024-06-03,163.93,166.24,163.63,164.65,155.1096165487911,5828442,0.0000,1.0
2024-06-04,164.79,167.12,164.4,167.01,157.33287008693353,6277001,0.0000,1.0
2024-06-05,167.01,167.01,164.98,166.05,156.42849576633324,5243345,0.0000,1.0
2024-06-06,165.83,168.58,165.08,168.47,158.70827269951315,6302243,0.0000,1.0
2024-06-07,168.4,168.97,166.84,167.06,157.37997291613146,4558190,0.0000,1.0
2024-06-10,166.78,167.715,166.08,167.35,157.65316932547947,4110668,0.0000,1.0
2024-06-11,166.97,167.5,166.02,167.48,157.77563668139408,3947671,0.0000,1.0
2024-06-12,167.5,167.64,164.2209,165.18,155.6089065382892,5474498,0.0000,1.0
2024-06-13,164.47,167.0,164.47,166.41,156.76763613655834,4902180,0.0000,1.0
2024-06-14,165.99,166.93,165.25,166.79,157.12561763846261,3694974,0.0000,1.0
2024-06-17,165.85,168.71,165.4,167.5,157.79447781307326,6759352,0.0000,1.0
2024-06-18,167.03,168.65,166.94,168.56,158.79305779206942,5112634,0.0000,1.0
2024-06-20,168.37,168.78,166.86,167.67,157.95462743234623,8483606,0.0000,1.0
2024-06-21,167.48,168.88,167.18,168.26,158.5104408168818,14682061,0.0000,1.0
2024-06-24,168.76,169.41,167.48,168.45,158.68943156783396,7565304,0.0000,1.0
2024-06-25,168.63,168.9075,165.9,166.85,157.18214103350013,8323968,0.0000,1.0
2024-06-26,166.05,167.81,165.66,167.45,157.74737498387532,5164046,0.0000,1.0
2024-06-27,167.49,168.1,165.5,166.62,156.96546801918964,5006990,0.0000,1.0
2024-06-28,166.0,167.24,164.58,164.92,155.36397182645993,9253317,0.0000,1.0
2024-07-01,165.59,166.21,162.2,162.72,153.29144734175094,7638639,0.0000,1.0
2024-07-02,162.58,164.04,161.71,163.9,154.40307411082213,5449219,0.0000,1.0
2024-07-03,163.21,164.21,162.975,163.83,154.33713014994504,2980461,0.0000,1.0
2024-07-05,164.01,165.625,163.5,165.21,155.63716823580796,6509248,0.0000,1.0
2024-07-08,165.95,166.6734,165.62,166.52,156.8712623607938,5144458,0.0000,1.0
2024-07-09,166.63,166.75900000000001,165.14,165.66,156.06109369858936,4393179,0.0000,1.0
2024-07-10,165.9,166.92,165.54,166.8,157.13503820430222,5037097,0.0000,1.0
2024-07-11,166.3,166.63,164.78,165.54,155.9480469085143,5833061,0.0000,1.0
2024-07-12,166.22,167.64,166.02,166.61,156.95604745335007,4684642,0.0000,1.0
2024-07-15,166.47,166.615,164.46,164.58,155.04367258791402,5752513,0.0000,1.0
2024-07-16,164.91,167.07,164.61,166.95,157.27634669189598,6378312,0.0000,1.0
2024-07-17,167.75,170.17,167.33,169.44,159.62206758595303,7982328,0.0000,1.0
2024-07-18,168.8,170.92,168.28,168.44,158.6800110019944,5926346,0.0000,1.0
2024-07-19,167.97,169.035,167.13,167.96,159.17600379344861,6597090,1.0065,1.0
2024-07-22,167.93,168.7,167.7,168.25,159.45083733179166,6383031,0.0000,1.0
2024-07-23,168.11,168.4199,166.32,166.62,157.9060833059324,4863398,0.0000,1.0
2024-07-24,166.32,168.28,165.575,168.0,159.21391186770282,5906992,0.0000,1.0
2024-07-25,168.32,170.085,166.87,166.9,158.1714398257119,7338521,0.0000,1.0
2024-07-26,167.25,169.32,167.03,169.11,160.2658609282573,5581557,0.0000,1.0
2024-07-29,168.85,170.5399,168.11,169.93,161.0429764504687,6797832,0.0000,1.0
2024-07-30,161.79,162.38,158.04,161.7,153.24339017266394,15746254,0.0000,1.0
2024-07-31,160.81,162.86,159.21,160.76,152.3525504276899,9660902,0.0000,1.0
2024-08-01,160.88,166.305,160.68,165.69,157.0247205795219,12532700,0.0000,1.0
2024-08-02,167.44,170.35,165.15,170.08,161.18513172892202,11899038,0.0000,1.0
2024-08-05,170.88,170.88,166.67,168.06,159.27077397908414,10338767,0.0000,1.0
2024-08-06,167.9,170.33,167.85,168.09,159.29920503477481,7454869,0.0000,1.0
2024-08-07,168.57,171.72,168.01,170.02,161.12826961754067,8385546,0.0000,1.0
2024-08-08,169.42,171.56,169.0,170.87,161.93381619544274,6386941,0.0000,1.0
2024-08-09,170.12,171.26,169.65,170.54,161.62107458284547,5377378,0.0000,1.0
2024-08-12,169.4,169.65,166.2,166.81,158.08614665863993,7208103,0.0000,1.0
2024-08-13,167.34,167.8,166.46,167.29,158.5410435496905,3770007,0.0000,1.0
2024-08-14,166.5,169.47,165.82,168.8,159.97207335278713,5476675,0.0000,1.0
2024-08-15,169.46,169.68,166.75,167.92,159.13809571919438,9491625,0.0000,1.0
2024-08-16,167.82,168.35,166.8,167.89,159.1096646635037,5640925,0.0000,1.0
2024-08-19,168.18,169.235,168.17,168.42,159.61194664737206,3885315,0.0000,1.0
2024-08-20,168.77,170.56,168.11,170.41,161.49787334151927,4513600,0.0000,1.0
2024-08-21,170.19,171.89,169.6,170.16,161.26094787743043,4082026,0.0000,1.0
2024-08-22,170.88,171.24,169.14,170.15,161.25147085886687,4097382,0.0000,1.0
2024-08-23,170.05,170.11,168.25,169.17,160.3227230396386,4771267,0.0000,1.0
2024-08-26,168.695,170.97,168.695,170.35,161.44101123013795,6472417,0.0000,1.0
2024-08-27,170.83,171.1,169.08,169.25,160.39853918814703,4456635,0.0000,1.0
2024-08-28,169.42,171.2,168.58,169.06,160.2184758354395,5645040,0.0000,1.0
2024-08-29,169.75,170.6,168.94,170.03,161.13774663610423,4413165,0.0000,1.0
2024-08-30,170.16,171.88,169.69,171.54,162.56877643920083,7301617,0.0000,1.0
2024-09-03,171.03,175.0,170.99,174.52,165.39292797113987,10101418,0.0000,1.0
2024-09-04,173.63,176.0,173.63,175.9,166.70075653291028,6726882,0.0000,1.0
2024-09-05,175.99,176.55,174.67,175.47,166.29324473467744,6061865,0.0000,1.0
2024-09-06,175.76,177.04,175.34,175.59,166.4069689574401,5785684,0.0000,1.0
2024-09-09,175.54,176.84,174.66,176.06,166.85238882992712,6450204,0.0000,1.0
2024-09-10,175.91,177.94,175.91,177.79,168.49191304142192,6396311,0.0000,1.0
2024-09-11,176.6,177.0,173.63,173.92,164.8243068573266,6828173,0.0000,1.0
2024-09-12,173.9,174.6111,172.44,173.47,164.3978410219667,4839752,0.0000,1.0
2024-09-13,173.37,174.54,172.8,174.08,164.9759391543435,3917986,0.0000,1.0
2024-09-16,174.71,177.31,174.32,177.24,167.97067702042648,6892335,0.0000,1.0
2024-09-17,176.625,176.97,175.36,175.88,166.68180249578316,4757247,0.0000,1.0
2024-09-18,175.05,175.9,172.57,173.92,164.8243068573266,5102884,0.0000,1.0
2024-09-19,172.88,173.16,170.38,171.54,162.56877643920083,8692016,0.0000,1.0
2024-09-20,171.51,174.54,171.5,174.22,165.10861741423324,28647462,0.0000,1.0
2024-09-23,174.01,175.185,172.5901,173.77,164.68215157887334,10265199,0.0000,1.0
2024-09-24,172.88,174.5,172.615,173.24,164.179869595005,5422351,0.0000,1.0
2024-09-25,174.07,174.68,172.06,172.26,163.2511217757767,8916483,0.0000,1.0
2024-09-26,171.5,174.61,171.36,173.21,164.1514385393143,4957367,0.0000,1.0
2024-09-27,173.01,174.445,172.58,173.55,164.47365717047515,4599709,0.0000,1.0
2024-09-30,173.73,174.0,172.71,173.2,164.14196152075075,6296653,0.0000,1.0
2024-10-01,173.24,174.0,172.2,173.04,163.99032922373388,7130825,0.0000,1.0
2024-10-02,172.01,172.45,171.08,171.92,162.92890314461587,6212890,0.0000,1.0
2024-10-03,171.37,171.37,169.77,170.12,161.22303980317622,4794348,0.0000,1.0
2024-10-04,168.85,170.09,168.26,168.88,160.04788950129554,6003668,0.0000,1.0
2024-10-07,169.16,169.58,166.87,167.12,158.3799342341101,6325281,0.0000,1.0
2024-10-08,166.85,168.59,166.27,168.16,159.36554416471967,7472965,0.0000,1.0
2024-10-09,168.38,169.805,168.0,169.27,160.41749322527414,8758806,0.0000,1.0
2024-10-10,168.8,169.79,168.37,168.95,160.11422863124042,6932308,0.0000,1.0
2024-10-11,169.46,171.41,168.97,171.09,162.1423106038409,7036480,0.0000,1.0
2024-10-14,171.02,172.84,170.74,172.51,163.48804723986555,5909158,0.0000,1.0
2024-10-15,172.89,174.905,172.815,173.57,164.49261120760224,7172262,0.0000,1.0
2024-10-16,171.88,172.59,170.89,172.38,163.36484599853935,6117053,0.0000,1.0
2024-10-17,172.18,173.68,171.76,172.28,163.27007581290383,7045586,0.0000,1.0
2024-10-18,170.3,172.21,168.46,171.28,163.2762358749701,8372536,1.0065,1.0
2024-10-21,170.975,171.48,168.45,169.54,161.61754454835608,5522460,0.0000,1.0
2024-10-22,168.57,170.73,168.57,169.7,161.77006788873436,7511671,0.0000,1.0
2024-10-23,169.55,170.1656,168.725,169.58,161.65567538345067,4837810,0.0000,1.0
2024-10-24,169.42,169.96,168.93,169.62,161.69380621854523,5861303,0.0000,1.0
2024-10-25,168.92,169.4,168.041,168.22,160.3592269902351,4877911,0.0000,1.0
2024-10-28,169.28,169.66,168.375,169.3,161.38875953778864,5754043,0.0000,1.0
2024-10-29,168.86,168.86,166.83,167.17,159.35829256900251,5681358,0.0000,1.0
2024-10-30,167.09,167.32,165.96,166.16,158.3954889828645,5518085,0.0000,1.0
2024-10-31,165.76,167.04,165.09,165.18,157.46128352304743,6056514,0.0000,1.0
2024-11-01,165.31,166.35,164.985,165.1,157.38502185285824,5455095,0.0000,1.0
2024-11-04,165.72,166.27,164.58,165.08,157.36595643531098,5130338,0.0000,1.0
2024-11-05,164.33,166.32,164.33,165.76,158.01418063191875,4397441,0.0000,1.0
2024-11-06,165.61,166.04,159.81,161.05,153.52427479953255,11473688,0.0000,1.0
2024-11-07,161.96,163.9534,161.475,163.41,155.77399407011245,9056725,0.0000,1.0
2024-11-08,164.015,167.75,163.93,167.71,159.87305884277927,7506566,0.0000,1.0
2024-11-11,167.0,168.52,165.775,166.03,158.27156376880714,6364403,0.0000,1.0
2024-11-12,166.14,167.06,165.57,165.84,158.0904423021079,6507823,0.0000,1.0
2024-11-13,166.06,166.795,165.68,166.58,158.79586275135753,5412566,0.0000,1.0
2024-11-14,166.71,168.04,166.51,167.08,159.27249819003973,7444273,0.0000,1.0
2024-11-15,167.94,170.57,166.88,169.54,161.61754454835608,9939416,0.0000,1.0
2024-11-18,169.11,171.45,168.8301,170.75,162.77100230996697,6681087,0.0000,1.0
2024-11-19,170.69,171.17,169.66,170.76,162.7805350187406,5683673,0.0000,1.0
2024-11-20,170.01,171.07,169.50548700000002,170.89,162.904460232798,7081237,0.0000,1.0
2024-11-21,171.66,173.51,170.22,172.75,164.67754406469572,6240403,0.0000,1.0
2024-11-22,174.145,177.4,173.88,176.28,168.04259026179196,10609785,0.0000,1.0
2024-11-25,177.48,178.82,176.90400000000002,177.39,169.1007209356664,19357005,0.0000,1.0
2024-11-26,177.2,179.46,177.2,179.31,170.93100102020603,6276933,0.0000,1.0
2024-11-27,180.0,180.43,178.725,179.36,170.97866456407425,5522912,0.0000,1.0
2024-11-29,178.7,179.63,178.28,179.26,170.8833374763378,3823708,0.0000,1.0
2024-12-02,179.12,180.16,178.01,179.7,171.3027766623781,5728297,0.0000,1.0
2024-12-03,178.77,179.62,175.2,175.42,167.22277730725858,8127329,0.0000,1.0
2024-12-04,174.17,175.15,173.46,175.11,166.92726333527565,6823659,0.0000,1.0
2024-12-05,174.86,176.459,174.45,176.03,167.8042725424509,5022189,0.0000,1.0
2024-12-06,175.37,176.74,173.75,173.82,165.6975439034756,5741167,0.0000,1.0
2024-12-09,173.635,173.76,170.43,170.79,162.80913314506154,7164286,0.0000,1.0
2024-12-10,170.42,172.93,169.93,172.28,164.22950675233446,6220088,0.0000,1.0
2024-12-11,173.01,173.39,170.395,170.63,162.65660980468326,5237533,0.0000,1.0
2024-12-12,171.43,171.8177,170.02,170.85,162.8663293977034,4072810,0.0000,1.0
2024-12-13,170.77,171.7875,170.12,171.06,163.06651628194993,3884513,0.0000,1.0
2024-12-16,171.445,172.78,171.0975,171.14,163.14277795213906,5943680,0.0000,1.0
2024-12-17,170.67,171.954,170.02,170.33,162.37062854147396,6069344,0.0000,1.0
2024-12-18,169.76,170.56,169.02,169.08,161.17903994476848,7517081,0.0000,1.0
2024-12-19,169.01,170.1,167.35,169.19,161.28389974127856,8585220,0.0000,1.0
2024-12-20,168.87,169.865,167.5,168.06,160.20670364985682,21999342,0.0000,1.0
2024-12-23,168.06,168.68,166.36,168.11,160.25436719372505,6984079,0.0000,1.0
2024-12-24,167.62,169.18,167.42,168.94,161.04558202193746,2460756,0.0000,1.0
2024-12-26,168.31,170.3,168.07,170.16,162.208572492322,3629533,0.0000,1.0
2024-12-27,169.42,170.76,169.26,169.53,161.60801183958245,4367879,0.0000,1.0
2024-12-30,168.665,168.98,166.71,167.09,159.28203089881336,4354543,0.0000,1.0
2024-12-31,167.36,168.08,166.59,167.65,159.8158625901374,3957920,0.0000,1.0
2025-01-02,168.085,168.7052,165.91,165.98,158.2239002249389,5401712,0.0000,1.0
2025-01-03,166.25,166.5,164.25,165.13,157.41361997917917,5256807,0.0000,1.0
2025-01-06,162.81,163.5,160.44,160.6,153.09530290471858,8731671,0.0000,1.0
2025-01-07,161.46,162.61,160.74,161.3,153.76259251887365,8447744,0.0000,1.0
2025-01-08,160.99,162.4,160.565,162.1,154.52520922076513,4974783,0.0000,1.0
2025-01-10,160.15,161.21,157.47,158.56,151.15063031489524,8501525,0.0000,1.0
2025-01-13,159.35,160.09,158.41,158.84,151.41754616055727,6772198,0.0000,1.0
2025-01-14,158.85,160.07,158.31,159.74,152.27548995018523,5982254,0.0000,1.0
2025-01-15,160.59,161.15,159.335,159.65,152.18969557122242,8059231,0.0000,1.0
2025-01-16,159.62,160.58,159.135,160.5,152.99997581698213,5774429,0.0000,1.0
2025-01-17,159.74,161.75,159.6,161.13,153.60053646972167,7262739,0.0000,1.0
2025-01-21,160.96,162.35,160.96,161.72,154.16296628736666,13914694,0.0000,1.0
2025-01-22,167.1,168.14,164.44,164.74,157.0418443370071,14356691,0.0000,1.0
2025-01-23,163.88,166.48,163.32,166.15,158.38595627409086,7614308,0.0000,1.0
2025-01-24,165.91,165.91,163.2,164.12,157.41028353110838,6199939,1.0065,1.0
2025-01-27,166.72,169.94,166.11,169.66,162.7237917614419,9170829,0.0000,1.0
2025-01-28,168.91,169.59,166.11,166.19,159.3956557399153,6716387,0.0000,1.0
2025-01-29,166.72,167.29,165.8805,166.23,159.43402042027873,4850295,0.0000,1.0
2025-01-30,167.48,167.6,165.93,167.41,160.5657784909996,4136546,0.0000,1.0
2025-01-31,166.0,166.62,165.21,165.99,159.20383233809824,5464903,0.0000,1.0
2025-02-03,165.47,169.38,165.23,168.76,161.86058645326497,8668729,0.0000,1.0
2025-02-04,169.29,169.29,166.28,168.13,161.25634273754113,6410938,0.0000,1.0
2025-02-05,168.09,169.14,166.61,169.01,162.10036570553635,7537232,0.0000,1.0
2025-02-06,169.37,169.93,168.03,168.88,161.97568049435523,4957889,0.0000,1.0
2025-02-07,169.09,169.12,167.87,167.97,161.10288401608747,4535617,0.0000,1.0
2025-02-10,167.69,168.48,166.4,167.53,160.68087253208986,7063167,0.0000,1.0
2025-02-11,167.69,169.57,166.5,169.43,162.50319484935227,5438081,0.0000,1.0
2025-02-12,168.35,170.08,167.97,169.58,162.6470624007151,6037671,0.0000,1.0
2025-02-13,169.63,171.38,169.14,171.02,164.02819089379818,6328365,0.0000,1.0
2025-02-14,169.79,170.0,162.3,162.89,156.23056960993324,13179478,0.0000,1.0
2025-02-18,163.35,165.76,162.2,165.43,158.66672681301037,7075681,0.0000,1.0
2025-02-19,166.1,166.87,165.24,166.49,159.68339084264096,7910823,0.0000,1.0
2025-02-20,163.15,167.78,162.8,167.21,160.37395508918252,6162601,0.0000,1.0
2025-02-21,167.44,170.5491,165.92,170.23,163.27048845662063,9813720,0.0000,1.0
2025-02-24,170.22,172.98,169.79,170.54,163.56781472943712,8564057,0.0000,1.0
2025-02-25,171.28,173.95,170.8,172.65,165.5915516186075,7314856,0.0000,1.0
2025-02-26,172.28,172.65,170.65,171.3,164.2967436563421,5519041,0.0000,1.0
2025-02-27,170.85,173.09,170.63,171.97,164.93935205242937,5466965,0.0000,1.0
2025-02-28,173.58,174.65,171.85,173.84,166.7329008594192,10240069,0.0000,1.0
2025-03-03,173.58,176.29,173.51,175.59,168.4113556253188,7615570,0.0000,1.0
2025-03-04,176.75,179.99,172.91,173.18,166.0998836334228,12118023,0.0000,1.0
2025-03-05,173.38,175.87,173.02,174.61,167.47142095641505,6989086,0.0000,1.0
2025-03-06,174.89,175.84,172.8439,174.66,167.5193768068693,6702490,0.0000,1.0
2025-03-07,174.09,178.89,174.05,175.95,168.75663774858955,9566763,0.0000,1.0
2025-03-10,176.76,179.99,175.83,176.26,169.05396402140605,11017004,0.0000,1.0
2025-03-11,175.825,175.99,172.32,173.12,166.04233661287768,11032285,0.0000,1.0
2025-03-12,169.7,171.83,167.77,168.37,161.48653081972165,10159136,0.0000,1.0
2025-03-13,167.7,169.29,167.2779,168.59,161.69753656172045,6609126,0.0000,1.0
2025-03-14,167.79,168.59,166.62,167.97,161.10288401608747,6790624,0.0000,1.0
2025-03-17,168.37,171.09,168.13,169.76,162.81970346235045,9931678,0.0000,1.0
2025-03-18,170.07,170.26,167.58,167.71,160.85351359372524,6100242,0.0000,1.0
2025-03-19,167.87,168.745,167.11,168.57,161.67835422153874,7569165,0.0000,1.0
2025-03-20,168.89,169.205,166.03,167.55,160.70005487227158,8789167,0.0000,1.0
2025-03-21,167.14,168.14,164.12,166.69,159.87521424445805,16027251,0.0000,1.0
2025-03-24,166.43,166.8699,165.36,165.65,158.87773255500917,6102109,0.0000,1.0
2025-03-25,165.3,165.37,162.195,162.85,156.1922049295698,8366736,0.0000,1.0
2025-03-26,163.35,166.82,162.99,166.58,159.76971137345868,7757259,0.0000,1.0
2025-03-27,167.87,169.03,166.62,168.71,161.8126306028107,6211735,0.0000,1.0
2025-03-28,169.38,169.71,167.62,168.03,161.1604310366326,5479306,0.0000,1.0
2025-03-31,168.1015,171.14,168.1015,170.42,163.45272068834686,11520451,0.0000,1.0
2025-04-01,170.57,171.05,169.06,170.56,163.58699706961886,7021507,0.0000,1.0
2025-04-02,170.07,170.88,168.31,169.5,162.57033303998824,6274548,0.0000,1.0
2025-04-03,174.23,174.8,170.73,172.39,165.34218119624526,9393270,0.0000,1.0
2025-04-04,171.765,173.6,163.47,163.75,157.05541023774674,13454205,0.0000,1.0
2025-04-07,163.66,164.695,159.19,160.23,153.67931836576585,15708009,0.0000,1.0
2025-04-08,162.31,163.28,156.71,158.39,151.9145430690486,11541114,0.0000,1.0
2025-04-09,157.36,164.68,156.69,162.32,155.68387291475452,10670212,0.0000,1.0
2025-04-10,162.9,165.07,160.75,163.56,156.8731780060205,10581571,0.0000,1.0
2025-04-11,163.37,168.015,162.62,166.91,160.08621998645685,8603200,0.0000,1.0
2025-04-14,167.04,170.11,165.78,169.13,162.2154597466266,9877411,0.0000,1.0
2025-04-15,169.14,170.16,168.28,168.47,161.5824425206302,8764978,0.0000,1.0
2025-04-16,169.285,169.68,165.79,166.39,159.5874791417324,5897634,0.0000,1.0
2025-04-17,167.53,171.65,167.35,170.63,163.65413526025483,7227061,0.0000,1.0
2025-04-21,169.89,169.95,164.28,165.75,159.98723911111927,8062360,1.0568,1.0
2025-04-22,165.86,168.77,164.535,167.88,162.04318372232095,7907421,0.0000,1.0
2025-04-23,166.4,166.61,163.11,165.73,159.9679344668826,9309164,0.0000,1.0
2025-04-24,160.5,160.955,156.58,159.53,153.98349475352552,20077665,0.0000,1.0
2025-04-25,159.88,161.8,157.77,161.02,155.4216907491549,12893200,0.0000,1.0
2025-04-28,161.04,162.56,160.39,161.85,156.22283348497527,8126981,0.0000,1.0
2025-04-29,161.285,162.39,159.2,162.26,156.6185786918263,8266154,0.0000,1.0
2025-04-30,162.45,163.16,159.95,162.57,156.91780067749414,12475539,0.0000,1.0
2025-05-01,160.655,161.345,159.05,159.98,154.41784924884982,6792815,0.0000,1.0
2025-05-02,160.925,161.81,159.9,160.52,154.939074643239,5750165,0.0000,1.0
2025-05-05,160.89,160.91,158.02,158.83,153.30783220524327,7576219,0.0000,1.0
2025-05-06,158.04,159.71,157.6459,159.25,153.7132297342126,7703843,0.0000,1.0
2025-05-07,159.02,160.05,158.54,159.29,153.75183902268589,6430156,0.0000,1.0
2025-05-08,158.38,160.0,158.01,158.65,153.13409040711355,7230806,0.0000,1.0
2025-05-09,158.02,159.1254,157.41,157.66,152.17851051740007,6453232,0.0000,1.0
2025-05-12,157.425,161.05,156.69,160.9,155.30586288373507,7378380,0.0000,1.0
2025-05-13,160.02,160.72,157.36,158.73,153.21130898406008,7780827,0.0000,1.0
2025-05-14,158.12,159.16,157.57,158.02,152.52599411365952,5988905,0.0000,1.0
2025-05-15,159.59,162.908,158.7,162.41,156.76336352360107,8727316,0.0000,1.0
2025-05-16,162.65,163.43,161.85,163.28,157.60311554789473,7100784,0.0000,1.0
2025-05-19,163.47,165.15,163.41,164.77,159.0413115435241,8120219,0.0000,1.0
2025-05-20,164.61,166.0,164.6,165.64,159.88106356781773,5576561,0.0000,1.0
2025-05-21,164.82,166.365,164.62,165.43,159.6783648033331,6424153,0.0000,1.0
2025-05-22,164.44,166.2,164.02,165.03,159.29227191860036,6245571,0.0000,1.0
2025-05-23,164.825,166.2196,163.48,165.86,160.09341465442077,5349868,0.0000,1.0
2025-05-27,165.27,167.98,165.27,167.76,161.92735585690113,11423794,0.0000,1.0
2025-05-28,167.65,168.84,167.06,167.36,161.54126297216845,5385942,0.0000,1.0
2025-05-29,166.74,168.99,166.44,168.56,162.6995416263666,4842554,0.0000,1.0
2025-05-30,168.75,170.99,168.6,169.89,163.98330046810284,12587537,0.0000,1.0
2025-06-02,169.02,169.04,166.23,167.78,161.94666050113779,7574428,0.0000,1.0
2025-06-03,166.78,167.405,165.9,166.85,161.04899454413422,6223447,0.0000,1.0
2025-06-04,166.69,168.045,165.923,165.95,160.1802855534856,4939333,0.0000,1.0
2025-06-05,165.43,165.44,162.51,162.8,157.1398040862155,10352288,0.0000,1.0
2025-06-06,163.29,165.24,163.28,164.02,158.31738738465026,5697877,0.0000,1.0
2025-06-09,163.39,164.016,162.07,162.56,156.90814835537583,6544199,0.0000,1.0
2025-06-10,162.69,163.51,161.92,162.84,157.17841337468874,7680015,0.0000,1.0
2025-06-11,162.63,162.7699,161.69,162.11,156.47379386005156,5960052,0.0000,1.0
2025-06-12,161.97,163.31,161.675,163.18,157.50659232671157,6509891,0.0000,1.0
2025-06-13,162.765,163.03,159.91,160.28,154.70741891239936,7104547,0.0000,1.0
2025-06-16,160.88,161.95,160.01,160.88,155.28655823949842,6331961,0.0000,1.0
2025-06-17,160.06,160.37,158.31,158.52,153.00861021957542,6809747,0.0000,1.0
2025-06-18,158.55,158.65,157.66,158.02,152.52599411365952,7211225,0.0000,1.0
2025-06-20,158.03,159.34,157.85,159.08,153.54914025820122,16173371,0.0000,1.0
2025-06-23,159.07,161.19,159.0,161.03,155.4313430712732,6588223,0.0000,1.0
2025-06-24,161.175,161.74,159.65,160.36,154.78463748934593,7470052,0.0000,1.0
2025-06-25,159.825,160.34,158.71,158.97,153.44296471489972,5933715,0.0000,1.0
2025-06-26,159.55,159.56,157.17,158.63,153.1147857628769,7410446,0.0000,1.0
2025-06-27,158.68,160.13,158.29,159.86,154.30202138343003,19256955,0.0000,1.0
2025-06-30,159.26,159.9,158.13,159.32,153.78079598904083,11238201,0.0000,1.0
2025-07-01,159.88,162.53,159.38,161.22,155.61473719152124,10664891,0.0000,1.0
2025-07-02,161.135,161.35,159.86,161.2,155.5954325472846,8848744,0.0000,1.0
2025-07-03,161.79,162.02,159.785,160.83,155.23829662890685,6999589,0.0000,1.0
2025-07-07,160.89,161.18,159.29,160.5,154.91976999900234,7225695,0.0000,1.0
2025-07-08,159.52,159.78,157.44,157.89,152.40051392612136,12034764,0.0000,1.0
2025-07-09,158.1,158.2,155.95,157.52,152.04337800774363,18770894,0.0000,1.0
2025-07-10,157.76,159.6099,157.04,158.49,152.97965325322048,7201748,0.0000,1.0
2025-07-11,158.05,158.05,156.44,157.05,151.5897188681827,8053808,0.0000,1.0
2025-07-14,155.58,155.8,152.86,153.76,148.41410489125607,11491688,0.0000,1.0
2025-07-15,153.56,154.05,151.9,152.68,147.37165410247775,9142615,0.0000,1.0
2025-07-16,152.74,153.76,152.27,153.73,148.38514792490113,8478997,0.0000,1.0
2025-07-17,154.04,155.75,153.875,155.62,150.2094368052632,8319996,0.0000,1.0
2025-07-18,153.78,155.565,153.63,155.1,150.7275734565745,7337252,1.0568,1.0
2025-07-21,155.07,155.94,154.89,155.03,150.65954682767727,6328370,0.0000,1.0
2025-07-22,154.92,158.37,154.9,158.32,153.85679838584704,8186970,0.0000,1.0
2025-07-23,158.22,158.88,157.68,158.28,153.81792602647718,4804795,0.0000,1.0
2025-07-24,158.87,159.02,158.05,158.81,154.33298478812765,7027392,0.0000,1.0
2025-07-25,157.34,158.44,157.02,158.3,153.83736220616214,5800248,0.0000,1.0
2025-07-28,157.625,158.09,156.23,157.11,152.68090951490925,7885026,0.0000,1.0
2025-07-29,158.65,158.65,154.84,156.61,152.19500502278618,11466058,0.0000,1.0
2025-07-30,157.0,157.0,152.05,152.88,148.5701575115481,8162888,0.0000,1.0
2025-07-31,151.8,152.0,149.91,150.47,146.22809785951492,11845443,0.0000,1.0
2025-08-01,151.775,153.49,150.52,150.65,146.40302347667924,8594220,0.0000,1.0
2025-08-04,150.25,151.46,150.02,150.76,146.5099224649463,7679361,0.0000,1.0
2025-08-05,150.71,152.08,150.32,150.51,146.26697021888478,6670065,0.0000,1.0
2025-08-06,150.86,153.48,150.21,152.86,148.5507213318632,7376213,0.0000,1.0
2025-08-07,153.12,154.01,152.7,153.49,149.16296099193823,6719044,0.0000,1.0
2025-08-08,152.77,153.79,152.57,153.51,149.18239717162317,5811281,0.0000,1.0
2025-08-11,153.54,155.39,153.31,154.98,150.61095637846495,7331707,0.0000,1.0
2025-08-12,155.06,155.545,154.31,155.09,150.71785536673204,6938336,0.0000,1.0
2025-08-13,155.205,157.011,154.95,155.41,151.0288342416908,5812356,0.0000,1.0
2025-08-14,154.64,154.7,153.27,153.74,149.40591323799978,6343715,0.0000,1.0
2025-08-15,154.47,155.6,154.21,154.36,150.00843480823238,7121700,0.0000,1.0
2025-08-18,154.42,156.915,154.17,155.72,151.3300950268071,8274726,0.0000,1.0
2025-08-19,155.725,158.7,155.67,158.4,153.93454310458674,7868129,0.0000,1.0
2025-08-20,158.58,161.03,158.41,159.51,155.0132510770999,7840355,0.0000,1.0
2025-08-21,157.93,159.06,157.175,158.73,154.25524006938795,6417695,0.0000,1.0
2025-08-22,159.38,160.68,158.31,158.67,154.19693153033316,5797325,0.0000,1.0
2025-08-25,158.39,158.7,155.89,156.15,151.74797289003294,4692505,0.0000,1.0
2025-08-26,155.92,156.695,155.34,155.97,151.57304727286865,6337977,0.0000,1.0
2025-08-27,156.15,157.125,155.79,156.96,152.53513816727232,4551219,0.0000,1.0
2025-08-28,157.0,157.01,155.03,155.65,151.26206839790987,5857727,0.0000,1.0
2025-08-29,156.09,157.555,155.6501,157.04,152.612882886012,5318179,0.0000,1.0
2025-09-02,157.36,158.86,156.98,157.99,153.53610142104583,6432837,0.0000,1.0
2025-09-03,157.65,158.635,156.495,158.17,153.71102703821012,6508452,0.0000,1.0
2025-09-04,158.52,159.75,157.81,159.19,154.70227220214116,6935245,0.0000,1.0
2025-09-05,158.55,160.56,158.41,160.02,155.50887365906547,6436150,0.0000,1.0
2025-09-08,159.61,160.27,158.25,159.01,154.52734658497687,7178356,0.0000,1.0
2025-09-09,158.61,159.865,158.195,159.46,154.96466062788764,4984936,0.0000,1.0
2025-09-10,158.595,158.94,155.89,157.35,152.9141436711283,6205463,0.0000,1.0
2025-09-11,157.72,159.35,157.39,158.63,154.15805917096333,5819875,0.0000,1.0
2025-09-12,157.93,159.13,157.78,157.9,153.44863861246367,5957021,0.0000,1.0
2025-09-15,157.88,158.52,156.2,156.83,152.40880299932033,5994966,0.0000,1.0
2025-09-16,157.135,158.39,156.89,158.05,153.5944099601006,6559608,0.0000,1.0
2025-09-17,158.425,161.67,158.425,160.33,155.81013444418176,6764169,0.0000,1.0
2025-09-18,158.15,159.0242,157.16,157.32,152.8849894016009,7651487,0.0000,1.0
2025-09-19,157.61,157.62,155.97,156.04,151.64107390176585,17224774,0.0000,1.0
2025-09-22,156.08,156.08,153.05,153.07,148.75480121855486,8712910,0.0000,1.0
2025-09-23,153.195,153.295,150.97,152.5,148.20087009753456,8853418,0.0000,1.0
2025-09-24,152.05,153.63,151.79,152.42,148.12312537879487,6483264,0.0000,1.0
2025-09-25,153.23,153.88,151.78,152.15,147.86073695304844,7511415,0.0000,1.0
2025-09-26,152.23,152.68,151.53,152.5,148.20087009753456,5721092,0.0000,1.0
2025-09-29,152.42,153.716,151.7852,153.53,149.2018333513081,8139711,0.0000,1.0
2025-09-30,153.46,154.38,152.84,153.65,149.31845042941762,7762609,0.0000,1.0
2025-10-01,153.695,153.89,151.41,153.18,148.86170020682195,7566014,0.0000,1.0
2025-10-02,152.72,152.8,151.625,152.05,147.76355605462382,6892089,0.0000,1.0
2025-10-03,152.0,153.43,152.0,152.27,147.97735403115797,5212584,0.0000,1.0
2025-10-06,151.5,152.32,150.4,150.41,146.16978932046015,6736960,0.0000,1.0
2025-10-07,150.76,153.17,150.05,152.54,148.23974245690442,6844361,0.0000,1.0
2025-10-08,152.79,152.79,150.63,150.69,146.44189583604907,5254728,0.0000,1.0
2025-10-09,150.74,150.87,149.58,150.58,146.334996847782,6134461,0.0000,1.0
2025-10-10,150.935,151.515,149.45,149.69,145.47008685180296,7374046,0.0000,1.0
2025-10-13,149.0,149.4299,146.965,147.49,143.3321070864615,7511103,0.0000,1.0
2025-10-14,147.57,149.25,147.0802,149.16,144.9550280901525,8585346,0.0000,1.0
2025-10-15,148.525,149.4113,147.27,147.42,143.26408045756423,10003073,0.0000,1.0
2025-10-16,148.01,150.4,147.92,149.6,145.3826240432208,8809673,0.0000,1.0
2025-10-17,150.57,152.03,150.43,151.4,147.13188021486383,8612894,0.0000,1.0
2025-10-20,151.59,152.39,151.298153,151.96,147.67609324604166,5601287,0.0000,1.0
2025-10-21,151.96,152.28,150.87,151.62,147.34567819139798,6013379,0.0000,1.0
2025-10-22,151.3,153.455,150.785,152.2,147.90932740226071,6394378,0.0000,1.0
2025-10-23,152.35,153.3,150.58,152.21,147.9190454921032,8205353,0.0000,1.0
2025-10-24,156.4,157.4,151.53,152.49,149.21815974224344,11968491,1.0568,1.0
2025-10-27,151.61,151.76,150.13,151.74,148.48425181512243,7775323,0.0000,1.0
2025-10-28,151.12,153.165,150.62,151.37,148.12219057107606,5819257,0.0000,1.0
2025-10-29,150.66,150.97,148.47,148.77,145.57797642372324,7405466,0.0000,1.0
2025-10-30,149.47,150.8,149.34,149.58,146.37059698501392,6760702,0.0000,1.0
2025-10-31,148.71,151.1,148.53,150.37,147.14364666824804,7930334,0.0000,1.0
2025-11-03,150.095,150.22,147.77,148.02,144.84406849660223,8946383,0.0000,1.0
2025-11-04,148.595,149.5,146.25,147.17,144.0123061791984,9295449,0.0000,1.0
2025-11-05,146.87,147.42,145.65,145.79,142.66191559329576,10996812,0.0000,1.0
2025-11-06,145.88,146.68,144.46,146.13,142.99462052025729,10024549,0.0000,1.0
2025-11-07,146.95,147.94,146.0,146.98,143.82638283766107,8500097,0.0000,1.0
2025-11-10,146.38,146.62,144.09,145.5,142.37813786147564,10208085,0.0000,1.0
2025-11-11,145.955,148.65,145.67,148.54,145.35291132607279,7332540,0.0000,1.0
2025-11-12,148.53,149.15,147.51,148.01,144.83428305757394,7851052,0.0000,1.0
2025-11-13,148.18,149.0,147.64,147.96,144.78535586243254,7566789,0.0000,1.0
2025-11-14,149.1,149.38,147.61,147.67,144.50157813061242,9151066,0.0000,1.0
2025-11-17,147.75,147.98,145.01,145.82,142.69127191038058,9902310,0.0000,1.0
2025-11-18,146.325,147.39,145.51,146.99,143.83616827668936,10735177,0.0000,1.0
2025-11-19,146.96,147.54,145.86,146.99,143.83616827668936,6367038,0.0000,1.0
2025-11-20,146.64,148.655,146.13,148.19,145.01042096008297,9021325,0.0000,1.0
2025-11-21,148.38,151.5,148.3032,150.92,147.68184581480344,12017986,0.0000,1.0
2025-11-24,150.1,150.41,146.54,146.98,143.82638283766107,13846906,0.0000,1.0
2025-11-25,147.32,148.65,147.22,148.49,145.30398413093138,10477661,0.0000,1.0
2025-11-26,147.92,148.97,147.605,148.25,145.06913359425266,9238450,0.0000,1.0
2025-11-28,147.8,148.71,147.18,148.16,144.98106464299815,4707161,0.0000,1.0
2025-12-01,148.1,148.89,147.35,147.44,144.27651303296196,8240689,0.0000,1.0
2025-12-02,145.29,146.19,142.51,145.86,142.73041366649372,16376769,0.0000,1.0
2025-12-03,145.915,148.29,145.86,146.71,143.56217598389753,9125320,0.0000,1.0
2025-12-04,146.67,147.42,144.5,145.36,142.24114171507972,10479267,0.0000,1.0
2025-12-05,145.16,145.63,143.25,143.45,140.3721228606782,12791745,0.0000,1.0
2025-12-08,142.905,142.905,138.14,138.34,135.37176351722707,17291012,0.0000,1.0
2025-12-09,139.19,140.88,139.0,139.63,136.6340851518752,10354012,0.0000,1.0
2025-12-10,139.65,141.28,139.54,139.82,136.82000849341253,13650378,0.0000,1.0
2025-12-11,141.0,141.84,140.355,140.76,137.73983976207086,11797981,0.0000,1.0
2025-12-12,141.0,143.11,140.835,142.84,139.77521107995312,10268768,0.0000,1.0
2025-12-15,143.27,145.315,143.2,145.13,142.01607661742926,13877674,0.0000,1.0
2025-12-16,146.1,146.54,144.65,145.21,142.0943601296555,10251720,0.0000,1.0
2025-12-17,146.69,148.45,146.45,147.81,144.63857427700833,9833261,0.0000,1.0
2025-12-18,146.62,147.5,145.35,145.52,142.3977087395322,12239860,0.0000,1.0
2025-12-19,145.505,146.047552,143.94,144.46,141.3604522025345,19345622,0.0000,1.0
2025-12-22,143.705,144.395,142.42,142.69,139.62842949452892,11731360,0.0000,1.0
2025-12-23,142.49,143.73,142.08,143.18,140.10791600691465,9541563,0.0000,1.0
2025-12-24,142.9,144.74,142.83,144.49,141.38980851961935,3259209,0.0000,1.0
2025-12-26,144.31,145.64,144.31,144.74,141.63444449532636,4711505,0.0000,1.0
2025-12-29,144.8,145.07,143.945,144.57,141.46809203184557,7662127,0.0000,1.0
2025-12-30,144.29,144.46,143.57,144.05,140.95924920237502,6006432,0.0000,1.0
2025-12-31,144.0,144.135,143.23,143.31,140.2351267142823,5293220,0.0000,1.0
2026-01-02,143.11,143.34,141.24,141.79,138.7477399819837,8946091,0.0000,1.0
2026-01-05,141.1,141.35,139.6001,140.37,137.35820763996793,12297334,0.0000,1.0
2026-01-06,140.39,141.42,139.51,139.91,136.90807744466704,10421756,0.0000,1.0
2026-01-07,139.8,139.8,137.62,138.04,135.07820034637865,14369142,0.0000,1.0
2026-01-08,137.89,141.78,137.82,141.53,138.49331856724842,9297080,0.0000,1.0
2026-01-09,141.7,142.33,140.83,141.87,138.82602349420995,9528476,0.0000,1.0
2026-01-12,142.28,143.88,141.7124,143.46,140.3819082997065,12812014,0.0000,1.0
2026-01-13,144.0,144.34,142.97,144.24,141.14517254391234,15549150,0.0000,1.0
2026-01-14,144.68,146.9,144.37,146.35,143.20990017887942,13474983,0.0000,1.0
2026-01-15,145.68,146.35,144.35,144.63,141.52680466601527,10102757,0.0000,1.0
2026-01-16,143.76,144.73,143.655,144.53,141.42895027573246,11729334,0.0000,1.0
2026-01-20,144.46,147.0,144.12,147.0,143.84595371571766,12647663,0.0000,1.0
2026-01-21,147.06,147.37,144.97,146.06,142.92612244705933,14126814,0.0000,1.0
2026-01-22,148.08,150.91,147.5,149.93,146.71308735100374,18501854,0.0000,1.0
2026-01-23,150.84,151.645,149.8,150.15,147.96249220613453,14562626,1.0568,1.0
2026-01-26,150.115,150.88,148.52,149.49,147.31210762500865,12655663,0.0000,1.0
2026-01-27,148.07,149.64,147.925,148.34,146.178861763956,9540687,0.0000,1.0
2026-01-28,148.0,148.71,146.79,147.34,145.19343058043196,7465812,0.0000,1.0
2026-01-29,147.29,150.13,147.113,149.9,147.71613441025352,11035563,0.0000,1.0
2026-01-30,150.43,151.97,149.145,151.77,149.55889072344345,12651426,0.0000,1.0
2026-02-02,152.42,153.725,151.25,153.19,150.9582030040476,10554872,0.0000,1.0
2026-02-03,152.59,156.53,152.2,155.32,153.0571714249538,12389999,0.0000,1.0
2026-02-04,156.125,158.37,155.76,156.87,154.58458975941608,12178463,0.0000,1.0
2026-02-05,158.84,159.645,156.12,158.61,156.2992400187479,13077657,0.0000,1.0
2026-02-06,158.24,159.99,158.01,159.17,156.85108148152133,10441737,0.0000,1.0
2026-02-09,158.76,159.28,156.02,157.33,155.03788810383713,11439942,0.0000,1.0
2026-02-10,157.53,160.15,156.72,159.08,156.7623926750042,9910099,0.0000,1.0
2026-02-11,158.64,161.14,158.19,160.0,157.6689893638463,10217309,0.0000,1.0
2026-02-12,160.02,163.14,159.65,161.21,158.8613610959104,13512862,0.0000,1.0
2026-02-13,161.74,162.57,159.705,160.07,157.73796954669297,13999208,0.0000,1.0
2026-02-17,159.95,162.17,158.88,159.55,157.2255453312605,13319135,0.0000,1.0
2026-02-18,158.98,158.98,155.77,156.86,154.57473544758082,14434308,0.0000,1.0
2026-02-19,156.825,159.96,156.825,158.56,156.24996845957168,10724558,0.0000,1.0
2026-02-20,159.125,161.06,158.16,160.78,158.43762568699506,11508133,0.0000,1.0
2026-02-23,160.32,165.36,160.3,165.17,162.76366858266556,14772449,0.0000,1.0
2026-02-24,164.9,166.87,163.94,165.28,162.87206601285322,9709847,0.0000,1.0
2026-02-25,164.54,165.0,162.1,163.39,161.00960107599278,7878458,0.0000,1.0
2026-02-26,164.22,164.5,162.86,163.75,161.36435630206145,7028558,0.0000,1.0
2026-02-27,164.04,167.25,163.685,167.2,164.76409388521938,14878484,0.0000,1.0
2026-03-02,165.29,166.545,163.45,163.51,161.12785281801567,9095500,0.0000,1.0
2026-03-03,162.19,162.19,158.62,159.72,157.39306863245957,10161002,0.0000,1.0
2026-03-04,159.44,159.61,157.31,158.3,155.99375635185544,8752716,0.0000,1.0
2026-03-05,156.935,157.1,153.77,153.99,151.74654795086684,10060314,0.0000,1.0
2026-03-06,153.66,154.43,151.89,153.63,151.39179272479817,8187905,0.0000,1.0
2026-03-09,153.15,156.23,152.9,155.22,152.95862830660138,12494929,0.0000,1.0
2026-03-10,155.49,157.15,153.6,156.01,153.73711894158538,7756771,0.0000,1.0
2026-03-11,155.23,155.38,151.43,153.32,151.0863090579057,8857194,0.0000,1.0
2026-03-12,152.21,153.045,150.33,150.5,148.30739312036792,8489278,0.0000,1.0
2026-03-13,151.37,152.55,150.18,150.65,148.45520779789655,7298896,0.0000,1.0
2026-03-16,151.86,152.6386,150.65,152.12,149.90379163767687,6944219,0.0000,1.0
2026-03-17,153.01,153.46,151.2,151.48,149.27311568022148,6147692,0.0000,1.0
2026-03-18,149.305,149.6199,146.46,146.71,144.57260893481183,10059257,0.0000,1.0
2026-03-19,146.22,147.38,144.79,144.84,142.72985262162186,10340333,0.0000,1.0
2026-03-20,144.99,145.82,144.25,144.28,142.1780111588484,60620861,0.0000,1.0
2026-03-23,146.15,146.15,143.48,143.99,141.89223611562645,10315584,0.0000,1.0
2026-03-24,143.33,145.23,142.2255,143.16,141.0743282333015,8567608,0.0000,1.0
2026-03-25,143.74,144.1,142.225,143.92,141.82325593277974,8418089,0.0000,1.0
2026-03-26,143.69,144.57,142.235,142.42,140.34510915749368,6443158,0.0000,1.0
2026-03-27,142.72,144.0796,142.01,142.71,140.63088420071566,11558266,0.0000,1.0
2026-03-30,143.04,145.57,142.57,144.72,142.61160087959897,11616291,0.0000,1.0
2026-03-31,144.82,144.92,142.28,144.44,142.33568014821225,10407548,0.0000,1.0
2026-04-01,143.92,144.97,143.21,144.09,141.99077923397883,8061652,0.0000,1.0
2026-04-02,144.09,144.21,142.58,143.12,141.03491098596052,5941663,0.0000,1.0
2026-04-06,143.01,143.67,141.92,142.77,140.6900100717271,6823103,0.0000,1.0
2026-04-07,142.52,142.77,140.74,141.3,139.24142623194678,7207503,0.0000,1.0
2026-04-08,143.15,145.11,141.87,144.9,142.7889784926333,10849670,0.0000,1.0
2026-04-09,144.39,146.94,143.0,146.66,144.5233373756356,6794840,0.0000,1.0
2026-04-10,146.885,146.885,144.7624,145.16,143.04519060034954,9790295,0.0000,1.0
2026-04-13,145.0,145.09,142.63,143.58,141.48820933038158,7121405,0.0000,1.0
2026-04-14,143.24,144.715,142.77,144.38,142.2765542772008,6621561,0.0000,1.0
2026-04-15,144.36,144.4031,142.26,143.38,141.29112309367676,7698188,0.0000,1.0
2026-04-16,143.2,144.29,142.66,143.11,141.0250566741253,6947144,0.0000,1.0
2026-04-17,143.41,147.59,143.16,146.93,144.78940379518713,10886017,0.0000,1.0
2026-04-20,146.06,146.66,143.59,144.49,142.38495170738847,8084743,0.0000,1.0
2026-04-21,144.62,144.62,142.32,142.32,140.24656603914127,11197205,0.0000,1.0
2026-04-22,142.495,143.3,142.22,142.85,140.76884456640903,7236304,0.0000,1.0
2026-04-23,143.395,146.23,143.395,145.71,143.58717775128778,11288762,0.0000,1.0
2026-04-24,152.01,152.42,147.62,148.18,147.09383461785808,13786243,1.0885,1.0
2026-04-27,147.42,149.7,147.42,148.4,147.3122220089765,9166393,0.0000,1.0
2026-04-28,150.03,151.185,148.43,149.17,148.076577877891,7965681,0.0000,1.0
2026-04-29,148.3,148.75,145.89,146.46,145.38644228729584,9002422,0.0000,1.0
2026-04-30,147.09,147.7228,145.95,147.09,146.01182436186224,9491704,0.0000,1.0
2026-05-01,147.87,149.28,146.46,147.26,146.18057825499918,6814828,0.0000,1.0
2026-05-04,146.06,146.06,143.27,143.42,142.36872561002298,9642763,0.0000,1.0
2026-05-05,143.38,145.898,142.18,144.9,143.83787715027424,7664267,0.0000,1.0
2026-05-06,146.4,148.95,145.94,147.9,146.8158870291619,9399519,0.0000,1.0
2026-05-07,147.99,147.99,146.015,146.06,144.98937430344412,9545761,0.0000,1.0
2026-05-08,146.55,147.515,146.21,146.42,145.34673548891064,5740971,0.0000,1.0
2026-05-11,145.79,145.945,141.97,143.36,142.30916541244525,7489537,0.0000,1.0
2026-05-12,144.35,145.855,142.86,143.91,142.8551338902413,9051215,0.0000,1.0
2026-05-13,143.15,144.67,141.66,142.24,141.1973750576605,6685871,0.0000,1.0
2026-05-14,143.18,144.28,142.63,142.71,141.66392993868624,9636209,0.0000,1.0
2026-05-15,143.4,143.4,141.2,141.57,140.5322861847089,6989372,0.0000,1.0
2026-05-18,142.1,144.43,141.63,142.39,141.34627555160486,7731165,0.0000,1.0
2026-05-19,142.47,143.705,140.85,141.3,140.26426529560905,8355788,0.0000,1.0
2026-05-20,141.45,143.22,140.62,142.44,141.39590904958635,8274606,0.0000,1.0
2026-05-21,141.88,143.72,140.09,143.4,142.3488722108304,6297289,0.0000,1.0
2026-05-22,143.87,144.64,143.5324,144.44,143.3812489688448,4618184,0.0000,1.0
2026-05-26,144.51,145.61,142.53,142.96,141.91209742859354,8161742,0.0000,1.0
2026-05-27,143.46,148.5399,143.46,147.49,146.40889234571392,10049829,0.0000,1.0
2026-05-28,146.7,146.7,145.0139,145.91,144.84047380949974,10200882,0.0000,1.0
2026-05-29,145.52,145.635,143.2,143.56,142.50769940437107,12359906,0.0000,1.0
2026-06-01,141.52,141.82,138.86,140.28,139.25174193678723,11093789,0.0000,1.0
2026-06-02,140.115,141.115,139.03,140.82,139.787783714987,9599450,0.0000,1.0
2026-06-03,140.93,142.45,140.0,140.19,139.1624016404206,9351044,0.0000,1.0
2026-06-04,142.7007,143.14,139.89,140.78,139.74807691660183,8193955,0.0000,1.0
2026-06-05,142.22,148.23,141.8,146.54,145.46585588406614,10963204,0.0000,1.0
2026-06-08,145.79,146.55,145.015,145.1,144.03641114220008,7200679,0.0000,1.0
2026-06-09,144.67,149.4796,144.53,148.67,147.5802428980764,8259310,0.0000,1.0
2026-06-10,149.91,150.43,148.38,149.05,147.95745748273552,7345886,0.0000,1.0
2026-06-11,148.7,149.6199,147.77,148.34,147.25266181139875,6684664,0.0000,1.0
2026-06-12,149.38,150.2,148.3,149.61,148.51335266012788,6832001,0.0000,1.0
2026-06-15,148.76,151.5,148.76,150.46,149.3571221258127,9158900,0.0000,1.0
2026-06-16,151.51,153.02,150.55,152.49,151.37224214386003,8518945,0.0000,1.0
2026-06-17,152.38,152.935,149.77,150.56,149.45638912177563,7055832,0.0000,1.0
2026-06-18,150.87,152.29,150.18,150.38,149.27770852904237,17076435,0.0000,1.0
2026-06-22,150.105,150.89,147.57,147.68,146.59749963804347,10533003,0.0000,1.0
2026-06-23,149.66,151.37,149.37,150.86,149.75419010966442,7259577,0.0000,1.0
2026-06-24,151.99,153.3501,150.92,152.04,150.92554066202686,8618470,0.0000,1.0
2026-06-25,151.57,152.29,147.82,148.5,147.41148900493943,11202143,0.0000,1.0
2026-06-26,150.34,150.88,148.42,149.02,147.92767738394664,16724556,0.0000,1.0
2026-06-29,148.725,149.05,147.04,148.45,147.36185550695797,10387687,0.0000,1.0
2026-06-30,147.53,147.53,144.17,146.64,145.56512288002907,9353791,0.0000,1.0
2026-07-01,146.525,147.5,145.55,147.43,146.34933214813617,9571736,0.0000,1.0
2026-07-02,148.58,151.6653,147.735,151.41,150.30015858746046,9256703,0.0000,1.0
2026-07-06,150.68,151.22,146.96,149.31,148.21555167223912,8323139,0.0000,1.0
2026-07-07,152.66,153.49,150.61,152.75,151.63033633336363,8061360,0.0000,1.0
2026-07-08,150.96,151.07,148.35,148.4,147.3122220089765,14272270,0.0000,1.0
2026-07-09,146.77,147.656,145.6,146.85,145.7735835715512,7747987,0.0000,1.0
2026-07-10,147.1,148.59,146.71,147.04,145.96219086388075,12472967,0.0000,1.0
2026-07-13,148.08,150.045,147.11,148.37,147.28244191018763,7816074,0.0000,1.0
2026-07-14,148.37,148.7532,145.59,146.08,145.00922770263674,7668081,0.0000,1.0
2026-07-15,145.28,148.59,144.66,148.05,146.96478752310628,6180006,0.0000,1.0
2026-07-16,149.49,151.52,148.175,151.5,150.3894988838271,6485409,0.0000,1.0
2026-07-17,152.86,154.32,149.31,149.98,148.88064054519066,8917388,0.0000,1.0
2026-07-20,149.56,150.1,148.43,149.13,148.03687107950583,5788262,0.0000,1.0
2026-07-21,147.86,148.41,146.88,148.1,147.01442102108774,7027580,0.0000,1.0
2026-07-22,149.5,150.46,148.815,149.13,148.03687107950583,5371217,0.0000,1.0
2026-07-23,146.14,147.61,145.59,146.97,145.89270396670673,6499248,0.0000,1.0
2026-07-24,146.45,147.99,145.4,147.41,147.41,6620893,1.0885,1.0
2026-07-27,147.85,150.245,147.85,148.63,148.63,7302441,0.0000,1.0
2026-07-28,151.5,153.68,148.52,148.88,148.88,12848768,0.0000,1.0
2026-07-29,141.38,146.38,140.2,146.1,146.1,14616804,0.0000,1.0
2026-07-30,143.76,144.45,142.25,143.96,143.96,9572624,0.0000,1.0
2026-07-31,143.51,144.7,141.46,144.49,144.49,9152630,0.0000,1.0
2026-08-03,145.85,147.15,144.26,144.97,144.97,8843619,0.0000,1.0
2026-08-04,144.04,148.25,143.79,148.01,148.01,7362261,0.0000,1.0
2026-08-05,147.845,147.845,144.66,146.8,146.8,9753275,0.0000,1.0
2026-08-06,147.82,148.5,145.45,146.97,146.97,8767101,0.0000,1.0
2026-08-07,144.9,146.0,143.88,145.79,145.79,7565510,0.0000,1.0
2026-08-10,144.73,146.46,144.15,146.44,146.44,7386477,0.0000,1.0
2026-08-11,145.41,145.71,143.93,145.21,145.21,7936743,0.0000,1.0
2026-08-12,144.05,144.94,143.79,144.08,144.08,7195332,0.0000,1.0
2026-08-13,144.59,145.8,143.995,144.26,144.26,7491276,0.0000,1.0
2026-08-14,144.325,144.905,143.415,144.55,144.55,7249856,0.0000,1.0
2026-08-17,143.64,143.97,142.48,143.12,143.12,9867533,0.0000,1.0
2026-08-18,143.28,144.4208,142.68,143.45,143.45,12746056,0.0000,1.0
2026-08-19,144.3,146.225,143.62,144.38,144.38,13948526,0.0000,1.0
2026-08-20,144.47,144.92,142.56,142.97,142.97,15794058,0.0000,1.0
2026-08-21,143.02,145.27,142.14,144.68,144.68,9788712,0.0000,1.0
2026-08-24,145.24,146.796,145.0,146.6,146.6,7063344,0.0000,1.0
2026-08-25,145.73,146.12,144.95,145.4,145.4,9126859,0.0000,1.0
2026-08-26,145.28,145.9316,144.5,145.0,145.0,8253021,0.0000,1.0
2026-08-27,143.7,144.1499,142.71,143.14,143.14,7817173,0.0000,1.0
2026-08-28,143.25,144.4,143.01,143.78,143.78,5870682,0.0000,1.0
2026-08-31,143.44,145.9,142.5,145.12,145.12,12100702,0.0000,1.0
2026-09-01,145.76,148.359,145.0928,146.21,146.21,8504281,0.0000,1.0
2026-09-02,146.42,148.32,145.79,147.64,147.64,7431842,0.0000,1.0
2026-09-03,147.68,148.22,146.5,146.92,146.92,6108823,0.0000,1.0
2026-09-04,146.47,147.15,145.815,146.44,146.44,5589142,0.0000,1.0
2026-09-08,145.595,146.16,144.3,145.58,145.58,8328442,0.0000,1.0
2026-09-09,144.16,144.47,142.34,142.64,142.64,9270917,0.0000,1.0
2026-09-10,142.6,143.51,141.86,142.97,142.97,10928855,0.0000,1.0
2026-09-11,143.715,145.49,143.5501,145.27,145.27,11531746,0.0000,1.0
2026-09-14,146.38,147.72,145.75,146.13,146.13,8704946,0.0000,1.0
2026-09-15,144.78,147.22,143.92,146.67,146.67,8804854,0.0000,1.0
2026-09-16,146.83,148.23,146.5,147.02,147.02,6950599,0.0000,1.0
2026-09-17,147.59,147.78,146.35,147.55,147.55,6742160,0.0000,1.0
2026-09-18,146.14,146.695,145.51,146.35,146.35,12797750,0.0000,1.0
