date,open,high,low,close,adj_close,volume,dividend,split
1999-11-01,55.81,55.88,53.69,54.13,7.9931433291780065,760300,0.0000,1.0
1999-11-02,53.88,54.88,53.69,54.0,7.973946790608024,441600,0.0000,1.0
1999-11-03,53.75,53.88,52.5,52.75,7.7893646889735795,594200,0.0000,1.0
1999-11-04,52.94,52.94,52.5,52.69,7.780504748095125,611800,0.0000,1.0
1999-11-05,53.0,53.19,51.81,52.06,7.6874753688713655,728900,0.0000,1.0
1999-11-08,52.06,53.31,52.06,53.31,7.872057470505811,375300,0.0000,1.0
1999-11-09,55.0,55.0,52.94,53.13,7.84547764787045,607000,0.0000,1.0
1999-11-10,53.06,53.44,51.63,52.19,7.706671907441347,566800,0.0000,1.0
1999-11-11,52.19,52.44,51.0,51.69,7.632839066787569,464700,0.0000,1.0
1999-11-12,51.94,52.5,51.69,52.5,7.75244826864669,582700,0.0000,1.0
1999-11-15,52.25,53.0,52.19,52.63,7.771644807216672,649500,0.0000,1.0
1999-11-16,52.56,53.19,52.06,53.06,7.835141050178922,464700,0.0000,1.0
1999-11-17,53.06,53.06,51.56,51.63,7.623979125909116,896600,0.0000,1.0
1999-11-18,51.63,52.0,51.38,51.44,7.59592264646068,528900,0.0000,1.0
1999-11-19,51.38,51.5,50.0,50.06,7.392144006256253,464100,0.0000,1.0
1999-11-22,49.75,49.75,48.63,48.75,7.198701963743355,1041300,0.0000,1.0
1999-11-23,48.88,49.56,48.44,49.19,7.26367486351868,556500,0.0000,1.0
1999-11-24,49.13,49.25,48.56,48.81,7.207561904621809,528400,0.0000,1.0
1999-11-26,48.69,48.94,48.38,48.69,7.189842022864902,153400,0.0000,1.0
1999-11-29,48.56,48.63,47.25,47.38,6.996399980352003,567700,0.0000,1.0
1999-11-30,47.44,47.69,47.06,47.06,6.949146962333586,825100,0.0000,1.0
1999-12-01,47.0,47.19,46.69,46.69,6.894510660249789,674000,0.0000,1.0
1999-12-02,46.94,47.0,46.13,46.19,6.820677819596011,706400,0.0000,1.0
1999-12-03,46.0,46.81,45.75,46.75,6.903370601128243,918700,0.0000,1.0
1999-12-06,46.31,46.81,46.0,46.81,6.941763678268209,554800,0.2000,1.0
1999-12-07,46.63,47.0,45.25,45.31,6.71931878364308,719300,0.0000,1.0
1999-12-08,45.75,46.44,45.5,46.06,6.830541230955644,742100,0.0000,1.0
1999-12-09,46.06,46.06,44.63,44.94,6.66444904296888,701500,0.0000,1.0
1999-12-10,44.81,44.88,44.5,44.56,6.608096336330514,485600,0.0000,1.0
1999-12-13,44.38,44.5,44.0,44.3,6.569539221262158,727400,0.0000,1.0
1999-12-14,43.63,44.25,43.38,43.69,6.479078297447939,757900,0.0000,1.0
1999-12-15,43.88,43.94,42.88,43.63,6.470180501662934,1633600,0.0000,1.0
1999-12-16,43.75,43.94,43.38,43.81,6.49687388901795,860300,0.0000,1.0
1999-12-17,44.31,44.31,44.31,44.31,6.571022187226326,907200,0.0000,1.0
1999-12-20,45.0,45.13,42.5,42.63,6.321883905246181,999300,0.0000,1.0
1999-12-21,42.63,42.63,39.0,40.63,6.0252907124126756,2038600,0.0000,1.0
1999-12-22,40.5,40.63,40.0,40.63,6.0252907124126756,1246200,0.0000,1.0
1999-12-23,41.13,42.44,41.13,41.94,6.219559253718621,797200,0.0000,1.0
1999-12-27,41.81,42.25,41.75,42.0,6.228457049503627,957000,0.0000,1.0
1999-12-28,42.25,43.69,42.06,42.88,6.35895805435037,907300,0.0000,1.0
1999-12-29,43.19,43.63,43.19,43.5,6.450901944128756,649100,0.0000,1.0
1999-12-30,43.63,43.63,42.56,43.06,6.385651441705385,569600,0.0000,1.0
1999-12-31,43.06,43.88,42.56,43.69,6.479078297447939,345800,0.0000,1.0
2000-01-03,43.06,43.06,43.06,43.06,6.385651441705385,1025300,0.0000,1.0
2000-01-04,43.06,43.38,42.63,43.0,6.376753645920379,1216300,0.0000,1.0
2000-01-05,43.0,43.75,42.94,43.25,6.4138277950245675,894900,0.0000,1.0
2000-01-06,43.0,46.0,43.0,45.63,6.7667736944964405,1554000,0.0000,1.0
2000-01-07,45.63,45.69,44.63,45.31,6.71931878364308,814000,0.0000,1.0
2000-01-10,46.38,46.75,45.5,46.38,6.877996141809005,1077900,0.0000,1.0
2000-01-11,46.25,47.19,46.25,46.75,6.9328658824832035,596000,0.0000,1.0
2000-01-12,46.5,46.81,45.63,45.81,6.793467081851456,574700,0.0000,1.0
2000-01-13,45.81,47.63,45.38,46.63,6.915070290913193,773100,0.0000,1.0
2000-01-14,46.75,46.94,45.69,46.06,6.830541230955644,608900,0.0000,1.0
2000-01-18,45.56,45.88,44.25,44.38,6.581402948975499,741900,0.0000,1.0
2000-01-19,43.13,43.69,42.25,43.63,6.470180501662934,1442900,0.0000,1.0
2000-01-20,44.25,44.81,40.88,42.0,6.228457049503627,2017700,0.0000,1.0
2000-01-21,42.56,44.19,42.5,43.75,6.487976093232944,1276300,0.0000,1.0
2000-01-24,43.81,44.25,42.38,42.44,6.293707551926998,751000,0.0000,1.0
2000-01-25,42.44,42.69,40.0,40.94,6.071262657301868,1264200,0.0000,1.0
2000-01-26,41.0,41.81,39.94,41.81,6.200280696184444,962300,0.0000,1.0
2000-01-27,42.0,42.0,40.06,40.25,5.968938005774309,917600,0.0000,1.0
2000-01-28,40.31,41.31,39.75,40.63,6.0252907124126756,897600,0.0000,1.0
2000-01-31,40.63,41.13,39.81,40.25,5.968938005774309,920600,0.0000,1.0
2000-02-01,40.0,40.38,39.5,40.31,5.977835801559314,703300,0.0000,1.0
2000-02-02,40.12,40.25,38.62,38.75,5.746493111149179,1055100,0.0000,1.0
2000-02-03,39.25,39.56,39.0,39.31,5.829539205142561,900200,0.0000,1.0
2000-02-04,39.75,40.88,39.75,40.31,5.977835801559314,1159300,0.0000,1.0
2000-02-07,40.25,40.5,39.5,39.69,5.885891911780926,727800,0.0000,1.0
2000-02-08,39.94,40.0,38.63,38.75,5.746493111149179,918800,0.0000,1.0
2000-02-09,39.25,40.63,38.81,38.94,5.774669464468362,1216400,0.0000,1.0
2000-02-10,38.94,38.94,35.88,37.06,5.495871863204867,2084900,0.0000,1.0
2000-02-11,37.13,37.38,36.63,36.75,5.4498999183156736,891400,0.0000,1.0
2000-02-14,37.25,38.0,36.88,38.0,5.635270663836614,1094400,0.0000,1.0
2000-02-15,38.5,38.81,37.75,38.81,5.755390906934185,1812700,0.0000,1.0
2000-02-16,39.0,39.38,37.0,37.38,5.543326774058228,1283600,0.0000,1.0
2000-02-17,37.5,38.0,36.75,37.88,5.617475072266604,773400,0.0000,1.0
2000-02-18,38.0,38.25,37.75,37.75,5.598196514732426,851700,0.0000,1.0
2000-02-22,37.94,39.38,37.88,38.81,5.755390906934185,778300,0.0000,1.0
2000-02-23,38.81,39.38,38.75,39.31,5.829539205142561,1010700,0.0000,1.0
2000-02-24,39.5,39.56,36.25,37.25,5.52404821652405,1776200,0.0000,1.0
2000-02-25,37.25,37.5,36.56,37.44,5.552224569843232,759500,0.0000,1.0
2000-02-28,37.44,38.75,36.81,38.5,5.709418962044991,800800,0.0000,1.0
2000-02-29,38.44,38.81,37.94,38.0,5.635270663836614,854300,0.0000,1.0
2000-03-01,38.13,38.63,38.0,38.25,5.6723448129408025,1653000,0.0000,1.0
2000-03-02,38.19,38.19,37.38,37.81,5.607094310517431,898300,0.0000,1.0
2000-03-03,37.75,40.0,37.56,39.38,5.839919966891734,1407900,0.0000,1.0
2000-03-06,39.13,39.13,37.31,37.75,5.598196514732426,772500,0.0000,1.0
2000-03-07,37.25,37.5,35.69,36.0,5.338677471003108,1314100,0.0000,1.0
2000-03-08,36.5,37.06,36.25,36.31,5.384649415892302,1179500,0.0000,1.0
2000-03-09,36.5,36.5,34.56,35.94,5.329779675218103,1568900,0.0000,1.0
2000-03-10,35.69,36.25,34.88,35.06,5.199278670371361,1628300,0.0000,1.0
2000-03-13,34.94,35.25,34.25,35.25,5.257114342973894,895500,0.2000,1.0
2000-03-14,35.5,35.5,34.88,35.25,5.257114342973894,864300,0.0000,1.0
2000-03-15,35.13,37.38,35.13,37.38,5.574778273485509,976300,0.0000,1.0
2000-03-16,37.81,39.81,37.19,39.81,5.93718360266073,1750800,0.0000,1.0
2000-03-17,40.0,40.63,39.75,40.25,6.002804320700688,1136700,0.0000,1.0
2000-03-20,40.44,40.69,37.69,38.25,5.70452832960997,1008100,0.0000,1.0
2000-03-21,37.75,40.13,37.75,40.0,5.965519821814349,1209400,0.0000,1.0
2000-03-22,40.25,40.44,38.31,38.63,5.761200767917207,987400,0.0000,1.0
2000-03-23,38.0,38.75,37.63,38.69,5.7701490476499275,745500,0.0000,1.0
2000-03-24,38.56,38.88,37.75,38.12,5.685140390189074,719500,0.0000,1.0
2000-03-27,38.0,38.88,38.0,38.69,5.7701490476499275,558200,0.0000,1.0
2000-03-28,38.38,38.69,37.0,37.19,5.54644205433189,825100,0.0000,1.0
2000-03-29,37.19,37.88,37.0,37.88,5.649347271258188,780600,0.0000,1.0
2000-03-30,38.0,38.0,37.0,37.19,5.54644205433189,710100,0.0000,1.0
2000-03-31,37.44,39.13,37.25,39.13,5.835769765689887,973300,0.0000,1.0
2000-04-03,39.13,39.13,38.63,38.75,5.77909732738265,1120000,0.0000,1.0
2000-04-04,38.88,39.31,37.56,38.69,5.7701490476499275,911100,0.0000,1.0
2000-04-05,38.75,41.0,38.69,41.0,6.114657817359707,1186200,0.0000,1.0
2000-04-06,41.0,42.38,40.88,41.25,6.151942316246046,1458900,0.0000,1.0
2000-04-07,41.13,41.13,39.69,40.75,6.077373318473367,808900,0.0000,1.0
2000-04-10,40.5,42.31,40.44,41.63,6.208614754553283,773300,0.0000,1.0
2000-04-11,41.63,43.25,41.63,43.13,6.432321747871321,896700,0.0000,1.0
2000-04-12,43.13,44.06,42.44,43.81,6.533735584842165,1380400,0.0000,1.0
2000-04-13,43.69,43.75,42.06,42.81,6.384597589296806,856800,0.0000,1.0
2000-04-14,42.69,42.69,40.75,41.06,6.123606097092429,879400,0.0000,1.0
2000-04-17,41.06,41.63,39.81,39.81,5.93718360266073,1112000,0.0000,1.0
2000-04-18,39.88,40.63,39.81,40.5,6.0400888195870275,621200,0.0000,1.0
2000-04-19,40.75,41.56,40.0,40.31,6.01175260043341,771900,0.0000,1.0
2000-04-20,40.63,41.31,40.06,41.31,6.160890595978769,858000,0.0000,1.0
2000-04-24,41.25,42.88,41.25,42.06,6.2727440926377875,658800,0.0000,1.0
2000-04-25,42.0,44.88,42.0,43.81,6.533735584842165,1442000,0.0000,1.0
2000-04-26,45.13,46.31,44.81,45.44,6.776830517581099,1585400,0.0000,1.0
2000-04-27,45.0,45.25,42.75,42.88,6.395037248984981,1092700,0.0000,1.0
2000-04-28,43.19,43.19,41.25,42.13,6.283183752325963,947700,0.0000,1.0
2000-05-01,41.88,43.38,41.69,42.94,6.403985528717702,1144100,0.0000,1.0
2000-05-02,42.38,42.88,41.31,41.75,6.226511314018726,814900,0.0000,1.0
2000-05-03,41.25,42.56,40.81,41.5,6.189226815132386,550800,0.0000,1.0
2000-05-04,41.75,41.75,40.56,40.56,6.049037099319749,653200,0.0000,1.0
2000-05-05,40.63,42.5,40.63,42.31,6.310028591524127,495600,0.0000,1.0
2000-05-08,42.06,42.63,42.0,42.63,6.357752750098642,394100,0.0000,1.0
2000-05-09,42.63,44.0,42.56,43.44,6.478554526490382,738100,0.0000,1.0
2000-05-10,43.19,43.81,42.56,42.88,6.395037248984981,411400,0.0000,1.0
2000-05-11,43.25,43.56,42.56,43.06,6.421882088183146,368900,0.0000,1.0
2000-05-12,43.63,43.81,43.06,43.71,6.518821785287629,689800,0.0000,1.0
2000-05-15,43.75,44.19,43.5,43.75,6.524787305109443,481800,0.0000,1.0
2000-05-16,43.75,44.88,43.63,44.69,6.66497702092208,509700,0.0000,1.0
2000-05-17,44.63,45.44,44.31,44.44,6.6276925220357406,543300,0.0000,1.0
2000-05-18,44.44,45.44,44.38,45.0,6.711209799541142,561400,0.0000,1.0
2000-05-19,44.75,45.56,44.06,45.38,6.7678822378483785,748700,0.0000,1.0
2000-05-22,45.13,45.5,44.13,44.31,6.608304582614845,872200,0.0000,1.0
2000-05-23,44.5,45.25,44.31,45.19,6.739546018694759,447600,0.0000,1.0
2000-05-24,45.19,45.94,44.94,45.06,6.7201580792738635,644700,0.0000,1.0
2000-05-25,44.19,44.56,43.0,43.63,6.506890745644001,788900,0.0000,1.0
2000-05-26,42.75,43.13,42.19,42.81,6.384597589296806,765600,0.0000,1.0
2000-05-30,43.38,43.88,43.19,43.38,6.469606246757661,545800,0.0000,1.0
2000-05-31,43.63,43.63,43.06,43.06,6.421882088183146,629700,0.0000,1.0
2000-06-01,42.31,43.5,42.31,43.38,6.469606246757661,746300,0.0000,1.0
2000-06-02,43.5,45.75,43.34,45.0,6.711209799541142,615900,0.0000,1.0
2000-06-05,44.88,44.88,42.88,43.38,6.469606246757661,604600,0.0000,1.0
2000-06-06,42.94,43.13,41.75,42.44,6.329416530945023,671000,0.0000,1.0
2000-06-07,42.75,43.31,42.69,43.0,6.412933808450425,623900,0.0000,1.0
2000-06-08,42.88,43.0,41.5,41.75,6.226511314018726,455300,0.0000,1.0
2000-06-09,41.75,42.38,41.69,41.94,6.254847533172343,482500,0.0000,1.0
2000-06-12,41.94,42.75,41.94,42.63,6.387580349207714,529800,0.2000,1.0
2000-06-13,42.38,42.94,41.94,42.06,6.302172870928372,732300,0.0000,1.0
2000-06-14,42.06,42.06,40.5,40.75,6.105885508567074,548100,0.0000,1.0
2000-06-15,40.75,41.44,40.0,40.19,6.021976407099649,1107700,0.0000,1.0
2000-06-16,40.25,40.56,39.44,39.63,5.938067305632225,774500,0.0000,1.0
2000-06-19,39.75,40.19,39.0,39.25,5.881128986779329,601900,0.0000,1.0
2000-06-20,39.31,39.56,39.13,39.19,5.872138725907819,595300,0.0000,1.0
2000-06-21,39.25,39.94,39.13,39.44,5.909598146205776,1192600,0.0000,1.0
2000-06-22,39.31,39.31,38.88,38.94,5.834679305609861,1170800,0.0000,1.0
2000-06-23,39.0,39.19,38.88,39.06,5.852659827352881,1004500,0.0000,1.0
2000-06-26,39.06,39.31,38.88,39.25,5.881128986779329,830900,0.0000,1.0
2000-06-27,39.38,39.56,39.13,39.31,5.890119247650839,1117600,0.0000,1.0
2000-06-28,39.44,40.56,39.44,40.47,6.063930957833361,1140800,0.0000,1.0
2000-06-29,40.5,40.88,39.56,40.0,5.993507247673201,1554300,0.0000,1.0
2000-06-30,39.88,39.88,37.13,37.19,5.572463363524158,1644300,0.0000,1.0
2000-07-03,37.44,38.63,37.44,38.25,5.731291305587499,590100,0.0000,1.0
2000-07-05,38.38,39.56,38.31,39.38,5.900607885334267,708000,0.0000,1.0
2000-07-06,39.5,40.81,39.5,40.63,6.0879049868240545,1211000,0.0000,1.0
2000-07-07,40.81,41.75,40.69,41.69,6.246732928887393,1389900,0.0000,1.0
2000-07-10,41.75,42.13,41.69,41.69,6.246732928887393,913700,0.0000,1.0
2000-07-11,41.69,42.31,41.56,42.25,6.330642030354819,580600,0.0000,1.0
2000-07-12,42.25,42.44,41.81,42.19,6.321651769483308,568300,0.0000,1.0
2000-07-13,42.19,42.19,41.0,41.0,6.143344928865031,663700,0.0000,1.0
2000-07-14,41.13,43.5,41.06,43.5,6.5179391318446065,941400,0.0000,1.0
2000-07-17,43.5,44.38,43.5,44.06,6.601848233312031,855700,0.0000,1.0
2000-07-18,44.06,44.19,43.94,43.94,6.583867711569011,812600,0.0000,1.0
2000-07-19,44.0,44.31,42.06,42.31,6.339632291226329,917400,0.0000,1.0
2000-07-20,42.38,43.13,41.88,41.94,6.284192349185351,1281700,0.0000,1.0
2000-07-21,41.94,42.06,41.44,41.63,6.237742668015884,1826600,0.0000,1.0
2000-07-24,41.63,42.0,41.0,41.19,6.1718140882914785,799000,0.0000,1.0
2000-07-25,41.25,41.31,39.56,40.0,5.993507247673201,745500,0.0000,1.0
2000-07-26,40.25,40.56,39.56,39.65,5.94106405925606,1094200,0.0000,1.0
2000-07-27,40.38,41.69,40.38,41.56,6.227254030332456,866700,0.0000,1.0
2000-07-28,42.0,43.13,41.38,42.75,6.405560870950734,888400,0.0000,1.0
2000-07-31,43.0,44.0,42.75,43.19,6.471489450675139,719700,0.0000,1.0
2000-08-01,43.19,43.63,43.06,43.63,6.537418030399545,583000,0.0000,1.0
2000-08-02,43.56,44.75,43.5,44.63,6.687255711591375,788100,0.0000,1.0
2000-08-03,44.75,46.0,44.75,45.56,6.826604755099776,1176700,0.0000,1.0
2000-08-04,45.44,45.5,43.75,44.0,6.592857972440521,1035600,0.0000,1.0
2000-08-07,44.13,45.0,43.75,44.69,6.696245972462884,493200,0.0000,1.0
2000-08-08,45.38,45.5,43.69,44.88,6.724715131889332,684200,0.0000,1.0
2000-08-09,44.75,44.75,43.25,43.31,6.489469972418159,538400,0.0000,1.0
2000-08-10,43.56,43.56,43.13,43.44,6.5089488709730965,553800,0.0000,1.0
2000-08-11,43.44,44.25,43.25,44.19,6.621327131866969,680800,0.0000,1.0
2000-08-14,44.44,44.56,44.19,44.44,6.658786552164926,474300,0.0000,1.0
2000-08-15,44.31,44.31,43.5,43.56,6.5269293927161165,441900,0.0000,1.0
2000-08-16,43.56,43.63,43.31,43.38,6.499958610101587,413800,0.0000,1.0
2000-08-17,43.25,43.31,42.38,42.56,6.377091711524287,352200,0.0000,1.0
2000-08-18,42.31,43.19,42.25,43.13,6.46249918980363,529400,0.0000,1.0
2000-08-21,43.19,43.25,42.31,42.88,6.4250397695056725,434400,0.0000,1.0
2000-08-22,42.63,42.88,42.44,42.81,6.414551131822244,367900,0.0000,1.0
2000-08-23,42.56,42.63,40.63,40.88,6.125364407122012,990000,0.0000,1.0
2000-08-24,41.0,42.0,41.0,41.5,6.218263769460946,613000,0.0000,1.0
2000-08-25,41.5,41.63,41.19,41.38,6.200283247717927,276900,0.0000,1.0
2000-08-28,41.31,41.38,40.56,40.56,6.077416349140626,634800,0.0000,1.0
2000-08-29,40.56,40.94,40.31,40.31,6.039956928842669,607300,0.0000,1.0
2000-08-30,40.44,40.75,39.5,39.5,5.918588407077286,761500,0.0000,1.0
2000-08-31,39.69,40.06,39.56,39.77,5.95904458099908,503100,0.0000,1.0
2000-09-01,39.56,39.69,38.56,39.56,5.927578667948796,704100,0.0000,1.0
2000-09-05,39.56,40.13,39.56,39.88,5.975526725930182,1107600,0.0000,1.0
2000-09-06,39.88,40.31,39.75,40.0,5.993507247673201,978100,0.0000,1.0
2000-09-07,39.75,39.75,38.5,38.63,5.788229624440395,775700,0.0000,1.0
2000-09-08,38.88,39.13,38.5,38.63,5.788229624440395,1327500,0.0000,1.0
2000-09-11,38.38,38.88,38.0,38.19,5.752268580954355,731500,0.2000,1.0
2000-09-12,38.06,38.63,37.94,38.56,5.807998860476562,842500,0.0000,1.0
2000-09-13,38.5,39.44,38.5,39.25,5.9119283006666254,1116300,0.0000,1.0
2000-09-14,39.25,39.31,38.56,38.75,5.836617112123101,657000,0.0000,1.0
2000-09-15,38.31,39.13,38.25,39.13,5.89385361541618,1035300,0.0000,1.0
2000-09-18,39.13,39.75,38.56,39.06,5.8833100490200865,632600,0.0000,1.0
2000-09-19,39.0,39.06,38.06,38.56,5.807998860476562,768800,0.0000,1.0
2000-09-20,38.44,38.5,37.75,38.06,5.732687671933039,664900,0.0000,1.0
2000-09-21,38.0,38.56,37.69,37.94,5.714612986682592,634100,0.0000,1.0
2000-09-22,37.94,38.94,37.56,38.19,5.752268580954355,482700,0.0000,1.0
2000-09-25,38.75,38.75,38.19,38.63,5.818542426872656,829800,0.0000,1.0
2000-09-26,38.63,38.75,37.5,37.5,5.648339140764292,1204100,0.0000,1.0
2000-09-27,38.13,38.38,37.5,38.06,5.732687671933039,882200,0.0000,1.0
2000-09-28,38.0,39.44,38.0,39.38,5.931509209687942,653300,0.0000,1.0
2000-09-29,39.44,39.44,38.88,38.94,5.86523536376964,652900,0.0000,1.0
2000-10-02,38.94,38.94,37.88,38.31,5.770343266204801,749000,0.0000,1.0
2000-10-03,38.38,39.56,38.0,39.25,5.9119283006666254,986200,0.0000,1.0
2000-10-04,39.25,41.44,39.13,41.0,6.175517460568959,918600,0.0000,1.0
2000-10-05,41.5,42.38,41.38,42.38,6.383376340949085,1259200,0.0000,1.0
2000-10-06,42.38,42.75,41.44,41.56,6.259865991737706,665600,0.0000,1.0
2000-10-09,41.75,42.19,39.88,40.31,6.071588020378896,1087600,0.0000,1.0
2000-10-10,40.31,42.0,40.25,41.56,6.259865991737706,790900,0.0000,1.0
2000-10-11,41.31,41.63,40.31,41.19,6.204135712215498,542300,0.0000,1.0
2000-10-12,41.0,41.31,40.19,40.5,6.100206272025435,552700,0.0000,1.0
2000-10-13,40.75,40.88,39.38,40.19,6.05351333512845,414500,0.0000,1.0
2000-10-16,40.06,40.88,40.06,40.81,6.14689920892242,389000,0.0000,1.0
2000-10-17,40.81,41.13,40.06,40.19,6.05351333512845,478100,0.0000,1.0
2000-10-18,39.63,39.75,38.88,39.38,5.931509209687942,1147200,0.0000,1.0
2000-10-19,39.5,40.81,39.5,40.63,6.1197871810467515,882600,0.0000,1.0
2000-10-20,40.38,41.31,40.38,41.25,6.213173054840721,454700,0.0000,1.0
2000-10-23,42.0,42.38,41.38,41.63,6.2704095581337995,1108000,0.0000,1.0
2000-10-24,41.5,43.0,41.38,42.5,6.40145102619953,855800,0.0000,1.0
2000-10-25,42.69,43.06,42.5,42.56,6.410488368824754,789200,0.0000,1.0
2000-10-26,42.69,43.75,42.38,43.44,6.543036060661355,896800,0.0000,1.0
2000-10-27,43.5,43.75,42.69,43.25,6.514417809014817,750600,0.0000,1.0
2000-10-30,43.44,45.0,43.44,44.94,6.768969626291927,769100,0.0000,1.0
2000-10-31,44.94,46.94,44.81,46.88,7.0611770378408005,1062700,0.0000,1.0
2000-11-01,46.88,47.81,46.69,47.0,7.079251723091246,712100,0.0000,1.0
2000-11-02,47.38,48.31,47.06,47.88,7.211799414927848,880200,0.0000,1.0
2000-11-03,48.13,48.75,47.75,48.25,7.267529694450055,671000,0.0000,1.0
2000-11-06,48.25,48.69,47.88,48.63,7.324766197743134,531100,0.0000,1.0
2000-11-07,48.5,48.5,47.75,48.13,7.24945500919961,806000,0.0000,1.0
2000-11-08,47.88,48.0,47.19,47.69,7.183181163281309,636700,0.0000,1.0
2000-11-09,47.5,48.56,47.44,48.31,7.276567037075279,570000,0.0000,1.0
2000-11-10,48.31,48.81,47.56,47.94,7.22083675755307,595700,0.0000,1.0
2000-11-13,48.0,48.56,47.69,48.5,7.305185288721817,387700,0.0000,1.0
2000-11-14,48.63,49.19,48.0,49.06,7.3895338198905645,757400,0.0000,1.0
2000-11-15,49.0,50.25,48.88,50.19,7.559737105998928,1015800,0.0000,1.0
2000-11-16,50.31,50.63,49.88,50.56,7.615467385521137,875800,0.0000,1.0
2000-11-17,50.56,50.56,48.88,48.94,7.371459134640118,1901800,0.0000,1.0
2000-11-20,48.81,48.81,47.63,48.19,7.258492351824832,1155800,0.0000,1.0
2000-11-21,48.19,48.19,47.69,47.75,7.192218505906531,926900,0.0000,1.0
2000-11-22,47.69,48.19,47.44,47.56,7.163600254259993,700500,0.0000,1.0
2000-11-24,47.56,48.13,47.44,47.88,7.211799414927848,296600,0.0000,1.0
2000-11-27,47.75,47.88,46.88,47.38,7.136488226384325,773500,0.0000,1.0
2000-11-28,46.94,47.44,46.69,47.25,7.116907317363007,865700,0.0000,1.0
2000-11-29,47.13,48.06,47.13,47.94,7.22083675755307,962100,0.0000,1.0
2000-11-30,48.19,48.69,46.44,46.5,7.003940534547722,876100,0.0000,1.0
2000-12-01,46.75,46.94,45.25,46.0,6.928629346004198,1030000,0.0000,1.0
2000-12-04,45.75,47.56,45.75,46.81,7.050633471444707,732600,0.0000,1.0
2000-12-05,47.0,47.19,46.44,47.06,7.088289065716469,868400,0.0000,1.0
2000-12-06,46.63,47.13,45.13,45.38,6.835243472210228,723700,0.0000,1.0
2000-12-07,46.0,46.38,45.81,45.88,6.9105546607537525,900500,0.0000,1.0
2000-12-08,45.81,47.0,45.25,46.69,7.032558786194261,668200,0.0000,1.0
2000-12-11,46.69,47.19,46.25,46.88,7.091301513258211,583700,0.2000,1.0
2000-12-12,46.94,47.88,46.94,47.81,7.231977929796822,531900,0.0000,1.0
2000-12-13,48.0,48.63,47.19,47.19,7.138193652104414,972300,0.0000,1.0
2000-12-14,47.25,47.38,46.38,46.44,7.024744929089404,729300,0.0000,1.0
2000-12-15,46.38,46.81,45.25,45.44,6.873479965069391,944100,0.0000,1.0
2000-12-18,45.44,46.88,45.44,46.31,7.005080483766803,671200,0.0000,1.0
2000-12-19,47.0,49.63,46.44,49.38,7.469463923308243,1445200,0.0000,1.0
2000-12-20,48.5,48.56,47.0,47.88,7.242566477278223,1196700,0.0000,1.0
2000-12-21,47.63,50.06,47.63,49.69,7.516356062154446,972100,0.0000,1.0
2000-12-22,50.0,51.94,50.0,51.0,7.714513165020664,1212800,0.0000,1.0
2000-12-26,51.06,51.44,50.75,51.19,7.743253508184466,475700,0.0000,1.0
2000-12-27,51.06,52.81,51.06,52.63,7.961075056373286,615800,0.0000,1.0
2000-12-28,51.0,51.06,49.69,50.5,7.638880683010657,2769600,0.0000,1.0
2000-12-29,50.75,51.31,50.5,50.75,7.67669692401566,1197400,0.0000,1.0
2001-01-02,50.75,51.38,50.5,50.63,7.65854512833326,736700,0.0000,1.0
2001-01-03,50.81,51.0,49.44,50.63,7.65854512833326,1202800,0.0000,1.0
2001-01-04,50.88,52.81,50.88,51.44,7.781069749189469,2297900,0.0000,1.0
2001-01-05,52.38,52.38,50.63,51.5,7.790145647030671,1051600,0.0000,1.0
2001-01-08,52.38,53.5,51.94,53.06,8.02611899090189,1369400,0.0000,1.0
2001-01-09,53.0,53.69,52.63,53.44,8.083599677229495,2067100,0.0000,1.0
2001-01-10,53.31,53.44,52.44,52.44,7.932334713209483,1481800,0.0000,1.0
2001-01-11,52.19,53.31,52.19,53.19,8.045783436224491,798300,0.0000,1.0
2001-01-12,52.25,52.25,51.38,51.75,7.827961888035674,1570700,0.0000,1.0
2001-01-16,51.63,52.75,51.56,52.25,7.90359437004568,826200,0.0000,1.0
2001-01-17,52.25,52.88,52.0,52.63,7.961075056373286,1124100,0.0000,1.0
2001-01-18,52.5,52.88,52.38,52.56,7.950486508891885,944200,0.0000,1.0
2001-01-19,52.38,52.44,51.69,51.94,7.856702231199476,1037200,0.0000,1.0
2001-01-22,51.88,53.0,51.81,52.25,7.90359437004568,1377400,0.0000,1.0
2001-01-23,52.25,53.25,51.0,51.06,7.723589062861865,1740100,0.0000,1.0
2001-01-24,51.0,51.06,49.0,49.94,7.55417230315945,1578400,0.0000,1.0
2001-01-25,49.06,50.69,49.06,50.0,7.5632482010006505,1094400,0.0000,1.0
2001-01-26,50.13,50.13,48.81,49.13,7.43164768230324,789200,0.0000,1.0
2001-01-29,49.95,50.99,49.95,50.24,7.599551792365454,1453400,0.0000,1.0
2001-01-30,50.3,51.9,50.17,51.81,7.837037785876875,961000,0.0000,1.0
2001-01-31,51.82,53.3,51.82,52.98,8.014017793780289,1067300,0.0000,1.0
2001-02-01,53.0,53.86,52.59,53.3,8.062422582266693,887200,0.0000,1.0
2001-02-02,53.4,53.85,52.57,52.97,8.01250514414009,668400,0.0000,1.0
2001-02-05,52.72,53.1,51.8,52.45,7.933847362849683,621900,0.0000,1.0
2001-02-06,52.45,52.99,52.25,52.9,8.001916596658688,394000,0.0000,1.0
2001-02-07,52.8,52.85,52.12,52.76,7.980739501695886,1004000,0.0000,1.0
2001-02-08,52.75,53.12,52.52,53.05,8.02460634126169,468900,0.0000,1.0
2001-02-09,53.7,54.0,53.52,53.94,8.159232159239501,945700,0.0000,1.0
2001-02-12,53.55,54.24,53.4,53.9,8.153181560678702,1224300,0.0000,1.0
2001-02-13,54.0,54.79,53.93,54.72,8.277218831175112,732300,0.0000,1.0
2001-02-14,54.67,54.68,52.67,52.67,7.967125654934086,1236100,0.0000,1.0
2001-02-15,52.75,54.13,52.7,53.85,8.145618312477701,918600,0.0000,1.0
2001-02-16,53.8,53.81,52.95,53.3,8.062422582266693,751300,0.0000,1.0
2001-02-20,53.5,54.62,53.5,53.7,8.1229285678747,774400,0.0000,1.0
2001-02-21,53.7,54.3,52.81,52.9,8.001916596658688,591900,0.0000,1.0
2001-02-22,52.9,53.89,52.39,53.78,8.1350297649963,1058500,0.0000,1.0
2001-02-23,54.0,54.75,53.37,54.34,8.219738144847508,1024300,0.0000,1.0
2001-02-26,54.85,55.6,54.31,55.24,8.355876612465519,1058700,0.0000,1.0
2001-02-27,55.2,55.8,55.15,55.71,8.426971145554925,1400500,0.0000,1.0
2001-02-28,55.71,55.99,54.9,54.94,8.310497123259514,1115400,0.0000,1.0
2001-03-01,54.95,54.95,54.05,54.29,8.212174896646507,878400,0.0000,1.0
2001-03-02,54.2,55.12,54.2,55.05,8.327136269301716,758900,0.0000,1.0
2001-03-05,55.1,55.7,54.62,55.54,8.401256101671523,573600,0.0000,1.0
2001-03-06,55.3,55.4,54.7,55.0,8.319573021100716,607400,0.0000,1.0
2001-03-07,54.9,55.67,54.7,54.82,8.292345327577113,609100,0.0000,1.0
2001-03-08,54.83,56.74,54.83,56.6,8.561596963532738,1090200,0.0000,1.0
2001-03-09,56.35,57.1,55.65,56.83,8.59638790525734,1644700,0.0000,1.0
2001-03-12,56.63,56.9,56.13,56.15,8.523780722527734,705200,0.2000,1.0
2001-03-13,56.02,56.02,54.41,55.0,8.349206406750229,1259200,0.0000,1.0
2001-03-14,54.2,54.25,52.25,53.09,8.059261238806721,1075000,0.0000,1.0
2001-03-15,52.84,53.13,51.47,52.87,8.02586441317972,1293600,0.0000,1.0
2001-03-16,52.25,52.8,49.8,50.28,7.6326926932982095,1197800,0.0000,1.0
2001-03-19,50.33,51.63,50.08,51.6,7.833073647060215,1335400,0.0000,1.0
2001-03-20,51.7,52.35,51.25,51.83,7.867988510215715,586500,0.0000,1.0
2001-03-21,51.83,53.2,51.83,52.63,7.989431512495719,882800,0.0000,1.0
2001-03-22,53.0,53.2,50.97,52.35,7.946926461697718,1325900,0.0000,1.0
2001-03-23,52.25,52.65,51.32,52.64,7.990949550024219,598800,0.0000,1.0
2001-03-26,52.7,53.88,52.07,53.84,8.173114053444225,509800,0.0000,1.0
2001-03-27,54.0,56.46,54.0,56.2,8.531370910170233,1152500,0.0000,1.0
2001-03-28,55.8,56.12,55.12,55.95,8.493419971957733,856900,0.0000,1.0
2001-03-29,55.9,56.15,55.35,56.15,8.523780722527734,995700,0.0000,1.0
2001-03-30,56.02,57.06,55.9,56.25,8.538961097812734,1016800,0.0000,1.0
2001-04-02,56.5,57.63,56.5,57.25,8.690764850662738,1712400,0.0000,1.0
2001-04-03,57.35,57.4,56.93,57.35,8.705945225947739,1734300,0.0000,1.0
2001-04-04,56.9,57.15,55.36,56.5,8.576912036025234,2865600,0.0000,1.0
2001-04-05,56.5,56.5,55.85,56.25,8.538961097812734,1898200,0.0000,1.0
2001-04-06,56.25,56.25,55.72,55.95,8.493419971957733,2042700,0.0000,1.0
2001-04-09,55.9,56.5,54.84,55.01,8.350724444278729,2404400,0.0000,1.0
2001-04-10,55.05,57.37,55.05,57.0,8.652813912450236,3215600,0.0000,1.0
2001-04-11,57.5,57.5,56.63,56.92,8.640669612222236,1604700,0.0000,1.0
2001-04-12,56.7,57.15,56.63,56.98,8.649777837393236,1077500,0.0000,1.0
2001-04-16,56.75,57.6,56.63,57.1,8.667994287735239,1144700,0.0000,1.0
2001-04-17,57.1,57.47,56.5,57.35,8.705945225947739,1001200,0.0000,1.0
2001-04-18,57.25,59.1,57.02,59.0,8.956421418150246,1172300,0.0000,1.0
2001-04-19,58.9,59.6,58.9,59.5,9.032323294575248,1159700,0.0000,1.0
2001-04-20,59.5,59.5,58.8,58.85,8.933650855222744,971100,0.0000,1.0
2001-04-23,58.25,58.25,54.25,55.0,8.349206406750229,3086000,0.0000,1.0
2001-04-24,54.9,56.0,54.82,55.88,8.482793709258234,1238700,0.0000,1.0
2001-04-25,55.89,56.35,55.15,55.74,8.461541183859232,761700,0.0000,1.0
2001-04-26,55.6,58.1,55.6,57.42,8.716571488647238,1244000,0.0000,1.0
2001-04-27,57.25,58.48,57.25,58.47,8.875965429139743,683000,0.0000,1.0
2001-04-30,58.48,58.48,56.55,56.89,8.636115499636738,880300,0.0000,1.0
2001-05-01,56.2,56.25,54.58,54.98,8.346170331693228,1406800,0.0000,1.0
2001-05-02,54.83,55.5,54.67,55.29,8.39322949507673,2144400,0.0000,1.0
2001-05-03,55.05,55.29,54.15,55.01,8.350724444278729,821900,0.0000,1.0
2001-05-04,54.7,56.01,53.8,55.95,8.493419971957733,655300,0.0000,1.0
2001-05-07,55.85,56.0,55.15,55.67,8.450914921159733,588500,0.0000,1.0
2001-05-08,55.0,57.32,54.9,56.7,8.607272786595237,905800,0.0000,1.0
2001-05-09,56.6,58.16,56.42,57.75,8.76666672708774,1379300,0.0000,1.0
2001-05-10,57.76,58.88,57.5,58.8,8.926060667580243,1199000,0.0000,1.0
2001-05-11,58.8,59.22,57.67,58.31,8.851676828683743,916800,0.0000,1.0
2001-05-14,58.16,58.81,57.7,58.65,8.903290104652744,983900,0.0000,1.0
2001-05-15,58.55,59.35,58.35,58.55,8.888109729367743,1139000,0.0000,1.0
2001-05-16,58.65,60.6,58.21,60.6,9.199307422710252,2282100,0.0000,1.0
2001-05-17,60.6,60.7,59.3,59.45,9.024733106932748,1517100,0.0000,1.0
2001-05-18,59.7,60.6,59.52,60.37,9.16439255955475,1059300,0.0000,1.0
2001-05-21,60.4,60.66,59.99,60.59,9.197789385181752,1025200,0.0000,1.0
2001-05-22,60.44,60.44,58.35,58.53,8.885073654310743,1133100,0.0000,1.0
2001-05-23,58.23,58.3,57.19,57.85,8.78184710237274,748800,0.0000,1.0
2001-05-24,57.86,57.86,56.2,56.48,8.573875960968234,821500,0.0000,1.0
2001-05-25,56.25,56.25,55.0,55.56,8.434216508346232,1227200,0.0000,1.0
2001-05-29,55.65,55.87,55.35,55.75,8.463059221387732,727400,0.0000,1.0
2001-05-30,55.9,56.2,55.14,55.76,8.464577258916231,860300,0.0000,1.0
2001-05-31,55.9,57.5,55.67,57.5,8.728715788875238,1084100,0.0000,1.0
2001-06-01,57.5,57.5,56.51,56.77,8.617899049294737,826000,0.0000,1.0
2001-06-04,56.76,57.8,56.68,57.42,8.716571488647238,691100,0.0000,1.0
2001-06-05,57.5,58.1,56.96,57.7,8.75907653944524,849300,0.0000,1.0
2001-06-06,57.45,58.19,57.45,57.63,8.74845027674574,603400,0.0000,1.0
2001-06-07,57.4,58.54,57.39,58.0,8.804617665300242,1209000,0.0000,1.0
2001-06-08,58.0,58.0,56.75,56.9,8.637633537165236,549500,0.0000,1.0
2001-06-11,56.0,56.0,55.36,55.71,8.487347821843732,766300,0.2000,1.0
2001-06-12,55.51,55.52,54.83,55.03,8.383750684546053,960200,0.0000,1.0
2001-06-13,55.2,55.3,54.65,54.91,8.365468836787638,889400,0.0000,1.0
2001-06-14,54.9,54.9,51.9,52.6,8.013543267438168,1139700,0.0000,1.0
2001-06-15,51.5,51.65,50.8,51.3,7.815489916722015,1975800,0.0000,1.0
2001-06-18,51.25,51.85,51.25,51.64,7.867288485370856,1126400,0.0000,1.0
2001-06-19,51.64,52.11,51.52,51.7,7.876429409250063,1142600,0.0000,1.0
2001-06-20,51.61,52.35,51.55,52.05,7.929751465212103,1108100,0.0000,1.0
2001-06-21,52.05,52.59,51.73,52.49,7.996784906992955,1135200,0.0000,1.0
2001-06-22,52.3,52.46,52.0,52.27,7.96326818610253,1001300,0.0000,1.0
2001-06-25,52.02,52.55,51.2,51.29,7.813966429408814,673900,0.0000,1.0
2001-06-26,50.0,51.93,50.0,51.26,7.809395967469211,1477000,0.0000,1.0
2001-06-27,51.51,52.91,51.51,52.91,8.060771374147404,1032800,0.0000,1.0
2001-06-28,52.97,54.3,52.97,53.79,8.194838257709108,1192200,0.0000,1.0
2001-06-29,53.95,55.3,53.65,54.91,8.365468836787638,1239400,0.0000,1.0
2001-07-02,54.95,55.05,54.32,55.0,8.379180222606449,1066700,0.0000,1.0
2001-07-03,55.0,55.0,54.37,54.75,8.34109303977642,350700,0.0000,1.0
2001-07-05,54.8,55.1,54.5,54.72,8.336522577836817,659200,0.0000,1.0
2001-07-06,54.72,54.72,53.9,54.53,8.307576318885994,743300,0.0000,1.0
2001-07-09,54.5,54.89,53.8,54.74,8.33956955246322,658300,0.0000,1.0
2001-07-10,54.5,55.01,54.4,54.95,8.371562786040444,938500,0.0000,1.0
2001-07-11,54.95,57.65,54.93,57.65,8.78290436060476,2376300,0.0000,1.0
2001-07-12,57.8,57.84,57.01,57.16,8.708253482257902,809500,0.0000,1.0
2001-07-13,57.1,58.24,56.8,57.83,8.810327132242382,367600,0.0000,1.0
2001-07-16,57.55,58.0,57.33,57.5,8.760052050906742,604500,0.0000,1.0
2001-07-17,57.49,57.77,57.25,57.7,8.790521797170767,531300,0.0000,1.0
2001-07-18,57.6,57.69,56.75,57.65,8.78290436060476,480100,0.0000,1.0
2001-07-19,57.0,57.4,56.7,57.2,8.714347431510708,1277100,0.0000,1.0
2001-07-20,57.2,57.2,56.26,56.26,8.571139624069797,1055900,0.0000,1.0
2001-07-23,56.8,56.9,56.45,56.5,8.607703319586625,528300,0.0000,1.0
2001-07-24,55.8,56.0,52.65,53.32,8.123234353988652,1422100,0.0000,1.0
2001-07-25,52.8,53.25,51.69,53.15,8.097335069664233,1682500,0.0000,1.0
2001-07-26,52.7,55.34,52.63,55.2,8.409649968870474,866000,0.0000,1.0
2001-07-27,54.95,55.0,54.25,54.6,8.318240730078402,773500,0.0000,1.0
2001-07-30,54.6,54.6,53.6,53.76,8.190267795769504,626400,0.0000,1.0
2001-07-31,53.65,54.0,53.4,53.69,8.179603384577096,619600,0.0000,1.0
2001-08-01,53.8,53.94,53.25,53.8,8.196361745022308,447700,0.0000,1.0
2001-08-02,53.69,54.9,53.44,54.88,8.360898374848036,493300,0.0000,1.0
2001-08-03,54.8,54.98,54.01,54.29,8.271012623369167,455300,0.0000,1.0
2001-08-06,53.9,54.15,53.0,53.56,8.159798049505481,533700,0.0000,1.0
2001-08-07,53.58,53.99,53.36,53.99,8.225308003973131,359500,0.0000,1.0
2001-08-08,53.8,54.25,53.4,54.0,8.226831491286331,394700,0.0000,1.0
2001-08-09,54.0,54.6,53.86,54.2,8.257301237550356,544200,0.0000,1.0
2001-08-10,54.25,55.7,53.9,54.98,8.376133247980047,1275900,0.0000,1.0
2001-08-13,54.98,54.98,53.79,54.18,8.254254262923952,671900,0.0000,1.0
2001-08-14,54.19,54.84,54.05,54.52,8.306052831572794,545500,0.0000,1.0
2001-08-15,54.5,55.8,53.9,54.31,8.274059597995569,570200,0.0000,1.0
2001-08-16,54.0,55.28,54.0,54.85,8.356327912908432,458900,0.0000,1.0
2001-08-17,54.25,54.9,53.56,53.95,8.219214054720327,486000,0.0000,1.0
2001-08-20,53.95,54.15,52.45,52.86,8.0531539375814,421100,0.0000,1.0
2001-08-21,52.75,52.81,51.65,51.66,7.870335459997257,683200,0.0000,1.0
2001-08-22,51.75,52.39,51.16,51.98,7.919087054019695,910800,0.0000,1.0
2001-08-23,52.0,52.73,51.86,52.56,8.007449318185364,574200,0.0000,1.0
2001-08-24,52.65,53.04,51.8,52.78,8.040966039075789,415000,0.0000,1.0
2001-08-27,52.8,52.9,51.65,52.1,7.937368901778109,406200,0.0000,1.0
2001-08-28,52.0,53.4,51.91,52.75,8.036395577136185,383200,0.0000,1.0
2001-08-29,52.75,52.9,51.88,52.15,7.944986338344115,470400,0.0000,1.0
2001-08-30,52.2,53.05,51.39,52.65,8.021160704004174,1039300,0.0000,1.0
2001-08-31,52.65,53.41,52.5,53.27,8.115616917422647,435800,0.0000,1.0
2001-09-04,53.27,55.08,52.97,54.29,8.271012623369167,508800,0.0000,1.0
2001-09-05,54.04,54.5,53.52,54.19,8.255777750237154,607400,0.0000,1.0
2001-09-06,54.3,54.59,54.04,54.2,8.257301237550356,816300,0.0000,1.0
2001-09-07,54.0,54.01,52.78,53.17,8.100382044290635,619900,0.0000,1.0
2001-09-10,52.65,52.8,52.25,52.25,7.990690957740152,843600,0.2000,1.0
2001-09-17,52.0,52.0,48.56,49.0,7.4936623335744965,959600,0.0000,1.0
2001-09-18,49.0,49.7,48.65,48.9,7.47836914513863,514100,0.0000,1.0
2001-09-19,49.45,49.45,45.8,47.27,7.22909017363401,915900,0.0000,1.0
2001-09-20,47.03,47.03,43.39,44.81,6.852877738111698,1698900,0.0000,1.0
2001-09-21,47.0,47.0,43.75,45.75,6.996633709408841,1738400,0.0000,1.0
2001-09-24,46.0,46.92,45.83,45.9,7.019573492062641,1465200,0.0000,1.0
2001-09-25,46.0,46.0,43.75,44.77,6.846760462737351,1584500,0.0000,1.0
2001-09-26,44.85,45.6,44.3,45.3,6.927814361447442,1293600,0.0000,1.0
2001-09-27,45.7,46.25,45.1,45.6,6.9736939267550415,1585700,0.0000,1.0
2001-09-28,46.1,47.5,46.03,46.9,7.172505376421303,1734700,0.0000,1.0
2001-10-01,46.9,46.9,44.6,45.45,6.950754144101243,837600,0.0000,1.0
2001-10-02,45.55,46.28,45.25,45.59,6.972164607911456,1344400,0.0000,1.0
2001-10-03,46.98,46.98,45.5,46.2,7.06545305737024,1633700,0.0000,1.0
2001-10-04,46.3,46.3,45.25,45.5,6.958400738319175,1449300,0.0000,1.0
2001-10-05,46.35,46.35,45.15,46.21,7.066982376213827,1100400,0.0000,1.0
2001-10-08,46.95,46.95,45.5,46.8,7.157212187985437,951900,0.0000,1.0
2001-10-09,46.75,46.75,45.25,45.25,6.920167767229509,1007800,0.0000,1.0
2001-10-10,45.25,48.2,45.25,47.84,7.316261347718448,1127100,0.0000,1.0
2001-10-11,47.64,49.45,47.6,48.64,7.438606855205378,1149400,0.0000,1.0
2001-10-12,48.25,48.7,46.34,47.21,7.219914260572489,785700,0.0000,1.0
2001-10-15,47.0,48.21,46.9,48.02,7.343789086903007,481600,0.0000,1.0
2001-10-16,48.03,48.7,47.61,48.63,7.437077536361792,654400,0.0000,1.0
2001-10-17,48.45,48.97,47.6,47.6,7.279557695472368,808000,0.0000,1.0
2001-10-18,48.25,50.09,48.06,49.61,7.586950783033281,1602200,0.0000,1.0
2001-10-19,49.5,49.51,48.02,48.6,7.4324895798310315,651600,0.0000,1.0
2001-10-22,48.6,49.27,48.35,49.18,7.5211900727590555,416200,0.0000,1.0
2001-10-23,49.18,51.75,48.81,51.03,7.804114058822583,1368000,0.0000,1.0
2001-10-24,51.8,51.8,50.28,50.29,7.690944464397171,1559800,0.0000,1.0
2001-10-25,50.04,50.75,48.4,50.56,7.732236073174011,869200,0.0000,1.0
2001-10-26,50.4,51.95,50.32,51.43,7.865286812566048,677300,0.0000,1.0
2001-10-29,51.18,51.76,49.8,50.25,7.684827189022825,640700,0.0000,1.0
2001-10-30,50.59,50.59,49.2,50.3,7.692473783240758,769800,0.0000,1.0
2001-10-31,50.55,52.66,50.55,52.01,7.953987305494072,1509000,0.0000,1.0
2001-11-01,51.91,52.87,51.21,52.04,7.958575262024833,1683800,0.0000,1.0
2001-11-02,51.95,52.87,51.53,52.71,8.061039624545137,812300,0.0000,1.0
2001-11-05,53.0,53.5,52.55,53.0,8.10538987100915,1077700,0.0000,1.0
2001-11-06,53.0,53.57,52.65,53.52,8.184914450875654,720900,0.0000,1.0
2001-11-07,53.88,53.88,53.21,53.84,8.233852653870427,662000,0.0000,1.0
2001-11-08,53.9,54.16,53.7,54.06,8.267497668429332,573800,0.0000,1.0
2001-11-09,54.01,54.05,53.65,53.82,8.230794016183253,434600,0.0000,1.0
2001-11-12,53.8,54.1,52.41,53.5,8.18185581318848,612700,0.0000,1.0
2001-11-13,53.55,53.75,53.12,53.72,8.215500827747386,702500,0.0000,1.0
2001-11-14,53.3,53.72,53.27,53.45,8.174209218970548,852600,0.0000,1.0
2001-11-15,53.47,55.47,53.47,54.95,8.403607045508544,1267700,0.0000,1.0
2001-11-16,55.0,55.16,54.72,55.04,8.417370915100822,984600,0.0000,1.0
2001-11-19,55.1,55.25,54.5,54.9,8.395960451290609,627700,0.0000,1.0
2001-11-20,55.0,55.26,54.6,54.91,8.397489770134195,521200,0.0000,1.0
2001-11-21,55.1,55.1,54.15,54.43,8.324082465642038,432600,0.0000,1.0
2001-11-23,55.2,55.2,54.15,55.2,8.441840016598208,175500,0.0000,1.0
2001-11-26,55.18,55.25,54.3,55.25,8.449486610816141,659800,0.0000,1.0
2001-11-27,55.15,56.0,54.77,55.15,8.434193422380275,943800,0.0000,1.0
2001-11-28,55.55,55.55,54.55,54.55,8.342434291765077,504800,0.0000,1.0
2001-11-29,54.6,54.71,53.42,54.1,8.273614943803679,834300,0.0000,1.0
2001-11-30,54.12,55.33,54.12,55.05,8.418900233944408,859100,0.0000,1.0
2001-12-03,55.0,55.0,53.9,54.2,8.288908132239545,1122600,0.0000,1.0
2001-12-04,54.15,54.74,53.3,54.74,8.371491349793223,834400,0.0000,1.0
2001-12-05,55.2,56.01,54.78,55.87,8.544304379118513,1075700,0.0000,1.0
2001-12-06,55.95,55.95,55.25,55.65,8.510659364559606,1016000,0.0000,1.0
2001-12-07,56.68,56.68,55.47,56.1,8.579478712521006,818000,0.0000,1.0
2001-12-10,55.75,55.95,55.02,55.22,8.475485031157113,528000,0.2000,1.0
2001-12-11,55.22,55.22,53.94,54.35,8.34195239846775,1022000,0.0000,1.0
2001-12-12,53.9,54.0,53.12,53.63,8.231442633483448,547300,0.0000,1.0
2001-12-13,53.63,55.11,53.58,54.62,8.383393560336863,1122100,0.0000,1.0
2001-12-14,54.2,54.66,53.7,54.46,8.358835834784797,1213700,0.0000,1.0
2001-12-17,54.0,55.91,53.98,55.87,8.575250791212387,1031900,0.0000,1.0
2001-12-18,55.57,56.9,55.52,56.77,8.713387997442764,1005200,0.0000,1.0
2001-12-19,56.6,56.6,55.7,56.15,8.618226810928503,672100,0.0000,1.0
2001-12-20,56.16,56.51,55.7,56.32,8.644319394327574,682600,0.0000,1.0
2001-12-21,56.32,56.6,55.85,55.9,8.5798553647534,962500,0.0000,1.0
2001-12-24,55.91,57.27,55.91,57.0,8.748689727923859,321600,0.0000,1.0
2001-12-26,57.5,57.5,57.16,57.35,8.802409752569005,713200,0.0000,1.0
2001-12-27,57.35,57.35,56.87,57.05,8.75636401715888,523600,0.0000,1.0
2001-12-28,57.05,57.26,56.71,57.18,8.776317169169936,547600,0.0000,1.0
2001-12-31,57.0,57.19,56.65,57.0,8.748689727923859,589000,0.0000,1.0
2002-01-02,56.75,57.22,56.01,56.6,8.687295414043692,1031900,0.0000,1.0
2002-01-03,58.68,58.68,56.46,58.68,9.006545846220563,1825100,0.0000,1.0
2002-01-04,60.3,60.3,59.0,60.0,9.209147082025115,1607300,0.0000,1.0
2002-01-07,59.9,60.15,59.81,59.93,9.198403077096085,2135800,0.0000,1.0
2002-01-08,59.75,59.78,58.97,59.25,9.0940327434998,984800,0.0000,1.0
2002-01-09,58.5,58.75,57.45,58.36,8.957430395116429,1311700,0.0000,1.0
2002-01-10,58.25,58.78,57.41,58.75,9.017289851149592,1246600,0.0000,1.0
2002-01-11,58.75,58.75,57.32,58.18,8.929802953870354,1033500,0.0000,1.0
2002-01-14,57.93,58.15,57.01,57.15,8.771712595628921,664400,0.0000,1.0
2002-01-15,57.2,58.45,57.2,57.64,8.846920630132127,936000,0.0000,1.0
2002-01-16,57.7,57.7,56.53,56.83,8.722597144524787,615100,0.0000,1.0
2002-01-17,56.75,58.3,56.7,58.07,8.912919517553307,876500,0.0000,1.0
2002-01-18,57.75,58.01,57.16,57.84,8.87761778707221,625600,0.0000,1.0
2002-01-22,57.74,58.64,57.65,58.5,8.978918404974488,931400,0.0000,1.0
2002-01-23,59.95,59.95,58.55,59.95,9.201472792790094,1352900,0.0000,1.0
2002-01-24,60.5,60.94,60.12,60.12,9.227565376189165,2433400,0.0000,1.0
2002-01-25,59.95,61.6,59.8,61.09,9.376446587348571,2007700,0.0000,1.0
2002-01-28,60.7,61.35,60.68,61.08,9.374911729501568,1660400,0.0000,1.0
2002-01-29,61.08,61.1,60.0,60.05,9.216821371260135,965400,0.0000,1.0
2002-01-30,60.0,60.28,59.75,60.23,9.24444881250621,1189700,0.0000,1.0
2002-01-31,60.23,62.05,60.22,62.05,9.523792940660973,1801000,0.0000,1.0
2002-02-01,62.39,62.39,61.18,61.7,9.470072916015827,1311700,0.0000,1.0
2002-02-04,61.45,61.89,60.92,61.0,9.362632866725534,989600,0.0000,1.0
2002-02-05,61.0,61.35,60.5,61.15,9.385655734430596,1105100,0.0000,1.0
2002-02-06,61.05,61.05,59.53,60.15,9.232169949730178,1006800,0.0000,1.0
2002-02-07,59.95,60.25,59.2,59.2,9.086358454264781,676100,0.0000,1.0
2002-02-08,59.1,60.3,59.1,60.0,9.209147082025115,689100,0.0000,1.0
2002-02-11,59.8,61.65,59.8,61.65,9.462398626780805,703500,0.0000,1.0
2002-02-12,61.4,61.74,60.82,60.97,9.358028293184521,792000,0.0000,1.0
2002-02-13,60.6,60.97,60.0,60.03,9.213751655566128,1105400,0.0000,1.0
2002-02-14,59.8,60.15,59.65,59.69,9.161566488767985,1190200,0.0000,1.0
2002-02-15,60.11,60.11,59.65,59.89,9.192263645708069,787000,0.0000,1.0
2002-02-19,59.89,60.13,59.52,59.79,9.176915067238028,776500,0.0000,1.0
2002-02-20,59.75,59.75,58.5,59.56,9.141613336756931,948700,0.0000,1.0
2002-02-21,59.0,61.6,59.0,60.91,9.348819146102496,1198200,0.0000,1.0
2002-02-22,60.85,61.1,59.95,60.35,9.262867106670262,1198800,0.0000,1.0
2002-02-25,60.25,60.78,60.2,60.55,9.293564263610344,1599700,0.0000,1.0
2002-02-26,60.55,60.83,60.16,60.36,9.264401964517265,1247800,0.0000,1.0
2002-02-27,60.0,60.55,59.7,60.54,9.29202940576334,2140900,0.0000,1.0
2002-02-28,60.75,61.55,60.59,60.67,9.311982557774396,1265400,0.0000,1.0
2002-03-01,60.67,62.9,60.6,62.75,9.631232989951267,2131400,0.0000,1.0
2002-03-04,63.4,65.15,63.03,65.05,9.984250294762228,1602100,0.0000,1.0
2002-03-05,64.6,64.72,63.0,63.4,9.730998750006538,1695800,0.0000,1.0
2002-03-06,63.9,64.88,63.8,64.65,9.922855980882062,1467800,0.0000,1.0
2002-03-07,64.2,64.85,63.95,64.6,9.91518169164704,1627500,0.0000,1.0
2002-03-08,64.1,64.25,61.4,61.45,9.431701469840723,2313600,0.0000,1.0
2002-03-11,61.15,62.0,60.7,61.82,9.51918836711996,1506200,0.2000,1.0
2002-03-12,61.98,61.98,60.71,61.08,9.405241434223345,1189900,0.0000,1.0
2002-03-13,60.8,61.5,60.61,61.1,9.40832108105839,2086100,0.0000,1.0
2002-03-14,61.34,61.34,60.67,61.13,9.412940551310955,1351800,0.0000,1.0
2002-03-15,61.25,61.36,60.62,61.23,9.428338785486172,1164900,0.0000,1.0
2002-03-18,61.0,61.19,58.99,60.6,9.331329910182298,1466800,0.0000,1.0
2002-03-19,60.8,61.76,60.8,61.54,9.47607331142935,1191400,0.0000,1.0
2002-03-20,61.4,62.2,60.99,61.35,9.446816666496435,1139300,0.0000,1.0
2002-03-21,61.6,61.6,59.95,60.95,9.385223729795563,1935200,0.0000,1.0
2002-03-22,61.1,61.5,60.13,61.3,9.439117549408826,1548500,0.0000,1.0
2002-03-25,61.5,61.56,60.23,60.25,9.277436090569033,1239800,0.0000,1.0
2002-03-26,60.2,60.59,59.99,60.3,9.285135207656642,1318900,0.0000,1.0
2002-03-27,60.55,61.68,60.5,61.58,9.482232605099437,1564700,0.0000,1.0
2002-03-28,61.7,62.33,61.61,62.14,9.56846271648066,1069200,0.0000,1.0
2002-04-01,61.28,61.28,60.22,60.77,9.357506908280168,1392000,0.0000,1.0
2002-04-02,59.9,60.2,58.94,58.95,9.077259046291196,1465800,0.0000,1.0
2002-04-03,58.3,58.5,57.2,57.37,8.833966946322745,2648500,0.0000,1.0
2002-04-04,58.15,58.35,57.52,58.29,8.975630700734754,1719100,0.0000,1.0
2002-04-05,58.8,58.8,57.91,58.33,8.981789994404842,740000,0.0000,1.0
2002-04-08,58.1,58.11,57.4,57.78,8.897099706441141,963500,0.0000,1.0
2002-04-09,57.78,57.9,57.48,57.71,8.886320942518488,872600,0.0000,1.0
2002-04-10,57.83,59.3,57.82,59.23,9.120374101981806,1936500,0.0000,1.0
2002-04-11,59.23,59.23,57.43,57.6,8.869382884925749,1345000,0.0000,1.0
2002-04-12,58.0,59.1,57.93,59.0,9.084958163378804,2098500,0.0000,1.0
2002-04-15,58.75,58.76,57.01,57.2,8.807789948224876,1382300,0.0000,1.0
2002-04-16,57.7,58.55,57.68,58.22,8.964851936812101,1347400,0.0000,1.0
2002-04-17,58.5,58.5,57.1,57.65,8.877082002013356,887500,0.0000,1.0
2002-04-18,57.1,57.39,56.2,56.62,8.718480190008608,1460100,0.0000,1.0
2002-04-19,57.0,57.65,56.8,57.36,8.832427122905225,1586000,0.0000,1.0
2002-04-22,57.47,57.5,55.76,56.3,8.66920584064791,1659700,0.0000,1.0
2002-04-23,55.8,55.97,55.12,55.68,8.573736788761556,2076100,0.0000,1.0
2002-04-24,55.65,56.0,54.54,54.75,8.430533210932026,2149600,0.0000,1.0
2002-04-25,54.9,56.12,54.75,55.9,8.607612903947036,2410900,0.0000,1.0
2002-04-26,57.0,58.35,56.56,57.19,8.806250124807352,1798700,0.0000,1.0
2002-04-29,56.8,57.5,56.1,56.1,8.638409372297474,786400,0.0000,1.0
2002-04-30,56.05,57.21,55.82,56.8,8.746197011524002,1134900,0.0000,1.0
2002-05-01,57.3,58.98,56.6,58.3,8.977170524152276,1194100,0.0000,1.0
2002-05-02,58.55,58.83,57.9,58.4,8.992568758327494,947200,0.0000,1.0
2002-05-03,59.0,59.06,58.41,58.72,9.041843107688193,1068900,0.0000,1.0
2002-05-06,58.72,59.17,58.02,58.03,8.935595291879187,952800,0.0000,1.0
2002-05-07,58.35,59.05,58.25,58.4,8.992568758327494,1086000,0.0000,1.0
2002-05-08,58.75,60.07,58.72,59.76,9.201984743110463,1296200,0.0000,1.0
2002-05-09,59.95,60.0,58.95,59.01,9.086497986796326,1309200,0.0000,1.0
2002-05-10,58.95,59.08,58.15,58.15,8.954073172889448,955400,0.0000,1.0
2002-05-13,58.2,59.35,58.2,59.09,9.098816574136501,895100,0.0000,1.0
2002-05-14,59.3,60.0,58.63,59.88,9.220462624120726,782800,0.0000,1.0
2002-05-15,59.8,60.24,59.76,60.0,9.238940505130987,807600,0.0000,1.0
2002-05-16,60.0,60.44,59.9,60.32,9.288214854491686,926100,0.0000,1.0
2002-05-17,60.35,61.17,60.35,61.16,9.417560021563519,926800,0.0000,1.0
2002-05-20,60.85,60.87,60.17,60.54,9.322090969677166,1009500,0.0000,1.0
2002-05-21,60.39,60.4,59.04,59.15,9.108055514641633,977200,0.0000,1.0
2002-05-22,59.05,60.29,59.01,60.05,9.246639622218597,1052900,0.0000,1.0
2002-05-23,60.35,61.75,60.33,61.65,9.49301136902209,782200,0.0000,1.0
2002-05-24,61.85,61.89,61.32,61.45,9.462214900671654,559200,0.0000,1.0
2002-05-28,61.25,61.26,60.36,60.66,9.340568850687427,923700,0.0000,1.0
2002-05-29,60.6,60.95,60.58,60.78,9.35904673169769,835600,0.0000,1.0
2002-05-30,60.3,60.94,59.98,59.99,9.237400681713465,1019800,0.0000,1.0
2002-05-31,60.11,61.9,60.11,61.24,9.429878608903696,956200,0.0000,1.0
2002-06-03,60.89,61.66,60.1,60.45,9.308232558919471,588800,0.0000,1.0
2002-06-04,60.51,60.9,59.93,60.3,9.285135207656642,979900,0.0000,1.0
2002-06-05,60.94,61.61,60.24,61.52,9.472993664594307,1055200,0.0000,1.0
2002-06-06,61.55,61.88,61.25,61.48,9.466834370924218,953100,0.0000,1.0
2002-06-07,61.4,62.8,61.09,62.29,9.591560067743487,1215000,0.0000,1.0
2002-06-10,62.08,63.59,62.08,63.09,9.74554240949567,1052400,0.2000,1.0
2002-06-11,63.16,63.98,63.15,63.32,9.781070619262415,1363000,0.0000,1.0
2002-06-12,63.02,63.7,62.9,63.52,9.811964714711761,1185000,0.0000,1.0
2002-06-13,63.4,63.85,62.85,63.32,9.781070619262415,1178700,0.0000,1.0
2002-06-14,62.5,63.62,62.41,63.36,9.787249438352285,1239400,0.0000,1.0
2002-06-17,63.4,64.0,63.31,64.0,9.886110543790187,1039000,0.0000,1.0
2002-06-18,64.0,64.69,63.9,64.38,9.94480932514394,918800,0.0000,1.0
2002-06-19,64.32,64.85,64.07,64.27,9.9278175726468,1242400,0.0000,1.0
2002-06-20,64.3,64.84,63.88,64.57,9.974158715820817,1233100,0.0000,1.0
2002-06-21,63.6,64.97,63.6,64.49,9.961801077641079,1594200,0.0000,1.0
2002-06-24,64.49,64.86,64.0,64.04,9.892289362880057,1164400,0.0000,1.0
2002-06-25,64.04,64.05,60.93,61.24,9.459772026589235,1361900,0.0000,1.0
2002-06-26,60.77,62.2,60.44,61.5,9.499934350673383,1765900,0.0000,1.0
2002-06-27,61.6,62.31,61.4,62.18,9.604974275201153,1171400,0.0000,1.0
2002-06-28,62.28,63.9,62.27,63.28,9.774891800172547,1217900,0.0000,1.0
2002-07-01,63.35,64.87,63.18,64.61,9.980337534910687,1252600,0.0000,1.0
2002-07-02,64.0,64.45,62.8,63.39,9.791883552669686,1289200,0.0000,1.0
2002-07-03,63.39,63.45,62.2,62.78,9.697656561549186,1211700,0.0000,1.0
2002-07-05,63.18,63.45,62.97,63.45,9.80115178130449,797100,0.0000,1.0
2002-07-08,63.45,63.45,62.31,62.89,9.714648314046325,1069800,0.0000,1.0
2002-07-09,62.75,63.46,61.8,61.87,9.55708842725467,1368300,0.0000,1.0
2002-07-10,62.0,62.05,60.75,60.95,9.414975588187685,1135300,0.0000,1.0
2002-07-11,60.4,60.65,58.95,59.55,9.198716920042274,1595100,0.0000,1.0
2002-07-12,60.15,60.45,57.97,58.7,9.067417014382562,1977800,0.0000,1.0
2002-07-15,57.7,58.25,56.1,58.15,8.982458251896865,1559100,0.0000,1.0
2002-07-16,58.05,59.2,57.35,58.15,8.982458251896865,1736100,0.0000,1.0
2002-07-17,59.0,59.7,58.2,59.32,9.163188710275529,1815800,0.0000,1.0
2002-07-18,59.8,60.7,58.79,58.92,9.10140051937684,1867900,0.0000,1.0
2002-07-19,58.92,59.48,57.55,58.12,8.977824137579463,1620200,0.0000,1.0
2002-07-22,58.12,58.72,55.7,56.7,8.75847605988912,1610300,0.0000,1.0
2002-07-23,56.8,56.8,54.76,54.85,8.472705676982685,1963000,0.0000,1.0
2002-07-24,54.6,55.6,53.0,55.47,8.56847737287565,2160800,0.0000,1.0
2002-07-25,55.22,57.9,55.06,57.04,8.810996022153004,1968800,0.0000,1.0
2002-07-26,57.1,57.1,56.12,57.0,8.804817203063134,1196200,0.0000,1.0
2002-07-29,58.0,58.64,57.8,58.49,9.03497821416075,1873300,0.0000,1.0
2002-07-30,58.35,59.65,57.75,58.72,9.070506423927496,1075700,0.0000,1.0
2002-07-31,58.5,58.8,57.52,58.67,9.06278290006516,1570800,0.0000,1.0
2002-08-01,58.5,58.72,58.07,58.2,8.9901817757592,1056100,0.0000,1.0
2002-08-02,58.21,58.36,55.75,56.4,8.712134916715101,950500,0.0000,1.0
2002-08-05,56.6,57.2,55.6,55.76,8.6132738112772,901500,0.0000,1.0
2002-08-06,56.51,58.6,56.48,57.56,8.8913206703213,831800,0.0000,1.0
2002-08-07,57.86,58.86,56.95,58.66,9.061238195292692,874900,0.0000,1.0
2002-08-08,58.16,61.55,58.14,61.0,9.422699112050022,1043600,0.0000,1.0
2002-08-09,60.5,61.39,59.3,61.1,9.438146159774695,901100,0.0000,1.0
2002-08-12,60.38,61.11,59.56,60.71,9.377902673648473,752500,0.0000,1.0
2002-08-13,60.71,61.27,59.42,59.58,9.203351034359677,820400,0.0000,1.0
2002-08-14,59.63,61.67,58.16,61.5,9.499934350673383,1049800,0.0000,1.0
2002-08-15,61.55,61.91,59.45,60.69,9.374813264103537,1209900,0.0000,1.0
2002-08-16,60.34,61.0,60.26,60.8,9.391805016600676,1060400,0.0000,1.0
2002-08-19,60.9,63.18,60.61,62.62,9.67294128518971,1181700,0.0000,1.0
2002-08-20,62.52,63.0,61.82,62.21,9.609608389518556,799700,0.0000,1.0
2002-08-21,62.3,63.57,62.25,63.55,9.81659882902916,709300,0.0000,1.0
2002-08-22,63.39,63.74,62.63,63.65,9.832045876753833,865400,0.0000,1.0
2002-08-23,63.4,63.49,62.68,62.74,9.691477742459318,751500,0.0000,1.0
2002-08-26,62.74,63.85,62.3,63.72,9.842858810161104,1060800,0.0000,1.0
2002-08-27,63.97,64.1,62.89,62.91,9.71773772359126,1003000,0.0000,1.0
2002-08-28,62.31,62.55,60.57,61.15,9.44586968363703,933600,0.0000,1.0
2002-08-29,59.95,60.98,59.6,59.93,9.25741570139603,1271600,0.0000,1.0
2002-08-30,59.93,61.5,59.85,60.55,9.353187397288997,1253400,0.0000,1.0
2002-09-03,60.45,61.0,59.65,60.35,9.322293301839652,1165700,0.0000,1.0
2002-09-04,60.25,61.12,58.88,60.94,9.413430883415218,1193400,0.0000,1.0
2002-09-05,59.0,59.95,57.51,58.51,9.038067623705684,3382300,0.0000,1.0
2002-09-06,59.2,60.3,59.1,59.25,9.15237577686826,1630800,0.0000,1.0
2002-09-09,59.1,59.74,58.21,59.42,9.209529853449547,765300,0.2000,1.0
2002-09-10,59.25,60.33,59.03,60.31,9.347471313725045,883000,0.0000,1.0
2002-09-11,60.92,60.93,60.09,60.48,9.373819682541713,540200,0.0000,1.0
2002-09-12,60.48,60.48,59.3,59.66,9.24672755060249,590100,0.0000,1.0
2002-09-13,59.46,59.62,58.7,59.44,9.212629661545625,634000,0.0000,1.0
2002-09-16,59.34,59.4,58.55,58.97,9.139784171287777,844000,0.0000,1.0
2002-09-17,59.45,60.03,58.52,59.05,9.152183403672092,900100,0.0000,1.0
2002-09-18,58.95,59.05,58.06,58.3,9.035940600069145,757300,0.0000,1.0
2002-09-19,58.15,59.93,57.7,58.36,9.04524002435738,1328100,0.0000,1.0
2002-09-20,58.5,59.7,58.28,59.4,9.206430045353468,1152600,0.0000,1.0
2002-09-23,58.85,59.1,58.09,58.89,9.127384938903464,771500,0.0000,1.0
2002-09-24,58.69,58.69,56.86,56.86,8.812754417151485,1370000,0.0000,1.0
2002-09-25,57.76,58.1,56.93,57.81,8.95999530171522,1409200,0.0000,1.0
2002-09-26,58.46,60.97,57.92,60.76,9.417216995886813,1254700,0.0000,1.0
2002-09-27,60.64,60.65,58.41,59.09,9.15838301986425,1533500,0.0000,1.0
2002-09-30,58.2,58.39,56.16,57.87,8.969294726003454,1568400,0.0000,1.0
2002-10-01,58.47,60.3,57.4,60.28,9.342821601580926,1550700,0.0000,1.0
2002-10-02,58.5,59.34,56.02,56.65,8.78020643214266,2643200,0.0000,1.0
2002-10-03,56.54,58.49,56.54,57.85,8.966194917907377,1593900,0.0000,1.0
2002-10-04,57.85,57.85,55.09,57.39,8.894899331697568,1888600,0.0000,1.0
2002-10-07,56.85,58.2,56.31,56.54,8.763157487614228,1499900,0.0000,1.0
2002-10-08,57.45,58.48,56.4,58.0,8.989443478627965,1685300,0.0000,1.0
2002-10-09,57.3,57.3,54.95,55.29,8.569419481609314,1120500,0.0000,1.0
2002-10-10,55.55,58.24,55.0,57.88,8.970844630051495,1426100,0.0000,1.0
2002-10-11,58.85,60.0,58.3,59.99,9.297874384187788,1233600,0.0000,1.0
2002-10-14,59.99,59.99,58.6,59.05,9.152183403672092,858400,0.0000,1.0
2002-10-15,60.25,61.5,59.5,61.5,9.531909895441721,1411800,0.0000,1.0
2002-10-16,59.9,60.49,58.39,59.05,9.152183403672092,1333300,0.0000,1.0
2002-10-17,59.87,60.55,59.65,60.0,9.299424288235826,1330100,0.0000,1.0
2002-10-18,59.8,60.05,58.6,59.66,9.24672755060249,969000,0.0000,1.0
2002-10-21,59.3,60.72,58.9,60.66,9.40171795540642,805200,0.0000,1.0
2002-10-22,60.0,61.0,58.91,58.95,9.1366843631917,1144800,0.0000,1.0
2002-10-23,58.67,59.79,58.67,59.63,9.242077838458373,1332000,0.0000,1.0
2002-10-24,61.11,61.76,60.74,61.2,9.485412774000544,2056600,0.0000,1.0
2002-10-25,60.65,60.85,58.8,60.77,9.418766899934853,1544500,0.0000,1.0
2002-10-28,61.66,61.66,59.76,60.23,9.33507208134073,874600,0.0000,1.0
2002-10-29,60.3,60.34,58.44,59.81,9.26997611132308,712300,0.0000,1.0
2002-10-30,59.71,61.0,59.52,59.86,9.277725631563277,1034900,0.0000,1.0
2002-10-31,59.87,60.32,58.69,59.05,9.152183403672092,873600,0.0000,1.0
2002-11-01,58.8,60.99,58.62,60.71,9.409467475646617,912000,0.0000,1.0
2002-11-04,61.0,61.33,60.15,60.75,9.415667091838774,1212900,0.0000,1.0
2002-11-05,60.75,61.17,60.01,60.8,9.42341661207897,736700,0.0000,1.0
2002-11-06,61.15,62.15,60.68,61.86,9.587706441171138,1280600,0.0000,1.0
2002-11-07,61.36,61.49,60.4,60.95,9.44666517279956,665800,0.0000,1.0
2002-11-08,60.8,61.54,60.08,60.3,9.345921409677006,712500,0.0000,1.0
2002-11-11,60.05,60.06,58.65,58.75,9.105686282230913,837900,0.0000,1.0
2002-11-12,58.8,59.45,58.72,58.92,9.132034651047581,1197400,0.0000,1.0
2002-11-13,58.5,58.51,57.28,57.66,8.936746740994629,1458400,0.0000,1.0
2002-11-14,58.0,58.74,57.83,58.39,9.049889736501498,1103800,0.0000,1.0
2002-11-15,58.4,59.25,58.37,59.19,9.173882060344642,958100,0.0000,1.0
2002-11-18,59.27,59.29,57.47,57.95,8.981693958387769,816900,0.0000,1.0
2002-11-19,58.05,58.75,57.75,58.5,9.066938681029932,941800,0.0000,1.0
2002-11-20,58.8,59.07,57.94,58.1,9.00494251910836,960100,0.0000,1.0
2002-11-21,58.1,58.46,57.23,57.45,8.904198755985805,2835700,0.0000,1.0
2002-11-22,57.0,57.61,56.35,56.45,8.749208351181874,1714800,0.0000,1.0
2002-11-25,56.65,56.99,56.05,56.7,8.787955952382857,1442900,0.0000,1.0
2002-11-26,56.32,57.35,55.85,56.36,8.735259214749519,1553800,0.0000,1.0
2002-11-27,56.3,58.89,56.3,58.16,9.014241943396593,1029800,0.0000,1.0
2002-11-29,58.25,58.56,57.87,57.9,8.973944438147573,411300,0.0000,1.0
2002-12-02,58.5,59.13,57.9,59.07,9.155283211768172,1426800,0.0000,1.0
2002-12-03,58.75,59.5,58.25,58.79,9.11188589842307,1478900,0.0000,1.0
2002-12-04,57.95,59.74,57.9,59.26,9.184731388680918,929000,0.0000,1.0
2002-12-05,59.4,59.4,58.83,58.95,9.1366843631917,855700,0.0000,1.0
2002-12-06,59.45,60.29,59.2,60.24,9.33662198538877,1545100,0.0000,1.0
2002-12-09,60.01,60.01,59.1,59.37,9.237428126314255,800000,0.2300,1.0
2002-12-10,59.49,59.68,58.99,59.59,9.27165811094941,776400,0.0000,1.0
2002-12-11,59.2,60.24,59.0,60.11,9.352565347359775,649400,0.0000,1.0
2002-12-12,59.76,59.76,58.93,59.06,9.189194966146536,880000,0.0000,1.0
2002-12-13,59.07,60.16,58.76,59.5,9.257654935416845,846500,0.0000,1.0
2002-12-16,60.0,61.08,60.0,60.92,9.478593927152845,1225700,0.0000,1.0
2002-12-17,60.86,61.6,60.2,60.6,9.428804858592619,2032400,0.0000,1.0
2002-12-18,60.4,60.75,59.68,60.0,9.335450355042198,1152000,0.0000,1.0
2002-12-19,59.6,60.58,59.59,60.0,9.335450355042198,916300,0.0000,1.0
2002-12-20,60.5,60.91,60.25,60.89,9.473926201975324,916500,0.0000,1.0
2002-12-23,60.5,60.5,59.29,59.85,9.312111729154593,1289700,0.0000,1.0
2002-12-24,59.71,59.92,59.65,59.75,9.296552645229522,273000,0.0000,1.0
2002-12-26,59.75,60.58,59.75,59.96,9.32922672147217,419600,0.0000,1.0
2002-12-27,59.81,59.95,59.63,59.75,9.296552645229522,516100,0.0000,1.0
2002-12-30,59.6,60.14,59.0,60.03,9.34011808021972,649200,0.0000,1.0
2002-12-31,59.88,60.08,59.02,59.87,9.315223545939606,658300,0.0000,1.0
2003-01-02,60.12,61.25,59.67,61.19,9.520603453750534,722900,0.0000,1.0
2003-01-03,60.75,61.0,60.29,60.79,9.458367118050253,537900,0.0000,1.0
2003-01-06,60.65,61.99,60.65,61.89,9.629517041226027,785900,0.0000,1.0
2003-01-07,61.39,61.9,61.0,61.9,9.631072949618533,1118100,0.0000,1.0
2003-01-08,61.7,61.8,60.8,61.1,9.506600278217972,785500,0.0000,1.0
2003-01-09,61.1,61.91,61.02,61.75,9.607734323730927,821400,0.0000,1.0
2003-01-10,61.0,61.53,60.94,61.53,9.573504339095773,1009200,0.0000,1.0
2003-01-13,61.51,61.7,60.88,61.3,9.53771844606811,756300,0.0000,1.0
2003-01-14,61.3,61.3,60.6,60.88,9.472370293582816,1037600,0.0000,1.0
2003-01-15,60.75,61.42,60.01,60.17,9.361900797714817,611000,0.0000,1.0
2003-01-16,60.45,60.88,59.8,59.9,9.319891271117127,1001800,0.0000,1.0
2003-01-17,59.8,60.22,59.58,59.85,9.312111729154593,773500,0.0000,1.0
2003-01-21,60.14,60.55,59.5,59.5,9.257654935416845,1358300,0.0000,1.0
2003-01-22,59.25,60.3,56.8,57.11,8.885792829607665,3009400,0.0000,1.0
2003-01-23,57.5,58.57,57.28,57.85,9.000930050653185,2490300,0.0000,1.0
2003-01-24,57.5,57.53,56.24,56.46,8.784658784094708,1352700,0.0000,1.0
2003-01-27,56.3,56.86,55.5,55.5,8.635291578414032,1316400,0.0000,1.0
2003-01-28,56.0,56.35,55.15,55.45,8.627512036451497,1810900,0.0000,1.0
2003-01-29,56.0,56.35,55.15,55.45,8.627512036451497,1445900,0.0000,1.0
2003-01-30,56.0,56.63,55.32,55.32,8.607285227348905,1482900,0.0000,1.0
2003-01-31,55.25,57.06,55.21,57.06,8.87801328764513,1598700,0.0000,1.0
2003-02-03,56.77,57.14,56.2,56.62,8.80955331837482,1030800,0.0000,1.0
2003-02-04,56.5,56.59,55.99,56.39,8.773767425347158,929100,0.0000,1.0
2003-02-05,56.39,57.26,55.9,56.13,8.733313807141975,1021200,0.0000,1.0
2003-02-06,56.13,56.76,55.71,56.35,8.76754379177713,842600,0.0000,1.0
2003-02-07,56.9,56.96,55.8,56.2,8.744205165889525,896400,0.0000,1.0
2003-02-10,56.19,56.57,55.55,56.26,8.753540616244567,829100,0.0000,1.0
2003-02-11,56.3,56.31,55.61,55.68,8.663297929479159,899800,0.0000,1.0
2003-02-12,55.58,56.0,55.18,55.18,8.585502509853807,663400,0.0000,1.0
2003-02-13,55.9,56.1,54.68,55.1,8.573055242713751,1386400,0.0000,1.0
2003-02-14,55.25,55.48,54.75,55.29,8.602617502171384,676900,0.0000,1.0
2003-02-18,55.8,56.49,55.67,56.43,8.779991058917187,686500,0.0000,1.0
2003-02-19,56.43,56.45,55.65,55.75,8.674189288226708,560200,0.0000,1.0
2003-02-20,56.0,56.34,55.11,55.24,8.59483796020885,672800,0.0000,1.0
2003-02-21,55.3,56.86,55.2,56.37,8.770655608562144,1198900,0.0000,1.0
2003-02-24,56.2,56.21,55.0,55.2,8.588614326638822,1002100,0.0000,1.0
2003-02-25,54.85,54.87,53.7,54.58,8.492148006303385,1530000,0.0000,1.0
2003-02-26,54.95,55.76,54.86,55.25,8.596393868601357,1144700,0.0000,1.0
2003-02-27,55.26,55.75,54.7,55.25,8.596393868601357,700000,0.0000,1.0
2003-02-28,55.35,56.0,55.05,55.19,8.587058418246315,914800,0.0000,1.0
2003-03-03,55.6,56.09,55.1,55.23,8.593282051816342,785400,0.0000,1.0
2003-03-04,55.3,55.35,53.92,54.03,8.406573044715499,1057500,0.0000,1.0
2003-03-05,53.9,54.34,53.45,54.29,8.447026662920681,1406700,0.0000,1.0
2003-03-06,54.3,54.3,53.7,53.75,8.363007609725301,940400,0.0000,1.0
2003-03-07,53.6,55.25,53.4,54.9,8.54193707486361,1075700,0.0000,1.0
2003-03-10,54.67,54.67,52.73,52.74,8.241646755109754,1382900,0.2300,1.0
2003-03-11,52.87,53.24,51.85,51.99,8.1244447250314,1024300,0.0000,1.0
2003-03-12,51.5,51.96,50.9,51.34,8.022869632296828,1421200,0.0000,1.0
2003-03-13,51.7,52.69,51.56,52.66,8.229145205234728,1604200,0.0000,1.0
2003-03-14,53.0,53.54,52.7,53.18,8.310405279422387,1901500,0.0000,1.0
2003-03-17,53.18,54.73,53.04,54.73,8.55262280825098,1131600,0.0000,1.0
2003-03-18,54.73,55.65,54.6,55.6,8.68857716314187,1324800,0.0000,1.0
2003-03-19,55.75,56.0,54.87,55.12,8.613567863891724,1101500,0.0000,1.0
2003-03-20,55.12,56.5,54.95,56.24,8.788589562142064,1287800,0.0000,1.0
2003-03-21,57.5,58.26,56.95,58.26,9.104253696486428,1696200,0.0000,1.0
2003-03-24,57.3,57.4,56.27,56.66,8.854222698985941,931400,0.0000,1.0
2003-03-25,55.55,56.2,54.72,56.2,8.782338787204553,2837600,0.0000,1.0
2003-03-26,56.19,56.79,55.84,56.61,8.846409230314052,1436600,0.0000,1.0
2003-03-27,56.6,56.9,55.8,56.45,8.821406130564004,804500,0.0000,1.0
2003-03-28,56.2,56.66,55.7,56.44,8.819843436829625,660100,0.0000,1.0
2003-03-31,55.94,55.99,54.8,55.0,8.594815539079189,948400,0.0000,1.0
2003-04-01,54.8,55.9,54.18,55.9,8.735457975173212,1201200,0.0000,1.0
2003-04-02,56.65,57.75,56.62,57.56,8.994865135079966,1221700,0.0000,1.0
2003-04-03,57.8,57.8,56.2,56.41,8.81515535562649,919000,0.0000,1.0
2003-04-04,56.65,57.25,56.64,56.88,8.888601961142259,809000,0.0000,1.0
2003-04-07,58.4,59.42,57.81,57.92,9.051122109517575,1630600,0.0000,1.0
2003-04-08,57.92,58.26,57.36,57.74,9.02299362229877,906300,0.0000,1.0
2003-04-09,58.73,58.73,57.06,57.06,8.916730448361063,1084900,0.0000,1.0
2003-04-10,57.25,57.71,56.95,57.5,8.985488972673696,948600,0.0000,1.0
2003-04-11,57.75,58.2,56.9,56.95,8.899540817282906,916700,0.0000,1.0
2003-04-14,57.05,58.11,56.88,58.11,9.080813290470758,865200,0.0000,1.0
2003-04-15,58.11,59.05,57.99,59.03,9.224581114033537,828200,0.0000,1.0
2003-04-16,58.98,59.6,58.2,58.73,9.177700302002195,2744200,0.0000,1.0
2003-04-17,57.73,58.76,57.72,58.4,9.12613140876772,1555300,0.0000,1.0
2003-04-21,58.75,58.75,58.2,58.23,9.099565615283293,834200,0.0000,1.0
2003-04-22,58.23,59.6,57.98,59.6,9.313654656893085,832800,0.0000,1.0
2003-04-23,59.35,59.69,58.72,58.72,9.176137608267817,941300,0.0000,1.0
2003-04-24,59.15,59.6,58.85,58.95,9.212079564158513,1091100,0.0000,1.0
2003-04-25,58.95,59.89,58.31,59.36,9.276150007268011,995400,0.0000,1.0
2003-04-28,59.36,60.0,59.12,59.93,9.36522355012756,929100,0.0000,1.0
2003-04-29,59.94,60.0,59.67,59.97,9.371474325065071,896400,0.0000,1.0
2003-04-30,59.75,59.9,59.12,59.52,9.301153107018061,1365300,0.0000,1.0
2003-05-01,59.2,59.66,58.65,59.11,9.237082663908561,727300,0.0000,1.0
2003-05-02,58.8,59.8,58.775,59.7,9.329281594236866,763100,0.0000,1.0
2003-05-05,60.0,60.2,59.65,60.08,9.38866395614323,1522300,0.0000,1.0
2003-05-06,59.95,60.4,59.768,60.31,9.424605912033925,919100,0.0000,1.0
2003-05-07,60.31,60.4,59.6,59.9,9.360535468924425,1005300,0.0000,1.0
2003-05-08,59.7,60.5,59.6,59.72,9.33240698170562,1000700,0.0000,1.0
2003-05-09,59.95,60.45,59.82,60.38,9.435544768174571,706600,0.0000,1.0
2003-05-12,60.29,61.28,60.1,60.63,9.474612111534022,875800,0.0000,1.0
2003-05-13,60.65,60.7,60.14,60.16,9.401165506018254,995000,0.0000,1.0
2003-05-14,60.45,60.5,59.7,60.16,9.401165506018254,787900,0.0000,1.0
2003-05-15,60.21,60.52,59.73,60.0,9.376162406268206,905200,0.0000,1.0
2003-05-16,59.85,60.4,59.72,59.97,9.371474325065071,753200,0.0000,1.0
2003-05-19,59.8,59.92,58.81,58.87,9.199578014283487,816100,0.0000,1.0
2003-05-20,59.1,59.97,59.1,59.37,9.27771270100239,956200,0.0000,1.0
2003-05-21,59.37,59.9,59.27,59.76,9.338657756643133,1217100,0.0000,1.0
2003-05-22,59.76,59.9,59.45,59.75,9.337095062908755,1264000,0.0000,1.0
2003-05-23,59.6,59.87,59.15,59.27,9.26208576365861,1143500,0.0000,1.0
2003-05-27,58.85,58.95,58.5,58.63,9.162073364658415,1780900,0.0000,1.0
2003-05-28,58.7,59.34,58.62,59.0,9.219893032830402,1622700,0.0000,1.0
2003-05-29,59.05,59.45,58.78,59.3,9.266773844861742,1825300,0.0000,1.0
2003-05-30,59.31,61.14,59.24,60.99,9.53086908597163,1872100,0.0000,1.0
2003-06-02,61.0,61.4,60.66,61.17,9.558997573190435,1194000,0.0000,1.0
2003-06-03,60.93,61.62,60.9,61.45,9.60275299775302,1141900,0.0000,1.0
2003-06-04,61.11,61.76,61.01,61.28,9.576187204268594,811400,0.0000,1.0
2003-06-05,61.28,61.29,60.11,61.05,9.540245248377898,1091000,0.0000,1.0
2003-06-06,61.35,61.99,60.75,60.97,9.527743698502874,1308200,0.0000,1.0
2003-06-09,60.74,60.86,60.1,60.3,9.45898517419024,845600,0.2300,1.0
2003-06-10,60.3,60.45,59.85,60.45,9.482514988056385,1027100,0.0000,1.0
2003-06-11,60.2,60.85,59.98,60.85,9.545261158366104,778000,0.0000,1.0
2003-06-12,60.85,61.4,60.65,61.14,9.590752131840652,879800,0.0000,1.0
2003-06-13,61.24,61.31,60.11,60.28,9.455847865674755,963900,0.0000,1.0
2003-06-16,60.2,61.31,60.19,61.3,9.615850599964539,793100,0.0000,1.0
2003-06-17,61.1,61.1,60.02,60.33,9.463691136963469,1393300,0.0000,1.0
2003-06-18,60.15,60.2,59.63,59.88,9.393101695365035,807900,0.0000,1.0
2003-06-19,60.25,60.3,59.07,59.15,9.278589934549796,1379000,0.0000,1.0
2003-06-20,59.05,59.25,58.41,58.76,9.217412418497819,1054800,0.0000,1.0
2003-06-23,58.7,59.09,58.51,58.55,9.184470679085216,987500,0.0000,1.0
2003-06-24,58.5,58.52,57.61,58.24,9.135842397095184,964800,0.0000,1.0
2003-06-25,58.25,58.98,57.2,57.25,8.980545625578628,1273700,0.0000,1.0
2003-06-26,57.5,58.77,57.25,58.34,9.151528939672614,1163000,0.0000,1.0
2003-06-27,58.25,58.6,57.16,57.95,9.090351423620637,1029000,0.0000,1.0
2003-06-30,57.85,58.8,57.64,58.02,9.101332003424838,738600,0.0000,1.0
2003-07-01,57.77,58.2,57.15,58.17,9.124861817290983,1157800,0.0000,1.0
2003-07-02,58.17,58.7,58.1,58.39,9.15937221096133,890100,0.0000,1.0
2003-07-03,57.95,58.38,57.71,57.8,9.066821609754491,724100,0.0000,1.0
2003-07-07,58.25,59.55,58.25,59.19,9.284864551580768,886700,0.0000,1.0
2003-07-08,58.94,59.41,58.77,59.38,9.314668982477885,627400,0.0000,1.0
2003-07-09,59.2,59.5,58.21,58.6,9.192313950373931,657000,0.0000,1.0
2003-07-10,57.75,58.75,57.68,57.85,9.074664881043207,783400,0.0000,1.0
2003-07-11,58.0,58.85,57.97,58.72,9.211137801466847,805300,0.0000,1.0
2003-07-14,58.8,60.21,58.76,59.14,9.277021280292054,991400,0.0000,1.0
2003-07-15,59.1,59.3,58.75,59.1,9.27074666326108,1309700,0.0000,1.0
2003-07-16,59.11,59.391,58.61,58.98,9.251922812168164,1014000,0.0000,1.0
2003-07-17,58.9,59.05,57.8,58.16,9.123293163033239,941100,0.0000,1.0
2003-07-18,58.7,59.16,57.9,59.04,9.261334737714623,691700,0.0000,1.0
2003-07-21,58.85,58.98,58.41,58.68,9.204863184435876,612000,0.0000,1.0
2003-07-22,58.68,59.16,58.47,59.1,9.27074666326108,736400,0.0000,1.0
2003-07-23,59.05,59.08,58.55,58.89,9.23780492384848,557500,0.0000,1.0
2003-07-24,59.6,61.7,59.34,60.7,9.52173134449996,2052600,0.0000,1.0
2003-07-25,60.7,61.26,59.96,61.22,9.603301365902595,1106300,0.0000,1.0
2003-07-28,61.22,61.25,60.12,60.45,9.482514988056385,1116500,0.0000,1.0
2003-07-29,60.0,60.3,59.8,59.92,9.399376312396006,1220600,0.0000,1.0
2003-07-30,60.3,60.3,59.97,59.97,9.407219583684721,1123100,0.0000,1.0
2003-07-31,60.6,61.89,60.4,60.94,9.559379046685791,1082900,0.0000,1.0
2003-08-01,60.8,60.95,60.4,60.71,9.523299998757704,1018500,0.0000,1.0
2003-08-04,60.49,61.12,60.35,61.1,9.584477514809679,869200,0.0000,1.0
2003-08-05,60.85,61.0,60.15,60.17,9.438592668839581,893000,0.0000,1.0
2003-08-06,60.17,60.53,59.97,60.0,9.411925546457951,944800,0.0000,1.0
2003-08-07,60.16,60.85,59.98,60.85,9.545261158366104,664200,0.0000,1.0
2003-08-08,60.95,61.32,60.52,61.24,9.606438674418081,579800,0.0000,1.0
2003-08-11,61.0,61.2,60.35,60.75,9.529574615788675,1000700,0.0000,1.0
2003-08-12,60.8,61.15,60.56,61.13,9.589183477582909,967400,0.0000,1.0
2003-08-13,61.32,61.34,60.51,60.72,9.524868653015446,645500,0.0000,1.0
2003-08-14,60.9,61.1,60.68,60.88,9.549967121139334,1048000,0.0000,1.0
2003-08-15,60.95,60.95,59.85,60.6,9.50604480192253,687800,0.0000,1.0
2003-08-18,60.58,61.03,60.41,60.82,9.540555195592876,981300,0.0000,1.0
2003-08-19,60.72,60.76,60.3,60.42,9.477809025283156,746800,0.0000,1.0
2003-08-20,60.29,60.55,60.24,60.4,9.47467171676767,539400,0.0000,1.0
2003-08-21,60.65,60.92,60.32,60.67,9.51702538172673,751100,0.0000,1.0
2003-08-22,60.4,60.89,59.48,59.51,9.335061487828543,863000,0.0000,1.0
2003-08-25,59.51,59.8,59.0,59.48,9.330355525055314,838300,0.0000,1.0
2003-08-26,59.15,59.57,58.75,59.48,9.330355525055314,1465100,0.0000,1.0
2003-08-27,59.47,59.69,59.02,59.68,9.361728610210175,795500,0.0000,1.0
2003-08-28,59.68,60.77,59.65,60.69,9.520162690242216,1451400,0.0000,1.0
2003-08-29,60.69,61.01,60.32,60.94,9.559379046685791,619500,0.0000,1.0
2003-09-02,60.74,61.2,60.42,61.1,9.584477514809679,946700,0.0000,1.0
2003-09-03,61.2,61.45,60.81,61.3,9.615850599964539,872700,0.0000,1.0
2003-09-04,61.3,61.38,60.47,61.31,9.617419254222282,693300,0.0000,1.0
2003-09-05,61.15,61.18,60.44,60.8,9.537417887077389,559700,0.0000,1.0
2003-09-08,60.63,61.05,60.43,60.81,9.575065589263222,609800,0.2300,1.0
2003-09-09,60.71,60.85,60.13,60.13,9.467993650425877,617200,0.0000,1.0
2003-09-10,60.13,60.49,60.0,60.34,9.501059984478587,827700,0.0000,1.0
2003-09-11,60.35,61.4,60.33,61.12,9.623877796674364,805400,0.0000,1.0
2003-09-12,61.12,61.18,60.23,60.9,9.589236875285811,684400,0.0000,1.0
2003-09-15,60.9,60.9,59.9,60.15,9.471142825097562,607200,0.0000,1.0
2003-09-16,60.25,60.93,60.22,60.45,9.518380445172863,802900,0.0000,1.0
2003-09-17,60.44,60.6,59.98,59.98,9.444374840388226,493700,0.0000,1.0
2003-09-18,60.05,61.3,60.02,61.21,9.638049082696956,928000,0.0000,1.0
2003-09-19,61.35,61.5,60.22,60.55,9.534126318531296,930500,0.0000,1.0
2003-09-22,60.1,60.18,59.75,60.15,9.471142825097562,723100,0.0000,1.0
2003-09-23,60.3,60.78,60.19,60.58,9.538850080538825,723700,0.0000,1.0
2003-09-24,60.29,60.59,59.6,59.68,9.397137220312928,847400,0.0000,1.0
2003-09-25,58.55,58.75,58.26,58.27,9.175120405959019,1350900,0.0000,1.0
2003-09-26,58.27,58.4,57.62,57.81,9.102689388510226,967300,0.0000,1.0
2003-09-29,57.81,58.72,57.57,58.41,9.197164628660826,1160000,0.0000,1.0
2003-09-30,58.35,58.64,57.52,58.17,9.159374532600586,1250100,0.0000,1.0
2003-10-01,57.94,58.87,57.93,58.87,9.269595646109618,1074500,0.0000,1.0
2003-10-02,58.87,59.24,58.4,59.05,9.297938218154798,1018300,0.0000,1.0
2003-10-03,59.6,60.1,59.24,59.24,9.32785537753582,1515300,0.0000,1.0
2003-10-06,59.2,59.28,58.7,58.84,9.264871884102089,919400,0.0000,1.0
2003-10-07,58.6,58.74,58.19,58.52,9.214485089355103,760900,0.0000,1.0
2003-10-08,58.4,58.48,58.05,58.1,9.148352421249683,988900,0.0000,1.0
2003-10-09,58.6,59.06,58.35,58.35,9.187717104645765,1104500,0.0000,1.0
2003-10-10,58.3,58.49,58.02,58.19,9.162523707272273,1022800,0.0000,1.0
2003-10-13,58.32,59.05,58.32,58.56,9.220783438698476,724200,0.0000,1.0
2003-10-14,58.3,58.46,58.0,58.13,9.153076183257213,1819500,0.0000,1.0
2003-10-15,58.3,58.35,57.8,57.82,9.10426397584607,1259000,0.0000,1.0
2003-10-16,57.9,58.75,57.9,58.35,9.187717104645765,879100,0.0000,1.0
2003-10-17,58.85,59.64,58.48,59.37,9.348325012901784,1367800,0.0000,1.0
2003-10-20,59.37,59.44,58.9,59.32,9.340452076222567,709600,0.0000,1.0
2003-10-21,59.15,59.24,58.52,58.55,9.219208851362632,1130500,0.0000,1.0
2003-10-22,58.55,58.64,57.91,58.11,9.149927008585527,770600,0.0000,1.0
2003-10-23,58.01,60.0,57.93,60.0,9.447524015059914,1405800,0.0000,1.0
2003-10-24,59.75,60.1,59.25,60.06,9.456971539074974,991000,0.0000,1.0
2003-10-27,60.17,60.3,59.8,59.9,9.43177814170148,819400,0.0000,1.0
2003-10-28,60.9,61.5,60.75,61.5,9.68371211543641,2155500,0.0000,1.0
2003-10-29,61.08,61.54,61.0,61.23,9.641198257368641,1074800,0.0000,1.0
2003-10-30,61.95,63.25,61.5,62.77,9.883684707088513,1778800,0.0000,1.0
2003-10-31,62.4,62.95,62.05,62.6,9.856916722379177,1125600,0.0000,1.0
2003-11-03,63.45,63.77,62.95,63.75,10.037994266001158,1485100,0.0000,1.0
2003-11-04,63.35,63.63,63.14,63.37,9.978159947239112,1386300,0.0000,1.0
2003-11-05,63.15,63.5,63.01,63.31,9.968712423224051,724800,0.0000,1.0
2003-11-06,63.4,64.93,63.1,64.93,10.22379557163067,1946800,0.0000,1.0
2003-11-07,64.93,65.15,64.6,64.7,10.187580062906274,1502300,0.0000,1.0
2003-11-10,64.6,64.65,63.89,64.18,10.105701521442422,1095800,0.0000,1.0
2003-11-11,64.17,64.45,63.56,63.63,10.01909921797104,1212900,0.0000,1.0
2003-11-12,63.4,63.83,63.4,63.8,10.045867202680373,931500,0.0000,1.0
2003-11-13,63.8,63.99,63.45,63.96,10.071060600053867,1056400,0.0000,1.0
2003-11-14,63.97,64.35,63.9,64.26,10.118298220129168,1199600,0.0000,1.0
2003-11-17,64.26,64.26,63.68,64.06,10.0868064734123,1445200,0.0000,1.0
2003-11-18,64.02,64.2,63.3,63.32,9.970287010559895,1183400,0.0000,1.0
2003-11-19,63.15,63.47,62.9,63.33,9.971861597895739,1039600,0.0000,1.0
2003-11-20,63.12,63.6,62.8,63.04,9.926198565156282,1073800,0.0000,1.0
2003-11-21,62.97,63.07,62.78,63.06,9.92934773982797,902700,0.0000,1.0
2003-11-24,63.4,63.76,63.07,63.76,10.039568853337,926700,0.0000,1.0
2003-11-25,63.66,63.76,63.05,63.46,9.992331233261702,1018900,0.0000,1.0
2003-11-26,63.65,63.99,63.44,63.97,10.07263518738971,662900,0.0000,1.0
2003-11-28,63.97,64.0,63.68,63.68,10.026972154650254,410100,0.0000,1.0
2003-12-01,63.92,64.85,63.71,64.78,10.20017676159302,1324600,0.0000,1.0
2003-12-02,64.6,64.69,64.28,64.54,10.16238666553278,1233700,0.0000,1.0
2003-12-03,64.4,64.89,64.3,64.76,10.197027586921333,770100,0.0000,1.0
2003-12-04,64.77,65.37,64.71,65.25,10.274182366377655,1267600,0.0000,1.0
2003-12-05,65.3,66.5,65.27,65.44,10.304099525758678,1430800,0.0000,1.0
2003-12-08,65.1,65.38,64.98,65.34,10.335591272475547,1014500,0.3000,1.0
2003-12-09,65.35,66.34,65.34,66.09,10.454227535933713,1433300,0.0000,1.0
2003-12-10,66.15,66.49,65.99,66.46,10.51275475923974,1218000,0.0000,1.0
2003-12-11,66.4,66.94,66.31,66.94,10.588681967852969,1039600,0.0000,1.0
2003-12-12,66.75,67.36,66.56,67.31,10.647209191159,930400,0.0000,1.0
2003-12-15,67.31,67.55,66.8,67.0,10.598172868929623,1125200,0.0000,1.0
2003-12-16,66.55,67.25,66.54,67.14,10.620318304775148,779600,0.0000,1.0
2003-12-17,66.94,67.79,66.7,67.79,10.723136399772226,908000,0.0000,1.0
2003-12-18,67.7,68.28,67.43,67.95,10.748445469309969,1285600,0.0000,1.0
2003-12-19,67.75,68.14,67.66,67.86,10.734209117694988,1073700,0.0000,1.0
2003-12-22,67.85,68.8,67.8,68.63,10.856009014845373,1004500,0.0000,1.0
2003-12-23,68.38,68.75,68.15,68.61,10.852845381153156,877200,0.0000,1.0
2003-12-24,68.38,68.79,68.24,68.56,10.844936296922612,312700,0.0000,1.0
2003-12-26,68.5,68.96,68.48,68.71,10.868663549614244,200600,0.0000,1.0
2003-12-29,68.8,69.49,68.6,69.49,10.992045263610738,830800,0.0000,1.0
2003-12-30,69.25,69.39,68.94,69.25,10.954081659304125,537700,0.0000,1.0
2003-12-31,69.1,69.5,69.07,69.48,10.99046344676463,626300,0.0000,1.0
2004-01-02,69.38,69.56,68.68,69.09,10.928772589766384,1039500,0.0000,1.0
2004-01-05,69.15,69.29,68.85,69.29,10.960408926688562,740100,0.0000,1.0
2004-01-06,68.79,68.95,68.07,68.48,10.832281762153741,887300,0.0000,1.0
2004-01-07,66.75,67.27,65.61,67.13,10.618736487929038,2324300,0.0000,1.0
2004-01-08,67.0,67.49,66.8,67.08,10.610827403698494,1209300,0.0000,1.0
2004-01-09,66.92,67.25,66.35,66.53,10.523827477162504,1069500,0.0000,1.0
2004-01-12,66.25,67.1,66.19,67.06,10.607663770006276,902200,0.0000,1.0
2004-01-13,66.98,67.25,66.41,67.06,10.607663770006276,1021500,0.0000,1.0
2004-01-14,67.25,67.46,66.84,67.35,10.653536458543433,589500,0.0000,1.0
2004-01-15,67.36,67.61,66.95,67.35,10.653536458543433,730600,0.0000,1.0
2004-01-16,67.35,67.41,66.6,66.75,10.5586274477769,1076900,0.0000,1.0
2004-01-20,66.65,66.79,66.24,66.43,10.508009308701416,852900,0.0000,1.0
2004-01-21,66.0,67.27,65.55,67.01,10.599754685775732,2037600,0.0000,1.0
2004-01-22,66.91,67.4,66.6,67.16,10.623481938467364,1149200,0.0000,1.0
2004-01-23,67.0,67.06,65.4,65.63,10.381463961012702,1494800,0.0000,1.0
2004-01-26,65.53,66.4,65.4,66.33,10.492191140240326,690500,0.0000,1.0
2004-01-27,66.33,66.69,65.92,66.29,10.485863872855893,947000,0.0000,1.0
2004-01-28,65.8,65.86,65.1,65.1,10.29762766816893,1933200,0.0000,1.0
2004-01-29,65.15,65.4,64.8,64.81,10.251754979631775,1741800,0.0000,1.0
2004-01-30,64.8,64.8,63.88,64.4,10.18690048894131,1322700,0.0000,1.0
2004-02-02,64.35,64.65,63.64,64.11,10.141027800404151,1143000,0.0000,1.0
2004-02-03,64.08,64.98,63.99,64.08,10.136282349865825,1016800,0.0000,1.0
2004-02-04,63.75,64.4,63.6,63.9,10.107809646635864,1000000,0.0000,1.0
2004-02-05,64.05,64.69,63.75,64.32,10.174245954172436,876200,0.0000,1.0
2004-02-06,64.3,65.0,63.97,64.88,10.262827697554535,654100,0.0000,1.0
2004-02-09,64.92,65.73,64.85,65.35,10.337173089321654,727000,0.0000,1.0
2004-02-10,65.15,65.77,65.11,65.69,10.390954862089357,696200,0.0000,1.0
2004-02-11,65.6,66.28,65.3,66.15,10.463718437010368,756800,0.0000,1.0
2004-02-12,66.05,66.09,65.55,65.55,10.368809426243832,420000,0.0000,1.0
2004-02-13,65.45,65.6,64.77,64.84,10.256500430170101,1133200,0.0000,1.0
2004-02-17,64.59,64.6,63.2,64.0,10.123627815096953,1938700,0.0000,1.0
2004-02-18,63.7,64.61,63.7,64.02,10.12679144878917,771100,0.0000,1.0
2004-02-19,64.43,64.68,63.96,64.19,10.153682335173022,728500,0.0000,1.0
2004-02-20,64.42,64.53,64.01,64.16,10.148936884634695,627300,0.0000,1.0
2004-02-23,64.14,64.25,63.71,63.91,10.109391463481973,657900,0.0000,1.0
2004-02-24,63.72,64.01,63.4,63.92,10.110973280328082,925700,0.0000,1.0
2004-02-25,63.95,64.3,63.67,63.93,10.11255509717419,627700,0.0000,1.0
2004-02-26,63.68,64.0,63.451,63.65,10.06826422548314,739500,0.0000,1.0
2004-02-27,63.87,63.99,63.2,63.64,10.066682408637034,1164700,0.0000,1.0
2004-03-01,62.7,62.95,62.11,62.51,9.887937105026728,2423900,0.0000,1.0
2004-03-02,62.45,62.79,62.35,62.35,9.862628035488985,1350800,0.0000,1.0
2004-03-03,62.1,62.32,61.78,62.08,9.819918980644044,954900,0.0000,1.0
2004-03-04,62.0,62.09,61.07,61.23,9.685464548724788,1675200,0.0000,1.0
2004-03-05,61.23,62.08,61.01,61.83,9.780373559491322,1203200,0.0000,1.0
2004-03-08,61.6,62.18,61.44,61.84,9.829409881720698,760600,0.3000,1.0
2004-03-09,61.84,61.94,61.3,61.59,9.789672616674933,1502200,0.0000,1.0
2004-03-10,61.5,61.68,61.2,61.23,9.732450955009028,1939900,0.0000,1.0
2004-03-11,60.9,61.55,60.89,61.13,9.716556048990723,1930700,0.0000,1.0
2004-03-12,61.13,62.31,61.13,62.3,9.902526449404908,985300,0.0000,1.0
2004-03-15,62.4,62.4,61.68,61.98,9.851662750146327,1725800,0.0000,1.0
2004-03-16,62.08,62.26,61.36,61.83,9.827820391118868,1192700,0.0000,1.0
2004-03-17,62.2,62.27,61.9,61.95,9.846894278340836,1012200,0.0000,1.0
2004-03-18,61.8,62.25,61.4,61.97,9.850073259544496,845700,0.0000,1.0
2004-03-19,61.62,61.75,61.13,61.16,9.721324520796214,1459500,0.0000,1.0
2004-03-22,61.17,61.43,60.41,60.63,9.63708151889919,1008300,0.0000,1.0
2004-03-23,60.9,61.28,60.47,60.51,9.618007631677223,1517100,0.0000,1.0
2004-03-24,59.75,60.24,59.74,60.05,9.544891063993013,1310500,0.0000,1.0
2004-03-25,60.35,60.89,60.25,60.77,9.65933438732482,1179900,0.0000,1.0
2004-03-26,60.6,61.17,60.5,60.85,9.672050312139465,821600,0.0000,1.0
2004-03-29,60.86,61.32,60.61,61.13,9.716556048990723,1102700,0.0000,1.0
2004-03-30,61.1,61.1,60.01,60.42,9.603702216260748,1949300,0.0000,1.0
2004-03-31,60.4,60.4,59.38,59.82,9.508332780150909,3214300,0.0000,1.0
2004-04-01,59.7,59.93,59.34,59.76,9.498795836539925,2543600,0.0000,1.0
2004-04-02,60.08,60.24,59.5,59.81,9.506743289549078,2750000,0.0000,1.0
2004-04-05,59.2,59.41,58.37,58.62,9.317593907931231,2942000,0.0000,1.0
2004-04-06,58.54,58.93,58.35,58.59,9.31282543612574,2592900,0.0000,1.0
2004-04-07,58.6,58.6,57.88,58.01,9.220634981219561,2026800,0.0000,1.0
2004-04-08,57.9,57.97,57.05,57.05,9.06804388344382,2574500,0.0000,1.0
2004-04-12,57.07,57.23,56.7,57.06,9.069633374045651,1621600,0.0000,1.0
2004-04-13,57.5,57.5,56.77,56.77,9.023538146592562,1424400,0.0000,1.0
2004-04-14,56.67,57.44,56.66,57.31,9.109370639091418,2184000,0.0000,1.0
2004-04-15,57.48,57.71,57.15,57.31,9.109370639091418,1639400,0.0000,1.0
2004-04-16,57.1,57.66,56.56,57.52,9.14274994172986,2423200,0.0000,1.0
2004-04-19,57.53,57.8,56.75,57.51,9.14116045112803,1098900,0.0000,1.0
2004-04-20,57.51,57.79,57.401,57.52,9.14274994172986,1529600,0.0000,1.0
2004-04-21,57.75,58.23,57.4,58.13,9.23970886844153,1995600,0.0000,1.0
2004-04-22,58.0,59.28,57.87,59.15,9.401836909828255,2032000,0.0000,1.0
2004-04-23,59.68,59.89,59.07,59.84,9.511511761354571,2176300,0.0000,1.0
2004-04-26,59.84,59.99,59.36,59.47,9.452700609086836,1630400,0.0000,1.0
2004-04-27,59.37,59.65,58.91,59.26,9.419321306448392,1326200,0.0000,1.0
2004-04-28,59.27,60.47,59.2,59.89,9.519459214363723,1632100,0.0000,1.0
2004-04-29,59.88,59.98,59.1,59.3,9.425679268855715,2095400,0.0000,1.0
2004-04-30,59.27,59.37,58.75,58.93,9.366868116587982,1317000,0.0000,1.0
2004-05-03,58.85,58.87,58.47,58.7,9.330309832745877,1545100,0.0000,1.0
2004-05-04,58.61,58.96,58.45,58.63,9.319183398533063,1544500,0.0000,1.0
2004-05-05,58.55,58.7,58.21,58.45,9.290572567700112,1843600,0.0000,1.0
2004-05-06,58.2,58.26,57.65,58.04,9.225403453025054,1169000,0.0000,1.0
2004-05-07,57.85,58.0,56.91,56.99,9.058506939832837,1339300,0.0000,1.0
2004-05-10,56.92,57.06,56.45,56.69,9.010822221777916,1137300,0.0000,1.0
2004-05-11,56.58,57.25,56.58,56.92,9.047380505620023,1297300,0.0000,1.0
2004-05-12,56.8,56.84,55.81,56.78,9.025127637194393,1955500,0.0000,1.0
2004-05-13,56.65,57.77,56.51,57.52,9.14274994172986,1494000,0.0000,1.0
2004-05-14,57.35,57.75,57.0,57.37,9.1189075827024,1045500,0.0000,1.0
2004-05-17,56.9,57.17,56.46,56.46,8.974263937935813,1160200,0.0000,1.0
2004-05-18,56.53,56.6,56.12,56.3,8.948832088306522,1105000,0.0000,1.0
2004-05-19,56.8,57.06,56.26,56.33,8.953600560112013,1466000,0.0000,1.0
2004-05-20,56.7,56.7,55.66,55.88,8.882073483029636,1204500,0.0000,1.0
2004-05-21,56.36,56.44,55.89,56.26,8.9424741258992,694500,0.0000,1.0
2004-05-24,56.61,56.83,56.22,56.69,9.010822221777916,822800,0.0000,1.0
2004-05-25,56.52,56.86,56.33,56.8,9.028306618398053,1110500,0.0000,1.0
2004-05-26,57.2,57.63,56.74,57.63,9.160234338349998,1664400,0.0000,1.0
2004-05-27,57.8,58.9,57.73,58.59,9.31282543612574,1370400,0.0000,1.0
2004-05-28,58.59,58.59,57.94,58.32,9.269909189876312,768600,0.0000,1.0
2004-06-01,58.33,58.33,57.84,58.24,9.257193265061668,1147800,0.0000,1.0
2004-06-02,58.24,58.75,58.13,58.6,9.31441492672757,1310500,0.0000,1.0
2004-06-03,58.61,58.85,58.38,58.71,9.331899323347708,1664600,0.0000,1.0
2004-06-04,59.01,59.39,58.85,59.26,9.419321306448392,1043000,0.0000,1.0
2004-06-07,59.45,60.13,59.13,60.02,9.58780731024244,1010300,0.3000,1.0
2004-06-08,60.0,60.01,59.72,59.99,9.583015004022725,871500,0.0000,1.0
2004-06-09,57.9,59.17,57.0,58.78,9.389725319827567,3948700,0.0000,1.0
2004-06-10,58.78,58.78,57.82,58.2,9.297074066246418,1914600,0.0000,1.0
2004-06-14,58.2,58.2,57.35,57.36,9.162889492094408,1009700,0.0000,1.0
2004-06-15,57.5,58.17,57.32,57.81,9.234774085390127,1004700,0.0000,1.0
2004-06-16,57.82,58.25,57.71,58.08,9.277904841367558,630800,0.0000,1.0
2004-06-17,58.08,58.08,57.52,57.92,9.252345874862414,619700,0.0000,1.0
2004-06-18,57.69,58.08,57.2,57.61,9.202825377258696,1207800,0.0000,1.0
2004-06-21,57.61,57.79,57.38,57.48,9.182058716973266,643100,0.0000,1.0
2004-06-22,57.4,57.49,56.62,57.05,9.113368994490688,1240300,0.0000,1.0
2004-06-23,56.9,58.0,56.8,58.0,9.265125358114986,2030800,0.0000,1.0
2004-06-24,58.0,58.84,57.82,58.81,9.394517626047282,1543100,0.0000,1.0
2004-06-25,58.81,59.1,58.62,58.82,9.396115061453854,1034100,0.0000,1.0
2004-06-28,58.82,59.3,58.57,58.76,9.386530449014424,708500,0.0000,1.0
2004-06-29,58.65,59.55,58.5,59.39,9.487168879628433,1042900,0.0000,1.0
2004-06-30,59.4,59.55,58.81,59.45,9.496753492067862,924300,0.0000,1.0
2004-07-01,59.3,59.35,58.52,59.08,9.437648382024713,1009900,0.0000,1.0
2004-07-02,59.13,59.13,58.45,58.54,9.35138687006985,1318300,0.0000,1.0
2004-07-06,58.2,58.64,57.8,57.82,9.236371520796698,1229600,0.0000,1.0
2004-07-07,57.82,58.36,57.63,58.3,9.313048420312132,1258600,0.0000,1.0
2004-07-08,58.3,58.41,57.59,57.59,9.199630506445553,915100,0.0000,1.0
2004-07-09,57.6,58.18,57.48,57.89,9.247553568642699,1311500,0.0000,1.0
2004-07-12,57.65,57.83,57.23,57.52,9.188448458599552,974100,0.0000,1.0
2004-07-13,57.6,58.1,57.35,57.69,9.215604860511268,888500,0.0000,1.0
2004-07-14,57.45,58.07,57.4,57.76,9.22678690835727,690900,0.0000,1.0
2004-07-15,57.9,58.41,57.67,58.11,9.282697147587273,589300,0.0000,1.0
2004-07-16,58.5,58.59,57.88,57.88,9.245956133236128,890300,0.0000,1.0
2004-07-19,57.9,58.16,57.6,57.64,9.20761768347841,539000,0.0000,1.0
2004-07-20,57.88,58.02,57.68,57.94,9.255540745675557,1066100,0.0000,1.0
2004-07-21,58.05,58.65,57.38,57.38,9.16608436290755,1048200,0.0000,1.0
2004-07-22,57.2,57.2,56.35,56.65,9.049471578227827,1133400,0.0000,1.0
2004-07-23,56.76,57.04,56.01,56.28,8.99036646818468,831100,0.0000,1.0
2004-07-26,56.28,56.29,55.27,55.66,8.891325472977243,1450800,0.0000,1.0
2004-07-27,55.65,55.68,54.89,55.09,8.800271654802666,1367900,0.0000,1.0
2004-07-28,55.1,56.0,55.05,55.96,8.939248535174391,1237500,0.0000,1.0
2004-07-29,56.1,56.54,56.02,56.45,9.017522870096396,1001500,0.0000,1.0
2004-07-30,56.34,56.48,56.03,56.34,8.99995108062411,742300,0.0000,1.0
2004-08-02,56.34,56.5,55.88,56.31,8.995158774404395,732900,0.0000,1.0
2004-08-03,56.31,56.42,55.97,56.24,8.983976726558394,586000,0.0000,1.0
2004-08-04,56.06,56.56,55.9,56.5,9.025510047129254,697600,0.0000,1.0
2004-08-05,56.65,57.03,56.3,56.45,9.017522870096396,1008400,0.0000,1.0
2004-08-06,56.11,56.12,55.08,55.16,8.811453702648667,1233300,0.0000,1.0
2004-08-09,55.13,55.5,54.8,55.1,8.801869090209237,1285000,0.0000,1.0
2004-08-10,55.11,55.74,55.04,55.69,8.896117779196958,1048600,0.0000,1.0
2004-08-11,55.69,56.35,55.34,56.14,8.968002372492679,756000,0.0000,1.0
2004-08-12,55.99,55.99,55.14,55.14,8.808258831835523,762500,0.0000,1.0
2004-08-13,55.3,55.5,54.93,55.24,8.824233185901239,740900,0.0000,1.0
2004-08-16,55.24,56.03,55.2,55.97,8.940845970580963,912300,0.0000,1.0
2004-08-17,55.95,56.17,55.69,55.71,8.899312650010101,666800,0.0000,1.0
2004-08-18,55.71,56.22,55.51,56.22,8.980781855745251,596600,0.0000,1.0
2004-08-19,55.99,56.2,55.46,55.63,8.88653316675753,722200,0.0000,1.0
2004-08-20,55.5,56.3,55.5,56.25,8.985574161964966,492400,0.0000,1.0
2004-08-23,56.19,56.69,55.9,55.98,8.942443405987532,515200,0.0000,1.0
2004-08-24,56.03,56.51,55.7,56.51,9.027107482535826,1437300,0.0000,1.0
2004-08-25,56.25,56.8,56.03,56.78,9.070238238513257,864000,0.0000,1.0
2004-08-26,56.75,57.12,56.39,56.7,9.057458755260685,556100,0.0000,1.0
2004-08-27,56.6,56.95,56.44,56.77,9.068640803106687,385700,0.0000,1.0
2004-08-30,56.65,56.97,56.33,56.7,9.057458755260685,487500,0.0000,1.0
2004-08-31,56.7,57.12,56.45,57.11,9.12295360693012,462900,0.0000,1.0
2004-09-01,57.2,57.35,56.6,56.99,9.103784382051261,674000,0.0000,1.0
2004-09-02,57.2,57.67,56.8,57.67,9.212409989698125,772200,0.0000,1.0
2004-09-03,57.37,57.53,56.97,57.24,9.191643329412695,688300,0.3000,1.0
2004-09-07,57.25,57.39,56.6,57.27,9.196460752541318,1142900,0.0000,1.0
2004-09-08,57.4,58.81,57.4,58.55,9.402004139362566,1714000,0.0000,1.0
2004-09-09,58.56,58.8,58.18,58.37,9.373099600590828,982300,0.0000,1.0
2004-09-10,58.37,58.94,58.0,58.91,9.459813216906042,766900,0.0000,1.0
2004-09-13,58.85,58.86,58.41,58.6,9.410033177910272,1054000,0.0000,1.0
2004-09-14,58.6,58.73,58.44,58.62,9.413244793329353,767800,0.0000,1.0
2004-09-15,58.63,59.04,58.45,58.81,9.443755139810632,860100,0.0000,1.0
2004-09-16,58.81,59.04,58.61,58.85,9.450178370648796,715000,0.0000,1.0
2004-09-17,59.0,59.26,58.51,59.26,9.516016486739977,957200,0.0000,1.0
2004-09-20,59.2,59.32,58.41,58.52,9.397186716233945,668400,0.0000,1.0
2004-09-21,58.65,58.97,58.54,58.71,9.427697062715222,706600,0.0000,1.0
2004-09-22,58.56,58.57,57.82,58.1,9.32974279243322,906000,0.0000,1.0
2004-09-23,58.3,58.65,58.16,58.28,9.35864733120496,853700,0.0000,1.0
2004-09-24,58.39,59.58,58.2898,59.2,9.506381640482731,1121200,0.0000,1.0
2004-09-27,59.2,59.21,58.61,58.73,9.430908678134303,953500,0.0000,1.0
2004-09-28,58.64,58.68,58.13,58.53,9.398792523943484,1030500,0.0000,1.0
2004-09-29,58.53,58.82,58.4,58.82,9.445360947520173,504800,0.0000,1.0
2004-09-30,58.71,58.79,58.35,58.6,9.410033177910272,933900,0.0000,1.0
2004-10-01,58.75,59.55,58.68,59.49,9.55295006405942,1124300,0.0000,1.0
2004-10-04,59.8,60.22,59.62,59.91,9.620393987860142,1135500,0.0000,1.0
2004-10-05,59.78,59.9,59.34,59.55,9.562584910316666,701100,0.0000,1.0
2004-10-06,59.72,61.6,59.7,61.57,9.886958067643949,2121900,0.0000,1.0
2004-10-07,60.9,61.52,60.84,61.32,9.846812874905424,1146500,0.0000,1.0
2004-10-08,61.35,62.06,61.35,61.81,9.925497452672934,1336600,0.0000,1.0
2004-10-11,61.7,62.09,61.66,61.92,9.943161337477884,561800,0.0000,1.0
2004-10-12,61.83,61.84,61.39,61.51,9.877323221386703,1272200,0.0000,1.0
2004-10-13,61.6,61.75,60.31,60.33,9.687837911660864,1757000,0.0000,1.0
2004-10-14,60.33,60.62,60.18,60.29,9.6814146808227,892900,0.0000,1.0
2004-10-15,60.35,60.8,60.19,60.49,9.71353083501352,771500,0.0000,1.0
2004-10-18,60.49,61.07,60.17,61.07,9.806667682166898,795900,0.0000,1.0
2004-10-19,61.04,61.27,60.62,60.7,9.747252796913882,1056000,0.0000,1.0
2004-10-20,60.65,60.89,60.39,60.68,9.744041181494799,992500,0.0000,1.0
2004-10-21,59.7,61.38,59.7,61.0,9.795427028200113,2017300,0.0000,1.0
2004-10-22,61.4,61.6,60.74,61.0,9.795427028200113,1354900,0.0000,1.0
2004-10-25,61.01,61.35,60.71,61.25,9.835572220938637,1161300,0.0000,1.0
2004-10-26,61.15,62.22,60.92,62.22,9.991335568764114,972300,0.0000,1.0
2004-10-27,62.0,63.67,61.87,63.25,10.156733762846837,1443600,0.0000,1.0
2004-10-28,62.7,62.88,62.31,62.63,10.057173684855295,907500,0.0000,1.0
2004-10-29,62.64,63.06,62.44,62.97,10.11177114697969,888000,0.0000,1.0
2004-11-01,63.07,63.17,62.64,62.84,10.090895646755657,993500,0.0000,1.0
2004-11-02,62.84,63.11,62.55,62.83,10.089289839046115,824200,0.0000,1.0
2004-11-03,62.84,63.85,62.75,63.81,10.246658994581134,1042900,0.0000,1.0
2004-11-04,63.7,65.6,63.51,65.4,10.501982420398154,2386900,0.0000,1.0
2004-11-05,65.3,65.31,64.59,64.95,10.429721073468809,1098400,0.0000,1.0
2004-11-08,65.04,65.06,64.44,64.76,10.39921072698753,920400,0.0000,1.0
2004-11-09,64.77,65.02,64.57,64.75,10.397604919277988,791200,0.0000,1.0
2004-11-10,64.99,64.99,63.94,63.94,10.267534494805165,1018900,0.0000,1.0
2004-11-11,63.9,64.13,63.55,64.05,10.285198379610117,1357300,0.0000,1.0
2004-11-12,64.0,64.74,63.56,64.69,10.38797007302074,713900,0.0000,1.0
2004-11-15,64.55,65.04,64.34,64.47,10.352642303410839,733400,0.0000,1.0
2004-11-16,64.21,64.52,63.94,64.0,10.277169341062413,795000,0.0000,1.0
2004-11-17,63.93,64.28,63.39,63.39,10.179215070780412,1042900,0.0000,1.0
2004-11-18,63.49,63.6,63.14,63.3,10.164762801394541,993200,0.0000,1.0
2004-11-19,63.31,63.52,63.0,63.11,10.134252454913263,627700,0.0000,1.0
2004-11-22,62.65,63.78,62.61,63.45,10.188849917037658,1061900,0.0000,1.0
2004-11-23,63.45,63.76,63.05,63.56,10.20651380184261,1021000,0.0000,1.0
2004-11-24,63.18,63.74,63.18,63.51,10.198484763294903,854700,0.0000,1.0
2004-11-26,63.3,63.66,63.14,63.41,10.182426686199493,314900,0.0000,1.0
2004-11-29,63.56,63.64,62.9,63.16,10.142281493460967,647200,0.0000,1.0
2004-11-30,63.02,63.66,62.97,63.44,10.187244109328116,765900,0.0000,1.0
2004-12-01,63.45,64.84,63.13,64.81,10.407239765535234,1098900,0.0000,1.0
2004-12-02,64.81,64.81,63.96,64.25,10.317314533800937,819600,0.0000,1.0
2004-12-03,64.0,64.25,63.54,63.81,10.246658994581134,985600,0.0000,1.0
2004-12-06,63.23,63.5,62.9,63.35,10.220966071228476,850100,0.3000,1.0
2004-12-07,63.24,63.39,62.84,63.07,10.175790530582162,727400,0.0000,1.0
2004-12-08,62.96,63.34,62.87,63.04,10.170950294084344,616700,0.0000,1.0
2004-12-09,61.85,62.34,61.61,62.25,10.043490732975101,1507300,0.0000,1.0
2004-12-10,63.79,63.79,61.29,61.46,9.916031171865859,1166700,0.0000,1.0
2004-12-13,61.47,62.22,61.14,62.1,10.019289550486006,1134600,0.0000,1.0
2004-12-14,62.26,63.4,61.95,63.11,10.182244179245922,1234300,0.0000,1.0
2004-12-15,62.9,63.47,62.79,63.08,10.177403942748102,966800,0.0000,1.0
2004-12-16,62.95,62.95,61.78,62.12,10.022516374817885,1324500,0.0000,1.0
2004-12-17,61.45,62.57,61.45,62.43,10.072532151962017,1158100,0.0000,1.0
2004-12-20,62.44,62.72,62.05,62.25,10.043490732975101,966600,0.0000,1.0
2004-12-21,65.04,66.57,65.04,65.67,10.595277693726505,4800900,0.0000,1.0
2004-12-22,66.1,66.5,65.57,66.24,10.68724218718507,2010900,0.0000,1.0
2004-12-23,66.4,67.11,66.16,66.8,10.777593268477698,1412300,0.0000,1.0
2004-12-27,66.91,67.25,66.18,66.24,10.68724218718507,989100,0.0000,1.0
2004-12-28,66.49,66.93,66.27,66.83,10.782433504975518,571900,0.0000,1.0
2004-12-29,66.58,67.03,66.56,66.84,10.78404691714146,614200,0.0000,1.0
2004-12-30,66.83,67.52,66.64,67.17,10.837289518617471,918800,0.0000,1.0
2004-12-31,66.92,67.68,66.92,67.25,10.850196815944988,1045100,0.0000,1.0
2005-01-03,67.21,67.5,66.75,67.44,10.880851647097844,1940600,0.0000,1.0
2005-01-04,66.9,66.91,65.57,65.8,10.616252051883722,2027100,0.0000,1.0
2005-01-05,65.5,66.27,65.2,65.2,10.519447321927336,1376200,0.0000,1.0
2005-01-06,65.0,65.88,64.8,65.6,10.583983808564925,1413400,0.0000,1.0
2005-01-07,65.54,66.0,64.79,64.8,10.454910835289743,999500,0.0000,1.0
2005-01-10,64.55,65.22,63.9,64.8,10.454910835289743,1348000,0.0000,1.0
2005-01-11,64.4,64.89,64.11,64.34,10.380693875656515,1063600,0.0000,1.0
2005-01-12,64.23,64.23,63.15,63.96,10.319384213350803,1691300,0.0000,1.0
2005-01-13,63.71,63.87,61.94,61.99,10.001542016660668,1716400,0.0000,1.0
2005-01-14,61.74,62.44,61.48,61.84,9.97734083417157,1798800,0.0000,1.0
2005-01-18,61.72,62.25,61.4,62.2,10.035423672145402,1384900,0.0000,1.0
2005-01-19,62.11,62.3,61.65,61.68,9.951526239516534,814500,0.0000,1.0
2005-01-20,61.45,61.45,60.6,60.93,9.830520327071051,2285600,0.0000,1.0
2005-01-21,60.93,61.8,60.06,60.41,9.746622894442183,1551300,0.0000,1.0
2005-01-24,60.5,60.5,58.94,58.94,9.509451306049035,2683700,0.0000,1.0
2005-01-25,59.04,60.35,59.04,59.4,9.583668265682265,2386200,0.0000,1.0
2005-01-26,59.6,59.6,58.25,58.86,9.496544008721518,1841100,0.0000,1.0
2005-01-27,58.64,59.66,58.57,59.33,9.572374380520687,1083700,0.0000,1.0
2005-01-28,59.3,59.79,58.84,58.9,9.502997657385276,1356200,0.0000,1.0
2005-01-31,59.3,60.03,59.13,59.6,9.615936509001061,1173200,0.0000,1.0
2005-02-01,59.74,59.93,59.35,59.6,9.615936509001061,977700,0.0000,1.0
2005-02-02,59.7,59.91,58.95,59.25,9.55946708319317,873300,0.0000,1.0
2005-02-03,59.05,59.35,58.81,58.97,9.514291542546855,923900,0.0000,1.0
2005-02-04,58.64,59.28,58.57,59.17,9.54655978586565,656700,0.0000,1.0
2005-02-07,58.82,59.23,58.56,59.0,9.519131779044674,1021000,0.0000,1.0
2005-02-08,58.78,59.0,58.3,58.61,9.456208704573022,1251100,0.0000,1.0
2005-02-09,58.7,59.02,58.18,58.79,9.48525012355994,941200,0.0000,1.0
2005-02-10,58.94,59.52,58.54,59.38,9.580441441350386,927000,0.0000,1.0
2005-02-11,59.53,60.63,59.43,60.47,9.756303367437821,1151600,0.0000,1.0
2005-02-14,60.62,60.62,59.92,60.03,9.68531323213647,703600,0.0000,1.0
2005-02-15,60.03,60.28,59.59,59.9,9.664338873979254,995500,0.0000,1.0
2005-02-16,59.9,59.9,59.18,59.61,9.617549921167,1011400,0.0000,1.0
2005-02-17,58.75,61.21,58.75,60.62,9.780504549926917,1834000,0.0000,1.0
2005-02-18,63.25,64.3,62.76,63.76,10.287115970032007,2462400,0.0000,1.0
2005-02-22,63.0,63.62,62.1,62.1,10.019289550486006,1229000,0.0000,1.0
2005-02-23,62.46,63.3,62.43,62.71,10.117707692608331,915100,0.0000,1.0
2005-02-24,62.81,63.49,62.46,63.47,10.240327017219753,1261400,0.0000,1.0
2005-02-25,63.24,63.99,63.21,63.98,10.322611037682682,856200,0.0000,1.0
2005-02-28,63.68,63.99,63.1032,63.45,10.237100192887874,644400,0.0000,1.0
2005-03-01,63.5,63.98,63.08,63.38,10.225806307726296,1171200,0.0000,1.0
2005-03-02,62.92,62.94,62.36,62.93,10.153202760259006,1168900,0.0000,1.0
2005-03-03,63.28,64.58,63.28,64.32,10.377467051324635,1912900,0.0000,1.0
2005-03-04,64.5,64.9,64.15,64.61,10.424256004136888,1508900,0.0000,1.0
2005-03-07,64.5,66.05,64.5,66.03,10.70176289667853,1882800,0.3000,1.0
2005-03-08,66.45,66.49,66.23,66.35,10.753626657498415,1695700,0.0000,1.0
2005-03-09,65.9,66.53,65.5,66.2,10.729315519614094,1736700,0.0000,1.0
2005-03-10,66.2,66.33,65.32,65.91,10.68231398637107,1176200,0.0000,1.0
2005-03-11,65.75,66.48,65.67,66.18,10.726074034562851,967800,0.0000,1.0
2005-03-14,66.5,66.85,65.46,66.31,10.74714368739593,1125700,0.0000,1.0
2005-03-15,66.48,66.48,65.69,65.7,10.64827839333302,1157700,0.0000,1.0
2005-03-16,65.45,65.46,64.68,64.87,10.51375676370644,886300,0.0000,1.0
2005-03-17,65.87,66.2985,65.6,66.16,10.722832549511606,1347000,0.0000,1.0
2005-03-18,66.03,66.44,65.87,66.39,10.760109627600901,1820900,0.0000,1.0
2005-03-21,66.48,66.48,65.93,66.07,10.708245866781013,786900,0.0000,1.0
2005-03-22,67.55,69.97,67.33,69.35,11.239849415184853,5161400,0.0000,1.0
2005-03-23,69.2,69.88,68.686,69.59,11.27874723579977,2424200,0.0000,1.0
2005-03-24,69.35,69.92,68.97,68.97,11.178261199211239,1779500,0.0000,1.0
2005-03-28,68.99,69.45,68.31,68.83,11.15557080385254,1436000,0.0000,1.0
2005-03-29,68.7,68.92,67.96,68.35,11.077775162622707,1954900,0.0000,1.0
2005-03-30,68.32,69.95,68.29,69.84,11.319265798940307,2168500,0.0000,1.0
2005-03-31,69.42,70.1,69.37,69.7,11.296575403581606,1480900,0.0000,1.0
2005-04-01,69.8,70.19,68.3,68.66,11.128018180916973,1680600,0.0000,1.0
2005-04-04,68.75,69.35,68.55,69.19,11.213917534774911,968800,0.0000,1.0
2005-04-05,69.29,69.43,68.56,68.98,11.179881941736861,750700,0.0000,1.0
2005-04-06,69.07,69.26,68.45,68.82,11.153950061326917,687300,0.0000,1.0
2005-04-07,68.97,69.81,68.76,69.63,11.285230205902256,1209100,0.0000,1.0
2005-04-08,69.5,69.68,67.5,68.0,11.021049174225958,1791700,0.0000,1.0
2005-04-11,68.56,69.23,68.03,69.14,11.205813822146805,1408300,0.0000,1.0
2005-04-12,68.89,69.31,67.56,69.13,11.204193079621183,1573700,0.0000,1.0
2005-04-13,68.86,68.97,67.3,67.5,10.940012047944883,1232600,0.0000,1.0
2005-04-14,67.4,67.41,64.22,64.62,10.473238200565904,3092500,0.0000,1.0
2005-04-15,64.45,64.95,62.8,62.97,10.20581568383836,1978300,0.0000,1.0
2005-04-18,63.16,63.79,62.6,63.03,10.21554013899209,1345900,0.0000,1.0
2005-04-19,63.38,64.35,63.34,64.06,10.3824766191311,1310300,0.0000,1.0
2005-04-20,64.0,64.17,63.15,63.33,10.264162414760733,947200,0.0000,1.0
2005-04-21,64.15,65.38,63.5,65.28,10.580207207256919,1332700,0.0000,1.0
2005-04-22,65.31,66.27,64.04,64.48,10.450547805207203,1453700,0.0000,1.0
2005-04-25,64.73,65.92,64.28,65.45,10.607759830192483,1292500,0.0000,1.0
2005-04-26,65.45,65.51,64.35,64.37,10.432719637425366,1132100,0.0000,1.0
2005-04-27,64.38,64.38,62.7,63.79,10.33871657093932,1318700,0.0000,1.0
2005-04-28,63.79,64.46,63.08,63.1,10.22688533667144,934000,0.0000,1.0
2005-04-29,63.1,63.94,62.8,63.93,10.361406966298022,932200,0.0000,1.0
2005-05-02,63.96,65.16,63.96,64.63,10.474858943091522,722800,0.0000,1.0
2005-05-03,64.45,64.56,63.41,63.62,10.311163948003756,1042100,0.0000,1.0
2005-05-04,63.87,64.95,63.87,64.81,10.504032308552711,742300,0.0000,1.0
2005-05-05,64.5,65.1,64.06,64.27,10.41651221216915,727600,0.0000,1.0
2005-05-06,64.8,64.91,63.94,64.0,10.37275216397737,725100,0.0000,1.0
2005-05-09,63.94,64.46,63.81,64.4,10.437581865002231,939500,0.0000,1.0
2005-05-10,64.15,64.26,63.38,63.65,10.31602617558062,1237200,0.0000,1.0
2005-05-11,63.95,64.49,63.65,64.31,10.422995182271638,1016100,0.0000,1.0
2005-05-12,64.58,64.58,62.38,62.51,10.131261527659772,1527000,0.0000,1.0
2005-05-13,62.73,63.14,60.85,61.22,9.922185741854603,1425600,0.0000,1.0
2005-05-16,61.1,62.68,61.04,62.6,10.145848210390367,1056100,0.0000,1.0
2005-05-17,62.45,63.63,62.04,63.5,10.291715037696298,777800,0.0000,1.0
2005-05-18,64.9,66.73,64.59,66.47,10.773075567805872,2313300,0.0000,1.0
2005-05-19,66.45,66.86,65.44,66.63,10.799007448215816,1116800,0.0000,1.0
2005-05-20,66.64,67.05,66.42,66.7,10.810352645895167,889500,0.0000,1.0
2005-05-23,66.59,67.27,66.31,67.0,10.85897492166381,605800,0.0000,1.0
2005-05-24,66.99,67.0,66.16,66.98,10.855733436612569,996600,0.0000,1.0
2005-05-25,66.38,66.53,65.9,66.14,10.719591064460365,970500,0.0000,1.0
2005-05-26,66.36,66.87,66.24,66.58,10.790903735587708,489400,0.0000,1.0
2005-05-27,66.4,66.75,65.9,66.52,10.78117928043398,417500,0.0000,1.0
2005-05-31,66.36,67.4,66.25,66.96,10.852491951561325,846200,0.0000,1.0
2005-06-01,66.96,67.77,66.35,67.51,10.941632790470505,717700,0.0000,1.0
2005-06-02,67.35,67.65,66.72,67.11,10.876803089445646,516600,0.0000,1.0
2005-06-03,67.11,67.19,66.27,66.63,10.799007448215816,751600,0.0000,1.0
2005-06-06,66.32,66.41,65.71,66.0,10.745522944870308,795300,0.3000,1.0
2005-06-07,66.0,66.95,65.69,65.98,10.742266725796105,801800,0.0000,1.0
2005-06-08,66.1,66.19,64.91,64.95,10.574571443474643,1121700,0.0000,1.0
2005-06-09,64.75,65.43,64.4248,65.3,10.631555277273197,1293300,0.0000,1.0
2005-06-10,65.49,65.64,64.76,65.25,10.62341472958769,684200,0.0000,1.0
2005-06-13,64.76,65.81,64.57,65.33,10.636439605884501,761900,0.0000,1.0
2005-06-14,65.34,65.99,65.09,65.72,10.699935877831463,952700,0.0000,1.0
2005-06-15,65.88,65.89,65.26,65.67,10.691795330145956,981700,0.0000,1.0
2005-06-16,66.0,66.69,65.84,66.58,10.839953298022197,973300,0.0000,1.0
2005-06-17,67.23,67.45,66.57,66.82,10.879027926912634,1149900,0.0000,1.0
2005-06-20,66.45,66.5,66.03,66.35,10.80250677866886,1120300,0.0000,1.0
2005-06-21,66.16,66.4,65.7,65.72,10.699935877831463,1143100,0.0000,1.0
2005-06-22,66.15,66.25,65.8,65.96,10.739010506721899,1629900,0.0000,1.0
2005-06-23,65.96,65.97,64.94,65.25,10.62341472958769,2025400,0.0000,1.0
2005-06-24,64.99,65.06,63.85,64.17,10.447578899580721,1349900,0.0000,1.0
2005-06-27,64.12,64.12,62.72,63.21,10.291280384018972,1446400,0.0000,1.0
2005-06-28,63.46,65.04,63.25,65.02,10.585968210234354,1121600,0.0000,1.0
2005-06-29,65.2,65.34,64.65,64.94,10.572943333937541,808200,0.0000,1.0
2005-06-30,65.23,65.34,64.74,64.8,10.550149800418119,1371800,0.0000,1.0
2005-07-01,64.98,65.34,64.8,65.02,10.585968210234354,853700,0.0000,1.0
2005-07-05,64.75,65.35,64.18,64.94,10.572943333937541,979500,0.0000,1.0
2005-07-06,64.95,65.4,64.5,64.71,10.535496814584205,1256200,0.0000,1.0
2005-07-07,64.0,64.23,63.52,64.2,10.452463228192027,1345900,0.0000,1.0
2005-07-08,64.19,65.39,63.96,65.35,10.639695824958704,1203800,0.0000,1.0
2005-07-11,65.79,65.9,65.03,65.8,10.712960754128275,1206300,0.0000,1.0
2005-07-12,65.75,65.76,64.75,64.75,10.542009252732612,1094500,0.0000,1.0
2005-07-13,64.86,64.95,64.43,64.56,10.511075171527683,706700,0.0000,1.0
2005-07-14,65.0,65.59,64.98,65.52,10.66737368708943,766600,0.0000,1.0
2005-07-15,65.43,65.44,64.45,65.1,10.598993086531165,965600,0.0000,1.0
2005-07-18,64.95,64.96,64.49,64.55,10.50944706199058,792100,0.0000,1.0
2005-07-19,64.8,64.95,63.93,64.0,10.419901037449995,1424500,0.0000,1.0
2005-07-20,63.9,66.07,63.73,65.93,10.734126178110596,2044300,0.0000,1.0
2005-07-21,68.7,69.28,67.99,67.99,11.069516742753517,3181900,0.0000,1.0
2005-07-22,67.99,68.61,67.86,68.46,11.14603789099729,1464400,0.0000,1.0
2005-07-25,68.25,69.24,67.82,68.14,11.093938385810041,1508200,0.0000,1.0
2005-07-26,68.31,68.66,67.7,68.52,11.1558065482199,1145700,0.0000,1.0
2005-07-27,68.7,69.15,68.45,69.1,11.25023690137179,1144700,0.0000,1.0
2005-07-28,69.3,70.5,69.01,70.49,11.476544127028907,2443500,0.0000,1.0
2005-07-29,70.25,70.9,70.07,70.31,11.447238155361081,2022400,0.0000,1.0
2005-08-01,70.4,71.14,70.3,70.9,11.543296618050073,1932600,0.0000,1.0
2005-08-02,70.9,71.25,70.56,71.19,11.590511794626018,1784000,0.0000,1.0
2005-08-03,71.05,71.19,70.53,71.01,11.56120582295819,1301600,0.0000,1.0
2005-08-04,70.76,70.8,70.16,70.25,11.437469498138471,1667500,0.0000,1.0
2005-08-05,70.0,70.1,69.65,69.72,11.351179692672087,899900,0.0000,1.0
2005-08-08,69.86,70.14,69.14,69.33,11.287683420725127,828200,0.0000,1.0
2005-08-09,69.44,70.03,69.31,70.0,11.396766759710932,943100,0.0000,1.0
2005-08-10,70.25,70.49,69.53,69.93,11.38536999295122,1160200,0.0000,1.0
2005-08-11,69.63,69.83,69.36,69.52,11.318617501930056,1711300,0.0000,1.0
2005-08-12,69.37,69.64,68.55,69.19,11.264889887205705,1063400,0.0000,1.0
2005-08-15,69.2,69.66,68.63,69.56,11.325129940078464,575700,0.0000,1.0
2005-08-16,68.82,69.54,68.67,68.91,11.219302820166861,1046600,0.0000,1.0
2005-08-17,68.74,69.48,68.58,69.21,11.268146106279907,1100200,0.0000,1.0
2005-08-18,69.0,69.09,68.47,68.57,11.163947095905407,745800,0.0000,1.0
2005-08-19,68.95,69.07,68.36,68.86,11.211162272481353,750200,0.0000,1.0
2005-08-22,69.15,69.75,68.92,69.33,11.287683420725127,588000,0.0000,1.0
2005-08-23,69.25,69.33,68.42,68.42,11.139525452848885,775700,0.0000,1.0
2005-08-24,68.28,69.11,67.91,68.37,11.131384905163378,841300,0.0000,1.0
2005-08-25,68.37,69.37,67.57,69.06,11.243724463223385,1076200,0.0000,1.0
2005-08-26,68.93,69.6,68.67,69.21,11.268146106279907,858300,0.0000,1.0
2005-08-29,68.61,69.49,68.4,69.18,11.263261777668605,897300,0.0000,1.0
2005-08-30,68.83,69.04,67.77,68.35,11.128128686089173,1037600,0.0000,1.0
2005-08-31,68.4,68.58,67.55,68.27,11.11510380979236,1229200,0.0000,1.0
2005-09-01,68.4,68.78,67.91,68.16,11.097194604884244,1364900,0.0000,1.0
2005-09-02,68.25,68.91,68.02,68.48,11.149294110071494,803900,0.0000,1.0
2005-09-06,68.73,69.59,68.7,69.28,11.279542873039619,1695900,0.0000,1.0
2005-09-07,69.06,69.43,68.14,68.48,11.149294110071494,1579600,0.0000,1.0
2005-09-08,68.34,68.53,67.95,68.0,11.071144852290619,776500,0.0000,1.0
2005-09-09,68.05,68.15,67.75,67.85,11.046723209234095,1443000,0.0000,1.0
2005-09-12,67.49,68.2,67.45,67.9,11.103707043032651,1021300,0.3000,1.0
2005-09-13,67.99,67.99,66.91,67.05,10.964706292125761,1264300,0.0000,1.0
2005-09-14,67.0,67.3,66.84,66.96,10.94998856555915,542200,0.0000,1.0
2005-09-15,67.05,67.36,66.72,67.0,10.956529777366532,391800,0.0000,1.0
2005-09-16,67.29,67.96,67.0,67.85,11.09553052827342,1144600,0.0000,1.0
2005-09-19,67.84,68.48,67.84,68.27,11.164213252250942,958400,0.0000,1.0
2005-09-20,68.34,69.99,68.29,69.08,11.296672791350447,1704100,0.0000,1.0
2005-09-21,68.71,69.48,68.67,68.73,11.239437188035849,890300,0.0000,1.0
2005-09-22,68.55,69.44,68.25,69.31,11.334284759242902,885800,0.0000,1.0
2005-09-23,69.31,70.1,68.49,69.83,11.41932051273888,776200,0.0000,1.0
2005-09-26,69.84,69.84,68.21,68.25,11.160942646347252,1398100,0.0000,1.0
2005-09-27,68.26,68.79,67.79,68.55,11.210001734902622,1154200,0.0000,1.0
2005-09-28,68.93,71.0,68.88,70.37,11.507626872138552,1846900,0.0000,1.0
2005-09-29,70.15,71.4,69.65,71.13,11.631909896478827,1406000,0.0000,1.0
2005-09-30,70.82,72.2,70.74,71.7,11.725122164734035,1400200,0.0000,1.0
2005-10-03,71.7,71.95,71.06,71.63,11.713675044071115,920500,0.0000,1.0
2005-10-04,71.52,72.7642,71.01,71.13,11.631909896478827,1000100,0.0000,1.0
2005-10-05,70.89,71.0,69.95,69.96,11.440579451112873,963000,0.0000,1.0
2005-10-06,69.96,70.68,68.76,69.51,11.366990818279817,1309200,0.0000,1.0
2005-10-07,69.96,70.61,69.65,70.6,11.545238840031002,1243000,0.0000,1.0
2005-10-10,70.81,71.17,69.91,70.65,11.553415354790232,837800,0.0000,1.0
2005-10-11,70.65,70.84,69.64,70.06,11.456932480631332,1167100,0.0000,1.0
2005-10-12,69.96,70.36,69.0,69.62,11.38497915075012,1335300,0.0000,1.0
2005-10-13,69.37,69.38,68.2,69.33,11.337555365146592,1664400,0.0000,1.0
2005-10-14,69.5,69.52,68.31,69.22,11.31956703267629,1042700,0.0000,1.0
2005-10-17,69.23,69.73,68.36,69.45,11.357179000568742,682300,0.0000,1.0
2005-10-18,69.32,69.33,68.06,68.73,11.239437188035849,722000,0.0000,1.0
2005-10-19,68.61,70.37,68.21,70.3,11.49617975147563,1047700,0.0000,1.0
2005-10-20,70.3,71.3,69.77,70.14,11.470014904246097,1228800,0.0000,1.0
2005-10-21,69.86,69.87,66.89,67.11,10.974518109836836,2824600,0.0000,1.0
2005-10-24,67.25,68.68,67.25,68.68,11.23126067327662,969600,0.0000,1.0
2005-10-25,68.6,70.51,68.6,69.06,11.293402185446757,1669400,0.0000,1.0
2005-10-26,69.22,70.23,68.74,68.75,11.24270779393954,1399500,0.0000,1.0
2005-10-27,68.76,69.32,68.05,68.12,11.139683707973257,1492100,0.0000,1.0
2005-10-28,68.5,69.34,68.06,68.25,11.160942646347252,1275900,0.0000,1.0
2005-10-31,68.19,69.85,68.19,69.18,11.313025820868907,1299500,0.0000,1.0
2005-11-01,69.28,70.21,69.23,69.42,11.352273091713204,1377200,0.0000,1.0
2005-11-02,69.42,70.51,69.26,70.39,11.510897478042242,1603400,0.0000,1.0
2005-11-03,70.79,71.42,70.56,71.0,11.610650958104832,1438200,0.0000,1.0
2005-11-04,70.85,70.86,69.48,69.95,11.43894414816103,1250100,0.0000,1.0
2005-11-07,70.35,70.9,70.01,70.72,11.564862475453152,1069500,0.0000,1.0
2005-11-08,70.12,70.59,69.5,70.08,11.460203086535023,619300,0.0000,1.0
2005-11-09,70.17,70.98,70.04,70.48,11.525615204608854,790500,0.0000,1.0
2005-11-10,72.43,72.43,70.23,71.0,11.610650958104832,835800,0.0000,1.0
2005-11-11,71.0,71.5,70.33,70.75,11.56976838430869,757800,0.0000,1.0
2005-11-14,70.75,71.4,70.61,70.88,11.591027322682683,604500,0.0000,1.0
2005-11-15,71.16,71.31,70.62,71.25,11.651533531900977,893400,0.0000,1.0
2005-11-16,71.26,71.43,70.8,71.0,11.610650958104832,1027500,0.0000,1.0
2005-11-17,72.15,73.98,72.05,73.76,12.06199457281426,2132800,0.0000,1.0
2005-11-18,74.15,75.95,73.99,75.0,12.264772138843133,2889800,0.0000,1.0
2005-11-21,75.0,75.52,74.95,75.42,12.333454862820656,1207300,0.0000,1.0
2005-11-22,75.08,76.5,74.81,76.29,12.475726219631236,1686700,0.0000,1.0
2005-11-23,76.0,76.95,75.96,76.61,12.528055914090299,1078300,0.0000,1.0
2005-11-25,77.0,77.19,76.6,76.85,12.567303184934596,551700,0.0000,1.0
2005-11-28,77.3,77.51,76.73,76.74,12.549314852464294,1278900,0.0000,1.0
2005-11-29,76.95,77.84,76.85,76.93,12.580385608549363,1194900,0.0000,1.0
2005-11-30,76.94,77.3,76.4,76.54,12.51660879342738,1037600,0.0000,1.0
2005-12-01,76.97,77.53,76.93,77.21,12.626174091201044,971900,0.0000,1.0
2005-12-02,77.05,77.5,76.54,77.19,12.622903485297352,575600,0.0000,1.0
2005-12-05,76.74,76.95,75.48,75.77,12.390690466135256,961900,0.0000,1.0
2005-12-06,75.95,76.6,75.64,75.64,12.369431527761261,818200,0.0000,1.0
2005-12-07,75.57,76.05,74.91,75.13,12.286031077217126,980300,0.0000,1.0
2005-12-08,75.38,75.8,74.73,75.21,12.299113500831893,738400,0.0000,1.0
2005-12-09,75.5,76.2,75.25,75.82,12.398866980894484,1109400,0.0000,1.0
2005-12-12,76.0,76.25,74.72,75.51,12.39723167794264,770600,0.3000,1.0
2005-12-13,75.45,76.37,75.2,75.9,12.461261877312229,805800,0.0000,1.0
2005-12-14,75.96,76.66,75.73,76.51,12.5614116763262,824000,0.0000,1.0
2005-12-15,77.0,77.63,76.3,77.63,12.745293274515786,1555400,0.0000,1.0
2005-12-16,78.24,78.6,77.83,77.83,12.778129274192498,1487900,0.0000,1.0
2005-12-19,77.41,77.45,76.88,77.04,12.648427075469487,1136600,0.0000,1.0
2005-12-20,77.0,77.26,76.16,76.81,12.610665675841268,2168700,0.0000,1.0
2005-12-21,77.05,78.69,77.05,78.63,12.909473272899346,1059000,0.0000,1.0
2005-12-22,78.9,80.36,78.77,80.36,13.193504670102906,1373300,0.0000,1.0
2005-12-23,80.3,80.95,80.08,80.35,13.19186287011907,546500,0.0000,1.0
2005-12-27,80.22,81.26,79.35,79.7,13.085145871169757,899900,0.0000,1.0
2005-12-28,79.65,80.33,79.23,80.16,13.160668670426194,785600,0.0000,1.0
2005-12-29,80.0,81.05,79.97,81.0,13.298579869068385,897500,0.0000,1.0
2005-12-30,80.45,80.95,80.15,80.51,13.21813166986044,630400,0.0000,1.0
2006-01-03,80.5,80.5,79.0,80.15,13.159026870442359,2167200,0.0000,1.0
2006-01-04,80.0,80.49,79.92,80.08,13.147534270555509,1252400,0.0000,1.0
2006-01-05,79.95,79.97,78.92,79.16,12.996488672042634,1407000,0.0000,1.0
2006-01-06,79.16,79.28,77.62,78.58,12.90126427298017,1708400,0.0000,1.0
2006-01-09,78.93,79.75,78.85,79.67,13.08022047121825,1139200,0.0000,1.0
2006-01-10,79.57,79.86,79.05,79.5,13.052309871493044,1088200,0.0000,1.0
2006-01-11,79.75,79.8,79.26,79.8,13.101563871008112,523700,0.0000,1.0
2006-01-12,79.65,79.74,78.89,79.12,12.989921472107293,681600,0.0000,1.0
2006-01-13,79.34,79.7,78.64,78.73,12.925891272737704,740200,0.0000,1.0
2006-01-17,78.05,78.96,78.0,78.7,12.920965872786196,681500,0.0000,1.0
2006-01-18,78.53,80.08,78.2,78.58,12.90126427298017,1352700,0.0000,1.0
2006-01-19,79.0,85.12,79.0,85.02,13.958583462570298,4857500,0.0000,1.0
2006-01-20,84.4,84.59,83.2,83.82,13.761567464510025,2904700,0.0000,1.0
2006-01-23,83.83,85.84,83.83,85.84,14.093211061244817,2532700,0.0000,1.0
2006-01-24,86.25,88.22,85.55,86.3,14.168733860501254,3272400,0.0000,1.0
2006-01-25,86.7,87.28,85.09,85.33,14.0094792620692,2278200,0.0000,1.0
2006-01-26,85.9,86.6,85.5,86.29,14.16709206051742,1796100,0.0000,1.0
2006-01-27,86.4,87.48,85.76,87.16,14.309928659111115,2132400,0.0000,1.0
2006-01-30,86.97,88.45,86.8,88.3,14.497093857268375,1329300,0.0000,1.0
2006-01-31,87.8,88.57,87.02,88.46,14.523362657009743,2222600,0.0000,1.0
2006-02-01,87.0,88.64,86.64,87.22,14.31977945901413,1946300,0.0000,1.0
2006-02-02,87.15,87.28,85.76,86.0,14.119479860986187,1628600,0.0000,1.0
2006-02-03,85.82,86.22,85.24,85.67,14.065300461519612,1257100,0.0000,1.0
2006-02-06,85.5,86.21,85.21,85.7,14.070225861471119,1180100,0.0000,1.0
2006-02-07,85.55,85.95,84.36,84.66,13.899478663152214,917900,0.0000,1.0
2006-02-08,84.45,85.35,84.32,85.08,13.96843426247331,1116300,0.0000,1.0
2006-02-09,85.09,85.5,84.77,85.31,14.00619566210153,1109300,0.0000,1.0
2006-02-10,85.0001,86.7,84.38,86.31,14.17037566048509,1071500,0.0000,1.0
2006-02-13,86.31,86.6,85.05,86.01,14.121121660970022,1151600,0.0000,1.0
2006-02-14,86.02,89.0,85.81,88.67,14.557840456670293,1907900,0.0000,1.0
2006-02-15,88.65,89.9,87.65,89.89,14.758140054698236,1173500,0.0000,1.0
2006-02-16,89.89,89.9,88.62,89.58,14.707244255199333,1250600,0.0000,1.0
2006-02-17,89.0,89.34,88.25,88.74,14.569333056557142,915600,0.0000,1.0
2006-02-21,88.74,89.17,88.41,89.12,14.631721455942895,765600,0.0000,1.0
2006-02-22,89.65,90.14,89.33,89.78,14.740080254876045,643600,0.0000,1.0
2006-02-23,89.53,89.7,88.37,88.4,14.513511857106732,903400,0.0000,1.0
2006-02-24,88.5,89.05,87.78,88.46,14.523362657009743,626300,0.0000,1.0
2006-02-27,88.84,90.34,88.73,90.11,14.79425965434262,901600,0.0000,1.0
2006-02-28,89.98,89.98,88.38,88.55,14.538138856864265,820000,0.0000,1.0
2006-03-01,88.65,89.72,88.5,89.45,14.68590085540947,1019700,0.0000,1.0
2006-03-02,89.2,89.68,88.6,88.82,14.582467456427825,777500,0.0000,1.0
2006-03-03,88.83,90.29,88.55,89.52,14.697393455296318,1286400,0.0000,1.0
2006-03-06,89.4,89.55,88.3,88.38,14.559482256654126,1203300,0.3000,1.0
2006-03-07,88.38,88.39,85.8,86.93,14.32061317686064,1399000,0.0000,1.0
2006-03-08,86.68,86.69,83.5,85.09,14.017496551467524,2156800,0.0000,1.0
2006-03-09,85.25,86.06,84.89,84.94,13.992785957006127,1035600,0.0000,1.0
2006-03-10,84.85,85.84,84.35,85.76,14.127870540061757,1092100,0.0000,1.0
2006-03-13,86.01,86.86,85.29,85.7,14.117986302277197,902000,0.0000,1.0
2006-03-14,85.7,86.6,84.83,85.21,14.03726502703664,1183100,0.0000,1.0
2006-03-15,89.39,90.99,89.39,90.25,14.867541000939523,4535500,0.0000,1.0
2006-03-16,90.16,90.49,89.61,90.02,14.829651422765382,1352200,0.0000,1.0
2006-03-17,90.53,91.99,90.02,91.07,15.00262558399515,1553500,0.0000,1.0
2006-03-20,90.9,91.87,90.37,91.57,15.0849942321998,1301200,0.0000,1.0
2006-03-21,91.95,92.87,90.76,90.85,14.966383378785103,1562800,0.0000,1.0
2006-03-22,90.99,92.26,90.99,92.15,15.180541864117197,873700,0.0000,1.0
2006-03-23,92.0,92.01,90.14,92.0,15.1558312696558,1432100,0.0000,1.0
2006-03-24,91.8,92.35,91.05,92.18,15.185483983009476,1239400,0.0000,1.0
2006-03-27,92.18,93.73,91.8,93.08,15.333747549777847,2014200,0.0000,1.0
2006-03-28,93.09,93.15,91.9,92.53,15.243142036752731,1486900,0.0000,1.0
2006-03-29,93.0,93.23,92.58,92.77,15.282678987890963,1623100,0.0000,1.0
2006-03-30,92.4,93.11,92.09,92.66,15.26455788528594,1115000,0.0000,1.0
2006-03-31,92.8,93.35,92.75,93.35,15.378226619808359,1638500,0.0000,1.0
2006-04-03,93.95,95.24,93.7,94.67,15.595679851068638,1678200,0.0000,1.0
2006-04-04,94.67,96.0,94.46,95.71,15.767006639334312,1874300,0.0000,1.0
2006-04-05,95.76,96.64,94.91,95.68,15.762064520442035,1372800,0.0000,1.0
2006-04-06,95.81,95.97,94.81,95.13,15.671459007416917,675200,0.0000,1.0
2006-04-07,95.45,95.6,93.53,93.63,15.424353062802963,921500,0.0000,1.0
2006-04-10,93.64,93.66,92.65,92.78,15.284326360855058,853300,0.0000,1.0
2006-04-11,92.5,92.9,91.82,92.04,15.162420761512175,1269800,0.0000,1.0
2006-04-12,91.95,93.12,91.41,92.97,15.315626447172825,781700,0.0000,1.0
2006-04-13,93.4,93.82,92.72,93.52,15.40623196019794,789300,0.0000,1.0
2006-04-17,93.34,94.34,92.1,92.62,15.25796839342957,842300,0.0000,1.0
2006-04-18,92.69,96.0,92.69,95.98,15.811485709364824,1693800,0.0000,1.0
2006-04-19,96.3,97.15,94.31,95.03,15.654985277775987,1243000,0.0000,1.0
2006-04-20,95.75,96.18,93.5,94.51,15.56932188364315,1641200,0.0000,1.0
2006-04-21,95.64,97.0,95.37,95.95,15.806543590472545,1453300,0.0000,1.0
2006-04-24,96.09,97.49,95.54,97.21,16.014112583948265,1191300,0.0000,1.0
2006-04-25,96.89,96.9,94.15,95.07,15.661574769632358,2162000,0.0000,1.0
2006-04-26,95.32,95.85,94.15,94.22,15.521548067684453,2089600,0.0000,1.0
2006-04-27,93.5,94.28,91.6,91.82,15.126178556302126,1914100,0.0000,1.0
2006-04-28,91.98,92.74,91.05,91.21,15.025688805492452,2506200,0.0000,1.0
2006-05-01,91.45,93.07,91.39,92.31,15.206899831542685,1790700,0.0000,1.0
2006-05-02,93.34,94.1,91.57,94.08,15.49848484618715,2476500,0.0000,1.0
2006-05-03,94.0,94.43,93.0,93.29,15.368342382023803,1302900,0.0000,1.0
2006-05-04,93.9,94.08,92.91,93.5,15.402937214269755,1882700,0.0000,1.0
2006-05-05,93.5,93.7,92.81,93.25,15.361752890167429,1622800,0.0000,1.0
2006-05-08,93.25,94.22,93.05,93.6,15.419410943910684,1359500,0.0000,1.0
2006-05-09,95.0,96.66,94.4,96.27,15.859259525323521,2443200,0.0000,1.0
2006-05-10,96.12,97.26,96.06,96.76,15.939980800564081,1523400,0.0000,1.0
2006-05-11,97.1,97.1,95.48,96.6,15.913622833138591,2137000,0.0000,1.0
2006-05-12,96.35,96.36,93.88,94.37,15.54625866214585,1868800,0.0000,1.0
2006-05-15,94.38,95.63,93.0,94.37,15.54625866214585,1760600,0.0000,1.0
2006-05-16,96.3,97.0,93.78,93.99,15.483658489510312,2250700,0.0000,1.0
2006-05-17,93.4,94.55,92.62,93.21,15.355163398311056,2341500,0.0000,1.0
2006-05-18,94.04,94.57,91.64,91.78,15.119589064445755,2224400,0.0000,1.0
2006-05-19,91.86,92.33,89.85,91.7,15.106410080733012,2364000,0.0000,1.0
2006-05-22,90.86,93.04,90.51,92.26,15.198662966722221,1628300,0.0000,1.0
2006-05-23,93.0,94.15,91.94,91.94,15.145947031871243,1486200,0.0000,1.0
2006-05-24,91.5,92.92,90.15,91.3,15.040515162169289,1632600,0.0000,1.0
2006-05-25,91.83,92.98,91.56,92.06,15.16571550744036,1226300,0.0000,1.0
2006-05-26,92.97,93.78,92.06,92.66,15.31397907420873,816100,0.3000,1.0
2006-05-30,92.12,92.4,90.48,90.84,15.013186478535733,1017600,0.0000,1.0
2006-05-31,90.97,93.69,90.95,92.8,15.337116966183576,1700500,0.0000,1.0
2006-06-01,92.8,93.49,91.93,93.26,15.413141468386641,1679000,0.0000,1.0
2006-06-02,94.9,95.2,93.24,94.05,15.543705287387557,1802800,0.0000,1.0
2006-06-05,93.8,93.81,91.06,91.31,15.09086368730843,1374600,0.0000,1.0
2006-06-06,91.32,91.32,88.65,89.99,14.872706420117025,2030300,0.0000,1.0
2006-06-07,89.86,90.32,86.91,87.17,14.406643167480844,2084400,0.0000,1.0
2006-06-08,87.17,88.0,83.83,87.96,14.537206986481758,3265800,0.0000,1.0
2006-06-09,88.35,88.82,85.92,86.65,14.320702425859988,1983100,0.0000,1.0
2006-06-12,86.27,87.32,84.99,85.32,14.10089245209895,1520500,0.0000,1.0
2006-06-13,85.33,88.32,84.71,86.51,14.297564533885142,2425100,0.0000,1.0
2006-06-14,86.23,88.08,86.23,87.59,14.476056843405381,1372200,0.0000,1.0
2006-06-15,88.34,90.29,87.61,90.18,14.904107844940032,2182500,0.0000,1.0
2006-06-16,90.18,90.18,88.57,89.76,14.834694169015494,1976000,0.0000,1.0
2006-06-19,90.0,90.42,87.55,88.11,14.561997585026237,1132800,0.0000,1.0
2006-06-20,88.21,89.7,87.25,87.3,14.428128352886057,1527500,0.0000,1.0
2006-06-21,87.55,90.3,87.49,89.95,14.866095593838498,1778000,0.0000,1.0
2006-06-22,89.95,90.815,88.57,89.71,14.826430636167332,1134600,0.0000,1.0
2006-06-23,89.06,90.29,88.48,88.8,14.676034338330835,1653100,0.0000,1.0
2006-06-26,89.0,89.32,87.95,89.01,14.710741176293105,1501600,0.0000,1.0
2006-06-27,89.01,89.88,87.99,88.16,14.570261117874397,1487400,0.0000,1.0
2006-06-28,88.23,89.71,87.46,89.45,14.783460265356906,1540000,0.0000,1.0
2006-06-29,89.95,91.66,88.5,91.54,15.128875938409964,2154300,0.0000,1.0
2006-06-30,92.0,93.01,91.66,92.96,15.363560271297684,1876700,0.0000,1.0
2006-07-03,92.96,92.96,91.82,92.23,15.24291269171456,863600,0.0000,1.0
2006-07-05,92.23,92.29,90.39,92.12,15.224732919448611,1336100,0.0000,1.0
2006-07-06,92.37,92.5,89.84,90.83,15.0115337719661,1413400,0.0000,1.0
2006-07-07,90.13,90.73,89.49,90.12,14.89419160552224,1129200,0.0000,1.0
2006-07-10,90.73,90.79,89.29,90.36,14.933856563193403,1181400,0.0000,1.0
2006-07-11,90.16,90.58,89.36,90.23,14.91237137778819,1246700,0.0000,1.0
2006-07-12,90.3,90.63,88.0,88.23,14.58183006386182,1864300,0.0000,1.0
2006-07-13,88.0,88.14,86.52,87.45,14.452918951430537,1803100,0.0000,1.0
2006-07-14,87.45,87.75,85.15,86.16,14.239719803948026,1535500,0.0000,1.0
2006-07-17,85.65,86.48,84.59,84.66,13.991813818503248,1583800,0.0000,1.0
2006-07-18,84.75,86.56,84.75,86.39,14.27773205504956,1837300,0.0000,1.0
2006-07-19,86.4,87.5,85.01,87.4,14.444655418582377,2783700,0.0000,1.0
2006-07-20,86.25,89.89,83.76,84.01,13.88438789147718,3334400,0.0000,1.0
2006-07-21,83.99,84.13,81.8,83.04,13.72407535422289,2885700,0.0000,1.0
2006-07-24,83.56,85.55,83.05,85.42,14.11741951779527,2174200,0.0000,1.0
2006-07-25,85.42,85.42,82.49,84.24,13.922400142578711,3228800,0.0000,1.0
2006-07-26,84.0,84.01,81.94,83.1,13.73399159364068,2606100,0.0000,1.0
2006-07-27,83.71,84.4,83.28,83.77,13.844722933806013,1685700,0.0000,1.0
2006-07-28,83.9,85.59,83.49,85.22,14.084365386402633,2390900,0.0000,1.0
2006-07-31,84.48,85.15,83.79,85.0,14.048005841870731,1489500,0.0000,1.0
2006-08-01,84.34,84.38,82.67,83.14,13.740602419919208,2084000,0.0000,1.0
2006-08-02,83.45,84.95,83.31,84.76,14.00834088419957,1094900,0.0000,1.0
2006-08-03,84.0,87.25,83.59,86.92,14.365325503240047,1591300,0.0000,1.0
2006-08-04,86.42,87.69,83.15,83.85,13.857944586363068,2578000,0.0000,1.0
2006-08-07,83.32,84.31,80.85,80.99,13.38527050744836,2823500,0.0000,1.0
2006-08-08,81.44,82.17,80.35,80.8,13.353869082625353,1717700,0.0000,1.0
2006-08-09,81.8,81.96,78.65,78.87,13.034896714686408,2685400,0.0000,1.0
2006-08-10,78.88,80.6,78.84,80.41,13.289413526409712,1812000,0.0000,1.0
2006-08-11,79.92,80.5,79.02,79.21,13.09108873805389,1023000,0.0000,1.0
2006-08-14,80.0,80.46,79.29,79.58,13.152238881130268,1043800,0.0000,1.0
2006-08-15,80.5,82.12,80.23,82.12,13.57202634981676,1469700,0.0000,1.0
2006-08-16,82.6,84.68,81.99,84.59,13.980244872515826,1893500,0.0000,1.0
2006-08-17,84.3,85.21,83.87,84.3,13.932316381996502,1335200,0.0000,1.0
2006-08-18,84.3,84.3,83.11,83.74,13.839764814097117,866600,0.0000,1.0
2006-08-21,83.5,83.51,81.42,81.53,13.47451666220848,1269000,0.0000,1.0
2006-08-22,81.6,82.55,81.4,81.6,13.486085608195902,1232500,0.0000,1.0
2006-08-23,81.8,82.28,80.96,81.5,13.469558542499584,1098600,0.0000,1.0
2006-08-24,81.5,81.83,80.43,80.57,13.31585683152382,1403100,0.0000,1.0
2006-08-25,80.5,81.32,80.03,80.94,13.3770069746002,1434200,0.0000,1.0
2006-08-28,81.1,81.42,80.5,80.66,13.330731190650509,1118900,0.0000,1.0
2006-08-29,80.5,80.7,79.55,80.09,13.28610811327045,1534300,0.3000,1.0
2006-08-30,80.5,80.8,79.92,80.12,13.291084805034691,1281200,0.0000,1.0
2006-08-31,80.36,80.66,80.03,80.35,13.329239441893876,2277200,0.0000,1.0
2006-09-01,80.5,80.75,79.87,80.54,13.360758489734074,1159400,0.0000,1.0
2006-09-05,80.15,81.13,80.06,80.75,13.395595332083765,1116700,0.0000,1.0
2006-09-06,80.4,81.24,80.2,80.26,13.314309366601151,1287200,0.0000,1.0
2006-09-07,79.97,80.12,79.35,79.88,13.251271270920755,1474200,0.0000,1.0
2006-09-08,80.2,80.38,79.58,80.1,13.287767010525194,1244800,0.0000,1.0
2006-09-11,79.27,80.17,79.27,79.88,13.251271270920755,1292700,0.0000,1.0
2006-09-12,79.9,82.04,79.9,81.95,13.59466300265343,1771200,0.0000,1.0
2006-09-13,81.95,84.77,81.65,84.74,14.057495336727902,2407600,0.0000,1.0
2006-09-14,84.5,85.67,84.36,85.18,14.130486815936782,1940900,0.0000,1.0
2006-09-15,85.55,85.79,83.69,83.8,13.901558994781665,1896100,0.0000,1.0
2006-09-18,84.37,86.24,84.01,86.06,14.276469774354537,1753300,0.0000,1.0
2006-09-19,86.07,86.32,83.77,84.97,14.09564997358709,1689900,0.0000,1.0
2006-09-20,85.9,86.38,84.33,84.6,14.034270775161442,1216000,0.0000,1.0
2006-09-21,85.15,85.31,83.2,83.22,13.805342954006326,1595600,0.0000,1.0
2006-09-22,83.25,83.8877,82.58,83.42,13.83852089910127,1703200,0.0000,1.0
2006-09-25,84.08,84.69,82.71,84.42,14.004410624575993,2414900,0.0000,1.0
2006-09-26,84.95,86.1,84.46,86.05,14.274810877099789,2110000,0.0000,1.0
2006-09-27,85.56,88.19,85.45,87.65,14.540234437859343,2529300,0.0000,1.0
2006-09-28,87.65,88.47,87.3,87.52,14.51866877354763,1509300,0.0000,1.0
2006-09-29,87.33,88.09,86.74,88.0,14.598295841775496,1564800,0.0000,1.0
2006-10-02,88.25,88.32,86.76,87.16,14.45894847237673,1219100,0.0000,1.0
2006-10-03,87.16,88.7,86.27,87.63,14.536916643349848,2219100,0.0000,1.0
2006-10-04,87.69,89.54,86.72,89.54,14.853766019006567,1893600,0.0000,1.0
2006-10-05,89.12,90.04,88.5,89.93,14.918463011941709,1546100,0.0000,1.0
2006-10-06,89.5,89.56,88.51,88.86,14.740961005683756,1255700,0.0000,1.0
2006-10-09,88.66,90.07,88.13,89.33,14.818929176656875,1193600,0.0000,1.0
2006-10-10,90.0,90.84,89.62,90.4,14.996431182914828,1316700,0.0000,1.0
2006-10-11,90.1,90.16,89.35,90.0,14.930075292724938,882500,0.0000,1.0
2006-10-12,90.36,90.92,89.88,90.78,15.059469278595222,1261500,0.0000,1.0
2006-10-13,90.6,91.5,90.35,91.08,15.109236196237637,1037400,0.0000,1.0
2006-10-16,90.63,92.36,90.25,92.34,15.318257250335789,1174600,0.0000,1.0
2006-10-17,91.53,92.27,90.22,91.51,15.18056877819177,921600,0.0000,1.0
2006-10-18,92.7,93.79,90.56,91.3,15.145731935842075,2184300,0.0000,1.0
2006-10-19,91.2,91.48,89.32,91.35,15.154026422115813,1881100,0.0000,1.0
2006-10-20,91.64,91.81,90.14,90.83,15.067763764868957,1626200,0.0000,1.0
2006-10-23,90.83,92.81,90.65,91.2,15.129142963294605,1787200,0.0000,1.0
2006-10-24,91.46,91.62,90.4,91.5,15.17890988093702,1504800,0.0000,1.0
2006-10-25,92.0,92.87,91.38,91.78,15.225359004069944,1991000,0.0000,1.0
2006-10-26,92.03,92.081,90.71,91.12,15.115871785256628,1151800,0.0000,1.0
2006-10-27,90.43,91.36,90.0,90.86,15.072740456633198,1305900,0.0000,1.0
2006-10-30,91.1,91.24,90.5,90.93,15.084352737416431,1649200,0.0000,1.0
2006-10-31,90.93,91.52,90.06,90.63,15.034585819774012,2082800,0.0000,1.0
2006-11-01,91.25,91.83,90.17,90.76,15.056151484085728,2213200,0.0000,1.0
2006-11-02,90.4,90.94,89.86,90.86,15.072740456633198,1906400,0.0000,1.0
2006-11-03,90.86,91.19,89.41,90.19,14.961594340565135,1459500,0.0000,1.0
2006-11-06,90.55,91.63,90.27,91.21,15.13080186054935,1372400,0.0000,1.0
2006-11-07,91.31,92.29,91.06,91.06,15.105918401728143,1444300,0.0000,1.0
2006-11-08,91.07,92.2,90.55,91.7,15.212087826031965,1477000,0.0000,1.0
2006-11-09,91.77,92.04,90.65,90.68,15.042880306047751,1619500,0.0000,1.0
2006-11-10,90.79,91.33,90.57,91.14,15.119189579766122,1190300,0.0000,1.0
2006-11-13,91.14,92.95,91.02,92.55,15.353094092685478,1288700,0.0000,1.0
2006-11-14,92.36,92.56,89.65,91.47,15.173933189172779,3431600,0.0000,1.0
2006-11-15,91.91,92.25,90.93,91.24,15.135778552313592,2172300,0.0000,1.0
2006-11-16,91.3,92.47,90.95,91.99,15.260195846419634,1444500,0.0000,1.0
2006-11-17,91.89,91.9,90.97,91.35,15.154026422115813,1734200,0.0000,1.0
2006-11-20,91.6,92.18,91.32,91.35,15.154026422115813,1230000,0.0000,1.0
2006-11-21,91.25,91.76,91.05,91.49,15.177250983682272,967200,0.0000,1.0
2006-11-22,91.69,92.79,91.42,92.63,15.366365270723456,1398600,0.0000,1.0
2006-11-24,91.9,92.3,91.32,91.45,15.170615394663285,428400,0.0000,1.0
2006-11-27,91.3,91.88,90.76,90.78,15.059469278595222,1449500,0.0000,1.0
2006-11-28,90.6,90.69,89.01,89.54,14.903532936648986,2402000,0.3000,1.0
2006-11-29,89.86,90.23,89.58,90.03,14.985091247336477,1419000,0.0000,1.0
2006-11-30,90.0,92.02,89.74,90.52,15.066649558023968,1789700,0.0000,1.0
2006-12-01,90.52,91.23,89.89,90.48,15.059991736743358,1534000,0.0000,1.0
2006-12-04,91.1,92.35,91.05,92.11,15.331297953928278,1514600,0.0000,1.0
2006-12-05,92.73,96.16,92.45,95.95,15.970448796866988,3155300,0.0000,1.0
2006-12-06,95.75,95.8,93.5,93.64,15.585959617911671,2859000,0.0000,1.0
2006-12-07,93.78,94.15,92.88,93.18,15.509394673184639,1337200,0.0000,1.0
2006-12-08,92.93,93.86,92.65,92.8,15.446145371018826,1038300,0.0000,1.0
2006-12-11,92.76,94.5,92.35,93.89,15.627571000915493,1300100,0.0000,1.0
2006-12-12,93.7,93.96,92.0,92.81,15.44780982633898,1555400,0.0000,1.0
2006-12-13,92.82,92.87,92.02,92.51,15.397876166734394,1686700,0.0000,1.0
2006-12-14,92.7,94.99,92.51,94.62,15.749076239286655,1853100,0.0000,1.0
2006-12-15,94.09,94.62,93.16,93.93,15.634228822196105,2218100,0.0000,1.0
2006-12-18,94.1,94.12,93.03,93.4,15.546012690228002,773100,0.0000,1.0
2006-12-19,92.59,92.85,91.89,92.62,15.416185175256077,1169100,0.0000,1.0
2006-12-20,92.32,92.5,91.3,91.4,15.213121626197424,1788300,0.0000,1.0
2006-12-21,91.4,92.8,91.18,91.2,15.179832519794365,1314600,0.0000,1.0
2006-12-22,91.4,91.41,90.08,90.61,15.081629655905344,803400,0.0000,1.0
2006-12-26,90.45,91.33,90.45,91.33,15.201470438956353,441900,0.0000,1.0
2006-12-27,91.56,91.87,91.33,91.75,15.271377562402774,852500,0.0000,1.0
2006-12-28,91.75,92.32,91.75,92.0,15.312988945406596,1182200,0.0000,1.0
2006-12-29,92.0,92.37,91.69,92.02,15.3163178560469,905900,0.0000,1.0
2007-01-03,92.47,93.99,91.79,92.48,15.392882800773936,1384200,0.0000,1.0
2007-01-04,92.38,92.57,91.5,91.8,15.279699839003538,1495900,0.0000,1.0
2007-01-05,91.72,91.78,90.58,90.66,15.089951932506109,1610800,0.0000,1.0
2007-01-08,90.42,91.3,90.15,90.8,15.11325430698825,1220700,0.0000,1.0
2007-01-09,91.02,91.43,90.44,90.85,15.121576583589013,1706400,0.0000,1.0
2007-01-10,90.4,90.54,89.58,90.13,15.001735800538004,2207500,0.0000,1.0
2007-01-11,90.23,90.96,90.23,90.5,15.063320647383662,2172500,0.0000,1.0
2007-01-12,90.51,92.49,90.51,91.96,15.306331124125983,2081200,0.0000,1.0
2007-01-16,91.68,95.88,91.68,95.43,15.88389712021904,3710700,0.0000,1.0
2007-01-17,95.07,95.2,93.8,94.04,15.652537830717787,1662700,0.0000,1.0
2007-01-18,93.23,98.15,93.23,96.72,16.09861185651876,5205600,0.0000,1.0
2007-01-19,96.7,97.45,95.82,96.33,16.033698099032797,2544800,0.0000,1.0
2007-01-22,96.57,96.63,94.78,95.31,15.863923656377203,1629100,0.0000,1.0
2007-01-23,94.1,99.09,93.92,98.22,16.348280154541694,4717500,0.0000,1.0
2007-01-24,97.9,98.8,96.21,96.96,16.138558784202427,2640900,0.0000,1.0
2007-01-25,96.44,97.97,96.21,96.49,16.060329384155242,2762000,0.0000,1.0
2007-01-26,96.74,97.01,95.04,95.43,15.88389712021904,2029600,0.0000,1.0
2007-01-29,95.33,96.9,94.57,95.56,15.905535039381025,2999200,0.0000,1.0
2007-01-30,96.18,97.07,95.17,96.98,16.141887694842737,2098000,0.0000,1.0
2007-01-31,97.28,101.23,97.14,101.0,16.8109987335442,3610900,0.0000,1.0
2007-02-01,101.0,103.4,100.98,102.84,17.11725851245233,4268500,0.0000,1.0
2007-02-02,102.85,103.1,102.0,102.4,17.044022478365605,2093700,0.0000,1.0
2007-02-05,102.0,103.04,101.76,102.44,17.050680299646213,1622500,0.0000,1.0
2007-02-06,100.61,101.46,99.86,99.94,16.63456646960799,2494300,0.0000,1.0
2007-02-07,100.35,102.19,99.93,100.15,16.669520031331203,2045100,0.0000,1.0
2007-02-08,100.24,101.15,99.71,100.58,16.741091610097776,1575400,0.0000,1.0
2007-02-09,101.2,101.2,99.07,99.64,16.584632810003406,1643600,0.0000,1.0
2007-02-12,99.89,100.2,98.7999,99.76,16.60460627384524,1214400,0.0000,1.0
2007-02-13,100.01,103.02,99.99,102.81,17.112265146491872,1545800,0.0000,1.0
2007-02-14,103.07,104.7,102.14,104.49,17.391893640277555,2545700,0.0000,1.0
2007-02-15,103.6,104.09,101.25,102.24,17.017391193243157,3164000,0.0000,1.0
2007-02-16,102.33,102.73,100.34,101.73,16.93250397191536,1596500,0.0000,1.0
2007-02-20,101.5,102.95,101.099,102.7,17.09395613797019,1700700,0.0000,1.0
2007-02-21,102.3,104.54,101.81,104.31,17.361933444514804,1781900,0.0000,1.0
2007-02-22,104.89,105.84,103.52,104.11,17.328644338111747,2079700,0.0000,1.0
2007-02-23,103.5,104.32,102.87,103.53,17.23210592954288,2056900,0.0000,1.0
2007-02-26,103.96,103.96,101.51,101.72,16.989095452800555,2496400,0.3500,1.0
2007-02-27,100.5,102.43,96.5,97.99,16.36611741466699,4039800,0.0000,1.0
2007-02-28,98.85,99.78,97.86,98.58,16.464658176731014,2733100,0.0000,1.0
2007-03-01,97.5,99.52,96.74,98.89,16.516433831374822,3020000,0.0000,1.0
2007-03-02,98.88,99.25,97.37,97.82,16.33772431373329,2127000,0.0000,1.0
2007-03-05,96.63,97.22,95.6,96.11,16.052123121988416,2683600,0.0000,1.0
2007-03-06,96.12,97.34,95.97,96.21,16.06882494606706,2725200,0.0000,1.0
2007-03-07,95.85,97.87,95.8,97.5,16.284278476681617,2380000,0.0000,1.0
2007-03-08,98.0,99.86,98.0,99.08,16.548167297124255,2352100,0.0000,1.0
2007-03-09,99.8,100.5,98.5,98.74,16.491381095256852,1638800,0.0000,1.0
2007-03-12,98.69,102.04,98.6,101.36,16.928968886117424,2888200,0.0000,1.0
2007-03-13,100.4,100.57,97.89,98.06,16.37780869152205,2119400,0.0000,1.0
2007-03-14,98.31,98.89,95.51,97.57,16.29596975353667,3165500,0.0000,1.0
2007-03-15,97.57,99.6,97.43,98.68,16.481360000809666,1726000,0.0000,1.0
2007-03-16,98.95,100.35,97.23,99.95,16.69347316660849,3151200,0.0000,1.0
2007-03-19,99.59,100.39,98.87,99.61,16.636686964741088,2635100,0.0000,1.0
2007-03-20,99.61,100.89,99.29,100.44,16.775312104593866,3161400,0.0000,1.0
2007-03-21,100.2,101.47,99.75,101.3,16.918947791670234,2421700,0.0000,1.0
2007-03-22,101.25,101.29,99.7,100.37,16.763620827738812,1744600,0.0000,1.0
2007-03-23,100.55,104.66,100.2,104.2,17.403300689951024,3992400,0.0000,1.0
2007-03-26,105.08,105.7,102.19,102.63,17.14108205191625,2379900,0.0000,1.0
2007-03-27,102.5,102.6,100.75,100.94,16.858821224987103,1673700,0.0000,1.0
2007-03-28,100.19,101.05,99.38,100.04,16.708504808279276,1532100,0.0000,1.0
2007-03-29,101.31,102.17,99.98,101.3,16.918947791670234,2267000,0.0000,1.0
2007-03-30,101.21,103.53,101.0,101.55,16.960702351866853,3469000,0.0000,1.0
2007-04-02,101.41,102.11,100.41,101.97,17.030850012997178,1466200,0.0000,1.0
2007-04-03,102.3805,103.43,102.11,103.1,17.219580625085896,1383000,0.0000,1.0
2007-04-04,103.49,103.89,102.86,103.02,17.20621916582298,1180300,0.0000,1.0
2007-04-05,101.05,103.4,101.05,103.2,17.236282449164545,1839300,0.0000,1.0
2007-04-09,106.75,111.24,106.48,107.15,17.896004500271133,5796700,0.0000,1.0
2007-04-10,106.9,108.15,106.25,107.51,17.956131066954267,2385700,0.0000,1.0
2007-04-11,107.55,108.0,105.98,106.41,17.77241100208914,1404300,0.0000,1.0
2007-04-12,106.3,112.1,105.62,111.02,18.542365092114803,3699200,0.0000,1.0
2007-04-13,111.02,111.18,108.65,109.78,18.335262473539572,1586800,0.0000,1.0
2007-04-16,111.0,111.75,110.18,111.43,18.61084257083726,1462400,0.0000,1.0
2007-04-17,111.41,111.41,109.94,110.46,18.448834877274376,1316700,0.0000,1.0
2007-04-18,111.5,115.25,110.55,113.78,19.003335436685482,3893500,0.0000,1.0
2007-04-19,115.9,119.22,113.27,116.47,19.452614504401108,6466800,0.0000,1.0
2007-04-20,117.39,118.01,116.47,117.21,19.5762080025831,2762200,0.0000,1.0
2007-04-23,116.92,117.84,116.5,116.6,19.47432687570335,1660100,0.0000,1.0
2007-04-24,116.32,116.79,115.33,115.94,19.364094836784275,2112200,0.0000,1.0
2007-04-25,116.45,116.89,114.69,116.36,19.434242497914596,2821800,0.0000,1.0
2007-04-26,116.47,116.49,114.48,114.77,19.168683495064094,1679700,0.0000,1.0
2007-04-27,114.35,116.56,113.74,115.84,19.347393012705627,2230400,0.0000,1.0
2007-04-30,115.93,116.4,114.25,114.25,19.08183400985513,2168000,0.0000,1.0
2007-05-01,114.99,115.73,112.03,112.22,18.742786981058575,4038600,0.0000,1.0
2007-05-02,112.55,113.93,112.36,113.42,18.94320887000235,2566400,0.0000,1.0
2007-05-03,115.75,117.78,114.8,116.55,19.465975963664025,2762800,0.0000,1.0
2007-05-04,116.5,116.88,115.29,116.64,19.48100760533481,2370800,0.0000,1.0
2007-05-07,116.6,117.29,115.96,116.44,19.447603957177513,1810300,0.0000,1.0
2007-05-08,116.6,118.49,116.42,117.54,19.63132402204264,3494000,0.0000,1.0
2007-05-09,117.57,118.25,116.51,117.54,19.63132402204264,2495500,0.0000,1.0
2007-05-10,116.65,117.322,115.3,116.02,19.377456296047193,2320100,0.0000,1.0
2007-05-11,116.7,117.23,116.51,116.9,19.524432347939296,2397300,0.0000,1.0
2007-05-14,118.45,118.45,116.54,117.41,19.609611650740398,1574600,0.0000,1.0
2007-05-15,117.4,119.09,117.35,118.29,19.7565877026325,3062000,0.0000,1.0
2007-05-16,118.99,119.795,117.99,119.39,19.940307767497625,2538000,0.0000,1.0
2007-05-17,119.0,121.08,118.78,120.81,20.177473669414425,2888200,0.0000,1.0
2007-05-18,120.79,120.79,119.19,119.85,20.017136158259405,2170800,0.0000,1.0
2007-05-21,119.2,120.34,118.8,119.08,19.888532112853817,2422100,0.0000,1.0
2007-05-22,120.5,120.5,117.64,118.56,19.801682627644848,1565900,0.0000,1.0
2007-05-23,119.12,119.5,118.33,118.9,19.85846882951225,1724500,0.0000,1.0
2007-05-24,118.91,119.6,116.79,117.26,19.584558914622427,1792400,0.0000,1.0
2007-05-25,118.06,119.34,117.75,117.96,19.75992806744823,1329400,0.3500,1.0
2007-05-29,118.16,119.37,117.85,118.66,19.87718772875048,1383100,0.0000,1.0
2007-05-30,117.78,118.95,117.78,118.82,19.903989937048138,1041700,0.0000,1.0
2007-05-31,119.05,121.14,119.0,120.68,20.215565608508413,1778300,0.0000,1.0
2007-06-01,121.23,122.79,121.2,122.03,20.4417092410199,1855200,0.0000,1.0
2007-06-04,121.74,122.13,121.13,121.93,20.424957860833864,1378600,0.0000,1.0
2007-06-05,121.11,122.0,120.11,120.98,20.26581974906652,1443700,0.0000,1.0
2007-06-06,120.92,120.92,118.16,118.16,19.793430827820302,1949900,0.0000,1.0
2007-06-07,117.7,118.16,114.82,114.82,19.23393472960669,3068000,0.0000,1.0
2007-06-08,114.82,117.09,114.71,116.65,19.540484987011155,2097800,0.0000,1.0
2007-06-11,116.4,116.75,115.66,115.67,19.376321461188002,1511100,0.0000,1.0
2007-06-12,115.36,115.64,113.31,113.31,18.980988888797548,2479500,0.0000,1.0
2007-06-13,112.69,116.73,112.69,116.73,19.553886091159985,2581400,0.0000,1.0
2007-06-14,117.14,118.9,116.88,118.18,19.79678110385751,2407200,0.0000,1.0
2007-06-15,118.7,121.74,118.7,120.26,20.14520981172706,3346300,0.0000,1.0
2007-06-18,120.26,120.26,119.01,119.49,20.01622418429458,996400,0.0000,1.0
2007-06-19,119.3,119.76,118.61,119.52,20.02124959835039,1970100,0.0000,1.0
2007-06-20,119.2,119.75,117.15,117.31,19.651044096238994,1581800,0.0000,1.0
2007-06-21,117.2,118.08,116.36,118.0,19.766628619522642,1833100,0.0000,1.0
2007-06-22,118.0,118.03,114.82,116.09,19.446677257969352,2424800,0.0000,1.0
2007-06-25,116.56,116.67,114.36,114.7,19.21383307338345,1787400,0.0000,1.0
2007-06-26,115.43,115.53,113.25,113.48,19.00946623511381,1948400,0.0000,1.0
2007-06-27,112.82,115.11,112.08,114.7,19.21383307338345,2289800,0.0000,1.0
2007-06-28,114.5,115.99,114.4,115.1,19.280838594127594,1525100,0.0000,1.0
2007-06-29,115.72,116.79,114.38,115.15,19.289214284220613,1508600,0.0000,1.0
2007-07-02,115.85,116.91,115.71,116.24,19.471804328248407,1432300,0.0000,1.0
2007-07-03,116.28,116.95,115.99,116.73,19.553886091159985,765100,0.0000,1.0
2007-07-05,116.52,116.83,115.31,116.0,19.43160101580192,1263000,0.0000,1.0
2007-07-06,116.1,117.43,115.15,116.81,19.567287195308815,1551200,0.0000,1.0
2007-07-09,117.05,117.98,116.77,116.86,19.57566288540183,1293300,0.0000,1.0
2007-07-10,116.46,116.46,114.84,115.07,19.275813180071783,2178400,0.0000,1.0
2007-07-11,114.77,117.84,114.71,117.75,19.724750169057554,2424900,0.0000,1.0
2007-07-12,119.0,119.74,117.75,119.73,20.05642749674107,2268000,0.0000,1.0
2007-07-13,119.79,121.2,118.59,120.8,20.235667264731653,1397200,0.0000,1.0
2007-07-16,119.82,123.19,117.17,122.18,20.466836311298955,2085100,0.0000,1.0
2007-07-17,122.18,124.99,121.81,123.9,20.754960050498777,2885500,0.0000,1.0
2007-07-18,126.0,129.36,125.59,125.91,21.0916627922381,5791700,0.0000,1.0
2007-07-19,126.91,127.11,124.56,125.74,21.06318544592184,4061600,0.0000,1.0
2007-07-20,124.5,126.34,123.71,125.87,21.084962240163687,2728200,0.0000,1.0
2007-07-23,125.0,127.99,125.0,127.32,21.32785725286121,1810800,0.0000,1.0
2007-07-24,122.94,127.63,122.94,124.99,20.937550094526568,3640600,0.0000,1.0
2007-07-25,126.0,127.79,121.06,122.81,20.572370006470983,3747700,0.0000,1.0
2007-07-26,120.3,120.96,118.25,120.1,20.1184076034294,4546200,0.0000,1.0
2007-07-27,118.41,121.75,117.41,119.12,19.954244077606248,4121000,0.0000,1.0
2007-07-30,118.75,121.66,118.39,120.7,20.21891588454562,2366600,0.0000,1.0
2007-07-31,121.7,122.13,119.14,119.14,19.957594353643454,2441800,0.0000,1.0
2007-08-01,118.0,120.0,117.49,119.34,19.991097114015528,2972100,0.0000,1.0
2007-08-02,119.5,120.7,118.38,119.99,20.099981085224762,2886200,0.0000,1.0
2007-08-03,119.97,120.19,114.25,114.25,19.138451862546287,3510300,0.0000,1.0
2007-08-06,115.3,115.9,113.52,114.69,19.212157935364846,4363800,0.0000,1.0
2007-08-07,114.3,118.14,113.01,116.87,19.577338023420435,3320500,0.0000,1.0
2007-08-08,118.02,120.25,117.79,119.06,19.944193249494628,3968800,0.0000,1.0
2007-08-09,118.08,119.68,115.7,115.7,19.381346875243814,3118500,0.0000,1.0
2007-08-10,115.5,117.37,113.01,116.65,19.540484987011155,4113300,0.0000,1.0
2007-08-13,117.3,119.75,117.27,117.97,19.761603205466834,2072800,0.0000,1.0
2007-08-14,117.79,118.35,113.01,113.14,18.952511542481286,3429800,0.0000,1.0
2007-08-15,111.42,112.89,106.48,107.65,18.032860770267902,4475900,0.0000,1.0
2007-08-16,106.51,107.27,99.38,105.0,17.588949195337946,8160800,0.0000,1.0
2007-08-17,108.52,109.12,103.01,105.93,17.744737031068084,3986300,0.0000,1.0
2007-08-20,105.75,112.43,105.75,111.73,18.71631708185818,4364300,0.0000,1.0
2007-08-21,112.0,112.22,109.34,109.62,18.362862959932816,2097200,0.0000,1.0
2007-08-22,111.45,113.17,111.06,112.87,18.90728281597899,2745400,0.0000,1.0
2007-08-23,113.28,114.01,109.27,109.66,18.36956351200723,2488000,0.0000,1.0
2007-08-24,109.68,111.43,109.06,111.07,18.605757972630336,1739800,0.0000,1.0
2007-08-27,110.9,111.41,109.37,109.51,18.344436441728178,1366100,0.0000,1.0
2007-08-28,109.35,109.5,106.67,106.82,17.952454145374926,1881000,0.3500,1.0
2007-08-29,107.53,110.12,107.5,109.93,18.475129041387998,1874900,0.0000,1.0
2007-08-30,108.32,110.28,106.99,107.86,18.127239319604378,2557600,0.0000,1.0
2007-08-31,109.28,112.16,108.65,111.57,18.750751816134436,3009200,0.0000,1.0
2007-09-04,110.9,113.39,110.63,112.55,18.91545323031219,1335300,0.0000,1.0
2007-09-05,111.52,111.77,108.41,109.13,18.34067890736534,2910300,0.0000,1.0
2007-09-06,109.33,109.88,107.77,109.28,18.36588830749459,1723100,0.0000,1.0
2007-09-07,107.85,110.83,107.05,108.11,18.169254986486457,2701500,0.0000,1.0
2007-09-10,109.0,109.65,105.06,105.92,17.801197744599442,2165100,0.0000,1.0
2007-09-11,106.53,109.03,106.25,108.48,18.231438173471936,1386700,0.0000,1.0
2007-09-12,107.77,109.61,106.86,108.69,18.26673133365288,1465000,0.0000,1.0
2007-09-13,109.9,113.37,108.85,112.68,18.937301377090872,2635400,0.0000,1.0
2007-09-14,112.0,113.34,111.12,111.83,18.7944481096918,1529000,0.0000,1.0
2007-09-17,111.61,112.21,110.59,111.0,18.654956095643296,1116200,0.0000,1.0
2007-09-18,111.77,116.35,110.62,116.26,19.53896572684225,2623800,0.0000,1.0
2007-09-19,117.31,117.31,113.9,114.83,19.298636112276753,2187000,0.0000,1.0
2007-09-20,114.55,114.72,111.64,112.06,18.833102523223314,2362300,0.0000,1.0
2007-09-21,113.0,113.65,112.06,112.87,18.969233283921252,2495000,0.0000,1.0
2007-09-24,113.43,113.7,110.65,111.39,18.72050053597934,1483500,0.0000,1.0
2007-09-25,110.15,111.62,110.0,110.9,18.638149828890466,3807800,0.0000,1.0
2007-09-26,111.8,113.18,111.31,112.36,18.88352132348181,4282200,0.0000,1.0
2007-09-27,113.02,114.3,112.09,113.78,19.12217031137202,2562600,0.0000,1.0
2007-09-28,113.91,114.67,112.23,113.06,19.00116519075163,1054400,0.0000,1.0
2007-10-01,114.03,114.95,111.78,114.32,19.21292415183731,1902300,0.0000,1.0
2007-10-02,114.74,114.87,112.29,113.33,19.046542110984277,1088000,0.0000,1.0
2007-10-03,112.5,113.0,110.54,111.02,18.65831734899386,1621100,0.0000,1.0
2007-10-04,111.71,112.74,110.07,112.36,18.88352132348181,1823400,0.0000,1.0
2007-10-05,113.0,117.99,113.0,117.35,19.722154034448113,3428700,0.0000,1.0
2007-10-08,116.93,118.03,115.61,117.36,19.723834661123398,1262100,0.0000,1.0
2007-10-09,117.25,118.85,116.13,118.14,19.854923541795486,1703200,0.0000,1.0
2007-10-10,117.92,118.59,116.63,117.68,19.77761471473246,1067800,0.0000,1.0
2007-10-11,118.18,119.46,116.0,118.4,19.89861983535285,2161300,0.0000,1.0
2007-10-12,118.24,119.79,117.69,119.52,20.086850022984564,2280000,0.0000,1.0
2007-10-15,119.22,119.82,116.62,118.16,19.85828479514605,1923800,0.0000,1.0
2007-10-16,117.42,117.5,114.88,116.18,19.525520713439985,2071700,0.0000,1.0
2007-10-17,118.58,119.8,117.21,118.98,19.996096182519274,4500900,0.0000,1.0
2007-10-18,118.9,127.17,118.9,125.93,21.164131721841084,5898900,0.0000,1.0
2007-10-19,125.96,126.07,122.43,122.62,20.60784429232235,3586900,0.0000,1.0
2007-10-22,120.5,126.38,119.05,125.25,21.049849107921826,2798700,0.0000,1.0
2007-10-23,126.99,130.0,126.99,129.96,21.841424271980205,3701300,0.0000,1.0
2007-10-24,128.97,129.38,125.65,129.03,21.685125991178868,2492700,0.0000,1.0
2007-10-25,129.35,129.4,125.25,127.28,21.39101632300431,3198500,0.0000,1.0
2007-10-26,128.53,128.66,126.29,127.9,21.49521517687187,1280100,0.0000,1.0
2007-10-29,128.57,129.06,127.27,127.48,21.424628856509976,2631200,0.0000,1.0
2007-10-30,127.7,128.35,126.01,126.21,21.21118926874901,1570700,0.0000,1.0
2007-10-31,126.68,128.5,126.51,128.04,21.51874395032583,2166000,0.0000,1.0
2007-11-01,126.95,127.88,124.42,124.745,20.964977460820027,1929800,0.0000,1.0
2007-11-02,125.05,126.41,123.2,126.0,21.175896108568065,2074200,0.0000,1.0
2007-11-05,125.0,126.75,124.6,125.61,21.11035166823202,2648600,0.0000,1.0
2007-11-06,126.2,127.07,125.84,126.87,21.322110629317702,2410300,0.0000,1.0
2007-11-07,124.95,126.24,123.33,124.57,20.93556649400257,2489100,0.0000,1.0
2007-11-08,124.68,126.75,123.29,126.48,21.256566188981658,3083700,0.0000,1.0
2007-11-09,125.0,126.38,124.13,124.65,20.949011507404837,2440600,0.0000,1.0
2007-11-12,124.73,126.72,123.38,123.6,20.7725457065001,2136600,0.0000,1.0
2007-11-13,124.39,126.0,123.83,125.48,21.08850352145334,2758900,0.0000,1.0
2007-11-14,126.49,127.39,123.86,124.37,20.901953960496908,2223200,0.0000,1.0
2007-11-15,123.63,126.9,122.39,124.43,20.912037720548607,2486000,0.0000,1.0
2007-11-16,125.0,126.5,124.35,126.48,21.256566188981658,2461200,0.0000,1.0
2007-11-19,125.92,126.08,124.08,124.7,20.957414640781252,2969700,0.0000,1.0
2007-11-20,125.15,127.85,124.49,126.45,21.25152430895581,2349500,0.0000,1.0
2007-11-21,125.07,125.45,122.06,122.91,20.65658246590556,2395100,0.0000,1.0
2007-11-23,124.4,125.49,123.48,124.68,20.954053387430687,969200,0.0000,1.0
2007-11-26,124.94,125.96,121.36,121.36,20.39608533123667,1790400,0.0000,1.0
2007-11-27,121.75,124.93,121.0,124.41,20.9826240409105,2139300,0.4400,1.0
2007-11-28,125.1,127.4,125.0,126.89,21.400893533889025,2848200,0.0000,1.0
2007-11-29,126.23,126.84,124.34,125.48,21.1630870882843,1626700,0.0000,1.0
2007-11-30,126.73,128.89,125.46,126.14,21.274400743673745,2344000,0.0000,1.0
2007-12-03,125.32,126.94,124.35,126.31,21.303072442789208,1827500,0.0000,1.0
2007-12-04,125.81,128.05,125.25,126.74,21.375594975845967,1559000,0.0000,1.0
2007-12-05,128.17,129.56,128.01,129.3,21.807357033114123,2260100,0.0000,1.0
2007-12-06,129.25,134.88,128.96,134.15,22.625343743172927,3320300,0.0000,1.0
2007-12-07,134.67,136.74,134.01,134.84,22.74171711017098,2042400,0.0000,1.0
2007-12-10,135.2,135.72,133.87,135.26,22.812553072691536,1151500,0.0000,1.0
2007-12-11,134.82,135.9,130.15,130.64,22.033357484965418,2420100,0.0000,1.0
2007-12-12,134.6,137.56,130.28,132.57,22.358865598452738,3016800,0.0000,1.0
2007-12-13,132.18,134.0,130.54,133.8,22.566313774405796,1460800,0.0000,1.0
2007-12-14,134.8,134.8,130.3,130.56,22.01986492067579,1722600,0.0000,1.0
2007-12-17,130.23,130.84,128.77,128.96,21.750013634883196,1883400,0.0000,1.0
2007-12-18,129.64,130.14,127.53,129.43,21.82928245008477,1757200,0.0000,1.0
2007-12-19,122.49,126.6,121.36,124.61,21.016355451634574,7398700,0.0000,1.0
2007-12-20,125.77,125.77,121.9,123.3,20.79541471139189,3236800,0.0000,1.0
2007-12-21,124.51,126.54,123.65,126.02,21.2541618972393,3510400,0.0000,1.0
2007-12-24,125.69,128.84,125.69,128.47,21.66737167860921,788800,0.0000,1.0
2007-12-26,127.74,128.46,127.25,128.0,21.588102863407638,988700,0.0000,1.0
2007-12-27,128.3,128.85,127.1,127.3,21.470042925873376,1376600,0.0000,1.0
2007-12-28,127.23,128.25,126.5,127.73,21.542565458930138,1240700,0.0000,1.0
2007-12-31,127.0,127.39,125.5,125.62,21.18669907579115,1190700,0.0000,1.0
2008-01-02,125.66,127.25,123.62,124.24,20.953952341795038,2568000,0.0000,1.0
2008-01-03,124.89,125.73,123.25,123.86,20.889862661419297,1597000,0.0000,1.0
2008-01-04,122.89,122.92,119.66,120.04,20.245592716589474,2778100,0.0000,1.0
2008-01-07,120.54,121.89,117.39,118.99,20.068502810288084,3430000,0.0000,1.0
2008-01-08,119.16,120.0,114.86,115.26,19.439412000284097,2878500,0.0000,1.0
2008-01-09,115.53,116.25,111.96,114.52,19.31460578060502,4144800,0.0000,1.0
2008-01-10,113.38,118.48,111.1,116.85,19.707576715540487,2871400,0.0000,1.0
2008-01-11,115.55,117.33,113.17,114.11,19.245456388620667,2278000,0.0000,1.0
2008-01-14,115.25,116.34,114.68,115.24,19.43603885921169,2236200,0.0000,1.0
2008-01-15,113.29,114.15,111.76,112.29,18.93850055103159,2601500,0.0000,1.0
2008-01-16,111.56,114.52,111.27,112.9,19.041381353740018,2664600,0.0000,1.0
2008-01-17,113.46,114.65,108.3908,109.04,18.39036512676538,3493600,0.0000,1.0
2008-01-18,110.03,111.81,107.62,110.45,18.628171572370107,3336900,0.0000,1.0
2008-01-22,108.0,111.65,105.32,110.37,18.614679008080476,4252700,0.0000,1.0
2008-01-23,110.0,117.3,108.73,117.01,19.734561844119746,5525600,0.0000,1.0
2008-01-24,118.32,124.93,118.28,120.96,20.400757205920215,4336700,0.0000,1.0
2008-01-25,121.85,123.63,118.85,119.81,20.20680159425679,4375200,0.0000,1.0
2008-01-28,120.22,121.47,118.99,121.22,20.444608039861514,3917000,0.0000,1.0
2008-01-29,122.21,122.21,120.71,121.45,20.4833991621942,3584300,0.0000,1.0
2008-01-30,120.77,122.8,119.71,120.96,20.400757205920215,4488100,0.0000,1.0
2008-01-31,121.58,126.49,115.0,124.76,21.041654009677632,4647000,0.0000,1.0
2008-02-01,124.4,128.33,123.5,127.97,21.583043151799025,9555800,0.0000,1.0
2008-02-04,127.99,128.62,125.14,125.7,21.20019164008078,3034100,0.0000,1.0
2008-02-05,123.25,124.9,121.55,122.63,20.682414485466236,2308100,0.0000,1.0
2008-02-06,123.89,125.22,122.28,123.14,20.76842958281263,1793700,0.0000,1.0
2008-02-07,122.98,125.18,122.46,124.27,20.959012053403647,2280100,0.0000,1.0
2008-02-08,123.61,126.91,123.1,125.35,21.14116167131365,2567700,0.0000,1.0
2008-02-11,125.56,125.85,122.64,125.5,21.166460229356705,2146800,0.0000,1.0
2008-02-12,126.53,128.22,124.1,125.58,21.179952793646336,2364600,0.0000,1.0
2008-02-13,126.79,127.09,124.6,125.96,21.244042474022077,2037200,0.0000,1.0
2008-02-14,126.15,127.09,124.27,124.73,21.03659429806902,2672000,0.0000,1.0
2008-02-15,124.58,124.95,122.93,124.8,21.048400291822446,2498500,0.0000,1.0
2008-02-19,126.49,126.49,121.42,122.75,20.702653331900684,4382600,0.0000,1.0
2008-02-20,121.44,124.99,121.01,123.97,20.908414937317538,2517900,0.0000,1.0
2008-02-21,124.65,125.18,121.89,123.22,20.781922147102257,3876900,0.0000,1.0
2008-02-22,123.86,124.13,121.92,124.13,20.935400065896797,3526900,0.0000,1.0
2008-02-25,124.45,126.89,122.4,126.66,21.362102411556336,2634400,0.0000,1.0
2008-02-26,125.954,129.5,125.64,129.11,21.77531219292625,2940100,0.0000,1.0
2008-02-27,128.05,128.71,126.8,127.75,21.545938600002543,2823000,0.0000,1.0
2008-02-28,126.83,127.18,125.26,126.26,21.29463959010819,2100500,0.0000,1.0
2008-02-29,125.03,126.11,123.14,124.76,21.041654009677632,2941400,0.0000,1.0
2008-03-03,123.78,125.0,121.39,123.85,20.888176090883093,3050900,0.0000,1.0
2008-03-04,122.46,124.8,121.75,123.52,20.83251926318837,2681900,0.0000,1.0
2008-03-05,124.75,126.81,123.1,125.75,21.2086244927618,2544500,0.0000,1.0
2008-03-06,125.38,125.38,120.86,120.99,20.405816917528828,3235500,0.0000,1.0
2008-03-07,120.6,122.8,118.55,119.66,20.181503036213734,5521700,0.0000,1.0
2008-03-10,119.0,121.19,118.28,118.77,20.105607362084566,2221200,0.4400,1.0
2008-03-11,121.87,124.54,120.6,124.54,21.082363735573058,2803000,0.0000,1.0
2008-03-12,124.99,125.93,123.13,123.39,20.88768958834398,3082200,0.0000,1.0
2008-03-13,121.5,123.88,120.51,123.38,20.88599676967242,2802200,0.0000,1.0
2008-03-14,124.53,124.89,120.15,122.75,20.77934919336432,3236600,0.0000,1.0
2008-03-17,119.75,123.5,119.75,122.19,20.684551347757118,3218500,0.0000,1.0
2008-03-18,124.77,129.38,123.99,129.3,21.888145423234274,6688200,0.0000,1.0
2008-03-19,129.04,130.57,124.3,124.3,21.041736087455682,3110400,0.0000,1.0
2008-03-20,124.02,124.45,118.25,122.06,20.662544705026875,6006600,0.0000,1.0
2008-03-24,122.8,127.12,122.42,125.56,21.255031240071887,2632000,0.0000,1.0
2008-03-25,125.93,130.0,125.2,129.01,21.83905368175911,2823900,0.0000,1.0
2008-03-26,128.6,129.15,126.48,127.87,21.646072353201596,2182000,0.0000,1.0
2008-03-27,128.6,128.75,125.2,125.58,21.258416877415,1946800,0.0000,1.0
2008-03-28,125.18,126.93,124.65,125.02,21.163619031807798,1497200,0.0000,1.0
2008-03-31,124.34,126.0,123.59,125.38,21.224560503983856,1884900,0.0000,1.0
2008-04-01,126.95,128.88,125.96,127.95,21.659614902574052,1872200,0.0000,1.0
2008-04-02,128.92,130.31,127.85,129.63,21.944008439395656,2943100,0.0000,1.0
2008-04-03,128.9,133.0,128.54,132.07,22.357056195255606,3302000,0.0000,1.0
2008-04-04,131.53,134.4,131.01,133.66,22.6262143640332,2308500,0.0000,1.0
2008-04-07,134.14,135.0,132.34,133.44,22.588972353258942,2519200,0.0000,1.0
2008-04-08,132.25,134.36,131.75,133.48,22.59574362794517,2017500,0.0000,1.0
2008-04-09,132.67,133.29,128.36,129.87,21.98463608751303,2433700,0.0000,1.0
2008-04-10,130.28,130.52,128.04,130.0,22.00664273024327,1878900,0.0000,1.0
2008-04-11,128.96,131.26,128.32,130.21,22.042191922345975,1800500,0.0000,1.0
2008-04-14,130.21,131.75,129.81,131.37,22.238558888246608,2084600,0.0000,1.0
2008-04-15,131.91,132.03,129.99,130.9,22.158996410683418,2427000,0.0000,1.0
2008-04-16,132.21,137.03,132.21,136.57,23.118824597456335,5626900,0.0000,1.0
2008-04-17,136.22,137.15,134.54,135.55,22.946157092957506,2437300,0.0000,1.0
2008-04-18,136.81,138.82,136.81,138.08,23.374440216861473,3473400,0.0000,1.0
2008-04-21,137.6,138.16,136.21,137.8,23.32704129405787,2790600,0.0000,1.0
2008-04-22,136.91,138.01,135.81,136.82,23.161145064245265,2971900,0.0000,1.0
2008-04-23,136.92,137.04,134.0,135.14,22.876751527423657,2462100,0.0000,1.0
2008-04-24,134.02,139.75,132.894,138.04,23.36766894217524,4084800,0.0000,1.0
2008-04-25,138.69,141.25,135.22,140.59,23.79933770342232,3775000,0.0000,1.0
2008-04-28,140.63,142.5,139.48,141.6,23.970312389249596,1650100,0.0000,1.0
2008-04-29,141.7,145.16,141.42,143.93,24.364739139722417,3914400,0.0000,1.0
2008-04-30,143.98,147.31,143.51,145.19,24.57803429233862,6885400,0.0000,1.0
2008-05-01,145.27,147.95,143.4,146.63,24.821800181042853,3821300,0.0000,1.0
2008-05-02,148.09,148.66,144.38,146.88,24.864120647831783,2642700,0.0000,1.0
2008-05-05,148.58,148.58,145.03,146.83,24.855656554474,1747800,0.0000,1.0
2008-05-06,144.41,149.37,144.41,148.93,25.211148475501005,2063200,0.0000,1.0
2008-05-07,149.33,149.33,144.76,145.07,24.557720468279935,2129800,0.0000,1.0
2008-05-08,145.8,147.48,145.25,147.19,24.916598026650057,1793700,0.0000,1.0
2008-05-09,144.95,146.65,144.5133,146.28,24.762551527538353,1290500,0.0000,1.0
2008-05-12,146.62,147.92,145.0,147.65,24.994467685541686,1280000,0.0000,1.0
2008-05-13,148.63,150.0,147.46,149.06,25.23315511823125,2104500,0.0000,1.0
2008-05-14,149.99,151.61,149.0,149.95,25.383815979999834,1827500,0.0000,1.0
2008-05-15,150.33,152.38,148.37,152.0,25.730843807669057,2507300,0.0000,1.0
2008-05-16,152.25,156.15,151.92,153.0,25.900125674824775,3999300,0.0000,1.0
2008-05-19,155.9,159.65,152.55,153.5,25.984766608402634,5303700,0.0000,1.0
2008-05-20,153.05,154.36,151.65,153.58,25.998309157775093,2947800,0.0000,1.0
2008-05-21,154.14,157.35,152.71,153.08,25.913668224197234,2771200,0.0000,1.0
2008-05-22,153.59,156.23,151.78,154.44,26.143891563529007,2868300,0.0000,1.0
2008-05-23,154.01,154.25,150.24,152.16,25.757928906413973,3326600,0.0000,1.0
2008-05-27,153.11,157.9,151.43,157.9,26.729606823887792,3276700,0.0000,1.0
2008-05-28,158.85,159.0,156.24,157.58,26.675436626397964,6621300,0.0000,1.0
2008-05-29,78.49,81.41,78.14,80.35,27.203596051923796,2894550,0.0000,2.0
2008-05-30,80.75,82.61,80.2,82.31,27.867180971174214,6056800,0.0000,1.0
2008-06-02,82.12,82.12,80.02,81.18,27.484603951402292,5091300,0.0000,1.0
2008-06-03,81.47,82.76,79.03,79.71,26.98691526196448,6000400,0.0000,1.0
2008-06-04,79.49,80.46,78.93,79.64,27.037699822111197,3422100,0.2200,1.0
2008-06-05,80.0,81.84,80.0,81.71,27.740462738130407,4622600,0.0000,1.0
2008-06-06,81.18,81.18,77.9,77.95,26.46394652352546,5880400,0.0000,1.0
2008-06-09,78.55,80.0,78.55,79.72,27.064859741570874,3166700,0.0000,1.0
2008-06-10,79.1,79.67,77.9,78.56,26.67104090940552,4146900,0.0000,1.0
2008-06-11,78.5,78.68,74.04,74.1,25.15687539952837,8927900,0.0000,1.0
2008-06-12,74.62,76.44,74.61,75.41,25.601619080680628,9136700,0.0000,1.0
2008-06-13,75.81,77.89,74.46,75.57,25.655938919599986,5905000,0.0000,1.0
2008-06-16,75.22,76.44,74.08,76.06,25.82229342629053,8596300,0.0000,1.0
2008-06-17,76.6,76.61,72.21,72.47,24.603492040537397,9783700,0.0000,1.0
2008-06-18,72.14,76.47,71.9,75.82,25.740813667911485,13345700,0.0000,1.0
2008-06-19,75.44,78.58,75.3,77.8,26.413021674538562,6542100,0.0000,1.0
2008-06-20,76.99,77.77,76.2,76.88,26.100682600752243,5176300,0.0000,1.0
2008-06-23,77.36,77.36,75.18,75.54,25.64575394980261,3236500,0.0000,1.0
2008-06-24,75.11,75.6,73.51,73.77,25.044840731757194,4861900,0.0000,1.0
2008-06-25,74.27,75.969,74.27,74.88,25.42168461426025,4314000,0.0000,1.0
2008-06-26,74.19,75.22,72.68,72.99,24.780031517025314,4999100,0.0000,1.0
2008-06-27,72.92,74.21,72.28,73.83,25.065210671351952,6448000,0.0000,1.0
2008-06-30,73.87,76.06,73.57,75.5,25.63217399007277,6375500,0.0000,1.0
2008-07-01,74.75,74.75,71.8,73.65,25.004100852567678,7163200,0.0000,1.0
2008-07-02,74.07,74.34,69.99,70.21,23.83622431580144,5332000,0.0000,1.0
2008-07-03,70.66,71.82,69.61,70.85,24.053503671478882,3450500,0.0000,1.0
2008-07-07,71.29,72.81,69.29,70.32,23.8735692050585,5415600,0.0000,1.0
2008-07-08,70.74,74.2,69.93,73.81,25.058420691487036,6680700,0.0000,1.0
2008-07-09,73.95,74.74,70.87,71.34,24.219858178169424,4584500,0.0000,1.0
2008-07-10,71.5,73.23,71.2,72.19,24.50843232242852,4372400,0.0000,1.0
2008-07-11,71.2,73.21,70.2,71.92,24.4167675942521,4338900,0.0000,1.0
2008-07-14,71.2,74.41,70.45,71.31,24.209673208372042,4581100,0.0000,1.0
2008-07-15,70.51,70.51,67.9,69.69,23.659684839313528,7673300,0.0000,1.0
2008-07-16,69.85,73.48,69.85,73.45,24.936201053918477,5925500,0.0000,1.0
2008-07-17,73.69,74.43,71.93,73.2,24.851326305606978,4268600,0.0000,1.0
2008-07-18,73.42,73.9494,71.51,72.54,24.62725697006462,6435500,0.0000,1.0
2008-07-21,72.98,73.18,72.02,72.51,24.61707200026724,2719700,0.0000,1.0
2008-07-22,71.85,74.93,71.85,74.15,25.173850349190676,5170700,0.0000,1.0
2008-07-23,75.15,77.5,74.17,77.33,26.253457147712943,5745000,0.0000,1.0
2008-07-24,78.41,79.79,76.96,77.18,26.202532298726045,5984200,0.0000,1.0
2008-07-25,77.74,78.98,75.81,77.49,26.3077769866323,3326100,0.0000,1.0
2008-07-28,78.09,78.92,76.54,76.58,25.998832902778446,3949900,0.0000,1.0
2008-07-29,76.84,81.21,76.02,81.01,27.502813442858216,6782200,0.0000,1.0
2008-07-30,81.36,83.91,81.13,83.25,28.263291187729244,8088000,0.0000,1.0
2008-07-31,82.3,84.25,82.2,82.44,27.988297003199985,4440400,0.0000,1.0
2008-08-01,82.45,82.86,78.85,79.44,26.969800023461996,7916600,0.0000,1.0
2008-08-04,79.5,80.9504,79.46,79.99,27.156524469747293,5667800,0.0000,1.0
2008-08-05,80.94,82.68,80.93,82.19,27.903422254888486,5265600,0.0000,1.0
2008-08-06,81.96,82.44,81.2,82.05,27.855892395834047,3333100,0.0000,1.0
2008-08-07,81.1,82.63,80.41,81.31,27.604663140832013,4937300,0.0000,1.0
2008-08-08,81.35,83.6,81.06,83.18,28.239526258202027,4950400,0.0000,1.0
2008-08-11,83.15,83.31,78.62,79.25,26.90529521474526,8445900,0.0000,1.0
2008-08-12,79.54,80.15,73.53,76.14,25.849453345750206,13583700,0.0000,1.0
2008-08-13,75.87,76.84,73.56,76.57,25.995437912845983,5978300,0.0000,1.0
2008-08-14,76.07,78.92,75.06,77.63,26.35530684568674,4313800,0.0000,1.0
2008-08-15,78.02,78.44,76.58,76.87,26.097287610819787,4604000,0.0000,1.0
2008-08-18,77.39,77.89,76.17,76.64,26.019202842373204,2918900,0.0000,1.0
2008-08-19,77.2,77.26,76.23,76.63,26.015807852440744,5470600,0.0000,1.0
2008-08-20,77.49,78.3,76.9,77.83,26.42320664433594,4988400,0.0000,1.0
2008-08-21,77.52,78.56,76.86,77.98,26.474131493322844,3591000,0.0000,1.0
2008-08-22,78.62,81.15,78.32,79.55,27.007144912719056,4754900,0.0000,1.0
2008-08-25,79.96,80.51,78.39,79.52,26.996959942921677,3084200,0.0000,1.0
2008-08-26,79.62,81.27,79.06,81.12,27.540158332115272,4838300,0.0000,1.0
2008-08-27,81.4,82.41,79.91,82.17,27.988297003199985,3437600,0.2700,1.0
2008-08-28,82.7,84.04,82.7,83.74,28.523061835803414,4355300,0.0000,1.0
2008-08-29,82.76,84.945,82.76,83.9,28.57756016269294,5117000,0.0000,1.0
2008-09-02,84.45,85.8,81.23,81.96,27.916767949157485,7096600,0.0000,1.0
2008-09-03,82.03,83.03,79.53,80.55,27.436501443443575,6707200,0.0000,1.0
2008-09-04,79.81,80.0,74.81,75.73,25.794739345896737,10364200,0.0000,1.0
2008-09-05,75.24,75.58,72.28,75.46,25.702773419270667,7744900,0.0000,1.0
2008-09-08,77.77,78.8,74.12,75.45,25.699367273840075,7535600,0.0000,1.0
2008-09-09,75.71,77.08,70.25,70.78,24.10869735775216,12083600,0.0000,1.0
2008-09-10,72.37,75.1,71.25,73.81,25.140759423222477,8727300,0.0000,1.0
2008-09-11,74.5,78.74,73.8,78.64,26.78592766619991,8820300,0.0000,1.0
2008-09-12,78.0,78.41,76.01,77.8,26.49981145002992,5430900,0.0000,1.0
2008-09-15,76.03,76.85,72.52,72.52,24.701366662675706,8566700,0.0000,1.0
2008-09-16,70.99,73.3,69.52,73.16,24.919359970233792,15941100,0.0000,1.0
2008-09-17,72.68,74.82,69.94,72.76,24.78311415300999,11357600,0.0000,1.0
2008-09-18,72.77,74.77,70.1,73.81,25.140759423222477,11926100,0.0000,1.0
2008-09-19,77.0,80.05,73.99,76.73,26.13535388895625,9307000,0.0000,1.0
2008-09-22,76.71,76.99,72.28,72.86,24.817175607315942,5842200,0.0000,1.0
2008-09-23,74.97,76.49,72.7,73.73,25.113510259777716,9461000,0.0000,1.0
2008-09-24,74.01,74.2,71.2,71.82,24.462936482534047,4967500,0.0000,1.0
2008-09-25,72.16,74.64,71.38,72.34,24.640056044924997,5908900,0.0000,1.0
2008-09-26,71.06,73.4,71.0,73.27,24.95682756997034,4068600,0.0000,1.0
2008-09-29,72.19,72.28,67.34,69.15,23.553495652565157,8061400,0.0000,1.0
2008-09-30,70.94,72.57,69.9,71.16,24.23813088411477,5308500,0.0000,1.0
2008-10-01,70.99,71.78,68.32,69.44,23.652273870052415,4693300,0.0000,1.0
2008-10-02,68.9,68.99,60.4,62.1,21.152163123995606,14687500,0.0000,1.0
2008-10-03,63.09,65.34,60.53,61.81,21.05338490650835,10987800,0.0000,1.0
2008-10-06,59.37,62.48,55.86,61.25,20.862640762395024,12558900,0.0000,1.0
2008-10-07,62.3,64.3,59.78,60.15,20.48796476502956,9750900,0.0000,1.0
2008-10-08,58.66,64.07,57.26,60.79,20.70595807258765,9727800,0.0000,1.0
2008-10-09,60.71,65.41,56.22,56.88,19.374155209224963,7832700,0.0000,1.0
2008-10-10,53.34,60.44,51.75,58.0,19.755643497451615,10035300,0.0000,1.0
2008-10-13,60.58,63.26,58.07,63.25,21.543869848514046,9730300,0.0000,1.0
2008-10-14,65.24,66.25,60.4,62.96,21.445091631026788,10795800,0.0000,1.0
2008-10-15,61.63,61.7,52.94,54.14,18.440871361241904,10384100,0.0000,1.0
2008-10-16,54.24,56.23,51.24,55.34,18.849608812913317,12697900,0.0000,1.0
2008-10-17,53.8,59.17,53.24,55.49,18.900700994372244,8104400,0.0000,1.0
2008-10-20,57.06,59.2,55.54,58.88,20.055384295343984,6357300,0.0000,1.0
2008-10-21,57.78,61.12,57.4,58.42,19.89870160553661,5461200,0.0000,1.0
2008-10-22,57.59,59.88,55.18,56.87,19.370749063794367,8849300,0.0000,1.0
2008-10-23,58.04,60.07,54.14,58.25,19.84079713321649,8652500,0.0000,1.0
2008-10-24,53.11,59.43,53.11,58.28,19.851015569508277,7055900,0.0000,1.0
2008-10-27,57.44,59.92,55.55,55.64,18.95179317583117,4870000,0.0000,1.0
2008-10-28,57.17,60.18,54.52,59.92,20.409623420125875,6237300,0.0000,1.0
2008-10-29,59.23,67.35,58.49,63.37,21.584743593681186,8771300,0.0000,1.0
2008-10-30,65.27,66.94,62.25,63.64,21.676709520307252,6218200,0.0000,1.0
2008-10-31,63.64,67.99,63.01,66.77,22.74283304008352,6600100,0.0000,1.0
2008-11-03,66.69,67.29,63.83,64.35,21.918545845879503,5468800,0.0000,1.0
2008-11-04,65.6,69.75,64.35,69.44,23.652273870052415,6228600,0.0000,1.0
2008-11-05,68.62,69.6,64.26,64.46,21.95601344561605,6586700,0.0000,1.0
2008-11-06,63.95,65.05,59.8,60.66,20.66167818198991,10120100,0.0000,1.0
2008-11-07,61.2,62.6,59.24,60.99,20.77408098119955,6105300,0.0000,1.0
2008-11-10,63.0,63.84,61.2,62.51,21.291815086650004,6024000,0.0000,1.0
2008-11-11,61.5,63.47,59.36,62.36,21.24072290519108,5890200,0.0000,1.0
2008-11-12,61.04,63.11,58.79,59.95,20.41984185641766,6560100,0.0000,1.0
2008-11-13,60.44,62.18,54.16,61.61,20.985261997896448,13022700,0.0000,1.0
2008-11-14,60.31,61.0,56.5,57.27,19.506994881018173,7301200,0.0000,1.0
2008-11-17,56.64,58.92,54.66,57.21,19.4865580084346,6770500,0.0000,1.0
2008-11-18,56.32,58.47,54.9,56.33,19.18681721054223,7718300,0.0000,1.0
2008-11-19,55.71,56.06,50.5,50.97,17.361123259743255,10339400,0.0000,1.0
2008-11-20,50.18,53.14,47.36,49.12,16.730986355083157,10672900,0.0000,1.0
2008-11-21,50.33,50.4,43.78,47.5,16.179190795326754,13235700,0.0000,1.0
2008-11-24,48.36,49.73,45.6,47.5,16.179190795326754,12481600,0.0000,1.0
2008-11-25,49.17,50.14,47.3,50.02,17.03753944383672,11514300,0.0000,1.0
2008-11-26,49.03,51.62,48.12,50.74,17.374747841465638,5792200,0.2700,1.0
2008-11-28,50.51,51.99,49.16,50.04,17.13504891578519,3059300,0.0000,1.0
2008-12-01,49.62,49.62,46.86,47.03,16.104343535359263,8006700,0.0000,1.0
2008-12-02,47.78,48.56,45.76,47.27,16.18652602416399,5934600,0.0000,1.0
2008-12-03,47.21,48.64,45.77,48.07,16.46046765351307,6264400,0.0000,1.0
2008-12-04,47.34,49.4,46.75,47.39,16.227617268566352,5792100,0.0000,1.0
2008-12-05,46.63,47.7,44.86,47.49,16.261859972234987,7209800,0.0000,1.0
2008-12-08,48.64,51.41,48.19,50.63,17.33708086743014,8821600,0.0000,1.0
2008-12-09,48.92,49.0,46.13,46.9,16.059828020590036,10065600,0.0000,1.0
2008-12-10,47.39,49.36,46.44,49.05,16.7960461494657,7319400,0.0000,1.0
2008-12-11,48.8,48.94,46.24,46.6,15.95709990958413,6610200,0.0000,1.0
2008-12-12,45.37,45.5,41.84,42.81,14.659301440542846,14506600,0.0000,1.0
2008-12-15,43.33,43.89,42.05,43.48,14.888727555122703,10271300,0.0000,1.0
2008-12-16,43.97,47.45,43.97,46.9,16.059828020590036,7871100,0.0000,1.0
2008-12-17,46.73,49.73,46.27,48.79,16.707015119927245,6677300,0.0000,1.0
2008-12-18,49.14,49.92,45.75,46.59,15.953675639217268,6720700,0.0000,1.0
2008-12-19,47.39,48.58,45.82,46.27,15.844098987477635,5410200,0.0000,1.0
2008-12-22,46.57,47.95,45.97,46.98,16.087222183524943,5124000,0.0000,1.0
2008-12-23,47.28,47.48,45.76,46.34,15.868068880045678,3287500,0.0000,1.0
2008-12-24,45.83,46.73,45.83,46.09,15.78246212087409,817400,0.0000,1.0
2008-12-26,46.33,46.98,46.17,46.97,16.08379791315808,1399000,0.0000,1.0
2008-12-29,46.8,47.02,44.9,46.08,15.779037850507224,3160700,0.0000,1.0
2008-12-30,45.99,46.89,45.41,46.81,16.029009587288265,3168700,0.0000,1.0
2008-12-31,46.8,48.32,46.47,47.8,16.368012353607753,3278100,0.0000,1.0
2009-01-02,47.93,50.4,47.75,50.13,17.165867349086962,4026800,0.0000,1.0
2009-01-05,50.69,52.61,49.59,52.05,17.823327259524763,6260400,0.0000,1.0
2009-01-06,52.54,54.66,52.24,54.01,18.494484251430016,6985200,0.0000,1.0
2009-01-07,53.41,53.77,48.91,49.76,17.03916934551301,7602800,0.0000,1.0
2009-01-08,50.02,50.63,48.16,49.28,16.87480436790356,5504100,0.0000,1.0
2009-01-09,49.45,49.95,47.43,48.12,16.477589005347387,4369400,0.0000,1.0
2009-01-12,47.94,48.53,44.98,45.51,15.583854439596003,8873600,0.0000,1.0
2009-01-13,44.96,46.66,43.23,44.24,15.148972103004333,8534300,0.0000,1.0
2009-01-14,43.17,43.89,40.81,41.56,14.231267644684904,11028200,0.0000,1.0
2009-01-15,41.52,42.39,38.85,41.23,14.118266722578404,12097900,0.0000,1.0
2009-01-16,41.85,42.44,40.23,40.42,13.840900822862459,7947100,0.0000,1.0
2009-01-20,39.99,40.0,37.55,37.83,12.954014797844799,9900300,0.0000,1.0
2009-01-21,38.4,41.28,37.84,40.52,13.875143526531094,9609800,0.0000,1.0
2009-01-22,39.75,43.91,38.77,43.25,14.809969336684842,12133900,0.0000,1.0
2009-01-23,42.27,43.52,41.23,42.5,14.553149059170076,6170600,0.0000,1.0
2009-01-26,42.64,44.25,41.7115,42.94,14.703816955312071,5138300,0.0000,1.0
2009-01-27,43.31,45.43,42.88,44.98,15.402368110152235,7102100,0.0000,1.0
2009-01-28,45.67,47.46,45.6,46.75,16.008463965087085,8207400,0.0000,1.0
2009-01-29,46.22,46.28,44.38,44.7,15.306488539880057,4478900,0.0000,1.0
2009-01-30,44.75,45.08,43.26,43.79,14.994879936495472,4953100,0.0000,1.0
2009-02-02,43.01,43.6,42.14,43.11,14.762029551548752,4160500,0.0000,1.0
2009-02-03,43.58,45.76,42.79,45.52,15.587278709962868,5985100,0.0000,1.0
2009-02-04,45.73,47.37,45.17,46.16,15.806432013442132,5951600,0.0000,1.0
2009-02-05,45.78,47.59,44.35,47.28,16.189950294530853,6665800,0.0000,1.0
2009-02-06,47.4,50.0,47.0,49.27,16.871380097536697,6826100,0.0000,1.0
2009-02-09,49.33,49.6,47.5,49.3,16.881652908637285,5173100,0.0000,1.0
2009-02-10,49.0,49.3,45.89,46.77,16.015312505820813,7344600,0.0000,1.0
2009-02-11,46.94,46.94,44.41,45.32,15.518793302625596,6508700,0.0000,1.0
2009-02-12,44.74,45.04,41.61,43.35,14.844212040353478,9703600,0.0000,1.0
2009-02-13,43.58,44.37,42.5,43.51,14.899000366223293,5983500,0.0000,1.0
2009-02-17,42.56,42.56,40.28,40.81,13.974447367170137,7728100,0.0000,1.0
2009-02-18,40.81,41.74,40.31,40.96,14.02581142267309,5213600,0.0000,1.0
2009-02-19,39.85,40.94,38.65,39.23,13.433412649205694,9831500,0.0000,1.0
2009-02-20,38.85,40.83,38.2201,40.03,13.70735427855478,6485800,0.0000,1.0
2009-02-23,40.34,40.79,37.56,37.75,12.92662063490989,5273900,0.0000,1.0
2009-02-24,37.8,40.31,37.75,39.89,13.65941449341869,7148800,0.0000,1.0
2009-02-25,39.61,39.61,37.09,38.74,13.358078701134698,8749000,0.2700,1.0
2009-02-26,39.05,39.1,37.28,37.43,12.906372890642016,6723600,0.0000,1.0
2009-02-27,36.82,38.75,36.05,37.52,12.937406114263652,6374300,0.0000,1.0
2009-03-02,36.83,36.904,35.45,35.81,12.347774865452596,7175400,0.0000,1.0
2009-03-03,36.2,37.19,35.89,36.57,12.609833198257508,7320100,0.0000,1.0
2009-03-04,37.18,38.55,36.53,37.96,13.089124096413865,6008500,0.0000,1.0
2009-03-05,36.54,36.85,33.77,35.43,12.216745699050138,11877900,0.0000,1.0
2009-03-06,35.68,36.81,34.01,34.98,12.061579580941965,7114000,0.0000,1.0
2009-03-09,34.56,35.27,33.28,33.62,11.592633090659486,7675300,0.0000,1.0
2009-03-10,34.22,36.03,34.22,35.8,12.344326729494634,9032200,0.0000,1.0
2009-03-11,36.11,37.18,35.69,36.54,12.59948879038363,6039200,0.0000,1.0
2009-03-12,36.41,37.57,35.54,37.27,12.851202715314667,5299800,0.0000,1.0
2009-03-13,37.51,38.26,36.64,37.18,12.820169491693031,3918200,0.0000,1.0
2009-03-16,38.7,40.88,37.9,38.93,13.423593284335926,8923900,0.0000,1.0
2009-03-17,39.01,40.1,38.3,40.1,13.827025191417176,5629600,0.0000,1.0
2009-03-18,39.81,40.23,37.72,39.61,13.658066529477164,7518000,0.0000,1.0
2009-03-19,39.94,40.82,39.25,39.47,13.609792626065733,3745000,0.0000,1.0
2009-03-20,40.19,40.35,38.38,38.69,13.3408380213449,5895100,0.0000,1.0
2009-03-23,39.52,42.07,39.44,42.04,14.495963567261297,6402300,0.0000,1.0
2009-03-24,41.48,43.39,40.58,42.16,14.53734119875681,5910700,0.0000,1.0
2009-03-25,42.11,42.81,39.48,40.95,14.120116747843726,6294100,0.0000,1.0
2009-03-26,41.22,44.63,41.01,44.48,15.33730874100339,8696700,0.0000,1.0
2009-03-27,44.01,44.27,42.67,43.0,14.8269846192254,5167200,0.0000,1.0
2009-03-30,41.41,41.84,40.31,40.98,14.130461155717601,5877300,0.0000,1.0
2009-03-31,41.27,41.9,40.1,41.11,14.175286923171074,5359500,0.0000,1.0
2009-04-01,40.68,41.99,39.82,41.6,14.344245585111086,6075100,0.0000,1.0
2009-04-02,42.45,46.39,42.45,45.25,15.602815209766264,11282100,0.0000,1.0
2009-04-03,45.42,46.17,45.1,46.09,15.892458630234854,9131700,0.0000,1.0
2009-04-06,45.68,45.84,43.0,44.06,15.192487030769097,6974000,0.0000,1.0
2009-04-07,43.87,44.15,42.28,42.63,14.699403588780903,6169600,0.0000,1.0
2009-04-08,42.88,44.0,42.63,43.91,15.140764991399704,4981600,0.0000,1.0
2009-04-09,44.94,46.77,44.55,46.3,15.964869485351999,6378900,0.0000,1.0
2009-04-13,45.99,47.28,45.0,46.76,16.12348373941813,4973600,0.0000,1.0
2009-04-14,46.41,47.33,45.58,46.17,15.92004371789853,5250400,0.0000,1.0
2009-04-15,46.6,48.33,45.89,46.59,16.064865428132823,8636300,0.0000,1.0
2009-04-16,47.15,47.99,46.505,47.18,16.268305449652427,6456400,0.0000,1.0
2009-04-17,47.41,49.76,47.34,48.29,16.65104854098592,7088800,0.0000,1.0
2009-04-20,47.51,47.9,45.65,45.98,15.854529134697298,5736800,0.0000,1.0
2009-04-21,45.84,47.51,45.15,47.0,16.20623900240916,5119400,0.0000,1.0
2009-04-22,45.78,49.05,45.53,47.72,16.454504791382234,8492300,0.0000,1.0
2009-04-23,49.12,50.08,47.96,49.55,17.085513671688805,7600400,0.0000,1.0
2009-04-24,49.71,50.4,48.2,49.13,16.94069196145451,6027400,0.0000,1.0
2009-04-27,48.49,48.49,46.61,47.38,16.337268168811615,6066200,0.0000,1.0
2009-04-28,46.97,47.95,45.72,47.11,16.24416849794671,5102600,0.0000,1.0
2009-04-29,47.6,49.9,47.57,48.92,16.868281106337363,6084400,0.0000,1.0
2009-04-30,49.49,50.72,49.06,49.14,16.94414009741247,6096500,0.0000,1.0
2009-05-01,49.1,51.29,48.12,49.98,17.233783517881058,5788900,0.0000,1.0
2009-05-04,50.02,53.58,50.02,53.32,18.385460927839496,8569300,0.0000,1.0
2009-05-05,53.25,53.63,51.21,52.09,17.96134020501049,6952700,0.0000,1.0
2009-05-06,53.08,53.97,51.58,53.0,18.275120577184797,4164100,0.0000,1.0
2009-05-07,53.51,53.51,50.57,51.26,17.67514492049986,5465200,0.0000,1.0
2009-05-08,51.33,52.45,50.85,51.44,17.73721136774313,7278800,0.0000,1.0
2009-05-11,50.7,51.18,49.07,49.34,17.013102816571656,5203900,0.0000,1.0
2009-05-12,49.68,49.97,47.66,48.32,16.6613929488598,7128300,0.0000,1.0
2009-05-13,47.62,47.62,45.66,45.94,15.840736590865461,6601300,0.0000,1.0
2009-05-14,45.93,47.2495,45.66,45.9,15.826944047033624,4598400,0.0000,1.0
2009-05-15,45.72,47.61,45.57,46.58,16.061417292174863,4531900,0.0000,1.0
2009-05-18,47.09,48.51,46.63,48.47,16.71311498822919,5044000,0.0000,1.0
2009-05-19,48.68,49.49,47.97,48.17,16.609670909490408,3567000,0.0000,1.0
2009-05-20,48.64,50.4,48.3,48.5,16.723459396103067,4816000,0.0000,1.0
2009-05-21,47.48,47.63,45.58,46.01,15.864873542571177,5339400,0.0000,1.0
2009-05-22,46.02,47.07,46.0,46.16,15.916595581940568,3529100,0.0000,1.0
2009-05-26,46.42,48.86,45.9,47.9,16.516571238625502,6038700,0.0000,1.0
2009-05-27,47.79,48.1,45.22,45.31,15.716603696378927,7388600,0.2700,1.0
2009-05-28,45.75,45.84,44.0,45.56,15.803320777025467,4928500,0.0000,1.0
2009-05-29,45.96,49.32,45.85,49.27,17.09020225382012,8764400,0.0000,1.0
2009-06-01,50.64,53.23,49.78,51.97,18.026746724802752,7783200,0.0000,1.0
2009-06-02,52.26,53.92,51.77,53.0,18.384021097066498,6059600,0.0000,1.0
2009-06-03,52.67,53.19,51.09,51.79,17.964310426737246,5289600,0.0000,1.0
2009-06-04,52.06,53.67,51.41,53.32,18.49501896029407,4050300,0.0000,1.0
2009-06-05,54.55,54.82,53.03,53.8,18.661515755135426,4169400,0.0000,1.0
2009-06-08,52.95,54.69,52.72,54.0,18.73088941965266,4620300,0.0000,1.0
2009-06-09,53.9,55.4495,53.485,53.92,18.703139953845767,3922700,0.0000,1.0
2009-06-10,54.34,54.75,52.48,53.43,18.533174475778548,3190900,0.0000,1.0
2009-06-11,53.54,54.36,52.56,53.16,18.439520028680285,3612900,0.0000,1.0
2009-06-12,52.78,54.41,52.66,54.36,18.855762015783675,3951500,0.0000,1.0
2009-06-15,54.0,54.0,50.89,51.6,17.898405445445874,4561400,0.0000,1.0
2009-06-16,51.88,53.18,51.54,51.69,17.929623594478628,3820700,0.0000,1.0
2009-06-17,51.08,52.12,50.5,51.4,17.82903178092864,4371200,0.0000,1.0
2009-06-18,51.47,51.77,50.27,50.77,17.61050473769936,3884400,0.0000,1.0
2009-06-19,51.31,52.37,50.57,52.0,18.03715277448034,5209000,0.0000,1.0
2009-06-22,51.57,51.66,49.14,49.27,17.09020225382012,4020800,0.0000,1.0
2009-06-23,49.3,50.0,48.36,49.49,17.166513284789076,3527900,0.0000,1.0
2009-06-24,49.88,51.4,49.69,50.45,17.49950687447179,4763400,0.0000,1.0
2009-06-25,50.11,53.47,49.76,53.13,18.4291139790027,4943100,0.0000,1.0
2009-06-26,52.93,53.55,52.41,53.3,18.488081593842345,7439500,0.0000,1.0
2009-06-29,53.65,53.75,52.42,52.68,18.273023233838927,3485700,0.0000,1.0
2009-06-30,52.43,53.44,51.31,52.06,18.05796487383551,3264000,0.0000,1.0
2009-07-01,52.24,53.78,52.1,52.75,18.297304016419957,3802100,0.0000,1.0
2009-07-02,52.13,52.13,50.78,51.05,17.707627868023486,3818300,0.0000,1.0
2009-07-06,50.49,50.91,49.64,50.72,17.593161321570054,4528700,0.0000,1.0
2009-07-07,50.51,51.03,48.71,49.03,17.00695385639944,4984200,0.0000,1.0
2009-07-08,49.13,49.5,47.47,48.89,16.95839229123738,4320600,0.0000,1.0
2009-07-09,49.18,50.63,49.18,49.69,17.23588694930631,4112800,0.0000,1.0
2009-07-10,49.28,50.65,49.0001,50.37,17.471757408664896,3961100,0.0000,1.0
2009-07-13,50.57,51.35,49.09,51.25,17.77700153254072,3618900,0.0000,1.0
2009-07-14,52.3,53.45,52.07,53.28,18.481144227390626,5500300,0.0000,1.0
2009-07-15,53.97,55.85,53.7,55.66,19.306690835145684,5480300,0.0000,1.0
2009-07-16,55.33,57.0,55.04,56.54,19.611934959021507,3737400,0.0000,1.0
2009-07-17,56.32,57.53,56.12,56.83,19.712526772571493,3921200,0.0000,1.0
2009-07-20,57.22,59.08,57.22,58.25,20.20507979064384,4737000,0.0000,1.0
2009-07-21,59.13,59.61,57.74,58.64,20.340358436452444,4231600,0.0000,1.0
2009-07-22,58.15,60.078,57.91,59.23,20.545010746778278,5545100,0.0000,1.0
2009-07-23,58.7,62.22,58.6,59.15,20.517261280971386,8968900,0.0000,1.0
2009-07-24,58.71,59.0,56.27,57.99,20.11489402677144,5804600,0.0000,1.0
2009-07-27,57.81,58.21,56.42,57.81,20.05245772870593,3784400,0.0000,1.0
2009-07-28,57.24,57.77,55.85,56.56,19.61887232547323,3685700,0.0000,1.0
2009-07-29,55.64,56.478,54.62,56.13,19.46971894676118,4177500,0.0000,1.0
2009-07-30,57.32,58.34,57.01,57.11,19.809649902895618,3596000,0.0000,1.0
2009-07-31,57.15,58.01,56.11,57.52,19.951865915155945,3413800,0.0000,1.0
2009-08-03,58.76,60.57,58.01,60.2,20.881473019686855,5355700,0.0000,1.0
2009-08-04,59.84,60.69,59.33,60.43,20.961252733881672,3886800,0.0000,1.0
2009-08-05,60.48,60.75,58.65,59.26,20.555416796455862,2392500,0.0000,1.0
2009-08-06,59.61,60.52,59.18,59.43,20.61438441129551,3388300,0.0000,1.0
2009-08-07,60.41,62.75,60.27,61.37,21.28730895711266,4550700,0.0000,1.0
2009-08-10,61.04,61.04,59.04,59.27,20.558885479681724,3348100,0.0000,1.0
2009-08-11,58.41,60.21,58.15,60.0,20.81209935516962,4952400,0.0000,1.0
2009-08-12,59.52,61.49,59.52,60.74,21.06878191388338,4494800,0.0000,1.0
2009-08-13,61.2,61.51,60.22,61.51,21.33587052227472,2276700,0.0000,1.0
2009-08-14,61.41,61.42,60.08,60.82,21.096531379690273,2504400,0.0000,1.0
2009-08-17,59.72,59.76,58.31,59.02,20.472168399035187,2677100,0.0000,1.0
2009-08-18,59.16,60.0,58.92,59.55,20.65600861000585,2325500,0.0000,1.0
2009-08-19,58.9,60.38,58.66,59.92,20.78434988936273,2450600,0.0000,1.0
2009-08-20,60.32,61.64,59.76,61.26,21.249153441628184,3693900,0.0000,1.0
2009-08-21,61.7,62.52,60.72,61.95,21.488492584212636,3611100,0.0000,1.0
2009-08-24,62.05,62.3,60.79,61.22,21.235278708724735,2810100,0.0000,1.0
2009-08-25,61.72,62.35,60.76,60.97,21.1485616280782,2887400,0.0000,1.0
2009-08-26,60.75,60.86,59.85,60.38,20.943909317752365,3164300,0.0000,1.0
2009-08-27,60.07,60.92,59.1,60.56,21.100000062916138,2626200,0.2700,1.0
2009-08-28,60.9,61.32,60.21,60.63,21.124389098655968,2872300,0.0000,1.0
2009-08-31,60.09,60.3499,59.2,59.81,20.838688965703668,2479600,0.0000,1.0
2009-09-01,59.53,60.91,59.01,59.29,20.657513271636354,3945200,0.0000,1.0
2009-09-02,58.88,59.6,58.56,58.7,20.451948541829214,3146800,0.0000,1.0
2009-09-03,58.84,60.33,58.27,60.03,20.91534022088599,4747900,0.0000,1.0
2009-09-04,59.55,62.43,59.55,62.04,21.615653961415408,3594300,0.0000,1.0
2009-09-08,62.74,62.88,61.6,61.67,21.48674048679059,4737600,0.0000,1.0
2009-09-09,61.7,63.31,61.61,62.25,21.688821068634898,4244900,0.0000,1.0
2009-09-10,62.64,64.15,62.0,63.54,22.138276155840344,3560000,0.0000,1.0
2009-09-11,64.06,64.46,62.0,62.55,21.793345507519884,5412900,0.0000,1.0
2009-09-14,62.02,62.97,61.49,62.78,21.873480910665045,2296500,0.0000,1.0
2009-09-15,62.93,63.96,62.25,63.61,22.162665191580174,3717200,0.0000,1.0
2009-09-16,64.11,64.75,62.54,63.2,22.019815125104028,4174300,0.0000,1.0
2009-09-17,63.11,63.24,62.04,62.35,21.723662548263228,4291700,0.0000,1.0
2009-09-18,62.53,63.19,61.92,62.4,21.74108328807739,3761600,0.0000,1.0
2009-09-21,61.91,62.24,61.25,61.55,21.444930711236594,2301200,0.0000,1.0
2009-09-22,61.85,62.62,61.66,62.0,21.601717369564074,2742400,0.0000,1.0
2009-09-23,62.0,62.2499,60.75,60.82,21.19058790994979,3071400,0.0000,1.0
2009-09-24,60.84,61.41,60.0,60.68,21.14180983847013,3233600,0.0000,1.0
2009-09-25,60.27,60.72,59.14,59.5,20.730680378855848,3798700,0.0000,1.0
2009-09-28,60.17,60.66,59.41,60.29,21.005928067919648,1945800,0.0000,1.0
2009-09-29,60.32,60.52,59.05,59.14,20.60525105219386,2867200,0.0000,1.0
2009-09-30,59.27,59.4955,57.44,58.35,20.33000336313006,5471900,0.0000,1.0
2009-10-01,59.07,60.2,57.94,58.06,20.228963072207907,6233500,0.0000,1.0
2009-10-02,57.46,58.6,57.06,57.38,19.99204101073527,4811900,0.0000,1.0
2009-10-05,57.43,58.62,57.19,58.37,20.336971659055727,2887500,0.0000,1.0
2009-10-06,59.2,59.55,58.25,58.81,20.490274169420378,2829400,0.0000,1.0
2009-10-07,58.57,59.07,58.22,58.64,20.431043654052218,2330200,0.0000,1.0
2009-10-08,59.29,59.96,58.92,59.45,20.713259639041684,4514100,0.0000,1.0
2009-10-09,59.43,60.07,59.01,59.79,20.831720669778,3326600,0.0000,1.0
2009-10-12,59.89,60.69,59.19,59.61,20.769006006447007,2785000,0.0000,1.0
2009-10-13,59.37,59.99,58.79,59.91,20.873530445331994,3972000,0.0000,1.0
2009-10-14,60.73,62.91,60.73,62.86,21.901354094367708,5230300,0.0000,1.0
2009-10-15,62.5,63.61,62.0,62.78,21.873480910665045,4141000,0.0000,1.0
2009-10-16,62.15,63.79,62.0,63.53,22.13479200787751,3413000,0.0000,1.0
2009-10-19,63.85,64.48,63.62,64.13,22.343840885647484,3043700,0.0000,1.0
2009-10-20,64.33,64.68,63.48,64.24,22.382166513238648,3221000,0.0000,1.0
2009-10-21,64.04,64.95,62.61,62.92,21.922258982144704,3973900,0.0000,1.0
2009-10-22,62.42,63.31,59.55,61.12,21.295112348834778,9332300,0.0000,1.0
2009-10-23,59.88,60.22,56.42,57.73,20.11398618943442,17993900,0.0000,1.0
2009-10-26,57.96,59.0,57.82,58.05,20.225478924245074,6839100,0.0000,1.0
2009-10-27,58.05,58.5,54.75,55.09,19.194171127246534,11943500,0.0000,1.0
2009-10-28,55.32,56.7,55.32,55.45,19.319600453908517,7935100,0.0000,1.0
2009-10-29,55.72,57.14,55.72,56.48,19.678467694080304,4507100,0.0000,1.0
2009-10-30,56.32,56.85,54.88,55.14,19.211591867060697,4967100,0.0000,1.0
2009-11-02,55.22,56.66,54.2,55.06,19.183718683358034,6238400,0.0000,1.0
2009-11-03,57.81,59.41,57.69,59.41,20.69932304719035,19705700,0.0000,1.0
2009-11-04,60.45,61.19,58.86,59.15,20.608735200156694,10749100,0.0000,1.0
2009-11-05,59.81,60.73,59.18,60.65,21.13135739458163,6273300,0.0000,1.0
2009-11-06,60.43,63.14,60.43,62.36,21.72714669622606,9039600,0.0000,1.0
2009-11-09,62.15,63.2,61.3,62.38,21.734114992151728,9025800,0.0000,1.0
2009-11-10,61.88,62.48,61.39,62.12,21.64352714511807,5652500,0.0000,1.0
2009-11-11,62.51,63.56,62.39,63.09,21.981489497512865,3345900,0.0000,1.0
2009-11-12,63.2,63.68,62.26,62.5,21.77592476770572,3695000,0.0000,1.0
2009-11-13,62.45,63.63,62.45,63.55,22.141760303803178,2943500,0.0000,1.0
2009-11-16,63.61,65.05,63.57,65.05,22.664382498228115,4648000,0.0000,1.0
2009-11-17,64.89,66.04,64.55,65.96,22.981439962845908,5121000,0.0000,1.0
2009-11-18,65.77,66.07,65.09,65.94,22.974471666920245,3807900,0.0000,1.0
2009-11-19,65.59,65.59,64.25,64.67,22.531984875640465,4130600,0.0000,1.0
2009-11-20,64.54,65.25,64.3,65.05,22.664382498228115,3635500,0.0000,1.0
2009-11-23,66.1,66.73,65.86,66.11,23.033702182288405,3719100,0.0000,1.0
2009-11-24,64.9,66.11,64.03,64.41,22.441397028606808,4675900,0.0000,1.0
2009-11-25,64.59,64.79,63.9,64.5,22.56682635526879,2763500,0.2700,1.0
2009-11-27,62.94,63.9,62.37,63.19,22.108492362626897,1998500,0.0000,1.0
2009-11-30,63.41,64.24,62.7,63.26,22.13298349200471,3673900,0.0000,1.0
2009-12-01,64.01,65.01,63.83,64.33,22.507347898208394,3927800,0.0000,1.0
2009-12-02,63.95,65.1,63.95,64.61,22.605312415719638,2764200,0.0000,1.0
2009-12-03,64.78,64.9,64.1,64.2,22.461864372221033,3157100,0.0000,1.0
2009-12-04,65.06,66.0,64.56,65.22,22.818735114583422,5974700,0.0000,1.0
2009-12-07,65.34,65.57,64.82,64.82,22.67878580385307,4012200,0.0000,1.0
2009-12-08,64.42,64.6,63.16,63.35,22.16447208691904,5207000,0.0000,1.0
2009-12-09,63.01,63.74,62.54,63.49,22.213454345674663,2987300,0.0000,1.0
2009-12-10,63.67,64.86,63.67,64.59,22.598314950183124,4107300,0.0000,1.0
2009-12-11,65.12,65.12,63.92,64.18,22.454866906684515,3201200,0.0000,1.0
2009-12-14,64.69,65.4,64.42,65.28,22.839727511192972,2687200,0.0000,1.0
2009-12-15,65.01,65.29,64.5,64.91,22.7102743987674,2668300,0.0000,1.0
2009-12-16,64.58,65.21,64.34,64.48,22.559828889732277,3860800,0.0000,1.0
2009-12-17,64.15,64.21,62.93,63.31,22.150477155846005,3778600,0.0000,1.0
2009-12-18,63.5,63.99,62.85,63.38,22.174968285223816,3653700,0.0000,1.0
2009-12-21,63.95,64.78,63.81,64.75,22.65429467447526,2664100,0.0000,1.0
2009-12-22,64.67,65.19,64.59,65.05,22.75925665752302,2468400,0.0000,1.0
2009-12-23,65.32,66.03,64.87,65.8,23.021661615142428,1959300,0.0000,1.0
2009-12-24,66.04,66.39,65.76,66.23,23.172107124177554,666200,0.0000,1.0
2009-12-28,66.2,66.22,65.07,65.66,22.972679356386802,1175100,0.0000,1.0
2009-12-29,65.62,66.01,65.36,65.36,22.867717373339044,1254000,0.0000,1.0
2009-12-30,65.32,65.42,64.82,64.9,22.706775665999142,1419300,0.0000,1.0
2009-12-31,64.75,64.9,63.8,63.9,22.356902389173268,1470800,0.0000,1.0
2010-01-04,64.58,65.42,64.47,65.39,22.87821357164382,2947100,0.0000,1.0
2010-01-05,65.56,66.8,65.3375,66.3,23.19659825355536,3368500,0.0000,1.0
2010-01-06,66.27,67.28,66.12,66.4,23.23158558123795,2681900,0.0000,1.0
2010-01-07,66.07,66.44,65.1016,65.81,23.02516034791069,2520200,0.0000,1.0
2010-01-08,65.77,68.3499,65.6,68.04,23.805377755232385,3845600,0.0000,1.0
2010-01-11,68.5,68.66,67.19,67.59,23.64793478066074,3059300,0.0000,1.0
2010-01-12,67.0,67.53,66.7619,67.39,23.577960125295565,3323500,0.0000,1.0
2010-01-13,67.7,67.88,66.55,67.47,23.605949987441633,3676500,0.0000,1.0
2010-01-14,67.12,67.63,65.95,66.38,23.224588115701433,3076800,0.0000,1.0
2010-01-15,66.28,66.39,65.09,65.57,22.941190761472473,4339000,0.0000,1.0
2010-01-19,65.72,65.78,64.75,65.52,22.92369709763118,2992200,0.0000,1.0
2010-01-20,64.03,64.04,61.92,63.73,22.29742393211287,8341400,0.0000,1.0
2010-01-21,63.75,67.48,63.15,65.45,22.899205968253373,8742100,0.0000,1.0
2010-01-22,65.56,66.24,63.51,63.85,22.339408725331975,5827200,0.0000,1.0
2010-01-25,64.58,64.72,63.44,63.75,22.30442139764939,3601300,0.0000,1.0
2010-01-26,63.45,64.5,62.9,64.2,22.461864372221033,3315200,0.0000,1.0
2010-01-27,64.05,64.05,63.0,63.81,22.325413794258942,3986100,0.0000,1.0
2010-01-28,63.91,64.14,61.44,61.54,21.53120145586421,5515300,0.0000,1.0
2010-01-29,62.01,62.6,60.41,60.5,21.167333247965303,4917000,0.0000,1.0
2010-02-01,60.83,62.4,60.81,62.31,21.800603879020134,4067000,0.0000,1.0
2010-02-02,62.49,63.24,62.04,62.93,22.01752531065217,2399500,0.0000,1.0
2010-02-03,63.17,63.89,62.73,62.98,22.035018974493465,2389900,0.0000,1.0
2010-02-04,62.26,62.76,60.91,60.98,21.33527242084172,3509500,0.0000,1.0
2010-02-05,61.13,62.15,60.75,62.1,21.727130490886697,4833000,0.0000,1.0
2010-02-08,62.18,62.45,60.97,60.97,21.33177368807346,3374700,0.0000,1.0
2010-02-09,61.84,62.55,61.38,61.74,21.601176111229385,2256200,0.0000,1.0
2010-02-10,61.76,62.32,60.64,61.71,21.590679912924607,3468400,0.0000,1.0
2010-02-11,61.43,63.85,61.41,63.61,22.255439138893767,5183900,0.0000,1.0
2010-02-12,63.01,63.46,62.44,63.41,22.18546448352859,3416900,0.0000,1.0
2010-02-16,64.0,65.26,63.48,65.16,22.79774271797387,3770900,0.0000,1.0
2010-02-17,65.56,65.66,64.06,64.98,22.734765528145214,2793900,0.0000,1.0
2010-02-18,64.78,65.42,64.6,65.31,22.85022370949775,2532700,0.0000,1.0
2010-02-19,65.24,66.75,65.24,66.57,23.291064038298348,5126900,0.0000,1.0
2010-02-22,66.6,67.09,66.44,66.85,23.389028555809592,4311600,0.0000,1.0
2010-02-23,66.87,66.97,65.86,66.39,23.228086848469694,4120900,0.0000,1.0
2010-02-24,66.32,66.96,66.11,66.88,23.493990538857354,3391900,0.2700,1.0
2010-02-25,65.96,68.52,65.47,68.46,24.049022013908107,5751900,0.0000,1.0
2010-02-26,68.37,68.57,67.35,67.37,23.66612055327183,6371600,0.0000,1.0
2010-03-01,67.74,68.08,67.02,67.7,23.782044848693825,3797400,0.0000,1.0
2010-03-02,67.9,68.1,66.93,67.27,23.630991978901527,4273100,0.0000,1.0
2010-03-03,67.33,68.08,67.1,67.21,23.609914834279344,3290500,0.0000,1.0
2010-03-04,67.21,68.4,67.05,68.06,23.908507716426907,3310400,0.0000,1.0
2010-03-05,68.57,69.32,68.39,69.13,24.284383462189126,3288500,0.0000,1.0
2010-03-08,69.31,69.76,69.06,69.49,24.41084632992221,2403700,0.0000,1.0
2010-03-09,69.26,71.35,69.1,70.84,24.885082083921276,5144000,0.0000,1.0
2010-03-10,70.75,72.03,70.5,71.6,25.15205924913556,7840300,0.0000,1.0
2010-03-11,71.38,72.52,71.33,72.5,25.468216418468273,5801100,0.0000,1.0
2010-03-12,72.8,73.06,72.01,73.0,25.643859290319778,3520500,0.0000,1.0
2010-03-15,72.8,73.18,72.25,72.91,25.612243573386507,3967400,0.0000,1.0
2010-03-16,72.88,73.49,72.75,73.45,25.801937874986134,3727700,0.0000,1.0
2010-03-17,73.66,74.03,72.84,73.21,25.71762929649741,4389400,0.0000,1.0
2010-03-18,72.77,73.96,72.77,73.65,25.87219502372674,3824300,0.0000,1.0
2010-03-19,74.16,74.35,72.79,73.24,25.7281678688085,5314600,0.0000,1.0
2010-03-22,72.83,74.14,72.62,74.0,25.99514503402279,3191100,0.0000,1.0
2010-03-23,74.17,74.24,73.0,73.7,25.889759310911888,3140100,0.0000,1.0
2010-03-24,73.49,73.49,72.35,72.91,25.612243573386507,3161500,0.0000,1.0
2010-03-25,73.55,74.27,72.55,72.67,25.527934994897787,3982100,0.0000,1.0
2010-03-26,72.74,72.98,72.08,72.66,25.524422137460753,3037000,0.0000,1.0
2010-03-29,72.99,73.92,72.77,73.58,25.847605021667526,2929300,0.0000,1.0
2010-03-30,73.81,74.25,73.28,73.61,25.858143593978618,2693600,0.0000,1.0
2010-03-31,73.36,73.61,72.54,73.3,25.74924501343068,2728100,0.0000,1.0
2010-04-01,73.65,74.23,73.04,73.65,25.87219502372674,2593600,0.0000,1.0
2010-04-05,73.77,74.26,73.16,73.81,25.92840074271922,3349300,0.0000,1.0
2010-04-06,73.34,73.85,73.3,73.64,25.868682166289705,2799000,0.0000,1.0
2010-04-07,73.52,73.99,72.27,73.68,25.88273359603783,4592800,0.0000,1.0
2010-04-08,73.34,75.7,73.23,75.55,26.539637936762457,4949400,0.0000,1.0
2010-04-09,75.75,75.98,75.17,75.75,26.60989508550306,2653400,0.0000,1.0
2010-04-12,75.81,75.88,74.53,75.38,26.479919360332943,2311800,0.0000,1.0
2010-04-13,75.14,76.46,74.87,76.2,26.767973670169415,3792400,0.0000,1.0
2010-04-14,76.62,77.55,76.29,77.06,27.070079409754005,5445800,0.0000,1.0
2010-04-15,77.08,77.6,76.82,77.11,27.087643696939153,2739000,0.0000,1.0
2010-04-16,76.98,77.15,74.39,75.95,26.68015223424366,4292700,0.0000,1.0
2010-04-19,75.75,75.91,74.75,75.39,26.483432217769977,3080000,0.0000,1.0
2010-04-20,75.99,76.97,75.86,76.71,26.947129399457946,3363400,0.0000,1.0
2010-04-21,76.73,77.34,76.32,77.03,27.059540837442913,2582900,0.0000,1.0
2010-04-22,76.09,78.03,75.77,76.25,26.785537957354563,5928000,0.0000,1.0
2010-04-23,76.72,77.24,76.42,77.1,27.084130839502123,5580500,0.0000,1.0
2010-04-26,77.04,77.16,76.36,77.11,27.087643696939153,4346900,0.0000,1.0
2010-04-27,76.85,77.58,75.95,76.07,26.72230652348802,5907600,0.0000,1.0
2010-04-28,76.32,76.79,75.51,75.94,26.67663937680663,3670300,0.0000,1.0
2010-04-29,76.87,78.09,76.37,77.65,27.27733799853878,3550500,0.0000,1.0
2010-04-30,77.87,78.61,75.5,75.66,26.57827936856979,3926900,0.0000,1.0
2010-05-03,75.9,77.56,75.9,77.33,27.164926560553816,2875600,0.0000,1.0
2010-05-04,76.44,76.44,74.33,75.06,26.367507922347983,3275900,0.0000,1.0
2010-05-05,74.05,75.58,73.71,74.29,26.097017899696667,3315300,0.0000,1.0
2010-05-06,73.78,74.51,67.61,72.2,25.36283069535737,6310300,0.0000,1.0
2010-05-07,71.95,72.94,69.78,71.07,24.965877804972965,6325200,0.0000,1.0
2010-05-10,73.2,75.3,73.2,74.94,26.32535363310362,5948400,0.0000,1.0
2010-05-11,74.02,75.73,74.02,74.79,26.27266077154817,3838500,0.0000,1.0
2010-05-12,75.32,77.03,74.96,76.72,26.95064225689498,3306900,0.0000,1.0
2010-05-13,76.67,76.79,75.62,75.83,26.6379979449993,2299600,0.0000,1.0
2010-05-14,75.01,75.22,73.54,74.18,26.058376467889335,3378900,0.0000,1.0
2010-05-17,74.56,75.06,72.36,74.3,26.100530757133694,3943400,0.0000,1.0
2010-05-18,74.32,75.0,72.47,72.94,25.6227821456976,4555500,0.0000,1.0
2010-05-19,72.54,73.57,70.22,71.58,25.145033534261504,5603500,0.0000,1.0
2010-05-20,69.92,70.27,67.76,67.94,23.866353427182545,6168200,0.0000,1.0
2010-05-21,65.99,70.33,65.99,69.75,24.502180623284996,6790600,0.0000,1.0
2010-05-24,69.42,70.66,69.07,69.33,24.354640610929728,3880600,0.0000,1.0
2010-05-25,67.17,68.59,67.17,68.57,24.08766344571544,6058100,0.0000,1.0
2010-05-26,69.21,71.33,68.674,70.12,24.748080643877106,5426900,0.3300,1.0
2010-05-27,70.2,71.55,70.2,71.55,25.252783372353203,5075500,0.0000,1.0
2010-05-28,71.45,72.13,70.56,71.43,25.21043069583773,4052900,0.0000,1.0
2010-06-01,70.56,72.41,70.27,70.31,24.815139048359942,8423300,0.0000,1.0
2010-06-02,70.34,72.67,70.33,72.58,25.616310512444382,4657400,0.0000,1.0
2010-06-03,72.97,74.16,72.5,73.22,25.84219145386026,3955700,0.0000,1.0
2010-06-04,71.83,71.84,69.0,69.33,24.46925885681688,6049600,0.0000,1.0
2010-06-07,69.94,69.94,67.98,68.1,24.035143922533237,3805700,0.0000,1.0
2010-06-08,68.36,69.45,67.9823,69.33,24.46925885681688,5083200,0.0000,1.0
2010-06-09,69.92,71.94,69.1,69.38,24.48690580536499,4658800,0.0000,1.0
2010-06-10,70.54,72.8,70.54,72.69,25.655133799250237,3542900,0.0000,1.0
2010-06-11,72.07,73.68,71.62,73.55,25.958661314277823,2737300,0.0000,1.0
2010-06-14,74.3,74.5,72.59,72.74,25.67278074779835,3350800,0.0000,1.0
2010-06-15,73.55,75.22,73.27,75.15,26.52336366781752,3071200,0.0000,1.0
2010-06-16,74.61,76.49,74.61,75.12,26.51277549868865,5123300,0.0000,1.0
2010-06-17,75.85,76.37,74.39,76.22,26.901008366747188,4486300,0.0000,1.0
2010-06-18,76.28,76.52,75.81,76.37,26.953949212391535,4066800,0.0000,1.0
2010-06-21,77.26,78.35,76.36,76.83,27.116301139034196,3801000,0.0000,1.0
2010-06-22,76.76,76.87,73.63,73.83,26.057484226147267,4128400,0.0000,1.0
2010-06-23,74.07,74.25,72.39,73.96,26.103366292372367,4513900,0.0000,1.0
2010-06-24,73.65,73.65,71.74,72.03,25.422194078415114,4137800,0.0000,1.0
2010-06-25,72.32,73.11,71.71,72.72,25.665721968379106,6182400,0.0000,1.0
2010-06-28,73.1,73.62,72.38,72.67,25.64807501983099,2296000,0.0000,1.0
2010-06-29,71.77,71.77,69.47,70.13,24.751610033586726,5116000,0.0000,1.0
2010-06-30,70.15,71.12,69.35,69.51,24.532787871590095,3760500,0.0000,1.0
2010-07-01,69.86,70.38,67.83,69.51,24.532787871590095,6217300,0.0000,1.0
2010-07-02,69.91,70.53,67.97,68.37,24.130437444693065,4879100,0.0000,1.0
2010-07-06,69.96,69.96,66.91,67.43,23.798674811988494,5710300,0.0000,1.0
2010-07-07,67.71,70.31,67.13,70.24,24.790433320392577,5400500,0.0000,1.0
2010-07-08,70.73,71.67,70.1,70.89,25.01984365151808,4656300,0.0000,1.0
2010-07-09,70.89,72.11,70.88,71.71,25.309253607707173,3216800,0.0000,1.0
2010-07-12,71.27,72.92,71.02,72.69,25.655133799250237,3870500,0.0000,1.0
2010-07-13,73.64,74.1,71.69,72.44,25.56689905650966,5247800,0.0000,1.0
2010-07-14,72.05,73.02,71.42,72.59,25.619839902154006,2582600,0.0000,1.0
2010-07-15,72.65,72.74,71.33,72.18,25.47513492405946,3469700,0.0000,1.0
2010-07-16,71.78,71.92,68.46,68.81,24.28573059191648,6314100,0.0000,1.0
2010-07-19,69.19,69.26,67.5,68.37,24.130437444693065,4362800,0.0000,1.0
2010-07-20,67.39,69.68,66.84,69.63,24.57514054810557,5084100,0.0000,1.0
2010-07-21,70.68,70.68,68.29,69.12,24.395141672914797,4021200,0.0000,1.0
2010-07-22,71.48,73.84,70.55,72.4,25.55278149767117,7027200,0.0000,1.0
2010-07-23,72.66,74.33,72.55,73.9,26.082189954114632,4399800,0.0000,1.0
2010-07-26,74.56,76.49,73.91,75.46,26.63277474881583,4316100,0.0000,1.0
2010-07-27,76.0,76.0,74.36,74.63,26.339835402917114,3472300,0.0000,1.0
2010-07-28,74.12,74.92,73.49,74.71,26.3680705205941,4837000,0.0000,1.0
2010-07-29,75.27,75.81,73.96,74.35,26.241012491047666,3163000,0.0000,1.0
2010-07-30,73.34,75.13,72.81,74.67,26.35395296175561,2796000,0.0000,1.0
2010-08-02,75.81,76.44,74.82,76.26,26.91512592558568,3126100,0.0000,1.0
2010-08-03,75.87,76.88,75.2,76.54,27.01394883745513,2021300,0.0000,1.0
2010-08-04,76.57,77.25,76.34,76.97,27.16571259496892,2122900,0.0000,1.0
2010-08-05,76.49,77.79,76.24,77.53,27.36335841870781,3086100,0.0000,1.0
2010-08-06,76.29,77.5,75.5,77.04,27.19041832293628,2827600,0.0000,1.0
2010-08-09,77.59,78.23,76.978,78.13,27.575121801285196,2583900,0.0000,1.0
2010-08-10,77.36,77.91,76.42,77.66,27.409240484932912,2001700,0.0000,1.0
2010-08-11,76.42,76.44,73.65,74.28,26.216306763080308,3609300,0.0000,1.0
2010-08-12,73.38,74.05,72.51,73.82,26.053954836437644,2552900,0.0000,1.0
2010-08-13,73.42,74.62,73.2501,73.45,25.92336741718159,2093400,0.0000,1.0
2010-08-16,72.23,73.43,72.23,73.09,25.796309387635162,2041900,0.0000,1.0
2010-08-17,73.98,75.68,73.98,74.85,26.417481976528823,2569300,0.0000,1.0
2010-08-18,74.85,76.44,74.4,76.0,26.82336179313548,3190200,0.0000,1.0
2010-08-19,75.45,75.84,73.56,74.5,26.293953336692017,3064400,0.0000,1.0
2010-08-20,73.72,74.3571,72.91,74.26,26.209247983661065,2753900,0.0000,1.0
2010-08-23,74.54,74.89,72.6938,72.86,25.71513342431383,2811000,0.0000,1.0
2010-08-24,72.0,72.4,70.341,71.94,25.390429571028506,4088500,0.0000,1.0
2010-08-25,71.16,73.05,70.57,72.17,25.471605534349838,4727700,0.0000,1.0
2010-08-26,72.66,73.7,72.14,72.41,25.55631088738079,2937600,0.0000,1.0
2010-08-27,72.78,73.85,71.9,73.69,26.12454263063011,4506400,0.3300,1.0
2010-08-30,73.6,74.39,72.31,72.35,25.649486488344255,1921700,0.0000,1.0
2010-08-31,71.93,73.53,71.69,72.94,25.8586529987537,2369200,0.0000,1.0
2010-09-01,74.13,76.69,73.9,76.38,27.078200110293494,3588500,0.0000,1.0
2010-09-02,76.49,77.41,76.33,77.31,27.407903253820244,2355700,0.0000,1.0
2010-09-03,77.82,79.61,77.82,78.8,27.936137322481375,3150400,0.0000,1.0
2010-09-07,78.16,79.18,78.0,78.36,27.780148738447217,2788200,0.0000,1.0
2010-09-08,78.61,79.8,78.42,79.01,28.010586419406774,3050700,0.0000,1.0
2010-09-09,79.97,80.0,78.13,78.66,27.886504591197777,2883300,0.0000,1.0
2010-09-10,78.85,79.5,78.53,78.73,27.911320956839578,2055700,0.0000,1.0
2010-09-13,79.64,79.78,78.75,79.25,28.095671101607223,2644200,0.0000,1.0
2010-09-14,78.91,80.17,78.66,79.7,28.255204880733068,2785300,0.0000,1.0
2010-09-15,79.1401,80.15,78.87,79.08,28.035402785048568,3513800,0.0000,1.0
2010-09-16,78.91,79.47,78.45,78.92,27.9786796635816,2203800,0.0000,1.0
2010-09-17,79.32,80.02,78.67,79.96,28.34737995311689,4242000,0.0000,1.0
2010-09-20,80.19,81.64,80.01,80.74,28.62390517026835,3493300,0.0000,1.0
2010-09-21,81.26,82.32,80.93,81.23,28.797619729760942,2930900,0.0000,1.0
2010-09-22,80.9,81.38,80.27,80.6,28.574272438984757,2268500,0.0000,1.0
2010-09-23,79.9,80.71,78.78,79.17,28.06730954087374,2682200,0.0000,1.0
2010-09-24,79.97,82.15,79.64,82.1,29.106051702737574,2743800,0.0000,1.0
2010-09-27,82.23,82.495,81.52,81.65,28.946517923611733,2700600,0.0000,1.0
2010-09-28,81.74,82.46,80.71,82.3,29.176955604571283,2779500,0.0000,1.0
2010-09-29,81.9,83.08,81.58,82.25,29.159229629112858,2284200,0.0000,1.0
2010-09-30,82.69,82.96,81.11,81.8,28.999695849987013,2724100,0.0000,1.0
2010-10-01,81.61,81.81,80.36,81.03,28.726715827927233,3504700,0.0000,1.0
2010-10-04,80.86,81.69,79.32,80.03,28.37219631875869,2103600,0.0000,1.0
2010-10-05,81.25,82.57,80.65,82.42,29.219497945671513,2440900,0.0000,1.0
2010-10-06,82.4,83.29,82.23,83.29,29.527929918648148,2204600,0.0000,1.0
2010-10-07,83.69,83.89,82.83,83.63,29.64846655176545,2833900,0.0000,1.0
2010-10-08,83.9,85.23,83.25,84.86,30.084525548042762,2755500,0.0000,1.0
2010-10-11,85.23,85.75,84.6,85.06,30.155429449876472,1619100,0.0000,1.0
2010-10-12,84.48,84.48,82.76,83.46,29.588198235206796,3947200,0.0000,1.0
2010-10-13,85.17,87.32,85.17,86.82,30.77938378601311,4681600,0.0000,1.0
2010-10-14,86.4,86.53,84.97,86.125,30.53299272714097,3964700,0.0000,1.0
2010-10-15,86.76,86.97,85.0,85.21,30.20860737625175,2884800,0.0000,1.0
2010-10-18,85.58,85.6,84.88,85.43,30.286601668268833,1762300,0.0000,1.0
2010-10-19,84.51,85.03,83.16,84.31,29.889539818000063,2697300,0.0000,1.0
2010-10-20,84.45,86.07,84.45,85.79,30.414228691569512,2715900,0.0000,1.0
2010-10-21,84.295,85.41,81.84,85.26,30.22633335171018,7264600,0.0000,1.0
2010-10-22,85.07,86.38,84.81,86.31,30.598578836337154,3002600,0.0000,1.0
2010-10-25,87.09,88.06,86.81,87.19,30.91055600440547,3440500,0.0000,1.0
2010-10-26,86.68,87.92,86.32,87.36,30.970824320964127,2647100,0.0000,1.0
2010-10-27,86.36,86.6,84.38,85.43,30.286601668268833,3245500,0.0000,1.0
2010-10-28,86.11,86.7,84.93,86.05,30.50640376395333,2482000,0.0000,1.0
2010-10-29,85.75,88.04,85.54,87.68,31.084270563898063,2654600,0.0000,1.0
2010-11-01,88.66,89.57,88.3499,88.9,31.516784365083687,3295600,0.0000,1.0
2010-11-02,89.84,90.0,89.11,89.95,31.88902984971066,2593200,0.0000,1.0
2010-11-03,90.04,91.13,89.81,91.03,32.27191091961269,3083300,0.0000,1.0
2010-11-04,92.49,92.71,90.82,91.72,32.516529380938984,5529000,0.0000,1.0
2010-11-05,91.18,92.5,90.56,91.22,32.33926962635471,2985000,0.0000,1.0
2010-11-08,90.91,92.22,90.68,91.98,32.60870445332281,2187600,0.0000,1.0
2010-11-09,92.28,92.29,90.33,90.35,32.03083765337807,3386200,0.0000,1.0
2010-11-10,90.39,91.4,89.89,91.4,32.40308313800505,2617800,0.0000,1.0
2010-11-11,90.82,91.735,90.4558,90.94,32.24000416378752,2600200,0.0000,1.0
2010-11-12,90.28,91.34,89.6,90.29,32.009566482827964,2610300,0.0000,1.0
2010-11-15,91.34,92.38,91.01,91.29,32.36408599199651,2646900,0.0000,1.0
2010-11-16,90.54,91.01,89.31,89.76,31.821671142968636,3036700,0.0000,1.0
2010-11-17,89.71,90.03,89.29,89.91,31.874849069343913,2124500,0.0000,1.0
2010-11-18,90.81,92.42,90.81,91.69,32.50589379566392,3167000,0.0000,1.0
2010-11-19,91.87,92.08,91.21,91.82,32.551981331855835,3349000,0.0000,1.0
2010-11-22,91.6,91.81,89.48,90.32,32.02020206810302,3961500,0.0000,1.0
2010-11-23,89.39,89.45,88.3168,89.01,31.555781511092228,3527300,0.0000,1.0
2010-11-24,89.55,90.97,89.53,90.75,32.1726454570455,2669100,0.0000,1.0
2010-11-26,89.64,90.79,89.64,90.1,32.076925189569984,981700,0.3800,1.0
2010-11-29,89.5,90.86,88.48,90.65,32.27273327896248,3000700,0.0000,1.0
2010-11-30,89.83,90.8,89.36,90.11,32.08048533664985,3043500,0.0000,1.0
2010-12-01,91.46,92.15,91.05,91.42,32.54686460411197,3251400,0.0000,1.0
2010-12-02,91.54,94.08,91.54,93.66,33.344337550001384,2559200,0.0000,1.0
2010-12-03,93.09,94.73,93.09,94.55,33.66119064010923,2186500,0.0000,1.0
2010-12-06,94.5,94.74,94.0,94.42,33.61490872807101,2240900,0.0000,1.0
2010-12-07,95.14,95.78,94.04,94.13,33.511664462754965,4070800,0.0000,1.0
2010-12-08,94.45,94.47,92.27,92.47,32.92068004749763,3068500,0.0000,1.0
2010-12-09,93.43,93.6,92.33,92.8,33.03816490113312,2409300,0.0000,1.0
2010-12-10,93.37,93.44,91.52,92.64,32.98120254785531,2643400,0.0000,1.0
2010-12-13,92.75,93.23,91.93,92.18,32.81743578218159,2443400,0.0000,1.0
2010-12-14,92.54,93.09,90.93,91.57,32.60026681030991,2744700,0.0000,1.0
2010-12-15,91.3,92.92,91.23,91.44,32.55398489827169,2854000,0.0000,1.0
2010-12-16,91.52,92.52,90.52,92.29,32.85659740006009,3408400,0.0000,1.0
2010-12-17,91.96,92.32,90.71,91.18,32.46142107419524,4862700,0.0000,1.0
2010-12-20,91.25,91.58,90.46,90.9,32.36173695595907,2147500,0.0000,1.0
2010-12-21,91.18,92.44,91.04,92.06,32.774714017223225,1943200,0.0000,1.0
2010-12-22,92.06,92.27,91.469,92.09,32.78539445846282,1277200,0.0000,1.0
2010-12-23,92.05,92.24,91.3214,91.71,32.650108869428,966500,0.0000,1.0
2010-12-27,91.46,92.34,91.2807,92.01,32.75691328182391,888100,0.0000,1.0
2010-12-28,91.98,92.22,91.25,91.91,32.721311811025274,1041900,0.0000,1.0
2010-12-29,92.16,92.53,91.64,92.15,32.806755340942004,1125700,0.0000,1.0
2010-12-30,92.25,92.39,91.73,92.06,32.774714017223225,875500,0.0000,1.0
2010-12-31,92.0,92.93,91.94,92.66,32.98832284201504,1269400,0.0000,1.0
2011-01-03,93.82,94.55,93.33,93.69,33.35501799124098,2702300,0.0000,1.0
2011-01-04,94.01,94.19,91.98,93.08,33.137849019369305,2579300,0.0000,1.0
2011-01-05,92.61,93.33,92.35,92.96,33.09512725441094,2603500,0.0000,1.0
2011-01-06,92.7302,93.46,92.0,92.55,32.94916122413654,2193900,0.0000,1.0
2011-01-07,92.93,95.37,92.93,95.18,33.88547990614064,4027700,0.0000,1.0
2011-01-10,95.82,98.02,95.31,97.36,34.66159196955088,4943000,0.0000,1.0
2011-01-11,98.16,98.34,97.0,97.47,34.70075358742937,2481700,0.0000,1.0
2011-01-12,98.0,98.56,97.61,98.08,34.91792255930105,2074600,0.0000,1.0
2011-01-13,97.98,99.49,97.75,99.02,35.25257638480821,2416100,0.0000,1.0
2011-01-14,98.95,99.27,98.18,98.66,35.124411089933126,2757000,0.0000,1.0
2011-01-18,98.9,99.23,97.65,98.16,34.94640373593995,3178800,0.0000,1.0
2011-01-19,98.28,98.49,96.81,97.3,34.64023108707169,3532500,0.0000,1.0
2011-01-20,95.18,95.3,93.117,95.05,33.839197994102406,6545100,0.0000,1.0
2011-01-21,95.49,96.15,94.3,94.51,33.64695005178978,5658100,0.0000,1.0
2011-01-24,94.27,94.58,93.88,94.2,33.53658549231401,3843700,0.0000,1.0
2011-01-25,94.13,94.999,92.45,93.02,33.11648813689012,6140400,0.0000,1.0
2011-01-26,93.92,94.78,93.22,94.12,33.508104315675105,4641300,0.0000,1.0
2011-01-27,94.65,95.59,94.64,95.34,33.94244225941845,3654900,0.0000,1.0
2011-01-28,95.46,95.59,93.34,93.54,33.301615785043026,3910200,0.0000,1.0
2011-01-31,93.66,95.12,93.52,94.63,33.68967181674814,3321400,0.0000,1.0
2011-02-01,95.38,96.0,94.85,95.43,33.97448358313722,2875800,0.0000,1.0
2011-02-02,95.03,95.54,93.98,94.17,33.525905051074425,2090000,0.0000,1.0
2011-02-03,94.13,94.69,93.55,93.6,33.322976667522205,3058300,0.0000,1.0
2011-02-04,93.57,94.53,93.19,94.25,33.55438622771333,1776400,0.0000,1.0
2011-02-07,94.5,95.28,94.12,94.61,33.68255152258842,2111200,0.0000,1.0
2011-02-08,94.66,95.23,94.35,95.12,33.86411902366145,2124500,0.0000,1.0
2011-02-09,94.77,96.29,94.61,95.85,34.12400976049148,2029300,0.0000,1.0
2011-02-10,95.5,98.06,95.37,97.51,34.71499417574883,3102000,0.0000,1.0
2011-02-11,97.27,99.5,97.01,99.02,35.25257638480821,2933200,0.0000,1.0
2011-02-14,99.14,99.25,97.95,98.53,35.0781291778949,2144300,0.0000,1.0
2011-02-15,98.06,98.45,97.75,97.99,34.88588123558227,1636100,0.0000,1.0
2011-02-16,98.46,98.46,97.11,97.66,34.76839638194678,2861100,0.0000,1.0
2011-02-17,97.54,97.96,96.33,97.82,34.82535873522459,3201200,0.0000,1.0
2011-02-18,97.65,97.72,96.64,97.14,34.58326873379388,2212300,0.0000,1.0
2011-02-22,96.12,96.61,93.95,94.32,33.57930725727237,2903500,0.0000,1.0
2011-02-23,94.14,94.45,91.51,92.54,32.94560107705668,3194900,0.0000,1.0
2011-02-24,91.92,94.31,91.76,93.71,33.49742387443551,2352200,0.3800,1.0
2011-02-25,94.3,94.61,93.6,94.03,33.61181055290974,2132600,0.0000,1.0
2011-02-28,94.28,95.545,93.89,95.41,34.10510310382982,2898700,0.0000,1.0
2011-03-01,95.91,95.91,92.41,92.67,33.12566716939429,4105500,0.0000,1.0
2011-03-02,92.59,94.45,92.55,94.29,33.70474972917004,5125600,0.0000,1.0
2011-03-03,95.09,95.95,94.79,95.54,34.15157269195997,2729600,0.0000,1.0
2011-03-04,95.26,95.79,94.43,95.36,34.08723018531822,2566900,0.0000,1.0
2011-03-07,95.86,96.54,93.74,94.56,33.801263489132666,2139400,0.0000,1.0
2011-03-08,94.86,96.62,94.46,96.33,34.43396480444321,1834500,0.0000,1.0
2011-03-09,96.03,96.29,94.9,95.1,33.99429100905791,2371000,0.0000,1.0
2011-03-10,93.995,94.66,92.79,94.06,33.622534304016696,2528900,0.0000,1.0
2011-03-11,93.98,95.25,93.26,94.77,33.876329746881375,1755700,0.0000,1.0
2011-03-14,94.17,94.83,93.18,94.04,33.615385136612055,1855700,0.0000,1.0
2011-03-15,91.74,93.6,90.66,93.02,33.25077759897547,3504000,0.0000,1.0
2011-03-16,92.63,93.59,91.06,91.47,32.69671712511596,3403400,0.0000,1.0
2011-03-17,92.9,94.89,92.59,93.8,33.52959512775639,3688700,0.0000,1.0
2011-03-18,95.15,96.0,94.14,95.02,33.96569433943936,4509400,0.0000,1.0
2011-03-21,95.8,96.94,95.3516,96.57,34.519754813298874,1932700,0.0000,1.0
2011-03-22,96.2,96.86,94.35,94.63,33.8262855750489,3185200,0.0000,1.0
2011-03-23,94.5,94.81,93.85,93.92,33.57249013218422,3274000,0.0000,1.0
2011-03-24,94.53,95.4,94.07,95.37,34.090804769020544,2081000,0.0000,1.0
2011-03-25,95.65,98.0,95.32,97.59,34.88436235093546,3192000,0.0000,1.0
2011-03-28,97.77,98.38,97.4,97.62,34.89508610204242,2456100,0.0000,1.0
2011-03-29,97.42,98.81,97.12,98.81,35.32046156261843,1866300,0.0000,1.0
2011-03-30,99.27,99.43,97.86,97.87,34.984450694600405,2464800,0.0000,1.0
2011-03-31,97.4,99.4,97.37,98.33,35.1488815449071,2363300,0.0000,1.0
2011-04-01,98.99,99.24,97.78,98.27,35.12743404269318,2792400,0.0000,1.0
2011-04-04,98.39,98.79,97.67,98.61,35.24896988857204,1536400,0.0000,1.0
2011-04-05,98.3,98.78,97.64,97.8,34.95942860868416,1889000,0.0000,1.0
2011-04-06,98.43,98.43,96.7951,97.39,34.81287067688907,1595500,0.0000,1.0
2011-04-07,97.15,97.5977,96.0,96.49,34.491158143680316,2074700,0.0000,1.0
2011-04-08,96.64,96.87,94.58,95.66,34.194467696387804,2346100,0.0000,1.0
2011-04-11,95.87,96.25,94.38,95.35,34.0836556016159,2507700,0.0000,1.0
2011-04-12,94.98,97.1,94.81,96.54,34.509031062191916,3038900,0.0000,1.0
2011-04-13,97.02,97.32,96.286,96.9,34.63771607547542,2876500,0.0000,1.0
2011-04-14,96.02,97.79,95.64,97.39,34.81287067688907,3022800,0.0000,1.0
2011-04-15,97.55,98.9,96.9,98.27,35.12743404269318,2561500,0.0000,1.0
2011-04-18,96.96,97.3,95.64,96.76,34.58767190364294,2240600,0.0000,1.0
2011-04-19,96.76,97.74,96.4801,97.32,34.78784859097283,2106200,0.0000,1.0
2011-04-20,98.87,99.18,92.8,96.07,34.3410256281829,6824500,0.0000,1.0
2011-04-21,96.54,96.63,95.5,96.06,34.33745104448058,3378200,0.0000,1.0
2011-04-25,95.97,97.17,95.74,97.0,34.67346191249861,2621200,0.0000,1.0
2011-04-26,97.6,100.04,97.51,99.98,35.738687855789806,3800000,0.0000,1.0
2011-04-27,100.43,102.0,99.81,101.8,36.38926208961194,4252300,0.0000,1.0
2011-04-28,101.93,103.16,101.87,102.9,36.782466296867085,4289200,0.0000,1.0
2011-04-29,103.13,103.81,102.2,103.47,36.98621756789929,3568900,0.0000,1.0
2011-05-02,103.83,104.14,103.12,103.62,37.03983632343408,2357700,0.0000,1.0
2011-05-03,103.47,104.08,102.71,103.84,37.118477164885114,3362400,0.0000,1.0
2011-05-04,103.58,103.77,100.32,100.56,35.94601371052433,5361000,0.0000,1.0
2011-05-05,100.15,102.28,99.42,101.71,36.357090836291064,3965600,0.0000,1.0
2011-05-06,103.09,103.5402,101.98,102.34,36.58228960953719,2479400,0.0000,1.0
2011-05-09,102.19,102.98,101.57,102.47,36.62875919766734,1462000,0.0000,1.0
2011-05-10,102.82,104.77,102.78,104.49,37.350825105535876,2555500,0.0000,1.0
2011-05-11,104.25,104.375,101.985,102.46,36.625184613965025,2192800,0.0000,1.0
2011-05-12,102.24,103.2,100.99,102.43,36.614460862858074,2938200,0.0000,1.0
2011-05-13,102.48,102.99,99.98,100.46,35.910267873501134,3142300,0.0000,1.0
2011-05-16,100.22,102.06,99.98,101.0,36.103295393426386,3131800,0.0000,1.0
2011-05-17,100.52,101.2,98.965,99.79,35.67077076544574,3606900,0.0000,1.0
2011-05-18,100.13,102.4,99.13,102.03,36.47147751476529,2405600,0.0000,1.0
2011-05-19,102.44,104.34,102.44,102.79,36.74314587614157,2733500,0.0000,1.0
2011-05-20,102.76,103.13,101.36,101.99,36.45717917995601,2250100,0.0000,1.0
2011-05-23,100.5,101.8,99.66,101.59,36.31419583186324,3234300,0.0000,1.0
2011-05-24,101.71,102.44,101.29,101.58,36.31062124816091,2754600,0.0000,1.0
2011-05-25,101.21,102.88,100.67,102.58,36.66807961839286,2684100,0.0000,1.0
2011-05-26,101.67,103.53,101.19,103.24,37.073794868606115,2253300,0.4750,1.0
2011-05-27,103.35,104.16,103.21,103.53,37.17793474183254,1474000,0.0000,1.0
2011-05-31,104.26,105.0,103.46,104.97,37.695043077853384,2309800,0.0000,1.0
2011-06-01,104.93,105.18,100.82,100.86,36.219129702127205,3497100,0.0000,1.0
2011-06-02,101.35,102.98,101.01,102.22,36.70750979725801,2585800,0.0000,1.0
2011-06-03,100.52,101.95,99.9,101.14,36.31967854524237,2906100,0.0000,1.0
2011-06-06,100.9,101.72,100.1,100.13,35.95698450400552,1862400,0.0000,1.0
2011-06-07,100.53,101.42,100.32,100.67,36.15090013001334,2290800,0.0000,1.0
2011-06-08,100.32,101.06,99.69,99.74,35.81693432966654,2681200,0.0000,1.0
2011-06-09,99.81,101.72,99.81,101.29,36.37354399691121,2069900,0.0000,1.0
2011-06-10,100.8,101.18,99.42,99.6,35.766659908108956,2523900,0.0000,1.0
2011-06-13,99.7,101.48,99.49,100.64,36.14012703967958,2585400,0.0000,1.0
2011-06-14,101.82,102.09,101.39,101.68,36.51359417125019,2667000,0.0000,1.0
2011-06-15,100.66,101.445,99.29,99.43,35.70561239621761,2401200,0.0000,1.0
2011-06-16,99.3,100.32,98.33,98.79,35.47578646909723,3370700,0.0000,1.0
2011-06-17,99.79,100.5,99.15,100.01,35.913892142670456,3557100,0.0000,1.0
2011-06-20,99.86,102.18,99.59,101.8,36.55668653258526,2435800,0.0000,1.0
2011-06-21,102.44,103.69,102.26,102.84,36.93015366415588,2592200,0.0000,1.0
2011-06-22,102.49,103.42,101.73,101.87,36.581823743364055,2041700,0.0000,1.0
2011-06-23,100.55,101.69,99.8,101.63,36.49563902069391,2956700,0.0000,1.0
2011-06-24,101.61,101.74,99.8,100.04,35.92466523300422,2773400,0.0000,1.0
2011-06-27,100.33,100.78,99.4,100.01,35.913892142670456,2409900,0.0000,1.0
2011-06-28,100.28,101.94,99.93,101.73,36.53154932180647,2102900,0.0000,1.0
2011-06-29,102.43,104.2165,101.921,103.0,36.987610145935975,2628400,0.0000,1.0
2011-06-30,103.39,105.6,102.96,104.4,37.490354361511805,2379600,0.0000,1.0
2011-07-01,104.6,107.04,104.21,106.76,38.337837467768196,2695300,0.0000,1.0
2011-07-05,106.61,106.64,105.18,105.72,37.96437033619758,1993800,0.0000,1.0
2011-07-06,105.78,107.61,105.57,106.59,38.27678995587685,2416400,0.0000,1.0
2011-07-07,107.72,107.89,105.67,106.25,38.154694932094145,2996300,0.0000,1.0
2011-07-08,105.24,105.86,103.46,104.3,37.45444406039924,3396500,0.0000,1.0
2011-07-11,103.27,103.456,101.41,102.28,36.72905597792555,3098000,0.0000,1.0
2011-07-12,102.32,102.39,101.13,101.29,36.37354399691121,2089100,0.0000,1.0
2011-07-13,101.88,103.57,101.39,102.15,36.68237258647922,2112000,0.0000,1.0
2011-07-14,102.48,102.61,99.69,100.71,36.165264250458364,3581800,0.0000,1.0
2011-07-15,101.06,101.25,99.07,100.74,36.176037340792135,2365100,0.0000,1.0
2011-07-18,100.5,100.71,99.08,100.5,36.089852618121995,2408300,0.0000,1.0
2011-07-19,101.02,101.99,99.845,100.55,36.10780776867827,3084300,0.0000,1.0
2011-07-20,101.42,101.68,98.84,99.83,35.84925360066784,4245400,0.0000,1.0
2011-07-21,101.99,104.99,101.61,104.4,37.490354361511805,5445900,0.0000,1.0
2011-07-22,104.28,104.76,103.28,103.8,37.27489255483644,2385100,0.0000,1.0
2011-07-25,102.68,106.0,102.6,104.86,37.655541746629574,2942400,0.0000,1.0
2011-07-26,104.67,104.82,103.05,103.72,37.246164313946394,2466200,0.0000,1.0
2011-07-27,102.98,104.05,101.95,102.2,36.7003277370355,3402400,0.0000,1.0
2011-07-28,102.2,104.29,101.72,103.17,37.04865765782732,2696200,0.0000,1.0
2011-07-29,101.89,103.3,100.59,102.48,36.800876580150664,3010300,0.0000,1.0
2011-08-01,103.47,103.62,99.7,101.31,36.38072605713372,3915700,0.0000,1.0
2011-08-02,100.44,101.38,97.45,97.59,35.04486285574652,5269800,0.0000,1.0
2011-08-03,97.9,98.42,96.17,98.28,35.29264393342318,4778000,0.0000,1.0
2011-08-04,96.99,97.46,92.68,92.78,33.31757737223242,5680100,0.0000,1.0
2011-08-05,94.0,94.32,89.77,92.47,33.20625543878349,6383800,0.0000,1.0
2011-08-08,89.32,90.87,87.25,87.45,31.40355832293302,7116700,0.0000,1.0
2011-08-09,89.21,92.04,85.75,91.89,32.99797569233065,6390500,0.0000,1.0
2011-08-10,90.68,92.07,88.46,88.73,31.863210177173777,5258300,0.0000,1.0
2011-08-11,89.17,93.36,88.51,91.98,33.03029496333195,4678200,0.0000,1.0
2011-08-12,92.36,94.1,91.8,92.72,33.296031191564886,2865300,0.0000,1.0
2011-08-15,93.61,94.87,92.74,93.85,33.701817594136806,3176100,0.0000,1.0
2011-08-16,92.82,93.64,91.074,91.53,32.86869860832543,3312000,0.0000,1.0
2011-08-17,92.05,93.3,90.68,91.93,33.01233981277567,2049900,0.0000,1.0
2011-08-18,87.95,89.25,84.33,86.05,30.90081410735719,7324100,0.0000,1.0
2011-08-19,84.86,87.3,84.5,85.69,30.771537023351975,5767400,0.0000,1.0
2011-08-22,87.33,88.0,85.7,85.98,30.875676896578398,4293600,0.0000,1.0
2011-08-23,86.32,88.47,84.82,88.43,31.755479273836098,4697600,0.0000,1.0
2011-08-24,87.94,89.16,86.79,89.06,31.98171417084522,3060900,0.0000,1.0
2011-08-25,89.37,89.9,87.51,88.46,31.766252364169862,3276900,0.0000,1.0
2011-08-26,88.38,89.95,85.45,89.55,32.15767464629676,2924200,0.0000,1.0
2011-08-29,90.22,90.88,89.51,90.84,32.79149146093343,2585000,0.4750,1.0
2011-08-30,90.61,93.47,90.25,92.75,33.48096469618643,3714400,0.0000,1.0
2011-08-31,93.46,94.46,91.4,92.17,33.27159586035044,2628500,0.0000,1.0
2011-09-01,91.995,93.71,90.95,91.39,32.99003087422618,3094900,0.0000,1.0
2011-09-02,89.91,89.92,87.92,88.27,31.86377092972912,2452000,0.0000,1.0
2011-09-06,85.47,88.71,85.0,88.52,31.95401611758946,3543300,0.0000,1.0
2011-09-07,89.83,90.0,88.87,89.72,32.3871930193191,3019400,0.0000,1.0
2011-09-08,89.09,89.72,88.1,88.19,31.834892469613813,2722200,0.0000,1.0
2011-09-09,86.97,87.58,84.54,85.09,30.71585214014559,4451000,0.0000,1.0
2011-09-12,83.36,84.96,82.15,84.29,30.4270675389925,4795000,0.0000,1.0
2011-09-13,84.72,87.75,84.44,87.47,31.57498632857603,3986800,0.0000,1.0
2011-09-14,87.78,90.03,85.27,88.76,32.04065149793539,3189400,0.0000,1.0
2011-09-15,90.39,91.34,89.52,91.24,32.93588376150997,3363600,0.0000,1.0
2011-09-16,91.77,92.26,90.85,91.64,33.08027606208652,2934700,0.0000,1.0
2011-09-19,90.38,90.38,88.09,89.63,32.354704751689376,2798100,0.0000,1.0
2011-09-20,90.0,90.56,88.31,88.38,31.90347881238767,1889100,0.0000,1.0
2011-09-21,88.08,88.08,83.01,83.07,29.98667102223403,6150100,0.0000,1.0
2011-09-22,80.89,83.38,79.58,82.44,29.759253148825977,5411700,0.0000,1.0
2011-09-23,82.25,83.71,81.8103,83.11,30.00111025229169,4610500,0.0000,1.0
2011-09-26,83.88,84.01,81.96,83.72,30.22130851067092,3609400,0.0000,1.0
2011-09-27,85.38,87.31,84.31,85.66,30.921611168467166,2801600,0.0000,1.0
2011-09-28,85.69,86.31,83.0,83.27,30.058867172522305,2578800,0.0000,1.0
2011-09-29,84.72,85.5,83.54,85.22,30.762779637832967,2648300,0.0000,1.0
2011-09-30,83.6,84.28,81.66,81.67,29.481297970216126,3783500,0.0000,1.0
2011-10-03,81.52,83.04,79.8,79.83,28.817093387564018,3824100,0.0000,1.0
2011-10-04,78.88,83.77,77.73,83.49,30.138282937839406,4800000,0.0000,1.0
2011-10-05,83.7,86.84,82.62,86.43,31.199566347077017,4800700,0.0000,1.0
2011-10-06,86.24,90.32,85.79,89.53,32.318606676545244,5075400,0.0000,1.0
2011-10-07,89.94,90.05,87.87,88.8,32.05509072799305,3190500,0.0000,1.0
2011-10-10,90.08,92.0,89.81,92.0,33.210229132605406,2443800,0.0000,1.0
2011-10-11,91.42,93.5,91.04,92.31,33.32213316555223,2735400,0.0000,1.0
2011-10-12,92.65,94.42,91.72,91.79,33.13442317480273,3540600,0.0000,1.0
2011-10-13,91.18,91.2,89.35,90.11,32.52797551238123,3428800,0.0000,1.0
2011-10-14,91.23,92.0,90.49,91.97,33.19939971006217,1803200,0.0000,1.0
2011-10-17,91.57,91.57,89.0,89.31,32.23919091122814,2086900,0.0000,1.0
2011-10-18,89.06,93.31,88.83,92.4,33.354621433181954,2439600,0.0000,1.0
2011-10-19,92.8,92.82,90.56,90.96,32.83480915110639,2570700,0.0000,1.0
2011-10-20,93.18,95.98,93.0,94.59,34.14516927883854,5421500,0.0000,1.0
2011-10-21,95.43,97.0,94.98,96.96,35.00069365975457,5155900,0.0000,1.0
2011-10-24,96.91,98.13,96.68,97.41,35.16313499790318,3214200,0.0000,1.0
2011-10-25,96.53,96.82,94.24,95.68,34.53863829790963,4002600,0.0000,1.0
2011-10-26,96.2,98.5,95.78,97.91,35.343625373623865,4185800,0.0000,1.0
2011-10-27,100.07,103.8,99.87,102.63,37.047454520427095,5176200,0.0000,1.0
2011-10-28,102.05,102.96,101.52,102.02,36.82725626204787,3115600,0.0000,1.0
2011-10-31,101.18,101.45,99.51,99.57,35.94285342101652,2496900,0.0000,1.0
2011-11-01,96.17,99.05,95.04,96.83,34.95376616206719,3962200,0.0000,1.0
2011-11-02,98.36,99.54,97.46,98.99,35.733484585180534,2387200,0.0000,1.0
2011-11-03,100.59,101.82,99.01,101.49,36.63593646378394,2972200,0.0000,1.0
2011-11-04,100.02,101.43,98.35,101.24,36.5456912759236,2474500,0.0000,1.0
2011-11-07,100.8,103.09,99.61,101.68,36.704522806557804,2405900,0.0000,1.0
2011-11-08,102.42,102.5392,99.56,102.33,36.939160294994686,2510900,0.0000,1.0
2011-11-09,99.84,100.17,97.74,98.36,35.506066711772476,3028500,0.0000,1.0
2011-11-10,99.19,100.84,98.73,100.38,36.23524782968403,2094200,0.0000,1.0
2011-11-11,101.66,103.17,101.6,102.88,37.137699708287435,1980300,0.0000,1.0
2011-11-14,102.19,103.21,101.82,102.97,37.17018797591716,2473500,0.0000,1.0
2011-11-15,102.47,104.03,101.19,103.38,37.318190084008116,2249800,0.0000,1.0
2011-11-16,102.39,104.16,101.54,102.01,36.82364645453345,2409400,0.0000,1.0
2011-11-17,101.54,102.14,99.64,100.92,36.43017743546237,2854800,0.0000,1.0
2011-11-18,101.17,102.65,100.57,102.04,36.8344758770767,2475100,0.0000,1.0
2011-11-21,100.69,101.0689,97.501,98.41,35.524115749344546,3806500,0.0000,1.0
2011-11-22,98.56,99.24,97.87,98.25,35.46635882911393,2413200,0.0000,1.0
2011-11-23,97.12,97.46,95.53,96.0,34.65415213837086,2417300,0.0000,1.0
2011-11-25,95.85,96.91,95.15,95.16,34.35092830716012,1271600,0.0000,1.0
2011-11-28,97.79,98.97,97.46,98.53,35.78402189038233,2286800,0.6000,1.0
2011-11-29,98.59,100.7,98.39,99.23,36.03824715500496,2223300,0.0000,1.0
2011-11-30,102.43,103.56,101.69,103.41,37.55633516375151,3100000,0.0000,1.0
2011-12-01,102.76,103.65,101.94,102.93,37.382009268010286,2975700,0.0000,1.0
2011-12-02,104.0,104.78,102.39,102.69,37.29484632013966,2754000,0.0000,1.0
2011-12-05,104.49,105.99,103.69,104.59,37.98488632411537,2441600,0.0000,1.0
2011-12-06,105.08,105.16,101.39,102.84,37.349323162558804,3376400,0.0000,1.0
2011-12-07,102.54,103.1,100.9801,102.52,37.23310589873131,2288100,0.0000,1.0
2011-12-08,102.22,102.22,100.01,100.37,36.452271157390385,3148800,0.0000,1.0
2011-12-09,100.55,102.1,99.91,101.75,36.95345810764642,2576300,0.0000,1.0
2011-12-12,100.78,101.54,99.79,100.6,36.53580231576638,1782300,0.0000,1.0
2011-12-13,101.83,103.0,99.56,100.19,36.38689894648742,3034900,0.0000,1.0
2011-12-14,98.94,99.84,98.29,98.62,35.81670799583381,3991500,0.0000,1.0
2011-12-15,100.0,100.41,97.82,98.79,35.87844841724216,3172800,0.0000,1.0
2011-12-16,99.79,101.05,99.23,99.88,36.27431347215454,4932400,0.0000,1.0
2011-12-19,100.14,100.91,98.28,98.49,35.76949473240389,2794500,0.0000,1.0
2011-12-20,100.35,101.66,100.04,101.2,36.75370968544293,2762400,0.0000,1.0
2011-12-21,101.46,103.13,99.93,103.02,37.41469537346176,3598400,0.0000,1.0
2011-12-22,103.08,105.03,102.85,104.22,37.85051011281484,2790900,0.0000,1.0
2011-12-23,104.58,106.02,104.5,105.53,38.326274536608615,1554400,0.0000,1.0
2011-12-27,105.71,106.27,105.2,105.69,38.38438316852236,969500,0.0000,1.0
2011-12-28,105.69,105.99,104.12,104.47,37.94130485018006,1224000,0.0000,1.0
2011-12-29,105.0,105.55,104.45,105.35,38.26090232570565,1207100,0.0000,1.0
2011-12-30,105.76,106.6,105.41,105.94,38.475177905887584,1693000,0.0000,1.0
2012-01-03,108.08,109.1,107.88,108.0,39.223326541777034,2651400,0.0000,1.0
2012-01-04,107.33,109.19,107.28,108.78,39.50660612235654,1972200,0.0000,1.0
2012-01-05,107.93,108.73,107.88,107.99,39.21969475228242,2981000,0.0000,1.0
2012-01-06,108.39,108.6,107.05,107.53,39.05263243553041,1844900,0.0000,1.0
2012-01-09,108.17,109.62,107.34,109.49,39.764463176473775,2335100,0.0000,1.0
2012-01-10,110.64,112.52,110.52,111.36,40.443607811965656,3299800,0.0000,1.0
2012-01-11,111.08,112.39,110.87,111.98,40.66877876063141,2027200,0.0000,1.0
2012-01-12,112.25,112.49,110.57,111.05,40.331022337632774,2547600,0.0000,1.0
2012-01-13,110.22,110.22,108.06,109.73,39.85162612434439,2545300,0.0000,1.0
2012-01-17,111.18,111.18,108.87,109.5,39.76809496596838,2934100,0.0000,1.0
2012-01-18,109.66,111.32,109.25,109.82,39.88431222979587,3878800,0.0000,1.0
2012-01-19,113.01,114.82,112.1,112.18,40.741414550523594,4909700,0.0000,1.0
2012-01-20,112.7,113.558,111.79,112.84,40.981112657167785,3256300,0.0000,1.0
2012-01-23,113.33,113.44,110.75,111.22,40.392762759041126,2633800,0.0000,1.0
2012-01-24,109.12,111.84,108.9,111.21,40.38913096954652,4148300,0.0000,1.0
2012-01-25,110.65,113.89,110.07,113.63,41.26802402724189,3350500,0.0000,1.0
2012-01-26,113.67,115.81,113.5,113.68,41.28618297471494,2861400,0.0000,1.0
2012-01-27,113.57,115.228,113.21,114.9,41.729261293057235,2902600,0.0000,1.0
2012-01-30,113.65,114.99,113.36,114.64,41.6348347661974,3292300,0.0000,1.0
2012-01-31,115.68,115.68,113.62,114.31,41.51498571287531,2874500,0.0000,1.0
2012-02-01,115.53,117.4,114.7,114.84,41.70747055608958,4581000,0.0000,1.0
2012-02-02,114.59,115.67,114.16,114.73,41.66752087164888,2512400,0.0000,1.0
2012-02-03,116.0,116.71,115.58,116.11,42.168707821904924,2402300,0.0000,1.0
2012-02-06,115.91,116.11,114.37,115.05,41.78373813547637,2194300,0.0000,1.0
2012-02-07,114.51,115.06,112.28,114.68,41.64936192417584,3100300,0.0000,1.0
2012-02-08,115.11,115.7176,113.81,114.35,41.529512870853736,3041700,0.0000,1.0
2012-02-09,114.66,114.74,112.33,112.8,40.96658549918935,4384800,0.0000,1.0
2012-02-10,112.0,112.0,110.53,111.63,40.541666128320095,2884300,0.0000,1.0
2012-02-13,112.62,113.32,111.51,113.18,41.10459349998449,2640500,0.0000,1.0
2012-02-14,112.77,113.72,111.88,113.17,41.100961710489884,2250900,0.0000,1.0
2012-02-15,113.77,114.1,108.86,109.41,39.7354088605169,4311000,0.0000,1.0
2012-02-16,109.3,110.0,108.32,108.88,39.542924017302624,4921900,0.0000,1.0
2012-02-17,109.65,111.35,109.14,110.99,40.30923160066512,3940700,0.0000,1.0
2012-02-21,111.15,112.18,110.43,111.78,40.59614297073923,3101500,0.0000,1.0
2012-02-22,111.1,112.661,111.03,112.08,40.7050966555775,2380300,0.0000,1.0
2012-02-23,112.12,112.12,110.12,111.95,40.65788339214759,2653900,0.0000,1.0
2012-02-24,111.78,113.7,111.44,112.62,40.901213288286385,1989400,0.0000,1.0
2012-02-27,111.51,113.95,111.2,112.74,41.16270213189823,1881800,0.6000,1.0
2012-02-28,112.87,113.09,111.2,112.22,40.97284400604594,1501800,0.0000,1.0
2012-02-29,112.33,112.8,110.13,110.25,40.25357379849015,2943800,0.0000,1.0
2012-03-01,110.39,112.0,109.95,111.53,40.72091687751117,3283500,0.0000,1.0
2012-03-02,110.93,112.12,110.42,110.89,40.48724533800066,2791800,0.0000,1.0
2012-03-05,110.6,111.36,109.11,109.55,39.997995552150535,2678600,0.0000,1.0
2012-03-06,106.94,107.22,104.77,106.8,38.99393815581631,4753200,0.0000,1.0
2012-03-07,106.93,108.66,106.65,107.84,39.373654407520895,2467100,0.0000,1.0
2012-03-08,108.67,109.59,107.25,109.27,39.895764253614686,2879800,0.0000,1.0
2012-03-09,109.35,109.7794,107.34,107.64,39.30063205142386,3165100,0.0000,1.0
2012-03-12,107.89,108.75,107.31,108.15,39.48683905947129,2929700,0.0000,1.0
2012-03-13,108.64,110.54,107.7,110.39,40.30468944775808,3904200,0.0000,1.0
2012-03-14,110.49,110.49,107.302,107.71,39.32618987605782,3846000,0.0000,1.0
2012-03-15,108.53,114.32,108.43,113.08,41.28684013726319,7127000,0.0000,1.0
2012-03-16,113.36,114.87,112.76,113.15,41.312397961897155,3778500,0.0000,1.0
2012-03-19,112.48,113.69,112.21,113.01,41.26128231262923,1613800,0.0000,1.0
2012-03-20,112.38,112.48,110.7,111.84,40.83410152946158,2086900,0.0000,1.0
2012-03-21,111.86,112.71,111.19,112.31,41.00570406628961,1396000,0.0000,1.0
2012-03-22,111.22,111.36,109.44,110.04,40.176900324588274,2829400,0.0000,1.0
2012-03-23,110.41,110.55,108.65,108.89,39.757021777030324,2231000,0.0000,1.0
2012-03-26,109.48,111.49,109.35,111.33,40.64789452141414,2512800,0.0000,1.0
2012-03-27,111.46,111.695,110.24,110.51,40.3485028614163,1902800,0.0000,1.0
2012-03-28,110.22,110.53,107.21,107.91,39.39921223215485,3564700,0.0000,1.0
2012-03-29,107.16,107.69,104.95,107.4,39.21300522410742,3546100,0.0000,1.0
2012-03-30,107.89,108.49,107.18,107.48,39.24221416654623,2014000,0.0000,1.0
2012-04-02,107.33,110.06,107.04,109.6,40.01625114117479,3223100,0.0000,1.0
2012-04-03,109.11,109.46,105.9,107.75,39.340794347277225,4420800,0.0000,1.0
2012-04-04,106.99,109.16,106.99,108.38,39.570814768982885,3661600,0.0000,1.0
2012-04-05,107.85,109.32,107.56,108.65,39.66939494971388,2258400,0.0000,1.0
2012-04-09,107.34,107.34,106.1,106.18,38.767568851915506,2614000,0.0000,1.0
2012-04-10,105.75,106.56,104.08,104.98,38.3294347153333,4442600,0.0000,1.0
2012-04-11,106.34,107.19,105.62,105.8,38.628826375331144,2246300,0.0000,1.0
2012-04-12,106.12,109.17,105.854,108.8,39.724161716786654,2756300,0.0000,1.0
2012-04-13,108.28,108.68,107.5,108.04,39.44667676361793,2410300,0.0000,1.0
2012-04-16,108.34,109.5,107.94,108.09,39.46493235264219,2352200,0.0000,1.0
2012-04-17,108.56,109.67,108.25,109.2,39.87020642898072,2495200,0.0000,1.0
2012-04-18,109.25,110.475,108.75,109.65,40.034506730199055,2998000,0.0000,1.0
2012-04-19,107.27,110.34,104.34,105.7,38.59231519728262,7275800,0.0000,1.0
2012-04-20,105.89,107.42,104.83,107.26,39.16188957483949,4223100,0.0000,1.0
2012-04-23,105.84,109.06,105.75,109.0,39.79718407288369,5187300,0.0000,1.0
2012-04-24,108.89,110.52,108.89,110.52,40.35215397922115,3156600,0.0000,1.0
2012-04-25,111.19,113.66,110.73,113.49,41.43653596726211,3986200,0.0000,1.0
2012-04-26,113.17,113.56,112.08,113.37,41.39272255360389,2075500,0.0000,1.0
2012-04-27,114.06,114.48,113.31,113.89,41.58258067945618,2026800,0.0000,1.0
2012-04-30,113.73,113.94,112.0,112.44,41.05316859775268,1813200,0.0000,1.0
2012-05-01,112.71,115.7,112.7,114.81,41.91848351750254,3002000,0.0000,1.0
2012-05-02,113.76,115.5499,113.37,115.04,42.00245922701413,2193600,0.0000,1.0
2012-05-03,115.13,116.14,113.99,114.06,41.644649682138656,2514300,0.0000,1.0
2012-05-04,113.95,114.245,112.78,113.6,41.47669826311548,2930100,0.0000,1.0
2012-05-07,113.03,114.17,112.75,113.63,41.48765161653003,1928800,0.0000,1.0
2012-05-08,113.11,113.264,111.51,113.08,41.28684013726319,3022600,0.0000,1.0
2012-05-09,111.81,113.03,111.65,111.89,40.852357118485834,3708200,0.0000,1.0
2012-05-10,112.87,114.14,111.94,112.41,41.042215244338124,1857000,0.0000,1.0
2012-05-11,111.86,113.5,111.85,112.18,40.95823953482654,2008000,0.0000,1.0
2012-05-14,111.11,111.85,110.27,111.07,40.552965458487996,2257000,0.0000,1.0
2012-05-15,110.8,113.78,110.56,112.41,41.042215244338124,3375200,0.0000,1.0
2012-05-16,113.02,114.18,111.91,112.0,40.892519414339205,2543800,0.0000,1.0
2012-05-17,112.11,113.52,107.66,108.16,39.49049017727614,4770800,0.0000,1.0
2012-05-18,108.33,110.01,106.88,107.17,39.12902951459583,3446100,0.0000,1.0
2012-05-21,107.6,110.31,107.21,110.18,40.228015973856195,2091200,0.0000,1.0
2012-05-22,110.65,113.35,110.35,111.38,40.666150110438394,2975600,0.0000,1.0
2012-05-23,110.38,113.02,109.41,112.49,41.07142418677694,2421000,0.0000,1.0
2012-05-24,113.06,113.54,111.48,112.89,41.217468898971006,2086200,0.0000,1.0
2012-05-25,112.44,112.91,111.4,111.88,40.848706000680984,1542800,0.0000,1.0
2012-05-29,112.42,112.85,111.5,112.59,41.32700243311656,1714400,0.6000,1.0
2012-05-30,111.57,111.64,109.68,109.86,40.324935494290656,2137800,0.0000,1.0
2012-05-31,109.72,112.46,108.71,111.4,40.890204023884756,2590700,0.0000,1.0
2012-06-01,109.7,110.53,108.01,108.11,39.682584892479184,3061300,0.0000,1.0
2012-06-04,108.17,108.49,105.141,106.45,39.07326946447515,3125300,0.0000,1.0
2012-06-05,105.92,107.6399,105.52,107.08,39.304515681127285,2320000,0.0000,1.0
2012-06-06,107.38,110.24,107.35,110.18,40.44239389005047,2044500,0.0000,1.0
2012-06-07,112.18,113.0,110.04,110.28,40.47909963872541,2470500,0.0000,1.0
2012-06-08,109.73,110.76,108.62,110.64,40.6112403339552,2000300,0.0000,1.0
2012-06-11,111.28,111.96,109.43,109.61,40.2331711226033,1672500,0.0000,1.0
2012-06-12,110.0,112.22,109.77,112.17,41.1728382886818,2062700,0.0000,1.0
2012-06-13,111.16,113.63,111.07,112.3,41.220555761959226,1986900,0.0000,1.0
2012-06-14,112.55,114.2078,111.61,113.64,41.712412794203445,1751100,0.0000,1.0
2012-06-15,114.7,115.42,114.0,114.87,42.163893502905225,3310300,0.0000,1.0
2012-06-18,114.52,118.99,114.3301,118.19,43.38252435891328,2893500,0.0000,1.0
2012-06-19,119.06,119.82,118.02,118.41,43.463277005998144,2656900,0.0000,1.0
2012-06-20,117.85,117.96,116.2,117.29,43.0521726208388,2808600,0.0000,1.0
2012-06-21,117.52,118.59,115.33,115.46,42.380457420087374,3303600,0.0000,1.0
2012-06-22,113.0,116.54,113.0,116.48,42.75485605657178,9854300,0.0000,1.0
2012-06-25,115.19,115.33,112.88,113.93,41.818859465360774,2163000,0.0000,1.0
2012-06-26,114.29,115.01,112.96,114.68,42.094152580422836,1950600,0.0000,1.0
2012-06-27,114.87,115.42,114.08,114.79,42.13452890396527,1377400,0.0000,1.0
2012-06-28,114.3,115.56,112.6018,115.32,42.32906937194245,1847700,0.0000,1.0
2012-06-29,117.28,119.33,116.89,119.31,43.79362874407262,2850600,0.0000,1.0
2012-07-02,119.89,119.94,117.26,118.56,43.51833562901056,1867600,0.0000,1.0
2012-07-03,118.74,118.96,118.15,118.95,43.661488048842834,1141600,0.0000,1.0
2012-07-05,118.54,118.92,117.69,118.25,43.404547808118245,3057400,0.0000,1.0
2012-07-06,117.1,117.59,116.42,116.75,42.85396157799412,3546300,0.0000,1.0
2012-07-09,116.42,118.46,116.37,117.99,43.30911286156339,2481500,0.0000,1.0
2012-07-10,118.92,119.24,115.96,116.46,42.74751490683679,1969100,0.0000,1.0
2012-07-11,116.35,117.4758,115.83,116.52,42.76953835604176,2212300,0.0000,1.0
2012-07-12,115.47,117.0,115.38,116.29,42.68511513408939,1859300,0.0000,1.0
2012-07-13,116.48,118.44,116.05,118.15,43.367842059443305,2460500,0.0000,1.0
2012-07-16,117.67,118.87,117.55,117.96,43.29810113696091,1631100,0.0000,1.0
2012-07-17,118.47,119.25,117.22,118.34,43.437582981925694,1873400,0.0000,1.0
2012-07-18,117.75,119.34,117.3401,118.6,43.53301792848053,3249800,0.0000,1.0
2012-07-19,119.49,123.559,119.28,122.77,45.06364764822559,5539200,0.0000,1.0
2012-07-20,122.1,122.35,118.99,119.6,43.90007541522995,3779300,0.0000,1.0
2012-07-23,117.78,118.53,116.71,117.29,43.0521726208388,2984100,0.0000,1.0
2012-07-24,117.1,118.61,115.7,116.79,42.8686438774641,2387700,0.0000,1.0
2012-07-25,117.13,118.02,116.03,117.39,43.08887836951374,2952000,0.0000,1.0
2012-07-26,119.64,121.0,119.35,120.81,44.344214974196746,2448300,0.0000,1.0
2012-07-27,121.76,123.35,121.35,122.48,44.95720097706827,2205600,0.0000,1.0
2012-07-30,122.36,123.67,121.87,123.14,45.199458918322875,1787500,0.0000,1.0
2012-07-31,122.93,123.78,122.37,122.61,45.00491845034569,1497900,0.0000,1.0
2012-08-01,123.09,123.23,121.18,121.59,44.630519813861284,1705700,0.0000,1.0
2012-08-02,120.9,122.36,120.31,121.8,44.70760188607866,1775600,0.0000,1.0
2012-08-03,123.93,126.91,123.69,124.54,45.71333939977206,2986000,0.0000,1.0
2012-08-06,125.11,125.2,123.37,123.39,45.29122329001023,1318900,0.0000,1.0
2012-08-07,124.29,124.52,123.23,123.25,45.239835241865315,1594200,0.0000,1.0
2012-08-08,123.22,123.39,121.551,122.0,44.781013383428544,1804800,0.0000,1.0
2012-08-09,121.6,122.25,120.75,121.29,44.52040256783646,1523000,0.0000,1.0
2012-08-10,121.01,122.5,120.8,122.01,44.78468395829604,1659300,0.0000,1.0
2012-08-13,121.55,122.04,121.16,121.69,44.667225562536224,1545100,0.0000,1.0
2012-08-14,122.48,122.5,121.38,121.68,44.66355498766873,1256100,0.0000,1.0
2012-08-15,121.29,124.004,121.23,123.71,45.40868168577004,1947100,0.0000,1.0
2012-08-16,123.44,125.33,123.35,124.92,45.85282124473684,1976700,0.0000,1.0
2012-08-17,124.9,125.538,124.37,125.01,45.885856418544286,1462600,0.0000,1.0
2012-08-20,125.0,125.25,123.7,124.32,45.63258675268718,1417200,0.0000,1.0
2012-08-21,124.46,125.34,124.08,124.72,45.77940974738695,1211200,0.0000,1.0
2012-08-22,124.29,125.14,123.74,124.69,45.76839802278447,1223600,0.0000,1.0
2012-08-23,124.47,124.47,122.92,123.79,45.43804628471,1227700,0.0000,1.0
2012-08-24,123.34,124.43,123.08,123.99,45.51145778205988,1286600,0.0000,1.0
2012-08-27,124.25,124.5,123.27,123.65,45.38665823656508,1087500,0.0000,1.0
2012-08-28,123.58,124.48,123.25,123.5,45.33159961355267,1277200,0.0000,1.0
2012-08-29,123.44,123.51,122.63,122.78,45.28755271514274,1636700,0.6000,1.0
2012-08-30,122.09,122.24,121.22,121.4,44.77853803240209,1204500,0.0000,1.0
2012-08-31,121.92,122.2,121.09,121.44,44.79329208117718,1475100,0.0000,1.0
2012-09-04,121.57,122.86,120.63,122.26,45.095750081066555,1932200,0.0000,1.0
2012-09-05,122.0,122.0,118.56,119.23,43.97813088635339,2564400,0.0000,1.0
2012-09-06,119.89,121.6,119.7,121.24,44.71952183730172,1817000,0.0000,1.0
2012-09-07,120.78,122.38,120.76,122.25,45.09206156887278,1752000,0.0000,1.0
2012-09-10,122.28,123.37,121.99,122.86,45.31706081269292,1438500,0.0000,1.0
2012-09-11,122.85,124.5,122.77,124.19,45.807632934464706,1394200,0.0000,1.0
2012-09-12,124.05,125.2,123.78,124.94,46.08427134899767,1136300,0.0000,1.0
2012-09-13,124.73,127.07,123.8,126.47,46.64861371464491,1579000,0.0000,1.0
2012-09-14,126.85,129.27,126.275,128.43,47.37156210462439,2945800,0.0000,1.0
2012-09-17,128.29,128.29,126.15,126.91,46.810908251170915,1759400,0.0000,1.0
2012-09-18,126.55,126.715,125.31,126.62,46.7039413975515,1471600,0.0000,1.0
2012-09-19,125.24,125.84,123.51,125.05,46.124844983129165,2145600,0.0000,1.0
2012-09-20,121.13,122.34,119.46,120.95,44.612554983682315,5091800,0.0000,1.0
2012-09-21,121.27,121.43,119.27,119.37,44.02977005706621,3384200,0.0000,1.0
2012-09-24,118.76,121.45,118.6,121.11,44.67157117878268,2111600,0.0000,1.0
2012-09-25,121.45,121.98,120.21,120.38,44.40230978863726,2023600,0.0000,1.0
2012-09-26,119.99,120.6,118.511,118.92,43.86378700834643,2031100,0.0000,1.0
2012-09-27,119.4,119.59,118.05,118.51,43.71255800840174,2718100,0.0000,1.0
2012-09-28,118.12,119.025,116.86,118.7,43.782639740083425,2554100,0.0000,1.0
2012-10-01,118.98,119.28,118.12,118.53,43.71993503278929,1858000,0.0000,1.0
2012-10-02,119.19,119.48,118.2,119.1,43.930180227834335,1720800,0.0000,1.0
2012-10-03,119.43,120.72,118.79,120.64,44.49821110567535,1757800,0.0000,1.0
2012-10-04,121.35,122.57,120.8,121.57,44.84124273969623,1969200,0.0000,1.0
2012-10-05,122.28,123.15,121.64,122.16,45.05886495912882,1468500,0.0000,1.0
2012-10-08,121.94,123.19,121.69,122.64,45.23591354442992,960100,0.0000,1.0
2012-10-09,122.8,123.448,121.26,121.26,44.72689886168927,1462500,0.0000,1.0
2012-10-10,121.25,121.84,120.4,120.93,44.60517795929477,1135500,0.0000,1.0
2012-10-11,121.95,122.12,120.9,120.92,44.601489447100995,1533700,0.0000,1.0
2012-10-12,121.32,121.98,120.12,121.05,44.64944010562004,1685700,0.0000,1.0
2012-10-15,121.18,121.93,119.77,120.93,44.60517795929477,1647100,0.0000,1.0
2012-10-16,122.03,123.64,121.33,123.4,45.51624047115666,1582000,0.0000,1.0
2012-10-17,123.13,123.99,121.38,123.73,45.63796137355116,2517100,0.0000,1.0
2012-10-18,124.05,128.38,123.12,125.34,46.231811836748584,3404600,0.0000,1.0
2012-10-19,125.56,125.9,123.12,123.77,45.652715422326246,2535500,0.0000,1.0
2012-10-22,123.79,125.17,123.27,124.34,45.8629606173713,1784300,0.0000,1.0
2012-10-23,122.97,123.72,121.93,123.22,45.44984725166874,1889800,0.0000,1.0
2012-10-24,123.43,123.7,120.3,120.87,44.58304688613213,2429700,0.0000,1.0
2012-10-25,121.89,122.94,120.95,121.64,44.867062325052636,2062600,0.0000,1.0
2012-10-26,121.84,123.85,121.32,123.61,45.59369922722588,2237200,0.0000,1.0
2012-10-31,124.59,125.0,122.59,123.03,45.37976551998706,1727500,0.0000,1.0
2012-11-01,123.32,126.35,123.195,125.97,46.46418810495627,3071600,0.0000,1.0
2012-11-02,126.19,126.92,123.975,123.98,45.73017417839548,1716600,0.0000,1.0
2012-11-05,123.2,124.6,123.0,123.74,45.641649885744926,1153300,0.0000,1.0
2012-11-06,124.06,125.5,123.56,124.76,46.01787812950976,1604400,0.0000,1.0
2012-11-07,123.36,124.41,121.31,122.14,45.051487934741274,1925800,0.0000,1.0
2012-11-08,121.87,122.49,120.8,121.03,44.64206308123249,1987200,0.0000,1.0
2012-11-09,120.76,121.77,120.0,120.25,44.35435913011821,1394100,0.0000,1.0
2012-11-12,120.54,122.19,120.39,121.77,44.91501298357168,1347700,0.0000,1.0
2012-11-13,120.69,122.58,120.6,121.32,44.749029934851904,1152600,0.0000,1.0
2012-11-14,121.5,121.96,117.17,117.46,43.325264228055595,2905800,0.0000,1.0
2012-11-15,117.84,118.51,116.52,117.9922,43.52156684700819,2010000,0.0000,1.0
2012-11-16,118.05,118.62,116.06,117.56,43.362149349993324,2487300,0.0000,1.0
2012-11-19,118.61,119.72,118.19,119.71,44.15517947165448,2103000,0.0000,1.0
2012-11-20,119.6,120.41,118.5,120.03,44.27321186185521,1529900,0.0000,1.0
2012-11-21,120.45,120.73,119.54,120.04,44.276900374048985,1216100,0.0000,1.0
2012-11-23,120.0,122.0,120.0,121.98,44.99247173964091,795300,0.0000,1.0
2012-11-26,121.49,122.21,121.0775,121.87,44.951898105509414,1335500,0.0000,1.0
2012-11-27,121.25,123.34,120.79,122.25,45.09206156887278,1397300,0.0000,1.0
2012-11-28,120.82,122.82,119.97,122.79,45.545748568706834,1475600,0.6900,1.0
2012-11-29,123.38,123.67,122.09,123.16,45.68299042040829,1883100,0.0000,1.0
2012-11-30,122.96,123.1399,121.92,122.78,45.542039329471656,2110900,0.0000,1.0
2012-12-03,123.68,124.05,121.24,121.43,45.04129203272311,1934600,0.0000,1.0
2012-12-04,121.63,122.78,121.31,122.37,45.389960520829504,1331500,0.0000,1.0
2012-12-05,122.57,123.58,121.31,122.86,45.57171324335305,2089700,0.0000,1.0
2012-12-06,122.78,124.15,122.13,123.1308,45.67215944184157,940700,0.0000,1.0
2012-12-07,123.68,124.0,122.84,123.95,45.976020319987065,1199600,0.0000,1.0
2012-12-10,124.03,125.41,123.84,125.23,46.450802942089396,1515500,0.0000,1.0
2012-12-11,125.4,125.58,123.51,123.59,45.84248770752079,1877900,0.0000,1.0
2012-12-12,124.36,126.2,123.77,124.7,46.25421326262515,1867100,0.0000,1.0
2012-12-13,124.81,125.715,124.16,124.69,46.25050402338997,1646000,0.0000,1.0
2012-12-14,123.62,125.4699,123.62,124.2746,46.09642222556083,1844800,0.0000,1.0
2012-12-17,124.9,125.88,124.16,125.69,46.62142794690742,2408000,0.0000,1.0
2012-12-18,125.51,127.41,125.07,127.16,47.166686114478054,2748800,0.0000,1.0
2012-12-19,127.55,127.55,125.75,125.77,46.65110186078881,1346800,0.0000,1.0
2012-12-20,125.75,126.15,125.0702,126.12,46.78092523401992,1488000,0.0000,1.0
2012-12-21,124.86,126.16,124.29,125.68,46.617718707672246,2689300,0.0000,1.0
2012-12-24,125.4,125.58,124.85,125.5,46.550952401439105,571400,0.0000,1.0
2012-12-26,125.61,125.69,124.39,124.71,46.25792250186032,909700,0.0000,1.0
2012-12-27,124.59,125.01,123.31,124.62,46.224539348743754,1287600,0.0000,1.0
2012-12-28,124.03,125.24,123.48,123.54,45.82394151134492,962400,0.0000,1.0
2012-12-31,123.25,125.82,123.0101,125.72,46.63255566461294,1511000,0.0000,1.0
2013-01-02,128.24,129.33,127.315,128.46,47.648887215050735,2286400,0.0000,1.0
2013-01-03,128.25,130.35,128.09,128.64,47.71565352128387,1823600,0.0000,1.0
2013-01-04,128.84,130.98,128.3,130.89,48.55023234919812,1497400,0.0000,1.0
2013-01-07,130.4,130.49,129.16,130.27,48.32025951661731,1233600,0.0000,1.0
2013-01-08,130.09,130.4,129.0021,130.18,48.28687636350074,1180200,0.0000,1.0
2013-01-09,130.59,131.78,130.28,130.89,48.55023234919812,1094100,0.0000,1.0
2013-01-10,131.1,131.75,129.93,131.09,48.62441713390161,1626300,0.0000,1.0
2013-01-11,131.45,132.09,130.68,130.97,48.579906263079515,1529100,0.0000,1.0
2013-01-14,131.02,132.0,130.98,131.34,48.71714811478097,832400,0.0000,1.0
2013-01-15,130.98,131.65,130.41,131.44,48.754240507132714,829600,0.0000,1.0
2013-01-16,130.97,131.81,130.65,131.36,48.724566593251325,1015300,0.0000,1.0
2013-01-17,132.2,132.275,131.17,131.67,48.839553009541724,1567700,0.0000,1.0
2013-01-18,132.08,132.52,130.8001,132.49,49.143710626826035,2020600,0.0000,1.0
2013-01-22,132.46,133.82,132.38,133.72,49.59994705275248,2416700,0.0000,1.0
2013-01-23,133.52,136.19,133.52,135.35,50.20455304808591,3647700,0.0000,1.0
2013-01-24,134.45,135.5,132.13,133.84,49.64445792357458,4120300,0.0000,1.0
2013-01-25,134.53,135.42,133.26,134.77,49.989417172445805,2500200,0.0000,1.0
2013-01-28,135.2,135.2,132.33,132.87,49.28466171776266,2111500,0.0000,1.0
2013-01-29,132.79,134.98,132.7,134.76,49.98570793321062,2538600,0.0000,1.0
2013-01-30,133.97,133.97,130.5,131.17,48.654091047783,3509500,0.0000,1.0
2013-01-31,131.26,132.435,130.92,131.46,48.76165898560306,1896100,0.0000,1.0
2013-02-01,132.84,134.14,132.38,133.96,49.68896879439667,2290100,0.0000,1.0
2013-02-04,132.75,133.48,131.77,131.99,48.95824866506731,2008100,0.0000,1.0
2013-02-05,132.5,133.55,132.11,133.14,49.38481117711236,1679800,0.0000,1.0
2013-02-06,132.35,133.35,132.35,133.24,49.421903569464114,1959400,0.0000,1.0
2013-02-07,133.03,133.33,131.51,132.0,48.96195790430248,2016300,0.0000,1.0
2013-02-08,132.38,133.16,132.2,133.15,49.388520416347546,1719900,0.0000,1.0
2013-02-11,133.06,134.26,132.92,133.42,49.48866987569725,1281200,0.0000,1.0
2013-02-12,133.48,134.85,133.26,134.67,49.95232478009405,1388700,0.0000,1.0
2013-02-13,134.92,135.79,134.81,135.29,50.182297612674866,2295900,0.0000,1.0
2013-02-14,134.61,136.18,134.5,136.17,50.50871066537022,1884600,0.0000,1.0
2013-02-15,136.29,137.03,136.25,136.83,50.753520454891735,2863800,0.0000,1.0
2013-02-19,137.32,137.63,136.12,137.53,51.013167201353944,2178300,0.0000,1.0
2013-02-20,137.76,138.0,134.68,134.72,49.97087097626993,3514200,0.0000,1.0
2013-02-21,134.36,134.85,133.881,134.25,49.79653673221673,2405500,0.0000,1.0
2013-02-22,134.53,136.28,134.01,136.02,50.45307207684261,1497500,0.0000,1.0
2013-02-25,136.6,137.6,133.15,133.18,49.399648134053066,2115800,0.0000,1.0
2013-02-26,133.7,134.48,132.79,133.94,49.93748782315336,1840800,0.6900,1.0
2013-02-27,133.95,137.26,133.45,136.71,50.97024010977525,2300700,0.0000,1.0
2013-02-28,137.15,138.51,136.44,137.11,51.119374013980575,2789900,0.0000,1.0
2013-03-01,136.41,137.55,135.501,136.57,50.91804324330337,1529400,0.0000,1.0
2013-03-04,136.27,138.54,136.08,138.35,51.58168911701708,1591300,0.0000,1.0
2013-03-05,139.11,139.76,138.22,139.08,51.853858492191804,1665400,0.0000,1.0
2013-03-06,140.0,140.84,138.37,138.96,51.8091183209302,1483300,0.0000,1.0
2013-03-07,138.89,139.23,136.25,137.02,51.08581888553437,1891200,0.0000,1.0
2013-03-08,137.65,139.13,137.0,138.7,51.712181283196735,1333000,0.0000,1.0
2013-03-11,138.77,139.99,138.73,139.69,52.081287696104916,1277100,0.0000,1.0
2013-03-12,140.0,140.1699,138.3,139.0,51.824031711350734,1165800,0.0000,1.0
2013-03-13,138.86,139.8,138.12,139.56,52.03281917723819,1238700,0.0000,1.0
2013-03-14,140.0,141.12,139.5201,141.0,52.56970123237736,1572400,0.0000,1.0
2013-03-15,140.36,141.78,140.15,141.69,52.82695721713155,2444300,0.0000,1.0
2013-03-18,139.9,141.565,139.82,140.21,52.275161771571845,2076900,0.0000,1.0
2013-03-19,140.23,140.772,138.78,139.58,52.04027587244846,1888600,0.0000,1.0
2013-03-20,140.75,140.96,138.7,139.13,51.87250023021746,1984700,0.0000,1.0
2013-03-21,138.25,139.25,137.725,138.37,51.58914581222734,2255900,0.0000,1.0
2013-03-22,138.73,139.33,138.07,139.14,51.876228577822594,1818700,0.0000,1.0
2013-03-25,139.96,140.26,136.9,137.19,51.14920079482163,2328900,0.0000,1.0
2013-03-26,138.28,139.72,138.02,139.48,52.00299239639712,1594600,0.0000,1.0
2013-03-27,138.61,140.92,138.22,140.83,52.5063193230901,1952600,0.0000,1.0
2013-03-28,141.1,143.0,140.82,142.41,53.09539824470114,2083100,0.0000,1.0
2013-04-01,142.41,142.97,139.92,140.1,52.23414994791538,1367500,0.0000,1.0
2013-04-02,141.02,142.66,140.44,140.82,52.502590975484964,2033900,0.0000,1.0
2013-04-03,140.82,141.38,138.35,138.84,51.7643781496686,2222800,0.0000,1.0
2013-04-04,138.59,138.815,136.86,138.46,51.622700940673546,2626500,0.0000,1.0
2013-04-05,136.29,138.79,136.0,138.54,51.6525277215146,1930600,0.0000,1.0
2013-04-08,138.4,139.96,138.27,139.62,52.05518926286899,1261100,0.0000,1.0
2013-04-09,140.03,140.65,138.88,139.73,52.09620108652545,1343700,0.0000,1.0
2013-04-10,140.0,141.55,139.815,141.3,52.68155166053136,1714000,0.0000,1.0
2013-04-11,141.73,142.42,140.49,141.4,52.71883513658269,1814000,0.0000,1.0
2013-04-12,141.4,142.37,140.51,141.27,52.67036661771596,1817200,0.0000,1.0
2013-04-15,140.46,140.52,135.75,135.76,50.61604708728759,2529500,0.0000,1.0
2013-04-16,137.01,139.84,136.87,139.61,52.05146091526386,2095700,0.0000,1.0
2013-04-17,138.77,138.91,136.17,136.94,51.0559921046933,2756900,0.0000,1.0
2013-04-18,140.46,143.63,139.82,142.46,53.1140399827268,3906100,0.0000,1.0
2013-04-19,143.23,146.04,142.46,145.85,54.37794982086694,2692100,0.0000,1.0
2013-04-22,146.05,148.2,145.27,147.44,54.970757090083104,2466100,0.0000,1.0
2013-04-23,147.95,148.39,146.34,147.43,54.96702874247798,1979800,0.0000,1.0
2013-04-24,147.83,148.1,146.11,147.3,54.91856022361125,1980900,0.0000,1.0
2013-04-25,148.13,149.27,147.44,148.22,55.261568203283495,1456600,0.0000,1.0
2013-04-26,148.42,148.71,147.33,147.52,55.000583870924174,963500,0.0000,1.0
2013-04-29,147.07,147.93,146.48,147.42,54.96330039487284,1574100,0.0000,1.0
2013-04-30,147.49,148.0,146.32,147.96,55.164631165550034,1702800,0.0000,1.0
2013-05-01,147.67,148.6,145.39,145.67,54.31083956397454,1315400,0.0000,1.0
2013-05-02,145.89,147.85,145.86,147.17,54.87009170474451,1507900,0.0000,1.0
2013-05-03,148.75,151.14,148.61,149.43,55.712698263504606,2003600,0.0000,1.0
2013-05-06,149.6,151.74,149.56,151.4,56.447182741715835,1504700,0.0000,1.0
2013-05-07,151.99,154.0,151.66,153.72,57.31215938610672,1843700,0.0000,1.0
2013-05-08,153.05,155.45,152.5,155.38,57.931065088558825,1788200,0.0000,1.0
2013-05-09,154.69,155.28,153.15,153.67,57.29351764808105,1706000,0.0000,1.0
2013-05-10,154.0,154.87,153.01,154.3,57.52840354720445,1142100,0.0000,1.0
2013-05-13,153.97,155.09,152.58,153.9,57.37926964299912,1148500,0.0000,1.0
2013-05-14,153.8,157.09,153.54,156.94,58.5126873149596,1670500,0.0000,1.0
2013-05-15,156.14,158.11,155.84,158.03,58.91907720391911,1365400,0.0000,1.0
2013-05-16,157.49,158.83,156.665,157.04,58.54997079101093,1351800,0.0000,1.0
2013-05-17,157.79,159.94,156.86,159.91,59.62000655368414,1540600,0.0000,1.0
2013-05-20,159.7,160.6,158.9,159.63,59.51561282074041,1534100,0.0000,1.0
2013-05-21,159.51,160.46,158.1,158.46,59.079396150939836,2001000,0.0000,1.0
2013-05-22,158.45,161.0,157.35,157.59,58.75502990929325,1864900,0.0000,1.0
2013-05-23,156.01,156.71,154.72,156.07,58.18832107331301,1723600,0.0000,1.0
2013-05-24,155.56,157.17,154.31,156.81,58.464218796092865,1343900,0.0000,1.0
2013-05-28,158.78,159.5799,157.231,157.74,58.81095512337025,1951000,0.0000,1.0
2013-05-29,156.2999,157.428,155.33,156.13,58.46794714369799,1367600,0.6900,1.0
2013-05-30,156.7,158.5,156.19,157.17,58.85740890652029,1403100,0.0000,1.0
2013-05-31,156.32,159.1,154.62,154.62,57.90247862267715,2119300,0.0000,1.0
2013-06-03,155.2,156.14,153.87,155.89,58.37807135227746,2085700,0.0000,1.0
2013-06-04,156.32,158.25,155.13,155.72,58.31440933335459,1648100,0.0000,1.0
2013-06-05,154.8,155.22,150.69,151.69,56.80524500241817,2398800,0.0000,1.0
2013-06-06,151.48,154.51,151.23,154.5,57.85754072696689,1719400,0.0000,1.0
2013-06-07,156.0,159.21,155.38,158.13,59.21691207220242,2363500,0.0000,1.0
2013-06-10,158.6,159.03,156.47,157.08,58.8237054847376,1139400,0.0000,1.0
2013-06-11,155.75,157.33,154.71,154.82,57.97737511552759,1537900,0.0000,1.0
2013-06-12,156.11,156.85,153.89,154.32,57.79013388340149,1150300,0.0000,1.0
2013-06-13,154.03,157.3799,153.36,156.95,58.77502276438481,1264300,0.0000,1.0
2013-06-14,156.7,159.11,156.11,157.02,58.80123653688247,1196200,0.0000,1.0
2013-06-17,158.07,158.2,155.0,155.97,58.40802994941764,1629100,0.0000,1.0
2013-06-18,156.17,158.1,155.59,157.95,59.14950522863702,1033100,0.0000,1.0
2013-06-19,157.63,158.2,155.64,155.66,58.29194038549945,1178700,0.0000,1.0
2013-06-20,154.06,154.81,152.43,153.18,57.36322387415397,2388000,0.0000,1.0
2013-06-21,154.52,154.52,151.32,152.69,57.17972746667038,2658100,0.0000,1.0
2013-06-24,150.6,151.08,148.445,149.34,55.92521121142547,2286100,0.0000,1.0
2013-06-25,151.01,153.97,150.05,153.42,57.45309966557449,2322400,0.0000,1.0
2013-06-26,154.88,156.89,154.695,156.3,58.531609162620875,2000500,0.0000,1.0
2013-06-27,157.05,157.64,155.18,155.34,58.17210599693875,2022600,0.0000,1.0
2013-06-28,154.94,156.169,154.23,154.28,57.7751545848314,2314700,0.0000,1.0
2013-07-01,155.65,157.15,155.14,155.42,58.20206459407892,1281000,0.0000,1.0
2013-07-02,155.27,156.96,154.4,155.2,58.11967845194343,1521600,0.0000,1.0
2013-07-03,154.58,155.73,153.66,155.3,58.157126698368664,856800,0.0000,1.0
2013-07-05,156.41,157.55,155.71,157.48,58.97349847043848,885500,0.0000,1.0
2013-07-08,157.59,157.85,155.21,156.25,58.51288503940826,1800000,0.0000,1.0
2013-07-09,157.24,160.27,157.24,159.41,59.69624962644525,1623700,0.0000,1.0
2013-07-10,159.01,159.01,156.91,157.63,59.029670840076314,1856400,0.0000,1.0
2013-07-11,158.5,159.7,157.31,159.36,59.677525503232644,1804000,0.0000,1.0
2013-07-12,158.35,161.7,158.07,160.75,60.198056128543215,1559200,0.0000,1.0
2013-07-15,161.08,161.692,159.45,159.8,59.84229778750362,1446200,0.0000,1.0
2013-07-16,160.73,160.76,158.53,159.22,59.62509795823733,1372000,0.0000,1.0
2013-07-17,160.3,161.67,159.24,159.68,59.797359891793356,1570400,0.0000,1.0
2013-07-18,159.9,162.3,157.7,161.36,60.42649043173707,1907700,0.0000,1.0
2013-07-19,161.1,163.48,160.34,163.36,61.1754553602415,1688100,0.0000,1.0
2013-07-22,163.8,165.18,162.79,163.28,61.14549676310131,1441400,0.0000,1.0
2013-07-23,163.36,163.69,161.51,161.66,60.53883517101273,1402300,0.0000,1.0
2013-07-24,161.6,162.22,159.02,159.4,59.692504801802734,1783300,0.0000,1.0
2013-07-25,159.53,160.13,158.05,160.08,59.94715287749424,1446300,0.0000,1.0
2013-07-26,159.76,160.21,157.22,159.4,59.692504801802734,1284000,0.0000,1.0
2013-07-29,159.04,159.13,157.15,157.22,58.876133029732905,1668700,0.0000,1.0
2013-07-30,159.25,160.26,157.55,158.72,59.43785672611123,1643000,0.0000,1.0
2013-07-31,158.97,160.63,158.5,158.59,59.38917400575844,1537000,0.0000,1.0
2013-08-01,159.94,163.16,159.551,162.77,60.95451070633269,1715000,0.0000,1.0
2013-08-02,163.04,164.55,162.08,163.37,61.17920018488402,1261400,0.0000,1.0
2013-08-05,162.81,163.31,161.27,161.97,60.654924734930916,1087000,0.0000,1.0
2013-08-06,161.52,161.8,159.48,160.0,59.91719428035406,1542900,0.0000,1.0
2013-08-07,159.31,159.65,158.68,159.08,59.57267041324203,1530500,0.0000,1.0
2013-08-08,160.02,161.69,159.95,160.55,60.12315963569278,1174900,0.0000,1.0
2013-08-09,160.48,160.557,158.61,159.79,59.83855296286109,1259800,0.0000,1.0
2013-08-12,158.89,159.95,158.6,159.17,59.60637383502472,786600,0.0000,1.0
2013-08-13,159.19,161.17,158.72,160.19,59.98834594856198,921500,0.0000,1.0
2013-08-14,159.8,160.18,158.45,158.59,59.38917400575844,1029200,0.0000,1.0
2013-08-15,157.53,157.82,155.62,156.78,58.71136074546193,1406300,0.0000,1.0
2013-08-16,156.44,158.5099,156.09,157.93,59.14201557935198,1435300,0.0000,1.0
2013-08-19,157.77,158.02,156.38,156.48,58.59901600618627,1423300,0.0000,1.0
2013-08-20,156.52,157.75,155.65,156.44,58.58403670761618,1460200,0.0000,1.0
2013-08-21,156.5,156.8,154.51,154.87,57.99609923874021,1895000,0.0000,1.0
2013-08-22,155.3,158.89,155.3,158.6,59.39291883040096,1490800,0.0000,1.0
2013-08-23,158.79,158.79,156.93,158.06,59.19069829970476,1271900,0.0000,1.0
2013-08-26,158.15,158.2799,156.53,156.53,58.61774012939888,1136000,0.0000,1.0
2013-08-27,155.115,156.06,153.53,153.59,57.516761684497375,2263900,0.0000,1.0
2013-08-28,152.95,154.66,152.04,154.0,57.96614064160002,1672900,0.7900,1.0
2013-08-29,153.8,155.16,153.63,154.15,58.02260116819899,1457100,0.0000,1.0
2013-08-30,154.7,155.33,153.07,153.54,57.79299502669654,1286900,0.0000,1.0
2013-09-03,154.9,155.81,152.62,153.74,57.86827572882849,1461100,0.0000,1.0
2013-09-04,153.71,155.94,153.64,155.31,58.459229240564284,1144700,0.0000,1.0
2013-09-05,155.12,156.88,155.12,156.12,58.764116084198676,918600,0.0000,1.0
2013-09-06,156.52,157.4,154.81,154.92,58.31243187140698,1686900,0.0000,1.0
2013-09-09,155.65,157.03,154.94,156.63,58.95608187463514,1328700,0.0000,1.0
2013-09-10,157.62,158.13,157.21,157.25,59.18945205124418,1684900,0.0000,1.0
2013-09-11,158.12,158.54,156.93,157.25,59.18945205124418,2253700,0.0000,1.0
2013-09-12,157.25,157.45,154.95,155.0,58.34254415225976,1922200,0.0000,1.0
2013-09-13,154.96,155.46,154.14,154.75,58.24844327459483,2325600,0.0000,1.0
2013-09-16,156.92,157.22,156.08,156.36,58.85445292675701,1935600,0.0000,1.0
2013-09-17,155.97,157.76,155.57,157.44,59.26096871826953,1358100,0.0000,1.0
2013-09-18,157.41,160.15,156.76,159.5,60.036359950228594,1911400,0.0000,1.0
2013-09-19,160.36,161.63,160.0,160.87,60.55203275983244,2015500,0.0000,1.0
2013-09-20,160.66,161.91,159.39,159.55,60.05518012576159,1952400,0.0000,1.0
2013-09-23,159.09,159.43,157.78,159.22,59.93096696724387,1524300,0.0000,1.0
2013-09-24,159.0,160.29,158.04,159.24,59.938495037457066,1461500,0.0000,1.0
2013-09-25,159.34,159.36,157.37,157.46,59.26849678848273,1503600,0.0000,1.0
2013-09-26,157.3,158.3199,157.18,157.95,59.452934508705994,927400,0.0000,1.0
2013-09-27,157.42,157.7,155.73,156.59,58.94102573420875,1672900,0.0000,1.0
2013-09-30,155.03,157.03,154.65,155.34,58.47052134588408,2029000,0.0000,1.0
2013-10-01,155.46,157.59,155.33,156.68,58.97490205016813,1769900,0.0000,1.0
2013-10-02,156.11,156.5,154.76,156.13,58.76788011930527,2397300,0.0000,1.0
2013-10-03,156.12,156.17,154.362,155.38,58.48557748631046,1851500,0.0000,1.0
2013-10-04,153.55,154.5999,153.4,153.9,57.92850029053405,4186100,0.0000,1.0
2013-10-07,152.92,153.84,152.4701,152.73,57.48810818306215,1902400,0.0000,1.0
2013-10-08,152.87,154.12,152.0,152.17,57.277322217092696,1832900,0.0000,1.0
2013-10-09,152.61,153.05,151.66,152.41,57.36765905965103,1793100,0.0000,1.0
2013-10-10,153.96,157.35,153.53,157.13,59.14428362996501,2107800,0.0000,1.0
2013-10-11,157.04,158.07,156.54,157.37,59.23462047252335,1577000,0.0000,1.0
2013-10-14,156.36,157.53,156.01,157.26,59.19321608635077,1196400,0.0000,1.0
2013-10-15,157.04,157.455,156.22,156.31,58.835632751224026,1454300,0.0000,1.0
2013-10-16,157.15,157.99,155.91,157.16,59.1555757352848,1805300,0.0000,1.0
2013-10-17,156.5,156.74,150.43,151.16,56.89715467132636,7159200,0.0000,1.0
2013-10-18,152.0,153.62,151.37,152.1,57.25097397134651,6014400,0.0000,1.0
2013-10-21,152.1,154.11,152.07,153.9,57.92850029053405,2913600,0.0000,1.0
2013-10-22,154.26,156.55,153.9401,154.73,58.24091520438163,3293800,0.0000,1.0
2013-10-23,154.64,155.46,153.36,154.9,58.304903801193795,2777300,0.0000,1.0
2013-10-24,155.15,155.4,153.8,154.15,58.02260116819899,2568300,0.0000,1.0
2013-10-25,154.18,154.23,152.31,152.36,57.34883888411805,2857000,0.0000,1.0
2013-10-28,152.59,152.75,152.01,152.09,57.24720993623992,2368700,0.0000,1.0
2013-10-29,152.39,152.7999,149.9,150.57,56.67507660003711,3212200,0.0000,1.0
2013-10-30,149.73,151.2,149.23,150.59,56.682604670250306,4217200,0.0000,1.0
2013-10-31,150.68,152.27,150.3,151.4,56.9874915138847,2762700,0.0000,1.0
2013-11-01,152.11,153.15,151.43,152.77,57.50316432348855,2693400,0.0000,1.0
2013-11-04,153.71,153.94,153.235,153.76,57.875803799041684,1988900,0.0000,1.0
2013-11-05,153.26,153.59,152.96,153.21,57.66878186817883,2473800,0.0000,1.0
2013-11-06,153.86,154.62,153.61,154.25,58.060241519264956,2215100,0.0000,1.0
2013-11-07,154.64,156.32,153.56,154.14,58.01883713309238,3132600,0.0000,1.0
2013-11-08,153.53,155.1,152.75,155.04,58.35760029268615,2505500,0.0000,1.0
2013-11-11,155.13,156.11,154.6,155.81,58.647430995894155,1736000,0.0000,1.0
2013-11-12,155.82,157.23,155.77,156.66,58.96737397995493,1984300,0.0000,1.0
2013-11-13,155.47,158.29,155.43,158.05,59.490574859771975,2085000,0.0000,1.0
2013-11-14,158.07,158.61,157.3,158.3,59.58467573743691,2533900,0.0000,1.0
2013-11-15,158.4,159.58,158.2,159.49,60.032595915122,1593700,0.0000,1.0
2013-11-18,159.59,159.91,158.78,159.3,59.96107924809665,1653800,0.0000,1.0
2013-11-19,159.05,159.6,157.431,158.1,59.509395035304955,1724100,0.0000,1.0
2013-11-20,158.72,159.44,157.77,158.57,59.68630468531504,1391700,0.0000,1.0
2013-11-21,158.91,161.85,158.05,160.78,60.51815644387306,3396600,0.0000,1.0
2013-11-22,161.27,162.09,160.54,162.02,60.984896797091146,1729600,0.0000,1.0
2013-11-25,162.01,162.83,161.77,161.98,60.96984065666475,1288900,0.0000,1.0
2013-11-26,162.11,162.469,161.15,161.63,60.83809942793384,1466600,0.0000,1.0
2013-11-27,162.13,163.22,161.31,162.84,61.29354767583213,1469200,0.0000,1.0
2013-11-29,162.55,163.15,161.4401,162.04,61.289783640725524,877600,0.7900,1.0
2013-12-02,162.12,164.48,162.12,163.53,61.85335916297115,2353300,0.0000,1.0
2013-12-03,163.15,163.6,161.84,162.46,61.4486438550498,1853600,0.0000,1.0
2013-12-04,162.07,162.86,160.02,161.39,61.04392854712844,1503600,0.0000,1.0
2013-12-05,162.75,163.45,161.79,162.37,61.41460238055174,1843800,0.0000,1.0
2013-12-06,163.9,165.14,163.0801,164.34,62.15973243345368,1732400,0.0000,1.0
2013-12-09,164.56,165.27,163.88,164.5,62.22025061033911,1776400,0.0000,1.0
2013-12-10,163.69,164.81,162.38,162.76,61.56211543670999,1753300,0.0000,1.0
2013-12-11,162.8,163.5,160.5,160.7,60.78294390931,2120400,0.0000,1.0
2013-12-12,160.5,161.83,160.17,160.97,60.885068332804174,1428300,0.0000,1.0
2013-12-13,161.33,162.33,160.46,160.75,60.8018558395867,1291600,0.0000,1.0
2013-12-16,161.37,162.63,161.275,161.7,61.16118251484397,1770300,0.0000,1.0
2013-12-17,161.84,161.84,160.6725,161.03,60.90776264913621,1490900,0.0000,1.0
2013-12-18,161.6,163.63,160.04,163.56,61.86470632113717,2330500,0.0000,1.0
2013-12-19,162.97,164.32,162.4111,164.19,62.10299664262357,1875600,0.0000,1.0
2013-12-20,164.23,164.88,163.25,163.6,61.87983586535853,3115900,0.0000,1.0
2013-12-23,163.51,165.13,163.04,164.95,62.390457982829396,1290700,0.0000,1.0
2013-12-24,164.86,166.0,164.17,165.64,62.651442620647835,769200,0.0000,1.0
2013-12-26,164.37,166.61,164.35,166.42,62.94646873296434,1173100,0.0000,1.0
2013-12-27,166.65,166.998,165.3,166.05,62.80652044891678,674100,0.0000,1.0
2013-12-30,166.1,166.71,165.33,166.05,62.80652044891678,920200,0.0000,1.0
2013-12-31,166.41,168.24,166.37,168.0,63.54408572970803,1427600,0.0000,1.0
2014-01-02,168.4,169.82,166.64,167.11,63.207453370782794,2346100,0.0000,1.0
2014-01-03,167.42,168.76,166.245,166.85,63.109111333343954,1205800,0.0000,1.0
2014-01-06,167.17,167.61,164.97,165.16,62.469888089991535,1870600,0.0000,1.0
2014-01-07,165.38,166.89,165.22,166.62,63.02211645407114,1567600,0.0000,1.0
2014-01-08,167.855,169.0,166.5,166.93,63.13937042178667,2231300,0.0000,1.0
2014-01-09,167.19,169.33,166.92,169.27,64.02444875873618,2266900,0.0000,1.0
2014-01-10,168.84,170.88,168.57,170.38,64.44429361087889,2544000,0.0000,1.0
2014-01-13,170.34,170.69,167.545,168.05,63.56299765998473,2265100,0.0000,1.0
2014-01-14,168.22,169.474,167.54,168.82,63.85424138624589,1572600,0.0000,1.0
2014-01-15,168.89,171.38,168.83,170.15,64.35729873160608,2175900,0.0000,1.0
2014-01-16,167.57,168.43,166.56,167.96,63.52895618548667,2418600,0.0000,1.0
2014-01-17,167.93,168.805,167.12,167.84,63.48356755282259,2378200,0.0000,1.0
2014-01-21,169.58,169.58,167.18,168.12,63.58947436237211,1549300,0.0000,1.0
2014-01-22,169.08,170.0,168.1,168.5,63.73320503247501,2627300,0.0000,1.0
2014-01-23,172.39,174.82,172.05,174.12,65.85890599557597,3676600,0.0000,1.0
2014-01-24,172.15,175.0,170.5,171.64,64.9208742538517,3533100,0.0000,1.0
2014-01-27,172.06,172.53,170.3,171.21,64.7582316534721,2729400,0.0000,1.0
2014-01-28,171.42,173.98,171.32,172.8,65.35963103627113,2093600,0.0000,1.0
2014-01-29,172.16,173.18,171.19,171.95,65.03812822156723,2762800,0.0000,1.0
2014-01-30,174.75,177.0,174.33,176.23,66.65698945325265,2678700,0.0000,1.0
2014-01-31,174.68,175.82,173.175,174.24,65.90429462824004,2517000,0.0000,1.0
2014-02-03,174.6,175.81,171.12,171.74,64.95869811440511,3402500,0.0000,1.0
2014-02-04,173.07,173.662,171.44,173.25,65.5298384087614,2027500,0.0000,1.0
2014-02-05,172.59,173.36,171.2,172.63,65.29533047333034,2174400,0.0000,1.0
2014-02-06,172.9,175.61,172.72,175.12,66.23714460110995,1999100,0.0000,1.0
2014-02-07,175.79,177.58,175.48,176.9,66.91040931896042,2313600,0.0000,1.0
2014-02-10,176.65,176.78,174.56,174.78,66.10854347522839,2582700,0.0000,1.0
2014-02-11,175.23,178.78,175.06,177.7,67.2130002033876,2701600,0.0000,1.0
2014-02-12,177.89,179.38,177.33,178.85,67.64797459975166,1634500,0.0000,1.0
2014-02-13,177.68,179.19,177.45,178.64,67.56854449258952,1437000,0.0000,1.0
2014-02-14,178.94,180.49,178.201,180.14,68.1359024008905,1908600,0.0000,1.0
2014-02-18,180.24,180.395,177.33,178.3,67.439943366708,2875600,0.0000,1.0
2014-02-19,177.38,178.36,175.57,175.87,66.52082355526042,1888400,0.0000,1.0
2014-02-20,176.07,178.49,176.01,177.87,67.27730076632838,2138100,0.0000,1.0
2014-02-21,178.5,180.2,178.09,179.12,67.75009902324585,2051700,0.0000,1.0
2014-02-24,179.22,181.28,178.9,179.61,67.9354359399575,1641400,0.0000,1.0
2014-02-25,179.97,180.08,178.03,178.7,67.59123880892157,1397400,0.0000,1.0
2014-02-26,178.0,179.0,176.76,177.21,67.37186041771189,1687400,0.9100,1.0
2014-02-27,176.89,179.07,176.77,178.5,67.86229380148733,1475600,0.0000,1.0
2014-02-28,178.79,181.17,178.21,180.38,68.57703392667946,2387100,0.0000,1.0
2014-03-03,179.17,179.94,178.29,179.51,68.24627652831927,1928700,0.0000,1.0
2014-03-04,181.8,184.83,181.14,183.85,69.89626171094368,2477700,0.0000,1.0
2014-03-05,184.31,185.98,183.79,184.34,70.08255036059482,2215900,0.0000,1.0
2014-03-06,184.6,187.09,184.305,185.86,70.66042535543102,1823100,0.0000,1.0
2014-03-07,186.58,188.59,186.05,187.57,71.31053472462173,1909200,0.0000,1.0
2014-03-10,187.27,187.54,185.5,186.22,70.79729048578695,1838900,0.0000,1.0
2014-03-11,186.52,186.685,185.31,185.77,70.62620907284203,1427900,0.0000,1.0
2014-03-12,184.89,187.57,184.31,187.54,71.29912929709207,1657400,0.0000,1.0
2014-03-13,187.96,189.46,185.46,185.86,70.66042535543102,2383100,0.0000,1.0
2014-03-14,185.46,186.43,184.2,185.14,70.38669509471913,1927600,0.0000,1.0
2014-03-17,186.48,187.88,185.96,187.37,71.23449854109066,1732200,0.0000,1.0
2014-03-18,187.7,189.995,187.25,189.4,72.0062658039311,1770500,0.0000,1.0
2014-03-19,189.84,190.25,186.22,186.85,71.03680446390985,2078800,0.0000,1.0
2014-03-20,186.44,188.75,185.86,188.73,71.75154458910198,1635600,0.0000,1.0
2014-03-21,189.98,190.48,187.06,187.33,71.21929130438444,2868000,0.0000,1.0
2014-03-24,187.65,188.56,185.544,188.0,71.47401251921355,2056700,0.0000,1.0
2014-03-25,188.47,189.31,186.98,186.98,71.08622798320505,2153400,0.0000,1.0
2014-03-26,187.86,188.09,184.3,184.31,70.07114493306516,2327700,0.0000,1.0
2014-03-27,183.56,185.25,182.85,183.31,69.69096401540976,2133200,0.0000,1.0
2014-03-28,183.8,184.9,183.52,184.75,70.23842453683352,1591000,0.0000,1.0
2014-03-31,185.79,188.66,185.09,187.66,71.34475100721072,1631600,0.0000,1.0
2014-04-01,188.38,188.54,186.67,188.44,71.64129212298192,1340500,0.0000,1.0
2014-04-02,188.36,189.98,188.15,189.08,71.88460791028137,1824200,0.0000,1.0
2014-04-03,189.77,189.77,187.7,189.17,71.91882419287035,1412300,0.0000,1.0
2014-04-04,189.69,190.0,187.5,188.05,71.49302156509633,1653100,0.0000,1.0
2014-04-07,187.8,188.38,185.51,186.25,70.80869591331661,1424500,0.0000,1.0
2014-04-08,185.82,186.71,184.68,185.33,70.45892946907365,2111300,0.0000,1.0
2014-04-09,185.82,187.02,184.59,186.57,70.93035380696634,1743500,0.0000,1.0
2014-04-10,186.68,187.26,183.5,183.58,69.79361286317672,1741500,0.0000,1.0
2014-04-11,182.41,183.74,180.85,181.07,68.83935875986168,3041100,0.0000,1.0
2014-04-14,182.62,183.48,180.72,182.1,69.23094510504674,2268500,0.0000,1.0
2014-04-15,182.42,185.84,182.29,185.53,70.53496565260474,3274500,0.0000,1.0
2014-04-16,185.44,188.54,184.51,188.15,71.53103965686186,3635900,0.0000,1.0
2014-04-17,182.51,190.03,182.31,189.59,72.07850017828562,3126300,0.0000,1.0
2014-04-21,190.0,191.985,189.61,191.54,72.81985296771363,2070700,0.0000,1.0
2014-04-22,192.04,194.155,191.661,192.05,73.01374523571789,2334100,0.0000,1.0
2014-04-23,192.05,192.62,191.2,191.9,72.95671809806957,1491200,0.0000,1.0
2014-04-24,192.3,192.55,190.01,190.58,72.45487928676447,1365500,0.0000,1.0
2014-04-25,190.6,190.6,187.41,187.78,71.39037271732936,2216300,0.0000,1.0
2014-04-28,188.76,189.27,186.7204,187.93,71.44739985497768,2128300,0.0000,1.0
2014-04-29,188.35,190.08,187.8,189.89,72.19255445358223,1687700,0.0000,1.0
2014-04-30,189.91,191.21,189.8,190.43,72.39785214911615,1533700,0.0000,1.0
2014-05-01,190.3,191.2496,188.73,188.8,71.77815725333787,1328300,0.0000,1.0
2014-05-02,188.98,189.455,187.83,188.0,71.47401251921355,1878800,0.0000,1.0
2014-05-05,187.74,188.42,186.81,187.75,71.3789672897997,1847800,0.0000,1.0
2014-05-06,187.5,188.27,187.16,187.3,71.20788587685477,2148100,0.0000,1.0
2014-05-07,187.62,188.87,186.85,188.35,71.60707584039294,2655900,0.0000,1.0
2014-05-08,188.37,189.83,187.905,188.71,71.74394097074888,1890100,0.0000,1.0
2014-05-09,188.45,189.95,187.69,189.32,71.97585133051867,1661600,0.0000,1.0
2014-05-12,189.54,191.71,189.54,191.63,72.85406925030262,1962500,0.0000,1.0
2014-05-13,192.03,194.14,191.955,192.9,73.33689901572497,1624700,0.0000,1.0
2014-05-14,192.9,193.2799,191.32,192.21,73.07457418254275,1446400,0.0000,1.0
2014-05-15,191.88,192.2,190.46,191.12,72.66017698229837,1485800,0.0000,1.0
2014-05-16,191.97,195.25,191.97,195.16,74.19610788962615,2944500,0.0000,1.0
2014-05-19,195.26,195.78,194.14,195.59,74.35958568421798,1605300,0.0000,1.0
2014-05-20,195.55,196.38,193.2,193.87,73.7056745058507,1827000,0.0000,1.0
2014-05-21,194.58,196.03,194.44,195.25,74.23032417221513,1544300,0.0000,1.0
2014-05-22,195.0,195.94,193.97,195.3,74.2493332180979,1172400,0.0000,1.0
2014-05-23,195.8,197.13,195.5004,196.26,74.61430689904708,1061700,0.0000,1.0
2014-05-27,197.09,197.8,196.52,197.09,74.92985706070105,1218000,0.0000,1.0
2014-05-28,197.16,197.73,196.27,196.37,74.65612679998918,1633700,0.0000,1.0
2014-05-29,197.02,197.94,196.49,197.8,75.19978551223639,1333400,0.0000,1.0
2014-05-30,197.35,199.46,196.89,199.27,75.75865146118981,2269900,0.0000,1.0
2014-06-02,199.36,199.62,198.0,199.17,75.72063336942426,1312800,0.0000,1.0
2014-06-03,199.0,199.18,196.91,197.39,75.04391133599766,1422800,0.0000,1.0
2014-06-04,197.39,198.24,197.25,197.83,75.21119093976606,1177400,0.0000,1.0
2014-06-05,197.81,201.29,197.81,200.34,76.16544504308108,1744600,0.0000,1.0
2014-06-06,201.36,202.62,200.23,201.86,76.74332003791727,2052400,0.0000,1.0
2014-06-09,101.87,102.2,100.82,102.14,77.66335785864332,1683200,0.0000,2.0
2014-06-10,102.88,102.96,101.3501,102.42,77.87625917253034,3328500,0.0000,1.0
2014-06-11,102.06,102.31,101.3,102.18,77.69377233205576,2491500,0.0000,1.0
2014-06-12,101.76,101.95,100.43,100.67,76.89159059580288,3307900,0.4550,1.0
2014-06-13,100.68,101.24,100.33,100.9,77.06726424075207,1837800,0.0000,1.0
2014-06-16,100.25,100.62,99.621,99.81,76.23472392338418,3152500,0.0000,1.0
2014-06-17,99.94,100.0,99.28,99.37,75.89865260261183,3537200,0.0000,1.0
2014-06-18,99.535,100.96,99.48,100.67,76.89159059580288,3585900,0.0000,1.0
2014-06-19,100.68,101.44,100.54,101.03,77.16655804007118,2523600,0.0000,1.0
2014-06-20,101.06,101.35,100.86,101.08,77.20474796288622,4876500,0.0000,1.0
2014-06-23,101.18,101.195,100.38,100.69,76.90686656492889,2715700,0.0000,1.0
2014-06-24,100.34,101.2,99.63,99.68,76.13543012406508,2482400,0.0000,1.0
2014-06-25,99.63,100.36,99.63,100.09,76.44858749114842,2545200,0.0000,1.0
2014-06-26,100.21,100.3,99.16,99.57,76.05141229387198,3127600,0.0000,1.0
2014-06-27,99.57,99.94,99.16,99.64,76.10487818581305,3244200,0.0000,1.0
2014-06-30,99.54,100.84,99.54,99.75,76.18889601600613,3773600,0.0000,1.0
2014-07-01,99.96,100.68,99.77,100.1,76.4562254757114,3365400,0.0000,1.0
2014-07-02,100.045,100.78,99.91,100.07,76.4333115220224,3471100,0.0000,1.0
2014-07-03,100.19,101.09,100.18,100.98,77.12836811725613,2461400,0.0000,1.0
2014-07-07,101.2,101.2,99.71,100.26,76.57843322871955,2914100,0.0000,1.0
2014-07-08,100.02,100.3385,99.53,100.09,76.44858749114842,2022200,0.0000,1.0
2014-07-09,100.54,101.0,100.2,100.61,76.84576268842483,1782900,0.0000,1.0
2014-07-10,99.6,99.98,99.27,99.61,76.08196423212402,2436400,0.0000,1.0
2014-07-11,99.66,100.43,99.55,100.27,76.58607121328255,2086600,0.0000,1.0
2014-07-14,100.74,101.35,100.73,101.09,77.21238594744922,2261500,0.0000,1.0
2014-07-15,100.67,101.64,100.59,101.37,77.42624951521346,2659500,0.0000,1.0
2014-07-16,101.88,102.0,101.25,101.78,77.73940688229679,2164800,0.0000,1.0
2014-07-17,100.97,101.73,100.44,100.45,76.7235549354167,2218200,0.0000,1.0
2014-07-18,100.7,101.35,100.37,101.34,77.40333556152443,3189800,0.0000,1.0
2014-07-21,101.32,101.89,100.86,101.64,77.63247509841467,2746600,0.0000,1.0
2014-07-22,101.87,102.98,101.75,102.86,78.56430921510166,2861500,0.0000,1.0
2014-07-23,102.97,103.25,101.77,102.51,78.29697975539638,3554000,0.0000,1.0
2014-07-24,101.39,102.2,100.6,101.77,77.73176889773377,3283600,0.0000,1.0
2014-07-25,101.5,102.35,101.43,101.66,77.64775106754068,2337400,0.0000,1.0
2014-07-28,101.46,101.63,100.32,100.64,76.86867664211385,3160400,0.0000,1.0
2014-07-29,100.54,100.59,99.54,99.6,76.074326247561,4010700,0.0000,1.0
2014-07-30,100.15,100.31,98.96,99.47,75.9750324482419,4676300,0.0000,1.0
2014-07-31,99.05,99.195,97.96,98.31,75.08902623893296,4492200,0.0000,1.0
2014-08-01,98.22,99.19,97.74,97.91,74.78350685641263,4207200,0.0000,1.0
2014-08-04,98.12,98.55,97.47,98.29,75.07375026980695,4540500,0.0000,1.0
2014-08-05,97.87,98.75,97.4,97.96,74.82169677922766,3166300,0.0000,1.0
2014-08-06,97.13,98.02,96.76,97.51,74.47798747389231,3295000,0.0000,1.0
2014-08-07,98.0,98.46,97.2701,97.48,74.45507352020329,2340200,0.0000,1.0
2014-08-08,97.4,98.7,97.048,98.64,75.34107972951223,2415400,0.0000,1.0
2014-08-11,99.1,100.32,99.0,99.57,76.05141229387198,3019400,0.0000,1.0
2014-08-12,99.69,100.28,99.27,99.67,76.12779213950206,562769,0.0000,1.0
2014-08-13,99.94,100.69,99.87,100.57,76.8152107501728,449058,0.0000,1.0
2014-08-14,100.92,101.73,100.7,101.73,77.70121695948174,2664800,0.0000,1.0
2014-08-15,102.16,102.28,101.16,101.99,77.89980455811995,2920800,0.0000,1.0
2014-08-18,102.74,104.07,102.35,103.79,79.27464177946142,3812900,0.0000,1.0
2014-08-19,104.39,104.75,104.14,104.39,79.73292085324191,2357800,0.0000,1.0
2014-08-20,104.68,105.87,104.4001,105.57,80.63420303167686,3478900,0.0000,1.0
2014-08-21,106.11,106.3,105.41,105.86,80.8557045840041,2350800,0.0000,1.0
2014-08-22,105.78,106.34,105.58,105.77,80.78696272293702,2306000,0.0000,1.0
2014-08-25,106.2,106.23,105.47,105.64,80.68766892361792,2345000,0.0000,1.0
2014-08-26,106.04,106.08,105.115,105.56,80.62656504711386,3195400,0.0000,1.0
2014-08-27,105.48,105.65,104.84,105.3,80.80987667662606,1904700,0.5000,1.0
2014-08-28,105.07,105.1499,104.54,105.04,80.6103461169307,1786300,0.0000,1.0
2014-08-29,105.03,105.36,104.56,105.27,80.78685391973814,1936500,0.0000,1.0
2014-09-02,105.7,106.55,105.49,106.21,81.50823363555986,3225100,0.0000,1.0
2014-09-03,106.67,107.38,106.1603,106.6,81.80752947510292,2842000,0.0000,1.0
2014-09-04,106.77,108.74,106.65,107.25,82.30635587434136,4582100,0.0000,1.0
2014-09-05,107.22,107.881,106.81,107.69,82.6440229753643,3660500,0.0000,1.0
2014-09-08,107.65,107.9,107.33,107.46,82.46751517255684,2052200,0.0000,1.0
2014-09-09,107.61,107.94,107.2,107.47,82.47518942485283,1901700,0.0000,1.0
2014-09-10,107.42,107.78,106.905,107.38,82.40612115418904,1696200,0.0000,1.0
2014-09-11,106.98,107.86,106.75,107.71,82.65937147995625,1640800,0.0000,1.0
2014-09-12,107.02,107.9,106.79,107.01,82.12217381923794,2091900,0.0000,1.0
2014-09-15,107.09,107.3,106.41,107.04,82.14519657612587,2925000,0.0000,1.0
2014-09-16,107.16,108.0,106.38,107.92,82.82053077817174,3591500,0.0000,1.0
2014-09-17,108.35,110.25,108.28,109.58,84.09445665930375,3439900,0.0000,1.0
2014-09-18,109.74,110.26,109.32,109.4,83.95632011797618,2913600,0.0000,1.0
2014-09-19,109.97,110.14,109.015,109.36,83.92562310879227,4336300,0.0000,1.0
2014-09-22,109.52,109.69,108.47,108.5,83.26563741133835,2351540,0.0000,1.0
2014-09-23,108.2,108.58,107.79,107.8,82.72843975062003,2660305,0.0000,1.0
2014-09-24,107.9,108.82,107.735,108.69,83.41144820496189,3120145,0.0000,1.0
2014-09-25,108.6,108.63,106.97,107.19,82.2603103605655,2706843,0.0000,1.0
2014-09-26,107.02,108.89,107.02,108.58,83.32703142970615,2043320,0.0000,1.0
2014-09-29,107.95,108.71,107.17,108.53,83.28866016822627,1928635,0.0000,1.0
2014-09-30,108.52,109.77,108.28,108.42,83.20424339297054,3339454,0.0000,1.0
2014-10-01,107.48,107.65,105.41,105.8,81.19358929142486,4517464,0.0000,1.0
2014-10-02,105.9,106.51,104.88,106.1,81.42381686030413,4719603,0.0000,1.0
2014-10-03,107.01,109.75,106.82,109.51,84.04073689323191,4014140,0.0000,1.0
2014-10-06,110.41,110.8375,108.72,109.29,83.87190334272044,2650338,0.0000,1.0
2014-10-07,108.5,108.64,106.3,106.37,81.63102167229549,3151109,0.0000,1.0
2014-10-08,106.67,108.12,104.81,108.02,82.8972733011315,4438592,0.0000,1.0
2014-10-09,108.08,108.32,105.24,105.34,80.84057368580997,3731943,0.0000,1.0
2014-10-10,105.5,105.58,101.2,101.34,77.77087276741962,7640692,0.0000,1.0
2014-10-13,102.99,104.235,97.8409,98.08,75.26906651893147,8013770,0.0000,1.0
2014-10-14,98.55,101.3,98.18,100.16,76.86531099649446,6940246,0.0000,1.0
2014-10-15,98.75,100.23,96.17,99.7,76.51229539087957,6407177,0.0000,1.0
2014-10-16,98.22,105.27,98.0,104.03,79.83524663503712,9242819,0.0000,1.0
2014-10-17,105.95,106.975,105.64,106.4,81.65404442918341,7120331,0.0000,1.0
2014-10-20,105.6,106.49,105.27,106.16,81.46986237407998,3816850,0.0000,1.0
2014-10-21,107.29,108.92,107.14,108.86,83.54191049399347,3934669,0.0000,1.0
2014-10-22,108.53,109.12,106.705,106.86,82.0070600347983,5500812,0.0000,1.0
2014-10-23,111.84,112.65,110.17,112.23,86.12813351773735,6441826,0.0000,1.0
2014-10-24,112.81,114.62,111.89,114.58,87.93158280729168,4516396,0.0000,1.0
2014-10-27,114.39,114.94,113.37,114.79,88.09274210550718,3667711,0.0000,1.0
2014-10-28,115.09,116.47,115.05,116.18,89.15946317464783,3934929,0.0000,1.0
2014-10-29,116.31,117.07,114.31,114.97,88.23087864683474,4151833,0.0000,1.0
2014-10-30,114.93,115.93,114.08,115.0,88.25390140372267,3996301,0.0000,1.0
2014-10-31,116.3,117.1,115.61,116.45,89.36666798663917,3934506,0.0000,1.0
2014-11-03,116.57,116.57,114.9101,115.26,88.45343196341804,3934899,0.0000,1.0
2014-11-04,115.23,115.93,114.8,115.28,88.46878046801,4888807,0.0000,1.0
2014-11-05,116.02,116.42,115.18,116.41,89.33597097745526,4000914,0.0000,1.0
2014-11-06,116.85,119.15,116.59,118.94,91.27755680833717,4187187,0.0000,1.0
2014-11-07,118.94,119.66,118.21,118.75,91.13174601471363,3210247,0.0000,1.0
2014-11-10,119.3,121.29,119.15,120.9,92.78171025834844,4086161,0.0000,1.0
2014-11-11,121.03,121.82,120.505,121.24,93.04263483641162,2869445,0.0000,1.0
2014-11-12,121.29,121.32,120.05,120.71,92.6358994647249,3361145,0.0000,1.0
2014-11-13,120.41,121.5999,120.05,120.25,92.28288385911002,2882042,0.0000,1.0
2014-11-14,120.24,120.87,120.0,120.71,92.6358994647249,2598695,0.0000,1.0
2014-11-17,120.23,120.9476,119.808,120.32,92.33660362518184,2584958,0.0000,1.0
2014-11-18,120.62,121.16,120.12,120.62,92.56683119406112,2390695,0.0000,1.0
2014-11-19,120.56,120.61,119.65,120.5,92.4747401665094,2532753,0.0000,1.0
2014-11-20,119.82,120.98,119.68,120.91,92.78938451064441,2660498,0.0000,1.0
2014-11-21,122.17,122.79,121.22,121.85,93.51076422646615,5547170,0.0000,1.0
2014-11-24,122.49,123.369,122.4,122.91,94.3242349698396,2675687,0.0000,1.0
2014-11-25,122.77,123.61,122.4101,122.51,94.01726487800056,4050486,0.0000,1.0
2014-11-26,122.69,123.44,122.41,123.31,94.63120506167863,2377615,0.0000,1.0
2014-11-28,121.84,122.29,116.55,116.77,89.99595667490921,5684658,0.5000,1.0
2014-12-01,116.44,116.63,113.19,114.63,88.34663452637528,7102879,0.0000,1.0
2014-12-02,114.98,119.05,114.31,118.97,91.69152150050482,6429639,0.0000,1.0
2014-12-03,119.35,121.39,119.29,120.95,93.21752984354089,4917475,0.0000,1.0
2014-12-04,120.42,121.24,118.96,119.76,92.30038341515052,3433896,0.0000,1.0
2014-12-05,120.0,120.3,118.15,118.61,91.41406543813463,3210976,0.0000,1.0
2014-12-08,117.87,118.08,114.27,114.94,88.5855550245274,5616934,0.0000,1.0
2014-12-09,112.91,116.12,111.89,116.06,89.44875166301244,5580874,0.0000,1.0
2014-12-10,115.91,116.339,112.98,113.69,87.62216591907534,4592425,0.0000,1.0
2014-12-11,113.98,115.81,113.48,114.35,88.13083536675403,3930934,0.0000,1.0
2014-12-12,113.63,115.75,112.5,112.55,86.74355505490307,4823205,0.0000,1.0
2014-12-15,113.15,114.52,111.67,112.34,86.58170568518713,5395629,0.0000,1.0
2014-12-16,111.77,114.98,111.57,112.2,86.4738061053765,4826468,0.0000,1.0
2014-12-17,112.44,115.42,111.28,114.92,88.57014079884017,5537201,0.0000,1.0
2014-12-18,116.95,118.89,116.45,118.87,91.61445037206866,5279683,0.0000,1.0
2014-12-19,118.6,119.98,118.11,118.47,91.30616585832401,6126626,0.0000,1.0
2014-12-22,119.06,120.74,118.94,120.41,92.80134574998559,3186290,0.0000,1.0
2014-12-23,120.91,121.4,120.3,120.68,93.00943779676324,2206969,0.0000,1.0
2014-12-24,120.61,121.1,120.26,120.3,92.71656750870581,1001494,0.0000,1.0
2014-12-26,120.88,120.99,120.07,120.39,92.78593152429836,1668328,0.0000,1.0
2014-12-29,119.54,120.95,119.09,120.7,93.02485202245047,2006564,0.0000,1.0
2014-12-30,120.21,120.82,119.68,120.25,92.67803194448773,2274434,0.0000,1.0
2014-12-31,120.72,120.77,119.02,119.13,91.81483530600268,2355206,0.0000,1.0
2015-01-02,119.93,120.8,117.66,118.61,91.41406543813463,3084343,0.0000,1.0
2015-01-05,118.31,118.31,114.47,114.6,88.32351318784444,4608447,0.0000,1.0
2015-01-06,114.28,114.29,111.6601,112.23,86.49692744390734,6323925,0.0000,1.0
2015-01-07,113.16,113.8,111.8499,112.85,86.97476844021156,4008375,0.0000,1.0
2015-01-08,114.0,117.085,113.51,117.08,90.23487717306132,4844973,0.0000,1.0
2015-01-09,117.08,117.47,114.85,114.98,88.61638347590187,2984567,0.0000,1.0
2015-01-12,114.33,114.45,112.79,113.97,87.8379650786966,3273000,0.0000,1.0
2015-01-13,115.0,116.15,110.73,111.83,86.18864293016269,5543184,0.0000,1.0
2015-01-14,110.51,111.98,109.54,111.36,85.82640862651272,6226626,0.0000,1.0
2015-01-15,112.15,112.87,110.37,110.8,85.39481030727019,5655920,0.0000,1.0
2015-01-16,110.91,112.04,109.87,111.9,86.242592720068,8549567,0.0000,1.0
2015-01-20,112.53,114.42,112.15,113.95,87.82255085300937,5448352,0.0000,1.0
2015-01-21,114.55,116.07,113.78,114.4,88.16937093097211,4783077,0.0000,1.0
2015-01-22,117.25,120.9,117.02,119.83,92.35433320505584,6430415,0.0000,1.0
2015-01-23,121.0,122.19,119.34,120.09,92.55471813898987,5124092,0.0000,1.0
2015-01-26,120.51,121.87,119.65,121.33,93.5104001315983,3550765,0.0000,1.0
2015-01-27,119.16,121.62,118.76,120.86,93.14816582794833,3841791,0.0000,1.0
2015-01-28,121.68,122.09,119.09,119.15,91.83024953168993,4577675,0.0000,1.0
2015-01-29,119.39,120.336,117.575,120.09,92.55471813898987,3479456,0.0000,1.0
2015-01-30,119.2,119.92,117.13,117.21,90.33506964002832,4419094,0.0000,1.0
2015-02-02,118.13,119.06,116.7,119.01,91.7223499518793,3259569,0.0000,1.0
2015-02-03,120.18,122.0,119.8,121.79,93.86492732240467,3602274,0.0000,1.0
2015-02-04,120.66,121.36,119.92,120.44,92.82446708851644,3088143,0.0000,1.0
2015-02-05,121.39,123.11,121.03,122.85,94.681881283828,3365058,0.0000,1.0
2015-02-06,123.0,123.32,121.33,121.81,93.88034154809189,2973696,0.0000,1.0
2015-02-09,121.53,122.01,118.95,119.45,92.06146291699842,4231069,0.0000,1.0
2015-02-10,119.78,121.1,118.76,120.87,93.15587294079195,4028859,0.0000,1.0
2015-02-11,121.0,122.7,120.588,122.14,94.13467627193124,3384644,0.0000,1.0
2015-02-12,122.72,123.94,122.39,123.83,95.43717834250242,4134314,0.0000,1.0
2015-02-13,123.74,124.52,122.25,122.6,94.48920346273759,3369853,0.0000,1.0
2015-02-17,121.96,122.555,121.57,122.54,94.4429607856759,3523962,0.0000,1.0
2015-02-18,122.4,123.62,122.0201,123.35,95.06723692600882,2099942,0.0000,1.0
2015-02-19,122.85,123.82,121.84,121.96,93.99594824074613,2600587,0.0000,1.0
2015-02-20,121.7,123.7,120.44,123.66,95.30615742416093,3731768,0.0000,1.0
2015-02-23,123.79,123.9,122.6,123.75,95.37552143975348,2743419,0.0000,1.0
2015-02-24,122.93,123.36,122.13,122.69,94.55856747833013,3720302,0.0000,1.0
2015-02-25,122.5,123.1299,121.86,122.42,94.7743666379514,2495264,0.5500,1.0
2015-02-26,122.23,122.655,120.69,120.76,93.48923799378379,3108088,0.0000,1.0
2015-02-27,121.15,121.4,120.19,120.26,93.10215105276944,2775550,0.0000,1.0
2015-03-02,120.26,120.9999,120.05,120.75,93.4814962549635,3066342,0.0000,1.0
2015-03-03,120.09,120.38,117.8801,118.46,91.70863806511781,3825978,0.0000,1.0
2015-03-04,117.65,118.28,116.6,118.21,91.51509459461063,3919793,0.0000,1.0
2015-03-05,118.32,118.54,117.34,118.33,91.60799546045408,3345666,0.0000,1.0
2015-03-06,117.37,118.25,116.09,116.45,90.15254856224016,3326062,0.0000,1.0
2015-03-09,116.38,117.865,116.2,117.17,90.70995375730081,2605119,0.0000,1.0
2015-03-10,115.92,116.84,114.75,114.75,88.8364529627914,3990203,0.0000,1.0
2015-03-11,114.93,115.77,114.28,114.29,88.48033297705821,4271462,0.0000,1.0
2015-03-12,115.08,115.54,114.31,115.13,89.1306390379623,4850900,0.0000,1.0
2015-03-13,115.23,115.8,113.77,114.52,88.6583929699248,4150933,0.0000,1.0
2015-03-16,115.5,116.83,115.36,116.72,90.36157551038791,5110916,0.0000,1.0
2015-03-17,115.95,116.83,115.64,116.42,90.1293233457793,2602663,0.0000,1.0
2015-03-18,116.08,118.195,115.04,117.78,91.18219982533832,3614455,0.0000,1.0
2015-03-19,117.48,118.33,116.79,117.55,91.00413983247171,3466719,0.0000,1.0
2015-03-20,117.98,118.66,117.1,117.45,90.92672244426885,5060190,0.0000,1.0
2015-03-23,114.85,116.0,112.62,112.78,87.31133041519489,6682242,0.0000,1.0
2015-03-24,112.75,113.73,111.31,112.51,87.10230346704715,5632070,0.0000,1.0
2015-03-25,112.7,113.06,110.7,110.82,85.79394960641866,5448230,0.0000,1.0
2015-03-26,109.06,109.28,106.75,108.17,83.74238881904266,9370961,0.0000,1.0
2015-03-27,107.74,108.99,106.78,108.44,83.95141576719041,6203123,0.0000,1.0
2015-03-30,109.0,110.39,108.77,110.09,85.22880267253774,5191047,0.0000,1.0
2015-03-31,109.66,109.66,107.8,108.31,83.85077316252668,5534715,0.0000,1.0
2015-04-01,107.76,108.15,106.38,107.34,83.09982449695886,5279451,0.0000,1.0
2015-04-02,107.45,108.295,106.8375,107.13,82.93724798173282,4574599,0.0000,1.0
2015-04-06,106.34,107.54,106.25,106.38,82.35661757021131,5246380,0.0000,1.0
2015-04-07,106.93,108.45,106.39,107.84,83.4869114379732,6482205,0.0000,1.0
2015-04-08,107.7,108.81,107.66,108.13,83.71142186376152,4434609,0.0000,1.0
2015-04-09,107.85,109.93,107.7,109.79,84.99655050792913,4418094,0.0000,1.0
2015-04-10,111.5,112.44,110.73,111.42,86.25845393563588,6516151,0.0000,1.0
2015-04-13,111.05,111.58,108.41,108.47,83.97464098365127,5280713,0.0000,1.0
2015-04-14,105.22,108.28,104.16,108.17,83.74238881904266,9157515,0.0000,1.0
2015-04-15,110.19,110.53,107.39,107.4,83.14627492988058,5331966,0.0000,1.0
2015-04-16,107.0,108.45,106.75,108.35,83.88174011780782,4514223,0.0000,1.0
2015-04-17,108.07,108.65,107.43,108.42,83.93593228954984,5438221,0.0000,1.0
2015-04-20,108.71,110.73,108.65,110.44,85.49976353124777,4584891,0.0000,1.0
2015-04-21,110.6,110.81,108.72,109.5,84.7720400821408,5504253,0.0000,1.0
2015-04-22,109.6,111.38,109.22,110.73,85.72427395703609,6226465,0.0000,1.0
2015-04-23,106.75,110.679,106.235,108.12,83.70368012494123,12011459,0.0000,1.0
2015-04-24,107.86,107.96,106.7,107.51,83.23143405690374,8473664,0.0000,1.0
2015-04-27,107.33,108.22,107.24,107.51,83.23143405690374,4663939,0.0000,1.0
2015-04-28,107.16,107.99,106.8,107.89,83.52562013207464,5029938,0.0000,1.0
2015-04-29,107.58,108.06,106.35,106.92,82.77467146650682,6084028,0.0000,1.0
2015-04-30,106.25,106.59,105.69,106.23,82.24049148790702,5478218,0.0000,1.0
2015-05-01,106.66,107.87,106.31,107.71,83.38626883330946,4747187,0.0000,1.0
2015-05-04,108.4,109.42,107.87,107.99,83.6030375202775,5384108,0.0000,1.0
2015-05-05,107.71,108.27,105.715,105.94,82.0159810621187,5050202,0.0000,1.0
2015-05-06,106.5,107.4,105.92,106.93,82.7824132053271,4836882,0.0000,1.0
2015-05-07,106.34,107.77,106.17,107.31,83.076599280498,3564071,0.0000,1.0
2015-05-08,108.38,108.64,107.28,107.44,83.17724188516172,3610207,0.0000,1.0
2015-05-11,107.22,108.0,106.68,106.75,82.64306190656194,3608888,0.0000,1.0
2015-05-12,106.33,106.615,105.74,105.77,81.88437150217382,4432993,0.0000,1.0
2015-05-13,105.7,105.7,101.95,102.39,79.26766378091688,11588519,0.0000,1.0
2015-05-14,102.19,102.8311,100.9,102.09,79.03541161630827,11174491,0.0000,1.0
2015-05-15,102.95,103.88,102.32,103.83,80.38247417103818,6397502,0.0000,1.0
2015-05-18,103.3,104.37,103.07,103.95,80.47537503688162,4351435,0.0000,1.0
2015-05-19,104.33,104.36,103.61,104.02,80.52956720862362,4913815,0.0000,1.0
2015-05-20,103.68,103.99,102.15,103.28,79.9566785359224,7409047,0.0000,1.0
2015-05-21,102.99,105.65,102.62,104.96,81.25729065773058,5942645,0.0000,1.0
2015-05-22,104.57,104.799,104.04,104.2,80.6689185073888,4025286,0.0000,1.0
2015-05-26,103.55,104.18,102.35,102.9,79.66249246075151,4894761,0.0000,1.0
2015-05-27,102.53,103.18,102.2,102.62,79.87151940889925,4013430,0.5500,1.0
2015-05-28,102.48,102.89,100.82,101.36,78.890832267453,6638580,0.0000,1.0
2015-05-29,101.08,101.46,99.87,100.91,78.54058685979363,8495190,0.0000,1.0
2015-06-01,101.16,102.2099,100.43,101.93,79.33447645048821,4577911,0.0000,1.0
2015-06-02,102.07,102.39,101.25,101.6,79.07762981820467,10335736,0.0000,1.0
2015-06-03,101.82,102.61,101.17,101.99,79.38117583817612,5650677,0.0000,1.0
2015-06-04,101.08,102.4491,101.08,101.74,79.18659505614313,6278728,0.0000,1.0
2015-06-05,101.8,102.85,101.5,102.28,79.60688954533438,5145265,0.0000,1.0
2015-06-08,102.13,102.2,100.46,100.71,78.38492223416725,4932798,0.0000,1.0
2015-06-09,100.42,100.94,99.47,99.7,77.598815874754,5617954,0.0000,1.0
2015-06-10,100.0,100.19,99.31,99.67,77.57546618091004,9531465,0.0000,1.0
2015-06-11,100.11,101.36,99.81,100.92,78.54837009107496,5895926,0.0000,1.0
2015-06-12,100.34,101.5,100.0,100.5,78.22147437725954,3972646,0.0000,1.0
2015-06-15,99.84,101.05,99.84,100.52,78.23704083982217,3077255,0.0000,1.0
2015-06-16,100.4,101.02,100.1603,100.52,78.23704083982217,3637657,0.0000,1.0
2015-06-17,100.88,101.52,100.1,101.18,78.75073410438927,4054675,0.0000,1.0
2015-06-18,101.48,102.83,101.2825,102.31,79.63023923917835,4513372,0.0000,1.0
2015-06-19,101.92,102.36,101.003,101.16,78.73516764182662,6235937,0.0000,1.0
2015-06-22,101.67,102.01,101.2,101.44,78.95309811770356,3751742,0.0000,1.0
2015-06-23,102.27,102.74,101.09,101.15,78.7273844105453,3959184,0.0000,1.0
2015-06-24,100.71,100.85,98.09,98.25,76.4702473389627,5628659,0.0000,1.0
2015-06-25,98.69,98.69,96.97,96.97,75.47399373495381,4567658,0.0000,1.0
2015-06-26,97.47,98.21,96.66,96.77,75.31832910932742,7649243,0.0000,1.0
2015-06-29,95.99,96.97,95.49,95.53,74.35320843044383,5681145,0.0000,1.0
2015-06-30,96.38,96.48,94.91,95.37,74.22867672994272,6388191,0.0000,1.0
2015-07-01,96.34,96.72,95.73,96.16,74.84355200116694,3771099,0.0000,1.0
2015-07-02,96.29,96.93,96.28,96.66,75.23271356523291,3290851,0.0000,1.0
2015-07-06,96.39,97.59,96.03,96.24,74.9058178514175,4840077,0.0000,1.0
2015-07-07,96.62,97.91,95.41,97.74,76.0733025436154,5250925,0.0000,1.0
2015-07-08,96.98,97.26,95.63,95.85,74.60227183144603,5455321,0.0000,1.0
2015-07-09,96.8,97.2092,96.11,96.25,74.91360108269882,4284910,0.0000,1.0
2015-07-10,97.12,98.15,97.0601,97.82,76.13556839386595,4236023,0.0000,1.0
2015-07-13,98.7,98.7,96.91,97.08,75.55960927904832,4311032,0.0000,1.0
2015-07-14,97.04,97.51,96.365,96.79,75.33389557189007,5793112,0.0000,1.0
2015-07-15,97.38,98.4,96.77,96.98,75.48177696623513,4566972,0.0000,1.0
2015-07-16,97.47,97.88,95.59,96.04,74.75015322579111,4501307,0.0000,1.0
2015-07-17,96.14,97.805,96.0,97.42,75.82423914261318,5176887,0.0000,1.0
2015-07-20,97.58,99.06,97.57,98.31,76.5169467266506,4525944,0.0000,1.0
2015-07-21,98.55,99.71,98.46,98.82,76.91389152199788,5072596,0.0000,1.0
2015-07-22,98.86,99.53,97.64,97.68,76.02660315592749,4581394,0.0000,1.0
2015-07-23,95.65,96.26,91.23,92.12,71.69912656351393,13654072,0.0000,1.0
2015-07-24,92.55,94.22,91.63,92.61,72.08050489629856,8015072,0.0000,1.0
2015-07-27,91.68,92.6,91.52,92.39,71.90927380810955,5857330,0.0000,1.0
2015-07-28,93.13,97.02,93.09,96.62,75.20158064010764,7542751,0.0000,1.0
2015-07-29,96.41,98.73,95.87,98.53,76.68817781483963,6109171,0.0000,1.0
2015-07-30,97.85,98.05,97.15,97.7,76.04216961849012,4527140,0.0000,1.0
2015-07-31,97.69,98.26,97.22,97.59,75.95655407439561,3924988,0.0000,1.0
2015-08-03,97.56,97.69,95.96,96.47,75.08483217088784,4137461,0.0000,1.0
2015-08-04,96.2,96.79,94.97,95.72,74.50108982478889,6053451,0.0000,1.0
2015-08-05,96.4,96.98,94.98,95.07,73.99517979150312,4625957,0.0000,1.0
2015-08-06,95.18,95.26,93.63,93.8,73.00670941877557,5661958,0.0000,1.0
2015-08-07,93.55,93.85,92.405,92.5,71.99488935220405,3543137,0.0000,1.0
2015-08-10,93.05,93.87,93.05,93.48,72.75764601777335,4878831,0.0000,1.0
2015-08-11,92.75,93.17,92.01,92.31,71.84700795785899,3965956,0.0000,1.0
2015-08-12,91.61,93.08,91.2601,92.82,72.24395275320627,3824460,0.0000,1.0
2015-08-13,92.64,93.03,92.12,92.7,72.15055397783044,3017291,0.0000,1.0
2015-08-14,92.32,93.0799,92.32,92.74,72.18168690295572,2277502,0.0000,1.0
2015-08-17,92.46,92.96,92.01,92.74,72.18168690295572,2777522,0.0000,1.0
2015-08-18,92.66,92.89,92.38,92.78,72.212819828081,3853412,0.0000,1.0
2015-08-19,92.25,93.09,91.88,92.16,71.73025948863919,3900438,0.0000,1.0
2015-08-20,90.62,90.85,89.32,89.32,69.5198218047445,8294254,0.0000,1.0
2015-08-21,88.36,88.89,86.41,86.45,67.28603442700584,9589484,0.0000,1.0
2015-08-24,81.18,85.19,79.31,82.66,64.3361897713858,10316405,0.0000,1.0
2015-08-25,85.2,85.25,80.51,80.56,62.70171120230874,9191945,0.0000,1.0
2015-08-26,82.625,84.31,81.73,84.1,65.4569750758958,12367532,0.0000,1.0
2015-08-27,84.78,86.33,84.14,86.28,67.58179721569599,10741535,0.5500,1.0
2015-08-28,86.23,87.19,86.008,86.89,68.0596008353248,5653838,0.0000,1.0
2015-08-31,86.9,87.08,85.73,85.74,67.15882351963111,5359375,0.0000,1.0
2015-09-01,83.7,84.5,83.0,83.38,65.31027181090323,5580926,0.0000,1.0
2015-09-02,84.48,85.12,83.16,85.11,66.66535420755545,6914751,0.0000,1.0
2015-09-03,85.94,86.37,85.49,85.7,67.12749213473744,6073778,0.0000,1.0
2015-09-04,85.0,85.75,84.45,84.78,66.4068702821825,5643358,0.0000,1.0
2015-09-08,87.0,88.03,86.5,87.86,68.81938691899686,8128382,0.0000,1.0
2015-09-09,88.35,89.07,86.77,86.95,68.10659791266534,5162201,0.0000,1.0
2015-09-10,86.9,87.58,86.5,87.1,68.22409060601669,4141862,0.0000,1.0
2015-09-11,87.08,87.08,85.74,86.12,67.45647167612121,5093920,0.0000,1.0
2015-09-14,86.52,86.52,85.53,85.73,67.1509906734077,4478180,0.0000,1.0
2015-09-15,86.18,88.1901,85.94,87.98,68.91338107367794,5070338,0.0000,1.0
2015-09-16,87.92,90.16,87.9,89.79,70.33112624011756,5988480,0.0000,1.0
2015-09-17,89.325,91.16,89.31,89.72,70.27629631655358,4501931,0.0000,1.0
2015-09-18,88.6,89.055,87.58,87.78,68.75672414920948,7384610,0.0000,1.0
2015-09-21,87.97,89.34,87.655,88.25,69.12486792171036,4682420,0.0000,1.0
2015-09-22,86.97,87.06,85.64,86.67,67.88727821840949,4766758,0.0000,1.0
2015-09-23,86.4,87.04,85.49,85.68,67.11182644229059,3441991,0.0000,1.0
2015-09-24,84.77,85.212,83.87,84.83,66.44603451329961,5545948,0.0000,1.0
2015-09-25,86.25,87.32,85.58,86.59,67.8246154486221,5357074,0.0000,1.0
2015-09-28,85.68,86.66,84.85,84.97,66.55569436042752,5428142,0.0000,1.0
2015-09-29,85.24,86.65,84.94,86.55,67.79328406372841,4937744,0.0000,1.0
2015-09-30,87.9,88.53,86.99,88.41,69.25019346128514,5187852,0.0000,1.0
2015-10-01,89.24,90.64,89.108,90.4,70.80892985974637,6920989,0.0000,1.0
2015-10-02,88.75,91.93,88.56,91.9,71.98385679325986,5341741,0.0000,1.0
2015-10-05,91.73,94.09,91.62,93.71,73.40160195969946,5263624,0.0000,1.0
2015-10-06,93.81,94.09,93.16,93.39,73.15095088054993,3810954,0.0000,1.0
2015-10-07,94.21,96.25,93.746,95.11,74.49820043097873,4273241,0.0000,1.0
2015-10-08,94.57,97.29,94.49,97.05,76.01777259832284,4140727,0.0000,1.0
2015-10-09,97.75,98.28,96.17,97.04,76.00993975209943,4439159,0.0000,1.0
2015-10-12,96.76,97.0,94.2,95.26,74.61569312433008,5480176,0.0000,1.0
2015-10-13,94.44,95.25,93.75,93.8,73.47209757571028,3549587,0.0000,1.0
2015-10-14,93.44,93.75,92.6,92.91,72.7749742618256,5326541,0.0000,1.0
2015-10-15,93.67,94.53,93.0,94.26,73.83240850198776,3276282,0.0000,1.0
2015-10-16,94.63,94.73,92.55,92.94,72.79847280049587,4585792,0.0000,1.0
2015-10-19,92.56,92.79,91.55,92.71,72.61831733735714,3991917,0.0000,1.0
2015-10-20,92.71,94.23,92.1401,93.74,73.42510049836973,3384710,0.0000,1.0
2015-10-21,94.3,94.88,93.19,93.41,73.16661657299677,4248748,0.0000,1.0
2015-10-22,96.51,97.565,95.54,97.01,75.98644121342915,6998685,0.0000,1.0
2015-10-23,97.42,98.26,96.16,96.92,75.91594559741834,4949090,0.0000,1.0
2015-10-26,96.62,97.185,95.01,95.17,74.54519750831926,4680555,0.0000,1.0
2015-10-27,94.2,94.2,90.22,90.24,70.6836043201716,9808612,0.0000,1.0
2015-10-28,90.75,91.39,89.1439,90.1,70.57394447304367,7342906,0.0000,1.0
2015-10-29,90.03,91.51,89.76,90.52,70.90292401442744,5298602,0.0000,1.0
2015-10-30,90.87,91.17,89.19,89.35,69.98648100628692,5603385,0.0000,1.0
2015-11-02,89.36,89.755,88.58,89.1,69.79065985070133,5365596,0.0000,1.0
2015-11-03,88.96,89.3399,88.48,88.7,69.47734600176442,4957828,0.0000,1.0
2015-11-04,89.2,89.44,87.85,88.19,69.07787084436983,4715516,0.0000,1.0
2015-11-05,88.29,88.51,87.0,87.21,68.31025191447434,6426735,0.0000,1.0
2015-11-06,87.0,87.21,85.465,85.98,67.34681182899328,6826516,0.0000,1.0
2015-11-09,85.73,89.1,83.99,86.17,67.49563590723832,9109032,0.0000,1.0
2015-11-10,85.67,86.31,84.495,84.84,66.45386735952303,5487290,0.0000,1.0
2015-11-11,85.48,85.48,84.11,84.37,66.08572358702214,4702396,0.0000,1.0
2015-11-12,83.83,84.81,83.15,83.95,65.75674404563836,5392822,0.0000,1.0
2015-11-13,83.55,85.09,83.52,83.78,65.62358565984016,4648017,0.0000,1.0
2015-11-16,83.59,84.57,83.1,84.35,66.07005789457529,3602631,0.0000,1.0
2015-11-17,84.37,85.95,83.12,85.1,66.65752136133203,5275200,0.0000,1.0
2015-11-18,85.74,87.75,85.62,87.11,68.23192345224011,5386861,0.0000,1.0
2015-11-19,87.08,87.23,85.95,87.04,68.17709352867615,6145522,0.0000,1.0
2015-11-20,87.52,88.05,86.5,86.74,67.94210814197345,4400779,0.0000,1.0
2015-11-23,86.86,87.48,84.91,85.11,66.66535420755545,4723226,0.0000,1.0
2015-11-24,84.93,85.29,84.63,84.8,66.42253597462933,5125974,0.0000,1.0
2015-11-25,84.43,84.95,84.27,84.63,66.72018413111941,3518610,0.5500,1.0
2015-11-27,84.65,84.96,84.46,84.5,66.61769536901325,2120102,0.0000,1.0
2015-11-30,84.84,84.95,83.94,83.95,66.18408906779482,6440188,0.0000,1.0
2015-12-01,83.95,85.0,83.12,84.4,66.53885785970081,5399527,0.0000,1.0
2015-12-02,84.19,84.37,81.68,82.08,64.70982764365216,7544366,0.0000,1.0
2015-12-03,82.14,82.3,78.76,79.2,62.439307375453836,11254361,0.0000,1.0
2015-12-04,77.37,78.625,77.03,78.31,61.737653542573106,11007013,0.0000,1.0
2015-12-07,78.15,78.62,76.7,77.29,60.9335109475862,9414287,0.0000,1.0
2015-12-08,76.34,76.69,74.78,75.6,59.601157040205926,8115302,0.0000,1.0
2015-12-09,75.03,77.8,74.94,77.54,61.13060472086731,9972284,0.0000,1.0
2015-12-10,77.54,78.62,77.31,77.45,61.05965096248611,6341037,0.0000,1.0
2015-12-11,77.03,77.95,76.38,77.28,60.92562719665496,6100395,0.0000,1.0
2015-12-14,77.5,77.97,76.42,76.88,60.610277159405186,7512050,0.0000,1.0
2015-12-15,77.57,77.74,76.12,76.41,60.23974086563671,7790272,0.0000,1.0
2015-12-16,77.1,79.02,76.84,78.91,62.21067859844775,5763599,0.0000,1.0
2015-12-17,78.72,79.49,77.3,77.33,60.965045951311176,5891654,0.0000,1.0
2015-12-18,76.82,76.83,75.28,75.43,59.46713327437479,10126400,0.0000,1.0
2015-12-21,75.99,76.43,75.02,75.49,59.51443577996224,5247884,0.0000,1.0
2015-12-22,76.06,77.59,75.87,77.06,60.75218467616759,5706495,0.0000,1.0
2015-12-23,77.84,79.13,77.57,78.77,62.10030608541033,6148698,0.0000,1.0
2015-12-24,78.79,79.1,78.5001,78.8,62.123957338204065,2327518,0.0000,1.0
2015-12-28,78.49,78.73,77.94,78.34,61.76130479536684,3958393,0.0000,1.0
2015-12-29,78.6,79.05,78.11,78.97,62.25798110403522,3505595,0.0000,1.0
2015-12-30,78.66,78.78,78.16,78.51,61.89532856119799,3685493,0.0000,1.0
2015-12-31,77.73,79.15,77.57,78.2,61.65093228232942,3754649,0.0000,1.0
2016-01-04,76.87,79.04,76.13,78.97,62.25798110403522,6902604,0.0000,1.0
2016-01-05,79.01,79.3406,77.3,78.21,61.658816033260656,6117372,0.0000,1.0
2016-01-06,76.75,77.19,74.24,74.83,58.99410821850013,8125141,0.0000,1.0
2016-01-07,73.39,74.19,72.424,73.08,57.614451805532404,9077532,0.0000,1.0
2016-01-08,73.56,74.38,73.2,73.86,58.22938437816945,7567570,0.0000,1.0
2016-01-11,74.36,75.05,73.63,74.81,58.978340716637646,7763513,0.0000,1.0
2016-01-12,75.51,76.46,74.38,76.27,60.129368352599286,6985699,0.0000,1.0
2016-01-13,76.2,76.84,73.21,73.85,58.2215006272382,8618412,0.0000,1.0
2016-01-14,73.86,76.6,73.7,75.42,59.45924952344354,7457602,0.0000,1.0
2016-01-15,72.84,74.27,72.63,74.11,58.42647815145055,7452338,0.0000,1.0
2016-01-19,74.99,75.16,73.27,74.1,58.418594400519304,7470127,0.0000,1.0
2016-01-20,72.68,74.15,71.57,73.61,58.032290604888345,10549828,0.0000,1.0
2016-01-21,69.5,71.73,67.06,71.0,55.974631611833615,19535911,0.0000,1.0
2016-01-22,71.34,72.35,68.43,69.99,55.17837276777795,15358573,0.0000,1.0
2016-01-25,69.66,69.77,68.66,68.79,54.23232265602866,7171404,0.0000,1.0
2016-01-26,69.34,70.47,69.11,70.04,55.217791522434176,6740929,0.0000,1.0
2016-01-27,70.0,70.9701,68.72,69.06,54.445183931172245,6202358,0.0000,1.0
2016-01-28,69.85,70.306,68.72,70.16,55.3123965336091,6741295,0.0000,1.0
2016-01-29,70.5,72.03,70.17,72.0,56.76300670495803,6920502,0.0000,1.0
2016-02-01,70.9,73.56,70.35,73.09,57.622335556463646,8401483,0.0000,1.0
2016-02-02,73.26,73.36,71.17,71.71,56.534377927951944,8607417,0.0000,1.0
2016-02-03,71.99,72.3899,70.54,72.26,56.96798422917038,6501237,0.0000,1.0
2016-02-04,72.02,76.42,72.02,75.52,59.538087032755975,7297044,0.0000,1.0
2016-02-05,75.21,76.01,74.2,75.03,59.15178323712502,5768234,0.0000,1.0
2016-02-08,74.48,76.56,73.46,76.03,59.94015833024943,7602253,0.0000,1.0
2016-02-09,75.1,77.85,75.0,77.12,60.79948718175505,7406069,0.0000,1.0
2016-02-10,78.02,78.62,76.34,76.94,60.65757966499265,6260114,0.0000,1.0
2016-02-11,75.73,76.31,73.59,75.54,59.55385453461847,6715174,0.0000,1.0
2016-02-12,77.33,78.34,76.25,77.2,60.862557189205006,5716378,0.0000,1.0
2016-02-16,78.0,80.265,76.9026,79.37,62.57333114128499,6639836,0.0000,1.0
2016-02-17,78.72,80.5,78.47,79.96,63.03847244622839,6308000,0.0000,1.0
2016-02-18,79.76,80.13,78.18,78.66,62.013584825166646,5578027,0.0000,1.0
2016-02-19,78.52,80.0,78.0,79.9,62.99116994064093,4793155,0.0000,1.0
2016-02-22,81.78,82.26,80.7,81.61,64.33929134988368,5447995,0.0000,1.0
2016-02-23,80.5,81.048,78.79,78.95,62.24221360217273,4966300,0.0000,1.0
2016-02-24,78.02,80.285,77.07,80.09,63.140961208334566,4800824,0.0000,1.0
2016-02-25,79.5,80.35,78.53,79.32,62.967518687847196,3242962,0.5500,1.0
2016-02-26,80.09,81.26,79.79,80.0,63.50733100135875,3837077,0.0000,1.0
2016-02-29,79.81,79.98,78.75,78.86,62.60235153458939,5357682,0.0000,1.0
2016-03-01,79.7,80.92,79.138,80.12,63.60259199786079,5909832,0.0000,1.0
2016-03-02,80.24,80.83,79.25,79.5,63.11041018260026,5610169,0.0000,1.0
2016-03-03,79.86,80.5499,79.08,80.01,63.515269417733926,5167444,0.0000,1.0
2016-03-04,80.22,81.45,79.99,80.5,63.904251820117246,6413980,0.0000,1.0
2016-03-07,80.03,81.57,79.75,81.45,64.65840137575839,6547659,0.0000,1.0
2016-03-08,80.64,81.06,78.1478,78.25,62.11810813570403,5912070,0.0000,1.0
2016-03-09,78.9,80.2,78.67,80.14,63.61846883061113,6028498,0.0000,1.0
2016-03-10,80.59,80.68,78.56,79.38,63.01514918609822,3956226,0.0000,1.0
2016-03-11,80.18,81.38,79.91,81.26,64.50757146463016,3734959,0.0000,1.0
2016-03-14,80.7,81.47,80.15,80.35,63.78517557448969,4364982,0.0000,1.0
2016-03-15,79.62,80.15,78.63,80.15,63.626407246986304,4676638,0.0000,1.0
2016-03-16,80.14,80.785,79.37,80.31,63.75342190898902,3225709,0.0000,1.0
2016-03-17,80.71,83.27,79.61,83.08,65.95236324491107,4969999,0.0000,1.0
2016-03-18,83.45,85.3,83.27,84.42,67.01611103918383,8389350,0.0000,1.0
2016-03-21,84.39,84.98,83.47,83.98,66.66682071867635,3872568,0.0000,1.0
2016-03-22,83.05,83.27,81.71,82.06,65.14264477464374,5141815,0.0000,1.0
2016-03-23,82.13,82.35,81.39,81.52,64.71397029038457,4268411,0.0000,1.0
2016-03-24,80.78,81.2651,80.04,80.92,64.23766530787438,4212511,0.0000,1.0
2016-03-28,80.75,80.92,78.47,78.81,62.56265945271355,6327024,0.0000,1.0
2016-03-29,78.41,79.99,77.8,79.8,63.348562673855355,4381151,0.0000,1.0
2016-03-30,80.4,81.45,80.17,80.56,63.95188231836826,3145887,0.0000,1.0
2016-03-31,80.29,80.71,78.5374,79.55,63.15010226447611,5116792,0.0000,1.0
2016-04-01,78.82,79.42,78.025,78.92,62.64998203284041,4232839,0.0000,1.0
2016-04-04,78.72,80.02,78.1664,78.34,62.18955388308056,3464756,0.0000,1.0
2016-04-05,77.55,78.98,77.29,78.62,62.41182954158532,3614251,0.0000,1.0
2016-04-06,78.35,78.53,77.37,78.35,62.197492299455725,4374001,0.0000,1.0
2016-04-07,77.96,78.67,77.42,78.0,61.91964772632478,4246126,0.0000,1.0
2016-04-08,78.66,80.58,78.32,79.17,62.84844244221966,4211201,0.0000,1.0
2016-04-11,79.14,80.51,78.58,78.69,62.467398456211505,4109597,0.0000,1.0
2016-04-12,78.33,80.26,78.19,79.64,63.22154801185264,4628410,0.0000,1.0
2016-04-13,80.67,82.148,80.17,81.72,64.87273861788796,4501737,0.0000,1.0
2016-04-14,82.18,83.03,81.29,82.32,65.34904360039815,5102371,0.0000,1.0
2016-04-15,82.19,82.42,81.02,81.21,64.4678793827543,3803987,0.0000,1.0
2016-04-18,79.98,82.04,78.62,80.88,64.20591164237369,7348232,0.0000,1.0
2016-04-19,81.98,83.015,81.34,82.24,65.2855362693968,6959390,0.0000,1.0
2016-04-20,82.73,84.61,82.2,83.85,66.56362130579915,6302572,0.0000,1.0
2016-04-21,86.6,88.65,85.2,87.32,69.31825178798307,9851800,0.0000,1.0
2016-04-22,88.0,89.91,87.81,89.63,71.15202597064732,7055785,0.0000,1.0
2016-04-25,89.09,89.3,86.89,87.61,69.548465862863,4631663,0.0000,1.0
2016-04-26,87.26,88.84,87.11,88.76,70.46138374600754,4831727,0.0000,1.0
2016-04-27,88.79,89.8,88.67,89.17,70.7868588173895,3851810,0.0000,1.0
2016-04-28,88.56,89.76,88.27,88.51,70.26292333662829,3863070,0.0000,1.0
2016-04-29,87.86,89.23,86.73,87.23,69.24680604060656,5221057,0.0000,1.0
2016-05-02,87.99,88.5,86.645,88.12,69.95332509799667,3492711,0.0000,1.0
2016-05-03,87.17,87.34,85.68,86.77,68.88163888734873,4164312,0.0000,1.0
2016-05-04,85.93,87.02,85.33,85.64,67.98459783695455,3532905,0.0000,1.0
2016-05-05,86.13,86.56,85.09,85.19,67.6273691000719,4425592,0.0000,1.0
2016-05-06,84.56,86.27,84.5,85.73,68.05604358433108,4009779,0.0000,1.0
2016-05-09,85.66,85.66,84.14,84.63,67.18281778306239,4154706,0.0000,1.0
2016-05-10,85.28,86.74,84.86,86.1,68.34976499021235,3341285,0.0000,1.0
2016-05-11,86.1,86.4,84.48,84.49,67.07167995381,4343566,0.0000,1.0
2016-05-12,84.85,85.29,83.68,83.84,66.55568288942398,4178432,0.0000,1.0
2016-05-13,83.53,83.84,81.79,82.0,65.09501427639272,4463254,0.0000,1.0
2016-05-16,82.09,82.95,81.88,82.02,65.11089110914305,4194399,0.0000,1.0
2016-05-17,82.02,83.48,81.54,82.19,65.24584418752094,5320415,0.0000,1.0
2016-05-18,82.17,83.47,81.7,82.48,65.47605826240088,4432387,0.0000,1.0
2016-05-19,81.55,81.82,80.68,81.44,64.6504629593832,3776685,0.0000,1.0
2016-05-20,81.96,82.56,81.74,82.41,65.42048934777468,4366144,0.0000,1.0
2016-05-23,82.25,82.61,81.45,81.49,64.69015504125906,3649132,0.0000,1.0
2016-05-24,82.06,82.13,80.87,81.29,64.53138671375567,4679449,0.0000,1.0
2016-05-25,81.84,83.22,81.545,82.91,65.81741016653318,3408529,0.0000,1.0
2016-05-26,82.58,83.31,82.24,82.34,65.80153333378284,2978328,0.5500,1.0
2016-05-27,82.365,83.08,81.79,82.97,66.30499417906196,3848208,0.0000,1.0
2016-05-31,83.11,84.515,82.61,84.19,67.27995010166597,6086479,0.0000,1.0
2016-06-01,83.63,84.19,82.91,84.11,67.21601856575752,4298493,0.0000,1.0
2016-06-02,83.68,84.63,83.61,84.61,67.6155906651854,3506995,0.0000,1.0
2016-06-03,85.55,86.65,84.61,86.38,69.03007589716007,4946735,0.0000,1.0
2016-06-06,86.42,87.14,85.93,86.85,69.40567367062228,4361504,0.0000,1.0
2016-06-07,86.68,88.08,86.68,87.57,69.98105749379843,3824473,0.0000,1.0
2016-06-08,87.83,90.14,87.8,89.04,71.15579946611639,6135380,0.0000,1.0
2016-06-09,88.53,89.53,88.04,89.39,71.43549993571591,3844793,0.0000,1.0
2016-06-10,88.2,88.895,88.1,88.78,70.94802197441389,4315849,0.0000,1.0
2016-06-13,88.49,89.61,88.22,88.71,70.89208188049399,4377118,0.0000,1.0
2016-06-14,88.51,89.26,87.57,87.98,70.3087066153293,3993374,0.0000,1.0
2016-06-15,88.36,88.67,87.45,87.54,69.95708316783276,3963504,0.0000,1.0
2016-06-16,86.84,87.31,85.5,87.09,69.59746827834768,3479632,0.0000,1.0
2016-06-17,87.0,87.802,86.87,87.58,69.98904893578698,4141861,0.0000,1.0
2016-06-20,88.36,89.25,87.98,88.09,70.39661247720343,4312068,0.0000,1.0
2016-06-21,86.79,88.085,86.0,87.65,70.0449890297069,4146039,0.0000,1.0
2016-06-22,87.76,88.04,87.32,87.49,69.91712595788997,3399986,0.0000,1.0
2016-06-23,88.79,89.0,87.93,88.54,70.75622736668852,2691375,0.0000,1.0
2016-06-24,85.45,86.365,84.14,85.25,68.12704295245308,14193976,0.0000,1.0
2016-06-27,84.42,84.46,81.962,82.49,65.9214049636112,5948004,0.0000,1.0
2016-06-28,83.27,84.86,83.0,84.8,67.767428062968,5954388,0.0000,1.0
2016-06-29,85.75,86.7646,85.63,86.28,68.9501614772745,3763841,0.0000,1.0
2016-06-30,86.74,87.39,84.8,87.25,69.7253313501646,5839474,0.0000,1.0
2016-07-01,87.25,88.19,87.12,87.34,69.79725432806161,3772738,0.0000,1.0
2016-07-05,86.85,87.49,86.767,87.16,69.65340837226756,4305715,0.0000,1.0
2016-07-06,86.59,87.52,86.01,87.44,69.87716874794718,3740501,0.0000,1.0
2016-07-07,87.99,88.47,87.58,88.03,70.34866382527208,4798736,0.0000,1.0
2016-07-08,88.94,91.29,88.47,90.69,72.47438739422839,6448508,0.0000,1.0
2016-07-11,90.71,91.63,90.6936,91.39,73.03378833342741,5423185,0.0000,1.0
2016-07-12,91.78,92.72,91.43,92.06,73.56921494666076,4120819,0.0000,1.0
2016-07-13,92.55,94.79,92.0398,94.14,75.23143488028074,5898301,0.0000,1.0
2016-07-14,94.92,96.0,94.425,94.7,75.67895563163997,5331948,0.0000,1.0
2016-07-15,94.97,95.335,93.71,93.98,75.10357180846383,4030880,0.0000,1.0
2016-07-18,93.98,94.361,93.08,94.12,75.21545199630363,2721159,0.0000,1.0
2016-07-19,93.46,94.05,92.88,93.95,75.07959748249814,3351325,0.0000,1.0
2016-07-20,92.73,94.32,92.49,94.12,75.21545199630363,4245006,0.0000,1.0
2016-07-21,91.0,92.299,90.72,90.93,72.66618200195377,6661076,0.0000,1.0
2016-07-22,90.87,93.02,90.29,92.85,74.2005388637568,4208536,0.0000,1.0
2016-07-25,92.71,92.76,91.86,92.28,73.74502667040903,2744520,0.0000,1.0
2016-07-26,92.38,93.01,91.83,93.01,74.32840193557374,2890131,0.0000,1.0
2016-07-27,92.73,92.95,90.94,91.63,73.2255829411528,3523143,0.0000,1.0
2016-07-28,91.44,93.41,91.07,93.08,74.38434202949364,3104119,0.0000,1.0
2016-07-29,92.55,93.31,92.26,93.05,74.36036770352797,2801094,0.0000,1.0
2016-08-01,92.92,93.65,92.41,93.06,74.36835914551652,2797409,0.0000,1.0
2016-08-02,92.39,92.59,90.68,91.3,72.96186535553039,3786974,0.0000,1.0
2016-08-03,91.54,93.19,91.4,92.87,74.21652174773394,3907395,0.0000,1.0
2016-08-04,92.37,93.09,91.9426,92.67,74.05669290796278,2245940,0.0000,1.0
2016-08-05,93.17,94.65,92.62,93.85,74.99968306261256,3146705,0.0000,1.0
2016-08-08,93.88,94.95,93.67,93.86,75.00767450460113,2491911,0.0000,1.0
2016-08-09,93.75,94.18,93.0,93.07,74.37635058750507,2416526,0.0000,1.0
2016-08-10,93.41,93.4534,92.22,92.44,73.87288974222595,2568238,0.0000,1.0
2016-08-11,92.72,93.45,92.6101,92.96,74.28844472563094,2525110,0.0000,1.0
2016-08-12,92.67,92.67,91.74,91.9,73.44135187484385,2899244,0.0000,1.0
2016-08-15,92.46,93.27,92.28,92.5,73.9208383941573,2734009,0.0000,1.0
2016-08-16,92.21,93.0,91.88,92.89,74.23250463171105,3787453,0.0000,1.0
2016-08-17,92.77,94.64,92.65,94.57,75.57506688578871,4718392,0.0000,1.0
2016-08-18,94.17,96.05,93.63,95.83,76.58198857634696,5063393,0.0000,1.0
2016-08-19,95.69,95.85,95.27,95.68,76.4621169465186,3027181,0.0000,1.0
2016-08-22,95.3,95.8,95.0568,95.33,76.18241647691909,1947891,0.0000,1.0
2016-08-23,95.91,96.23,95.58,96.01,76.72583453214101,2301131,0.0000,1.0
2016-08-24,96.01,96.06,95.27,95.48,76.30228810674745,2504179,0.0000,1.0
2016-08-25,95.32,95.82,94.96,95.08,75.98263042720515,1853032,0.0000,1.0
2016-08-26,95.35,95.98,94.74,95.12,76.01459619515938,2531777,0.0000,1.0
2016-08-29,94.86,96.18,94.405,96.06,77.20532105145445,2746204,0.5500,1.0
2016-08-30,96.0,96.28,95.48,95.85,77.03653989987413,2427253,0.0000,1.0
2016-08-31,95.33,95.88,94.65,95.53,76.7793495736565,2864139,0.0000,1.0
2016-09-01,95.64,95.98,94.68,95.29,76.58645682899329,2068143,0.0000,1.0
2016-09-02,95.61,95.95,94.87,95.28,76.57841963129898,2095882,0.0000,1.0
2016-09-06,95.63,96.09,95.24,95.97,77.13298627220574,2269090,0.0000,1.0
2016-09-07,95.69,97.05,95.69,96.28,77.38213940072907,2437461,0.0000,1.0
2016-09-08,96.3,96.85,95.75,96.63,77.6634413200296,2096343,0.0000,1.0
2016-09-09,95.44,96.0599,92.72,92.72,74.52089702155796,4321088,0.0000,1.0
2016-09-12,91.91,94.7,91.47,93.81,75.39695157023675,4670682,0.0000,1.0
2016-09-13,93.05,93.63,91.98,92.44,74.29585548611752,3717155,0.0000,1.0
2016-09-14,92.38,93.33,92.2,92.72,74.52089702155796,2883876,0.0000,1.0
2016-09-15,92.28,93.24,91.32,92.94,74.69771537083257,3402644,0.0000,1.0
2016-09-16,92.5,93.14,91.76,92.38,74.24763229995172,5185704,0.0000,1.0
2016-09-19,92.97,93.68,92.73,93.09,74.81827333624709,3195742,0.0000,1.0
2016-09-20,93.53,93.68,92.91,93.14,74.8584593247186,2477440,0.0000,1.0
2016-09-21,93.61,95.22,93.61,95.03,76.37748968894147,2523985,0.0000,1.0
2016-09-22,95.782,96.17,95.03,95.08,76.41767567741296,2960852,0.0000,1.0
2016-09-23,94.78,94.93,94.22,94.33,75.81488585034039,2912890,0.0000,1.0
2016-09-26,94.11,94.455,93.53,94.18,75.69432788492588,3625109,0.0000,1.0
2016-09-27,94.13,95.355,93.79,94.85,76.23282013044404,3167357,0.0000,1.0
2016-09-28,94.98,96.23,94.94,96.16,77.28569302839746,2533466,0.0000,1.0
2016-09-29,96.24,96.79,95.5,95.96,77.12494907451143,2671884,0.0000,1.0
2016-09-30,96.78,98.0,96.61,97.53,78.38678911251668,4690634,0.0000,1.0
2016-10-03,97.18,97.89,97.06,97.35,78.24211955401927,2378679,0.0000,1.0
2016-10-04,97.57,98.16,96.57,96.67,77.6955901108068,2626283,0.0000,1.0
2016-10-05,97.21,98.835,96.985,98.54,79.19854607964108,3225349,0.0000,1.0
2016-10-06,98.36,98.8,97.95,98.35,79.04583932344936,3088733,0.0000,1.0
2016-10-07,98.42,98.64,97.31,98.07,78.82079778800893,3275299,0.0000,1.0
2016-10-10,98.52,98.72,97.26,97.35,78.24211955401927,3041851,0.0000,1.0
2016-10-11,97.32,97.48,96.0123,96.54,77.5911065407809,4202412,0.0000,1.0
2016-10-12,96.74,96.8,95.57,95.91,77.08476308603994,3419728,0.0000,1.0
2016-10-13,95.39,97.11,94.3,96.74,77.75185049466691,4312261,0.0000,1.0
2016-10-14,97.07,98.26,96.83,96.84,77.83222247160992,4927443,0.0000,1.0
2016-10-17,96.71,97.12,96.44,96.77,77.77596208774982,2363346,0.0000,1.0
2016-10-18,97.6,98.07,96.67,96.72,77.73577609927831,3565833,0.0000,1.0
2016-10-19,96.65,98.44,96.26,97.12,78.05726400705035,3707266,0.0000,1.0
2016-10-20,94.4,95.0,89.81,90.64,72.84915990114337,16101786,0.0000,1.0
2016-10-21,89.57,91.5,89.37,90.37,72.63215556339725,8288705,0.0000,1.0
2016-10-24,90.78,91.49,89.77,89.88,72.23833287637649,7037950,0.0000,1.0
2016-10-25,89.73,90.42,89.15,89.99,72.3267420510138,5599063,0.0000,1.0
2016-10-26,90.02,90.02,88.63,89.05,71.57124546774952,4750218,0.0000,1.0
2016-10-27,89.21,89.39,88.58,88.82,71.3863899207806,4367098,0.0000,1.0
2016-10-28,88.94,89.32,87.79,88.37,71.02471602453706,3784440,0.0000,1.0
2016-10-31,88.75,89.0678,88.11,88.18,70.87200926834535,3681197,0.0000,1.0
2016-11-01,88.65,88.89,87.0601,87.89,70.63893053521062,3980465,0.0000,1.0
2016-11-02,88.08,89.31,87.74,88.69,71.28190635075468,4437434,0.0000,1.0
2016-11-03,88.68,89.64,88.252,88.77,71.3462039323091,4468624,0.0000,1.0
2016-11-04,88.7,89.48,88.38,88.76,71.3381667346148,3745635,0.0000,1.0
2016-11-07,90.0,90.88,89.85,90.75,72.93756907578067,4556539,0.0000,1.0
2016-11-08,90.79,90.96,89.7235,90.6,72.81701111036615,4268481,0.0000,1.0
2016-11-09,87.88,94.96,87.88,93.95,75.50947233795696,9655178,0.0000,1.0
2016-11-10,95.13,98.79,95.03,97.49,78.35464032173948,8952910,0.0000,1.0
2016-11-11,97.05,97.7,95.67,96.88,77.86437126238712,6664208,0.0000,1.0
2016-11-14,97.52,100.63,97.51,99.43,79.91385667443386,6616974,0.0000,1.0
2016-11-15,99.18,99.54,97.92,99.11,79.65666634821622,4263230,0.0000,1.0
2016-11-16,98.38,99.06,97.72,98.01,78.77257460184313,2866059,0.0000,1.0
2016-11-17,97.72,98.94,97.48,98.81,79.4155504173872,4379518,0.0000,1.0
2016-11-18,98.93,100.0,98.596,99.83,80.2353445822059,3653396,0.0000,1.0
2016-11-21,100.1,101.63,100.0,100.75,80.97476677008157,3385295,0.0000,1.0
2016-11-22,101.1,101.22,100.39,100.49,80.76579963002975,3350906,0.0000,1.0
2016-11-23,100.71,101.695,100.66,101.39,81.48914742251684,3154390,0.0000,1.0
2016-11-25,101.45,102.16,101.13,102.1,82.05978845881219,1680892,0.0000,1.0
2016-11-28,101.32,101.3925,100.43,100.69,81.41279404442098,3533805,0.6050,1.0
2016-11-29,100.53,101.05,100.1,100.57,81.31576817010047,2945866,0.0000,1.0
2016-11-30,101.36,102.73,101.255,101.33,81.93026537413027,6190537,0.0000,1.0
2016-12-01,101.84,103.96,101.61,103.39,83.59587621663208,4747982,0.0000,1.0
2016-12-02,103.38,103.6,102.02,102.65,82.9975499916557,3510987,0.0000,1.0
2016-12-05,103.32,103.75,102.81,102.84,83.15117429266316,3459291,0.0000,1.0
2016-12-06,103.0,103.31,102.3,103.15,83.4018244679911,3228379,0.0000,1.0
2016-12-07,103.49,106.5,102.72,106.33,85.97301013748418,4936148,0.0000,1.0
2016-12-08,106.32,106.62,104.74,105.37,85.19680314292023,3856323,0.0000,1.0
2016-12-09,104.89,105.48,104.03,104.99,84.88955454090532,4098752,0.0000,1.0
2016-12-12,105.329,105.33,102.91,104.32,84.34782674261591,4136458,0.0000,1.0
2016-12-13,104.59,104.74,103.12,104.04,84.1214330358681,4144313,0.0000,1.0
2016-12-14,104.25,104.83,102.67,102.82,83.13500331360973,3549583,0.0000,1.0
2016-12-15,102.98,104.94,102.5101,104.68,84.63890436557739,4480079,0.0000,1.0
2016-12-16,104.74,104.97,103.05,103.31,83.53119230041843,6610332,0.0000,1.0
2016-12-19,103.08,103.89,102.63,103.4,83.6039617061588,2859356,0.0000,1.0
2016-12-20,103.81,104.77,103.54,104.65,84.61464789699727,3026742,0.0000,1.0
2016-12-21,104.7,105.55,104.05,104.65,84.61464789699727,2210931,0.0000,1.0
2016-12-22,104.12,105.28,103.37,105.19,85.05126433143948,2994977,0.0000,1.0
2016-12-23,105.23,105.27,104.32,105.18,85.04317884191279,2146289,0.0000,1.0
2016-12-27,105.51,105.93,105.21,105.71,85.47170978682828,1518210,0.0000,1.0
2016-12-28,105.75,106.32,104.59,104.76,84.70358828179106,1799018,0.0000,1.0
2016-12-29,104.88,105.25,103.99,104.42,84.42868163788299,2122874,0.0000,1.0
2016-12-30,104.18,104.84,103.25,103.68,83.83035541290661,2914717,0.0000,1.0
2017-01-03,104.48,105.29,102.07,102.52,82.8924386278085,3824319,0.0000,1.0
2017-01-04,102.89,104.31,102.51,103.14,83.39373897846438,3668252,0.0000,1.0
2017-01-05,103.03,103.36,101.22,102.13,82.57710453626689,4180402,0.0000,1.0
2017-01-06,102.03,103.77,101.2,103.19,83.43416642609792,3862483,0.0000,1.0
2017-01-09,103.73,103.74,101.9,102.42,82.81158373254142,2968866,0.0000,1.0
2017-01-10,102.56,104.24,101.91,103.42,83.62013268521221,3563134,0.0000,1.0
2017-01-11,103.35,104.83,103.03,104.27,84.30739929498236,2864793,0.0000,1.0
2017-01-12,104.27,104.96,103.35,104.7,84.6550753446308,2396981,0.0000,1.0
2017-01-13,104.51,105.45,104.28,105.25,85.09977726859974,2744027,0.0000,1.0
2017-01-17,104.7,104.82,102.85,103.37,83.57970523757866,3401751,0.0000,1.0
2017-01-18,102.26,104.37,101.53,103.77,83.90312481864697,5363442,0.0000,1.0
2017-01-19,108.21,108.98,105.44,106.24,85.9002407317438,10103890,0.0000,1.0
2017-01-20,106.83,108.64,106.61,108.6,87.80841626004685,6439785,0.0000,1.0
2017-01-23,108.64,108.64,106.93,107.99,87.31520139891767,3932165,0.0000,1.0
2017-01-24,108.15,109.2505,107.6,108.72,87.90544213436735,4564911,0.0000,1.0
2017-01-25,109.29,111.0,109.01,110.42,89.27997535390767,5137933,0.0000,1.0
2017-01-26,110.25,111.38,109.48,110.15,89.06166713668657,4607212,0.0000,1.0
2017-01-27,110.35,110.36,108.14,109.2,88.29354563164932,3555413,0.0000,1.0
2017-01-30,108.94,108.96,106.34,108.0,87.32328688844439,5334240,0.0000,1.0
2017-01-31,108.13,108.58,106.22,106.58,86.17514737565187,4534644,0.0000,1.0
2017-02-01,107.04,108.07,106.4,107.7,87.08072220264314,4374556,0.0000,1.0
2017-02-02,107.2,107.58,105.9,107.3,86.75730262157484,4225899,0.0000,1.0
2017-02-03,107.48,108.84,107.35,108.51,87.73564685430648,3249621,0.0000,1.0
2017-02-06,108.36,108.69,107.58,107.69,87.07263671311644,2858095,0.0000,1.0
2017-02-07,108.19,108.76,107.35,107.65,87.04029475500961,3493417,0.0000,1.0
2017-02-08,107.52,107.925,106.27,107.34,86.78964457968168,3901373,0.0000,1.0
2017-02-09,107.58,107.88,107.12,107.42,86.85432849589533,3603917,0.0000,1.0
2017-02-10,107.88,108.49,107.7076,107.87,87.21817552459719,2777986,0.0000,1.0
2017-02-13,108.09,109.3,107.89,108.32,87.58202255329903,2640583,0.0000,1.0
2017-02-14,108.07,109.16,107.74,109.16,88.26120367354248,2890490,0.0000,1.0
2017-02-15,108.53,109.99,108.17,109.78,88.76250402419838,3352946,0.0000,1.0
2017-02-16,109.48,110.0,108.5,109.39,88.44716993265678,2811146,0.0000,1.0
2017-02-17,109.43,109.82,107.96,109.82,88.7948459823052,4246454,0.0000,1.0
2017-02-21,110.0,110.82,109.35,109.67,88.67356363940459,4169786,0.0000,1.0
2017-02-22,109.18,109.439,107.95,108.87,88.02672447726796,4206115,0.0000,1.0
2017-02-23,109.14,109.5,106.26,106.7,86.27217324997237,4876600,0.0000,1.0
2017-02-24,105.61,107.76,105.171,107.74,87.6022362771158,4632503,0.6050,1.0
2017-02-27,107.82,108.0,106.48,107.5,87.40709485604185,3288452,0.0000,1.0
2017-02-28,107.53,108.08,107.09,107.94,87.76485412801077,3756547,0.0000,1.0
2017-03-01,109.04,110.65,109.04,110.11,89.5292578102211,4064942,0.0000,1.0
2017-03-02,110.05,110.24,108.91,109.05,88.6673832004778,2739930,0.0000,1.0
2017-03-03,109.08,109.28,108.24,109.02,88.64299052284355,2304907,0.0000,1.0
2017-03-06,108.76,109.64,108.5,109.43,88.97635711717824,2989131,0.0000,1.0
2017-03-07,109.1,109.52,108.16,108.36,88.10635161489019,3331169,0.0000,1.0
2017-03-08,108.36,108.46,106.412,106.71,86.76475434500675,3460636,0.0000,1.0
2017-03-09,106.81,107.14,105.74,106.18,86.3338170401351,4131220,0.0000,1.0
2017-03-10,106.89,106.99,105.72,106.28,86.41512596558259,3316159,0.0000,1.0
2017-03-13,106.36,106.79,105.95,106.45,86.5533511388433,3514754,0.0000,1.0
2017-03-14,105.95,106.28,104.315,104.37,84.8621254895357,4303769,0.0000,1.0
2017-03-15,104.59,106.14,104.1,105.58,85.84596348745022,3496080,0.0000,1.0
2017-03-16,105.5,106.32,105.0,105.45,85.7402618843685,3645284,0.0000,1.0
2017-03-17,105.43,106.05,105.1,105.99,86.17933008178488,11395366,0.0000,1.0
2017-03-20,105.75,105.98,105.0,105.08,85.43941886021281,3444884,0.0000,1.0
2017-03-21,105.44,105.61,103.2,103.65,84.27670122631385,3846337,0.0000,1.0
2017-03-22,103.55,104.495,103.07,104.06,84.61006782064851,4101194,0.0000,1.0
2017-03-23,103.99,105.1399,103.6,103.87,84.4555808622983,2587663,0.0000,1.0
2017-03-24,103.99,104.61,103.44,103.96,84.52875889520102,2734658,0.0000,1.0
2017-03-27,102.9,104.52,102.41,104.02,84.57754425046951,3811987,0.0000,1.0
2017-03-28,104.05,105.89,103.8348,105.5,85.78091634709223,4237112,0.0000,1.0
2017-03-29,104.81,106.17,104.41,105.58,85.84596348745022,2904963,0.0000,1.0
2017-03-30,105.74,107.455,105.32,106.94,86.95176487353595,2961042,0.0000,1.0
2017-03-31,106.98,107.09,105.9,105.92,86.12241383397165,2888327,0.0000,1.0
2017-04-03,106.16,106.78,105.08,105.5,85.78091634709223,2888992,0.0000,1.0
2017-04-04,105.71,107.24,105.13,107.2,87.1631680796994,3445417,0.0000,1.0
2017-04-05,107.95,109.54,106.57,106.76,86.8054088077305,2938117,0.0000,1.0
2017-04-06,104.79,107.39,104.77,107.07,87.05746647661768,4556134,0.0000,1.0
2017-04-07,107.33,107.78,106.57,107.03,87.0249429064387,2204957,0.0000,1.0
2017-04-10,107.57,108.39,107.45,107.62,87.50466556657884,2631713,0.0000,1.0
2017-04-11,107.21,107.77,106.26,107.61,87.49653467403408,2298810,0.0000,1.0
2017-04-12,108.08,108.13,105.48,105.57,85.83783259490546,3046399,0.0000,1.0
2017-04-13,105.5,106.07,104.78,104.78,85.19549208387038,2372742,0.0000,1.0
2017-04-17,104.9,106.01,104.12,105.98,86.17119918924014,2773913,0.0000,1.0
2017-04-18,105.48,106.677,105.19,106.24,86.38260239540358,2767039,0.0000,1.0
2017-04-19,106.79,107.78,106.27,106.79,86.82980148536474,3344342,0.0000,1.0
2017-04-20,108.17,109.35,107.87,107.9,87.73233055783177,4201628,0.0000,1.0
2017-04-21,108.2,108.78,107.63,108.28,88.0413044745322,3144008,0.0000,1.0
2017-04-24,109.5,109.98,109.16,109.33,88.89504819173075,3217977,0.0000,1.0
2017-04-25,109.33,110.755,109.06,110.48,89.83010083437678,3746295,0.0000,1.0
2017-04-26,110.55,111.96,109.83,110.17,89.57804316548959,6224872,0.0000,1.0
2017-04-27,112.02,115.15,111.89,113.53,92.31002306052494,5007472,0.0000,1.0
2017-04-28,113.53,113.95,111.31,111.96,91.0334729309995,3545269,0.0000,1.0
2017-05-01,112.43,112.6801,111.6,111.6,90.74076079938855,2878657,0.0000,1.0
2017-05-02,111.75,112.28,110.94,111.09,90.32608527960642,3786279,0.0000,1.0
2017-05-03,110.66,111.21,110.3367,110.88,90.1553365361667,2670845,0.0000,1.0
2017-05-04,111.21,111.6,110.12,110.33,89.70813744620555,2586787,0.0000,1.0
2017-05-05,110.59,110.75,110.12,110.72,90.02524225545073,2981955,0.0000,1.0
2017-05-08,110.39,110.79,109.75,110.02,89.45607977731837,3383791,0.0000,1.0
2017-05-09,109.86,110.62,109.52,109.96,89.40729442204987,2261955,0.0000,1.0
2017-05-10,110.12,110.12,108.97,109.32,88.886917299186,3525903,0.0000,1.0
2017-05-11,108.99,110.62,108.74,110.1,89.52112691767634,3765339,0.0000,1.0
2017-05-12,109.65,110.79,109.65,110.48,89.83010083437678,3539297,0.0000,1.0
2017-05-15,110.56,111.53,110.5,111.28,90.48057223795662,2316610,0.0000,1.0
2017-05-16,111.72,111.83,110.6,111.0,90.25290724670367,2559425,0.0000,1.0
2017-05-17,110.02,110.23,106.38,106.56,86.64279095683553,4240827,0.0000,1.0
2017-05-18,106.13,108.62,105.5,107.14,87.11438272443093,4572890,0.0000,1.0
2017-05-19,107.4,108.13,106.8361,107.05,87.04120469152818,3569317,0.0000,1.0
2017-05-22,107.53,108.1,106.8092,107.83,87.67541431001854,3023433,0.0000,1.0
2017-05-23,107.96,108.45,107.29,108.0,87.81363948327925,2732537,0.0000,1.0
2017-05-24,107.9,108.64,107.44,108.05,87.854293946003,2931726,0.0000,1.0
2017-05-25,108.62,109.96,108.181,109.7,89.19589121588643,3833747,0.0000,1.0
2017-05-26,108.81,110.75,108.54,110.57,90.39519786623677,3826387,0.6050,1.0
2017-05-30,110.07,111.04,109.8,110.81,90.59140703226642,2947730,0.0000,1.0
2017-05-31,110.98,111.0,109.36,110.3,90.17446255445343,4834283,0.0000,1.0
2017-06-01,110.58,111.19,109.995,110.59,90.41154863007257,2748401,0.0000,1.0
2017-06-02,110.89,112.26,110.25,111.2,90.91024692706456,3349818,0.0000,1.0
2017-06-05,111.4,111.47,110.03,110.19,90.08453335335652,2771607,0.0000,1.0
2017-06-06,109.69,110.12,108.91,108.96,89.07896137745463,2832233,0.0000,1.0
2017-06-07,109.2,109.48,108.483,109.11,89.20159210622316,2537234,0.0000,1.0
2017-06-08,109.19,110.02,108.76,109.84,89.79839498622997,3043435,0.0000,1.0
2017-06-09,110.0,110.29,108.51,109.75,89.72481654896885,2485279,0.0000,1.0
2017-06-12,109.73,110.24,109.29,110.13,90.0354810618491,3529767,0.0000,1.0
2017-06-13,110.19,111.66,110.0,111.54,91.18820991227322,2375643,0.0000,1.0
2017-06-14,111.7,111.715,109.35,109.8,89.76569345855836,3007616,0.0000,1.0
2017-06-15,109.03,110.81,108.82,110.67,90.47695168541578,2822053,0.0000,1.0
2017-06-16,110.86,111.38,109.94,111.38,91.05740380158679,4082354,0.0000,1.0
2017-06-19,111.7,112.11,110.76,111.83,91.42529598789235,3209704,0.0000,1.0
2017-06-20,111.25,111.535,108.27,108.35,88.58026308046264,4214790,0.0000,1.0
2017-06-21,108.52,108.54,107.58,107.62,87.98346020045584,3567069,0.0000,1.0
2017-06-22,107.9,107.9,106.59,107.39,87.7954264163441,2942272,0.0000,1.0
2017-06-23,107.19,109.04,106.81,108.1,88.3758785325151,10962661,0.0000,1.0
2017-06-26,108.43,109.14,107.47,108.03,88.3186508590898,2927486,0.0000,1.0
2017-06-27,108.14,108.4,107.33,107.35,87.7627248886725,3173087,0.0000,1.0
2017-06-28,108.28,108.96,107.7,108.77,88.9236291210145,3520969,0.0000,1.0
2017-06-29,109.16,109.34,107.81,107.89,88.20419551223918,2303909,0.0000,1.0
2017-06-30,108.2,109.545,107.86,108.91,89.03808446786512,3435157,0.0000,1.0
2017-07-03,109.02,110.375,109.02,110.04,89.96190262458799,1806624,0.0000,1.0
2017-07-05,110.13,110.14,108.24,108.25,88.49850926128363,2670367,0.0000,1.0
2017-07-06,107.75,108.46,107.3228,107.76,88.09791554730646,2912214,0.0000,1.0
2017-07-07,107.89,108.56,106.84,108.35,88.58026308046264,2670253,0.0000,1.0
2017-07-10,108.0,109.48,107.85,108.5,88.70289380923117,3442365,0.0000,1.0
2017-07-11,108.71,109.04,107.7,108.59,88.77647224649228,2355109,0.0000,1.0
2017-07-12,109.7,110.22,108.85,109.21,89.28334592540216,2486356,0.0000,1.0
2017-07-13,109.24,109.56,108.39,108.85,88.98903217635771,2140699,0.0000,1.0
2017-07-14,109.14,109.72,108.73,109.53,89.54495814677502,2013848,0.0000,1.0
2017-07-17,109.39,109.44,108.66,109.05,89.15253981471574,2426076,0.0000,1.0
2017-07-18,108.99,109.57,108.52,109.25,89.31604745307378,2324925,0.0000,1.0
2017-07-19,108.21,108.97,106.865,107.84,88.16331860264967,4104609,0.0000,1.0
2017-07-20,108.77,109.05,104.27,106.14,86.77350367660641,6633638,0.0000,1.0
2017-07-21,105.09,105.75,104.7,104.85,85.71887940919711,5542416,0.0000,1.0
2017-07-24,104.76,105.42,103.65,103.66,84.74600896096685,5276283,0.0000,1.0
2017-07-25,104.29,105.3398,103.7,104.96,85.80880861029404,3906628,0.0000,1.0
2017-07-26,105.09,105.273,103.87,104.42,85.36733798672736,3247269,0.0000,1.0
2017-07-27,103.97,103.99,101.06,101.4,82.89837264752111,6343348,0.0000,1.0
2017-07-28,101.41,103.39,101.41,103.3,84.45169521192238,4421536,0.0000,1.0
2017-07-31,103.46,103.97,102.91,102.96,84.17373222671374,4245411,0.0000,1.0
2017-08-01,102.96,102.99,101.73,101.98,83.37254479875939,4358628,0.0000,1.0
2017-08-02,101.83,102.75,101.72,102.33,83.65868316588595,4452771,0.0000,1.0
2017-08-03,102.57,103.03,102.27,102.55,83.83854156807978,4743800,0.0000,1.0
2017-08-04,102.69,103.42,102.0,102.48,83.78131389465447,4139962,0.0000,1.0
2017-08-07,102.35,102.74,102.0001,102.57,83.85489233191558,2531848,0.0000,1.0
2017-08-08,102.2,104.32,101.9,103.06,84.25548604589275,3256239,0.0000,1.0
2017-08-09,102.63,103.82,102.51,103.77,84.83593816206375,3002020,0.0000,1.0
2017-08-10,103.4,104.44,102.635,102.69,83.9529969149304,3405839,0.0000,1.0
2017-08-11,103.21,104.59,102.9,103.57,84.67243052370573,3338652,0.0000,1.0
2017-08-14,104.31,105.17,104.2,104.73,85.62077482618231,3184994,0.0000,1.0
2017-08-15,104.95,104.97,104.31,104.85,85.71887940919711,2638976,0.0000,1.0
2017-08-16,105.11,106.13,104.72,105.85,86.53641760098726,2898080,0.0000,1.0
2017-08-17,105.37,105.64,103.16,103.18,84.35359062890758,3208008,0.0000,1.0
2017-08-18,103.36,104.61,102.87,103.9,84.94221812699648,3175534,0.0000,1.0
2017-08-21,104.03,104.45,103.37,104.31,85.27740878563044,2233609,0.0000,1.0
2017-08-22,104.76,106.45,104.76,106.21,86.83073135003171,2989199,0.0000,1.0
2017-08-23,105.78,106.38,104.91,105.04,85.87421166563725,2814785,0.0000,1.0
2017-08-24,105.39,105.5,104.43,104.57,85.48996871549588,2758728,0.0000,1.0
2017-08-25,105.3,106.25,105.13,105.25,86.04589468591318,2444196,0.0000,1.0
2017-08-28,105.4,105.65,104.315,104.55,85.47361795166007,2740695,0.0000,1.0
2017-08-29,103.77,105.2138,103.41,104.97,86.31159459824498,3184013,0.6050,1.0
2017-08-30,105.0,105.58,104.79,104.94,86.28692709478736,2592653,0.0000,1.0
2017-08-31,105.31,105.79,104.8404,105.3,86.5829371362789,2736355,0.0000,1.0
2017-09-01,105.64,106.27,104.78,105.47,86.72271965587214,2347699,0.0000,1.0
2017-09-05,105.09,105.35,103.85,104.1,85.59623699797373,2597732,0.0000,1.0
2017-09-06,104.65,106.273,104.51,105.01,86.34448460285516,4163926,0.0000,1.0
2017-09-07,105.21,105.74,104.8,105.49,86.73916465817722,3599537,0.0000,1.0
2017-09-08,105.64,107.29,104.97,107.21,88.15343485641463,3104433,0.0000,1.0
2017-09-11,107.3,108.11,107.2,108.1,88.88523745899097,3755121,0.0000,1.0
2017-09-12,107.91,108.94,107.775,108.48,89.19769250278762,2315450,0.0000,1.0
2017-09-13,108.22,108.69,107.89,108.66,89.34569752353339,2075035,0.0000,1.0
2017-09-14,108.68,110.88,108.31,110.86,91.15464777709288,4270236,0.0000,1.0
2017-09-15,111.8,113.4,111.11,113.4,93.24316306983883,8244152,0.0000,1.0
2017-09-18,113.2,113.28,111.93,112.03,92.11668041194042,3669198,0.0000,1.0
2017-09-19,112.39,113.18,112.11,113.0,92.91426302373709,4134669,0.0000,1.0
2017-09-20,113.0,115.03,112.81,115.0,94.55876325424572,3881096,0.0000,1.0
2017-09-21,114.99,115.68,113.75,115.44,94.92055330495762,2959373,0.0000,1.0
2017-09-22,115.2,115.575,114.6501,115.34,94.83832829343218,2180281,0.0000,1.0
2017-09-25,115.45,115.96,114.73,115.79,95.20834084529663,2758279,0.0000,1.0
2017-09-26,115.9,115.9,115.09,115.43,94.91233080380508,2763288,0.0000,1.0
2017-09-27,115.72,116.74,114.9456,116.64,95.90725344326279,2566175,0.0000,1.0
2017-09-28,116.29,116.93,115.9,115.97,95.3563458660424,1970060,0.0000,1.0
2017-09-29,115.92,116.26,115.63,115.97,95.3563458660424,2318188,0.0000,1.0
2017-10-02,115.38,115.55,114.33,115.26,94.77254828421185,3035644,0.0000,1.0
2017-10-03,115.02,115.22,114.37,114.89,94.46831574156775,2765173,0.0000,1.0
2017-10-04,114.15,114.46,113.375,113.77,93.54739561248292,3211537,0.0000,1.0
2017-10-05,113.57,114.07,112.88,114.02,93.75295814129649,2659621,0.0000,1.0
2017-10-06,113.94,114.72,113.04,113.95,93.6954006332287,2194510,0.0000,1.0
2017-10-09,113.79,114.36,113.37,113.88,93.63784312516088,1617922,0.0000,1.0
2017-10-10,114.0,114.305,112.49,112.63,92.610030481093,2755773,0.0000,1.0
2017-10-11,112.69,113.22,112.56,113.05,92.95537552949982,2679384,0.0000,1.0
2017-10-12,113.16,113.98,112.95,113.69,93.48161560326257,2439801,0.0000,1.0
2017-10-13,114.35,114.74,112.17,112.28,92.322242940754,1990252,0.0000,1.0
2017-10-16,112.52,112.69,111.76,112.09,92.16601541885568,2292806,0.0000,1.0
2017-10-17,109.34,111.63,108.7138,110.57,90.91619524366912,3860157,0.0000,1.0
2017-10-18,110.79,111.375,110.32,110.38,90.7599677217708,3851686,0.0000,1.0
2017-10-19,110.03,112.11,109.375,112.01,92.10023540963533,3978953,0.0000,1.0
2017-10-20,112.95,113.29,112.28,112.99,92.90604052258455,5070812,0.0000,1.0
2017-10-23,113.0,113.6,112.24,113.19,93.07049054563542,3002217,0.0000,1.0
2017-10-24,113.42,114.26,112.68,112.9,92.83203801221167,3891539,0.0000,1.0
2017-10-25,113.08,113.49,109.83,110.38,90.7599677217708,4340314,0.0000,1.0
2017-10-26,111.72,116.8,110.82,116.47,95.76747092366955,6131420,0.0000,1.0
2017-10-27,116.5,119.71,116.475,117.08,96.26904349397468,6996942,0.0000,1.0
2017-10-30,116.96,117.98,116.3,116.37,95.68524591214413,3240923,0.0000,1.0
2017-10-31,116.86,116.875,115.341,115.79,95.20834084529663,2795435,0.0000,1.0
2017-11-01,116.59,117.24,116.09,117.0,96.20326348475434,2772351,0.0000,1.0
2017-11-02,116.47,118.7,116.35,118.39,97.34619114495783,2896046,0.0000,1.0
2017-11-03,118.23,118.3,116.75,117.18,96.35126850550013,1891291,0.0000,1.0
2017-11-06,117.34,117.7,116.49,117.33,96.47460602278827,1390959,0.0000,1.0
2017-11-07,117.05,117.61,116.61,117.04,96.23615348936453,1724966,0.0000,1.0
2017-11-08,116.62,118.17,116.05,117.8,96.86106357695779,3223607,0.0000,1.0
2017-11-09,116.92,117.79,116.5,117.07,96.26082099282213,2322548,0.0000,1.0
2017-11-10,116.75,117.3,116.34,116.7,95.95658845017805,1840115,0.0000,1.0
2017-11-13,115.63,116.55,115.19,116.48,95.77569342482211,2394413,0.0000,1.0
2017-11-14,116.17,116.89,115.9,116.23,95.57013089600852,3073948,0.0000,1.0
2017-11-15,115.9,116.94,115.48,115.7,95.13433833492374,2846032,0.0000,1.0
2017-11-16,115.99,117.13,115.39,116.57,95.84969593519499,2421245,0.0000,1.0
2017-11-17,116.07,116.84,115.5,115.63,95.07678082685594,2126427,0.0000,1.0
2017-11-20,115.94,116.1,115.16,116.01,95.38923587065258,2579497,0.0000,1.0
2017-11-21,116.11,117.2,115.93,117.12,96.30193349858486,3134282,0.0000,1.0
2017-11-22,117.33,118.06,116.96,117.86,96.91039858387305,2440819,0.0000,1.0
2017-11-24,118.03,118.87,117.79,118.25,97.23107612882222,1302832,0.0000,1.0
2017-11-27,118.09,118.45,115.69,117.16,96.33482350319503,3378513,0.0000,1.0
2017-11-28,117.25,119.05,116.51,118.8,97.6833136922121,3996488,0.0000,1.0
2017-11-29,118.6,123.19,118.13,122.94,101.63422549600905,7206766,0.6650,1.0
2017-11-30,122.95,127.86,122.95,126.5,104.57726960505244,9350695,0.0000,1.0
2017-12-01,126.39,126.93,123.81,124.62,103.02307777218684,4793714,0.0000,1.0
2017-12-04,126.08,132.0,125.56,130.08,107.5368476697646,9092532,0.0000,1.0
2017-12-05,129.49,129.96,127.2,128.01,105.82558325804554,4911346,0.0000,1.0
2017-12-06,127.94,128.2,127.19,127.95,105.7759813910392,3804456,0.0000,1.0
2017-12-07,128.0,128.89,127.42,128.46,106.19759726059317,4649921,0.0000,1.0
2017-12-08,128.8,130.04,128.54,129.11,106.73495081982863,3575771,0.0000,1.0
2017-12-11,129.52,129.55,128.06,129.05,106.68534895282227,4960189,0.0000,1.0
2017-12-12,129.35,131.01,128.61,130.7,108.04940029549685,4998605,0.0000,1.0
2017-12-13,130.7,132.39,129.75,130.31,107.7269881599556,5655460,0.0000,1.0
2017-12-14,130.67,131.34,128.79,129.17,106.78455268683496,4392711,0.0000,1.0
2017-12-15,129.85,131.62,129.34,130.6,107.96673051715294,8157772,0.0000,1.0
2017-12-18,131.35,133.25,131.1,132.47,109.51265537218416,5724830,0.0000,1.0
2017-12-19,133.65,133.67,131.31,133.24,110.1492126654323,4519530,0.0000,1.0
2017-12-20,134.34,135.3,133.09,134.68,111.33965747358468,6776544,0.0000,1.0
2017-12-21,135.0,135.0,133.38,133.73,110.55429457931747,4034582,0.0000,1.0
2017-12-22,133.8,134.7,132.78,134.47,111.16605093906246,2615497,0.0000,1.0
2017-12-26,135.0,135.76,134.33,134.65,111.31485654008151,2073079,0.0000,1.0
2017-12-27,134.59,136.32,134.04,136.32,112.69544183842487,7398187,0.0000,1.0
2017-12-28,136.04,136.17,134.61,135.12,111.7034044982979,2545179,0.0000,1.0
2017-12-29,135.28,135.64,134.1,134.1,110.86017275918996,2297197,0.0000,1.0
2018-01-02,134.71,135.78,134.18,135.78,112.24902503536774,4190330,0.0000,1.0
2018-01-03,136.11,136.6,135.26,136.54,112.87731535078149,4332098,0.0000,1.0
2018-01-04,136.84,137.88,135.52,135.8,112.26555899103653,4319219,0.0000,1.0
2018-01-05,137.65,139.72,136.06,137.53,113.69574615638625,5284680,0.0000,1.0
2018-01-08,137.48,139.63,137.46,139.44,115.27473892275502,5466958,0.0000,1.0
2018-01-09,139.81,141.17,139.22,141.0,116.5643874649201,6353856,0.0000,1.0
2018-01-10,140.17,141.4,138.73,139.7,115.48968034644919,9489410,0.0000,1.0
2018-01-11,140.59,140.99,139.49,140.35,116.02703390568465,3093756,0.0000,1.0
2018-01-12,140.8,141.81,140.47,141.17,116.70492608810474,3186326,0.0000,1.0
2018-01-16,142.07,142.19,139.82,140.31,115.99396599434709,5669728,0.0000,1.0
2018-01-17,140.31,141.71,139.76,140.46,116.11797066186297,3167517,0.0000,1.0
2018-01-18,140.68,140.88,139.61,140.43,116.0931697283598,3273330,0.0000,1.0
2018-01-19,141.0,141.62,139.8,141.25,116.77106191077989,3711288,0.0000,1.0
2018-01-22,141.35,142.08,140.12,141.97,117.36628431485607,3168746,0.0000,1.0
2018-01-23,141.4,142.4,139.34,141.36,116.8619986669582,6060463,0.0000,1.0
2018-01-24,141.42,143.05,139.91,141.19,116.72146004377353,4955839,0.0000,1.0
2018-01-25,134.57,134.99,131.82,133.6,110.44682386747039,13662237,0.0000,1.0
2018-01-26,133.81,134.63,132.72,134.23,110.96764347103705,5728654,0.0000,1.0
2018-01-29,134.2,136.76,134.11,136.05,112.47223343689632,5649278,0.0000,1.0
2018-01-30,135.29,137.08,135.15,135.36,111.90181196632331,5231756,0.0000,1.0
2018-01-31,135.69,136.98,133.01,133.5,110.36415408912647,5625069,0.0000,1.0
2018-02-01,132.51,133.74,131.86,132.38,109.43825257167462,5556511,0.0000,1.0
2018-02-02,131.66,131.73,127.22,129.36,106.94162526568842,8089561,0.0000,1.0
2018-02-05,128.59,131.78,124.13,124.14,102.62626283613604,6395891,0.0000,1.0
2018-02-06,122.28,131.5,121.5,131.15,108.42141429804448,15527675,0.0000,1.0
2018-02-07,130.34,131.82,128.94,128.96,106.61094615231275,4878354,0.0000,1.0
2018-02-08,128.7,128.7,124.81,124.86,103.22148524021223,6223323,0.0000,1.0
2018-02-09,126.44,128.33,121.22,127.28,105.22209387613496,9046695,0.0000,1.0
2018-02-12,127.75,129.84,126.15,128.64,106.3464028616122,4030361,0.0000,1.0
2018-02-13,127.75,128.97,126.78,128.3,106.06532561524291,5002334,0.0000,1.0
2018-02-14,128.8,133.54,128.3,133.19,110.10787777626034,4715025,0.0000,1.0
2018-02-15,133.85,134.11,131.35,133.89,110.68656622466773,3399926,0.0000,1.0
2018-02-16,133.44,135.53,133.09,134.27,111.00071138237463,3511980,0.0000,1.0
2018-02-20,133.14,133.75,129.93,130.23,107.66085233728045,3301011,0.0000,1.0
2018-02-21,130.48,135.4,130.48,132.5,109.53745630568733,3887655,0.0000,1.0
2018-02-22,133.4,134.23,131.66,133.6,110.44682386747039,3554398,0.0000,1.0
2018-02-23,134.5,135.17,133.6,134.97,111.57939983078202,2450118,0.0000,1.0
2018-02-26,135.9,139.86,135.59,138.79,114.73738536351958,5327763,0.0000,1.0
2018-02-27,138.33,139.17,133.72,133.74,111.16605093906244,10906211,0.7300,1.0
2018-02-28,134.09,134.53,130.08,130.25,108.26512737261015,4900383,0.0000,1.0
2018-03-01,130.39,133.13,127.57,128.41,106.73570062124276,5894323,0.0000,1.0
2018-03-02,127.35,129.16,125.31,128.5,106.81050953842922,6923043,0.0000,1.0
2018-03-05,127.75,130.53,125.36,130.32,108.32331208597739,5573089,0.0000,1.0
2018-03-06,130.69,131.7,129.27,131.29,109.12958597120911,3021312,0.0000,1.0
2018-03-07,129.67,131.95,129.13,131.11,108.97996813683623,3339929,0.0000,1.0
2018-03-08,131.8,133.32,130.36,132.28,109.95248406026005,2911878,0.0000,1.0
2018-03-09,133.81,137.38,133.49,137.28,114.10853501506274,5517428,0.0000,1.0
2018-03-12,137.03,137.82,136.52,136.66,113.59318469666721,3159635,0.0000,1.0
2018-03-13,135.92,139.55,135.92,136.83,113.73449042913052,4158606,0.0000,1.0
2018-03-14,137.23,137.95,134.29,134.83,112.07207004720944,3906648,0.0000,1.0
2018-03-15,135.1,137.0,134.48,136.26,113.26070062028299,3329502,0.0000,1.0
2018-03-16,136.72,139.51,136.39,137.16,114.00878979214748,7674136,0.0000,1.0
2018-03-19,136.8,137.3,135.7,136.98,113.85917195777458,3678454,0.0000,1.0
2018-03-20,137.4,138.2,136.4,137.77,114.51582800863342,4421195,0.0000,1.0
2018-03-21,138.11,140.25,137.45,138.56,115.17248405949223,3310871,0.0000,1.0
2018-03-22,137.23,137.87,134.4,134.87,112.10531845484785,3532070,0.0000,1.0
2018-03-23,137.23,137.23,131.61,131.94,109.66987259533346,3747631,0.0000,1.0
2018-03-26,133.61,133.82,130.93,133.0,110.55095539775164,4747918,0.0000,1.0
2018-03-27,133.91,134.65,130.63,131.3,109.13789807311873,3763621,0.0000,1.0
2018-03-28,131.33,133.09,129.8,130.76,108.68904457000002,3775359,0.0000,1.0
2018-03-29,131.65,135.68,131.06,134.43,111.73958597082522,4360253,0.0000,1.0
2018-04-02,135.28,136.39,131.55,133.1,110.63407641684769,5229585,0.0000,1.0
2018-04-03,134.13,135.29,132.92,134.38,111.69802546127718,4495115,0.0000,1.0
2018-04-04,132.53,133.22,130.45,132.9,110.46783437865558,5737967,0.0000,1.0
2018-04-05,133.73,133.88,131.89,133.1,110.63407641684769,4850498,0.0000,1.0
2018-04-06,132.0,133.35,128.66,130.28,108.29006367833897,3120025,0.0000,1.0
2018-04-09,131.01,132.06,129.76,130.02,108.07394902868924,3007163,0.0000,1.0
2018-04-10,131.47,132.08,129.31,130.12,108.1570700477853,5789653,0.0000,1.0
2018-04-11,129.05,131.83,128.44,131.2,109.05477705402267,3394284,0.0000,1.0
2018-04-12,132.05,135.12,131.57,134.42,111.7312738689156,3603285,0.0000,1.0
2018-04-13,134.79,135.29,133.59,134.32,111.64815284981954,3027339,0.0000,1.0
2018-04-16,135.67,137.82,135.03,137.08,113.94229297687065,3289448,0.0000,1.0
2018-04-17,137.82,138.47,136.62,137.69,114.44933119335656,3265766,0.0000,1.0
2018-04-18,139.08,141.1,138.63,138.96,115.50496813587645,5439779,0.0000,1.0
2018-04-19,138.53,138.73,137.17,137.99,114.69869425064473,3174774,0.0000,1.0
2018-04-20,137.26,137.94,135.29,135.66,112.76197450570666,4246834,0.0000,1.0
2018-04-23,135.41,136.41,135.3,136.03,113.06952227636206,3546878,0.0000,1.0
2018-04-24,137.07,137.3,131.46,132.83,110.40964966528836,4430364,0.0000,1.0
2018-04-25,132.81,136.4,132.22,136.06,113.0944585820909,4592585,0.0000,1.0
2018-04-26,129.47,133.56,126.37,132.18,109.86936304116401,8308347,0.0000,1.0
2018-04-27,131.67,135.24,130.7,135.2,112.37961781786481,3631480,0.0000,1.0
2018-04-30,135.53,136.52,133.6,133.63,111.07461781805678,3835577,0.0000,1.0
2018-05-01,134.16,134.16,131.51,132.73,110.32652864619229,3214092,0.0000,1.0
2018-05-02,132.68,133.63,131.13,131.27,109.11296176738992,3490399,0.0000,1.0
2018-05-03,131.63,132.45,129.45,131.73,109.49531845523174,5288750,0.0000,1.0
2018-05-04,131.34,135.02,130.77,134.13,111.49022291353704,2737759,0.0000,1.0
2018-05-07,134.44,135.66,134.23,134.9,112.13025476057666,3057648,0.0000,1.0
2018-05-08,134.46,137.75,134.21,137.09,113.95060507878024,3473002,0.0000,1.0
2018-05-09,137.08,140.22,136.97,139.9,116.28630571537936,3092227,0.0000,1.0
2018-05-10,140.32,142.0,139.55,141.26,117.41675157508568,3072950,0.0000,1.0
2018-05-11,141.4,142.74,140.96,142.36,118.33108278514229,3085259,0.0000,1.0
2018-05-14,142.81,143.26,140.5,140.71,116.9595859700574,2919469,0.0000,1.0
2018-05-15,140.24,141.35,139.37,140.29,116.61047768985395,2911316,0.0000,1.0
2018-05-16,140.51,142.24,140.51,141.36,117.49987259418175,2250988,0.0000,1.0
2018-05-17,141.36,143.35,141.06,142.49,118.43914010996716,2742524,0.0000,1.0
2018-05-18,142.31,144.45,142.0,143.8,119.52802546012546,2763985,0.0000,1.0
2018-05-21,144.41,146.73,144.32,145.08,120.59197450455495,2673769,0.0000,1.0
2018-05-22,145.08,146.39,142.8,142.92,118.79656049208018,2459037,0.0000,1.0
2018-05-23,141.86,144.61,141.2,144.27,119.91869424987692,3455189,0.0000,1.0
2018-05-24,144.25,146.3,143.56,145.66,121.07407641531205,3562872,0.0000,1.0
2018-05-25,145.2,145.4,144.2,145.06,120.57535030073574,2199994,0.0000,1.0
2018-05-29,143.68,144.56,142.44,144.05,119.73582800786559,4091499,0.0000,1.0
2018-05-30,144.4,147.07,144.27,146.14,122.07984074637427,3925682,0.7300,1.0
2018-05-31,146.17,146.81,142.46,142.76,119.25631630595588,4408486,0.0000,1.0
2018-06-01,144.7,148.03,144.68,146.92,122.73142330954776,4504243,0.0000,1.0
2018-06-04,147.79,147.95,142.22,142.96,119.42338875805166,6466572,0.0000,1.0
2018-06-05,142.46,143.28,140.16,142.44,118.98900038260267,4724534,0.0000,1.0
2018-06-06,143.57,143.66,141.34,142.36,118.92217140176437,3783451,0.0000,1.0
2018-06-07,142.44,142.69,141.38,142.2,118.78851344008774,3654194,0.0000,1.0
2018-06-08,142.36,144.85,142.13,144.52,120.72655388439861,4804816,0.0000,1.0
2018-06-11,144.33,147.19,144.09,146.11,122.05477987855994,3201608,0.0000,1.0
2018-06-12,146.83,147.79,145.58,146.1,122.04642625595514,2961971,0.0000,1.0
2018-06-13,146.09,147.3,143.98,144.28,120.5260669418837,3007481,0.0000,1.0
2018-06-14,145.27,145.77,143.92,144.94,121.0774060337997,2832644,0.0000,1.0
2018-06-15,145.41,148.33,144.6,147.02,122.81495953559566,7915745,0.0000,1.0
2018-06-18,145.7,148.27,145.15,146.55,122.42233927317062,3229238,0.0000,1.0
2018-06-19,144.73,145.07,142.41,142.81,119.29808441897984,4280786,0.0000,1.0
2018-06-20,143.33,143.99,142.44,143.36,119.75753366224319,3767907,0.0000,1.0
2018-06-21,143.58,143.98,141.65,143.1,119.54033947451869,3276641,0.0000,1.0
2018-06-22,144.0,144.92,143.58,143.95,120.25039739592567,3198367,0.0000,1.0
2018-06-25,143.18,143.83,140.23,141.23,117.9782120474233,3589854,0.0000,1.0
2018-06-26,142.24,142.26,140.83,141.26,118.00327291523766,2663140,0.0000,1.0
2018-06-27,141.79,143.27,139.76,139.81,116.79199763754339,3085379,0.0000,1.0
2018-06-28,139.63,141.33,138.87,140.71,117.54382367197432,3265118,0.0000,1.0
2018-06-29,141.51,143.32,141.48,141.68,118.35412506463878,3685053,0.0000,1.0
2018-07-02,140.96,143.29,140.48,143.07,119.51527860670431,2569370,0.0000,1.0
2018-07-03,143.62,143.8,140.9,141.23,117.9782120474233,1311024,0.0000,1.0
2018-07-05,142.08,142.48,141.0,142.25,118.83028155311169,2889131,0.0000,1.0
2018-07-06,142.69,144.07,142.13,143.06,119.50692498409954,3379379,0.0000,1.0
2018-07-09,143.99,145.39,143.01,145.05,121.16929588245239,4379606,0.0000,1.0
2018-07-10,145.0,145.63,142.93,144.11,120.3840553576023,3084966,0.0000,1.0
2018-07-11,142.66,142.8,139.35,140.7,117.53547004936952,3994138,0.0000,1.0
2018-07-12,141.87,142.19,139.76,140.27,117.17626427736364,2814526,0.0000,1.0
2018-07-13,139.58,140.44,139.13,139.94,116.90059473140562,3852193,0.0000,1.0
2018-07-16,140.98,141.8,137.51,138.89,116.02346435790285,5221456,0.0000,1.0
2018-07-17,138.37,139.03,137.51,138.26,115.49718613380121,5107690,0.0000,1.0
2018-07-18,139.98,141.99,139.47,141.25,117.99491929263287,5221613,0.0000,1.0
2018-07-19,137.38,141.81,136.66,140.41,117.29321499383067,6186089,0.0000,1.0
2018-07-20,139.59,142.13,139.34,141.41,118.12857725430949,5000926,0.0000,1.0
2018-07-23,141.6,144.9,141.4,144.85,121.00222343035661,5786417,0.0000,1.0
2018-07-24,145.95,146.57,142.0,142.39,118.94723226957872,4122629,0.0000,1.0
2018-07-25,142.62,146.24,141.52,146.04,121.9963045203264,3856097,0.0000,1.0
2018-07-26,145.93,149.04,145.6,147.72,123.39971311793082,5378239,0.0000,1.0
2018-07-27,147.82,148.78,147.0,148.56,124.10141741673303,3190557,0.0000,1.0
2018-07-30,148.03,150.48,148.03,148.52,124.06800292631388,2812031,0.0000,1.0
2018-07-31,149.55,151.5,148.54,149.89,125.21244922316984,4396499,0.0000,1.0
2018-08-01,149.27,150.4,148.03,148.37,123.94269858724206,2822613,0.0000,1.0
2018-08-02,147.73,150.39,147.0,149.94,125.25421733619379,2513050,0.0000,1.0
2018-08-03,149.81,150.13,148.74,149.78,125.12055937451719,1739043,0.0000,1.0
2018-08-06,149.5,150.33,148.25,149.11,124.56086665999639,2959193,0.0000,1.0
2018-08-07,149.78,150.3,149.04,149.88,125.20409560056507,2188398,0.0000,1.0
2018-08-08,149.52,150.84,149.52,149.98,125.28763182661294,1907383,0.0000,1.0
2018-08-09,149.76,150.39,148.52,148.76,124.26848986882878,1946266,0.0000,1.0
2018-08-10,148.01,149.4,147.46,148.84,124.3353188496671,2308552,0.0000,1.0
2018-08-13,148.84,149.82,147.92,148.63,124.15989277496654,2735102,0.0000,1.0
2018-08-14,148.85,151.1,148.85,150.19,125.4630579013135,3304338,0.0000,1.0
2018-08-15,148.32,149.62,147.52,148.98,124.45226956613412,4189038,0.0000,1.0
2018-08-16,149.5,150.26,148.51,149.25,124.67781737646341,3629980,0.0000,1.0
2018-08-17,149.07,150.17,148.79,149.46,124.85324345116398,2783176,0.0000,1.0
2018-08-20,150.22,151.79,150.14,150.85,126.01439699322951,3275261,0.0000,1.0
2018-08-21,150.79,151.97,150.62,151.56,126.60750419816948,3061324,0.0000,1.0
2018-08-22,151.13,151.44,150.21,150.32,125.57165499517573,2395712,0.0000,1.0
2018-08-23,150.43,150.74,149.57,150.24,125.50482601433745,2012707,0.0000,1.0
2018-08-24,151.28,151.46,149.92,150.13,125.41293616568477,2806895,0.0000,1.0
2018-08-27,151.35,153.04,151.17,152.78,127.62664615595364,3139982,0.0000,1.0
2018-08-28,153.34,153.72,151.01,151.24,126.34018827481627,4009962,0.0000,1.0
2018-08-29,151.38,152.0,150.63,150.82,125.98933612541515,2618454,0.0000,1.0
2018-08-30,149.7,150.28,149.05,149.72,125.73872744727151,3122736,0.8000,1.0
2018-08-31,149.39,150.81,149.0,150.62,126.49457071939645,3622108,0.0000,1.0
2018-09-04,149.81,151.71,149.71,151.27,127.04045752704224,6145778,0.0000,1.0
2018-09-05,151.0,154.29,150.43,154.17,129.47595251500033,5657982,0.0000,1.0
2018-09-06,154.81,155.96,154.25,154.65,129.8790689268003,3924974,0.0000,1.0
2018-09-07,154.18,156.6,154.06,155.1,130.25699056286274,5445920,0.0000,1.0
2018-09-10,155.94,156.91,155.91,155.96,130.97924080067102,4210184,0.0000,1.0
2018-09-11,155.96,156.81,154.82,156.3,131.26478159236268,3608113,0.0000,1.0
2018-09-12,156.46,157.69,156.06,156.99,131.84426143432512,4142677,0.0000,1.0
2018-09-13,157.62,157.95,156.07,156.63,131.54192412547513,3328682,0.0000,1.0
2018-09-14,157.1,157.8,156.15,157.41,132.19698829465008,2584972,0.0000,1.0
2018-09-17,157.5,157.85,156.27,156.71,131.60911019410847,2685749,0.0000,1.0
2018-09-18,164.0,164.58,162.85,163.7,137.4794929409454,10399300,0.0000,1.0
2018-09-19,163.55,163.7,161.9,162.8,136.72364966882049,6318332,0.0000,1.0
2018-09-20,163.58,165.11,162.53,164.01,137.73983895689955,6496735,0.0000,1.0
2018-09-21,164.71,165.63,164.55,164.99,138.56286829765781,13247667,0.0000,1.0
2018-09-24,164.48,164.84,163.05,163.18,137.0427834948288,4956461,0.0000,1.0
2018-09-25,164.21,164.64,162.87,163.22,137.07637652914545,5815887,0.0000,1.0
2018-09-26,163.01,164.54,162.6,162.79,136.7152514102413,3497278,0.0000,1.0
2018-09-27,163.11,164.32,162.51,163.8,137.56347552673708,2893010,0.0000,1.0
2018-09-28,163.5,164.15,162.3,162.83,136.748844444558,3666342,0.0000,1.0
2018-10-01,164.41,164.98,164.09,164.3,137.98338845569538,3176571,0.0000,1.0
2018-10-02,164.54,164.54,162.41,163.15,137.0175887190913,3833081,0.0000,1.0
2018-10-03,163.81,164.77,162.66,163.06,136.94200439187878,3362906,0.0000,1.0
2018-10-04,163.84,164.65,162.48,164.44,138.1009640758037,3177440,0.0000,1.0
2018-10-05,164.22,164.64,163.05,163.77,137.53828075099958,2814891,0.0000,1.0
2018-10-08,163.23,164.88,162.19,164.56,138.20174317875367,3245153,0.0000,1.0
2018-10-09,164.3,164.66,162.27,162.39,136.37932106707467,3558724,0.0000,1.0
2018-10-10,162.39,162.97,154.17,154.46,129.71950201379616,8011000,0.0000,1.0
2018-10-11,154.15,156.28,150.36,152.09,127.72911473053382,6631689,0.0000,1.0
2018-10-12,154.03,155.18,151.65,152.65,128.1994172109671,5435281,0.0000,1.0
2018-10-15,153.0,154.53,151.66,152.19,127.81309731632548,4717669,0.0000,1.0
2018-10-16,153.2,153.71,151.92,153.15,128.6193301399254,6731849,0.0000,1.0
2018-10-17,153.96,154.44,149.24,149.89,125.88149784311732,6680161,0.0000,1.0
2018-10-18,146.77,150.08,146.59,148.52,124.73093641777162,7973175,0.0000,1.0
2018-10-19,148.34,149.73,147.74,148.7,124.88210507219658,5546548,0.0000,1.0
2018-10-22,146.7,147.38,145.59,146.82,123.3032324593134,6467496,0.0000,1.0
2018-10-23,144.6,144.94,141.57,143.92,120.8677374713553,6561836,0.0000,1.0
2018-10-24,144.78,146.17,140.42,140.45,117.95354174438474,8014517,0.0000,1.0
2018-10-25,136.5,145.15,135.81,144.15,121.06089741867612,9038090,0.0000,1.0
2018-10-26,143.07,144.16,140.08,142.74,119.87674295901374,5664081,0.0000,1.0
2018-10-29,144.68,144.71,139.32,141.34,118.70098675793051,5296209,0.0000,1.0
2018-10-30,142.0,146.61,141.68,146.28,122.84972649603846,4934916,0.0000,1.0
2018-10-31,147.3,148.96,145.91,146.22,122.79933694456345,4355267,0.0000,1.0
2018-11-01,147.16,147.95,146.24,147.18,123.60556976816339,3561631,0.0000,1.0
2018-11-02,148.33,149.98,147.71,148.56,124.76452945208827,5841162,0.0000,1.0
2018-11-05,149.31,149.8,148.35,148.57,124.77292771066743,5036450,0.0000,1.0
2018-11-06,148.59,150.64,148.59,150.17,126.11664908333397,4280980,0.0000,1.0
2018-11-07,151.05,152.93,150.22,152.87,128.38417889970876,5780428,0.0000,1.0
2018-11-08,152.82,153.3,151.4,152.39,127.98106248790879,2602104,0.0000,1.0
2018-11-09,151.59,151.82,149.67,150.25,126.1838351519673,3807105,0.0000,1.0
2018-11-12,150.51,151.0,147.42,147.77,124.10106702433417,3037879,0.0000,1.0
2018-11-13,148.43,150.07,147.45,148.59,124.78972422782577,2724991,0.0000,1.0
2018-11-14,149.75,151.49,146.64,148.56,124.76452945208827,4034367,0.0000,1.0
2018-11-15,147.91,152.14,146.73,151.43,127.17482966430889,3435401,0.0000,1.0
2018-11-16,151.8,152.94,151.01,151.42,127.1664314057297,3226087,0.0000,1.0
2018-11-19,150.36,151.38,148.87,150.64,126.51136723655476,4401430,0.0000,1.0
2018-11-20,147.51,147.82,140.97,141.56,118.88574844667215,7317803,0.0000,1.0
2018-11-21,142.11,144.62,141.78,144.1,121.01890612578029,4779647,0.0000,1.0
2018-11-23,142.58,144.12,142.24,143.54,120.548603645347,1608601,0.0000,1.0
2018-11-26,144.03,144.66,142.09,142.76,119.89353947617205,4868564,0.0000,1.0
2018-11-27,143.19,147.38,142.69,147.38,123.7735349397467,4907629,0.0000,1.0
2018-11-28,148.73,152.14,146.61,151.98,127.63673388616299,4358421,0.0000,1.0
2018-11-29,150.88,151.68,149.74,150.48,127.04885578562138,2970648,0.8000,1.0
2018-11-30,150.24,154.37,150.14,153.78,129.83501490372714,6214471,0.0000,1.0
2018-12-03,157.0,159.63,156.39,157.13,132.66338855392536,5085373,0.0000,1.0
2018-12-04,156.33,157.59,151.73,153.03,129.20179692233947,4385607,0.0000,1.0
2018-12-06,149.46,151.75,146.88,151.68,128.06200455584167,5258576,0.0000,1.0
2018-12-07,151.85,153.52,147.29,147.45,124.49065514081522,5287015,0.0000,1.0
2018-12-10,146.4,148.6,144.16,148.04,124.98878661950685,4558083,0.0000,1.0
2018-12-11,150.09,151.15,146.86,147.84,124.81992849113682,3333172,0.0000,1.0
2018-12-12,150.14,150.89,147.03,147.34,124.39778317021171,5023792,0.0000,1.0
2018-12-13,148.22,148.22,144.6,145.84,123.13134720743638,5340323,0.0000,1.0
2018-12-14,144.38,145.87,141.86,142.57,120.37051680858613,4505841,0.0000,1.0
2018-12-17,142.08,142.2,138.73,139.6,117.86297360229098,4226676,0.0000,1.0
2018-12-18,140.64,141.64,138.7,139.78,118.01494591782402,2800313,0.0000,1.0
2018-12-19,139.25,142.64,135.941,136.89,115.57494596287687,3596993,0.0000,1.0
2018-12-20,136.28,136.99,133.11,134.68,113.7090636443879,5960724,0.0000,1.0
2018-12-21,134.17,137.66,132.28,132.54,111.90228167082842,7588337,0.0000,1.0
2018-12-24,132.53,132.53,128.08,128.21,108.24650319161697,2466029,0.0000,1.0
2018-12-26,129.29,136.07,128.92,136.02,114.8404131044672,3739730,0.0000,1.0
2018-12-27,133.95,137.14,131.97,137.14,115.78601862333943,3224872,0.0000,1.0
2018-12-28,137.93,138.58,135.97,136.78,115.48207399227336,2769439,0.0000,1.0
2018-12-31,138.04,138.51,136.53,138.23,116.70629542295617,2552328,0.0000,1.0
2019-01-02,135.65,138.32,134.77,137.78,116.32636463412358,3606279,0.0000,1.0
2019-01-03,136.04,136.75,132.17,132.68,112.02048236068745,5684548,0.0000,1.0
2019-01-04,134.82,138.58,134.52,137.79,116.33480754054207,5649910,0.0000,1.0
2019-01-07,137.33,139.23,136.26,138.65,117.06089749253327,4034159,0.0000,1.0
2019-01-08,151.06,152.89,149.04,150.75,127.27681425892096,10558784,0.0000,1.0
2019-01-09,150.29,151.06,148.61,150.36,126.94754090859938,4284605,0.0000,1.0
2019-01-10,149.9,155.29,149.01,154.66,130.57799066855532,6444580,0.0000,1.0
2019-01-11,153.64,155.03,153.09,153.21,129.3537692378725,3845187,0.0000,1.0
2019-01-14,152.23,154.24,151.65,153.89,129.92788687433065,3507132,0.0000,1.0
2019-01-15,153.79,154.36,151.74,152.48,128.73743706932183,4685128,0.0000,1.0
2019-01-16,152.91,153.73,150.91,151.97,128.30684884197822,4053189,0.0000,1.0
2019-01-17,151.11,154.92,150.93,154.64,130.5611048557183,4075415,0.0000,1.0
2019-01-18,155.54,158.8,155.01,158.34,133.68498023056415,5004101,0.0000,1.0
2019-01-22,156.93,157.2,154.41,155.02,130.8819352996214,6052949,0.0000,1.0
2019-01-23,155.45,156.02,152.43,154.33,130.29937475674475,4858049,0.0000,1.0
2019-01-24,160.04,160.76,156.01,160.34,135.3735615142646,9222413,0.0000,1.0
2019-01-25,161.46,162.0,160.22,160.95,135.8885788057932,7771422,0.0000,1.0
2019-01-28,160.0,160.79,159.34,159.9,135.0020736318505,3733764,0.0000,1.0
2019-01-29,160.04,160.93,158.75,160.17,135.23003210515003,3437012,0.0000,1.0
2019-01-30,161.09,161.89,159.44,160.82,135.7788210223527,4112249,0.0000,1.0
2019-01-31,160.75,160.99,157.02,159.07,134.3013123991148,7438567,0.0000,1.0
2019-02-01,159.07,160.51,158.26,159.67,134.80788678422493,4073435,0.0000,1.0
2019-02-04,159.67,161.16,159.22,161.13,136.04055112132625,5339115,0.0000,1.0
2019-02-05,160.76,161.34,160.0,161.3,136.1840805304408,3357119,0.0000,1.0
2019-02-06,161.0,162.02,160.3,160.74,135.7112777710047,2379621,0.0000,1.0
2019-02-07,159.44,161.6,158.93,161.57,136.41203900374035,3056316,0.0000,1.0
2019-02-08,160.57,161.76,160.28,161.72,136.5386826000179,2986310,0.0000,1.0
2019-02-11,162.71,164.63,162.39,164.35,138.75916698808396,4044774,0.0000,1.0
2019-02-12,165.0,168.05,164.88,167.05,141.0387517210796,3781764,0.0000,1.0
2019-02-13,166.86,169.17,166.6,168.88,142.58380359566547,3886900,0.0000,1.0
2019-02-14,167.7,170.52,167.52,169.63,143.21702157705315,4157496,0.0000,1.0
2019-02-15,170.87,171.35,169.73,170.24,143.73203886858178,3270904,0.0000,1.0
2019-02-19,169.32,172.44,169.05,171.33,144.65231566819853,3889680,0.0000,1.0
2019-02-20,171.47,171.93,170.76,170.99,144.36525684996946,3063643,0.0000,1.0
2019-02-21,171.25,171.83,169.53,170.17,143.67293852365225,3056690,0.0000,1.0
2019-02-22,169.9,170.35,168.1,170.06,143.58006655304874,4345646,0.0000,1.0
2019-02-25,170.74,170.74,168.56,169.55,143.14947832570513,4804208,0.0000,1.0
2019-02-26,169.54,171.23,168.72,170.15,143.65605271081526,3635210,0.0000,1.0
2019-02-27,168.98,170.55,167.81,169.06,143.47875167602672,2543977,0.8800,1.0
2019-02-28,169.17,169.19,167.53,167.7,142.3245395485016,3650702,0.0000,1.0
2019-03-01,169.28,169.54,166.79,167.44,142.10388134765122,3116144,0.0000,1.0
2019-03-04,167.34,170.11,166.0,167.37,142.0444733704992,4341010,0.0000,1.0
2019-03-05,167.71,169.19,166.78,166.78,141.5437489916464,2794898,0.0000,1.0
2019-03-06,166.91,167.21,165.48,165.91,140.80539270418546,3067864,0.0000,1.0
2019-03-07,165.75,166.11,164.16,164.94,139.98216787793592,4141521,0.0000,1.0
2019-03-08,163.67,164.48,161.81,164.3,139.43900922968882,2884723,0.0000,1.0
2019-03-11,164.1,166.95,163.68,165.6,140.54230023394075,4051724,0.0000,1.0
2019-03-12,165.99,166.76,164.53,164.83,139.88881248526846,4723509,0.0000,1.0
2019-03-13,166.1,168.92,165.19,166.83,141.5861832610407,3855069,0.0000,1.0
2019-03-14,167.18,167.33,164.6,165.17,140.17736551714972,3762115,0.0000,1.0
2019-03-15,164.49,166.6085,164.21,165.0,140.0330890012091,9732434,0.0000,1.0
2019-03-18,165.0,167.57,164.62,166.24,141.08545888218788,4071698,0.0000,1.0
2019-03-19,165.87,165.93,160.31,160.75,136.4261761026931,5727994,0.0000,1.0
2019-03-20,161.11,162.43,160.16,161.0,136.63834744966462,3802445,0.0000,1.0
2019-03-21,159.92,163.27,159.5,162.61,138.0047309241613,3316650,0.0000,1.0
2019-03-22,162.09,162.44,160.06,160.62,136.3158470022679,3556674,0.0000,1.0
2019-03-25,160.71,163.7,160.6,161.5,137.06269014360768,3137226,0.0000,1.0
2019-03-26,163.06,163.06,160.26,161.81,137.3257826138524,2628207,0.0000,1.0
2019-03-27,161.69,163.6,161.5,163.01,138.3442050793157,2871853,0.0000,1.0
2019-03-28,163.76,165.48,163.76,165.2,140.2028260787863,2829645,0.0000,1.0
2019-03-29,166.18,168.14,165.81,167.2,141.90019685455854,3646922,0.0000,1.0
2019-04-01,168.94,171.27,168.53,170.92,145.0573064974949,3371953,0.0000,1.0
2019-04-02,170.67,171.29,169.13,169.78,144.08980515530473,2260052,0.0000,1.0
2019-04-03,170.36,171.02,168.94,169.61,143.9455286393641,2669126,0.0000,1.0
2019-04-04,169.28,170.17,168.31,168.79,143.24960662129746,2788629,0.0000,1.0
2019-04-05,169.16,169.99,168.51,168.72,143.19019864414545,2214433,0.0000,1.0
2019-04-08,168.42,168.81,167.38,168.69,143.16473808250885,2580757,0.0000,1.0
2019-04-09,167.56,167.56,165.77,166.09,140.95815607400496,3025048,0.0000,1.0
2019-04-10,166.86,167.29,164.97,166.35,141.17881427485534,3551540,0.0000,1.0
2019-04-11,166.6,167.03,165.26,166.67,141.4503935989789,2378425,0.0000,1.0
2019-04-12,167.79,169.64,167.0,169.5,143.85217324669662,3091793,0.0000,1.0
2019-04-15,169.5,170.24,167.01,167.63,142.26513157134957,3052574,0.0000,1.0
2019-04-16,167.78,168.35,166.935,167.98,142.5621714571097,2361354,0.0000,1.0
2019-04-17,171.11,172.29,168.67,169.28,143.66546246136167,5437155,0.0000,1.0
2019-04-18,175.2,177.77,174.6,176.66,149.9287606239612,8684655,0.0000,1.0
2019-04-22,176.71,179.55,176.12,177.72,150.8283671351205,4969735,0.0000,1.0
2019-04-23,177.25,177.48,175.34,176.73,149.98816860111322,3284861,0.0000,1.0
2019-04-24,177.54,179.1,176.73,176.84,150.0815239937807,2859045,0.0000,1.0
2019-04-25,175.14,177.14,174.14,175.49,148.93579872013444,2199918,0.0000,1.0
2019-04-26,175.56,177.26,175.13,177.22,150.40402444117743,2234054,0.0000,1.0
2019-04-29,177.07,177.75,176.32,176.41,149.71658927698968,1836407,0.0000,1.0
2019-04-30,176.08,177.66,174.86,177.04,150.25126107135793,2444055,0.0000,1.0
2019-05-01,177.01,178.02,175.05,175.36,148.82546961970925,2601323,0.0000,1.0
2019-05-02,174.56,175.97,173.81,175.89,149.2752728752889,2313295,0.0000,1.0
2019-05-03,177.89,180.02,177.54,179.2,152.08442150919194,2729465,0.0000,1.0
2019-05-06,176.25,179.63,175.68,177.16,150.35310331790427,2705968,0.0000,1.0
2019-05-07,174.84,175.72,172.33,174.75,148.30777153309873,4547325,0.0000,1.0
2019-05-08,174.88,177.17,174.54,175.58,149.0121804050442,2314524,0.0000,1.0
2019-05-09,174.0,176.05,172.71,175.63,149.0546146744385,2138414,0.0000,1.0
2019-05-10,174.33,176.26,171.81,175.92,149.30073343692547,2659624,0.0000,1.0
2019-05-13,172.38,173.37,170.13,171.79,145.79566278495582,3649453,0.0000,1.0
2019-05-14,172.49,176.19,172.45,174.49,148.08711333224835,2560625,0.0000,1.0
2019-05-15,173.5,174.84,172.38,173.77,147.47605985297034,4089183,0.0000,1.0
2019-05-16,174.08,176.53,173.87,175.63,149.0546146744385,5131258,0.0000,1.0
2019-05-17,173.55,176.1,173.29,174.62,148.19744243267354,4596293,0.0000,1.0
2019-05-20,174.06,175.68,173.19,174.74,148.29928467921988,3065379,0.0000,1.0
2019-05-21,176.0,176.33,174.46,175.04,148.5538902955857,2519447,0.0000,1.0
2019-05-22,174.63,175.18,173.02,174.46,148.06165277061174,1995260,0.0000,1.0
2019-05-23,172.39,172.91,169.77,172.65,146.52553221853788,3573605,0.0000,1.0
2019-05-24,173.68,173.98,170.97,172.17,146.11816323235254,1815932,0.0000,1.0
2019-05-28,173.0,174.01,169.74,169.81,144.1152657169413,3819298,0.0000,1.0
2019-05-29,169.44,169.78,168.13,169.0,143.42783055275356,3116726,0.0000,1.0
2019-05-30,168.93,169.87,167.99,169.48,144.58204268027865,2160528,0.8800,1.0
2019-05-31,167.25,167.93,164.39,166.78,142.27869411267923,4215953,0.0000,1.0
2019-06-03,166.64,168.62,165.58,166.34,141.90333360536673,2788465,0.0000,1.0
2019-06-04,167.98,170.59,167.04,170.41,145.37541829800736,3287969,0.0000,1.0
2019-06-05,171.0,173.05,170.71,172.48,147.14131886650026,3068632,0.0000,1.0
2019-06-06,172.18,172.25,169.63,170.67,145.59722223414656,2276297,0.0000,1.0
2019-06-07,170.95,172.53,170.53,171.97,146.7062419148426,2221174,0.0000,1.0
2019-06-10,173.53,174.925,172.07,172.39,147.0645405809136,2182810,0.0000,1.0
2019-06-11,173.14,173.76,168.93,171.01,145.88727353525167,1989920,0.0000,1.0
2019-06-12,170.81,172.03,169.64,171.23,146.07495378890792,2239241,0.0000,1.0
2019-06-13,169.46,170.23,166.39,167.15,142.59433817564656,4219737,0.0000,1.0
2019-06-14,167.5,167.66,164.82,166.99,142.45784344571476,3579612,0.0000,1.0
2019-06-17,165.77,165.77,164.16,164.74,140.53838630604855,4444106,0.0000,1.0
2019-06-18,165.92,167.46,165.16,165.54,141.22085995570762,4132029,0.0000,1.0
2019-06-19,165.83,166.52,163.5,165.93,141.55356585991643,3778216,0.0000,1.0
2019-06-20,168.205,168.56,166.65,167.43,142.83320395302724,3405264,0.0000,1.0
2019-06-21,167.63,170.42,167.0,168.87,144.0616565224136,5885177,0.0000,1.0
2019-06-24,168.97,169.24,166.9,167.25,142.67964738185395,2542468,0.0000,1.0
2019-06-25,167.27,167.76,163.95,166.36,141.9203954466082,2586556,0.0000,1.0
2019-06-26,166.75,167.22,165.51,165.83,141.46825665370906,2423072,0.0000,1.0
2019-06-27,166.41,167.83,166.0,166.01,141.62181322488235,3226516,0.0000,1.0
2019-06-28,166.66,169.39,166.54,169.11,144.26639861731135,4759327,0.0000,1.0
2019-07-01,171.1,173.43,170.79,171.5,146.30528864566787,3223435,0.0000,1.0
2019-07-02,171.79,171.98,169.77,171.23,146.07495378890792,2267651,0.0000,1.0
2019-07-03,171.27,172.01,170.53,171.8,146.56121626429004,1172288,0.0000,1.0
2019-07-05,171.28,171.39,166.93,170.03,145.05124331441928,2605475,0.0000,1.0
2019-07-08,169.3,170.07,168.63,169.59,144.6758828071068,2200703,0.0000,1.0
2019-07-09,168.92,170.0,168.55,169.6,144.68441372772753,2057498,0.0000,1.0
2019-07-10,170.99,171.04,168.89,169.57,144.65882096586532,1703058,0.0000,1.0
2019-07-11,169.8,172.25,169.12,171.75,146.51856166118634,2341013,0.0000,1.0
2019-07-12,172.38,174.35,172.12,174.05,148.48067340395625,2036418,0.0000,1.0
2019-07-15,173.56,173.97,172.43,172.69,147.32046819953575,1994445,0.0000,1.0
2019-07-16,173.42,176.72,173.01,175.15,149.41907467223749,2958291,0.0000,1.0
2019-07-17,171.0,171.51,163.8,164.55,140.3762988142545,10726079,0.0000,1.0
2019-07-18,173.86,174.9,170.5,174.25,148.65129181637099,7477178,0.0000,1.0
2019-07-19,174.4,177.59,174.05,175.3,149.54703848154855,4732560,0.0000,1.0
2019-07-22,175.29,176.14,172.39,173.58,148.07972013478152,3757070,0.0000,1.0
2019-07-23,174.1,174.26,171.45,173.22,147.77260699243493,2599028,0.0000,1.0
2019-07-24,171.77,175.31,171.14,174.37,148.75366286381987,3149018,0.0000,1.0
2019-07-25,174.06,175.11,172.86,173.21,147.76407607181417,1943384,0.0000,1.0
2019-07-26,174.57,175.72,173.35,174.23,148.6342299751295,1627793,0.0000,1.0
2019-07-29,174.12,177.74,173.98,177.5,151.42384101811106,3386123,0.0000,1.0
2019-07-30,176.84,179.48,176.55,179.3,152.95940672984403,2824972,0.0000,1.0
2019-07-31,178.15,180.3,177.3,179.95,153.513916570192,4508414,0.0000,1.0
2019-08-01,177.35,180.54,174.57,175.01,149.29964178354712,4428009,0.0000,1.0
2019-08-02,174.08,174.81,172.1,173.52,148.0285346110571,2329851,0.0000,1.0
2019-08-05,170.68,171.41,165.51,166.84,142.32987963640366,4051403,0.0000,1.0
2019-08-06,168.12,169.45,166.37,168.33,143.60098680889374,2055303,0.0000,1.0
2019-08-07,166.42,167.24,163.8,166.92,142.39812700136955,2152486,0.0000,1.0
2019-08-08,168.15,170.61,167.17,169.7,144.7697229339349,2395575,0.0000,1.0
2019-08-09,168.6,169.67,165.96,168.01,143.32799734903008,2325919,0.0000,1.0
2019-08-12,167.2,168.71,165.34,165.67,141.33176192377724,3666772,0.0000,1.0
2019-08-13,165.14,169.65,164.27,168.78,143.98487823682694,2281014,0.0000,1.0
2019-08-14,166.04,166.84,163.06,163.7,139.6511705614917,3113777,0.0000,1.0
2019-08-15,163.64,163.96,160.64,162.45,138.58480548389937,2873603,0.0000,1.0
2019-08-16,164.11,166.89,163.45,166.25,141.82655531978008,2171455,0.0000,1.0
2019-08-19,168.95,170.28,168.26,168.76,143.96781639558546,2630058,0.0000,1.0
2019-08-20,168.7,168.82,167.46,167.56,142.94410592109685,2362047,0.0000,1.0
2019-08-21,168.51,169.53,167.79,168.53,143.7716052213085,1724094,0.0000,1.0
2019-08-22,169.08,170.09,165.95,166.07,141.67299874860677,4017740,0.0000,1.0
2019-08-23,165.11,165.46,159.05,159.98,136.47766809057694,3590019,0.0000,1.0
2019-08-26,161.46,162.42,158.29,159.11,135.73547799657268,3299368,0.0000,1.0
2019-08-27,160.71,160.71,157.28,157.47,134.33640701477154,3994922,0.0000,1.0
2019-08-28,157.47,159.73,156.61,158.4,135.12978263250025,5840848,0.0000,1.0
2019-08-29,159.44,162.78,158.21,161.73,138.79807849941784,4395025,0.9700,1.0
2019-08-30,162.41,164.08,161.46,161.96,138.99546647972372,2987219,0.0000,1.0
2019-09-03,161.05,162.1,158.7,159.33,136.73837783535674,2682414,0.0000,1.0
2019-09-04,160.24,160.9,158.62,160.08,137.38203429287586,3890373,0.0000,1.0
2019-09-05,162.45,166.66,162.1,166.13,142.57419638352988,3802854,0.0000,1.0
2019-09-06,166.41,167.21,164.14,164.6,141.26113721019092,2055624,0.0000,1.0
2019-09-09,165.12,166.46,164.01,166.12,142.56561429742962,3285853,0.0000,1.0
2019-09-10,165.35,167.73,164.85,167.57,143.81001678196654,3006671,0.0000,1.0
2019-09-11,167.85,167.99,165.72,167.3,143.57830045725967,2617720,0.0000,1.0
2019-09-12,167.71,168.58,166.15,167.71,143.93016598737012,2357484,0.0000,1.0
2019-09-13,169.33,172.21,169.02,171.45,147.1398661888653,3159977,0.0000,1.0
2019-09-16,168.81,170.89,167.0,168.95,144.99434466380166,2648903,0.0000,1.0
2019-09-17,168.89,169.68,166.34,166.9,143.2350170132495,3144421,0.0000,1.0
2019-09-18,166.17,168.07,165.06,167.87,144.0674793649742,1613530,0.0000,1.0
2019-09-19,167.87,168.09,166.5,167.11,143.41524082135484,2470414,0.0000,1.0
2019-09-20,168.22,168.57,165.61,166.38,142.78874853603622,3638196,0.0000,1.0
2019-09-23,166.0,167.19,165.34,166.05,142.50553969472784,2287679,0.0000,1.0
2019-09-24,167.09,169.35,164.09,165.08,141.67307734300314,3767865,0.0000,1.0
2019-09-25,165.29,165.66,163.55,163.6,140.40292860016547,4859513,0.0000,1.0
2019-09-26,163.86,165.59,163.6,163.73,140.51449571946875,4227965,0.0000,1.0
2019-09-27,164.33,164.81,161.86,162.69,139.62195876504228,3212576,0.0000,1.0
2019-09-30,164.02,164.91,161.86,161.98,139.0126306519242,3399297,0.0000,1.0
2019-10-01,162.87,163.19,155.51,155.95,133.83763273347068,6045097,0.0000,1.0
2019-10-02,154.5,154.71,150.34,152.02,130.46487289607063,5447479,0.0000,1.0
2019-10-03,152.45,153.75,149.09,153.67,131.8809171026126,3349213,0.0000,1.0
2019-10-04,154.0,156.41,153.44,156.32,134.15516991918008,3544455,0.0000,1.0
2019-10-07,155.45,156.91,154.87,155.91,133.80330438906967,3285314,0.0000,1.0
2019-10-08,154.35,154.81,151.28,151.47,129.9928581605566,4320455,0.0000,1.0
2019-10-09,152.94,154.55,152.48,153.23,131.5033053142014,3948850,0.0000,1.0
2019-10-10,152.88,155.95,152.56,155.77,133.68315518366612,3589114,0.0000,1.0
2019-10-11,157.9,162.24,157.4,161.39,138.50628757200917,4857895,0.0000,1.0
2019-10-14,160.52,160.74,158.86,159.55,136.92718372956236,2351239,0.0000,1.0
2019-10-15,160.41,163.66,159.5,163.14,140.00815263955374,3846960,0.0000,1.0
2019-10-16,162.94,164.91,162.5,163.31,140.15404810325808,3807154,0.0000,1.0
2019-10-17,162.11,166.11,159.61,163.68,140.4715852889675,6321196,0.0000,1.0
2019-10-18,163.18,163.93,159.86,161.5,138.600690519112,5176687,0.0000,1.0
2019-10-21,162.2,167.4,161.75,167.07,143.3809124769538,3172152,0.0000,1.0
2019-10-22,167.03,170.94,165.74,170.77,146.55628433404803,4166203,0.0000,1.0
2019-10-23,169.94,171.0,168.38,170.03,145.92120996262918,3324267,0.0000,1.0
2019-10-24,170.86,171.95,169.78,170.39,146.23016506223834,2096628,0.0000,1.0
2019-10-25,170.39,172.68,169.4,172.33,147.89508976568774,1868354,0.0000,1.0
2019-10-28,172.87,173.06,170.57,170.75,146.5391201618475,2185194,0.0000,1.0
2019-10-29,169.72,170.57,169.1,170.19,146.05852334023325,2112284,0.0000,1.0
2019-10-30,169.22,169.65,166.36,167.95,144.1361360537762,2891616,0.0000,1.0
2019-10-31,167.35,167.95,163.63,165.46,141.99919661481283,3909500,0.0000,1.0
2019-11-01,167.2,172.55,166.69,172.53,148.06673148769283,3547541,0.0000,1.0
2019-11-04,173.25,176.7,173.13,176.63,151.58538678879722,3683176,0.0000,1.0
2019-11-05,176.63,179.48,176.45,177.77,152.56374460422626,5010180,0.0000,1.0
2019-11-06,177.69,177.99,175.28,176.34,151.33650629188983,2855925,0.0000,1.0
2019-11-07,177.68,180.0,176.67,177.01,151.91150606060688,2628040,0.0000,1.0
2019-11-08,176.41,176.67,175.15,176.1,151.13053622548372,1441808,0.0000,1.0
2019-11-11,174.91,177.11,174.43,176.8,151.73128225250156,1252110,0.0000,1.0
2019-11-12,176.39,176.83,174.91,175.47,150.5898648011677,1775461,0.0000,1.0
2019-11-13,174.31,176.4,173.66,175.54,150.64993940386947,2281782,0.0000,1.0
2019-11-14,175.54,176.2,174.09,174.77,149.98911877414986,2151997,0.0000,1.0
2019-11-15,175.18,177.1,174.77,176.27,151.27643168918806,2160266,0.0000,1.0
2019-11-18,175.82,176.47,174.57,176.25,151.25926751698753,2930130,0.0000,1.0
2019-11-19,176.07,177.29,175.44,177.17,152.04881943821096,3593968,0.0000,1.0
2019-11-20,176.66,177.71,173.78,174.09,149.40553691933255,2915101,0.0000,1.0
2019-11-21,173.84,174.83,172.3,174.17,149.47419360813458,1704053,0.0000,1.0
2019-11-22,174.68,175.99,173.8,175.94,150.99322284787965,1934984,0.0000,1.0
2019-11-25,176.18,179.99,175.67,179.9,154.3917289435805,2655869,0.0000,1.0
2019-11-26,179.26,179.95,178.06,178.09,152.8383713594344,2953890,0.0000,1.0
2019-11-27,177.48,177.8,175.93,177.19,152.89844596213618,2113485,0.9700,1.0
2019-11-29,176.55,176.99,175.44,175.99,151.86295786938513,975642,0.0000,1.0
2019-12-02,175.86,176.57,172.79,173.0,149.282866704947,2099671,0.0000,1.0
2019-12-03,170.9,171.07,167.15,168.0,144.96833298515085,4273094,0.0000,1.0
2019-12-04,169.17,172.89,168.95,171.46,147.95399031924978,3623012,0.0000,1.0
2019-12-05,171.61,171.89,169.36,170.49,147.11697077760934,2647600,0.0000,1.0
2019-12-06,172.31,174.13,171.79,172.0,148.41995996098777,2123929,0.0000,1.0
2019-12-09,171.29,172.58,170.52,171.36,147.86769964485387,2078937,0.0000,1.0
2019-12-10,170.83,172.5,170.13,171.85,148.29052394939387,1811612,0.0000,1.0
2019-12-11,172.78,174.68,172.01,174.45,150.53408148368788,2010376,0.0000,1.0
2019-12-12,174.09,176.32,173.17,175.22,151.1985196765365,3377703,0.0000,1.0
2019-12-13,175.83,177.53,174.16,177.03,152.7603808831027,2842405,0.0000,1.0
2019-12-16,178.29,180.84,178.02,180.09,155.40087551961795,3625635,0.0000,1.0
2019-12-17,179.74,180.66,177.07,177.39,153.07102731092803,3516465,0.0000,1.0
2019-12-18,177.75,179.3,176.54,178.22,153.7872399084142,3785988,0.0000,1.0
2019-12-19,177.85,179.2,177.03,177.47,153.14005985044477,2479216,0.0000,1.0
2019-12-20,178.81,180.56,176.72,180.4,155.66837661024533,6140074,0.0000,1.0
2019-12-23,180.4,180.68,179.0,179.42,154.82272800116525,1888045,0.0000,1.0
2019-12-24,179.76,180.48,179.36,179.89,155.2282941708261,666016,0.0000,1.0
2019-12-26,180.36,180.92,179.5,180.81,156.0221683752686,1171702,0.0000,1.0
2019-12-27,181.0,181.59,180.66,181.41,156.53991242164415,1363023,0.0000,1.0
2019-12-30,181.15,181.38,179.6,180.15,155.45264992425552,1493040,0.0000,1.0
2019-12-31,179.96,181.26,179.54,180.79,156.00491024038942,1588754,0.0000,1.0
2020-01-02,180.95,182.38,179.97,182.27,157.2820122214491,2444774,0.0000,1.0
2020-01-03,179.54,181.19,178.29,180.98,156.16886252174166,2344175,0.0000,1.0
2020-01-06,179.7,180.08,177.94,179.43,154.83135706860486,3140861,0.0000,1.0
2020-01-07,179.23,179.58,177.61,178.07,153.6578038968203,4099722,0.0000,1.0
2020-01-08,177.89,181.05,177.48,180.02,155.34047204754083,2817514,0.0000,1.0
2020-01-09,180.51,180.83,178.57,179.1,154.5465978430983,3311081,0.0000,1.0
2020-01-10,179.1,179.93,177.82,177.94,153.5456260201056,2944337,0.0000,1.0
2020-01-13,177.99,179.99,177.64,179.9,155.23692323826572,2035198,0.0000,1.0
2020-01-14,180.5,182.73,180.15,180.8,156.013539307829,2805888,0.0000,1.0
2020-01-15,181.63,182.42,180.63,180.8,156.013539307829,3450725,0.0000,1.0
2020-01-16,181.56,184.17,180.91,183.9,158.68855021410263,3227407,0.0000,1.0
2020-01-17,183.68,185.65,183.0,185.32,159.91387779052474,4007757,0.0000,1.0
2020-01-21,184.16,184.53,181.12,182.46,157.44596450280133,3440929,0.0000,1.0
2020-01-22,183.27,183.41,180.44,180.93,156.1257171845437,2993428,0.0000,1.0
2020-01-23,183.5,187.68,180.93,187.19,161.5275134017285,4950536,0.0000,1.0
2020-01-24,186.14,188.96,184.53,185.68,160.22452421835007,2733964,0.0000,1.0
2020-01-27,182.03,183.96,178.3,178.47,154.002966594404,4183925,0.0000,1.0
2020-01-28,180.27,181.68,179.45,179.64,155.0125674848363,3264475,0.0000,1.0
2020-01-29,181.6,184.27,180.44,181.78,156.85918791690906,2270818,0.0000,1.0
2020-01-30,179.67,183.5,179.01,183.07,157.97233761661644,2994369,0.0000,1.0
2020-01-31,181.69,182.47,178.5,179.42,154.82272800116525,3653670,0.0000,1.0
2020-02-03,180.87,182.05,179.4,180.29,155.5734568684098,2493144,0.0000,1.0
2020-02-04,182.7,185.02,182.7,183.24,158.11903176308954,1857855,0.0000,1.0
2020-02-05,185.85,185.85,184.37,185.09,159.7154092394141,2133502,0.0000,1.0
2020-02-06,186.81,187.67,184.84,186.11,160.59557411825253,2932442,0.0000,1.0
2020-02-07,184.76,185.65,183.23,183.83,158.62814674202548,2221443,0.0000,1.0
2020-02-10,181.99,184.82,181.58,184.67,159.35298840695123,1782815,0.0000,1.0
2020-02-11,185.67,185.68,183.1,183.3,158.1708061677271,1521667,0.0000,1.0
2020-02-12,184.82,185.96,183.69,184.86,159.5169406883035,2612164,0.0000,1.0
2020-02-13,183.96,185.55,183.31,184.64,159.32710120463244,1861505,0.0000,1.0
2020-02-14,184.56,185.53,182.65,184.0,158.77484088849855,2134822,0.0000,1.0
2020-02-18,183.46,184.49,181.66,182.1,157.135318074976,3164386,0.0000,1.0
2020-02-19,182.98,185.5,182.68,183.5,158.34338751651893,2807219,0.0000,1.0
2020-02-20,183.33,184.52,181.66,183.4,158.25709684212302,2190872,0.0000,1.0
2020-02-21,182.12,182.83,180.78,181.72,156.8074135122715,2890700,0.0000,1.0
2020-02-24,176.19,177.81,174.4,176.8,152.5619123319921,6785149,0.0000,1.0
2020-02-25,177.45,178.12,170.01,170.89,147.462133475193,7631156,0.0000,1.0
2020-02-26,169.63,172.82,165.54,165.75,143.0267928112426,4921378,0.0000,1.0
2020-02-27,160.46,165.14,156.32,159.62,138.57419401241296,7914669,0.9700,1.0
2020-02-28,155.01,159.98,152.79,159.81,138.7391426207475,7045825,0.0000,1.0
2020-03-02,160.59,161.97,155.32,160.34,139.19926242294383,7064774,0.0000,1.0
2020-03-03,160.7,167.62,156.35,157.34,136.59481071239853,5654000,0.0000,1.0
2020-03-04,159.85,162.98,158.22,162.17,140.78797796637645,4414937,0.0000,1.0
2020-03-05,157.64,159.8,153.72,154.96,134.52861235536594,4901928,0.0000,1.0
2020-03-06,149.52,156.93,148.88,156.09,135.50962249967134,4643341,0.0000,1.0
2020-03-09,145.2,145.58,133.18,135.84,117.92957345349065,9399561,0.0000,1.0
2020-03-10,141.83,147.0,139.17,146.82,127.46186671408638,8090315,0.0000,1.0
2020-03-11,142.02,143.43,138.91,141.56,122.89539471493032,6988634,0.0000,1.0
2020-03-12,130.15,142.18,125.0,132.05,114.63928279250177,8754179,0.0000,1.0
2020-03-13,139.55,143.85,134.81,143.85,124.88345952064655,7886388,0.0000,1.0
2020-03-16,128.05,135.87,122.3,125.1,108.6056363297385,7097378,0.0000,1.0
2020-03-17,127.33,132.71,120.38,128.63,111.67020784248012,8021615,0.0000,1.0
2020-03-18,120.77,123.31,105.08,115.08,99.90676761651724,10848137,0.0000,1.0
2020-03-19,114.28,123.68,111.68,121.65,105.61051686261143,8514126,0.0000,1.0
2020-03-20,124.1,125.75,113.46,117.84,102.30286319021891,6666064,0.0000,1.0
2020-03-23,110.39,119.34,109.61,114.04,99.00389102352821,6010973,0.0000,1.0
2020-03-24,121.36,130.11,118.8,128.87,111.87856397932376,7018218,0.0000,1.0
2020-03-25,127.38,141.09,127.0,132.91,115.38589228285807,6923233,0.0000,1.0
2020-03-26,137.03,143.39,134.02,142.49,123.70277474519936,6068567,0.0000,1.0
2020-03-27,135.62,143.62,134.16,139.05,120.71633678377411,4962381,0.0000,1.0
2020-03-30,137.54,143.31,136.32,140.2,121.71470993948311,3309181,0.0000,1.0
2020-03-31,137.72,144.71,137.53,141.04,122.4439564184358,4247003,0.0000,1.0
2020-04-01,134.03,137.97,132.5,136.49,118.4938713241088,5125641,0.0000,1.0
2020-04-02,135.27,142.37,134.8,141.8,123.10375085177395,5926742,0.0000,1.0
2020-04-03,140.87,142.55,136.59,138.57,120.29962451008684,4088042,0.0000,1.0
2020-04-06,145.78,149.29,145.71,147.85,128.3560618013736,4865915,0.0000,1.0
2020-04-07,152.33,153.51,145.26,145.76,126.54162710969372,4728951,0.0000,1.0
2020-04-08,147.52,150.79,145.41,149.62,129.89268831059533,3625620,0.0000,1.0
2020-04-09,151.26,153.19,147.05,148.73,129.12003430313354,4535935,0.0000,1.0
2020-04-13,147.84,149.08,144.7,146.9,127.53131875970094,2525046,0.0000,1.0
2020-04-14,149.09,151.33,147.81,148.97,129.32839043997717,2235882,0.0000,1.0
2020-04-15,145.26,147.42,143.63,146.66,127.3229626228573,3456978,0.0000,1.0
2020-04-16,146.58,147.02,141.27,143.99,125.00500060047202,5014325,0.0000,1.0
2020-04-17,148.59,150.85,147.61,149.89,130.12708896454438,5081412,0.0000,1.0
2020-04-20,147.31,149.18,144.56,146.61,127.27955509434824,4289228,0.0000,1.0
2020-04-21,142.51,145.81,141.22,144.41,125.36962383994835,4027874,0.0000,1.0
2020-04-22,146.53,148.36,144.87,147.1,127.70494887373728,3970616,0.0000,1.0
2020-04-23,156.92,158.26,152.0,152.29,132.21065033298063,6231800,0.0000,1.0
2020-04-24,156.48,158.07,153.44,156.09,135.50962249967134,4800220,0.0000,1.0
2020-04-27,159.89,161.23,158.02,158.96,138.001214636093,4633773,0.0000,1.0
2020-04-28,161.52,162.46,159.0,161.36,140.08477600452923,3173009,0.0000,1.0
2020-04-29,165.16,166.23,162.78,163.05,141.5519504681364,2778632,0.0000,1.0
2020-04-30,160.54,161.85,158.23,159.79,138.72177960934386,3756985,0.0000,1.0
2020-05-01,157.7,157.7,154.74,156.64,135.9871053132713,3088944,0.0000,1.0
2020-05-04,155.14,155.2,152.39,154.82,134.4070712755405,2416074,0.0000,1.0
2020-05-05,156.57,159.18,155.88,156.38,135.76138616502405,2269472,0.0000,1.0
2020-05-06,156.58,157.13,153.89,154.3,133.955632979046,2095165,0.0000,1.0
2020-05-07,156.56,157.96,155.54,156.22,135.62248207379497,2411489,0.0000,1.0
2020-05-08,158.69,159.36,157.88,158.26,137.39350923696574,2309265,0.0000,1.0
2020-05-11,156.68,157.95,155.8,156.85,136.16941693300947,2857416,0.0000,1.0
2020-05-12,156.32,157.18,153.99,153.99,133.68650630228964,2683524,0.0000,1.0
2020-05-13,152.94,153.95,150.54,152.74,132.60131808956243,3499699,0.0000,1.0
2020-05-14,150.81,152.68,147.05,152.44,132.3408729185079,3930280,0.0000,1.0
2020-05-15,150.99,152.88,149.76,151.24,131.2990922342898,5127682,0.0000,1.0
2020-05-18,157.46,160.86,155.83,159.12,138.1401187273221,5422960,0.0000,1.0
2020-05-19,159.12,162.91,158.75,159.26,138.2616598071475,3136382,0.0000,1.0
2020-05-20,165.0,168.7,164.15,166.03,144.13903916727804,4294304,0.0000,1.0
2020-05-21,165.25,165.98,163.01,163.59,142.02075177603456,2277070,0.0000,1.0
2020-05-22,163.68,165.43,162.16,165.16,143.3837481712199,1773867,0.0000,1.0
2020-05-26,170.32,171.01,168.28,169.9,147.49878187388148,4150519,0.0000,1.0
2020-05-27,171.86,174.08,171.1,173.84,150.91929512039763,3174408,0.0000,1.0
2020-05-28,173.04,173.64,169.33,170.51,148.87045977476865,4065743,0.9700,1.0
2020-05-29,170.19,171.44,168.36,169.86,148.30295171744888,3677026,0.0000,1.0
2020-06-01,169.36,170.47,167.78,169.5,147.9886395626256,2929740,0.0000,1.0
2020-06-02,170.75,173.5,169.5,170.94,149.24588818191867,3000000,0.0000,1.0
2020-06-03,173.64,178.85,173.02,178.05,155.4535532396784,3897909,0.0000,1.0
2020-06-04,176.38,177.69,175.26,176.43,154.03914854297363,2933310,0.0000,1.0
2020-06-05,183.11,187.83,182.43,184.83,161.3730988221834,5608054,0.0000,1.0
2020-06-08,183.96,185.99,179.86,181.66,158.60540568110068,3436642,0.0000,1.0
2020-06-09,178.06,180.42,177.0,178.16,155.54959306476326,3569560,0.0000,1.0
2020-06-10,177.85,178.76,174.95,175.43,153.1660592240201,3294071,0.0000,1.0
2020-06-11,170.0,170.14,163.21,163.29,142.56675489192406,6234689,0.0000,1.0
2020-06-12,168.21,168.56,162.46,166.18,145.08998302369983,3373032,0.0000,1.0
2020-06-15,161.72,169.14,161.41,167.93,146.61788933186853,2948598,0.0000,1.0
2020-06-16,173.29,174.48,168.36,170.97,149.2720808614873,3553990,0.0000,1.0
2020-06-17,172.2,173.55,170.67,171.17,149.446698725278,3459457,0.0000,1.0
2020-06-18,170.03,171.89,169.72,170.85,149.16731014321286,2695521,0.0000,1.0
2020-06-19,173.53,173.53,166.8,167.85,146.54804218635223,7119556,0.0000,1.0
2020-06-22,167.06,168.85,165.9,168.2,146.85362344798597,2647580,0.0000,1.0
2020-06-23,170.37,171.26,169.24,169.36,147.86640705797208,2881416,0.0000,1.0
2020-06-24,167.71,168.95,165.03,165.55,144.5399367527591,3206178,0.0000,1.0
2020-06-25,165.15,167.24,162.78,167.02,145.8233780516208,3441093,0.0000,1.0
2020-06-26,167.04,168.14,162.13,162.64,141.99924683460426,8491153,0.0000,1.0
2020-06-29,163.84,165.94,162.2,165.51,144.50501318000093,2658856,0.0000,1.0
2020-06-30,164.58,170.21,164.36,169.07,147.61321115547554,4068594,0.0000,1.0
2020-07-01,169.49,170.73,166.23,166.88,145.7011455469673,2915455,0.0000,1.0
2020-07-02,169.18,170.69,167.89,169.08,147.6219420486651,2270806,0.0000,1.0
2020-07-06,171.08,172.36,170.11,172.16,150.311057151042,2498101,0.0000,1.0
2020-07-07,170.4,172.2,169.25,169.78,148.23310457193259,2380769,0.0000,1.0
2020-07-08,169.59,172.28,168.79,169.04,147.58701847590694,3362563,0.0000,1.0
2020-07-09,169.49,169.49,164.72,165.99,144.92409605309865,2977526,0.0000,1.0
2020-07-10,166.0,167.26,164.67,166.39,145.27333178068005,2300348,0.0000,1.0
2020-07-13,168.23,170.96,166.71,169.17,147.7005200873709,2975946,0.0000,1.0
2020-07-14,168.26,172.59,168.01,171.89,150.07532303492454,3013488,0.0000,1.0
2020-07-15,174.77,175.48,173.42,174.39,152.2580463323084,2492425,0.0000,1.0
2020-07-16,174.22,178.38,173.97,176.87,154.4233078433132,3319710,0.0000,1.0
2020-07-17,177.84,182.52,176.89,181.25,158.24743906032973,6132861,0.0000,1.0
2020-07-20,180.27,181.04,176.29,177.39,154.87731428916902,2885678,0.0000,1.0
2020-07-21,177.83,180.4,177.83,178.66,155.98613772424002,2230749,0.0000,1.0
2020-07-22,177.34,180.49,177.17,179.38,156.6147620338866,2951347,0.0000,1.0
2020-07-23,178.77,179.52,172.84,175.0,152.79063081687008,4010599,0.0000,1.0
2020-07-24,175.64,177.07,174.72,176.12,153.76849085409805,2720326,0.0000,1.0
2020-07-27,175.57,179.24,175.06,176.82,154.3796533773655,2738207,0.0000,1.0
2020-07-28,176.36,177.28,174.085,174.41,152.27550811868747,1965764,0.0000,1.0
2020-07-29,174.44,178.38,174.29,177.98,155.39243698735163,2736755,0.0000,1.0
2020-07-30,175.87,176.42,172.37,172.8,150.86983431517228,2775547,0.0000,1.0
2020-07-31,172.41,173.69,167.57,173.35,151.35003344059672,5089596,0.0000,1.0
2020-08-03,173.86,174.44,171.66,172.06,150.22374821914664,1982798,0.0000,1.0
2020-08-04,171.88,173.7,171.445,173.68,151.6381529158514,1696644,0.0000,1.0
2020-08-05,174.47,177.99,174.28,177.47,154.9471614346853,3051316,0.0000,1.0
2020-08-06,177.73,180.57,177.2,179.61,156.81557257724592,1971414,0.0000,1.0
2020-08-07,179.68,182.96,179.15,182.93,159.71422911617168,2192502,0.0000,1.0
2020-08-10,183.75,187.2743,183.45,186.85,163.13673924646955,3368586,0.0000,1.0
2020-08-11,189.67,193.89,188.66,190.35,166.19255186280697,4215562,0.0000,1.0
2020-08-12,191.86,193.5,190.765,191.83,167.48472405485822,2870840,0.0000,1.0
2020-08-13,190.0,191.68,189.09,189.72,165.6425055918662,2248782,0.0000,1.0
2020-08-14,189.59,193.63,189.145,191.92,167.563302093564,2502713,0.0000,1.0
2020-08-17,193.0,195.09,192.36,193.87,169.26582626552343,2928297,0.0000,1.0
2020-08-18,194.0,194.39,190.6,190.7,166.4981331244407,1688553,0.0000,1.0
2020-08-19,191.63,192.1799,190.73,190.95,166.71640545417907,1702050,0.0000,1.0
2020-08-20,189.32,190.7501,188.08,189.92,165.8171234556569,2082319,0.0000,1.0
2020-08-21,190.46,191.79,188.76,191.57,167.25772083193027,2059319,0.0000,1.0
2020-08-24,192.05,193.06,191.1,192.56,168.12207925769428,2045215,0.0000,1.0
2020-08-25,193.7,195.09,192.78,194.9,170.16510826404559,2062037,0.0000,1.0
2020-08-26,193.75,195.34,192.3101,194.32,169.65871645905253,1513532,0.0000,1.0
2020-08-27,195.08,195.8,194.28,194.44,169.76348717732694,1536106,0.0000,1.0
2020-08-28,193.52,195.64,192.85,195.13,171.21281544678985,1849554,0.9700,1.0
2020-08-31,195.0,196.19,192.04,192.44,168.8525301316058,2061672,0.0000,1.0
2020-09-01,192.24,195.89,191.09,195.8,171.80069320187286,1888153,0.0000,1.0
2020-09-02,196.09,197.56,194.415,196.28,172.22185935476816,3394473,0.0000,1.0
2020-09-03,197.75,197.955,189.3026,190.55,167.19418840458056,4180796,0.0000,1.0
2020-09-04,191.99,194.12,188.67,191.14,167.7118718008477,3624556,0.0000,1.0
2020-09-08,190.65,191.46,188.5,188.66,165.53584667755533,2692800,0.0000,1.0
2020-09-09,190.19,194.9495,190.13,192.86,169.22105051538918,2750744,0.0000,1.0
2020-09-10,193.79,194.64,192.04,193.08,169.41408500213285,2084678,0.0000,1.0
2020-09-11,194.01,197.33,193.87,195.94,171.92353332980065,1912911,0.0000,1.0
2020-09-14,197.23,199.85,195.9,198.84,174.4680788368764,1663564,0.0000,1.0
2020-09-15,199.52,202.85,199.52,202.37,177.56540491962724,2328163,0.0000,1.0
2020-09-16,203.74,205.78,201.11,201.42,176.7318469086886,2994852,0.0000,1.0
2020-09-17,198.64,203.32,196.82,201.65,176.9336556902843,2611372,0.0000,1.0
2020-09-18,201.21,204.53,199.69,199.8,175.310411142667,4164677,0.0000,1.0
2020-09-21,196.0,196.91,190.73,194.0,170.2213201285155,2980608,0.0000,1.0
2020-09-22,194.34,197.99,194.215,197.32,173.13438601937463,1864668,0.0000,1.0
2020-09-23,198.1,200.82,193.63,194.32,170.50209756377902,2199021,0.0000,1.0
2020-09-24,194.3,198.29,192.94,195.67,171.68662736879705,1705081,0.0000,1.0
2020-09-25,195.03,199.53,194.655,198.15,173.8626524920894,1712376,0.0000,1.0
2020-09-28,201.59,202.2,199.13,199.45,175.0033108228475,2070963,0.0000,1.0
2020-09-29,199.59,200.38,196.65,197.24,173.06419166055875,2317460,0.0000,1.0
2020-09-30,198.13,202.2,196.315,196.87,172.7395427510353,3606170,0.0000,1.0
2020-10-01,198.0,198.0,192.1,194.23,170.42312891011116,3147087,0.0000,1.0
2020-10-02,191.03,198.59,190.87,196.35,172.28327941873204,3231441,0.0000,1.0
2020-10-05,198.2,202.25,197.45,201.32,176.64410396016876,3376405,0.0000,1.0
2020-10-06,202.0,204.0,199.29,199.41,174.96821364343955,3403844,0.0000,1.0
2020-10-07,201.08,205.58,201.0,204.62,179.53962126132393,2214532,0.0000,1.0
2020-10-08,204.89,205.5,201.56,203.78,178.80258049375715,1720291,0.0000,1.0
2020-10-09,204.64,206.48,204.55,205.78,180.5574394641542,1724565,0.0000,1.0
2020-10-12,208.68,208.81900000000002,205.455,206.35,181.0575742707174,2035900,0.0000,1.0
2020-10-13,205.52,206.86,202.75,203.0,178.1181854953023,1882511,0.0000,1.0
2020-10-14,203.61,205.37,203.44,204.81,179.70633286351165,2053112,0.0000,1.0
2020-10-15,202.16,209.425,201.1101,208.81,183.21605080430578,2588280,0.0000,1.0
2020-10-16,209.37,210.95,207.815,209.85,184.12857746891225,3329468,0.0000,1.0
2020-10-19,208.39,210.65,205.17,205.66,180.4521479259304,2110303,0.0000,1.0
2020-10-20,206.55,210.09,206.01,206.78,181.43486894935276,1570361,0.0000,1.0
2020-10-21,200.05,202.27,198.65,199.48,175.02963370740346,4141200,0.0000,1.0
2020-10-22,193.99,194.27,185.83,187.14,164.20215386005356,7579338,0.0000,1.0
2020-10-23,185.02,189.7499,185.0,188.14,165.07958334525208,3897066,0.0000,1.0
2020-10-26,186.53,186.93,182.0,184.7,162.06122591616912,4007078,0.0000,1.0
2020-10-27,184.48,184.69,178.07,179.57,157.56001265710066,4542162,0.0000,1.0
2020-10-28,175.79,178.22,173.065,173.37,152.11994984886977,4092174,0.0000,1.0
2020-10-29,172.83,177.66,171.50099999999998,176.04,154.46268657434985,5988098,0.0000,1.0
2020-10-30,175.29,177.39,173.13,177.19,155.47173048232816,3747953,0.0000,1.0
2020-11-02,179.72,181.69,176.9,179.24,157.27046092698515,3726694,0.0000,1.0
2020-11-03,181.5,186.96,180.82,185.38,162.65787796610414,3983767,0.0000,1.0
2020-11-04,189.62,191.73,186.395,186.74,163.85118206597414,4392083,0.0000,1.0
2020-11-05,189.62,193.9,189.3,192.07,168.52788122208233,3999107,0.0000,1.0
2020-11-06,191.25,191.81,189.035,190.07,166.77302225168526,1999842,0.0000,1.0
2020-11-09,200.0,207.78,196.33,198.0,173.73103806930965,4486994,0.0000,1.0
2020-11-10,198.86,203.5,197.95,201.26,176.59145819105686,4279826,0.0000,1.0
2020-11-11,201.58,201.95,197.735,200.0,175.4858970397067,3134840,0.0000,1.0
2020-11-12,199.53,201.2894,197.75,200.49,175.91583748745398,2923154,0.0000,1.0
2020-11-13,202.15,204.52,201.09,203.44,178.50425446878967,2291973,0.0000,1.0
2020-11-16,206.5,209.94,204.52,206.71,181.37344888538888,3066412,0.0000,1.0
2020-11-17,205.11,206.6,201.59,205.85,180.61885952811812,2481396,0.0000,1.0
2020-11-18,205.14,207.88,203.95,204.03,179.0219378650568,2244182,0.0000,1.0
2020-11-19,202.62,204.8,200.63,204.55,179.47820119736005,1965044,0.0000,1.0
2020-11-20,204.85,205.99,202.61,203.39,178.4603829945297,1911095,0.0000,1.0
2020-11-23,205.17,207.55,204.6401,207.39,181.97010093532384,2134875,0.0000,1.0
2020-11-24,209.46,211.14,208.49,208.7,183.11953356093395,2650586,0.0000,1.0
2020-11-25,208.6,208.6,206.07,207.24,181.83848651254408,2046927,0.0000,1.0
2020-11-27,207.57,207.85,205.0,205.64,181.28570593686902,1429253,0.9700,1.0
2020-11-30,206.48,206.75,202.89,204.08,179.91045938337012,2536971,0.0000,1.0
2020-12-01,205.7,208.29,202.13,202.4,178.4294246334482,3449870,0.0000,1.0
2020-12-02,201.9,204.53,201.43,203.56,179.45204386553715,2676312,0.0000,1.0
2020-12-03,204.52,205.26,201.805,202.26,178.3060050709547,4152064,0.0000,1.0
2020-12-04,202.1,206.42,202.1,206.05,181.64714894131427,2979900,0.0000,1.0
2020-12-07,205.6,205.9346,203.8234,204.99,180.71268653957782,2071845,0.0000,1.0
2020-12-08,203.65,206.7,203.21,205.21,180.9066315663533,2043580,0.0000,1.0
2020-12-09,203.83,206.99,203.83,205.88,181.497282329715,1937675,0.0000,1.0
2020-12-10,204.97,205.74,201.39,202.52,178.5352128298712,2206028,0.0000,1.0
2020-12-11,200.68,203.75,200.0019,203.06,179.01125971377468,1919685,0.0000,1.0
2020-12-14,205.27,205.46,197.91,198.0,174.55052409793848,2163045,0.0000,1.0
2020-12-15,198.81,201.42,197.46,200.3,176.57813119604583,1959504,0.0000,1.0
2020-12-16,200.84,201.0,198.61,198.85,175.29985715593466,2094967,0.0000,1.0
2020-12-17,200.03,202.81,199.01,202.2,178.2531109727432,2705887,0.0000,1.0
2020-12-18,202.09,204.49,200.73,203.6,179.48730659767813,5918842,0.0000,1.0
2020-12-21,199.61,203.795,199.61,202.49,178.50876578076546,2035144,0.0000,1.0
2020-12-22,201.83,203.51,201.44,201.52,177.65364452634628,1444282,0.0000,1.0
2020-12-23,202.83,203.51,201.05,201.17,177.34509562011252,1787625,0.0000,1.0
2020-12-24,201.26,203.85,200.48,203.39,179.30217725393788,691717,0.0000,1.0
2020-12-28,203.97,206.54,203.55,205.65,181.2945216199043,1788329,0.0000,1.0
2020-12-29,206.3,206.825,203.38,204.42,180.21019260656857,1735191,0.0000,1.0
2020-12-30,204.87,206.5,204.61,205.98,181.5854391600675,1279654,0.0000,1.0
2020-12-31,206.35,208.65,205.66,208.22,183.56015215996337,1739904,0.0000,1.0
2021-01-04,208.04,209.0265,201.375,203.01,178.9671812985984,2642629,0.0000,1.0
2021-01-05,202.9,206.435,202.855,205.5,181.16228637437553,2127506,0.0000,1.0
2021-01-06,205.55,211.61,205.13,209.8,184.9530300795328,2512400,0.0000,1.0
2021-01-07,210.61,213.35,209.12,212.72,187.5272095258256,2023152,0.0000,1.0
2021-01-08,218.0,221.28,216.99,218.82,192.90477617732776,3922910,0.0000,1.0
2021-01-11,220.18,220.99,216.95,217.35,191.6088707711461,2969758,0.0000,1.0
2021-01-12,217.06,220.44,213.86,218.64,192.74609388269326,3223371,0.0000,1.0
2021-01-13,217.58,219.0,215.3601,216.61,190.95651022653763,1466035,0.0000,1.0
2021-01-14,217.95,218.12,215.71,216.16,190.5598044899514,1720001,0.0000,1.0
2021-01-15,214.51,217.52,213.2501,216.6,190.94769454350237,2325287,0.0000,1.0
2021-01-19,218.21,218.82,215.13,215.28,189.78402438284945,2841906,0.0000,1.0
2021-01-20,217.09,218.46,215.71,218.18,192.3405724630718,3239593,0.0000,1.0
2021-01-21,210.0,216.9,207.89,207.9,183.2780503028354,6346356,0.0000,1.0
2021-01-22,207.61,209.0,203.24,207.13,182.59924270912117,4290569,0.0000,1.0
2021-01-25,205.16,207.15,201.12,206.46,182.0085919457595,4815424,0.0000,1.0
2021-01-26,207.31,207.31,199.4,200.05,176.3577391201646,3867707,0.0000,1.0
2021-01-27,196.0235,198.8,193.14,194.33,171.31516842400194,3790998,0.0000,1.0
2021-01-28,197.38,204.9792,195.44,201.29,177.4508838165355,3406482,0.0000,1.0
2021-01-29,199.29,200.8,196.77,197.47,174.08329289707024,3508101,0.0000,1.0
2021-02-01,198.82,200.7084,198.27,198.6,175.07946508005344,2228714,0.0000,1.0
2021-02-02,200.54,207.13,200.04,205.93,181.54136074489125,3701188,0.0000,1.0
2021-02-03,205.14,205.915,203.855,204.36,180.15729850835712,1731563,0.0000,1.0
2021-02-04,204.78,206.65,203.38,204.45,180.23663965567434,2552132,0.0000,1.0
2021-02-05,206.55,207.68,203.855,204.2,180.0162475797931,2096985,0.0000,1.0
2021-02-08,205.3,205.3,202.12,204.12,179.9457221155111,1995374,0.0000,1.0
2021-02-09,204.44,205.6,202.53,204.65,180.41295331637934,1515506,0.0000,1.0
2021-02-10,205.93,206.19,202.7,203.5,179.39914976732564,1730262,0.0000,1.0
2021-02-11,205.11,207.87,204.35,207.23,182.68739953947366,2658126,0.0000,1.0
2021-02-12,206.21,213.7,206.21,213.16,187.91509957937657,3318406,0.0000,1.0
2021-02-16,213.37,215.42,210.46,213.99,188.64680127130228,2936316,0.0000,1.0
2021-02-17,213.24,213.88,209.81,211.23,186.21367275357343,3024137,0.0000,1.0
2021-02-18,209.22,209.785,204.16,207.06,182.53753292787445,3621440,0.0000,1.0
2021-02-19,208.04,211.56,207.9,209.06,184.30066953492434,3120837,0.0000,1.0
2021-02-22,207.14,210.365,206.68,206.83,182.3347722180637,2747996,0.0000,1.0
2021-02-23,207.35,208.08,204.68,206.96,182.44937609752196,2677820,0.0000,1.0
2021-02-24,206.35,212.95,205.47,211.15,186.14314728929145,2355204,0.0000,1.0
2021-02-25,209.78,210.89,207.9,208.67,184.81197915096877,4145833,0.9700,1.0
2021-02-26,210.21,210.21,205.85,205.96,182.41182357757958,3401987,0.0000,1.0
2021-03-01,208.58,211.6,207.77,209.18,185.26366894522286,4118253,0.0000,1.0
2021-03-02,209.55,210.64,207.33,209.3,185.36994889681205,2315495,0.0000,1.0
2021-03-03,209.33,209.83,205.99,206.23,182.65095346865525,2307652,0.0000,1.0
2021-03-04,205.98,206.695,198.59,201.08,178.08977221295254,3208762,0.0000,1.0
2021-03-05,203.0,210.15,200.64,209.71,185.73307206474178,3187261,0.0000,1.0
2021-03-08,210.57,215.68,210.17,210.89,186.7781582553688,3068507,0.0000,1.0
2021-03-09,212.05,214.9653,211.23,211.7,187.4955479285958,2814546,0.0000,1.0
2021-03-10,212.5,215.175,211.38,213.12,188.75319402240126,2764782,0.0000,1.0
2021-03-11,214.82,216.54,213.17,214.52,189.9931267909418,2573693,0.0000,1.0
2021-03-12,215.86,217.5,213.92,214.09,189.6122902977472,2321110,0.0000,1.0
2021-03-15,214.25,214.89,209.96,212.67,188.35464420394177,2881157,0.0000,1.0
2021-03-16,213.12,213.17,208.91,211.7,187.4955479285958,2786137,0.0000,1.0
2021-03-17,211.43,214.2299,209.8243,212.3,188.0269476865418,2795178,0.0000,1.0
2021-03-18,211.44,217.71,211.44,215.36,190.73708645206614,2866740,0.0000,1.0
2021-03-19,215.43,215.53,209.21,210.8,186.69844829167693,7005198,0.0000,1.0
2021-03-22,210.08,211.0,204.78,206.27,182.686380119185,5863499,0.0000,1.0
2021-03-23,207.26,210.528,206.5,208.05,184.26286606775798,3661653,0.0000,1.0
2021-03-24,208.0,215.8,208.0,212.9,188.55834744448774,3245118,0.0000,1.0
2021-03-25,212.53,216.53,211.82,216.09,191.3836228242337,2689285,0.0000,1.0
2021-03-26,217.16,223.21,216.75,222.92,197.43272340218508,3653835,0.0000,1.0
2021-03-29,222.8,223.95,220.24,222.98,197.48586337797968,2279848,0.0000,1.0
2021-03-30,221.26,223.42,220.54,221.13,195.84738079097968,2601848,0.0000,1.0
2021-03-31,221.12,222.57,219.175,220.41,195.20970108144454,3246647,0.0000,1.0
2021-04-01,220.88,221.79,219.02,220.21,195.0325678287959,2551292,0.0000,1.0
2021-04-05,222.24,224.62,222.07,223.47,197.91983984696887,1958370,0.0000,1.0
2021-04-06,223.97,224.09,220.8,221.1,195.82081080308237,1590798,0.0000,1.0
2021-04-07,220.9,221.94,219.97,221.34,196.03337070626077,1634408,0.0000,1.0
2021-04-08,221.08,221.58,220.08,220.18,195.0059978408986,1983982,0.0000,1.0
2021-04-09,220.69,223.36,220.47,223.24,197.71613660642294,2383736,0.0000,1.0
2021-04-12,222.56,225.28,222.51,223.55,197.99069314802836,2286544,0.0000,1.0
2021-04-13,222.98,223.39,220.2,221.99,196.60905377736887,1799251,0.0000,1.0
2021-04-14,222.48,223.4,221.55,222.6,197.14931019794724,1515563,0.0000,1.0
2021-04-15,223.39,224.5,222.37,223.1,197.59214332956887,2008771,0.0000,1.0
2021-04-16,224.91,225.78,222.14,222.71,197.24673348690402,2539879,0.0000,1.0
2021-04-19,223.23,223.51,221.45,223.47,197.91983984696887,1911154,0.0000,1.0
2021-04-20,222.77,225.34,220.14,220.67,195.43997430988776,2766275,0.0000,1.0
2021-04-21,220.08,226.21,219.69,223.43,197.88441319643914,3470155,0.0000,1.0
2021-04-22,218.97,221.1118,216.06,217.98,193.05753206176342,4831739,0.0000,1.0
2021-04-23,219.52,223.94,218.57,223.54,197.9818364853959,2975652,0.0000,1.0
2021-04-26,223.98,226.96,223.77,224.59,198.9117860618013,2767585,0.0000,1.0
2021-04-27,225.7,226.795,223.95,225.73,199.92144560189863,2239646,0.0000,1.0
2021-04-28,225.68,228.32,225.52,226.19,200.32885208299052,2172903,0.0000,1.0
2021-04-29,227.59,227.62,223.41,224.48,198.81436277284456,2239688,0.0000,1.0
2021-04-30,223.65,224.35,220.26,222.09,196.6976204036932,3674703,0.0000,1.0
2021-05-03,224.01,225.66,223.21,223.74,198.15896973804456,2771441,0.0000,1.0
2021-05-04,223.17,225.91,222.63,225.67,199.86830562610402,2781620,0.0000,1.0
2021-05-05,226.4,226.6,223.3,223.56,197.99954981066077,1796497,0.0000,1.0
2021-05-06,224.48,227.35,224.11,227.21,201.23223167149862,1852159,0.0000,1.0
2021-05-07,227.73,229.97,226.01,229.48,203.2426940890608,2073712,0.0000,1.0
2021-05-10,230.13,231.26,228.24,228.44,202.3216011752878,1827220,0.0000,1.0
2021-05-11,226.81,227.81,223.86,226.61,200.7008319135527,2085260,0.0000,1.0
2021-05-12,225.53,226.34,221.9,222.0,196.6179104400013,2413170,0.0000,1.0
2021-05-13,222.0,226.68,222.0,225.18,199.43432915711483,1915087,0.0000,1.0
2021-05-14,226.76,229.37,225.83,227.86,201.80791474260675,1631755,0.0000,1.0
2021-05-17,226.71,227.3068,224.09,224.76,199.06234932655266,3062152,0.0000,1.0
2021-05-18,225.0,225.23,221.98,222.44,197.00760359582833,2937153,0.0000,1.0
2021-05-19,220.26,222.34,218.02,222.3,196.8836103189743,2832346,0.0000,1.0
2021-05-20,222.02,222.93,220.22,221.95,196.57362712683914,2456076,0.0000,1.0
2021-05-21,223.01,224.38,221.23,221.52,196.19279063364456,2463185,0.0000,1.0
2021-05-24,222.52,224.39,221.91,223.56,197.99954981066077,1931186,0.0000,1.0
2021-05-25,224.45,225.39,221.78,221.94,196.5647704642067,2372703,0.0000,1.0
2021-05-26,224.36,224.82,221.83,223.85,198.2563930270013,5997075,0.0000,1.0
2021-05-27,223.74,225.44,223.12,223.9,199.24833924183375,3558933,1.0700,1.0
2021-05-28,225.28,225.81,224.35,224.73,199.98695523812995,1663796,0.0000,1.0
2021-06-01,226.35,227.38,224.94,225.03,200.25392487534546,2133114,0.0000,1.0
2021-06-02,224.24,226.345,223.69,224.45,199.73778357672882,2244591,0.0000,1.0
2021-06-03,223.47,226.81,222.88,224.95,200.18273297208796,2260362,0.0000,1.0
2021-06-04,226.51,227.1,224.5315,226.17,201.26840949676432,1842465,0.0000,1.0
2021-06-07,226.71,226.71,222.82,222.95,198.40293539065132,1926782,0.0000,1.0
2021-06-08,222.18,223.4692,219.64,221.83,197.4062487450468,2511608,0.0000,1.0
2021-06-09,221.58,222.52,220.31,221.5,197.11258214410975,2117371,0.0000,1.0
2021-06-10,222.33,223.17,219.4,219.59,195.41287545383776,3077125,0.0000,1.0
2021-06-11,220.83,222.21,220.69,221.33,196.96129934968764,2029956,0.0000,1.0
2021-06-14,220.58,222.75,220.2,222.62,198.1092687897143,1764212,0.0000,1.0
2021-06-15,223.47,223.89,222.175,222.84,198.3050465236723,2030238,0.0000,1.0
2021-06-16,223.58,223.58,220.38,222.06,197.61092546691202,2732129,0.0000,1.0
2021-06-17,221.92,222.48,217.1601,219.07,194.9501280826642,2963047,0.0000,1.0
2021-06-18,216.35,217.29,214.505,214.81,191.15915923420414,4791604,0.0000,1.0
2021-06-21,216.03,218.8548,215.57,217.51,193.56188596914362,2962062,0.0000,1.0
2021-06-22,216.72,219.37,216.03,218.99,194.87893617940676,2311123,0.0000,1.0
2021-06-23,219.84,221.4,218.74,219.11,194.98572403429296,2625984,0.0000,1.0
2021-06-24,219.55,219.845,216.98,218.47,194.41618880823322,3485927,0.0000,1.0
2021-06-25,219.0,221.5,218.29,221.27,196.90790542224454,4338100,0.0000,1.0
2021-06-28,221.25,221.52,218.12,219.13,195.0035220101073,2133421,0.0000,1.0
2021-06-29,219.89,220.38,217.95,218.65,194.57637059056253,2203258,0.0000,1.0
2021-06-30,218.54,220.73,217.77,219.93,195.715441042682,2828496,0.0000,1.0
2021-07-01,221.52,223.67,221.31,223.55,198.93687466508234,2363935,0.0000,1.0
2021-07-02,224.1,225.93,223.42,224.72,199.97805625022278,1706599,0.0000,1.0
2021-07-06,225.23,225.495,221.31,223.81,199.1682483506691,2263686,0.0000,1.0
2021-07-07,222.82,228.74,222.51,228.35,203.2083888605303,2610098,0.0000,1.0
2021-07-08,222.1,223.22,217.41,218.34,194.30050196543982,5669049,0.0000,1.0
2021-07-09,220.0,222.65,219.73,221.69,197.28166291434624,4229913,0.0000,1.0
2021-07-12,221.0,222.1264,219.66,221.22,196.86341048270862,3412958,0.0000,1.0
2021-07-13,220.87,221.3974,219.0,219.18,195.04801694964323,3465755,0.0000,1.0
2021-07-14,219.92,221.41,219.25,220.05,195.82222889756818,4597296,0.0000,1.0
2021-07-15,218.84,220.88,217.91,219.94,195.72434003058916,2070195,0.0000,1.0
2021-07-16,219.89,220.82,217.81,218.42,194.3716938686973,2958270,0.0000,1.0
2021-07-19,215.16,215.89,212.94,214.34,190.7409068025665,3682751,0.0000,1.0
2021-07-20,213.99,217.64,213.99,215.48,191.7553914239854,3066453,0.0000,1.0
2021-07-21,216.45,219.215,216.22,217.19,193.27711835611376,2320213,0.0000,1.0
2021-07-22,223.18,224.5,219.05,219.54,195.3683805143018,4194879,0.0000,1.0
2021-07-23,220.5,221.65,219.4652,220.15,195.91121877664,3946822,0.0000,1.0
2021-07-26,219.93,222.0,218.61,220.19,195.94681472826875,2840906,0.0000,1.0
2021-07-27,219.25,220.4,217.19,218.03,194.02463334031714,3199110,0.0000,1.0
2021-07-28,218.8,219.075,215.54,216.56,192.71648211796122,2366254,0.0000,1.0
2021-07-29,218.2,219.63,217.24,217.32,193.39280519890713,1907308,0.0000,1.0
2021-07-30,216.73,219.6,216.73,218.76,194.67425945754152,2324105,0.0000,1.0
2021-08-02,220.49,220.945,217.38,217.52,193.57078495705082,1991190,0.0000,1.0
2021-08-03,217.91,220.73,217.14,220.06,195.83112788547535,2278367,0.0000,1.0
2021-08-04,219.44,219.62,217.185,217.62,193.65977483612264,2396876,0.0000,1.0
2021-08-05,218.39,219.59,217.58,219.16,195.03021897382885,2051773,0.0000,1.0
2021-08-06,219.89,221.7,219.62,220.5,196.22268335339143,2480742,0.0000,1.0
2021-08-09,219.88,220.58,219.44,219.95,195.73323901849633,1989982,0.0000,1.0
2021-08-10,220.62,222.93,219.46,221.71,197.29946089016062,2061439,0.0000,1.0
2021-08-11,222.37,226.58,221.86,226.39,201.46418723072236,3076395,0.0000,1.0
2021-08-12,225.29,227.865,225.09,227.66,202.59435869493464,2015900,0.0000,1.0
2021-08-13,228.09,228.57,226.6,227.8,202.71894452563524,1786795,0.0000,1.0
2021-08-16,227.45,228.07,225.03,227.49,202.44307590051255,1807431,0.0000,1.0
2021-08-17,226.75,226.85,223.13,225.86,200.99254087164167,2265118,0.0000,1.0
2021-08-18,224.44,228.28,224.19,224.82,200.0670461292946,2277456,0.0000,1.0
2021-08-19,223.1,225.51,222.4,223.77,199.13265239904035,2110430,0.0000,1.0
2021-08-20,223.95,224.77,223.13,223.71,199.07925847159726,1608949,0.0000,1.0
2021-08-23,224.37,226.08,223.51,223.78,199.14155138694753,1873202,0.0000,1.0
2021-08-24,223.85,224.335,221.11,221.25,196.89010744643016,2390708,0.0000,1.0
2021-08-25,221.575,222.02700000000002,220.445,221.29,196.9257033980589,1744076,0.0000,1.0
2021-08-26,221.32,222.18,219.54,220.98,196.6498347729362,3064685,0.0000,1.0
2021-08-27,221.32,222.59,221.155,221.43,197.05028922875948,1944784,0.0000,1.0
2021-08-30,220.24,220.615,218.74,219.08,195.91121877664,3485314,1.0700,1.0
2021-08-31,219.59,219.85,215.535,216.84,193.9081097294441,5434896,0.0000,1.0
2021-09-01,216.04,218.56,214.8,216.93,193.9885917893761,4309807,0.0000,1.0
2021-09-02,217.33,219.1,216.855,217.53,194.52513885558926,2659609,0.0000,1.0
2021-09-03,217.0,217.35,214.44099999999997,214.91,192.18221666645837,4355511,0.0000,1.0
2021-09-07,214.7,216.75,212.7,213.0,190.47420850567974,3840155,0.0000,1.0
2021-09-08,213.31,215.93,212.27,215.25,192.48626000397917,3319693,0.0000,1.0
2021-09-09,214.75,215.19,209.05,210.05,187.8361854301316,3887625,0.0000,1.0
2021-09-10,211.0,211.93,207.6,207.76,185.78836412741794,2981882,0.0000,1.0
2021-09-13,209.05,209.55,205.22,206.75,184.88517656595909,3209577,0.0000,1.0
2021-09-14,207.5,207.5,202.61,203.41,181.89839789737238,4363149,0.0000,1.0
2021-09-15,203.43,204.65,202.61,204.25,182.64956379007083,5225625,0.0000,1.0
2021-09-16,205.0,205.91,203.11,203.44,181.92522525068304,3481911,0.0000,1.0
2021-09-17,202.87,204.565,200.84,201.47,180.16356238328308,7702971,0.0000,1.0
2021-09-20,198.86,199.9225,195.675,197.87,176.944279986004,4370833,0.0000,1.0
2021-09-21,199.12,199.58,196.17,196.61,175.81753114695633,3730288,0.0000,1.0
2021-09-22,198.4,200.17,197.69,198.07,177.12312900807504,2907247,0.0000,1.0
2021-09-23,199.3,203.31,199.18,201.72,180.3871236608719,3553733,0.0000,1.0
2021-09-24,201.16,204.87,201.1,203.8,182.24715349041094,2908531,0.0000,1.0
2021-09-27,203.59,206.49,203.55,203.96,182.3902327080678,2449584,0.0000,1.0
2021-09-28,201.55,202.76,199.71,201.12,179.85057659465872,3792794,0.0000,1.0
2021-09-29,201.3,202.63,200.93,201.68,180.3513538564577,3448798,0.0000,1.0
2021-09-30,202.25,202.305,195.93,196.01,175.2809840807431,4099192,0.0000,1.0
2021-10-01,197.79,202.92,197.29,201.74,180.40500856307904,3468611,0.0000,1.0
2021-10-04,203.95,206.62,203.6,205.51,183.7763126291185,5532227,0.0000,1.0
2021-10-05,205.13,211.97,205.13,209.97,187.76464582130316,4177345,0.0000,1.0
2021-10-06,207.84,212.95,206.55,212.44,189.97343124388075,3074622,0.0000,1.0
2021-10-07,214.55,215.45,211.295,211.88,189.4726539820818,2655311,0.0000,1.0
2021-10-08,215.17,216.72,214.47,216.48,193.58618148971618,3352167,0.0000,1.0
2021-10-11,216.86,218.07,214.87,214.91,192.18221666645837,2311981,0.0000,1.0
2021-10-12,214.65,215.36,213.0,213.41,190.8408490009254,1975520,0.0000,1.0
2021-10-13,213.76,216.575,213.25,215.85,193.02280707019236,2206161,0.0000,1.0
2021-10-14,217.78,221.59,217.51,221.34,197.93221272604296,2560590,0.0000,1.0
2021-10-15,222.94,225.7,221.94,225.16,201.34822904760023,2747678,0.0000,1.0
2021-10-18,224.0,226.55,222.9,225.93,202.0367977825738,2287040,0.0000,1.0
2021-10-19,227.3,227.49,224.87,225.76,201.88477611381342,1933337,0.0000,1.0
2021-10-20,226.15,228.405,224.22,228.01,203.89682761211284,3454194,0.0000,1.0
2021-10-21,229.5,232.09,226.94,231.28,206.8210091229747,3361515,0.0000,1.0
2021-10-22,233.1,239.65,232.46,237.59,212.46369576931667,3809085,0.0000,1.0
2021-10-25,238.3,241.18,237.18,240.28,214.86921511617243,3157995,0.0000,1.0
2021-10-26,241.91,243.91,239.77,240.72,215.26268296472875,2409908,0.0000,1.0
2021-10-27,240.56,243.27,239.32,239.38,214.06439451685264,2886259,0.0000,1.0
2021-10-28,240.35,242.44,240.1,242.3,216.67559023909016,1998493,0.0000,1.0
2021-10-29,240.42,242.8942,239.4,241.4,215.87076963977037,2386994,0.0000,1.0
2021-11-01,242.16,242.27,237.645,239.46,214.13593412568108,2537637,0.0000,1.0
2021-11-02,240.28,242.44,238.74,240.44,215.0122943338293,1923456,0.0000,1.0
2021-11-03,239.82,240.8,237.04,239.46,214.13593412568108,2535579,0.0000,1.0
2021-11-04,239.76,239.89,236.0,237.2,212.11494017627808,3007882,0.0000,1.0
2021-11-05,239.0,240.283,237.95,238.83,213.57255970615725,2313913,0.0000,1.0
2021-11-08,240.0,240.0,237.5905,239.45,214.1269916745775,1612924,0.0000,1.0
2021-11-09,239.02,241.1,238.36,241.0,215.51307159562825,1713405,0.0000,1.0
2021-11-10,241.63,242.5,240.47,241.54,215.9959639552201,1613775,0.0000,1.0
2021-11-11,241.0,241.13,239.01,240.56,215.11960374707192,1443781,0.0000,1.0
2021-11-12,241.01,244.04,239.86,242.44,216.8007845545399,1797059,0.0000,1.0
2021-11-15,242.52,243.03,240.87,241.46,215.9244243463917,1633751,0.0000,1.0
2021-11-16,242.01,244.34,240.98,241.48,215.94230924859878,1986132,0.0000,1.0
2021-11-17,241.36,241.96,238.68,239.75,214.3952652076841,3023241,0.0000,1.0
2021-11-18,239.54,241.53,238.03,240.24,214.83344531175823,2754248,0.0000,1.0
2021-11-19,241.19,243.0,238.23,241.31,215.7902875798384,2589098,0.0000,1.0
2021-11-22,241.7,247.12,240.82,243.91,218.11532486676217,2381485,0.0000,1.0
2021-11-23,243.38,247.76,242.77,247.37,221.20941294859153,3004825,0.0000,1.0
2021-11-24,246.63,247.15,245.22,246.6,220.52084421361795,2145673,0.0000,1.0
2021-11-26,240.38,241.68,237.66,239.79,214.43103501209833,2566677,0.0000,1.0
2021-11-29,241.5,243.01,239.34,239.46,214.13593412568108,3749048,0.0000,1.0
2021-11-30,237.84,239.43,235.3,235.64,210.7199178041238,4488325,0.0000,1.0
2021-12-01,237.63,239.71,233.21,233.25,208.58267199037465,3935036,0.0000,1.0
2021-12-02,235.32,241.44,234.09,240.08,214.6903660941014,3783169,0.0000,1.0
2021-12-03,241.17,243.03,238.05,240.43,215.00335188272572,2961152,0.0000,1.0
2021-12-06,243.31,247.6,241.77,246.06,220.0379518540261,2623753,0.0000,1.0
2021-12-07,247.26,249.94,246.81,247.47,221.29883745962707,2270843,0.0000,1.0
2021-12-08,247.3,248.68,245.2,247.6,221.41508932397326,1814501,0.0000,1.0
2021-12-09,247.06,249.3912,246.06,247.25,221.1021035353489,1983082,0.0000,1.0
2021-12-10,248.64,249.7,247.07,248.46,222.18414011887882,1937841,0.0000,1.0
2021-12-13,247.57,248.47,244.39,245.74,219.7517934187124,2548387,0.0000,1.0
2021-12-14,245.51,247.0,243.28,244.61,218.7412964440109,2682228,0.0000,1.0
2021-12-15,246.08,247.36,244.01,247.12,220.9858516710027,2517671,0.0000,1.0
2021-12-16,247.91,249.9,246.29,248.35,222.08577315673972,2297296,0.0000,1.0
2021-12-17,246.59,247.32,242.23,242.69,218.07955506234796,4937192,1.1800,1.0
2021-12-20,239.98,240.9,238.07,240.64,216.2374392443175,2769931,0.0000,1.0
2021-12-21,242.7,244.39,240.77,242.22,217.6572163138239,2746210,0.0000,1.0
2021-12-22,242.0,243.61,241.09,242.89,218.25927367874118,1623041,0.0000,1.0
2021-12-23,243.27,246.81,243.145,245.64,220.7304046541479,1655749,0.0000,1.0
2021-12-27,246.21,248.25,245.42,247.95,222.80615467348954,1176607,0.0000,1.0
2021-12-28,247.86,250.33,247.34,249.23,223.95635381840611,1119794,0.0000,1.0
2021-12-29,250.01,251.77,249.44,251.03,225.57382136594507,1106453,0.0000,1.0
2021-12-30,251.27,251.655,248.58,249.54,224.2349176738156,1163360,0.0000,1.0
2021-12-31,249.54,253.33,249.14,251.93,226.38255513971455,1472569,0.0000,1.0
2022-01-03,253.25,253.5,246.5,247.77,222.64440791873565,2450175,0.0000,1.0
2022-01-04,250.0,254.4,249.36,252.03,226.47241444791115,2647674,0.0000,1.0
2022-01-05,252.85,254.709,251.66,252.79,227.15534519020537,3651332,0.0000,1.0
2022-01-06,254.0,254.7,251.88,253.49,227.78436034758164,2342344,0.0000,1.0
2022-01-07,252.79,256.105,251.57,254.78,228.9435454233179,2346792,0.0000,1.0
2022-01-10,254.53,254.53,248.4,250.28,224.89987655447052,3341428,0.0000,1.0
2022-01-11,250.75,251.19,245.071,246.42,221.43130725808143,3082246,0.0000,1.0
2022-01-12,247.61,248.96,246.035,247.0,221.95249124562176,2480967,0.0000,1.0
2022-01-13,247.5,248.77,246.69,247.62,222.50961895644073,2615278,0.0000,1.0
2022-01-14,245.27,248.23,244.53,246.27,221.29651829578654,2525518,0.0000,1.0
2022-01-18,244.8,245.54,236.8,238.04,213.90109723120568,5178428,0.0000,1.0
2022-01-19,240.0,241.695,237.03,239.49,215.20405720005652,4510325,0.0000,1.0
2022-01-20,237.22,245.66,237.0,242.07,217.522427351529,4256111,0.0000,1.0
2022-01-21,244.66,250.53,242.24,246.33,221.35043388070451,4932491,0.0000,1.0
2022-01-24,242.92,245.92,239.13,245.1,220.2451643898862,5095221,0.0000,1.0
2022-01-25,242.64,245.67,239.1932,244.12,219.36454316955945,3325365,0.0000,1.0
2022-01-26,246.59,250.15,242.36,244.88,220.04747391185367,3529141,0.0000,1.0
2022-01-27,247.33,248.67,242.72,244.59,219.7868819180835,3045849,0.0000,1.0
2022-01-28,245.0,246.08,239.6,245.93,220.99099664791808,2660048,0.0000,1.0
2022-01-31,245.0,245.39,242.81,244.55,219.7509381948049,3522010,0.0000,1.0
2022-02-01,244.81,248.38,243.82,246.71,221.69189925185162,2438695,0.0000,1.0
2022-02-02,246.03,251.7989,246.03,251.26,225.78049777479725,2640209,0.0000,1.0
2022-02-03,250.3,251.69,243.54,244.35,219.57121957841164,3666671,0.0000,1.0
2022-02-04,244.64,246.09,241.16,242.39,217.80997713775812,3603530,0.0000,1.0
2022-02-07,244.16,244.975,240.15,241.15,216.6957217161202,3067483,0.0000,1.0
2022-02-08,243.2,245.17,242.05,242.95,218.31318926365913,3027688,0.0000,1.0
2022-02-09,245.17,246.62,243.72,246.49,221.49420877381908,3135172,0.0000,1.0
2022-02-10,243.55,246.1,240.935,242.12,217.56735700562731,2034787,0.0000,1.0
2022-02-11,241.34,244.49,237.71,238.81,214.59301390431958,2379131,0.0000,1.0
2022-02-14,240.13,243.75,238.38,242.55,217.95375203087272,2429423,0.0000,1.0
2022-02-15,245.0,249.98,244.48,249.32,224.03722719578306,3248798,0.0000,1.0
2022-02-16,248.45,254.8481,248.45,253.81,228.07191013381077,3493078,0.0000,1.0
2022-02-17,252.31,253.3,249.56,250.99,225.53787764266644,2697469,0.0000,1.0
2022-02-18,251.46,254.48,250.33,251.19,225.71759625905963,3319323,0.0000,1.0
2022-02-22,251.0,252.28,245.27,246.27,221.29651829578654,4338110,0.0000,1.0
2022-02-23,248.04,251.59,244.31,244.82,219.9935583269357,3346884,0.0000,1.0
2022-02-24,240.41,242.8,236.81,242.09,217.5403992131683,3944312,0.0000,1.0
2022-02-25,242.26,248.35,241.56,246.41,222.48266116398173,2548120,1.1800,1.0
2022-02-28,240.53,246.49,239.6405,245.95,222.06732889607284,3358097,0.0000,1.0
2022-03-01,244.86,246.55,240.98,242.43,218.8891341503352,3327038,0.0000,1.0
2022-03-02,243.22,253.38,242.95,252.37,227.8639227221057,3528986,0.0000,1.0
2022-03-03,253.93,263.59,253.33,255.46,230.65387208697203,7218033,0.0000,1.0
2022-03-04,254.68,264.79,253.63,264.63,238.93343055811243,5926221,0.0000,1.0
2022-03-07,264.0,270.14,261.28,261.46,236.07124949447936,5794047,0.0000,1.0
2022-03-08,261.5,263.25,253.1,253.47,228.85710858014875,6229956,0.0000,1.0
2022-03-09,257.35,259.35,251.54,253.67,229.03768782706564,6204384,0.0000,1.0
2022-03-10,252.0,259.91,249.56,259.65,234.4370073098813,4501234,0.0000,1.0
2022-03-11,259.01,263.4,259.01,261.52,236.12542326855444,3873780,0.0000,1.0
2022-03-14,263.36,263.87,255.65,257.66,232.64024380305807,3839221,0.0000,1.0
2022-03-15,261.55,262.29,256.795,260.13,234.87039750248192,2913846,0.0000,1.0
2022-03-16,262.1,264.93,260.26,264.15,238.50004036551184,3958646,0.0000,1.0
2022-03-17,260.92,264.42,258.44,263.56,237.96733158710697,3761454,0.0000,1.0
2022-03-18,264.0,264.16,259.65,261.32,235.94484402163752,6064781,0.0000,1.0
2022-03-21,260.85,265.44,260.24,264.51,238.82508300996227,5131839,0.0000,1.0
2022-03-22,266.0,267.2,263.79,265.86,240.04399292665147,3627904,0.0000,1.0
2022-03-23,265.06,269.77,264.52,267.68,241.68726407359534,2877134,0.0000,1.0
2022-03-24,269.0,272.77,268.27,270.21,243.97159154709428,3400248,0.0000,1.0
2022-03-25,271.37,273.58,270.29,273.38,246.83377261072735,2654719,0.0000,1.0
2022-03-28,272.72,275.4,271.655,275.34,248.60344923051306,2548449,0.0000,1.0
2022-03-29,275.2,276.82,269.38,273.61,247.0414387446818,2759506,0.0000,1.0
2022-03-30,274.13,276.87,273.86,276.69,249.82235914720223,2770466,0.0000,1.0
2022-03-31,275.57,278.94,273.21,273.21,246.68028025084794,3793063,0.0000,1.0
2022-04-01,274.2,274.44,257.0,259.96,234.7169051426025,6366997,0.0000,1.0
2022-04-04,259.76,260.69,253.34,257.74,232.71247550182483,4633432,0.0000,1.0
2022-04-05,256.36,259.475,251.676,252.11,227.62916970111374,4919733,0.0000,1.0
2022-04-06,249.93,250.49,240.36,242.93,219.34058226762747,6794442,0.0000,1.0
2022-04-07,243.61,245.99,240.02,244.86,221.08317200037567,4793189,0.0000,1.0
2022-04-08,241.22,245.36,239.68,241.98,218.4828308447721,3530859,0.0000,1.0
2022-04-11,240.91,244.29,239.57,243.11,219.50310358985269,2912279,0.0000,1.0
2022-04-12,243.6,248.15,242.49,245.06,221.2637512472926,3097767,0.0000,1.0
2022-04-13,244.76,246.31,242.66,244.63,220.8755058664212,3061993,0.0000,1.0
2022-04-14,246.4,247.9,244.53,246.21,222.30208191706484,3180269,0.0000,1.0
2022-04-18,245.0,246.83,240.22,242.12,218.60923631761398,3173282,0.0000,1.0
2022-04-19,244.77,246.09,243.62,245.62,221.76937313865994,2269036,0.0000,1.0
2022-04-20,246.09,249.24,246.09,247.07,223.07857267880755,2906409,0.0000,1.0
2022-04-21,245.47,250.52,242.54,244.4,220.66783973246677,4179583,0.0000,1.0
2022-04-22,242.26,242.655,233.84,234.3,211.54858776316271,5105331,0.0000,1.0
2022-04-25,233.83,236.96,230.06,236.42,213.46272778048194,4129882,0.0000,1.0
2022-04-26,235.6,237.8599,233.43,233.59,210.90753143660766,2292518,0.0000,1.0
2022-04-27,232.54,238.03,232.29,236.79,213.79679938727824,3489854,0.0000,1.0
2022-04-28,236.79,239.88,236.43,239.25,216.01792412435628,4531866,0.0000,1.0
2022-04-29,238.1,239.88,233.84,234.29,211.53955880081685,4407118,0.0000,1.0
2022-05-02,235.48,236.34,228.62,232.87,210.2574461477068,3665823,0.0000,1.0
2022-05-03,232.99,233.45,229.61,232.1,209.56221604707665,2285029,0.0000,1.0
2022-05-04,233.27,237.64,231.41,237.09,214.06766825765362,2573895,0.0000,1.0
2022-05-05,235.44,236.34,229.56,231.48,209.0024203816342,3005483,0.0000,1.0
2022-05-06,230.53,230.585,225.77,229.59,207.29594649826942,2774851,0.0000,1.0
2022-05-09,227.0,227.755,224.42,225.25,203.37737684017242,3288922,0.0000,1.0
2022-05-10,227.99,228.2322,218.28,222.6,200.98470181852332,3845386,0.0000,1.0
2022-05-11,222.86,228.12,222.46,223.88,202.14040899879157,2457544,0.0000,1.0
2022-05-12,223.39,227.98,221.8612,225.93,203.99134627968994,3230941,0.0000,1.0
2022-05-13,226.87,232.35,226.71,230.76,208.35233509273334,3263834,0.0000,1.0
2022-05-16,230.11,231.43,227.32,227.89,205.76102289947565,3091906,0.0000,1.0
2022-05-17,231.47,233.085,229.29,232.19,209.64347670818927,2916433,0.0000,1.0
2022-05-18,232.32,232.35,224.08,224.99,203.14262381918044,2620724,0.0000,1.0
2022-05-19,219.43,220.3,212.72,216.5,195.4770347875575,5428067,0.0000,1.0
2022-05-20,216.0,217.45,210.24,213.58,192.8405777825706,3796013,0.0000,1.0
2022-05-23,215.49,217.1,214.33,216.89,195.82916431904547,3079493,0.0000,1.0
2022-05-24,215.75,217.61,213.27,217.09,196.0097435659624,2159792,0.0000,1.0
2022-05-25,217.68,219.55,215.65,217.42,196.3076993233753,2006706,0.0000,1.0
2022-05-26,218.23,222.5785,218.23,221.29,199.80190775121756,2045302,0.0000,1.0
2022-05-27,221.66,224.25,220.83,222.5,202.06817730002484,1537564,1.3000,1.0
2022-05-31,221.73,221.78,219.27,219.78,199.597950593256,4405441,0.0000,1.0
2022-06-01,221.17,222.59,219.92,221.32,200.99653483164715,2796210,0.0000,1.0
2022-06-02,222.92,225.89,220.61,225.39,204.69279317596673,2092104,0.0000,1.0
2022-06-03,223.81,225.32,221.88,224.0,203.4304346750812,1964379,0.0000,1.0
2022-06-06,225.34,226.35,224.11,225.17,204.49299542762512,2151350,0.0000,1.0
2022-06-07,218.92,229.06,217.2,228.75,207.74424969609294,3772393,0.0000,1.0
2022-06-08,225.58,225.85,220.0,221.68,201.3234766016607,2409348,0.0000,1.0
2022-06-09,220.57,222.38400000000001,216.68,216.79,196.88251755897699,2198479,0.0000,1.0
2022-06-10,213.83,215.16,210.01,211.12,191.73318468126402,2752336,0.0000,1.0
2022-06-13,207.5,209.7,204.21,208.07,188.96326135198277,3374553,0.0000,1.0
2022-06-14,209.54,212.26,207.58,208.49,189.34469341699855,2631637,0.0000,1.0
2022-06-15,211.15,213.01,207.05,209.84,190.57072505454926,2236086,0.0000,1.0
2022-06-16,205.74,209.58,205.32,208.19,189.07224194198727,3124603,0.0000,1.0
2022-06-17,208.15,209.24,205.69,206.45,187.49202338692191,6079717,0.0000,1.0
2022-06-21,210.05,211.48,208.09,209.47,190.23470156870204,2956165,0.0000,1.0
2022-06-22,207.0,211.2217,206.51,208.99,189.798779208684,2098405,0.0000,1.0
2022-06-23,209.72,211.35,207.48,209.75,190.48898961204588,2504675,0.0000,1.0
2022-06-24,210.06,217.85,210.06,215.78,195.9652642597724,5516536,0.0000,1.0
2022-06-27,216.82,216.82,212.43,213.85,194.21249310386656,1827624,0.0000,1.0
2022-06-28,216.13,218.85,213.15,213.36,193.76748902801484,2156387,0.0000,1.0
2022-06-29,214.03,214.03,210.46,213.15,193.57677299550693,2178982,0.0000,1.0
2022-06-30,210.0,213.42,209.02,213.28,193.69483530134517,2314092,0.0000,1.0
2022-07-01,212.5,216.21,211.3,215.26,195.4930150364195,1765928,0.0000,1.0
2022-07-05,213.19,213.21,207.67,210.17,190.87042167706164,2236033,0.0000,1.0
2022-07-06,209.5,212.5799,207.18,209.72,190.46174446454475,2655770,0.0000,1.0
2022-07-07,210.03,213.2164,208.78,212.63,193.10452377215407,2007235,0.0000,1.0
2022-07-08,212.06,213.08,205.65,209.7,190.44358103287732,1851032,0.0000,1.0
2022-07-11,208.81,211.12,208.24,209.87,190.5979702020504,1818506,0.0000,1.0
2022-07-12,206.48,208.67,205.1,206.5,187.53743196609045,2654056,0.0000,1.0
2022-07-13,204.99,208.61,204.29,206.71,187.72814799859836,1902465,0.0000,1.0
2022-07-14,203.5,205.97,202.38,205.52,186.647423814387,2306570,0.0000,1.0
2022-07-15,209.15,210.85,207.86,209.13,189.92592323035592,3997548,0.0000,1.0
2022-07-18,210.42,212.78,209.55,210.22,190.9158302562302,1990052,0.0000,1.0
2022-07-19,212.11,217.28,211.61,216.9,196.98241643314782,2387784,0.0000,1.0
2022-07-20,216.9,217.85,214.09,214.45,194.7573960538891,3152073,0.0000,1.0
2022-07-21,212.5,214.36,209.81,211.9,192.44155851629333,4130970,0.0000,1.0
2022-07-22,212.21,214.26,210.8,213.4,193.80381589134967,2612652,0.0000,1.0
2022-07-25,213.39,217.57,212.6,217.36,197.40017536149844,2534164,0.0000,1.0
2022-07-26,216.36,217.63,214.445,215.97,196.13781686061287,1927994,0.0000,1.0
2022-07-27,216.4,221.195,215.68,219.89,199.69784946742678,2041507,0.0000,1.0
2022-07-28,220.36,224.1,219.11,223.74,203.19431006340474,2337192,0.0000,1.0
2022-07-29,223.42,228.23,223.28,227.3,206.42740090020516,2337038,0.0000,1.0
2022-08-01,226.09,227.98,225.33,227.08,206.22760315186355,2245109,0.0000,1.0
2022-08-02,225.64,225.64,221.55,222.5,202.06817730002484,2954295,0.0000,1.0
2022-08-03,223.54,226.47,222.87,225.63,204.91075435597574,1922261,0.0000,1.0
2022-08-04,225.98,228.9796,224.43,227.35,206.4728094793737,1891917,0.0000,1.0
2022-08-05,226.0,229.04,226.0,228.62,207.62618739025473,1482258,0.0000,1.0
2022-08-08,230.0,231.33,227.79,227.86,206.93597698689285,1662481,0.0000,1.0
2022-08-09,228.67,230.16,228.22,228.49,207.50812508441652,1778743,0.0000,1.0
2022-08-10,232.11,236.45,230.91,235.76,214.11053249552293,2411832,0.0000,1.0
2022-08-11,237.19,241.89,236.995,239.25,217.28005132148738,2746617,0.0000,1.0
2022-08-12,239.99,241.18,238.595,239.95,217.91577142984698,2186839,0.0000,1.0
2022-08-15,238.6,238.7,236.48,238.17,216.2992260114468,2070534,0.0000,1.0
2022-08-16,237.75,242.355,237.75,241.35,219.18721164656625,2486819,0.0000,1.0
2022-08-17,238.12,241.42,237.67,240.89,218.76945271821563,1686853,0.0000,1.0
2022-08-18,241.54,242.2837,240.05,241.91,219.69578773325395,1457555,0.0000,1.0
2022-08-19,241.0,241.0,238.29,238.52,216.61708606562664,2082600,0.0000,1.0
2022-08-22,235.48,237.89,234.762,237.51,215.699832766422,2891116,0.0000,1.0
2022-08-23,237.24,239.05,236.39,237.64,215.81789507226023,1638869,0.0000,1.0
2022-08-24,237.33,239.02,236.85,238.29,216.4082066014513,1779827,0.0000,1.0
2022-08-25,238.59,240.13,237.18,239.07,217.1165804364806,1624137,0.0000,1.0
2022-08-26,238.54,239.12,230.95,231.27,210.03284208618763,1728873,0.0000,1.0
2022-08-29,229.62,234.11,228.84,232.41,211.06815769123043,2137788,0.0000,1.0
2022-08-30,230.97,231.49,224.52,225.24,205.73719049684328,3159441,1.3000,1.0
2022-08-31,226.15,226.86,223.96,224.51,205.0703988565365,2420703,0.0000,1.0
2022-09-01,223.66,226.28,222.7997,226.06,206.486189325681,2263243,0.0000,1.0
2022-09-02,228.12,228.12,222.93,223.94,204.54975332917368,1571779,0.0000,1.0
2022-09-06,223.94,229.7,223.5,227.98,208.2399426810084,2956404,0.0000,1.0
2022-09-07,226.79,230.01,226.79,228.79,208.97980737778713,2858491,0.0000,1.0
2022-09-08,227.74,230.5696,227.23,230.34,210.39559784693162,2181848,0.0000,1.0
2022-09-09,231.11,233.28,230.99099999999999,231.88,211.80225418401713,2016463,0.0000,1.0
2022-09-12,234.39,235.285,232.56,234.16,213.8848362934684,2635565,0.0000,1.0
2022-09-13,230.15,231.8799,225.545,226.29,206.69627436303793,2378422,0.0000,1.0
2022-09-14,223.38,223.88,214.01,217.95,199.0784082258346,5915209,0.0000,1.0
2022-09-15,221.34,224.69,218.04,218.36,199.4529076402535,4148469,0.0000,1.0
2022-09-16,213.86,214.7,207.58,212.0,193.64359965073155,7984101,0.0000,1.0
2022-09-19,210.87,216.59,210.52,216.2,197.4799351155102,2863850,0.0000,1.0
2022-09-20,213.87,215.21,210.62,213.27,194.80363442222415,2094136,0.0000,1.0
2022-09-21,214.89,216.955,211.76,211.89,193.54312419808258,1917708,0.0000,1.0
2022-09-22,211.36,212.51,208.84,209.17,191.05864027803545,2348538,0.0000,1.0
2022-09-23,206.5,207.13,202.12,203.97,186.30889160735714,2585630,0.0000,1.0
2022-09-26,202.94,203.85,199.09,200.86,183.46817653700916,3708156,0.0000,1.0
2022-09-27,200.85,202.42,196.49,197.25,180.17075486371132,5466122,0.0000,1.0
2022-09-28,198.27,203.5642,197.46,201.83,184.35418734673183,3284913,0.0000,1.0
2022-09-29,200.15,200.52,197.37,199.2,181.95191061521567,2072371,0.0000,1.0
2022-09-30,198.02,199.33,194.73,194.82,177.95116077337508,3267705,0.0000,1.0
2022-10-03,197.02,201.72,196.04,200.26,182.92012861346933,2489928,0.0000,1.0
2022-10-04,202.84,205.4,202.17,205.38,187.59680422767568,2896533,0.0000,1.0
2022-10-05,202.57,203.48,199.48,200.62,183.24895736759322,3065862,0.0000,1.0
2022-10-06,200.16,201.41,197.83,198.21,181.047631541375,2586820,0.0000,1.0
2022-10-07,196.02,197.155,193.61,195.62,178.68189133809486,2875662,0.0000,1.0
2022-10-10,197.13,198.065,193.71,194.05,177.24783260483235,2859606,0.0000,1.0
2022-10-11,192.92,195.8,191.6481,192.64,175.9599199845138,3094701,0.0000,1.0
2022-10-12,192.82,195.85,191.92,192.12,175.48494511744596,2381267,0.0000,1.0
2022-10-13,188.34,198.19,186.89,196.74,179.70491412870248,3482880,0.0000,1.0
2022-10-14,198.79,199.188,193.42,193.79,177.0103451712984,2720359,0.0000,1.0
2022-10-17,196.16,199.71,196.1048,198.6,181.40386269167587,3002242,0.0000,1.0
2022-10-18,202.23,203.72,199.005,201.64,184.18063883761087,2551412,0.0000,1.0
2022-10-19,199.99,201.77,198.725,200.06,182.7374459722894,2386895,0.0000,1.0
2022-10-20,192.55,194.78,185.83,186.45,170.3058922399948,6103230,0.0000,1.0
2022-10-21,185.45,191.18,183.7,190.53,174.03261812006548,6711562,0.0000,1.0
2022-10-24,192.84,195.0,191.94,193.49,176.73632120952854,2994407,0.0000,1.0
2022-10-25,193.58,195.03,192.665,194.61,177.75934400013617,2770027,0.0000,1.0
2022-10-26,197.2,198.2393,194.39,195.78,178.8280374510388,4134841,0.0000,1.0
2022-10-27,197.25,199.93,195.58,196.04,179.0655248845727,3148244,0.0000,1.0
2022-10-28,196.62,198.84,195.1236,198.65,181.44953335197087,3724245,0.0000,1.0
2022-10-31,198.57,198.61,195.04,197.14,180.07027941106233,3130344,0.0000,1.0
2022-11-01,197.2,198.005,193.57,196.82,179.77798718517445,3042352,0.0000,1.0
2022-11-02,196.35,198.9473,192.16,192.53,175.85944453186485,3019993,0.0000,1.0
2022-11-03,190.28,195.21,190.22,193.19,176.4622972477586,3238902,0.0000,1.0
2022-11-04,195.56,197.78,194.18,196.7,179.66837760046647,3334012,0.0000,1.0
2022-11-07,198.5,198.5,195.47,196.3,179.30301231810662,3757786,0.0000,1.0
2022-11-08,198.15,205.12,197.765,204.01,186.34542813559312,6285142,0.0000,1.0
2022-11-09,203.51,204.54,201.94,203.41,185.79738021205333,4682778,0.0000,1.0
2022-11-10,210.88,213.19,209.09,212.99,194.54787872457223,4923461,0.0000,1.0
2022-11-11,216.11,219.56,214.76,217.5,198.6673722831798,5176484,0.0000,1.0
2022-11-14,216.85,221.46,216.29,216.95,198.16499501993493,3945919,0.0000,1.0
2022-11-15,217.81,219.065,208.74,210.66,192.419625954826,6235236,0.0000,1.0
2022-11-16,211.15,213.19,210.48,212.27,193.89022121632448,3864580,0.0000,1.0
2022-11-17,210.63,212.35,207.01,209.82,191.65235886187025,4561638,0.0000,1.0
2022-11-18,211.61,212.19,209.295,210.58,192.34655289835402,2499551,0.0000,1.0
2022-11-21,209.9,213.34,208.2,212.27,193.89022121632448,2365469,0.0000,1.0
2022-11-22,213.57,217.73,212.82,213.2,194.73969549781114,2962536,0.0000,1.0
2022-11-23,212.69,213.2342,210.57,212.52,194.1185745177994,2405280,0.0000,1.0
2022-11-25,213.0,215.42,212.48,213.33,194.85843921457814,1101944,0.0000,1.0
2022-11-28,211.23,212.43,207.68,208.52,190.46492169420068,2755386,0.0000,1.0
2022-11-29,208.96,213.24,208.11,212.77,194.3469278192743,2280770,0.0000,1.0
2022-11-30,212.72,218.95,210.71,217.43,198.6034333587668,5173079,0.0000,1.0
2022-12-01,219.16,219.16,214.89,215.93,197.23331354991728,2638443,0.0000,1.0
2022-12-02,213.74,215.84,213.2,214.73,196.13721770283766,1759997,0.0000,1.0
2022-12-05,212.94,213.55,210.41,211.06,192.78499123718586,2504481,0.0000,1.0
2022-12-06,211.53,213.2267,208.7,211.14,192.8580642936578,3097620,0.0000,1.0
2022-12-07,211.0,214.79,210.59,212.22,193.84455055602947,2828743,0.0000,1.0
2022-12-08,212.73,214.56,211.54,213.03,194.5844152528082,1585388,0.0000,1.0
2022-12-09,212.4,213.05,211.05,211.35,193.04988106689675,2334478,0.0000,1.0
2022-12-12,212.64,215.9,210.77,215.83,197.14197222932734,3017615,0.0000,1.0
2022-12-13,220.9,221.45,215.85,218.02,199.14234715024762,3585150,0.0000,1.0
2022-12-14,219.32,221.71,216.36,217.58,198.74044533965176,2749841,0.0000,1.0
2022-12-15,214.76,215.11,210.7622,212.31,193.92675774456046,3373406,0.0000,1.0
2022-12-16,208.55,210.75,206.645,210.21,193.19602717984074,5194324,1.3000,1.0
2022-12-19,210.2,210.41,204.75,206.39,189.68521026424682,2355271,0.0000,1.0
2022-12-20,206.46,207.02,203.673,205.41,188.78452948485364,4081886,0.0000,1.0
2022-12-21,207.46,209.15,206.72,208.42,191.55090616441845,2756387,0.0000,1.0
2022-12-22,207.03,208.68,205.1352,208.66,191.77148104916782,2399255,0.0000,1.0
2022-12-23,208.2,210.745,208.2,209.91,192.92030857390404,1639486,0.0000,1.0
2022-12-27,210.46,211.4471,208.85,210.32,193.2971240020175,1139698,0.0000,1.0
2022-12-28,210.23,211.23,206.78,206.87,190.12636003374556,1631188,0.0000,1.0
2022-12-29,208.04,210.36,207.14,209.22,192.28615578024963,1484796,0.0000,1.0
2022-12-30,207.67,208.99,204.675,207.07,190.31017243770333,1554192,0.0000,1.0
2023-01-03,207.29,207.87,205.13,207.58,190.77889406779573,1766261,0.0000,1.0
2023-01-04,208.09,210.21,207.57,209.24,192.30453702064543,1830877,0.0000,1.0
2023-01-05,207.73,208.68,202.76,203.08,186.64311497874533,2317577,0.0000,1.0
2023-01-06,206.8,212.55,206.0,212.01,194.85033881546087,3375200,0.0000,1.0
2023-01-09,212.19,215.88,211.1,211.46,194.34485470457696,2259504,0.0000,1.0
2023-01-10,211.38,212.38,209.87,212.28,195.0984855608039,1225298,0.0000,1.0
2023-01-11,213.24,214.67,212.13,214.26,196.91822835998607,1840537,0.0000,1.0
2023-01-12,215.31,216.245,212.07,214.69,197.31342502849535,2034572,0.0000,1.0
2023-01-13,212.91,214.12,212.16,213.23,195.97159447960343,1693498,0.0000,1.0
2023-01-17,214.47,216.955,212.45,214.31,196.96418146097554,2186165,0.0000,1.0
2023-01-18,214.65,215.81,209.2,209.48,192.52511190539477,2719595,0.0000,1.0
2023-01-19,207.61,209.215,205.49,205.5,188.86724506663464,3065607,0.0000,1.0
2023-01-20,205.86,208.72,203.53,208.66,191.77148104916782,5344028,0.0000,1.0
2023-01-23,209.32,212.97,208.02,210.13,193.1225022182576,3155615,0.0000,1.0
2023-01-24,205.0,207.0,201.0,203.18,186.73502118072423,4462600,0.0000,1.0
2023-01-25,200.96,201.69,197.03,200.12,183.92269140016995,4163884,0.0000,1.0
2023-01-26,198.47,201.6,194.5,201.48,185.17261574708294,4207024,0.0000,1.0
2023-01-27,201.65,203.845,200.66,202.39,186.00896218509092,3429453,0.0000,1.0
2023-01-30,200.85,203.935,200.0,200.2,183.99621636175306,2617604,0.0000,1.0
2023-01-31,200.11,204.21,199.64,204.19,187.66327382071108,2958732,0.0000,1.0
2023-02-01,203.21,209.1,202.62,207.93,191.10056577472187,3080126,0.0000,1.0
2023-02-02,208.0,214.8903,206.95,213.41,196.13702564316546,3445976,0.0000,1.0
2023-02-03,210.57,212.875,209.59,210.29,193.26955214142384,2142139,0.0000,1.0
2023-02-06,209.02,210.375,208.07,208.96,192.04719965510452,1665617,0.0000,1.0
2023-02-07,207.04,210.38,206.56,209.04,192.12072461668762,2067646,0.0000,1.0
2023-02-08,208.37,209.58,206.52,207.14,190.37450677908856,1805093,0.0000,1.0
2023-02-09,208.14,208.64,202.45,202.81,186.3949682334023,2989953,0.0000,1.0
2023-02-10,202.22,206.1,201.76,205.5,188.86724506663464,2599968,0.0000,1.0
2023-02-13,204.92,208.94,204.53,206.05,189.3727291775186,4095466,0.0000,1.0
2023-02-14,205.86,205.925,201.6,204.03,187.51622389754485,2174728,0.0000,1.0
2023-02-15,201.61,203.12,199.42,203.11,186.670686839339,2880025,0.0000,1.0
2023-02-16,199.68,203.04,199.45,200.52,184.29031620808556,3375082,0.0000,1.0
2023-02-17,198.82,201.65,198.5576,201.59,185.27371256925974,7063859,0.0000,1.0
2023-02-21,199.41,200.17,193.68,193.75,178.06826633411418,4462390,0.0000,1.0
2023-02-22,193.66,194.49,190.08,191.38,175.89008934721429,5815964,0.0000,1.0
2023-02-23,192.63,193.66,190.74,193.32,177.6730696656049,3125450,0.0000,1.0
2023-02-24,191.3,194.59,190.32,194.02,178.31641307945722,3371368,0.0000,1.0
2023-02-27,213.925,214.8,209.771,212.17,196.19216936435276,12140437,1.3000,1.0
2023-02-28,210.53,211.4,206.61,207.28,191.6704193139607,6091169,0.0000,1.0
2023-03-01,206.09,210.15,205.98,207.99,192.3269515298663,2775151,0.0000,1.0
2023-03-02,206.65,212.16,206.26,211.36,195.44316782226332,2813075,0.0000,1.0
2023-03-03,212.01,212.88,208.0,209.36,193.59378129858558,3665921,0.0000,1.0
2023-03-06,209.56,210.81,207.84,208.83,193.10369386981097,2300367,0.0000,1.0
2023-03-07,207.43,207.7,204.65,205.4,189.93199598170364,3897988,0.0000,1.0
2023-03-08,204.49,205.145,201.46,203.57,188.2398073125385,2980839,0.0000,1.0
2023-03-09,204.82,204.82,199.42,199.57,184.54103426518301,3342106,0.0000,1.0
2023-03-10,198.88,203.09,195.18,196.06,181.2953609161286,3909532,0.0000,1.0
2023-03-13,194.62,199.15,193.73,195.1,180.40765538476327,2774713,0.0000,1.0
2023-03-14,196.87,199.7,192.63,195.15,180.45389004785523,3168876,0.0000,1.0
2023-03-15,191.17,193.07,189.395,192.04,177.57809400353634,5749675,0.0000,1.0
2023-03-16,191.08,193.6,189.14,192.91,178.38257714133616,6357226,0.0000,1.0
2023-03-17,193.34,193.34,187.73,190.01,175.70096668200344,11852820,0.0000,1.0
2023-03-20,190.12,191.845,188.99,189.69,175.405064838215,2956844,0.0000,1.0
2023-03-21,191.41,192.7,188.38,189.54,175.26636084893917,3339047,0.0000,1.0
2023-03-22,188.56,190.18,185.67,185.72,171.7340325887147,3325512,0.0000,1.0
2023-03-23,186.01,187.8508,183.69,186.2,172.17788535439735,3854882,0.0000,1.0
2023-03-24,184.14,188.56,183.85,188.51,174.31392678924513,4263667,0.0000,1.0
2023-03-27,190.62,193.72,190.17,193.23,178.6784789851246,3666756,0.0000,1.0
2023-03-28,193.23,197.465,193.23,196.58,181.77620141228482,5635275,0.0000,1.0
2023-03-29,198.47,199.87,197.48,199.09,184.09718149950038,3152243,0.0000,1.0
2023-03-30,200.36,201.45,197.5,198.36,183.42215541835802,3050708,0.0000,1.0
2023-03-31,198.87,201.385,198.65,201.26,186.1037658776907,3422593,0.0000,1.0
2023-04-03,200.92,201.93,197.99,199.54,184.51329346732786,1908433,0.0000,1.0
2023-04-04,199.38,199.725,195.06,195.88,181.1289161289976,3556701,0.0000,1.0
2023-04-05,195.13,196.3,194.07,194.21,179.5846783817267,2382265,0.0000,1.0
2023-04-06,194.6,198.69,194.0933,198.64,183.68106953167288,3280101,0.0000,1.0
2023-04-10,197.18,199.2999,197.09,198.37,183.43140235097638,2401952,0.0000,1.0
2023-04-11,199.44,200.06,198.51,198.9,183.921489779751,3597985,0.0000,1.0
2023-04-12,199.76,200.69,198.23,198.73,183.76429192523838,2315454,0.0000,1.0
2023-04-13,198.89,199.7,196.73,197.92,183.01529038314888,2894415,0.0000,1.0
2023-04-14,198.13,199.64,197.37,198.53,183.5793532728706,1947985,0.0000,1.0
2023-04-17,199.65,202.68,198.45,200.04,184.97564009824728,2740807,0.0000,1.0
2023-04-18,200.7,201.98,199.03,199.47,184.44856493899914,2388104,0.0000,1.0
2023-04-19,198.09,202.21,198.09,202.0,186.7880388914515,2619794,0.0000,1.0
2023-04-20,202.39,207.82,201.42,202.6,187.3428548485548,2989244,0.0000,1.0
2023-04-21,202.99,203.73,198.16,198.85,183.87525511665905,6029405,0.0000,1.0
2023-04-24,197.92,201.7,197.3413,200.28,185.19756648108864,2723705,0.0000,1.0
2023-04-25,198.09,199.54,194.135,194.75,180.08401274311967,2594380,0.0000,1.0
2023-04-26,193.58,194.37,190.37,191.5,177.07875964214335,2366127,0.0000,1.0
2023-04-27,191.25,193.78,190.45,193.54,178.96513389629465,2287459,0.0000,1.0
2023-04-28,192.87,197.12,192.87,195.7,180.9624713418666,1814933,0.0000,1.0
2023-05-01,195.53,199.87,195.53,198.63,183.67182259905448,2195008,0.0000,1.0
2023-05-02,197.45,197.92,192.99,196.07,181.304607848747,2693796,0.0000,1.0
2023-05-03,197.18,198.07,195.26,195.33,180.62033483498624,2017445,0.0000,1.0
2023-05-04,195.41,197.395,194.0316,197.06,182.22005417796748,1866347,0.0000,1.0
2023-05-05,198.7,202.5,198.14,201.23,186.07602507983555,2065019,0.0000,1.0
2023-05-08,202.49,202.83,199.5,199.94,184.8831707720634,1973045,0.0000,1.0
2023-05-09,198.94,200.695,197.83,200.59,185.4842213922587,1606740,0.0000,1.0
2023-05-10,202.12,202.6039,196.91,199.06,184.06944070164522,1703530,0.0000,1.0
2023-05-11,198.73,198.89,197.05,198.08,183.16324130504313,1397331,0.0000,1.0
2023-05-12,199.43,199.5,197.37,198.99,184.0047121733165,1459512,0.0000,1.0
2023-05-15,198.83,200.07,197.52,199.64,184.60576279351173,1630515,0.0000,1.0
2023-05-16,199.12,199.29,196.5,196.87,182.0443624582181,1893958,0.0000,1.0
2023-05-17,197.04,200.115,196.86,198.84,183.86600818404065,2273080,0.0000,1.0
2023-05-18,197.98,199.23,195.16,198.81,183.8382673861855,1947796,0.0000,1.0
2023-05-19,199.1,200.06,197.245,198.97,183.9862183080797,1798839,0.0000,1.0
2023-05-22,201.01,201.95,196.076,198.29,183.35742689002927,1744063,0.0000,1.0
2023-05-23,198.19,198.19,194.86,196.38,181.59126275991704,2434146,0.0000,1.0
2023-05-24,195.77,195.99,191.31,191.91,177.4578838794973,2970979,0.0000,1.0
2023-05-25,191.06,193.83,190.71,193.21,178.65998511988784,2467636,0.0000,1.0
2023-05-26,193.58,193.95,192.09,193.1,178.55826886108554,2287366,0.0000,1.0
2023-05-30,192.11,194.69,191.22,194.2,180.77753268949886,2453568,1.3000,1.0
2023-05-31,193.07,193.91,191.1099,192.52,179.21364878157735,3471721,0.0000,1.0
2023-06-01,192.46,196.06,192.25,195.68,182.15523994171542,2713762,0.0000,1.0
2023-06-02,197.18,200.715,196.88,198.66,184.92927211171906,2522701,0.0000,1.0
2023-06-05,198.74,200.22,198.1711,198.73,184.9944339412158,2140613,0.0000,1.0
2023-06-06,197.04,197.73,195.16,196.36,182.78824057111225,2341901,0.0000,1.0
2023-06-07,196.3,201.65,194.13,201.46,187.53574529158826,2582847,0.0000,1.0
2023-06-08,201.47,201.88,197.53,200.99,187.09823015068164,2180656,0.0000,1.0
2023-06-09,201.78,201.78,198.71,199.67,185.869464223029,1806829,0.0000,1.0
2023-06-12,199.56,199.625,195.87,198.96,185.20853709527648,2096381,0.0000,1.0
2023-06-13,197.39,199.54,194.6,198.93,185.18061059692073,3577856,0.0000,1.0
2023-06-14,200.14,205.04,199.31,202.74,188.72727588809988,3259385,0.0000,1.0
2023-06-15,203.15,206.84,202.74,205.92,191.68748471380846,2288571,0.0000,1.0
2023-06-16,206.37,206.9,204.48,204.67,190.52388061565256,4139868,0.0000,1.0
2023-06-20,202.94,204.24,201.02,201.38,187.46127462930627,2412765,0.0000,1.0
2023-06-21,200.47,204.17,200.13,203.65,189.57437967155738,2191438,0.0000,1.0
2023-06-22,203.63,203.65,201.87,203.37,189.31373235357046,1809283,0.0000,1.0
2023-06-23,201.88,201.99,199.06,199.89,186.07425854430446,7413977,0.0000,1.0
2023-06-26,200.19,201.8094,199.82,201.33,187.41473046538005,1764809,0.0000,1.0
2023-06-27,201.64,203.375,200.66,202.98,188.9506878749458,2433951,0.0000,1.0
2023-06-28,203.04,203.42,201.64,203.09,189.05308503558354,2498258,0.0000,1.0
2023-06-29,202.37,204.86,201.65,204.65,190.50526295008208,1957394,0.0000,1.0
2023-06-30,205.57,206.62,203.36,204.62,190.47733645172633,2298746,0.0000,1.0
2023-07-03,203.25,207.11,202.06,206.13,191.88297020229865,1057362,0.0000,1.0
2023-07-05,204.64,205.79,203.48,203.91,189.8164093239738,1818128,0.0000,1.0
2023-07-06,202.03,203.01,200.6,202.51,188.5131727340392,1518543,0.0000,1.0
2023-07-07,201.07,204.41,200.5,202.82,188.80174655038186,2074819,0.0000,1.0
2023-07-10,202.66,205.42,202.43,204.86,190.70074843857228,2025215,0.0000,1.0
2023-07-11,206.0,207.19,205.025,206.79,192.49735316612495,2101076,0.0000,1.0
2023-07-12,208.07,210.62,206.0,208.92,194.4801345493826,3261515,0.0000,1.0
2023-07-13,209.43,210.92,208.57,210.61,196.05332729008936,2214270,0.0000,1.0
2023-07-14,210.37,211.66,209.87,210.99,196.40706293592876,1603021,0.0000,1.0
2023-07-17,210.56,210.825,209.0968,209.86,195.35516483119585,1471705,0.0000,1.0
2023-07-18,209.46,213.0,209.1,212.62,197.92440267992404,1893637,0.0000,1.0
2023-07-19,212.86,215.0,212.5,214.25,199.4417424239193,2036692,0.0000,1.0
2023-07-20,215.03,217.6185,214.62,216.78,201.79687711858682,3137644,0.0000,1.0
2023-07-21,213.53,217.27,212.035,216.78,201.79687711858682,6040181,0.0000,1.0
2023-07-24,216.32,219.1,215.77,216.94,201.94581844315078,2165244,0.0000,1.0
2023-07-25,216.29,217.45,214.75,215.55,200.65189068600145,2766183,0.0000,1.0
2023-07-26,236.83,240.4799,233.38,238.0,221.55022028888118,14540741,0.0000,1.0
2023-07-27,235.45,236.39,230.4075,232.1,216.05800894558539,5806689,0.0000,1.0
2023-07-28,231.86,235.2468,230.25,232.77,216.68170074219697,3595798,0.0000,1.0
2023-07-31,232.73,234.54,230.42,232.02,215.98353828330343,2988783,0.0000,1.0
2023-08-01,231.49,232.155,229.13,231.5,215.49947897847056,3486302,0.0000,1.0
2023-08-02,231.15,232.45,229.8701,230.2,214.28933071638843,2740446,0.0000,1.0
2023-08-03,229.59,231.73,228.55,229.89,214.00075690004576,1914121,0.0000,1.0
2023-08-04,230.52,232.82,228.235,228.53,212.73475564125218,3176349,0.0000,1.0
2023-08-07,230.31,231.83,228.6,229.7,213.82388907712607,2211303,0.0000,1.0
2023-08-08,230.31,230.37,226.37,228.63,212.82784396910463,2513703,0.0000,1.0
2023-08-09,227.25,229.81,226.76,229.25,213.40499160178996,2562528,0.0000,1.0
2023-08-10,229.97,231.34,229.52,230.3,214.38241904424092,2737654,0.0000,1.0
2023-08-11,229.75,230.99,229.28,229.49,213.6284035886359,2346223,0.0000,1.0
2023-08-14,228.67,229.99,228.25,229.8,213.91697740497858,1682076,0.0000,1.0
2023-08-15,228.84,229.12,225.46,225.54,209.9514146384633,2146190,0.0000,1.0
2023-08-16,225.35,226.16,223.655,224.62,209.09500202222057,2169224,0.0000,1.0
2023-08-17,225.29,226.67,224.07,224.38,208.87159003537462,2075375,0.0000,1.0
2023-08-18,223.26,225.69,223.15,225.26,209.69076732047637,1660324,0.0000,1.0
2023-08-21,225.24,225.79,223.4,223.97,208.4899278911795,2000616,0.0000,1.0
2023-08-22,224.27,224.6,221.57,222.41,207.03774997668094,1636243,0.0000,1.0
2023-08-23,222.83,223.6688,221.37,223.13,207.70798593721872,2026467,0.0000,1.0
2023-08-24,223.29,224.235,222.48,222.52,207.14014713731868,1738925,0.0000,1.0
2023-08-25,223.23,225.48,222.28,224.18,208.68541337966968,1609912,0.0000,1.0
2023-08-28,223.91,227.25,223.87,224.54,209.02053135993856,1731439,0.0000,1.0
2023-08-29,224.43,225.24,223.0,223.44,207.9965597535614,2362183,0.0000,1.0
2023-08-30,222.81,224.11,221.6461,222.89,208.69472221245493,2690894,1.3000,1.0
2023-08-31,222.9,223.83,220.54,220.57,206.5224769096917,2410322,0.0000,1.0
2023-09-01,221.64,222.4,219.71,221.03,206.95318071972235,2303754,0.0000,1.0
2023-09-05,219.47,219.815,215.18,215.71,201.97199752545498,2679776,0.0000,1.0
2023-09-06,215.83,216.19,211.7,212.83,199.27541714961097,2344807,0.0000,1.0
2023-09-07,212.42,213.72,209.9,210.57,197.1593506046778,2882117,0.0000,1.0
2023-09-08,210.32,212.17,209.04,211.8,198.31101514019454,3188225,0.0000,1.0
2023-09-11,212.51,212.81,210.05,211.61,198.13311574039926,1943935,0.0000,1.0
2023-09-12,211.04,214.91,206.8606,213.87,200.2491822853324,2828205,0.0000,1.0
2023-09-13,213.9,214.01,210.78,212.13,198.61999830825997,2919766,0.0000,1.0
2023-09-14,214.14,216.56,211.74099999999999,215.7,201.96263439914995,2798780,0.0000,1.0
2023-09-15,213.06,214.21,212.19,213.32,199.73421033855664,4222810,0.0000,1.0
2023-09-18,214.18,214.43,211.87,213.15,199.5750371913714,2206786,0.0000,1.0
2023-09-19,212.65,213.51,209.895,211.77,198.2829257612795,2156024,0.0000,1.0
2023-09-20,213.12,214.9,212.9,212.98,199.41586404418615,2116790,0.0000,1.0
2023-09-21,212.06,213.29,210.86,211.4,197.93649008799397,2370335,0.0000,1.0
2023-09-22,210.71,213.025,208.75,209.24,195.91405480611098,2416555,0.0000,1.0
2023-09-25,207.95,209.51,207.13,208.48,195.2024572069299,1427524,0.0000,1.0
2023-09-26,207.36,208.235,204.62,204.84,191.79427923190485,1990363,0.0000,1.0
2023-09-27,205.21,205.55,201.46,202.4,189.50967641348146,2760561,0.0000,1.0
2023-09-28,202.43,204.82,201.585,204.11,191.11077101163883,2112814,0.0000,1.0
2023-09-29,205.88,205.88,203.325,203.63,190.66134094899814,2246711,0.0000,1.0
2023-10-02,201.89,203.09,200.13,202.64,189.7343914448018,1887953,0.0000,1.0
2023-10-03,201.94,205.14,201.6,203.78,190.80178784357338,2087538,0.0000,1.0
2023-10-04,203.5,205.0,201.35,202.27,189.3879557715163,1911966,0.0000,1.0
2023-10-05,202.17,202.42,199.51,200.64,187.861766183799,2037234,0.0000,1.0
2023-10-06,199.83,204.21,199.33,202.46,189.56585517131154,1760470,0.0000,1.0
2023-10-09,201.46,204.655,200.78,204.3,191.2886704114341,1557697,0.0000,1.0
2023-10-10,205.02,207.04,204.175,206.35,193.20811130396194,1972894,0.0000,1.0
2023-10-11,207.24,209.94,207.0001,209.48,196.13876983743128,2851136,0.0000,1.0
2023-10-12,210.0,210.11,205.81,207.99,194.74366401798423,1851217,0.0000,1.0
2023-10-13,208.89,210.44,207.017,207.75,194.5189489866639,1874659,0.0000,1.0
2023-10-16,209.21,213.31,208.73,210.83,197.4027918886082,2358876,0.0000,1.0
2023-10-17,209.9,213.38,209.565,211.34,197.8803113301639,2479917,0.0000,1.0
2023-10-18,210.14,210.395,205.47,205.92,192.80549687284633,3487168,0.0000,1.0
2023-10-19,218.565,220.1,210.1403,210.33,196.9346355733575,6031009,0.0000,1.0
2023-10-20,212.49,214.96,210.01,211.34,197.8803113301639,5485718,0.0000,1.0
2023-10-23,210.29,211.64,207.48,207.76,194.5283121129689,2576547,0.0000,1.0
2023-10-24,208.45,209.07,204.26,205.44,192.35606681020568,2937514,0.0000,1.0
2023-10-25,203.85,207.08,202.3301,205.22,192.15007803149538,2457397,0.0000,1.0
2023-10-26,204.34,206.285,201.92,202.24,189.35986639260125,2626352,0.0000,1.0
2023-10-27,202.56,204.03,199.97,201.72,188.87298382474052,2427576,0.0000,1.0
2023-10-30,203.24,207.0399,202.41,205.8,192.6931393571862,2230121,0.0000,1.0
2023-10-31,206.39,207.9065,204.635,207.61,194.3878652183937,2057825,0.0000,1.0
2023-11-01,207.06,208.39,205.46,207.56,194.34104958686862,2444310,0.0000,1.0
2023-11-02,208.57,211.91,207.745,211.39,197.92712696168894,1776659,0.0000,1.0
2023-11-03,213.0,213.41,211.57,212.13,198.61999830825997,1634891,0.0000,1.0
2023-11-06,212.0,213.19,209.35,213.1,199.52822155984632,1547283,0.0000,1.0
2023-11-07,212.73,212.87,210.9,211.41,197.94585321429898,2324175,0.0000,1.0
2023-11-08,212.09,212.97,211.03,212.0,198.4982776662948,2483137,0.0000,1.0
2023-11-09,212.8,212.85,209.51,210.23,196.84100431030734,1496386,0.0000,1.0
2023-11-10,211.23,211.92,208.5,211.49,198.0207582247391,2673601,0.0000,1.0
2023-11-13,211.11,211.11,208.14,209.4,196.0638648269912,2185064,0.0000,1.0
2023-11-14,212.48,217.3,212.47,215.69,201.95327127284494,2610451,0.0000,1.0
2023-11-15,216.36,220.4,215.81,218.08,204.19105845974326,2709674,0.0000,1.0
2023-11-16,218.36,219.71,216.79,219.36,205.38953862678505,1438333,0.0000,1.0
2023-11-17,220.79,221.29,217.83,219.21,205.24909173220985,2005354,0.0000,1.0
2023-11-20,219.0,221.68,216.92,221.1,207.01872260385744,2548124,0.0000,1.0
2023-11-21,221.1,223.0,219.101,222.0,207.8614039713087,2422331,0.0000,1.0
2023-11-22,222.74,224.28,222.12,223.49,209.25650979075579,1716193,0.0000,1.0
2023-11-24,223.32,224.99,223.13,224.28,209.9961967688519,1045594,0.0000,1.0
2023-11-27,223.74,224.09,219.37,219.85,205.84833181573072,2369208,0.0000,1.0
2023-11-28,219.71,222.68,219.48,221.23,207.14044324582264,1827572,0.0000,1.0
2023-11-29,222.83,223.88,220.85,221.47,207.36515827714297,1228889,0.0000,1.0
2023-11-30,222.25,225.64,220.65,225.27,210.92314627304827,4430060,0.0000,1.0
2023-12-01,227.41,232.35,226.24,231.37,216.63465331910675,3239020,0.0000,1.0
2023-12-04,230.76,234.71,230.55,233.9,219.00352427427526,3881955,0.0000,1.0
2023-12-05,232.79,233.13,230.895,232.17,217.38370342350782,2632486,0.0000,1.0
2023-12-06,233.12,233.99,231.84,232.97,218.13275352790896,1802536,0.0000,1.0
2023-12-07,232.42,232.9,230.54,231.49,217.96421725441874,2075095,1.3000,1.0
2023-12-08,231.64,232.92,229.505,229.77,216.3447155321949,2544779,0.0000,1.0
2023-12-11,229.92,232.34,229.54,232.03,218.47266546953554,1810413,0.0000,1.0
2023-12-12,233.09,234.54,232.53,232.91,219.30124774602217,2427466,0.0000,1.0
2023-12-13,232.93,236.81,231.555,236.69,222.86038525183972,3926716,0.0000,1.0
2023-12-14,239.66,245.07,239.04,242.86,228.66987689493342,4863594,0.0000,1.0
2023-12-15,237.64,242.86,237.4,241.98,227.8412946184468,4768518,0.0000,1.0
2023-12-18,243.05,243.89,240.94,241.1,227.01271234196017,2457617,0.0000,1.0
2023-12-19,241.33,243.43,240.0,242.65,228.4721470334991,2310653,0.0000,1.0
2023-12-20,240.22,242.115,237.7,237.84,223.94319163588472,2724760,0.0000,1.0
2023-12-21,238.12,242.34,237.6,242.11,227.96369881838234,2603197,0.0000,1.0
2023-12-22,243.0,244.95,242.325,243.58,229.3478078484225,1824809,0.0000,1.0
2023-12-26,243.62,246.43,243.62,245.29,230.95789386295897,1454117,0.0000,1.0
2023-12-27,244.65,246.7,244.31,245.81,231.4475106627011,2205934,0.0000,1.0
2023-12-28,246.04,246.99,245.2,246.02,231.6452405241354,1208598,0.0000,1.0
2023-12-29,245.99,246.535,244.725,245.62,231.26861221664146,1228687,0.0000,1.0
2024-01-02,244.98,245.99,242.75,243.43,229.20657223311227,2622215,0.0000,1.0
2024-01-03,242.8,243.959,240.975,241.7,227.57765480320103,1748272,0.0000,1.0
2024-01-04,241.24,244.08,240.93,241.06,226.97504951121078,2305436,0.0000,1.0
2024-01-05,241.9,242.0,238.405,239.91,225.89224312716576,2290879,0.0000,1.0
2024-01-08,239.17,240.67,237.52,240.62,226.56075837296748,2567784,0.0000,1.0
2024-01-09,239.29,239.29,236.05,237.41,223.53831620532875,2055185,0.0000,1.0
2024-01-10,236.85,239.1212,236.8,239.0,225.03541372761708,1683519,0.0000,1.0
2024-01-11,238.45,238.45,234.8,236.38,222.5684983135319,2219342,0.0000,1.0
2024-01-12,237.27,238.0,234.795,237.71,223.8207874359492,3018743,0.0000,1.0
2024-01-16,237.8,238.25,235.29,236.21,222.408431282847,2578748,0.0000,1.0
2024-01-17,234.87,238.22,234.47,235.81,222.0318029753531,2311158,0.0000,1.0
2024-01-18,235.56,238.77,235.065,237.99,224.08442725119494,2326484,0.0000,1.0
2024-01-19,238.49,240.21,236.51,239.27,225.28963783517548,2272098,0.0000,1.0
2024-01-22,242.76,244.0,241.11,243.11,228.90526958711712,3005342,0.0000,1.0
2024-01-23,244.0,244.53,242.26,243.33,229.1124151562388,2398297,0.0000,1.0
2024-01-24,243.76,245.415,242.325,242.33,228.170844387504,2801362,0.0000,1.0
2024-01-25,244.1,245.45,237.14,241.57,227.4552506032655,4154618,0.0000,1.0
2024-01-26,241.47,242.21,238.26,240.39,226.34419709615844,2493459,0.0000,1.0
2024-01-29,239.68,245.54,239.18,245.17,230.8449053707108,2844561,0.0000,1.0
2024-01-30,243.87,246.98,242.31,246.7,232.28550864687503,2435616,0.0000,1.0
2024-01-31,247.29,248.0,243.8,243.93,229.67735761747966,2799053,0.0000,1.0
2024-02-01,245.34,249.44,244.71,249.27,234.7053455225235,2116306,0.0000,1.0
2024-02-02,248.12,249.74,245.88,248.33,233.82026899991277,1994229,0.0000,1.0
2024-02-05,247.35,249.115,246.48,246.64,232.22901440075094,2701337,0.0000,1.0
2024-02-06,246.64,250.82,246.64,249.87,235.27028798376438,2357338,0.0000,1.0
2024-02-07,250.74,251.65,248.96,249.16,234.60177273796265,2337204,0.0000,1.0
2024-02-08,249.07,249.235,246.41,248.82,234.28163867659282,1871559,0.0000,1.0
2024-02-09,248.14,249.55,246.5,249.45,234.87482826089573,2012493,0.0000,1.0
2024-02-12,248.79,249.07,247.0,247.4,232.94460818498942,2259572,0.0000,1.0
2024-02-13,246.0,246.27,243.74,245.61,231.25919650895412,2664132,0.0000,1.0
2024-02-14,246.36,250.355,245.05,250.11,235.49626496826073,2579556,0.0000,1.0
2024-02-15,250.0,251.39,248.79,250.55,235.91055610650403,2252309,0.0000,1.0
2024-02-16,249.41,249.7237,246.05,246.59,232.18193586231422,2202364,0.0000,1.0
2024-02-20,246.59,247.32,244.87,247.14,232.69979978511836,1907246,0.0000,1.0
2024-02-21,249.44,251.46,247.32,251.32,236.63556559842982,1721897,0.0000,1.0
2024-02-22,251.99,254.96,250.11,254.51,239.63917635069382,2507769,0.0000,1.0
2024-02-23,255.27,258.09,254.95,256.91,241.89894619565737,1943469,0.0000,1.0
2024-02-26,256.99,258.66,252.39,252.64,237.87843901315975,2806401,0.0000,1.0
2024-02-27,252.67,255.7,252.2,253.29,238.49046001283736,2206372,0.0000,1.0
2024-02-28,252.51,255.85,251.3,253.99,240.37360155030703,1885806,1.3000,1.0
2024-02-29,254.32,255.74,253.45,253.69,240.0896845438694,3022146,0.0000,1.0
2024-03-01,252.86,253.48,250.77,252.98,239.4177476286337,2811430,0.0000,1.0
2024-03-04,253.36,254.84,252.46,253.47,239.8814787391485,1834919,0.0000,1.0
2024-03-05,253.85,255.62,252.39,253.7,240.099148444084,1368806,0.0000,1.0
2024-03-06,253.44,254.98,250.84,251.0,237.54389538614538,1911012,0.0000,1.0
2024-03-07,253.35,253.35,248.73,249.04,235.68897094408624,2395772,0.0000,1.0
2024-03-08,248.25,251.225,247.61,250.96,237.50603978528704,2409115,0.0000,1.0
2024-03-11,250.22,251.48,247.29,249.87,236.474474661897,1532237,0.0000,1.0
2024-03-12,249.42,252.18,249.22,251.18,237.71424559000795,1623567,0.0000,1.0
2024-03-13,250.26,250.78,248.46,249.25,235.88771284859257,2013689,0.0000,1.0
2024-03-14,247.43,247.98,243.6,246.06,232.86872868013918,2399433,0.0000,1.0
2024-03-15,243.45,246.38,243.23,244.13,231.04219593872378,3258911,0.0000,1.0
2024-03-18,245.06,245.62,243.86,244.36,231.2598656436593,2280848,0.0000,1.0
2024-03-19,244.3,245.1798,241.28,242.71,229.69832210825237,3244316,0.0000,1.0
2024-03-20,242.88,247.55,242.65,246.31,233.10532618550386,2564836,0.0000,1.0
2024-03-21,247.53,250.36,246.63,248.11,234.80882822412963,3215458,0.0000,1.0
2024-03-22,248.36,249.085,244.87,244.97,231.83716355674915,1676987,0.0000,1.0
2024-03-25,244.47,245.2034,242.65,243.85,230.77720673271534,1974723,0.0000,1.0
2024-03-26,243.98,244.23,240.5,240.69,227.7866142649057,2801961,0.0000,1.0
2024-03-27,242.18,244.77,241.99,244.63,231.51539094945315,2150556,0.0000,1.0
2024-03-28,245.87,246.76,244.215,245.93,232.74569797734955,2265924,0.0000,1.0
2024-04-01,245.5,245.95,242.63,243.3,230.25669222091304,2419059,0.0000,1.0
2024-04-02,242.27,243.88,240.8701,242.53,229.5279719043898,1911375,0.0000,1.0
2024-04-03,242.87,245.0,240.8,241.55,228.60050968336023,2011543,0.0000,1.0
2024-04-04,243.27,244.9338,239.755,240.69,227.7866142649057,2000486,0.0000,1.0
2024-04-05,241.57,242.81,240.72,242.01,229.03584909323123,1494896,0.0000,1.0
2024-04-08,242.0,243.5,240.04,240.29,227.4080582563222,2135891,0.0000,1.0
2024-04-09,241.03,241.85,238.01,240.79,227.88125326705156,1734278,0.0000,1.0
2024-04-10,238.18,238.65,235.88,236.85,224.1524765825041,2181008,0.0000,1.0
2024-04-11,236.86,237.73,235.025,236.16,223.49946746769757,1692360,0.0000,1.0
2024-04-12,234.81,235.48,233.25,234.4,221.8338210299302,2594970,0.0000,1.0
2024-04-15,237.71,237.915,232.49,233.94,221.39848162005916,2297997,0.0000,1.0
2024-04-16,234.43,234.43,230.945,231.26,218.8621563625497,2025415,0.0000,1.0
2024-04-17,231.8,232.13,227.87,229.23,216.94098461898847,1997011,0.0000,1.0
2024-04-18,230.72,231.41,229.1,229.81,217.48989083143454,1570176,0.0000,1.0
2024-04-19,230.69,232.81,230.425,232.08,219.6381961801459,2971911,0.0000,1.0
2024-04-22,232.99,235.645,232.04,234.47,221.9000683314323,2200025,0.0000,1.0
2024-04-23,235.4,237.32,234.81,236.29,223.6224981704872,1980828,0.0000,1.0
2024-04-24,233.87,234.13,229.32,231.98,219.54355717800001,2951169,0.0000,1.0
2024-04-25,240.24,243.61,236.12,243.55,230.49328972627774,3897600,0.0000,1.0
2024-04-26,243.9,244.83,240.73,242.79,229.77403330996907,2255458,0.0000,1.0
2024-04-29,243.39,244.4,239.47,240.95,228.03267567048496,1730440,0.0000,1.0
2024-04-30,239.72,240.065,236.77,237.16,224.4458574891563,1737008,0.0000,1.0
2024-05-01,235.82,237.08,234.1731,234.96,222.3637994419471,1651734,0.0000,1.0
2024-05-02,236.0,238.05,233.205,237.69,224.94744420052945,2440891,0.0000,1.0
2024-05-03,242.27,243.38,239.7619,240.36,227.47430555782432,2174714,0.0000,1.0
2024-05-06,241.81,241.81,239.035,239.21,226.38595703314675,1527724,0.0000,1.0
2024-05-07,241.37,243.14,239.795,242.38,229.38601340117097,1585332,0.0000,1.0
2024-05-08,241.47,246.4,241.19,245.9,232.71730627670578,1739000,0.0000,1.0
2024-05-09,245.58,248.895,244.95,246.61,233.3892431919415,1765166,0.0000,1.0
2024-05-10,248.0,248.49,246.61700000000002,247.4,234.1368913088939,1299524,0.0000,1.0
2024-05-13,247.41,248.4,245.35,245.68,232.50910047198485,1317192,0.0000,1.0
2024-05-14,246.82,247.0,243.155,244.94,231.80877185610538,1357477,0.0000,1.0
2024-05-15,245.85,246.88,245.3823,246.54,233.32299589043936,1769238,0.0000,1.0
2024-05-16,246.14,247.265,244.935,245.9,232.71730627670578,1526046,0.0000,1.0
2024-05-17,246.31,246.92,243.33,244.97,231.83716355674915,2105806,0.0000,1.0
2024-05-20,244.93,244.93,241.84,243.63,230.5690009279944,1130283,0.0000,1.0
2024-05-21,240.0,240.05,234.54,234.96,222.3637994419471,2967591,0.0000,1.0
2024-05-22,234.77,235.25,232.52,234.71,222.1272019365824,2634161,0.0000,1.0
2024-05-23,234.23,234.88,231.8,232.71,220.23442189366492,2815747,0.0000,1.0
2024-05-24,232.0,234.13,231.04,232.05,219.60980447950215,2305534,0.0000,1.0
2024-05-28,232.15,232.27,228.24,229.01,216.73277881426753,2480869,0.0000,1.0
2024-05-29,226.79,228.34,225.67,225.88,213.77057804710165,3279065,0.0000,1.0
2024-05-30,226.05,229.42,225.49,229.24,216.95044851920306,2840385,0.0000,1.0
2024-05-31,228.16,233.3,227.08,232.82,221.56883182392173,5524511,1.3000,1.0
2024-06-03,233.0,233.5,227.34,228.32,217.28629706227048,2593985,0.0000,1.0
2024-06-04,228.11,229.8,226.24,227.62,216.62012498823583,1820824,0.0000,1.0
2024-06-05,228.73,229.09,226.0,227.41,216.42027336602544,2920756,0.0000,1.0
2024-06-06,227.65,228.92,226.421,228.31,217.2767803183557,2023241,0.0000,1.0
2024-06-07,227.54,230.72,226.69,227.97,216.95321102525315,2555622,0.0000,1.0
2024-06-10,227.35,228.99,226.25,228.95,217.88585192890164,1884822,0.0000,1.0
2024-06-11,227.78,228.925,226.33,227.41,216.42027336602544,1619895,0.0000,1.0
2024-06-12,228.94,231.27,225.765,226.47,215.52569943803607,1931892,0.0000,1.0
2024-06-13,225.65,226.2,221.38,222.12,211.38591583510652,3283888,0.0000,1.0
2024-06-14,221.34,222.19,218.55,222.1,211.36688234727694,2130498,0.0000,1.0
2024-06-17,219.53,222.51,219.29,221.38,210.68167678541275,3134484,0.0000,1.0
2024-06-18,221.38,223.83,221.15,222.58,211.8236860551864,2057245,0.0000,1.0
2024-06-20,222.31,225.425,221.47,225.17,214.28852272911456,2267817,0.0000,1.0
2024-06-21,226.13,226.6,223.14,226.11,215.183096657104,3322635,0.0000,1.0
2024-06-24,226.66,229.38,225.95,226.36,215.4210152549735,2407606,0.0000,1.0
2024-06-25,224.85,225.13,219.575,224.06,213.23216415457395,3199922,0.0000,1.0
2024-06-26,224.0,225.14,222.87,223.61,212.80391067840884,1921476,0.0000,1.0
2024-06-27,224.58,225.33,222.78,223.47,212.67067626360188,1815037,0.0000,1.0
2024-06-28,224.9,227.4399,224.305,226.26,215.32584781582565,3492610,0.0000,1.0
2024-07-01,226.14,227.88,224.15,224.86,213.9935036677564,1697337,0.0000,1.0
2024-07-02,224.86,225.54,223.82,225.5,214.60257527830234,1530530,0.0000,1.0
2024-07-03,225.96,228.0999,225.01,225.57,214.6691924857058,1219762,0.0000,1.0
2024-07-05,225.16,226.68,222.82,225.17,214.28852272911456,1659395,0.0000,1.0
2024-07-08,224.51,224.675,222.13,223.39,212.59454231228364,1781645,0.0000,1.0
2024-07-09,222.28,222.91,220.63,221.78,211.06234654200398,1514184,0.0000,1.0
2024-07-10,222.34,224.53,221.93,224.41,213.56525019159125,1832736,0.0000,1.0
2024-07-11,224.85,228.97,224.255,228.72,217.6669668188617,1517930,0.0000,1.0
2024-07-12,229.67,232.43,228.72,230.22,219.0944784060788,1912319,0.0000,1.0
2024-07-15,230.6,236.45,230.28,235.99,224.5856396449072,2569467,0.0000,1.0
2024-07-16,236.0,243.82,235.9,243.06,231.31397759265707,3417400,0.0000,1.0
2024-07-17,243.44,246.06,242.76,243.89,232.10386733758384,2933013,0.0000,1.0
2024-07-18,242.64,245.865,242.18,243.01,231.26639387308316,2491272,0.0000,1.0
2024-07-19,244.8,244.8,241.5,242.32,230.6097385429633,3870094,0.0000,1.0
2024-07-22,242.78,243.37,240.86,243.27,231.51382921486746,2187038,0.0000,1.0
2024-07-23,242.23,242.9025,239.29,239.5,227.92601675899516,2538276,0.0000,1.0
2024-07-24,238.2,240.7409,236.84,237.38,225.9084670490617,3289032,0.0000,1.0
2024-07-25,235.86,239.7,230.9,235.35,223.97656803436124,3017631,0.0000,1.0
2024-07-26,237.22,243.15,235.89,240.36,228.74445673566632,2818609,0.0000,1.0
2024-07-29,240.99,243.89,240.01,242.15,230.44795389641203,2022953,0.0000,1.0
2024-07-30,243.15,247.26,242.81,245.43,233.56944590046007,1914371,0.0000,1.0
2024-07-31,245.52,249.175,244.48,246.73,234.80662260938152,2285693,0.0000,1.0
2024-08-01,247.37,249.335,243.785,244.47,232.65583848464112,2166090,0.0000,1.0
2024-08-02,243.53,243.9,235.7,239.97,228.37330372298987,2114653,0.0000,1.0
2024-08-05,237.01,237.97,231.26,234.87,223.51976432645176,2494424,0.0000,1.0
2024-08-06,235.38,241.51,234.731,238.55,227.02192608709103,2514582,0.0000,1.0
2024-08-07,239.85,241.94,236.47,236.84,225.39456287766353,1939343,0.0000,1.0
2024-08-08,237.24,240.89,236.9,240.54,228.91575812613235,1444831,0.0000,1.0
2024-08-09,240.47,240.47,236.95,237.52,226.04170146386863,1621058,0.0000,1.0
2024-08-12,238.35,238.35,234.9,236.75,225.3089121824305,1782063,0.0000,1.0
2024-08-13,238.03,239.0,235.23,237.27,225.80378286599912,1486284,0.0000,1.0
2024-08-14,237.97,242.25,237.31,241.22,229.56289671233745,1903113,0.0000,1.0
2024-08-15,243.93,245.27,242.75,243.71,231.9325659471178,2127983,0.0000,1.0
2024-08-16,244.0,245.4,243.4,244.53,232.71293894812982,1951386,0.0000,1.0
2024-08-19,245.0,246.66,244.17,246.07,234.17851751100602,1686486,0.0000,1.0
2024-08-20,246.07,247.24,245.31,246.5,234.58773749934159,1552013,0.0000,1.0
2024-08-21,247.73,248.3,245.0,245.73,233.85494821790348,1482850,0.0000,1.0
2024-08-22,246.03,247.0,242.83,244.32,232.5130873259194,2722350,0.0000,1.0
2024-08-23,245.0,246.99,244.025,246.85,234.9208235363589,2449222,0.0000,1.0
2024-08-26,247.76,249.55,247.0,247.84,235.8629811839222,1680550,0.0000,1.0
2024-08-27,248.49,250.5,248.05,250.35,238.25168390653212,1466246,0.0000,1.0
2024-08-28,250.47,254.39,249.81,252.67,240.4595684947612,2359782,0.0000,1.0
2024-08-29,253.81,254.65,251.39,253.2,240.96395592224457,1287795,0.0000,1.0
2024-08-30,251.92,256.3,251.92,256.09,244.98953859819673,2386564,1.3400,1.0
2024-09-03,255.87,256.9489,254.05,255.21,244.14768302411574,2585798,0.0000,1.0
2024-09-04,255.44,258.07,252.09,255.7,244.61644351422902,2558099,0.0000,1.0
2024-09-05,255.8,256.11,249.87,251.53,240.62719607795864,2562529,0.0000,1.0
2024-09-06,251.4,253.67,249.24,249.63,238.80955336119277,2406225,0.0000,1.0
2024-09-09,250.71,252.14,249.82,251.11,240.22540137214725,2162452,0.0000,1.0
2024-09-10,251.85,252.62,249.62,252.58,241.63168284248718,1694658,0.0000,1.0
2024-09-11,250.64,251.495,243.43,247.5,236.77188021029207,2372194,0.0000,1.0
2024-09-12,247.92,249.52,245.41,248.89,238.10162935571552,1867980,0.0000,1.0
2024-09-13,249.94,252.0,248.55,249.12,238.32165978985034,2267787,0.0000,1.0
2024-09-16,250.88,253.59,249.48,252.43,241.4881847332688,1651114,0.0000,1.0
2024-09-17,253.27,255.06,253.0,253.55,242.55963728209923,1640445,0.0000,1.0
2024-09-18,254.01,254.56,250.53,251.2,240.31150023767825,1568183,0.0000,1.0
2024-09-19,250.0,254.01,246.05,248.44,237.67113502806046,3406678,0.0000,1.0
2024-09-20,243.48,245.62,242.54,245.39,234.75334014062048,6802799,0.0000,1.0
2024-09-23,245.09,245.36,242.86,244.0,233.42359099519703,2740567,0.0000,1.0
2024-09-24,243.19,249.03,241.56,248.96,238.16859514001743,2772711,0.0000,1.0
2024-09-25,247.54,249.285,245.075,245.5,234.85857208738062,2347258,0.0000,1.0
2024-09-26,247.0,248.295,242.35,243.23,232.68696736787612,2398738,0.0000,1.0
2024-09-27,244.68,247.4811,243.94,244.22,233.6340548887173,1954544,0.0000,1.0
2024-09-30,245.0,247.01,243.46,246.48,235.79609306760722,2923206,0.0000,1.0
2024-10-01,246.17,247.35,243.66,245.55,234.90640479045342,1925000,0.0000,1.0
2024-10-02,245.05,246.19,242.21,243.35,232.8017658552508,2568262,0.0000,1.0
2024-10-03,242.43,243.0,239.6,240.63,230.19966680809122,1990156,0.0000,1.0
2024-10-04,241.72,243.18,237.19,238.86,228.5063891193146,2137949,0.0000,1.0
2024-10-07,237.7,238.15,235.29,236.87,226.6026475370177,1684066,0.0000,1.0
2024-10-08,237.68,238.94,237.31,237.56,227.26273883942216,1783213,0.0000,1.0
2024-10-09,237.11,238.66,235.88,237.68,227.37753732679687,2046736,0.0000,1.0
2024-10-10,237.45,238.94,236.29,238.82,228.46812295685638,1900711,0.0000,1.0
2024-10-11,240.08,242.54,239.55,242.31,231.80684563133687,1663835,0.0000,1.0
2024-10-14,242.65,246.17,241.96,245.27,234.63854165324582,1735882,0.0000,1.0
2024-10-15,246.71,248.7,245.36,245.79,235.13600176520276,1858037,0.0000,1.0
2024-10-16,245.93,250.23,245.5,248.1,237.3458726471655,1500133,0.0000,1.0
2024-10-17,246.88,246.88,240.5,241.72,231.242419735078,2177924,0.0000,1.0
2024-10-18,242.53,244.71,241.46,244.1,233.5192564013426,2866129,0.0000,1.0
2024-10-21,243.73,243.73,239.4175,240.35,229.93180367088362,1547906,0.0000,1.0
2024-10-22,241.08,241.94,238.63,241.45,230.98412313848493,1818425,0.0000,1.0
2024-10-23,241.3,242.185,240.11,241.35,230.88845773233936,2156278,0.0000,1.0
2024-10-24,229.42,233.9999,227.56,230.75,220.74792468090868,5181142,0.0000,1.0
2024-10-25,230.19,231.88,229.28,230.3,220.3174303532536,2952224,0.0000,1.0
2024-10-28,230.06,233.46,230.06,231.98,221.9246091764992,2492981,0.0000,1.0
2024-10-29,232.11,234.38,231.4601,231.99,221.9341757171138,3682097,0.0000,1.0
2024-10-30,231.495,234.65,231.275,232.17,222.1063734481758,3079425,0.0000,1.0
2024-10-31,230.74,233.835,230.29,232.07,222.01070804203022,2594786,0.0000,1.0
2024-11-01,233.55,234.835,232.3,232.69,222.60383356013278,2653306,0.0000,1.0
2024-11-04,231.95,233.225,229.44,229.91,219.94433526928586,2195620,0.0000,1.0
2024-11-05,230.6,233.89,229.5,233.87,223.73268535265055,1483661,0.0000,1.0
2024-11-06,248.08,251.72,242.35,248.49,237.71896773113326,5318739,0.0000,1.0
2024-11-07,249.3,249.89,242.2,242.56,232.04600914670078,2921316,0.0000,1.0
2024-11-08,241.96,244.13,240.81,241.49,231.02238930094316,2209258,0.0000,1.0
2024-11-11,243.86,245.94,241.84,241.95,231.4624501692128,3299153,0.0000,1.0
2024-11-12,242.35,242.6399,238.59,238.91,228.55422182238738,2362867,0.0000,1.0
2024-11-13,239.41,240.93,238.31,240.41,229.98920291457097,2564021,0.0000,1.0
2024-11-14,240.26,241.085,234.82,235.58,225.36856379773982,2766157,0.0000,1.0
2024-11-15,234.88,237.825,234.0,235.57,225.35899725712525,2068472,0.0000,1.0
2024-11-18,235.08,235.46,233.88,234.41,224.24927854583663,1401392,0.0000,1.0
2024-11-19,233.14,234.09,231.86,233.29,223.1778259970062,1774322,0.0000,1.0
2024-11-20,233.47,234.32,231.8408,233.56,223.43612259359926,1158041,0.0000,1.0
2024-11-21,234.07,239.93,233.67,239.02,228.65945376914752,3490763,0.0000,1.0
2024-11-22,240.0,242.67,239.47,242.39,231.8833779562533,2664897,0.0000,1.0
2024-11-25,243.46,250.575,243.05,249.32,238.51299060214149,4224412,0.0000,1.0
2024-11-26,246.76,247.17,242.455,245.63,234.98293711536985,3305335,0.0000,1.0
2024-11-27,246.04,247.89,244.86,245.23,234.60027549078757,2040830,0.0000,1.0
2024-11-29,245.09,246.63,244.1,244.66,234.0549826757578,1484850,0.0000,1.0
2024-12-02,244.03,244.57,240.41,240.78,230.3431649173096,3100001,0.0000,1.0
2024-12-03,241.73,241.73,235.11,236.99,226.71744602439242,4196902,0.0000,1.0
2024-12-04,236.7,237.8526,233.61,235.0,224.8137044420955,3264946,0.0000,1.0
2024-12-05,235.33,235.54,233.57,234.63,224.4597424393569,2011403,0.0000,1.0
2024-12-06,235.69,236.669,233.37,233.57,223.4456891342138,2585152,0.0000,1.0
2024-12-09,232.25,234.97,231.69,233.54,224.6989059547208,3095763,1.3400,1.0
2024-12-10,233.35,239.02,231.79,237.09,228.11451405671303,3092573,0.0000,1.0
2024-12-11,236.51,238.43,233.31,233.78,224.92982030527804,2862670,0.0000,1.0
2024-12-12,234.25,234.55,231.89,233.71,224.86247028636552,2242668,0.0000,1.0
2024-12-13,233.18,237.54,233.18,234.98,226.0843920580641,2715604,0.0000,1.0
2024-12-16,234.04,235.084,231.57,232.89,224.07351292196168,2839533,0.0000,1.0
2024-12-17,230.68,232.51,229.329,229.88,221.1774621087232,3642447,0.0000,1.0
2024-12-18,229.8,231.11,224.41,224.54,216.03961780882508,3582447,0.0000,1.0
2024-12-19,224.42,226.6,223.06,223.15,214.70223886184786,2785392,0.0000,1.0
2024-12-20,223.12,227.9133,221.86,226.32,217.75223257545778,5949367,0.0000,1.0
2024-12-23,225.63,227.5175,224.76,227.13,218.5315685085884,1939303,0.0000,1.0
2024-12-24,227.73,230.01,226.64,229.75,221.05238350217138,669028,0.0000,1.0
2024-12-26,228.72,230.8,228.54,230.23,221.5142122032858,1021695,0.0000,1.0
2024-12-27,228.58,231.73,228.3,229.93,221.22556926508932,1455878,0.0000,1.0
2024-12-30,228.18,229.63,226.78,227.79,219.16658297262077,1659696,0.0000,1.0
2024-12-31,228.0,229.5007,226.9462,228.04,219.4071187544512,1784776,0.0000,1.0
2025-01-02,229.98,230.62,228.33,229.12,220.4462333319587,3177227,0.0000,1.0
2025-01-03,229.81,232.37,228.85,231.5,222.73613397498445,1994523,0.0000,1.0
2025-01-06,232.21,232.3,228.91,230.01,221.30254071527503,2798779,0.0000,1.0
2025-01-07,231.0,232.525,229.77,230.54,221.81247657275557,2752689,0.0000,1.0
2025-01-08,229.64,232.1,229.01,231.82,223.0440197757274,2062858,0.0000,1.0
2025-01-10,228.82,230.005,224.74,225.21,216.68425370413067,2711357,0.0000,1.0
2025-01-13,223.73,227.02,222.5,226.76,218.17557555147937,2278105,0.0000,1.0
2025-01-14,228.83,229.58,227.63,229.38,220.69639054506234,1823354,0.0000,1.0
2025-01-15,233.0,233.3,230.44,230.86,222.12036237349855,1892352,0.0000,1.0
2025-01-16,230.29,235.13,229.57,234.89,225.99779917660516,2297235,0.0000,1.0
2025-01-17,239.26,239.26,232.2,234.26,225.39164900639247,3643952,0.0000,1.0
2025-01-21,235.59,237.34,234.99,236.73,227.76814253087718,2630599,0.0000,1.0
2025-01-22,236.73,237.0,234.16,235.8,226.87334942246798,2757509,0.0000,1.0
2025-01-23,246.65,249.67,242.06,248.05,238.65960273215939,5226434,0.0000,1.0
2025-01-24,247.48,250.5,245.71,248.78,239.36196721510424,4048520,0.0000,1.0
2025-01-27,250.63,256.84,250.0,254.42,244.78845445319888,4537435,0.0000,1.0
2025-01-28,254.0,256.28,248.805,249.16,239.7275816034865,3167242,0.0000,1.0
2025-01-29,249.7,252.99,249.055,249.55,240.102817423142,3026887,0.0000,1.0
2025-01-30,249.38,251.63,247.07,249.92,240.458810380251,2490554,0.0000,1.0
2025-01-31,248.67,252.04,247.66,247.79,238.4094455190557,2987299,0.0000,1.0
2025-02-03,242.23,246.69,237.065,243.02,233.820022801731,3962281,0.0000,1.0
2025-02-04,242.69,245.53,242.34,243.5,234.28185150284543,2895151,0.0000,1.0
2025-02-05,244.23,245.2282,243.0,244.48,235.22475176762072,2436915,0.0000,1.0
2025-02-06,245.36,245.735,242.77,243.51,234.29147293411862,1574551,0.0000,1.0
2025-02-07,243.99,244.12,240.79,242.08,232.91560826204855,2185539,0.0000,1.0
2025-02-10,243.77,244.5,241.58,244.33,235.0804302985225,2315031,0.0000,1.0
2025-02-11,244.79,247.99,243.86,247.73,238.3517169314164,2584900,0.0000,1.0
2025-02-12,243.35,249.225,243.35,248.51,239.10218857072735,2656900,0.0000,1.0
2025-02-13,249.17,251.84,247.351,250.97,241.46906066393888,2279805,0.0000,1.0
2025-02-14,251.49,253.2,249.1,249.22,239.7853101911258,1696372,0.0000,1.0
2025-02-18,250.0,251.78,248.44,251.17,241.6614892894032,1709307,0.0000,1.0
2025-02-19,249.65,250.26,244.4,247.06,237.70708103611085,2488562,0.0000,1.0
2025-02-20,246.58,247.73,245.34,247.65,238.27474548123067,1425405,0.0000,1.0
2025-02-21,246.77,247.74,241.81,245.55,236.25424491385502,3292611,0.0000,1.0
2025-02-24,245.24,246.0,242.22,242.33,233.15614404387898,5576935,0.0000,1.0
2025-02-25,242.89,246.86,242.77,245.89,236.58137357714438,2911640,0.0000,1.0
2025-02-26,245.93,247.96,244.78,245.48,236.18689489494247,2476987,0.0000,1.0
2025-02-27,244.99,247.3,243.77,245.07,235.79241621274056,3012423,0.0000,1.0
2025-02-28,244.92,247.11,242.49,246.69,238.64035986961295,3252614,1.3400,1.0
2025-03-03,248.34,249.7,243.77,245.81,237.78907478839662,2218002,0.0000,1.0
2025-03-04,243.67,244.02,240.8505,241.52,233.63906001746696,3037894,0.0000,1.0
2025-03-05,241.82,245.05,241.19,243.61,235.66086208535577,3051741,0.0000,1.0
2025-03-06,243.3,245.475,241.85,245.27,237.26669530674113,2311133,0.0000,1.0
2025-03-07,246.09,250.33,244.96,249.31,241.1748677250525,2835797,0.0000,1.0
2025-03-10,247.62,251.26,246.12,248.29,240.18815092636993,2409406,0.0000,1.0
2025-03-11,247.45,248.09,237.43,237.78,230.02109842229748,3358098,0.0000,1.0
2025-03-12,236.69,238.4,234.02,237.49,229.7405612932603,1927522,0.0000,1.0
2025-03-13,237.15,238.09,233.52,234.29,226.64497917974631,2399897,0.0000,1.0
2025-03-14,235.64,237.74200000000002,234.91,237.53,229.7792560696792,2116757,0.0000,1.0
2025-03-17,237.46,239.51,235.97,237.86,230.09848797513536,2138959,0.0000,1.0
2025-03-18,238.48,239.9999,235.53,237.09,229.35361352907103,2184217,0.0000,1.0
2025-03-19,237.01,238.13,234.895,236.39,228.67645494173985,2058326,0.0000,1.0
2025-03-20,234.28,235.9369,233.26,234.79,227.12866388498287,2869475,0.0000,1.0
2025-03-21,233.08,234.25,231.34,233.88,226.24835772145232,4167749,0.0000,1.0
2025-03-24,236.96,237.83,233.875,235.2,227.52528534327683,3291175,0.0000,1.0
2025-03-25,235.2,236.54,234.3401,235.79,228.09603329545598,1849050,0.0000,1.0
2025-03-26,235.86,238.75,235.69,238.03,230.26294077491576,1710005,0.0000,1.0
2025-03-27,238.33,238.33,234.66,235.97,228.27015978934114,1913929,0.0000,1.0
2025-03-28,235.61,236.7,232.01,232.15,224.57480864133385,1917988,0.0000,1.0
2025-03-31,230.56,238.1,230.28,236.24,228.53134953016888,3478077,0.0000,1.0
2025-04-01,234.66,237.67,233.84,237.17,229.43100308190887,2367309,0.0000,1.0
2025-04-02,235.14,238.51,234.61,238.46,230.67890962141922,2024018,0.0000,1.0
2025-04-03,231.35,232.98,223.08,223.97,216.66172686366374,5754982,0.0000,1.0
2025-04-04,220.0,221.75,212.55,213.26,206.30120047749668,6784517,0.0000,1.0
2025-04-07,211.11,216.24,204.7901,209.97,203.11855511704013,5055864,0.0000,1.0
2025-04-08,217.53,217.73,204.66,208.27,201.47402711923584,5126552,0.0000,1.0
2025-04-09,206.62,224.7,206.375,223.53,216.2360843230556,5360969,0.0000,1.0
2025-04-10,221.38,221.69,214.2,219.32,212.16345910496375,5088841,0.0000,1.0
2025-04-11,218.76,220.27,215.1,218.59,211.45727943531838,2965014,0.0000,1.0
2025-04-14,221.15,223.27200000000002,219.2944,222.27,215.01719886585946,3197705,0.0000,1.0
2025-04-15,222.79,224.31,219.58599999999998,220.08,212.89865985692336,2806966,0.0000,1.0
2025-04-16,219.7,220.535,215.41,216.6,209.53221430847688,3293598,0.0000,1.0
2025-04-17,217.5,222.24,217.3,220.26,213.07278635080849,4545781,0.0000,1.0
2025-04-21,218.16,218.98,213.36,216.05,209.0001611327167,3379656,0.0000,1.0
2025-04-22,218.03,218.62,214.96,216.9,209.82242513161884,3353333,0.0000,1.0
2025-04-23,221.31,224.58,218.33,219.78,212.6084490337814,3879639,0.0000,1.0
2025-04-24,208.25,215.83,206.63,215.45,208.4197394864328,5205201,0.0000,1.0
2025-04-25,214.0,214.755,211.5703,213.29,206.33022155981087,3454911,0.0000,1.0
2025-04-28,213.06,214.7,210.795,212.61,205.67241036068918,3053371,0.0000,1.0
2025-04-29,211.29,214.96,211.29,214.54,207.53943332290225,2886387,0.0000,1.0
2025-04-30,213.47,215.98,210.53,215.66,208.62288706263215,3139236,0.0000,1.0
2025-05-01,215.5,215.5,212.565,214.08,207.09444339408466,4458679,0.0000,1.0
2025-05-02,216.82,219.61,215.84,218.29,211.16706861217645,2926805,0.0000,1.0
2025-05-05,216.8,218.79,216.26,216.53,209.4644984497438,1895711,0.0000,1.0
2025-05-06,214.76,216.22,213.0,213.2,206.24315831286827,2265068,0.0000,1.0
2025-05-07,213.74,214.91,212.7,213.85,206.87194842967583,3277133,0.0000,1.0
2025-05-08,214.91,218.9194,213.87,216.84,209.76438296699044,3335492,0.0000,1.0
2025-05-09,216.74,217.72,215.12,216.32,209.26135087354442,2172946,0.0000,1.0
2025-05-12,227.06,231.54,226.52,230.87,223.33657579592827,4965928,0.0000,1.0
2025-05-13,231.01,231.99,228.04,228.25,220.80206794048868,3028173,0.0000,1.0
2025-05-14,227.34,228.76,223.14,228.34,220.88913118743127,3252995,0.0000,1.0
2025-05-15,229.25,231.45,227.6901,230.85,223.31722840771877,2607602,0.0000,1.0
2025-05-16,231.33,231.97,230.12,231.42,223.86862897168845,2007094,0.0000,1.0
2025-05-19,229.075,230.07,228.16,229.5,222.01127970358007,2509846,0.0000,1.0
2025-05-20,228.65,229.89,227.81,228.33,220.87945749332656,1982870,0.0000,1.0
2025-05-21,225.63,226.89,223.48,223.62,216.32314756999816,2183570,0.0000,1.0
2025-05-22,223.36,224.35,221.925,222.87,215.59762051214332,2849038,0.0000,1.0
2025-05-23,220.12,223.01,220.01,222.11,214.86241976018377,3228308,0.0000,1.0
2025-05-27,223.66,224.96,222.74,224.35,217.02932723964352,2613266,0.0000,1.0
2025-05-28,225.0,225.45,221.96,222.18,214.9301356189169,3073335,0.0000,1.0
2025-05-29,222.44,223.585,219.77,222.51,215.24936752437299,2980624,0.0000,1.0
2025-05-30,220.92,222.57,220.3,221.66,215.72337853550482,4179598,1.3400,1.0
2025-06-02,218.78,220.0,217.39,218.89,213.02756621689366,4587007,0.0000,1.0
2025-06-03,217.84,222.37,217.56,221.78,215.84016462872984,6229422,0.0000,1.0
2025-06-04,221.85,222.17,219.36,220.87,214.9545367551067,3977099,0.0000,1.0
2025-06-05,220.95,221.76,219.4,220.65,214.74042891752748,3084620,0.0000,1.0
2025-06-06,222.97,224.16,222.15,223.43,217.44597341057406,2953422,0.0000,1.0
2025-06-09,223.97,225.26,223.25,224.14,218.1369577954888,3128604,0.0000,1.0
2025-06-10,224.5,229.2,223.3584,226.6,220.53107270660195,3122241,0.0000,1.0
2025-06-11,227.02,227.02,224.63,225.72,219.67464135628506,2655326,0.0000,1.0
2025-06-12,224.57,225.49,223.5108,225.49,219.45080134427042,1939234,0.0000,1.0
2025-06-13,223.68,225.47,222.77,223.37,217.38758036396152,1670104,0.0000,1.0
2025-06-16,224.04,226.19,223.77,224.65,218.6332986916952,2659554,0.0000,1.0
2025-06-17,223.77,224.005,219.6505,220.59,214.68203587091494,2767982,0.0000,1.0
2025-06-18,220.98,222.135,220.2539,222.01,216.06400464074449,2414525,0.0000,1.0
2025-06-20,222.61,223.78,221.205,222.51,216.55061336251546,4274310,0.0000,1.0
2025-06-23,222.43,225.97,221.82,225.88,219.83035614725176,2665282,0.0000,1.0
2025-06-24,227.55,228.03,225.84,227.91,221.80598755764188,2777100,0.0000,1.0
2025-06-25,226.91,227.0,225.47,226.81,220.73544836974577,2005380,0.0000,1.0
2025-06-26,227.42,230.24,226.865,229.39,223.24634937408393,2960165,0.0000,1.0
2025-06-27,229.07,231.68,229.07,231.41,225.21224861003867,7430669,0.0000,1.0
2025-06-30,230.94,232.0,229.81,230.08,223.9178694101279,3578993,0.0000,1.0
2025-07-01,229.62,237.11,229.425,235.57,229.2608331751731,2687505,0.0000,1.0
2025-07-02,236.26,237.405,234.5081,237.16,230.80824891040479,1752165,0.0000,1.0
2025-07-03,237.69,239.19,236.28,236.28,229.95181756008787,1327641,0.0000,1.0
2025-07-07,235.73,237.51,233.83,235.35,229.04672533759387,2580926,0.0000,1.0
2025-07-08,235.05,238.861,234.31,236.54,230.20485409540876,2574398,0.0000,1.0
2025-07-09,237.33,238.48,236.2,236.49,230.1561932232317,2432793,0.0000,1.0
2025-07-10,237.17,240.74,235.59,237.0,230.65253411943806,2630096,0.0000,1.0
2025-07-11,235.62,236.29,234.07,235.1,228.8034209767084,3211740,0.0000,1.0
2025-07-14,234.08,234.86,231.4,233.31,227.06136175276833,1973508,0.0000,1.0
2025-07-15,233.04,234.01,231.04,231.14,224.9494799002823,2419461,0.0000,1.0
2025-07-16,232.0,232.935,229.701,231.18,224.98840859802402,2356517,0.0000,1.0
2025-07-17,227.5,230.34,226.75,227.49,221.3972362313543,5211346,0.0000,1.0
2025-07-18,228.42,228.42,222.34,224.87,218.84740652927442,5794541,0.0000,1.0
2025-07-21,225.97,227.32,224.9201,225.85,219.80115962394552,2814103,0.0000,1.0
2025-07-22,226.78,230.53,226.0,229.24,223.10036675755268,3806436,0.0000,1.0
2025-07-23,229.44,231.16,227.31,231.0,224.81322945818647,3740138,0.0000,1.0
2025-07-24,226.0,230.66,219.21,220.52,214.61391064986702,9784422,0.0000,1.0
2025-07-25,223.075,226.28,221.1735,224.74,218.720888261614,8254883,0.0000,1.0
2025-07-28,225.22,230.97,224.82,229.24,223.10036675755268,6858391,0.0000,1.0
2025-07-29,226.39,230.38,219.13,223.77,217.7768673413783,19090956,0.0000,1.0
2025-07-30,225.85,226.57,222.505,225.28,219.24642568112662,8361560,0.0000,1.0
2025-07-31,222.48,223.78,220.8,221.97,216.0250759430028,5547202,0.0000,1.0
2025-08-01,220.55,220.83,218.63,219.4,213.52390711310005,4637470,0.0000,1.0
2025-08-04,219.87,223.4,219.63,222.06,216.11266551292158,4181104,0.0000,1.0
2025-08-05,222.73,223.4,221.59,222.97,216.99829338654476,2430049,0.0000,1.0
2025-08-06,223.87,226.29,222.42,225.46,219.42160482096418,3135691,0.0000,1.0
2025-08-07,227.17,228.41,222.1,222.66,216.69659597904675,3113727,0.0000,1.0
2025-08-08,222.88,224.455,222.11,222.24,216.28784465275913,2345563,0.0000,1.0
2025-08-11,222.7,223.77,218.69,219.65,213.76721147398553,4419756,0.0000,1.0
2025-08-12,220.31,221.21,218.18,218.8,212.9399766469749,3224377,0.0000,1.0
2025-08-13,219.44,223.5,218.515,223.18,217.20266904968855,3096793,0.0000,1.0
2025-08-14,222.17,222.39,219.3,221.52,215.58712809340895,6245682,0.0000,1.0
2025-08-15,223.27,223.66,220.41,220.78,214.8669471851879,3739259,0.0000,1.0
2025-08-18,220.695,221.39,218.91,220.08,214.18569497470858,3188447,0.0000,1.0
2025-08-19,220.92,225.015,220.06,223.77,217.7768673413783,4899316,0.0000,1.0
2025-08-20,225.0,226.875,224.435,225.68,219.63571265854338,4521558,0.0000,1.0
2025-08-21,225.48,226.18,223.53,225.3,219.26589002999745,3435511,0.0000,1.0
2025-08-22,226.69,231.32,222.18,227.85,221.74759451102938,5317331,0.0000,1.0
2025-08-25,228.23,228.95,221.13,223.32,217.33891949178442,5993077,0.0000,1.0
2025-08-26,222.56,222.99,220.36,222.74,216.7744533745301,3757977,0.0000,1.0
2025-08-27,222.5,223.0,220.41,220.95,215.03239415059002,3465070,0.0000,1.0
2025-08-28,224.27,224.86,220.84,222.35,216.39489857154874,6299537,0.0000,1.0
2025-08-29,221.4,223.71,221.2,223.57,218.92526392475776,5012813,1.3800,1.0
2025-09-02,222.21,222.77,219.34,221.99,217.37808891468882,3955402,0.0000,1.0
2025-09-03,221.42,222.5,218.75,221.76,217.15286723600786,4308771,0.0000,1.0
2025-09-04,222.66,223.48,220.51,223.06,218.42585933290007,3601030,0.0000,1.0
2025-09-05,222.17,223.17,218.87,220.31,215.73299143562815,4001774,0.0000,1.0
2025-09-08,219.32,220.1,216.265,217.26,212.74635613138108,4131286,0.0000,1.0
2025-09-09,217.475,218.63,215.65,216.05,211.56149425658145,3111549,0.0000,1.0
2025-09-10,215.0,216.07,210.84,215.19,210.7193610232528,5004830,0.0000,1.0
2025-09-11,214.77,216.78,214.16,216.04,211.55170200968226,4126743,0.0000,1.0
2025-09-12,215.18,216.28,213.89,214.91,210.445178110076,6207378,0.0000,1.0
2025-09-15,216.01,217.06,214.32,216.25,211.75733919456485,4484437,0.0000,1.0
2025-09-16,218.44,219.02,215.435,216.0,211.5125330220856,4426303,0.0000,1.0
2025-09-17,216.31,219.67,216.13,217.17,212.65822590928855,4797747,0.0000,1.0
2025-09-18,217.475,220.55,216.78,220.36,215.781952670124,4349458,0.0000,1.0
2025-09-19,221.66,221.66,219.22,220.61,216.02675884260327,8632137,0.0000,1.0
2025-09-22,220.645,228.9999,219.25,225.85,221.15789621776867,8136041,0.0000,1.0
2025-09-23,225.85,229.0,225.445,227.98,223.24364480729201,5183346,0.0000,1.0
2025-09-24,229.33,232.055,228.39,230.36,225.57419956929462,5925927,0.0000,1.0
2025-09-25,231.05,232.5,230.4795,232.0,227.1801280607586,6034414,0.0000,1.0
2025-09-26,232.02,235.5,231.79,235.2,230.3136470684932,4941083,0.0000,1.0
2025-09-29,235.75,237.355,235.0901,236.18,231.27328726461192,5097566,0.0000,1.0
2025-09-30,237.0,237.0,234.82,236.37,231.45933995569618,3797531,0.0000,1.0
2025-10-01,235.92,237.25,234.0,234.74,229.86320371113138,3950880,0.0000,1.0
2025-10-02,235.44,236.9899,233.52,234.52,229.64777427934962,3873443,0.0000,1.0
2025-10-03,234.86,237.74,234.52,236.8,231.88040657236053,3176636,0.0000,1.0
2025-10-06,237.0,238.232,235.5,237.41,232.4777336332099,3261115,0.0000,1.0
2025-10-07,237.78,238.22,231.26,231.86,227.04303660417023,3024153,0.0000,1.0
2025-10-08,230.18,233.74,229.22,232.65,227.8166241092047,3580295,0.0000,1.0
2025-10-09,232.74,233.48,230.12,231.54,226.72968470339674,2331505,0.0000,1.0
2025-10-10,232.55,233.855,225.22,225.45,220.76620634180182,2762655,0.0000,1.0
2025-10-13,226.73,227.41,224.82,225.85,221.15789621776867,2079713,0.0000,1.0
2025-10-14,223.92,227.85,223.33,227.08,222.36234258636668,2306258,0.0000,1.0
2025-10-15,227.14,228.0,224.59,225.72,221.03059700807944,2483704,0.0000,1.0
2025-10-16,226.27,227.5,223.22,224.04,219.38549952901877,2971572,0.0000,1.0
2025-10-17,225.11,228.67,224.82,226.04,221.3439489088529,3237288,0.0000,1.0
2025-10-20,226.66,229.21,225.8,227.3,222.5777720181484,2922060,0.0000,1.0
2025-10-21,226.29,228.15,225.42,226.54,221.83356125381144,2727740,0.0000,1.0
2025-10-22,226.99,228.85,225.21,225.24,220.56056915691926,3756772,0.0000,1.0
2025-10-23,223.28,225.935,219.1,220.04,215.46860076935053,5148504,0.0000,1.0
2025-10-24,220.51,221.27,215.995,216.61,212.10986008293503,4128970,0.0000,1.0
2025-10-27,218.2,218.93,216.4,218.23,213.69620408060064,4692298,0.0000,1.0
2025-10-28,218.36,220.91,217.56,217.59,213.06950027905373,2782721,0.0000,1.0
2025-10-29,216.64,218.16,215.53,216.37,211.8748461573549,3588251,0.0000,1.0
2025-10-30,216.05,220.3,215.702,218.83,214.2837388945509,2806927,0.0000,1.0
2025-10-31,217.5,220.9878,216.3372,220.37,215.79174491702315,2586365,0.0000,1.0
2025-11-03,219.94,221.0,218.025,218.82,214.2739466476517,3552802,0.0000,1.0
2025-11-04,218.61,221.13,217.4562,220.91,216.32052624957836,2737946,0.0000,1.0
2025-11-05,219.75,221.335,217.28,217.38,212.86386309417114,2707257,0.0000,1.0
2025-11-06,216.93,218.56,216.32,217.99,213.46119015502057,3429763,0.0000,1.0
2025-11-07,219.22,221.68,218.2,221.48,216.87868432283108,3735607,0.0000,1.0
2025-11-10,221.06,224.64,220.74,223.88,219.22882357863205,4095266,0.0000,1.0
2025-11-11,224.5,224.9,223.44,224.8,220.12971029335577,2698078,0.0000,1.0
2025-11-12,224.8,227.06,223.51,223.55,218.90567943095942,1945714,0.0000,1.0
2025-11-13,222.39,223.62,220.945,221.48,216.87868432283108,2682228,0.0000,1.0
2025-11-14,221.72,224.23,220.415,223.02,218.38669034530338,2886481,0.0000,1.0
2025-11-17,222.85,223.6899,220.8701,221.0,216.40865647167092,2921169,0.0000,1.0
2025-11-18,221.71,221.97,219.89,220.82,216.23239602748583,3863184,0.0000,1.0
2025-11-19,221.31,221.9899,219.97,221.17,216.5751246689568,3396554,0.0000,1.0
2025-11-20,221.56,223.48,220.45,221.21,216.6142936565535,3955269,0.0000,1.0
2025-11-21,222.32,227.44,221.6875,226.22,221.52020935303798,3595691,0.0000,1.0
2025-11-24,226.59,226.59,222.5,224.5,219.83594288638062,4483214,0.0000,1.0
2025-11-25,225.74,229.45,225.26,229.13,224.36975320069664,2582683,0.0000,1.0
2025-11-26,229.0,231.83,228.43,230.66,225.86796697626974,3233823,0.0000,1.0
2025-11-28,230.93,232.46,230.47,231.83,227.01365986347272,1207599,0.0000,1.0
2025-12-01,231.46,234.12,231.14,231.36,226.5534242592117,3463225,0.0000,1.0
2025-12-02,231.59,233.81,229.37,232.24,227.4151419863387,5190202,0.0000,1.0
2025-12-03,232.78,235.86,232.335,235.23,230.3430238091907,3576635,0.0000,1.0
2025-12-04,235.72,237.72,234.32,237.29,232.36022667041985,3162598,0.0000,1.0
2025-12-05,235.76,237.07,234.98,235.31,231.77269185646958,2494724,1.3800,1.0
2025-12-08,234.77,237.36,234.125,235.44,231.90073762563088,2454978,0.0000,1.0
2025-12-09,234.16,234.77,231.5,231.56,228.07906389989418,3762163,0.0000,1.0
2025-12-10,232.01,236.77,231.85,235.46,231.9204369747326,4938431,0.0000,1.0
2025-12-11,233.795,236.2,232.73,236.12,232.5705154950899,2888670,0.0000,1.0
2025-12-12,235.81,239.99,235.23,239.95,236.34294084807223,2928033,0.0000,1.0
2025-12-15,240.0,241.17,238.135,240.47,236.85512392471736,3289268,0.0000,1.0
2025-12-16,241.52,241.52,235.155,235.88,232.33412330586904,2755761,0.0000,1.0
2025-12-17,235.29,237.94,234.53,236.74,233.1811953172437,2530164,0.0000,1.0
2025-12-18,236.8,238.01,234.0775,234.42,230.89607082144235,3053388,0.0000,1.0
2025-12-19,234.42,235.5,232.04,234.23,230.70892700497586,4721987,0.0000,1.0
2025-12-22,234.74,235.22,232.51,234.61,231.08321463790887,2096008,0.0000,1.0
2025-12-23,234.68,235.23,233.25,234.15,230.63012960856892,1980725,0.0000,1.0
2025-12-24,233.82,235.47,233.82,235.05,231.51660031814703,921917,0.0000,1.0
2025-12-26,234.66,234.94,232.73,233.44,229.9308027154573,902587,0.0000,1.0
2025-12-29,233.44,234.66,233.09,234.53,231.0044172415019,1554102,0.0000,1.0
2025-12-30,233.98,234.625,232.92,233.06,229.55651508252436,1884286,0.0000,1.0
2025-12-31,233.14,233.49,231.17,231.32,227.84267171067333,1768621,0.0000,1.0
2026-01-02,231.35,232.72,229.64,231.91,228.42380250917455,2569919,0.0000,1.0
2026-01-05,231.02,234.4394,230.06,231.97,228.48290055647976,2560787,0.0000,1.0
2026-01-06,231.49,234.28,231.2,233.62,230.10809685737294,2240449,0.0000,1.0
2026-01-07,233.895,235.25,224.46,224.48,221.1054943178798,4476651,0.0000,1.0
2026-01-08,224.49,230.97,224.32,229.85,226.3947695516958,2198264,0.0000,1.0
2026-01-09,230.61,231.46,226.86,228.44,225.00596544002343,2620951,0.0000,1.0
2026-01-12,226.01,229.69,225.0,229.5,226.05003094241542,3279404,0.0000,1.0
2026-01-13,230.24,230.7595,227.81,229.29,225.84318777684717,2249771,0.0000,1.0
2026-01-14,227.33,230.38,225.85,227.14,223.7255077484106,3015310,0.0000,1.0
2026-01-15,227.78,230.76,227.01,230.51,227.04484807205304,2426862,0.0000,1.0
2026-01-16,230.03,231.92,228.905,229.49,226.04018126786454,3863522,0.0000,1.0
2026-01-20,224.63,228.0,219.98,221.69,218.35743511818768,6019161,0.0000,1.0
2026-01-21,223.47,229.93,223.15,229.39,225.94168452235584,3477961,0.0000,1.0
2026-01-22,229.47,232.85,229.29,231.37,227.8919200834277,3785913,0.0000,1.0
2026-01-23,231.92,233.68,229.31,229.65,226.19777606067842,3189102,0.0000,1.0
2026-01-26,229.85,232.2782,229.39,230.89,227.41913570498602,4165453,0.0000,1.0
2026-01-27,235.0,236.88,229.17,232.55,229.0541816804301,5211863,0.0000,1.0
2026-01-28,231.75,234.33,227.63,227.71,224.28693919781009,4248111,0.0000,1.0
2026-01-29,229.86,233.77,227.9,233.58,230.0686981591695,3540330,0.0000,1.0
2026-01-30,232.47,235.37,230.645,235.1,231.56584869090136,3841166,0.0000,1.0
2026-02-02,234.89,235.74,230.725,235.23,231.69389446006264,5532554,0.0000,1.0
2026-02-03,234.81,242.24,234.0,241.49,237.8597907289059,4591567,0.0000,1.0
2026-02-04,242.54,251.66,242.54,249.76,246.00547158247352,5382058,0.0000,1.0
2026-02-05,250.67,252.13,248.51,251.45,247.67006658157015,4418615,0.0000,1.0
2026-02-06,251.89,253.29,249.84,252.62,248.82247850402172,4344998,0.0000,1.0
2026-02-09,251.71,254.94,249.07,254.34,250.51662252677096,3412175,0.0000,1.0
2026-02-10,254.84,261.55,254.09,261.32,257.39169536327665,4828071,0.0000,1.0
2026-02-11,262.29,263.92,260.81,262.81,258.859296871356,4634655,0.0000,1.0
2026-02-12,264.44,265.37,259.65,261.77,257.8349307180657,5966028,0.0000,1.0
2026-02-13,260.85,263.04,258.16,260.68,256.7613161920211,3976725,0.0000,1.0
2026-02-17,260.99,264.16,260.493,262.8,258.8494471968051,3257850,0.0000,1.0
2026-02-18,261.15,265.07,260.57,265.0,261.016375597996,3266319,0.0000,1.0
2026-02-19,265.25,265.64,262.11,262.97,259.01689166416986,3243252,0.0000,1.0
2026-02-20,262.69,267.17,261.5301,266.1,262.09983979859146,3374923,0.0000,1.0
2026-02-23,266.16,267.81,262.6,263.76,259.7950159536884,2758920,0.0000,1.0
2026-02-24,263.79,267.2499,263.79,266.66,262.6514215734401,2385397,0.0000,1.0
2026-02-25,266.85,267.88,261.52,264.25,260.2776500066809,3540137,0.0000,1.0
2026-02-26,264.95,266.6,263.825,265.45,261.45961095278506,3821958,0.0000,1.0
2026-02-27,262.79,266.38,261.5401,264.98,262.35593133691407,3819841,1.3800,1.0
2026-03-02,264.98,268.14,262.325,266.97,264.32622457927374,2687479,0.0000,1.0
2026-03-03,263.55,265.915,258.575,265.84,263.2074148486875,3146149,0.0000,1.0
2026-03-04,266.22,266.9811,262.27,266.7,264.05889836046106,2327653,0.0000,1.0
2026-03-05,265.09,266.89,259.325,260.2,257.623267166824,3139565,0.0000,1.0
2026-03-06,259.9,259.9,252.0,254.11,251.5935757869395,4099149,0.0000,1.0
2026-03-09,251.25,254.6822,247.645,253.61,251.09852723358281,2863939,0.0000,1.0
2026-03-10,252.57,254.52,249.93,250.21,247.73219707075728,2319963,0.0000,1.0
2026-03-11,250.21,251.31,246.55,251.11,248.62328446679933,2228639,0.0000,1.0
2026-03-12,248.26,248.81,243.25,244.1,241.68270374873845,3028616,0.0000,1.0
2026-03-13,245.66,246.15,240.59,242.44,240.03914255159424,2785418,0.0000,1.0
2026-03-16,245.17,245.62,241.93,242.21,239.81142021705017,2218010,0.0000,1.0
2026-03-17,245.21,245.75,240.28900000000002,242.32,239.92033089878862,2465673,0.0000,1.0
2026-03-18,241.58,242.425,236.04,236.57,234.22727253518664,2974224,0.0000,1.0
2026-03-19,236.22,236.33,231.715,234.18,231.86094045014164,3514439,0.0000,1.0
2026-03-20,234.4,236.125,233.04,234.92,232.59361230910955,5047932,0.0000,1.0
2026-03-23,239.27,240.97,237.6,238.37,236.00944732727075,2434222,0.0000,1.0
2026-03-24,237.04,241.74,235.49,239.67,237.29657356599813,2481802,0.0000,1.0
2026-03-25,241.54,242.41,238.58,241.33,238.9401347631424,2800625,0.0000,1.0
2026-03-26,239.35,241.585,238.28,239.19,236.8213269547757,2225686,0.0000,1.0
2026-03-27,238.62,241.16,238.3,238.79,236.42528811209036,2675059,0.0000,1.0
2026-03-30,241.65,242.45,238.86,239.23,236.86093083904424,2770824,0.0000,1.0
2026-03-31,240.785,243.73,238.13,242.62,240.21736003080264,4177289,0.0000,1.0
2026-04-01,243.13,246.125,242.0,243.12,240.71240858415933,2444548,0.0000,1.0
2026-04-02,240.48,244.83,240.0,244.71,242.28666298383365,2327946,0.0000,1.0
2026-04-06,243.43,245.88,242.6,245.54,243.10844358240573,1451045,0.0000,1.0
2026-04-07,244.93,246.7499,243.33,246.11,243.6727989332324,2878859,0.0000,1.0
2026-04-08,250.49,252.62,247.02,249.11,246.64309025337255,3297596,0.0000,1.0
2026-04-09,249.01,252.13,248.1,251.15,248.66288835106786,2999112,0.0000,1.0
2026-04-10,251.0,252.225,249.27,250.51,248.02922620277127,2431701,0.0000,1.0
2026-04-13,251.0,251.98,248.67,251.34,248.8510068013434,1591198,0.0000,1.0
2026-04-14,251.1,252.73,249.06,252.04,249.54407477604278,2264749,0.0000,1.0
2026-04-15,251.84,252.02,246.985,248.03,245.5737853781221,2971473,0.0000,1.0
2026-04-16,247.46,251.3,246.88,251.07,248.58368058253077,2639171,0.0000,1.0
2026-04-17,252.44,256.09,250.98,251.14,248.65298738000072,4482814,0.0000,1.0
2026-04-20,251.39,253.58,248.82,252.18,249.68268837098265,2637205,0.0000,1.0
2026-04-21,253.52,253.52,248.5,251.25,248.7618980617392,3232989,0.0000,1.0
2026-04-22,253.24,254.76,248.905,249.4,246.93021841431943,3845059,0.0000,1.0
2026-04-23,262.76,271.26,255.0,271.26,268.5737411670741,8477492,0.0000,1.0
2026-04-24,272.88,274.79,268.4,268.7,266.03909257388784,3565742,0.0000,1.0
2026-04-27,269.45,270.82,265.76,268.91,266.2470129662977,2829364,0.0000,1.0
2026-04-28,271.43,271.52,266.92,267.74,265.088599351443,2703959,0.0000,1.0
2026-04-29,266.82,267.7985,263.1,264.78,262.15791191557133,3243855,0.0000,1.0
2026-04-30,264.34,270.22700000000003,263.2,269.48,266.81136831712433,3317031,0.0000,1.0
2026-05-01,269.76,269.76,265.98,266.32,263.68266145991,2069249,0.0000,1.0
2026-05-04,265.7,266.81,261.96,263.41,260.80147887937403,2778129,0.0000,1.0
2026-05-05,264.4,265.0612,261.94,264.01,261.39553714340207,1768078,0.0000,1.0
2026-05-06,265.44,270.275,265.12,268.23,265.5737469337326,3020038,0.0000,1.0
2026-05-07,268.15,268.83,264.1,264.89,262.26682259730984,2032529,0.0000,1.0
2026-05-08,264.13,266.2,262.91,264.65,262.0291992916986,1788019,0.0000,1.0
2026-05-11,265.63,267.0,263.34,263.35,260.74207305297125,1609788,0.0000,1.0
2026-05-12,264.45,266.9799,261.0401,265.6,262.9697915430764,2542386,0.0000,1.0
2026-05-13,265.17,268.59,263.84,264.65,262.0291992916986,1866740,0.0000,1.0
2026-05-14,265.37,269.43,263.6801,269.34,266.6727547221844,3946954,0.0000,1.0
2026-05-15,269.0,270.72,267.12,270.56,267.8806731923748,3314292,0.0000,1.0
2026-05-18,271.0,276.4,269.57,275.13,272.40541697005494,3197005,0.0000,1.0
2026-05-19,273.5,275.4799,271.17,271.56,268.8707702990882,2578890,0.0000,1.0
2026-05-20,269.97,274.63,264.69,265.8,263.16781096441906,3791666,0.0000,1.0
2026-05-21,264.98,268.635,263.92,265.44,262.8113760060022,2308852,0.0000,1.0
2026-05-22,265.85,268.39,264.44,265.88,263.24701873295606,2597449,0.0000,1.0
2026-05-26,266.22,272.66,266.15,271.1,268.41532563,3092483,0.0000,1.0
2026-05-27,272.57,279.7,272.57,279.39,276.623230644654,4046054,0.0000,1.0
2026-05-28,275.66,276.29,264.835,267.0,264.3559274924751,6082380,0.0000,1.0
2026-05-29,264.29,269.0099,259.51,262.64,261.4054381144692,6343147,1.3800,1.0
2026-06-01,260.19,263.79,258.66,263.5,262.2613956105796,2578709,0.0000,1.0
2026-06-02,263.54,266.23900000000003,262.37,264.68,263.43584891919625,2523492,0.0000,1.0
2026-06-03,263.96,267.22,262.13,262.13,260.8978354132874,2876309,0.0000,1.0
2026-06-04,267.12,268.83,260.619,263.9,262.65951537621237,2325403,0.0000,1.0
2026-06-05,264.49,274.13,264.49,272.32,271.03993644278194,2784119,0.0000,1.0
2026-06-08,271.78,274.0,268.39,268.67,267.40709358138304,2424428,0.0000,1.0
2026-06-09,269.41,271.5175,267.82,271.28,270.00482505213677,2848703,0.0000,1.0
2026-06-10,270.48,272.77,266.64,267.03,265.7748025422887,1914011,0.0000,1.0
2026-06-11,267.55,269.75,264.56,268.28,267.01892680989107,2908604,0.0000,1.0
2026-06-12,269.97,273.74,267.75,272.7,271.41815022013304,1927160,0.0000,1.0
2026-06-15,272.39,272.64,267.04,267.32,266.06343937237244,2552840,0.0000,1.0
2026-06-16,269.49,270.7899,266.2,267.45,266.1928282962031,2011463,0.0000,1.0
2026-06-17,265.93,266.35,255.49,258.05,256.8370138038333,3676373,0.0000,1.0
2026-06-18,258.08,263.68,256.115,256.88,255.67251348935747,3443156,0.0000,1.0
2026-06-22,256.54,262.64,255.2202,259.91,258.68827071402563,2323262,0.0000,1.0
2026-06-23,261.04,262.87,258.13,258.61,257.3943814757192,2090001,0.0000,1.0
2026-06-24,260.92,263.29,258.4,259.96,258.7380356847297,3236851,0.0000,1.0
2026-06-25,262.01,267.98,262.01,267.73,266.4715121321461,3089385,0.0000,1.0
2026-06-26,269.54,270.775,266.74,268.35,267.0885977688768,4584197,0.0000,1.0
2026-06-29,268.3,273.5,268.21,272.7,271.41815022013304,2828208,0.0000,1.0
2026-06-30,273.29,273.34,268.78,272.0,270.7214406302757,3219941,0.0000,1.0
2026-07-01,270.76,278.8,270.0,277.73,276.424506272965,2223536,0.0000,1.0
2026-07-02,279.0,282.8,278.58,282.25,280.9232596246152,2272621,0.0000,1.0
2026-07-06,282.81,283.99,279.43,282.59,281.26166142540296,2393417,0.0000,1.0
2026-07-07,284.43,285.79,280.2,283.12,281.7891701148664,2037105,0.0000,1.0
2026-07-08,284.12,284.12,280.16,280.94,279.61941739216786,1944891,0.0000,1.0
2026-07-09,282.0,285.43,280.96,285.04,283.70014498990366,2025716,0.0000,1.0
2026-07-10,285.04,288.9,285.0,286.96,285.61111986494086,1876188,0.0000,1.0
2026-07-13,289.84,290.41,286.68,289.13,287.7709195934986,2276868,0.0000,1.0
2026-07-14,291.6,291.66,288.0,288.3,286.94482107981065,2945750,0.0000,1.0
2026-07-15,288.24,289.1,285.45,288.36,287.0045390446556,2602343,0.0000,1.0
2026-07-16,290.97,300.06,290.17,299.42,298.01255056440135,3630788,0.0000,1.0
2026-07-17,300.13,303.15,298.1,301.75,300.3315981992121,3521885,0.0000,1.0
2026-07-20,300.95,301.99,295.5201,296.25,294.8574514217617,3295754,0.0000,1.0
2026-07-21,296.86,296.86,291.67,293.13,291.7521172498262,2868143,0.0000,1.0
2026-07-22,293.5,295.92,290.91,292.56,291.18479658379954,3381414,0.0000,1.0
2026-07-23,309.9,315.99,302.82,304.33,302.89947068754344,7447707,0.0000,1.0
2026-07-24,304.49,309.32,302.6401,307.32,305.8754159356483,3662089,0.0000,1.0
2026-07-27,306.7,306.7,296.98,299.3,297.89311463471154,3061690,0.0000,1.0
2026-07-28,301.54,303.05,293.94,294.45,293.06591247641427,4835544,0.0000,1.0
2026-07-29,295.42,295.42,290.5,292.19,290.81653580058924,3055314,0.0000,1.0
2026-07-30,293.87,293.87,284.79,289.46,288.09936840014564,3453789,0.0000,1.0
2026-07-31,289.7,293.94,287.91,292.13,290.7568178357443,3775015,0.0000,1.0
2026-08-03,292.5,293.9699,288.955,291.23,289.8610483630706,2342874,0.0000,1.0
2026-08-04,289.34,296.83,288.0,296.35,294.9569813631699,2476783,0.0000,1.0
2026-08-05,295.04,296.52,292.965,295.54,294.15078883776357,2586624,0.0000,1.0
2026-08-06,296.0,298.15,294.695,295.38,293.9915409315105,1818465,0.0000,1.0
2026-08-07,292.74,297.1,291.3,293.13,291.7521172498262,2603166,0.0000,1.0
2026-08-10,292.13,294.64,291.24,292.24,290.8663007712933,1793023,0.0000,1.0
2026-08-11,291.88,294.5,290.34,292.87,291.4933394021649,2101489,0.0000,1.0
2026-08-12,292.44,294.455,291.08,293.73,292.3492968982753,1797735,0.0000,1.0
2026-08-13,295.21,299.39,295.21,297.79,296.39021251944786,2314596,0.0000,1.0
2026-08-14,298.05,300.6299,293.15,293.68,292.29953192757125,2267912,0.0000,1.0
2026-08-17,295.35,302.79,295.29,299.9,298.4902942831606,2077009,0.0000,1.0
2026-08-18,302.26,303.67,298.64,298.74,297.3357469628256,1800841,0.0000,1.0
2026-08-19,301.83,307.615,300.855,301.8,300.38136316991626,3224445,0.0000,1.0
2026-08-20,300.75,307.645,300.01,303.97,302.541162898474,4107361,0.0000,1.0
2026-08-21,306.26,308.29,303.87,308.05,306.6019845079281,2684624,0.0000,1.0
2026-08-24,308.5,311.165,305.7093,309.86,308.4034764474163,2268909,0.0000,1.0
2026-08-25,307.97,311.27,306.81,309.59,308.13474560561417,2198910,0.0000,1.0
2026-08-26,308.73,314.1499,308.64,310.62,309.1599040021186,2447809,0.0000,1.0
2026-08-27,307.19,309.74,306.43,307.67,306.223770730577,2145420,0.0000,1.0
2026-08-28,308.77,308.9899,306.6701,307.41,305.9649928829157,1717830,0.0000,1.0
2026-08-31,305.23,306.36,300.01,300.67,300.67,3706315,1.4200,1.0
2026-09-01,301.0,302.24,288.67,290.62,290.62,3043165,0.0000,1.0
2026-09-02,291.64,291.815,285.685,289.73,289.73,1892673,0.0000,1.0
2026-09-03,291.1,291.92,286.235,289.15,289.15,2044678,0.0000,1.0
2026-09-04,287.12,292.58,287.12,289.62,289.62,1279301,0.0000,1.0
2026-09-08,287.1,291.0669,287.1,288.45,288.45,1783311,0.0000,1.0
2026-09-09,286.73,286.75,284.2575,284.74,284.74,1908828,0.0000,1.0
2026-09-10,285.19,288.67,283.885,285.78,285.78,2507868,0.0000,1.0
2026-09-11,287.77,289.015,282.98,284.4,284.4,1595080,0.0000,1.0
2026-09-14,283.95,285.64,282.85,285.08,285.08,1251791,0.0000,1.0
2026-09-15,285.31,286.31,282.69,283.99,283.99,1762531,0.0000,1.0
2026-09-16,287.08,288.47,280.32,280.92,280.92,2644020,0.0000,1.0
2026-09-17,283.75,284.02,278.95,282.48,282.48,2167238,0.0000,1.0
2026-09-18,281.25,281.3395,278.7,279.37,279.37,4857631,0.0000,1.0
