date,open,high,low,close,adj_close,volume,dividend,split
1999-11-10,65.0,70.31,64.5,68.25,31.302733931540853,80793700,0.0000,1.0
1999-11-11,68.75,76.94,68.75,75.0,34.39860871597896,28309000,0.0000,1.0
1999-11-12,76.0,76.63,69.25,70.5,32.334692193020224,14768100,0.0000,1.0
1999-11-15,70.5,70.88,67.31,69.0,31.646720018700645,8675100,0.0000,1.0
1999-11-16,67.88,68.0,65.0,66.0,30.270775670061486,6978600,0.0000,1.0
1999-11-17,65.56,68.19,65.13,67.69,31.045890986461544,5806900,0.0000,1.0
1999-11-18,67.94,68.94,66.13,66.31,30.41295658608753,4718700,0.0000,1.0
1999-11-19,66.31,66.31,64.25,65.0,29.812127553848434,5091100,0.0000,1.0
1999-11-22,64.06,64.25,61.0,63.13,28.954455576530027,4785400,0.0000,1.0
1999-11-23,63.38,67.0,63.25,66.19,30.357918812141964,2832200,0.0000,1.0
1999-11-24,66.0,68.19,65.94,67.69,31.183485421325457,2179400,0.3000,1.0
1999-11-26,68.44,69.44,68.19,69.13,31.84686581734715,1322500,0.0000,1.0
1999-11-29,70.0,70.25,67.0,68.13,31.386184986776527,1987000,0.0000,1.0
1999-11-30,67.38,67.63,66.06,66.06,30.432575667495342,1686100,0.0000,1.0
1999-12-01,66.25,67.38,65.63,65.88,30.349653117992627,1405700,0.0000,1.0
1999-12-02,66.0,67.06,65.88,67.06,30.893256498065966,1391000,0.0000,1.0
1999-12-03,67.44,67.69,66.31,66.44,30.607634383112178,1753500,0.0000,1.0
1999-12-06,66.5,66.5,65.38,66.25,30.52010502530376,1398900,0.0000,1.0
1999-12-07,65.94,68.0,65.88,68.0,31.326296478802348,1793100,0.0000,1.0
1999-12-08,68.0,68.38,66.75,68.38,31.501355194419183,1774000,0.0000,1.0
1999-12-09,68.38,68.75,66.63,67.5,31.09595606351704,1713600,0.0000,1.0
1999-12-10,66.38,67.0,65.38,66.13,30.464823325635283,1248600,0.0000,1.0
1999-12-13,66.38,66.94,64.88,66.0,30.404934817661104,1417800,0.0000,1.0
1999-12-14,66.0,66.0,64.75,65.0,29.94425398709048,1886600,0.0000,1.0
1999-12-15,65.0,65.06,63.69,63.75,29.368402948877204,1602800,0.0000,1.0
1999-12-16,63.75,64.06,63.25,64.0,29.48357315651986,1364600,0.0000,1.0
1999-12-17,64.75,67.62,64.69,66.62,30.690556932614893,1980800,0.0000,1.0
1999-12-20,67.69,68.5,66.94,68.5,31.55663689408766,1501300,0.0000,1.0
1999-12-21,68.25,69.0,67.5,69.0,31.786977309372972,1265200,0.0000,1.0
1999-12-22,68.94,68.94,66.06,67.0,30.865615648231728,1264700,0.0000,1.0
1999-12-23,66.5,67.88,65.63,67.75,31.211126271159696,1180600,0.0000,1.0
1999-12-27,68.5,69.69,67.5,69.69,32.1048470824667,1478800,0.0000,1.0
1999-12-28,69.5,69.69,68.06,69.0,31.786977309372972,1051400,0.0000,1.0
1999-12-29,69.0,69.38,67.56,68.0,31.326296478802348,904700,0.0000,1.0
1999-12-30,69.25,69.5,68.0,68.0,31.326296478802348,926700,0.0000,1.0
1999-12-31,68.88,69.5,68.38,69.0,31.786977309372972,649300,0.0000,1.0
2000-01-03,69.69,69.75,67.0,67.06,30.893256498065966,1273200,0.0000,1.0
2000-01-04,67.0,67.0,64.63,64.94,29.916613137256242,1385800,0.0000,1.0
2000-01-05,64.88,66.5,64.75,65.94,30.377293967826866,1401700,0.0000,1.0
2000-01-06,65.88,68.13,65.0,68.0,31.326296478802348,1959100,0.0000,1.0
2000-01-07,67.63,67.63,65.75,66.38,30.57999353327794,996000,0.0000,1.0
2000-01-10,66.88,67.44,66.44,67.06,30.893256498065966,1191700,0.0000,1.0
2000-01-11,67.13,67.44,66.31,66.38,30.57999353327794,1020000,0.0000,1.0
2000-01-12,66.13,67.5,65.44,67.38,31.040674363848563,1097700,0.0000,1.0
2000-01-13,67.63,68.5,67.38,68.31,31.469107536279243,1071200,0.0000,1.0
2000-01-14,68.88,69.25,68.31,69.06,31.81461815920721,1160000,0.0000,1.0
2000-01-18,69.0,69.0,67.38,68.69,31.644166251896078,980500,0.0000,1.0
2000-01-19,68.5,68.56,67.44,68.25,31.441466686445004,1087300,0.0000,1.0
2000-01-20,68.13,69.13,68.13,68.88,31.731695609704495,1972000,0.0000,1.0
2000-01-21,68.88,68.88,66.69,67.25,30.980785855874384,1270100,0.0000,1.0
2000-01-24,67.88,68.25,66.0,66.0,30.404934817661104,831400,0.0000,1.0
2000-01-25,65.63,66.63,64.75,65.88,30.349653117992627,1263000,0.0000,1.0
2000-01-26,65.25,65.63,64.5,65.13,30.00414249506466,933400,0.0000,1.0
2000-01-27,65.31,65.38,64.0,65.13,30.00414249506466,1128400,0.0000,1.0
2000-01-28,65.13,65.88,64.0,64.94,29.916613137256242,1324700,0.0000,1.0
2000-01-31,63.0,64.0,59.0,60.0,27.64084983423737,5745800,0.0000,1.0
2000-02-01,59.69,61.5,58.31,61.38,28.276589380424827,4761000,0.0000,1.0
2000-02-02,59.75,59.94,57.19,58.25,26.834658380738777,4740600,0.0000,1.0
2000-02-03,59.25,59.5,57.38,57.63,26.54903626578499,1951900,0.0000,1.0
2000-02-04,58.19,58.19,56.06,56.38,25.973185227571715,1745200,0.0000,1.0
2000-02-07,56.63,56.81,55.5,55.75,25.68295630431222,1480200,0.0000,1.0
2000-02-08,56.25,59.38,55.75,59.38,27.355227719283583,2055100,0.0000,1.0
2000-02-09,59.5,59.63,58.0,58.0,26.71948817309612,1209400,0.0000,1.0
2000-02-10,58.06,58.5,56.5,57.06,26.28644819235974,995700,0.0000,1.0
2000-02-11,56.81,57.0,55.13,55.13,25.397334189358435,1013900,0.0000,1.0
2000-02-14,55.31,55.5,54.13,54.38,25.051823566430468,2052800,0.0000,1.0
2000-02-15,54.44,55.0,53.56,54.94,25.309804831550014,1182900,0.0000,1.0
2000-02-16,55.19,56.44,54.5,56.0,25.798126511954877,1530000,0.0000,1.0
2000-02-17,56.5,58.25,56.13,58.0,26.71948817309612,1036000,0.0000,1.0
2000-02-18,58.0,59.44,55.25,56.94,26.231166492691262,1529200,0.0000,1.0
2000-02-22,56.94,56.94,54.56,55.0,25.337445681384253,1226000,0.0000,1.0
2000-02-23,55.06,56.25,54.06,54.94,25.309804831550014,855700,0.0000,1.0
2000-02-24,55.0,55.0,53.81,54.06,24.98272144184488,1049300,0.1700,1.0
2000-02-25,54.94,55.75,54.06,55.5,25.648187939740858,961700,0.0000,1.0
2000-02-28,55.56,55.63,54.5,55.0,25.417123183526975,565600,0.0000,1.0
2000-02-29,55.0,55.31,54.5,54.63,25.246135263928704,750900,0.0000,1.0
2000-03-01,54.63,54.69,51.88,52.5,24.26179940245757,1471000,0.0000,1.0
2000-03-02,52.13,53.63,52.06,53.31,24.636124307524057,1136600,0.0000,1.0
2000-03-03,53.31,53.5,52.56,52.69,24.349604009818844,1030700,0.0000,1.0
2000-03-06,54.38,54.38,52.5,52.75,24.37733178056451,1431500,0.0000,1.0
2000-03-07,52.75,52.81,49.0,50.63,23.397617214217654,2319100,0.0000,1.0
2000-03-08,52.75,54.5,51.31,54.31,25.09825381995182,2275300,0.0000,1.0
2000-03-09,54.5,54.5,52.44,53.0,24.49286415867145,1199700,0.0000,1.0
2000-03-10,53.75,54.38,53.06,53.44,24.696201144139664,776700,0.0000,1.0
2000-03-13,52.25,54.19,52.13,52.75,24.37733178056451,671700,0.0000,1.0
2000-03-14,52.5,53.5,52.31,52.56,24.289527173203236,1072500,0.0000,1.0
2000-03-15,52.94,55.38,51.63,54.94,25.389395412781308,2274800,0.0000,1.0
2000-03-16,55.88,57.63,55.06,56.25,25.99478507406168,1635300,0.0000,1.0
2000-03-17,57.06,57.06,55.5,55.5,25.648187939740858,622400,0.0000,1.0
2000-03-20,56.5,56.88,55.25,56.56,26.13804522291429,843400,0.0000,1.0
2000-03-21,56.31,58.38,55.25,58.19,26.89131632817154,889000,0.0000,1.0
2000-03-22,58.19,59.06,56.81,56.88,26.28592666689117,763100,0.0000,1.0
2000-03-23,56.81,59.94,56.0,59.63,27.556782826067522,1472900,0.0000,1.0
2000-03-24,60.0,64.13,59.81,63.75,29.460756417269906,2148200,0.0000,1.0
2000-03-27,63.0,64.0,62.63,63.19,29.201963890310356,960400,0.0000,1.0
2000-03-28,62.5,63.0,60.06,60.25,27.843303123772735,639300,0.0000,1.0
2000-03-29,61.25,61.25,58.31,59.06,27.293369003983695,869700,0.0000,1.0
2000-03-30,58.81,60.13,58.31,58.56,27.062304247769813,682400,0.0000,1.0
2000-03-31,59.56,63.0,58.19,62.99,29.109537987824805,727100,0.0000,1.0
2000-04-03,62.0,62.0,59.0,59.38,27.44125044796058,830000,0.0000,1.0
2000-04-04,59.38,59.75,55.38,57.81,26.715707113448993,1309000,0.0000,1.0
2000-04-05,56.81,58.25,56.81,58.19,26.89131632817154,478000,0.0000,1.0
2000-04-06,58.31,60.19,58.31,59.88,27.672315204174463,800700,0.0000,1.0
2000-04-07,59.88,61.44,59.13,60.88,28.134444716602225,778200,0.0000,1.0
2000-04-10,61.13,63.94,61.06,62.94,29.086431512203415,1275600,0.0000,1.0
2000-04-11,63.31,63.31,62.13,63.19,29.201963890310356,616700,0.0000,1.0
2000-04-12,62.81,62.88,61.25,61.5,28.420965014307438,608700,0.0000,1.0
2000-04-13,61.5,61.5,59.44,60.25,27.843303123772735,566300,0.0000,1.0
2000-04-14,58.5,58.75,55.0,55.0,25.417123183526975,859800,0.0000,1.0
2000-04-17,57.0,59.5,55.0,58.0,26.803511720810267,1152900,0.0000,1.0
2000-04-18,58.0,61.19,58.0,60.69,28.046640109240947,714900,0.0000,1.0
2000-04-19,60.19,60.5,58.75,59.06,27.293369003983695,510200,0.0000,1.0
2000-04-20,61.0,63.88,60.63,63.5,29.345224039162964,1730600,0.0000,1.0
2000-04-24,63.0,63.25,62.0,62.63,28.94317136335081,1071000,0.0000,1.0
2000-04-25,64.31,66.44,63.81,66.44,30.703884805700586,1644600,0.0000,1.0
2000-04-26,66.5,66.94,64.94,66.19,30.588352427593644,1239300,0.0000,1.0
2000-04-27,65.5,66.56,65.19,65.94,30.472820049486703,689400,0.0000,1.0
2000-04-28,66.69,66.75,65.5,66.5,30.731612576446253,1011200,0.0000,1.0
2000-05-01,66.63,66.94,64.25,64.25,29.691821173483785,904600,0.0000,1.0
2000-05-02,64.06,64.44,63.25,63.81,29.488484188015573,1565300,0.0000,1.0
2000-05-03,64.06,64.06,62.31,62.38,28.82763898524387,566400,0.0000,1.0
2000-05-04,62.13,62.13,60.0,60.94,28.16217248734789,669000,0.0000,1.0
2000-05-05,59.75,60.88,59.0,59.88,27.672315204174463,834300,0.0000,1.0
2000-05-08,59.0,61.75,58.31,61.06,28.217628028839222,1726400,0.0000,1.0
2000-05-09,61.5,63.38,60.81,62.5,28.8830945267352,859200,0.0000,1.0
2000-05-10,62.0,62.38,60.63,60.81,28.10209565073228,880400,0.0000,1.0
2000-05-11,60.88,61.69,60.88,61.25,28.305432636200496,934200,0.0000,1.0
2000-05-12,61.5,62.63,61.38,61.56,28.448692785053105,603600,0.0000,1.0
2000-05-15,61.56,64.0,60.69,63.31,29.25741943180169,1110200,0.0000,1.0
2000-05-16,64.0,64.0,61.88,62.0,28.65202977052132,526500,0.0000,1.0
2000-05-17,61.75,62.88,61.19,62.31,28.795289919373925,466300,0.0000,1.0
2000-05-18,62.25,62.25,61.38,62.13,28.712106607136928,626500,0.0000,1.0
2000-05-19,61.88,62.19,60.5,61.88,28.59657422902999,754800,0.0000,1.0
2000-05-22,61.63,61.88,59.88,61.44,28.39323724356177,701700,0.0000,1.0
2000-05-23,61.19,62.25,61.13,61.88,28.59657422902999,669500,0.0000,1.0
2000-05-24,61.0,61.38,59.13,59.63,27.556782826067522,592700,0.0000,1.0
2000-05-25,59.44,60.25,58.0,58.88,27.28874770885942,795300,0.1700,1.0
2000-05-26,59.0,59.31,56.75,57.19,26.505493910829994,1003100,0.0000,1.0
2000-05-30,57.0,59.31,57.0,59.06,27.37217119030634,602100,0.0000,1.0
2000-05-31,59.94,60.38,59.63,60.0,27.807827148973594,794000,0.0000,1.0
2000-06-01,60.81,62.06,60.63,61.5,28.503022827697933,1261000,0.0000,1.0
2000-06-02,62.19,62.44,60.94,61.0,28.271290934789818,745100,0.0000,1.0
2000-06-05,60.88,62.5,60.81,61.56,28.530830654846906,812100,0.0000,1.0
2000-06-06,61.56,61.88,60.75,61.75,28.61888877415199,585000,0.0000,1.0
2000-06-07,61.75,62.19,61.44,62.06,28.76256254775502,729800,0.0000,1.0
2000-06-08,62.0,62.13,60.25,60.25,27.923693095427648,606300,0.0000,1.0
2000-06-09,60.25,60.25,59.31,59.31,27.488037136760397,505500,0.0000,1.0
2000-06-12,59.0,59.88,57.5,59.34,27.501941050334885,1105100,0.0000,1.0
2000-06-13,59.5,62.06,59.25,61.31,28.41496470839285,958400,0.0000,1.0
2000-06-14,61.19,61.88,60.88,61.25,28.387156881243875,898600,0.0000,1.0
2000-06-15,61.5,62.5,61.44,62.38,28.91087095921621,1076100,0.0000,1.0
2000-06-16,62.44,62.75,61.38,61.75,28.61888877415199,721300,0.0000,1.0
2000-06-19,61.75,62.19,60.25,62.13,28.795005012762157,1019300,0.0000,1.0
2000-06-20,61.88,62.0,60.88,61.44,28.475215000548957,630200,0.0000,1.0
2000-06-21,60.94,61.81,60.56,61.75,28.61888877415199,627200,0.0000,1.0
2000-06-22,61.56,62.94,61.25,62.94,29.1704106792733,1331900,0.0000,1.0
2000-06-23,62.81,62.81,61.31,61.44,28.475215000548957,672500,0.0000,1.0
2000-06-26,60.75,61.0,60.31,60.75,28.155424988335763,596300,0.0000,1.0
2000-06-27,60.75,60.94,59.63,60.13,27.868077441129703,1001700,0.0000,1.0
2000-06-28,60.19,60.81,59.56,59.63,27.63634554822159,754100,0.0000,1.0
2000-06-29,59.63,60.31,58.63,60.25,27.923693095427648,1002300,0.0000,1.0
2000-06-30,60.31,62.0,58.9,58.9,27.298016984575742,1990200,0.0000,1.0
2000-07-03,59.5,59.88,59.31,59.44,27.548287428916506,375000,0.0000,1.0
2000-07-05,59.63,61.31,59.5,61.0,28.271290934789818,829500,0.0000,1.0
2000-07-06,61.0,61.44,61.0,61.31,28.41496470839285,570100,0.0000,1.0
2000-07-07,60.38,61.0,60.13,60.69,28.127617161186787,733000,0.0000,1.0
2000-07-10,60.0,61.06,59.88,61.0,28.271290934789818,596000,0.0000,1.0
2000-07-11,60.31,60.94,60.31,60.81,28.183232815484736,469800,0.0000,1.0
2000-07-12,60.5,61.06,60.19,60.69,28.127617161186787,613300,0.0000,1.0
2000-07-13,60.56,60.75,60.06,60.31,27.951500922576624,631200,0.0000,1.0
2000-07-14,60.69,61.0,60.44,60.88,28.215675280491872,678100,0.0000,1.0
2000-07-17,60.94,61.38,60.06,60.44,28.01175121473273,944800,0.0000,1.0
2000-07-18,60.19,60.88,60.19,60.75,28.155424988335763,565500,0.0000,1.0
2000-07-19,60.75,61.5,60.63,61.25,28.387156881243875,1013500,0.0000,1.0
2000-07-20,60.88,60.94,59.19,59.56,27.603903083214455,1154700,0.0000,1.0
2000-07-21,59.31,60.0,59.0,59.5,27.57609525606548,1013100,0.0000,1.0
2000-07-24,58.75,59.5,58.5,59.0,27.344363363157367,930800,0.0000,1.0
2000-07-25,58.56,59.06,58.56,58.69,27.200689589554333,572700,0.0000,1.0
2000-07-26,58.63,58.69,57.56,58.13,26.94114986949725,868000,0.0000,1.0
2000-07-27,58.0,58.69,57.5,58.13,26.94114986949725,508100,0.0000,1.0
2000-07-28,58.69,58.88,57.25,57.38,26.59355203013508,468600,0.0000,1.0
2000-07-31,57.38,58.75,57.25,58.75,27.22849741670331,644900,0.0000,1.0
2000-08-01,58.56,58.56,57.88,58.31,27.02457335094417,365400,0.0000,1.0
2000-08-02,58.38,58.5,57.75,58.19,26.96895769664622,314000,0.0000,1.0
2000-08-03,57.63,58.5,57.31,57.94,26.853091750192164,447800,0.0000,1.0
2000-08-04,57.44,58.0,57.44,57.69,26.73722580373811,339500,0.0000,1.0
2000-08-07,57.81,57.94,57.25,57.38,26.59355203013508,507300,0.0000,1.0
2000-08-08,57.13,57.25,56.69,56.88,26.361820137226967,637200,0.0000,1.0
2000-08-09,56.88,57.0,55.69,55.75,25.83810605925463,705200,0.0000,1.0
2000-08-10,55.44,58.75,54.88,58.5,27.11263147024925,2150100,0.0000,1.0
2000-08-11,58.0,59.0,57.75,59.0,27.344363363157367,734100,0.0000,1.0
2000-08-14,58.75,59.06,58.5,58.63,27.172881762405364,990300,0.0000,1.0
2000-08-15,58.38,58.5,57.56,57.88,26.825283923043195,756500,0.0000,1.0
2000-08-16,57.63,57.75,57.25,57.31,26.561109565127943,487600,0.0000,1.0
2000-08-17,57.31,57.44,56.75,56.75,26.301569845070855,718500,0.0000,1.0
2000-08-18,56.75,57.0,55.81,56.19,26.042030125013767,736100,0.0000,1.0
2000-08-21,56.25,56.81,55.75,55.81,25.865913886403604,590800,0.0000,1.0
2000-08-22,55.81,56.38,55.75,56.25,26.069837952162743,789700,0.0000,1.0
2000-08-23,56.0,56.25,55.69,55.75,25.83810605925463,710800,0.0000,1.0
2000-08-24,55.56,56.81,55.56,56.44,26.236684915056582,678600,0.1700,1.0
2000-08-25,56.44,57.94,56.44,57.63,26.789868030735487,815400,0.0000,1.0
2000-08-28,57.63,57.75,56.75,56.75,26.380791440989743,975400,0.0000,1.0
2000-08-29,56.5,56.94,56.0,56.25,26.14836156045239,543500,0.0000,1.0
2000-08-30,55.25,55.81,55.0,55.13,25.627718628048715,849500,0.0000,1.0
2000-08-31,55.44,56.13,55.25,55.44,25.771825153981872,673000,0.0000,1.0
2000-09-01,55.63,56.19,55.38,55.88,25.976363448854748,869000,0.0000,1.0
2000-09-05,55.25,56.19,55.13,55.56,25.82760832531084,735800,0.0000,1.0
2000-09-06,55.31,56.0,54.75,55.81,25.943823265579518,1159900,0.0000,1.0
2000-09-07,55.13,55.75,54.25,54.56,25.36274856423613,1080200,0.0000,1.0
2000-09-08,54.44,54.5,53.13,53.31,24.781673862892745,981700,0.0000,1.0
2000-09-11,53.56,53.69,51.88,52.38,24.349354285093266,1184200,0.0000,1.0
2000-09-12,52.94,53.94,52.5,53.56,24.897888803161422,747900,0.0000,1.0
2000-09-13,53.75,56.25,53.75,55.0,25.567286859109004,2352100,0.0000,1.0
2000-09-14,56.5,56.63,55.19,55.44,25.771825153981872,1018700,0.0000,1.0
2000-09-15,55.5,55.94,55.06,55.38,25.74393356831739,571400,0.0000,1.0
2000-09-18,55.06,55.13,52.75,53.0,24.637567336959584,938200,0.0000,1.0
2000-09-19,52.38,52.69,52.0,52.5,24.405137456422228,1429600,0.0000,1.0
2000-09-20,52.5,54.19,52.5,54.0,25.102427098034294,1792900,0.0000,1.0
2000-09-21,55.5,56.5,55.25,55.25,25.68350179937768,4193000,0.0000,1.0
2000-09-22,55.5,56.19,55.06,56.0,26.03214662018371,1909700,0.0000,1.0
2000-09-25,56.44,57.0,56.31,56.75,26.380791440989743,1227000,0.0000,1.0
2000-09-26,56.88,57.25,56.5,56.94,26.46911479559394,1777500,0.0000,1.0
2000-09-27,56.81,56.81,56.5,56.63,26.325008269660778,785100,0.0000,1.0
2000-09-28,56.5,57.56,56.5,57.31,26.64111290719158,1712800,0.0000,1.0
2000-09-29,56.31,56.75,55.25,56.38,26.2087933293921,1004800,0.0000,1.0
2000-10-02,56.0,56.88,55.88,56.69,26.35289985532526,694100,0.0000,1.0
2000-10-03,56.63,57.25,56.5,56.63,26.325008269660778,575700,0.0000,1.0
2000-10-04,56.63,59.81,56.5,58.75,27.310510963139162,2134700,0.0000,1.0
2000-10-05,59.0,59.19,58.25,58.5,27.194296022870486,1271500,0.0000,1.0
2000-10-06,58.38,58.88,57.81,58.06,26.989757727997613,531300,0.0000,1.0
2000-10-09,58.31,58.38,56.56,56.88,26.441223209929458,549900,0.0000,1.0
2000-10-10,56.88,59.38,56.63,58.88,27.370942732078873,1053300,0.0000,1.0
2000-10-11,59.0,59.0,57.38,57.5,26.729436261795776,856500,0.0000,1.0
2000-10-12,57.0,57.19,54.75,54.75,25.451071918840324,902100,0.0000,1.0
2000-10-13,54.81,57.0,54.56,56.63,26.325008269660778,930400,0.0000,1.0
2000-10-16,56.5,56.5,55.63,55.94,26.00425503451923,474200,0.0000,1.0
2000-10-17,55.81,55.94,54.94,55.13,25.627718628048715,924900,0.0000,1.0
2000-10-18,52.5,54.0,51.25,53.06,24.66545892262407,3462100,0.0000,1.0
2000-10-19,57.75,61.0,57.31,60.0,27.891585664482548,3883400,0.0000,1.0
2000-10-20,59.94,62.19,59.63,62.0,28.821305186631967,1827500,0.0000,1.0
2000-10-23,61.44,61.63,60.75,60.81,28.268122070953062,1449700,0.0000,1.0
2000-10-24,59.5,59.94,59.44,59.75,27.77537072421387,1838300,0.0000,1.0
2000-10-25,59.88,59.94,59.25,59.63,27.719587552884907,1044100,0.0000,1.0
2000-10-26,59.19,59.75,58.75,59.75,27.77537072421387,697600,0.0000,1.0
2000-10-27,59.75,59.88,59.19,59.31,27.570832429341,380800,0.0000,1.0
2000-10-30,59.0,61.38,58.5,61.13,28.41687719449697,1395000,0.0000,1.0
2000-10-31,61.88,61.94,60.06,60.75,28.24023048528858,812600,0.0000,1.0
2000-11-01,60.63,60.69,59.5,59.63,27.719587552884907,568000,0.0000,1.0
2000-11-02,59.5,61.5,58.0,61.38,28.53309213476565,1145800,0.0000,1.0
2000-11-03,60.5,61.06,59.75,60.56,28.151907130684386,1713400,0.0000,1.0
2000-11-06,60.44,60.44,59.38,60.0,27.891585664482548,811600,0.0000,1.0
2000-11-07,60.0,60.63,59.5,59.94,27.863694078818064,757600,0.0000,1.0
2000-11-08,60.0,60.13,59.38,59.75,27.77537072421387,523000,0.0000,1.0
2000-11-09,59.38,59.88,58.5,58.63,27.254727791810197,574400,0.0000,1.0
2000-11-10,58.38,59.13,58.19,58.31,27.10597266826629,638500,0.0000,1.0
2000-11-13,57.75,60.0,57.75,59.0,27.42672590340784,723800,0.0000,1.0
2000-11-14,58.25,59.94,58.25,59.75,27.77537072421387,865100,0.0000,1.0
2000-11-15,58.75,59.5,58.38,59.0,27.42672590340784,847000,0.0000,1.0
2000-11-16,58.5,58.81,58.25,58.44,27.166404437206,593300,0.0000,1.0
2000-11-17,58.5,59.5,58.0,59.25,27.542940843676515,687000,0.0000,1.0
2000-11-20,59.0,59.75,58.94,59.31,27.570832429341,663300,0.0000,1.0
2000-11-21,58.75,61.13,58.56,60.31,28.03569219041571,2427500,0.0000,1.0
2000-11-22,60.19,60.19,59.63,60.19,28.058935178469444,1026000,0.1700,1.0
2000-11-24,60.0,60.94,60.0,60.88,28.380594345659077,520100,0.0000,1.0
2000-11-27,60.88,61.44,60.56,61.13,28.49713752217706,1140000,0.0000,1.0
2000-11-28,60.75,61.25,60.63,61.06,28.464505432752023,1186900,0.0000,1.0
2000-11-29,61.0,61.06,59.81,60.38,28.14750799262311,973400,0.0000,1.0
2000-11-30,60.13,60.88,59.75,60.69,28.29202153150541,1442800,0.0000,1.0
2000-12-01,60.0,60.88,60.0,60.88,28.380594345659077,796600,0.0000,1.0
2000-12-04,60.0,60.56,59.63,60.31,28.114875903198076,860400,0.0000,1.0
2000-12-05,60.75,61.25,60.25,61.0,28.43653507038771,1345300,0.0000,1.0
2000-12-06,61.44,63.06,61.25,62.31,29.047221315341936,3166600,0.0000,1.0
2000-12-07,61.5,62.44,61.31,61.69,28.75819423757734,1144800,0.0000,1.0
2000-12-08,61.56,64.13,61.56,63.69,29.6905396497212,2438200,0.0000,1.0
2000-12-11,63.75,64.31,62.88,64.0,29.835053188603496,1722500,0.0000,1.0
2000-12-12,63.19,63.94,62.75,63.56,29.62993719793185,1028800,0.0000,1.0
2000-12-13,63.06,63.75,62.5,62.63,29.196396581284954,1220100,0.0000,1.0
2000-12-14,58.0,60.0,58.0,58.69,27.35967611936155,4803000,0.0000,1.0
2000-12-15,57.5,57.63,56.13,57.44,26.776960236771636,2285200,0.0000,1.0
2000-12-18,56.81,57.69,56.63,56.88,26.51590352137136,1364600,0.0000,1.0
2000-12-19,55.94,56.94,55.75,55.75,25.989128363510076,1088800,0.0000,1.0
2000-12-20,54.13,55.19,54.06,54.44,25.37844211855585,1515400,0.0000,1.0
2000-12-21,54.06,54.5,53.13,53.5,24.940239774848237,1339900,0.0000,1.0
2000-12-22,53.5,57.13,53.31,56.5,26.338757893064024,1540000,0.0000,1.0
2000-12-26,56.06,57.62,55.75,57.44,26.776960236771636,628000,0.0000,1.0
2000-12-27,57.0,57.69,56.75,57.31,26.71635778498229,912000,0.0000,1.0
2000-12-28,57.0,59.19,56.81,59.19,27.592762472397514,1253400,0.0000,1.0
2000-12-29,58.31,59.0,58.13,58.75,27.387646481725866,1096000,0.0000,1.0
2001-01-02,58.0,58.38,55.88,56.38,26.282817168335395,695800,0.0000,1.0
2001-01-03,56.19,60.56,55.69,60.56,28.23141907971606,2451800,0.0000,1.0
2001-01-04,60.0,62.5,60.0,61.06,28.464505432752023,3776700,0.0000,1.0
2001-01-05,61.0,61.0,59.63,60.63,28.264051169141094,2331200,0.0000,1.0
2001-01-08,60.56,61.13,60.0,61.06,28.464505432752023,868300,0.0000,1.0
2001-01-09,60.88,61.13,60.5,61.0,28.43653507038771,1372200,0.0000,1.0
2001-01-10,60.0,60.5,58.0,58.5,27.271103305207884,2986400,0.0000,1.0
2001-01-11,58.25,59.38,58.06,59.25,27.62073283476183,1547500,0.0000,1.0
2001-01-12,59.13,59.69,58.81,58.94,27.47621929587953,2705400,0.0000,1.0
2001-01-16,58.88,59.44,58.38,59.44,27.709305648915496,961400,0.0000,1.0
2001-01-17,59.38,59.38,58.75,59.38,27.68133528655118,511600,0.0000,1.0
2001-01-18,59.63,60.38,59.5,60.25,28.08690554083376,1202800,0.0000,1.0
2001-01-19,60.25,60.44,59.81,60.0,27.97036236431578,869700,0.0000,1.0
2001-01-22,60.0,60.31,59.81,60.31,28.114875903198076,943600,0.0000,1.0
2001-01-23,60.38,61.0,60.0,60.94,28.40856470802339,2050800,0.0000,1.0
2001-01-24,60.94,60.94,59.81,60.25,28.08690554083376,943000,0.0000,1.0
2001-01-25,60.25,60.81,59.88,60.38,28.14750799262311,854600,0.0000,1.0
2001-01-26,60.25,60.5,60.06,60.38,28.14750799262311,609000,0.0000,1.0
2001-01-29,60.6,61.05,60.45,60.8,28.34330052917332,982900,0.0000,1.0
2001-01-30,61.05,61.69,61.01,61.6,28.716238694030867,1232400,0.0000,1.0
2001-01-31,61.64,62.0,60.71,61.9,28.856090505852443,2782200,0.0000,1.0
2001-02-01,61.9,61.9,61.45,61.57,28.702253512848706,1891300,0.0000,1.0
2001-02-02,61.5,61.68,61.01,61.1,28.483152340994902,959200,0.0000,1.0
2001-02-05,61.0,61.0,60.05,60.24,28.082243813773044,1030500,0.0000,1.0
2001-02-06,60.01,60.1,59.51,59.61,27.788555008947725,634500,0.0000,1.0
2001-02-07,59.01,59.9,59.01,59.68,27.82118709837276,759700,0.0000,1.0
2001-02-08,59.05,60.24,59.05,59.96,27.9517154560729,910400,0.0000,1.0
2001-02-09,59.75,60.19,59.7,59.82,27.886451277222832,968400,0.0000,1.0
2001-02-12,59.65,60.5,59.55,60.2,28.063596905530165,1396600,0.0000,1.0
2001-02-13,60.0,60.35,59.94,60.03,27.984347545497936,1058400,0.0000,1.0
2001-02-14,60.0,60.15,59.77,60.09,28.012317907862254,873900,0.0000,1.0
2001-02-15,60.01,60.51,60.0,60.14,28.035626543165847,775600,0.0000,1.0
2001-02-16,59.36,60.4,59.36,60.03,27.984347545497936,766000,0.0000,1.0
2001-02-20,60.03,60.68,59.98,60.1,28.016979634922972,1672700,0.0000,1.0
2001-02-21,59.8,59.83,58.81,58.9,27.457572387636656,654100,0.0000,1.0
2001-02-22,58.4,58.85,58.0,58.29,27.261779851086448,952800,0.1900,1.0
2001-02-23,57.8,58.26,57.25,57.6,26.939072215175493,912500,0.0000,1.0
2001-02-26,57.65,57.86,57.0,57.65,26.962456826473385,631200,0.0000,1.0
2001-02-27,57.25,58.4,57.25,58.11,27.177595250414026,830800,0.0000,1.0
2001-02-28,58.06,58.24,56.5,56.53,26.43864153340053,850200,0.0000,1.0
2001-03-01,56.54,57.0,55.69,56.0,26.19076465364284,1126000,0.0000,1.0
2001-03-02,56.0,56.96,55.71,56.94,26.630395346043272,1687900,0.0000,1.0
2001-03-05,56.5,57.76,56.5,57.75,27.009226049069177,537900,0.0000,1.0
2001-03-06,57.99,57.99,57.17,57.37,26.83150300320517,743400,0.0000,1.0
2001-03-07,57.59,58.38,57.17,58.35,27.289841384643925,1052500,0.0000,1.0
2001-03-08,58.98,59.7,58.51,59.2,27.687379776708145,1049600,0.0000,1.0
2001-03-09,59.0,59.0,58.66,58.83,27.51433365310372,863600,0.0000,1.0
2001-03-12,58.8,58.8,57.36,57.36,26.826826080945594,857600,0.0000,1.0
2001-03-13,56.91,57.46,56.51,57.4,26.84553376998391,1054600,0.0000,1.0
2001-03-14,57.0,57.25,56.3,56.85,26.58830304570706,1020500,0.0000,1.0
2001-03-15,56.77,57.05,56.36,56.65,26.494764600515477,901700,0.0000,1.0
2001-03-16,56.55,56.64,55.74,55.75,26.07384159715336,1035000,0.0000,1.0
2001-03-19,55.9,56.4,55.25,56.01,26.195441575902418,1213900,0.0000,1.0
2001-03-20,56.01,56.24,55.5,55.52,25.966272385183046,936100,0.0000,1.0
2001-03-21,55.52,58.36,55.19,57.7,26.985841437771285,1772200,0.0000,1.0
2001-03-22,54.6,56.35,54.6,55.89,26.13931850878747,2672800,0.0000,1.0
2001-03-23,55.76,56.0,54.57,55.25,25.83999548417441,1162800,0.0000,1.0
2001-03-26,55.25,56.4,55.25,56.15,26.260918487536525,668900,0.0000,1.0
2001-03-27,56.21,56.6,56.01,56.44,26.396549233064317,624700,0.0000,1.0
2001-03-28,56.08,56.35,55.85,56.3,26.33107232143021,526200,0.0000,1.0
2001-03-29,56.0,56.25,55.85,56.14,26.256241565276948,571400,0.0000,1.0
2001-03-30,56.15,56.9,55.9,56.9,26.611687657004957,925700,0.0000,1.0
2001-04-02,56.65,56.66,55.5,55.58,25.994333918740516,1040000,0.0000,1.0
2001-04-03,55.07,55.16,53.2,53.21,24.885903343220278,1545500,0.0000,1.0
2001-04-04,53.01,53.5,52.27,52.96,24.768980286730798,2005300,0.0000,1.0
2001-04-05,53.49,53.49,52.0,53.32,24.937349488075647,1898400,0.0000,1.0
2001-04-06,53.32,54.2,52.61,54.18,25.339564802399448,1621400,0.0000,1.0
2001-04-09,54.18,54.8,53.17,53.65,25.091687922641754,848900,0.0000,1.0
2001-04-10,53.65,54.97,53.6,54.61,25.540672459561346,861100,0.0000,1.0
2001-04-11,54.02,54.7,53.8,54.46,25.470518625667662,558400,0.0000,1.0
2001-04-12,54.21,54.45,53.85,54.21,25.353595569178186,368500,0.0000,1.0
2001-04-16,54.0,54.09,53.6,53.7,25.115072533939653,603300,0.0000,1.0
2001-04-17,53.2,53.89,53.2,53.89,25.203934056871653,673300,0.0000,1.0
2001-04-18,53.25,55.9,53.25,54.45,25.465841703408085,1978200,0.0000,1.0
2001-04-19,54.45,57.5,54.26,57.07,26.691195335417802,2309800,0.0000,1.0
2001-04-20,56.75,58.25,56.4,58.23,27.23371831752897,1781700,0.0000,1.0
2001-04-23,57.9,57.9,55.76,56.25,26.307687710132317,951100,0.0000,1.0
2001-04-24,55.27,56.71,55.15,56.44,26.396549233064317,1598700,0.0000,1.0
2001-04-25,56.25,57.1,55.87,56.92,26.621041501524115,1198400,0.0000,1.0
2001-04-26,56.7,57.25,56.56,56.6,26.471379989217585,500800,0.0000,1.0
2001-04-27,56.9,57.6,56.81,57.19,26.74731840253275,749000,0.0000,1.0
2001-04-30,57.44,57.8,57.06,57.45,26.868918381281805,1041500,0.0000,1.0
2001-05-01,57.2,58.0,57.11,57.9,27.079379882962865,1309700,0.0000,1.0
2001-05-02,57.75,58.34,57.6,58.18,27.21033370623108,1131100,0.0000,1.0
2001-05-03,57.75,58.17,57.65,58.07,27.158887561375707,1003300,0.0000,1.0
2001-05-04,57.9,58.35,57.72,58.08,27.163564483635287,1597000,0.0000,1.0
2001-05-07,57.0,57.95,57.0,57.9,27.079379882962865,1756700,0.0000,1.0
2001-05-08,57.7,57.83,57.26,57.65,26.962456826473385,1509400,0.0000,1.0
2001-05-09,57.6,57.79,57.28,57.63,26.95310298195423,1239600,0.0000,1.0
2001-05-10,57.88,57.96,57.45,57.7,26.985841437771285,771400,0.0000,1.0
2001-05-11,57.95,58.08,57.4,57.99,27.121472183299076,1225500,0.0000,1.0
2001-05-14,57.75,57.98,57.21,57.6,26.939072215175493,680600,0.0000,1.0
2001-05-15,57.35,57.79,57.35,57.7,26.985841437771285,727600,0.0000,1.0
2001-05-16,57.55,58.23,57.45,58.07,27.158887561375707,1120500,0.0000,1.0
2001-05-17,58.5,59.82,58.3,59.63,27.888487433870047,3129000,0.0000,1.0
2001-05-18,59.2,59.89,59.2,59.85,27.991379723580785,1605300,0.0000,1.0
2001-05-21,59.8,60.0,59.75,59.91,28.019441257138258,1399600,0.0000,1.0
2001-05-22,59.95,59.95,59.6,59.76,27.94928742324457,1381700,0.0000,1.0
2001-05-23,59.72,59.75,58.85,59.23,27.70141054348688,1441300,0.0000,1.0
2001-05-24,58.63,59.34,58.63,59.2,27.687379776708145,909400,0.0000,1.0
2001-05-25,58.9,58.99,58.58,58.83,27.60319517603572,674100,0.1900,1.0
2001-05-29,58.65,58.92,58.38,58.8,27.58911909486487,533000,0.0000,1.0
2001-05-30,58.8,58.8,58.09,58.8,27.58911909486487,1118600,0.0000,1.0
2001-05-31,58.52,59.45,58.42,59.45,27.89410085356661,1716100,0.0000,1.0
2001-06-01,59.0,59.2,58.2,58.55,27.471818418441124,861400,0.0000,1.0
2001-06-04,58.1,58.44,57.89,58.3,27.35451774201738,832200,0.0000,1.0
2001-06-05,58.3,58.38,57.95,58.29,27.34982571496043,855800,0.0000,1.0
2001-06-06,58.8,58.8,58.0,58.07,27.246601119707535,563500,0.0000,1.0
2001-06-07,58.0,58.5,58.0,58.43,27.41551409375773,699100,0.0000,1.0
2001-06-08,58.23,58.25,58.0,58.09,27.255985173821436,438000,0.0000,1.0
2001-06-11,58.0,58.0,57.51,57.62,27.035459902144794,699900,0.0000,1.0
2001-06-12,57.4,57.67,57.07,57.66,27.05422801037259,810900,0.0000,1.0
2001-06-13,57.45,57.6,57.11,57.24,26.857162873980702,852000,0.0000,1.0
2001-06-14,56.85,57.25,56.76,56.78,26.64132962936101,817800,0.0000,1.0
2001-06-15,56.43,56.78,56.22,56.7,26.60379341290541,880600,0.0000,1.0
2001-06-18,56.25,56.97,56.15,56.55,26.533413007051163,1017100,0.0000,1.0
2001-06-19,56.55,56.63,55.68,55.98,26.265967464805023,977000,0.0000,1.0
2001-06-20,55.48,56.33,55.18,56.33,26.430188411798266,1389500,0.0000,1.0
2001-06-21,56.2,57.49,55.9,57.29,26.88062300926545,1093100,0.0000,1.0
2001-06-22,57.04,57.4,56.76,56.98,26.735170170500005,1044600,0.0000,1.0
2001-06-25,56.5,56.5,55.8,56.03,26.289427600089773,913800,0.0000,1.0
2001-06-26,55.68,56.19,55.46,55.8,26.181510977779926,882000,0.0000,1.0
2001-06-27,55.65,56.47,55.6,56.24,26.38796016828572,1098100,0.0000,1.0
2001-06-28,56.0,57.7,55.97,57.1,26.791474495183405,1887400,0.0000,1.0
2001-06-29,57.35,58.2,57.06,57.8,27.119916389169887,2619300,0.0000,1.0
2001-07-02,57.8,58.44,57.14,58.11,27.265369227935334,1271100,0.0000,1.0
2001-07-03,58.05,58.59,58.0,58.56,27.476510445498075,709300,0.0000,1.0
2001-07-05,58.48,58.75,58.26,58.56,27.476510445498075,940600,0.0000,1.0
2001-07-06,58.41,58.42,57.6,57.73,27.08707219977124,597400,0.0000,1.0
2001-07-09,57.97,58.0,57.81,57.9,27.16683665973939,510500,0.0000,1.0
2001-07-10,58.0,58.15,57.41,57.59,27.021383820973945,503800,0.0000,1.0
2001-07-11,57.44,57.6,56.8,57.47,26.965079496290546,853600,0.0000,1.0
2001-07-12,57.47,57.94,57.42,57.8,27.119916389169887,632200,0.0000,1.0
2001-07-13,57.8,58.5,57.4,58.34,27.373285850245182,935200,0.0000,1.0
2001-07-16,58.59,58.59,58.19,58.2,27.307597471447885,808900,0.0000,1.0
2001-07-17,58.1,58.38,57.82,58.28,27.34513368790348,705700,0.0000,1.0
2001-07-18,57.9,58.4,57.65,58.03,27.227833011479735,768500,0.0000,1.0
2001-07-19,58.04,58.28,57.3,58.19,27.30290544439093,1016700,0.0000,1.0
2001-07-20,57.62,57.97,57.46,57.6,27.026075848030896,787900,0.0000,1.0
2001-07-23,57.7,57.75,56.84,56.97,26.730478143443055,638100,0.0000,1.0
2001-07-24,57.2,57.2,56.26,56.65,26.58033327762066,944500,0.0000,1.0
2001-07-25,56.6,57.0,56.2,57.0,26.744554224613907,782300,0.0000,1.0
2001-07-26,56.7,56.95,56.7,56.95,26.721094089329156,575400,0.0000,1.0
2001-07-27,56.87,56.98,56.4,56.4,26.463032601196915,581300,0.0000,1.0
2001-07-30,56.5,56.83,56.45,56.63,26.570949223506762,360300,0.0000,1.0
2001-07-31,56.63,56.83,56.36,56.83,26.664789764645757,660600,0.0000,1.0
2001-08-01,57.0,57.08,56.44,56.95,26.721094089329156,830400,0.0000,1.0
2001-08-02,56.78,56.78,56.16,56.65,26.58033327762066,554100,0.0000,1.0
2001-08-03,56.7,56.7,56.26,56.42,26.472416655310816,439400,0.0000,1.0
2001-08-06,56.3,56.48,56.25,56.34,26.43488043885522,473500,0.0000,1.0
2001-08-07,56.09,56.48,55.8,56.12,26.33165584360232,587900,0.0000,1.0
2001-08-08,55.95,56.25,55.95,56.05,26.29881165420367,607900,0.0000,1.0
2001-08-09,56.05,56.06,55.81,55.84,26.20027908600773,439900,0.0000,1.0
2001-08-10,55.8,56.14,55.75,56.08,26.312887735374524,607500,0.0000,1.0
2001-08-13,56.1,56.25,55.97,55.97,26.261275437748075,613900,0.0000,1.0
2001-08-14,56.1,56.2,55.7,55.93,26.242507329520276,609100,0.0000,1.0
2001-08-15,55.98,56.0,55.68,55.84,26.20027908600773,404300,0.0000,1.0
2001-08-16,55.55,55.87,55.5,55.75,26.15805084249518,474700,0.0000,1.0
2001-08-17,55.75,55.75,55.51,55.7,26.13459070721043,525200,0.0000,1.0
2001-08-20,55.8,55.85,55.5,55.51,26.045442193128384,505100,0.0000,1.0
2001-08-21,55.65,55.9,55.1,55.34,25.965677733160238,650900,0.0000,1.0
2001-08-22,55.3,55.44,55.15,55.4,25.993829895501936,764800,0.0000,1.0
2001-08-23,55.4,55.75,55.36,55.53,26.054826247242286,778500,0.0000,1.0
2001-08-24,55.6,55.99,55.34,55.99,26.35980800594402,903000,0.1900,1.0
2001-08-27,56.0,56.0,55.38,55.5,26.12911849133583,575800,0.0000,1.0
2001-08-28,55.4,55.64,55.17,55.39,26.077331049280932,897600,0.0000,1.0
2001-08-29,55.5,55.52,55.05,55.48,26.119702592780392,914900,0.0000,1.0
2001-08-30,55.26,55.26,54.4,54.83,25.813685889728713,1508900,0.0000,1.0
2001-08-31,54.83,55.23,54.63,55.23,26.002003860837437,1157100,0.0000,1.0
2001-09-04,55.0,55.5,54.55,55.36,26.063207201447778,930500,0.0000,1.0
2001-09-05,55.28,55.44,55.02,55.34,26.053791302892343,614200,0.0000,1.0
2001-09-06,54.85,55.23,54.57,54.85,25.823101788284152,835400,0.0000,1.0
2001-09-07,54.65,54.69,53.62,53.72,25.291103519901995,1041500,0.0000,1.0
2001-09-10,53.6,53.72,52.94,53.1,24.99921066468347,1365300,0.0000,1.0
2001-09-17,51.9,52.0,49.9,50.37,23.713940511866408,3918900,0.0000,1.0
2001-09-18,51.75,51.75,50.01,50.15,23.61036562775661,2782500,0.0000,1.0
2001-09-19,50.23,50.23,47.87,47.95,22.574616786658616,3853700,0.0000,1.0
2001-09-20,50.19,50.19,46.15,49.55,23.32788867109352,3905400,0.0000,1.0
2001-09-21,50.0,50.0,48.1,49.7,23.398507910259294,2532400,0.0000,1.0
2001-09-24,50.66,50.66,49.6,49.82,23.455003301591912,1702600,0.0000,1.0
2001-09-25,49.82,51.3,49.25,51.3,24.1517797946942,1895900,0.0000,1.0
2001-09-26,50.98,50.98,49.22,49.45,23.28080917831634,2246900,0.0000,1.0
2001-09-27,49.3,49.75,48.66,49.72,23.40792380881473,1644800,0.0000,1.0
2001-09-28,49.25,52.05,48.42,51.98,24.471920345579033,2781500,0.0000,1.0
2001-10-01,51.25,51.26,50.14,50.64,23.8410551423648,1854700,0.0000,1.0
2001-10-02,50.48,50.52,49.92,50.1,23.58682588136802,1319700,0.0000,1.0
2001-10-03,51.24,51.24,49.85,51.1,24.057620809139838,1626400,0.0000,1.0
2001-10-04,52.29,52.29,51.05,52.0,24.48133624413447,1407700,0.0000,1.0
2001-10-05,52.28,52.28,51.35,52.28,24.61315882391058,925300,0.0000,1.0
2001-10-08,52.19,52.19,51.22,51.43,24.212983135304537,1108800,0.0000,1.0
2001-10-09,51.68,51.68,50.65,50.95,23.987001569974066,494800,0.0000,1.0
2001-10-10,51.25,51.8,50.93,51.8,24.387177258580106,615900,0.0000,1.0
2001-10-11,51.97,52.83,51.85,52.79,24.853264237074207,1444900,0.0000,1.0
2001-10-12,51.9,52.31,50.05,50.95,23.987001569974066,1611700,0.0000,1.0
2001-10-15,50.55,50.95,50.28,50.88,23.954045925030037,575100,0.0000,1.0
2001-10-16,51.05,51.49,50.76,50.85,23.939922077196883,704900,0.0000,1.0
2001-10-17,51.0,51.23,50.25,50.77,23.90225848297514,1278500,0.0000,1.0
2001-10-18,50.47,51.0,49.9,50.51,23.779851801754464,1181900,0.0000,1.0
2001-10-19,50.1,51.0,49.8,50.75,23.8928425844197,1039500,0.0000,1.0
2001-10-22,50.7,51.09,50.39,50.83,23.930506178641444,992300,0.0000,1.0
2001-10-23,50.8,51.85,50.76,51.23,24.11882414975017,1372200,0.0000,1.0
2001-10-24,51.55,51.55,50.75,50.91,23.96816977286319,865600,0.0000,1.0
2001-10-25,50.72,50.8,49.95,50.64,23.8410551423648,1197600,0.0000,1.0
2001-10-26,50.57,50.98,50.3,50.8,23.91638233080829,1074200,0.0000,1.0
2001-10-29,51.4,51.75,50.5,50.84,23.935214127919167,1869100,0.0000,1.0
2001-10-30,50.96,50.96,49.85,50.18,23.624489475589765,1032700,0.0000,1.0
2001-10-31,50.19,51.0,49.95,51.0,24.010541316362655,1543300,0.0000,1.0
2001-11-01,50.9,51.2,50.16,51.0,24.010541316362655,1422100,0.0000,1.0
2001-11-02,50.95,51.34,50.61,51.32,24.16119569324964,942600,0.0000,1.0
2001-11-05,51.6,51.74,51.35,51.68,24.330681867247492,1409100,0.0000,1.0
2001-11-06,51.5,52.6,51.46,52.55,24.74027345440897,1651700,0.0000,1.0
2001-11-07,53.19,53.19,52.29,52.98,24.94271527335085,1653700,0.0000,1.0
2001-11-08,52.87,53.55,52.76,53.18,25.036874258905215,1673400,0.0000,1.0
2001-11-09,52.87,53.59,52.87,53.41,25.14515709229273,1152300,0.0000,1.0
2001-11-12,53.3,53.31,52.55,53.14,25.018042461794344,717000,0.0000,1.0
2001-11-13,53.7,54.29,53.38,54.24,25.535916882343344,1143000,0.0000,1.0
2001-11-14,54.6,54.74,53.9,54.23,25.53120893306562,1797300,0.0000,1.0
2001-11-15,54.23,54.71,54.17,54.48,25.648907665008576,1448500,0.0000,1.0
2001-11-16,54.47,54.48,53.95,54.37,25.597120222953677,972800,0.0000,1.0
2001-11-19,54.4,54.8,54.25,54.59,25.700695107063478,680800,0.0000,1.0
2001-11-20,54.59,54.87,54.25,54.51,25.66303151284173,892000,0.0000,1.0
2001-11-21,54.44,54.44,53.6,54.4,25.61124407078683,1206700,0.0000,1.0
2001-11-23,54.8,54.8,54.18,54.8,25.889013078172205,528500,0.1900,1.0
2001-11-26,54.75,54.9,54.25,54.9,25.93625580276741,917500,0.0000,1.0
2001-11-27,54.9,55.19,54.55,55.0,25.983498527362617,1305100,0.0000,1.0
2001-11-28,55.38,55.38,55.0,55.18,26.068535431633983,1591900,0.0000,1.0
2001-11-29,55.18,55.3,54.95,55.3,26.12522670114823,1268500,0.0000,1.0
2001-11-30,55.3,56.22,55.12,56.22,26.55985976742411,2367200,0.0000,1.0
2001-12-03,56.14,56.14,55.79,55.9,26.408683048719457,1168100,0.0000,1.0
2001-12-04,55.91,56.05,55.45,56.0,26.45592577331466,1709800,0.0000,1.0
2001-12-05,56.0,56.89,55.93,56.79,26.82914329761678,1906600,0.0000,1.0
2001-12-06,57.0,57.0,56.27,56.98,26.918904474347666,1365300,0.0000,1.0
2001-12-07,57.15,57.15,56.66,57.13,26.989768561240478,1468600,0.0000,1.0
2001-12-10,57.12,57.12,55.97,56.23,26.56458403988363,1158900,0.0000,1.0
2001-12-11,56.23,56.47,55.87,56.18,26.54096267758603,998800,0.0000,1.0
2001-12-12,56.1,56.1,55.13,55.58,26.257506330014802,1039900,0.0000,1.0
2001-12-13,55.4,55.41,54.8,54.99,25.978774254903094,977600,0.0000,1.0
2001-12-14,54.8,55.18,54.65,55.09,26.0260169794983,1048200,0.0000,1.0
2001-12-17,55.09,55.45,54.9,55.3,26.12522670114823,1078000,0.0000,1.0
2001-12-18,55.3,56.59,55.3,56.39,26.64017239923596,1773200,0.0000,1.0
2001-12-19,55.95,56.3,55.36,55.36,26.153572335905352,1397600,0.0000,1.0
2001-12-20,55.11,55.99,55.09,55.27,26.11105388376967,1588400,0.0000,1.0
2001-12-21,55.45,55.5,54.98,55.22,26.087432521472063,1364000,0.0000,1.0
2001-12-24,55.05,55.65,55.05,55.3,26.12522670114823,525100,0.0000,1.0
2001-12-26,55.15,55.55,55.15,55.39,26.167745153283914,800800,0.0000,1.0
2001-12-27,55.2,55.42,55.03,55.18,26.068535431633983,711300,0.0000,1.0
2001-12-28,55.03,55.16,54.9,55.05,26.007119889660217,813800,0.0000,1.0
2001-12-31,54.9,54.96,54.5,54.5,25.747284904386593,1198500,0.0000,1.0
2002-01-02,54.55,54.71,54.25,54.46,25.72838781454851,1004500,0.0000,1.0
2002-01-03,55.46,55.46,54.5,55.46,26.200815060500556,2075900,0.0000,1.0
2002-01-04,56.99,56.99,55.63,56.65,26.763003483183493,2813900,0.0000,1.0
2002-01-07,56.85,57.15,56.67,57.11,26.980320016321436,1812000,0.0000,1.0
2002-01-08,57.02,57.22,56.52,57.22,27.03228701337616,1622900,0.0000,1.0
2002-01-09,57.22,57.22,56.61,56.81,26.838591842535823,1871700,0.0000,1.0
2002-01-10,56.81,57.0,56.32,56.85,26.857488932373904,1301400,0.0000,1.0
2002-01-11,56.49,56.64,56.0,56.52,26.701587941209727,1754500,0.0000,1.0
2002-01-14,56.42,56.43,55.82,56.03,26.470098590693226,1048800,0.0000,1.0
2002-01-15,56.04,56.43,55.58,56.0,26.45592577331466,1160200,0.0000,1.0
2002-01-16,56.0,56.4,55.75,56.0,26.45592577331466,1123600,0.0000,1.0
2002-01-17,56.2,56.5,56.03,56.48,26.682690851371643,951800,0.0000,1.0
2002-01-18,56.22,56.82,56.16,56.52,26.701587941209727,1165300,0.0000,1.0
2002-01-22,56.45,56.69,55.93,56.06,26.484271408071788,908600,0.0000,1.0
2002-01-23,56.8,56.8,55.94,56.77,26.81969475269774,1517800,0.0000,1.0
2002-01-24,56.77,56.97,56.46,56.6,26.739382120885892,1105600,0.0000,1.0
2002-01-25,56.61,57.05,56.06,57.03,26.942525836645274,1183400,0.0000,1.0
2002-01-28,57.03,57.3,56.65,57.1,26.975595743861916,961100,0.0000,1.0
2002-01-29,56.65,56.8,55.0,56.4,26.64489667169548,2666400,0.0000,1.0
2002-01-30,56.5,57.25,56.0,56.93,26.895283112050066,1627700,0.0000,1.0
2002-01-31,56.75,57.5,56.41,57.48,27.15511809732369,1562800,0.0000,1.0
2002-02-01,57.48,57.48,56.5,56.79,26.82914329761678,1545100,0.0000,1.0
2002-02-04,56.33,56.79,56.06,56.56,26.72048503104781,1038000,0.0000,1.0
2002-02-05,56.2,56.95,56.2,56.9,26.881110294671505,1402900,0.0000,1.0
2002-02-06,56.9,56.9,56.1,56.16,26.531514132666988,788400,0.0000,1.0
2002-02-07,55.8,55.98,55.53,55.63,26.281127692312406,1085800,0.0000,1.0
2002-02-08,55.64,56.35,55.57,56.35,26.62127530939788,1068600,0.0000,1.0
2002-02-11,56.35,56.86,56.3,56.78,26.824419025157262,1387900,0.0000,1.0
2002-02-12,56.78,56.83,56.53,56.7,26.786624845481096,1176200,0.0000,1.0
2002-02-13,56.6,56.94,56.54,56.68,26.777176300562054,1112800,0.0000,1.0
2002-02-14,56.65,56.95,56.32,56.95,26.90473165696911,1234600,0.0000,1.0
2002-02-15,57.1,57.1,56.67,57.0,26.92835301926671,1566800,0.0000,1.0
2002-02-19,56.75,56.77,56.51,56.72,26.796073390400135,1050200,0.0000,1.0
2002-02-20,57.0,57.0,56.62,56.84,26.852764659914385,1225000,0.0000,1.0
2002-02-21,56.9,57.0,56.74,56.8,26.8338675700763,967000,0.0000,1.0
2002-02-22,56.55,56.99,56.33,56.8,26.8338675700763,1103100,0.0000,1.0
2002-02-25,56.75,57.25,56.69,57.1,27.0653569205928,1737300,0.1900,1.0
2002-02-26,57.43,58.43,57.17,58.31,27.638896007701685,4481800,0.0000,1.0
2002-02-27,58.45,59.2,58.25,59.2,28.06075533623632,3972500,0.0000,1.0
2002-02-28,59.05,59.2,58.57,58.94,27.93751553239474,1780200,0.0000,1.0
2002-03-01,59.0,59.01,58.76,59.0,27.965955487127413,1927600,0.0000,1.0
2002-03-04,59.45,59.99,59.0,59.99,28.4352147402165,2832000,0.0000,1.0
2002-03-05,59.74,59.85,59.26,59.26,28.08919529096899,2428200,0.0000,1.0
2002-03-06,59.5,59.91,59.38,59.38,28.146075200434336,1713800,0.0000,1.0
2002-03-07,60.0,60.17,59.79,60.0,28.439954732671946,3593500,0.0000,1.0
2002-03-08,60.2,61.24,60.17,61.0,28.913953978216476,3364500,0.0000,1.0
2002-03-11,61.0,61.0,60.06,60.08,28.477874672315508,1188100,0.0000,1.0
2002-03-12,60.35,60.35,59.9,60.08,28.477874672315508,1503500,0.0000,1.0
2002-03-13,60.0,60.01,59.6,59.93,28.406774785483826,1317500,0.0000,1.0
2002-03-14,60.1,60.1,59.8,59.92,28.40203479302838,942800,0.0000,1.0
2002-03-15,60.4,60.44,59.85,60.33,28.59637448370164,1819300,0.0000,1.0
2002-03-18,60.53,60.7,60.31,60.58,28.71487429508777,1280200,0.0000,1.0
2002-03-19,60.78,60.79,60.22,60.45,28.653254393166986,1169300,0.0000,1.0
2002-03-20,60.5,60.66,60.21,60.46,28.65799438562243,1708800,0.0000,1.0
2002-03-21,60.55,60.55,59.81,60.25,28.558454544058076,1629000,0.0000,1.0
2002-03-22,60.1,60.84,59.9,60.7,28.77175420455312,1522400,0.0000,1.0
2002-03-25,60.58,61.0,60.52,60.64,28.743314249820447,2131600,0.0000,1.0
2002-03-26,60.44,60.74,60.06,60.22,28.544234566691742,1751000,0.0000,1.0
2002-03-27,60.25,60.63,60.07,60.53,28.691174332810547,1131500,0.0000,1.0
2002-03-28,60.78,60.95,60.65,60.8,28.81915412910757,1259600,0.0000,1.0
2002-04-01,60.55,60.55,60.07,60.55,28.700654317721437,1269600,0.0000,1.0
2002-04-02,60.3,60.31,59.76,59.8,28.345154883563037,1484200,0.0000,1.0
2002-04-03,59.8,59.8,59.28,59.7,28.297754959008586,1974600,0.0000,1.0
2002-04-04,59.7,60.5,59.52,60.39,28.624814438434314,1996400,0.0000,1.0
2002-04-05,60.5,60.81,60.4,60.7,28.77175420455312,1500300,0.0000,1.0
2002-04-08,60.5,60.5,60.02,60.31,28.586894498790752,1239900,0.0000,1.0
2002-04-09,60.49,60.65,60.15,60.58,28.71487429508777,980500,0.0000,1.0
2002-04-10,60.83,60.98,60.43,60.81,28.82389412156302,1523300,0.0000,1.0
2002-04-11,60.65,60.75,60.16,60.38,28.62007444597887,942400,0.0000,1.0
2002-04-12,60.54,60.96,60.42,60.71,28.776494197008564,1804900,0.0000,1.0
2002-04-15,60.35,60.56,60.1,60.35,28.60585446861253,788300,0.0000,1.0
2002-04-16,60.4,61.0,60.37,60.95,28.890254015939252,1523900,0.0000,1.0
2002-04-17,60.98,61.15,60.63,60.9,28.866554053662025,1304500,0.0000,1.0
2002-04-18,61.0,61.47,60.75,61.02,28.92343396312737,1960100,0.0000,1.0
2002-04-19,61.0,61.55,60.92,61.44,29.12251364625607,1344300,0.0000,1.0
2002-04-22,61.04,61.24,60.8,60.89,28.86181406120658,958600,0.0000,1.0
2002-04-23,60.9,60.98,60.34,60.41,28.634294423345203,1276400,0.0000,1.0
2002-04-24,60.7,60.73,59.76,59.93,28.406774785483826,1193300,0.0000,1.0
2002-04-25,59.93,60.31,59.85,60.22,28.544234566691742,1169600,0.0000,1.0
2002-04-26,60.36,60.58,60.15,60.41,28.634294423345203,1000100,0.0000,1.0
2002-04-29,60.8,60.8,59.55,59.73,28.31197493637492,2486700,0.0000,1.0
2002-04-30,59.87,60.04,59.41,60.04,28.458914702493725,1775900,0.0000,1.0
2002-05-01,60.04,60.11,59.48,59.85,28.368854845840264,1821700,0.0000,1.0
2002-05-02,59.6,59.99,59.6,59.93,28.406774785483826,947400,0.0000,1.0
2002-05-03,59.85,60.2,59.71,60.1,28.487354657226398,1147000,0.0000,1.0
2002-05-06,59.96,60.28,59.5,59.58,28.24087504954324,768300,0.0000,1.0
2002-05-07,59.75,59.77,58.97,59.05,27.989655449404637,1206500,0.0000,1.0
2002-05-08,59.07,59.68,59.07,59.68,28.288274974097693,1035400,0.0000,1.0
2002-05-09,59.27,59.55,58.37,58.42,27.691035924711585,2978700,0.0000,1.0
2002-05-10,58.43,58.93,58.43,58.74,27.842715683285835,1272200,0.0000,1.0
2002-05-13,58.7,59.08,58.7,58.99,27.96121549467197,763700,0.0000,1.0
2002-05-14,59.23,59.7,59.23,59.6,28.25035503445413,971500,0.0000,1.0
2002-05-15,59.55,59.7,59.22,59.7,28.297754959008586,1030400,0.0000,1.0
2002-05-16,59.64,59.72,59.33,59.58,28.24087504954324,582400,0.0000,1.0
2002-05-17,59.45,59.71,59.1,59.55,28.226655072176904,992200,0.0000,1.0
2002-05-20,59.35,59.52,58.8,58.94,27.93751553239474,966800,0.0000,1.0
2002-05-21,58.84,58.9,58.0,58.27,27.619936037879906,1269000,0.0000,1.0
2002-05-22,58.07,58.25,57.98,58.25,27.610456052969013,1162300,0.0000,1.0
2002-05-23,58.2,58.48,57.75,58.43,27.78583577382049,1022100,0.1900,1.0
2002-05-24,58.3,58.69,58.25,58.39,27.76681415083653,728100,0.0000,1.0
2002-05-28,58.55,58.55,58.02,58.3,27.724015499122615,1416700,0.0000,1.0
2002-05-29,58.3,58.9,58.07,58.67,27.899965511724254,1057000,0.0000,1.0
2002-05-30,58.7,59.05,58.7,59.0,28.05689390134193,1412000,0.0000,1.0
2002-05-31,60.0,60.38,59.7,60.38,28.71313989428857,3957300,0.0000,1.0
2002-06-03,60.38,61.51,60.36,61.47,29.2314791206015,4339000,0.0000,1.0
2002-06-04,61.37,61.45,60.89,61.25,29.126860194189714,2250700,0.0000,1.0
2002-06-05,61.45,61.48,61.07,61.35,29.174414251649615,1550200,0.0000,1.0
2002-06-06,61.4,61.63,61.15,61.41,29.202946686125554,1427000,0.0000,1.0
2002-06-07,61.15,61.43,61.0,61.37,29.183925063141594,1112200,0.0000,1.0
2002-06-10,61.28,62.77,61.27,62.38,29.664221043486602,3054600,0.0000,1.0
2002-06-11,62.25,62.86,62.25,62.65,29.792616998628336,2453800,0.0000,1.0
2002-06-12,62.55,62.62,61.88,62.28,29.6166669860267,1959200,0.0000,1.0
2002-06-13,62.15,62.9,62.15,62.77,29.84968186758022,2043300,0.0000,1.0
2002-06-14,62.1,62.42,61.72,61.87,29.4216953504411,1591900,0.0000,1.0
2002-06-17,61.8,62.4,61.77,62.22,29.58813455155076,1801800,0.0000,1.0
2002-06-18,61.89,62.94,61.79,62.57,29.754573752660416,1463100,0.0000,1.0
2002-06-19,62.51,63.0,62.45,62.6,29.768839969898387,1413200,0.0000,1.0
2002-06-20,62.55,62.63,62.12,62.33,29.64044401475665,1420800,0.0000,1.0
2002-06-21,62.2,62.49,61.7,61.88,29.426450756187094,1646400,0.0000,1.0
2002-06-24,61.4,62.13,61.4,61.79,29.38365210447318,1490100,0.0000,1.0
2002-06-25,60.95,61.5,59.7,60.21,28.632297996606738,5552600,0.0000,1.0
2002-06-26,59.95,60.75,59.7,60.2,28.62754259086075,2431600,0.0000,1.0
2002-06-27,60.29,60.74,59.99,60.49,28.765449357494465,2578800,0.0000,1.0
2002-06-28,60.59,61.75,60.45,61.75,29.364630481489222,5258400,0.0000,1.0
2002-07-01,61.5,61.61,61.11,61.23,29.117349382697732,1323800,0.0000,1.0
2002-07-02,61.05,61.47,60.61,60.85,28.936643964350107,2051000,0.0000,1.0
2002-07-03,60.6,61.13,60.33,60.68,28.855802066668275,1820900,0.0000,1.0
2002-07-05,61.15,61.19,61.0,61.19,29.098327759713772,815600,0.0000,1.0
2002-07-08,61.3,61.3,60.95,61.03,29.022241267777932,943300,0.0000,1.0
2002-07-09,60.78,61.15,60.68,60.74,28.884334501144217,1053000,0.0000,1.0
2002-07-10,60.74,63.66,60.74,63.25,30.077941343387746,10827900,0.0000,1.0
2002-07-11,62.6,62.88,61.9,62.5,29.721285912438486,6101500,0.0000,1.0
2002-07-12,61.55,62.43,61.05,61.26,29.131615599935703,5858300,0.0000,1.0
2002-07-15,60.75,61.38,59.7,60.5,28.770204763240454,6763200,0.0000,1.0
2002-07-16,60.2,61.05,60.15,60.2,28.62754259086075,7206500,0.0000,1.0
2002-07-17,60.3,61.1,60.3,60.8,28.912866935620155,6009800,0.0000,1.0
2002-07-18,60.95,62.69,60.9,62.05,29.507292653868927,10935700,0.0000,1.0
2002-07-19,62.06,67.0,61.35,67.0,31.861218498134054,94752600,0.0000,1.0
2002-07-22,65.0,66.5,63.05,63.11,30.011365662943884,31436300,0.0000,1.0
2002-07-23,62.4,63.0,59.81,60.3,28.675096648320647,20086100,0.0000,1.0
2002-07-24,60.1,61.97,58.8,61.84,29.407429133203134,13967000,0.0000,1.0
2002-07-25,61.83,62.35,60.4,62.21,29.58337914580477,7915000,0.0000,1.0
2002-07-26,62.21,62.93,61.71,62.91,29.916257548024078,4815800,0.0000,1.0
2002-07-29,63.3,64.75,63.26,64.5,30.672367061636514,5565300,0.0000,1.0
2002-07-30,64.5,64.91,63.8,64.5,30.672367061636514,4806400,0.0000,1.0
2002-07-31,64.05,65.37,63.92,65.34,31.07182114429969,4590200,0.0000,1.0
2002-08-01,65.04,65.05,63.75,64.12,30.491661643288893,5172700,0.0000,1.0
2002-08-02,64.12,64.12,61.95,62.8,29.863948084818187,4910800,0.0000,1.0
2002-08-05,62.8,62.8,61.04,61.27,29.136371005681696,3847300,0.0000,1.0
2002-08-06,61.95,63.49,61.8,62.7,29.81639402735829,3614500,0.0000,1.0
2002-08-07,63.15,63.25,61.76,63.12,30.016121068689873,3330900,0.0000,1.0
2002-08-08,63.12,64.4,62.57,64.25,30.553481917986762,3530400,0.0000,1.0
2002-08-09,64.0,64.9,63.76,64.65,30.743698147826372,4815500,0.0000,1.0
2002-08-12,64.1,64.15,63.1,63.76,30.320467036433243,3145300,0.0000,1.0
2002-08-13,63.25,64.63,63.25,63.51,30.20158189278349,3205000,0.0000,1.0
2002-08-14,63.51,64.91,63.11,64.9,30.862583291476124,3844800,0.0000,1.0
2002-08-15,64.98,65.59,64.85,65.49,31.143152230489537,3737000,0.0000,1.0
2002-08-16,65.4,66.62,65.12,66.09,31.42847657524895,4459800,0.0000,1.0
2002-08-19,65.9,67.1,65.75,66.85,31.7898874119442,3839700,0.0000,1.0
2002-08-20,66.65,66.85,65.7,65.9,31.33812386607514,2798400,0.0000,1.0
2002-08-21,65.8,66.25,65.29,66.09,31.42847657524895,3167400,0.0000,1.0
2002-08-22,65.55,66.1,65.37,66.01,31.480786038454845,2418100,0.1900,1.0
2002-08-23,65.8,65.97,65.11,65.28,31.132642214669477,2338800,0.0000,1.0
2002-08-26,64.8,65.0,64.06,64.71,30.860803886508297,3749400,0.0000,1.0
2002-08-27,65.0,65.23,64.53,64.85,30.927571195179464,2526500,0.0000,1.0
2002-08-28,64.85,64.85,63.97,64.45,30.736807456118992,2864700,0.0000,1.0
2002-08-29,64.0,64.49,63.36,63.85,30.45066184752828,3504800,0.0000,1.0
2002-08-30,63.95,64.69,63.6,63.91,30.47927640838735,2422100,0.0000,1.0
2002-09-03,63.33,63.6,62.31,62.55,29.830679695581733,3238200,0.0000,1.0
2002-09-04,62.4,63.6,62.11,63.55,30.30758904323292,2759400,0.0000,1.0
2002-09-05,63.3,63.65,62.5,62.81,29.954676125971044,2648200,0.0000,1.0
2002-09-06,63.3,64.0,63.25,63.98,30.512660062722933,2177000,0.0000,1.0
2002-09-09,63.98,63.98,62.6,63.4,30.236052641085244,3207000,0.0000,1.0
2002-09-10,63.4,63.8,63.05,63.39,30.231283547608733,2024700,0.0000,1.0
2002-09-11,63.85,63.96,63.02,63.02,30.054827088977795,1532900,0.0000,1.0
2002-09-12,62.8,62.8,61.65,61.97,29.554072273944048,3273500,0.0000,1.0
2002-09-13,61.5,62.09,61.13,61.95,29.544534086991025,2534400,0.0000,1.0
2002-09-16,61.9,62.44,61.25,62.17,29.649454143474287,1790300,0.0000,1.0
2002-09-17,62.8,63.24,62.16,62.39,29.754374199957546,2877100,0.0000,1.0
2002-09-18,62.05,62.49,61.67,61.85,29.496843152225907,2187800,0.0000,1.0
2002-09-19,61.86,63.75,61.86,62.65,29.878370630346854,4847200,0.0000,1.0
2002-09-20,62.65,63.0,62.02,62.8,29.94990703249453,3939200,0.0000,1.0
2002-09-23,62.4,62.5,61.88,62.33,29.725759639098474,2032700,0.0000,1.0
2002-09-24,61.95,62.14,61.1,61.75,29.449152217460785,3104300,0.0000,1.0
2002-09-25,61.86,62.47,61.5,62.22,29.673299610856844,3290200,0.0000,1.0
2002-09-26,62.4,63.6,62.08,63.6,30.331434510615484,3507600,0.0000,1.0
2002-09-27,63.25,63.7,62.5,62.67,29.887908817299877,2727200,0.0000,1.0
2002-09-30,62.5,62.84,61.5,62.53,29.821141508628713,4126900,0.0000,1.0
2002-10-01,62.9,64.25,61.95,64.2,30.617580119206195,4389400,0.0000,1.0
2002-10-02,64.2,64.35,63.3,63.39,30.231283547608733,4452600,0.0000,1.0
2002-10-03,63.8,64.5,63.53,64.0,30.522198249675956,3921500,0.0000,1.0
2002-10-04,64.01,64.01,61.3,61.6,29.37761581531311,8739300,0.0000,1.0
2002-10-07,59.55,60.23,59.25,59.35,28.30456978309794,7251700,0.0000,1.0
2002-10-08,59.45,60.7,59.02,60.25,28.733788195984005,4149600,0.0000,1.0
2002-10-09,60.1,60.7,59.2,60.18,28.70040454164842,4347000,0.0000,1.0
2002-10-10,59.25,61.3,58.5,61.06,29.120084767581467,5168900,0.0000,1.0
2002-10-11,61.07,62.15,60.95,61.83,29.48730496527288,3690100,0.0000,1.0
2002-10-14,61.47,62.15,61.35,61.93,29.534995900038,1961500,0.0000,1.0
2002-10-15,63.1,63.75,63.01,63.67,30.364818164951064,3852200,0.0000,1.0
2002-10-16,63.25,63.68,62.8,63.43,30.25035992151478,2868300,0.0000,1.0
2002-10-17,63.44,63.52,62.8,63.41,30.240821734561756,3194100,0.0000,1.0
2002-10-18,63.0,63.28,62.79,63.1,30.09297983678989,2486600,0.0000,1.0
2002-10-21,62.85,64.25,62.46,64.18,30.608041932253172,3218600,0.0000,1.0
2002-10-22,64.18,64.18,61.55,62.26,29.69237598476289,6298900,0.0000,1.0
2002-10-23,61.5,62.51,61.11,62.5,29.806834228199175,3920600,0.0000,1.0
2002-10-24,63.0,63.29,62.3,62.5,29.806834228199175,2994000,0.0000,1.0
2002-10-25,62.08,62.7,61.77,62.69,29.8974470042529,2057300,0.0000,1.0
2002-10-28,62.69,62.75,61.07,61.23,29.20115935668217,2301300,0.0000,1.0
2002-10-29,61.0,61.3,59.5,60.28,28.748095476413543,4506500,0.0000,1.0
2002-10-30,60.42,61.28,60.12,60.53,28.86732281332634,2824700,0.0000,1.0
2002-10-31,60.53,61.1,59.7,60.01,28.61932995254772,2750900,0.0000,1.0
2002-11-01,60.0,61.28,59.6,60.94,29.062855645863323,2437700,0.0000,1.0
2002-11-04,61.93,63.02,61.35,61.73,29.439614030507762,4279300,0.0000,1.0
2002-11-05,61.98,62.37,61.57,61.85,29.496843152225907,1499300,0.0000,1.0
2002-11-06,62.4,63.08,61.86,62.93,30.011905247689185,3365500,0.0000,1.0
2002-11-07,62.75,62.76,61.5,61.61,29.38238490878962,2570100,0.0000,1.0
2002-11-08,61.65,62.92,61.65,62.34,29.73052873257499,2655800,0.0000,1.0
2002-11-11,62.3,63.05,61.85,62.48,29.797296041246152,2709800,0.0000,1.0
2002-11-12,62.49,63.1,61.75,62.02,29.57791774132661,2762300,0.0000,1.0
2002-11-13,62.1,62.66,61.51,62.4,29.759143293434057,2177800,0.0000,1.0
2002-11-14,62.53,63.2,62.5,63.04,30.064365275930818,2275900,0.0000,1.0
2002-11-15,62.63,63.23,62.51,63.23,30.154978051984543,2165600,0.0000,1.0
2002-11-18,63.15,63.49,62.58,62.62,29.864063349917316,1761900,0.0000,1.0
2002-11-19,62.62,62.75,62.0,62.28,29.701914171715917,1657300,0.0000,1.0
2002-11-20,62.65,63.22,62.34,63.13,30.107287117219425,1826000,0.0000,1.0
2002-11-21,63.2,63.95,63.0,63.95,30.588965558347123,3312800,0.1900,1.0
2002-11-22,63.9,63.9,63.09,63.5,30.37371873268244,2393500,0.0000,1.0
2002-11-25,63.5,63.75,62.61,62.8,30.03889033720405,1923000,0.0000,1.0
2002-11-26,62.72,62.82,61.89,62.1,29.704061941725666,3539400,0.0000,1.0
2002-11-27,62.35,63.61,62.32,63.5,30.37371873268244,2702600,0.0000,1.0
2002-11-29,63.75,63.8,63.21,63.36,30.306753053586764,1399300,0.0000,1.0
2002-12-02,63.75,64.1,63.57,63.97,30.598532083932216,2668800,0.0000,1.0
2002-12-03,63.95,63.96,63.35,63.8,30.517216616458892,2874100,0.0000,1.0
2002-12-04,63.8,64.05,63.6,63.91,30.569832507176926,2125100,0.0000,1.0
2002-12-05,64.1,64.48,63.47,63.75,30.493300302496152,2231700,0.0000,1.0
2002-12-06,63.4,64.08,63.26,64.08,30.65114797465025,1627700,0.0000,1.0
2002-12-09,64.04,64.05,63.62,63.8,30.517216616458892,1770900,0.0000,1.0
2002-12-10,63.95,63.99,63.2,63.5,30.37371873268244,1829800,0.0000,1.0
2002-12-11,63.25,63.81,63.05,63.74,30.488517039703606,2001900,0.0000,1.0
2002-12-12,63.5,63.64,63.26,63.6,30.42155136060793,2469100,0.0000,1.0
2002-12-13,63.35,64.12,63.3,63.55,30.397635046645185,2407500,0.0000,1.0
2002-12-16,63.75,64.41,63.52,64.28,30.74681323050122,2374300,0.0000,1.0
2002-12-17,64.05,64.2,63.66,63.9,30.56504924438438,2297400,0.0000,1.0
2002-12-18,63.65,64.0,63.51,63.94,30.584182295554573,2674300,0.0000,1.0
2002-12-19,63.87,64.18,63.54,63.63,30.43590114898557,2639700,0.0000,1.0
2002-12-20,63.52,64.09,63.4,63.78,30.5076500908738,3749100,0.0000,1.0
2002-12-23,63.78,63.95,63.61,63.88,30.555482718799283,1525700,0.0000,1.0
2002-12-24,63.92,63.94,63.56,63.65,30.44546767457067,687000,0.0000,1.0
2002-12-26,63.72,64.0,63.23,63.56,30.402418309437735,1236500,0.0000,1.0
2002-12-27,63.56,63.61,63.0,63.01,30.13933885584757,1387500,0.0000,1.0
2002-12-30,63.12,63.38,62.75,63.38,30.316319579171864,1358300,0.0000,1.0
2002-12-31,63.38,63.4,62.74,63.08,30.17282169539541,1800500,0.0000,1.0
2003-01-02,63.5,64.0,63.24,63.99,30.608098609517317,2805000,0.0000,1.0
2003-01-03,63.75,63.96,63.58,63.82,30.526783142043993,1935500,0.0000,1.0
2003-01-06,63.88,64.48,63.83,64.21,30.713330390953377,3052500,0.0000,1.0
2003-01-07,63.96,64.24,63.7,64.0,30.612881872309863,2370400,0.0000,1.0
2003-01-08,63.95,63.98,63.38,63.55,30.397635046645185,1680900,0.0000,1.0
2003-01-09,63.55,64.15,63.45,64.13,30.67506428861299,2114000,0.0000,1.0
2003-01-10,63.89,64.24,63.79,64.03,30.62723166068751,2164900,0.0000,1.0
2003-01-13,64.1,64.3,63.61,63.7,30.469383988533412,2409300,0.0000,1.0
2003-01-14,63.71,63.83,63.53,63.8,30.517216616458892,1737400,0.0000,1.0
2003-01-15,63.6,63.68,63.25,63.38,30.316319579171864,2028100,0.0000,1.0
2003-01-16,63.63,63.75,63.36,63.52,30.38328525826754,1748400,0.0000,1.0
2003-01-17,63.42,63.6,63.3,63.44,30.34501915592715,2188500,0.0000,1.0
2003-01-21,63.69,63.81,62.5,62.65,29.967141395315828,2098600,0.0000,1.0
2003-01-22,62.5,62.75,61.89,62.15,29.727978255688406,2808000,0.0000,1.0
2003-01-23,62.24,62.54,61.61,61.92,29.617963211459795,1788100,0.0000,1.0
2003-01-24,61.85,61.98,60.77,60.8,29.08223777869437,2754700,0.0000,1.0
2003-01-27,60.05,61.46,60.05,60.47,28.924390106540272,3296500,0.0000,1.0
2003-01-28,60.6,61.45,60.1,61.03,29.192252822922985,4760100,0.0000,1.0
2003-01-29,60.6,61.45,60.1,61.03,29.192252822922985,2362500,0.0000,1.0
2003-01-30,60.75,60.75,59.75,59.75,28.579995185476786,3014600,0.0000,1.0
2003-01-31,59.76,60.62,59.56,60.33,28.857424427444595,2402900,0.0000,1.0
2003-02-03,60.5,60.85,60.26,60.6,28.986572522843403,1823000,0.0000,1.0
2003-02-04,60.05,60.1,59.62,59.95,28.675660441327757,2191000,0.0000,1.0
2003-02-05,60.4,60.78,59.83,60.09,28.742626120423434,2035500,0.0000,1.0
2003-02-06,59.75,60.28,59.55,59.72,28.56564539709914,1929400,0.0000,1.0
2003-02-07,59.73,60.22,59.02,59.15,28.29299941792388,1857400,0.0000,1.0
2003-02-10,59.2,59.42,58.52,59.15,28.29299941792388,2395900,0.0000,1.0
2003-02-11,59.53,59.68,58.56,58.8,28.125585220184686,1742900,0.0000,1.0
2003-02-12,58.81,59.0,57.9,58.24,27.857722503801977,1798100,0.0000,1.0
2003-02-13,57.75,58.15,57.12,57.58,27.54202715949378,2170200,0.0000,1.0
2003-02-14,57.6,59.0,57.6,59.0,28.221250476035657,2181700,0.0000,1.0
2003-02-18,59.0,59.62,58.9,59.49,28.45563035287053,1698900,0.0000,1.0
2003-02-19,59.49,59.49,58.61,58.98,28.211683950450556,1699400,0.0000,1.0
2003-02-20,59.0,59.1,58.02,58.17,27.924688182897658,1708100,0.2100,1.0
2003-02-21,58.78,58.8,58.0,58.41,28.039900924240193,2123600,0.0000,1.0
2003-02-24,58.25,58.26,56.93,57.17,27.444635093970415,2979500,0.0000,1.0
2003-02-25,56.52,57.36,56.0,57.35,27.531044649977318,3009700,0.0000,1.0
2003-02-26,57.36,57.81,57.12,57.28,27.49744093375241,2538000,0.0000,1.0
2003-02-27,57.35,57.83,56.76,57.27,27.492640402863138,2181200,0.0000,1.0
2003-02-28,57.52,58.16,57.37,57.54,27.622254736873494,2312100,0.0000,1.0
2003-03-03,58.05,58.34,57.65,57.85,27.77107119444094,1992100,0.0000,1.0
2003-03-04,57.75,57.8,56.8,56.83,27.28141704373515,2392800,0.0000,1.0
2003-03-05,56.83,56.83,55.5,56.05,26.9069756343719,4017500,0.0000,1.0
2003-03-06,55.4,56.0,55.21,55.47,26.628544842794103,2483300,0.0000,1.0
2003-03-07,55.0,55.37,54.7,55.04,26.422122014555388,4493200,0.0000,1.0
2003-03-10,55.04,55.04,53.61,53.74,25.798052998949974,3229000,0.0000,1.0
2003-03-11,53.8,54.14,53.18,53.18,25.52922326915072,2964600,0.0000,1.0
2003-03-12,53.0,54.6,53.0,54.56,26.191696531870313,4068600,0.0000,1.0
2003-03-13,54.29,55.4,54.06,55.38,26.585340064790653,4983900,0.0000,1.0
2003-03-14,55.48,56.15,55.0,56.0,26.88297297992554,3234900,0.0000,1.0
2003-03-17,55.65,57.68,55.41,57.38,27.545446242645134,4192300,0.0000,1.0
2003-03-18,57.63,57.84,57.05,57.78,27.737467478216033,2868400,0.0000,1.0
2003-03-19,57.95,58.7,57.56,58.63,28.14551260380419,3937300,0.0000,1.0
2003-03-20,58.5,59.22,58.1,58.96,28.303930123150177,2852500,0.0000,1.0
2003-03-21,59.6,59.96,58.9,59.85,28.731177372295424,4334100,0.0000,1.0
2003-03-24,59.86,59.86,57.4,57.78,27.737467478216033,3475700,0.0000,1.0
2003-03-25,57.38,58.7,57.3,58.35,28.01109773890456,2811000,0.0000,1.0
2003-03-26,58.15,58.31,57.64,57.96,27.823877034222935,2241000,0.0000,1.0
2003-03-27,57.55,58.03,57.19,57.65,27.67506057665549,1630400,0.0000,1.0
2003-03-28,57.4,57.41,56.67,57.3,27.507041995530955,1855500,0.0000,1.0
2003-03-31,56.25,57.4,56.25,57.0,27.363026068852783,3006500,0.0000,1.0
2003-04-01,57.1,57.7,56.52,57.52,27.61265367509495,2295900,0.0000,1.0
2003-04-02,58.0,58.725,58.0,58.25,27.963092430011834,3078200,0.0000,1.0
2003-04-03,58.43,58.6,57.85,57.85,27.77107119444094,2217300,0.0000,1.0
2003-04-04,58.03,58.21,57.1,57.81,27.75186907088385,2547200,0.0000,1.0
2003-04-07,58.5,59.04,57.95,57.96,27.823877034222935,2652200,0.0000,1.0
2003-04-08,58.0,58.17,57.51,58.07,27.87668287400493,2429300,0.0000,1.0
2003-04-09,58.04,58.68,57.26,57.44,27.574249427980767,2182900,0.0000,1.0
2003-04-10,57.44,57.55,56.9,57.5,27.603052613316404,1708100,0.0000,1.0
2003-04-11,57.72,58.084,57.37,57.8,27.747068539994576,2089600,0.0000,1.0
2003-04-14,57.77,58.65,57.74,58.4,28.03510039335092,1961600,0.0000,1.0
2003-04-15,58.5,58.8,58.34,58.7,28.179116320029095,2630600,0.0000,1.0
2003-04-16,58.8,58.96,57.67,57.73,27.713464823769666,2196800,0.0000,1.0
2003-04-17,58.0,58.5,57.9,58.35,28.01109773890456,1863500,0.0000,1.0
2003-04-21,58.0,58.35,57.55,57.87,27.780672256219482,2382300,0.0000,1.0
2003-04-22,58.85,60.07,58.75,60.06,28.831988520970143,11286300,0.0000,1.0
2003-04-23,60.2,60.55,60.08,60.5,29.043211880098127,6922400,0.0000,1.0
2003-04-24,60.5,60.75,60.16,60.52,29.052812941876674,3927700,0.0000,1.0
2003-04-25,60.65,60.71,60.28,60.52,29.052812941876674,2988800,0.0000,1.0
2003-04-28,60.72,61.93,60.5,61.68,29.609674525032275,4330700,0.0000,1.0
2003-04-29,61.7,62.33,61.55,62.09,29.806496291492444,3876000,0.0000,1.0
2003-04-30,62.09,62.48,61.75,62.12,29.82089788416026,5443000,0.0000,1.0
2003-05-01,62.1,62.31,61.27,61.93,29.729687797264084,3320500,0.0000,1.0
2003-05-02,61.7,62.5,61.65,62.4,29.95531274905989,2126700,0.0000,1.0
2003-05-05,62.4,62.4,61.57,62.05,29.787294167935354,3398700,0.0000,1.0
2003-05-06,62.05,62.8,61.88,62.42,29.964913810838432,3208500,0.0000,1.0
2003-05-07,62.3,62.5,62.0,62.02,29.772892575267537,3050600,0.0000,1.0
2003-05-08,61.82,62.0,61.38,61.62,29.58087133969664,2717600,0.0000,1.0
2003-05-09,61.65,62.16,61.38,61.92,29.724887266374814,2450400,0.0000,1.0
2003-05-12,61.85,62.6,61.66,62.5,30.00331805795261,2197300,0.0000,1.0
2003-05-13,62.27,62.5,62.05,62.4,29.95531274905989,2657000,0.0000,1.0
2003-05-14,62.5,62.6,62.01,62.33,29.92170903283498,2343300,0.0000,1.0
2003-05-15,62.74,63.1,62.26,63.1,30.39216105998368,4224200,0.2100,1.0
2003-05-16,63.02,63.18,62.05,62.05,29.88642779353387,3346100,0.0000,1.0
2003-05-19,62.01,62.19,61.61,61.99,29.85752874973674,2868600,0.0000,1.0
2003-05-20,62.05,62.3,61.46,61.75,29.741932574548212,2249000,0.0000,1.0
2003-05-21,61.55,61.95,61.35,61.78,29.756382096446778,1908300,0.0000,1.0
2003-05-22,61.65,61.98,61.25,61.6,29.66968496505538,2049600,0.0000,1.0
2003-05-23,61.4,61.76,61.315,61.65,29.69376750155299,989600,0.0000,1.0
2003-05-27,61.35,62.28,61.31,62.03,29.876794778934826,2730700,0.0000,1.0
2003-05-28,61.95,62.24,61.72,61.83,29.780464632944387,1930300,0.0000,1.0
2003-05-29,61.7,61.99,61.41,61.81,29.770831618345344,2412100,0.0000,1.0
2003-05-30,62.05,62.48,61.8,62.43,30.069455070915705,2392400,0.0000,1.0
2003-06-02,62.66,63.28,62.5,62.96,30.32472995779037,2777200,0.0000,1.0
2003-06-03,62.96,63.32,61.52,63.28,30.478858191375075,2721400,0.0000,1.0
2003-06-04,63.08,63.86,62.96,63.85,30.753399107447827,2863800,0.0000,1.0
2003-06-05,63.45,63.79,63.33,63.65,30.657068961457387,1824200,0.0000,1.0
2003-06-06,63.9,64.0,63.1,63.61,30.637802932259298,2722300,0.0000,1.0
2003-06-09,63.5,63.6,63.0,63.26,30.46922517677603,1732800,0.0000,1.0
2003-06-10,63.26,63.64,63.0,63.64,30.652252454157864,1862300,0.0000,1.0
2003-06-11,63.75,64.0,63.51,63.94,30.796747673143525,2022800,0.0000,1.0
2003-06-12,64.0,64.03,63.32,63.8,30.729316570950214,1528700,0.0000,1.0
2003-06-13,64.0,64.0,63.23,63.67,30.666701976056434,1475600,0.0000,1.0
2003-06-16,63.85,64.3,63.61,64.19,30.917160355631573,2048900,0.0000,1.0
2003-06-17,64.2,64.32,63.92,64.0,30.825646716940657,1485500,0.0000,1.0
2003-06-18,63.97,64.2,63.72,63.87,30.76303212204687,1903100,0.0000,1.0
2003-06-19,63.95,64.24,63.5,63.7,30.681151497955,1890100,0.0000,1.0
2003-06-20,63.92,64.3,63.78,64.19,30.917160355631573,3131400,0.0000,1.0
2003-06-23,64.01,64.16,63.71,63.82,30.73894958554926,1838600,0.0000,1.0
2003-06-24,63.8,63.96,63.4,63.6,30.63298642495978,2006100,0.0000,1.0
2003-06-25,63.6,63.6,62.84,62.87,30.281381392094673,2490400,0.0000,1.0
2003-06-26,62.75,63.8,62.65,63.55,30.608903888462166,1998400,0.0000,1.0
2003-06-27,63.5,63.79,62.8,63.0,30.34399598698846,1732400,0.0000,1.0
2003-06-30,63.18,63.7,62.9,63.7,30.681151497955,5387600,0.0000,1.0
2003-07-01,63.37,64.24,63.1,64.1,30.873811789935875,3035300,0.0000,1.0
2003-07-02,63.85,64.34,63.84,64.25,30.946059399428705,1854600,0.0000,1.0
2003-07-03,64.0,64.22,63.76,63.92,30.787114658544482,1305500,0.0000,1.0
2003-07-07,64.37,64.59,64.15,64.39,31.013490501622012,2172300,0.0000,1.0
2003-07-08,64.4,64.85,64.25,64.76,31.19170127170433,2017900,0.0000,1.0
2003-07-09,64.68,64.82,64.45,64.58,31.105004140312932,1960200,0.0000,1.0
2003-07-10,64.33,64.54,64.16,64.48,31.056839067317714,1486700,0.0000,1.0
2003-07-11,64.4,64.55,64.11,64.2,30.921976862931096,1417000,0.0000,1.0
2003-07-14,64.6,64.79,64.15,64.2,30.921976862931096,2211900,0.0000,1.0
2003-07-15,64.35,64.44,63.91,64.03,30.840096238839223,2179000,0.0000,1.0
2003-07-16,64.02,64.25,63.83,63.89,30.772665136645916,1727400,0.0000,1.0
2003-07-17,63.89,64.06,63.64,63.95,30.801564180443048,1691000,0.0000,1.0
2003-07-18,64.25,64.64,63.95,64.37,31.003857487022973,1958400,0.0000,1.0
2003-07-21,64.37,64.84,64.18,64.79,31.206150793602895,2136600,0.0000,1.0
2003-07-22,64.95,65.31,63.98,64.23,30.936426384829662,3532000,0.0000,1.0
2003-07-23,64.21,64.4,63.79,64.22,30.93160987753014,1484800,0.0000,1.0
2003-07-24,64.37,64.5,63.5,63.7,30.681151497955,2187300,0.0000,1.0
2003-07-25,63.8,64.15,63.22,63.96,30.806380687742568,2049800,0.0000,1.0
2003-07-28,63.92,63.99,63.52,63.98,30.81601370234161,1514500,0.0000,1.0
2003-07-29,64.09,64.24,63.45,63.58,30.623353410360732,2389300,0.0000,1.0
2003-07-30,63.5,63.73,63.17,63.48,30.575188337365514,2343300,0.0000,1.0
2003-07-31,63.6,63.9,63.08,63.08,30.382528045384635,2394200,0.0000,1.0
2003-08-01,63.0,63.18,62.75,63.05,30.368078523486066,1988400,0.0000,1.0
2003-08-04,62.91,63.05,62.55,62.86,30.27656488479515,1626500,0.0000,1.0
2003-08-05,62.8,62.95,62.53,62.6,30.15133569500758,1828700,0.0000,1.0
2003-08-06,62.45,62.69,62.2,62.35,30.03092301251953,1819800,0.0000,1.0
2003-08-07,62.42,62.93,62.15,62.92,30.305463928592285,1688600,0.0000,1.0
2003-08-08,63.04,63.29,62.57,63.22,30.449959147577943,1565700,0.0000,1.0
2003-08-11,63.2,63.68,63.1,63.41,30.54147278626886,1263800,0.0000,1.0
2003-08-12,63.42,63.53,63.0,63.51,30.58963785926408,1284000,0.0000,1.0
2003-08-13,63.65,63.77,63.21,63.35,30.51257374247173,1043600,0.0000,1.0
2003-08-14,63.48,63.84,63.16,63.7,30.681151497955,1543600,0.0000,1.0
2003-08-15,64.0,64.0,63.64,63.98,30.81601370234161,1520900,0.0000,1.0
2003-08-18,63.98,64.08,63.74,63.95,30.801564180443048,1912200,0.0000,1.0
2003-08-19,64.05,64.22,63.65,63.85,30.753399107447827,2518000,0.0000,1.0
2003-08-20,63.8,63.91,63.41,63.86,30.75821561474735,2398000,0.0000,1.0
2003-08-21,63.8,63.95,63.15,63.64,30.772665136645916,2024600,0.2500,1.0
2003-08-22,63.82,63.98,63.38,63.72,30.811348562336228,2607800,0.0000,1.0
2003-08-25,63.62,63.71,63.02,63.32,30.617931433884653,1767100,0.0000,1.0
2003-08-26,63.07,63.57,62.79,63.4,30.65661485957497,1725700,0.0000,1.0
2003-08-27,63.34,63.34,62.76,62.89,30.410008020799207,1107100,0.0000,1.0
2003-08-28,62.93,62.98,62.51,62.74,30.337476597629866,1850600,0.0000,1.0
2003-08-29,62.7,63.0,62.51,62.76,30.347147454052443,1748400,0.0000,1.0
2003-09-02,62.89,63.34,62.5,63.26,30.588918864616915,2336200,0.0000,1.0
2003-09-03,63.3,63.5,63.12,63.34,30.627602290307234,2333000,0.0000,1.0
2003-09-04,63.23,63.39,62.96,63.2,30.55990629534918,1930800,0.0000,1.0
2003-09-05,63.1,63.48,62.9,63.19,30.55507086713789,2091900,0.0000,1.0
2003-09-08,63.19,63.23,62.81,62.95,30.439020590066946,1696600,0.0000,1.0
2003-09-09,62.7,63.01,62.52,62.6,30.269780602671815,1891400,0.0000,1.0
2003-09-10,62.52,62.82,61.91,62.14,30.0473509049525,2282400,0.0000,1.0
2003-09-11,62.2,62.29,61.55,61.8,29.88294634576866,2354500,0.0000,1.0
2003-09-12,61.5,61.8,61.17,61.51,29.742718927641263,2363100,0.0000,1.0
2003-09-15,62.35,62.92,62.0,62.61,30.274616030883102,4044000,0.0000,1.0
2003-09-16,63.25,64.22,63.13,63.96,30.927398839407175,5112500,0.0000,1.0
2003-09-17,63.96,64.25,63.71,64.06,30.97575312152007,2826100,0.0000,1.0
2003-09-18,64.15,64.88,64.07,64.72,31.29489138346517,2832600,0.0000,1.0
2003-09-19,64.73,64.75,64.16,64.52,31.19818281923938,3123600,0.0000,1.0
2003-09-22,64.16,64.27,63.89,64.0,30.946740552252333,2003000,0.0000,1.0
2003-09-23,64.2,64.69,64.08,64.3,31.091803398591015,2337500,0.0000,1.0
2003-09-24,64.12,64.28,63.5,63.74,30.82101941875881,2100600,0.0000,1.0
2003-09-25,64.1,64.23,63.5,63.84,30.869373700871705,2799300,0.0000,1.0
2003-09-26,63.72,64.11,63.56,63.92,30.908057126562017,2398900,0.0000,1.0
2003-09-29,63.97,64.19,63.75,64.14,31.014436547210387,2218000,0.0000,1.0
2003-09-30,63.89,64.04,63.62,63.8,30.850031988026544,2654400,0.0000,1.0
2003-10-01,63.8,64.53,63.76,64.35,31.11598053964746,3015000,0.0000,1.0
2003-10-02,64.5,64.68,64.23,64.47,31.174005678182937,1632500,0.0000,1.0
2003-10-03,64.8,65.0,64.73,65.0,31.430283373381275,4303900,0.0000,1.0
2003-10-06,65.12,65.61,65.03,65.1,31.47863765549417,2456900,0.0000,1.0
2003-10-07,64.9,65.47,64.86,65.38,31.614029645410273,1872800,0.0000,1.0
2003-10-08,65.5,65.5,65.14,65.32,31.585017076142535,1467400,0.0000,1.0
2003-10-09,65.75,66.07,64.87,66.07,31.94767419198924,3629500,0.0000,1.0
2003-10-10,65.99,66.22,65.925,66.03,31.92833247914409,2241400,0.0000,1.0
2003-10-13,66.3,66.77,66.26,66.47,32.14109132044082,2108700,0.0000,1.0
2003-10-14,66.53,67.93,66.29,67.4,32.59078614409074,4090100,0.0000,1.0
2003-10-15,67.7,67.8,67.33,67.69,32.73101356221813,2775900,0.0000,1.0
2003-10-16,68.0,68.75,67.94,68.64,33.190379242290625,4244200,0.0000,1.0
2003-10-17,68.72,68.75,68.26,68.48,33.11301239091,2941800,0.0000,1.0
2003-10-20,68.46,68.75,68.3,68.75,33.24356895261481,2470400,0.0000,1.0
2003-10-21,68.75,69.38,68.35,68.97,33.34994837326318,3476200,0.0000,1.0
2003-10-22,68.35,69.0,68.33,68.88,33.30642951936157,2492300,0.0000,1.0
2003-10-23,68.89,69.55,68.62,69.43,33.572378070982495,2563000,0.0000,1.0
2003-10-24,69.0,70.0,68.9,69.91,33.80447862512438,3897400,0.0000,1.0
2003-10-27,69.91,70.2,69.58,69.65,33.67875749163086,2750500,0.0000,1.0
2003-10-28,69.65,70.48,69.39,70.33,34.00756660999854,2813100,0.0000,1.0
2003-10-29,70.12,70.73,70.02,70.61,34.14295859991464,2794200,0.0000,1.0
2003-10-30,70.95,71.99,70.78,71.62,34.63133684925488,4897900,0.0000,1.0
2003-10-31,71.62,73.11,71.62,72.52,35.066525388270925,5924400,0.0000,1.0
2003-11-03,72.53,73.04,72.24,72.29,34.95531053941127,2915000,0.0000,1.0
2003-11-04,72.4,72.8,72.11,72.5,35.056854531848344,3296600,0.0000,1.0
2003-11-05,72.3,72.79,72.08,72.37,34.99399396510159,2104400,0.0000,1.0
2003-11-06,72.37,73.41,71.83,72.9,35.25027166029992,4279100,0.0000,1.0
2003-11-07,72.92,73.8,72.87,73.14,35.36632193737087,3174300,0.0000,1.0
2003-11-10,73.02,73.42,72.69,72.7,35.15356309607414,3083900,0.0000,1.0
2003-11-11,72.72,72.89,72.16,72.2,34.91179168550966,2405000,0.0000,1.0
2003-11-12,72.2,72.89,72.2,72.83,35.216423662820894,2154400,0.0000,1.0
2003-11-13,72.5,72.88,72.21,72.81,35.20675280639832,1924100,0.0000,1.0
2003-11-14,72.42,72.93,72.06,72.44,35.02784196258061,2013100,0.0000,1.0
2003-11-17,72.34,72.43,71.88,72.41,35.01333567794674,2336000,0.0000,1.0
2003-11-18,72.46,72.72,71.85,72.09,34.85860197518548,3035500,0.0000,1.0
2003-11-19,72.04,72.51,71.8,72.38,34.998829393312874,2894200,0.0000,1.0
2003-11-20,71.6,72.43,71.6,71.93,34.90212082908709,2749600,0.2500,1.0
2003-11-21,71.8,71.8,70.65,71.07,34.48482868515528,4500600,0.0000,1.0
2003-11-24,71.89,72.67,71.82,72.49,35.17384594606594,3427000,0.0000,1.0
2003-11-25,72.54,73.08,72.42,72.78,35.31456073878713,2194100,0.0000,1.0
2003-11-26,72.95,73.07,72.43,72.84,35.34367414417772,1337900,0.0000,1.0
2003-11-28,72.83,72.83,72.42,72.77,35.30970850455536,919300,0.0000,1.0
2003-12-01,73.0,73.57,72.78,73.49,35.65906936924245,2249800,0.0000,1.0
2003-12-02,73.35,73.35,72.81,72.84,35.34367414417772,2709700,0.0000,1.0
2003-12-03,73.2,73.26,72.82,73.04,35.440718828813026,1665800,0.0000,1.0
2003-12-04,73.04,73.83,72.9,73.58,35.70273947732834,2027500,0.0000,1.0
2003-12-05,73.59,73.79,73.06,73.22,35.52805904498479,1939700,0.0000,1.0
2003-12-08,73.05,73.53,72.82,73.41,35.62025149538833,1201300,0.0000,1.0
2003-12-09,73.65,73.69,72.93,73.13,35.48438893689891,1384800,0.0000,1.0
2003-12-10,73.08,73.23,72.52,72.83,35.338821909945956,1143800,0.0000,1.0
2003-12-11,73.06,73.15,72.43,72.95,35.397048720727135,1910600,0.0000,1.0
2003-12-12,72.93,73.59,72.82,73.39,35.610547026924806,1493000,0.0000,1.0
2003-12-15,73.64,73.95,73.3,73.3,35.566876918838915,2210300,0.0000,1.0
2003-12-16,73.48,73.79,73.34,73.64,35.73185288271893,1316900,0.0000,1.0
2003-12-17,73.5,73.55,72.64,73.54,35.683330540401286,2846700,0.0000,1.0
2003-12-18,73.54,73.62,72.96,73.54,35.683330540401286,2617100,0.0000,1.0
2003-12-19,73.64,73.75,73.31,73.74,35.780375225036586,2210400,0.0000,1.0
2003-12-22,73.79,74.31,73.77,74.26,36.03269140508838,2027700,0.0000,1.0
2003-12-23,74.25,74.82,74.04,74.44,36.12003162126015,1852900,0.0000,1.0
2003-12-24,74.4,74.45,74.06,74.45,36.124883855491916,623300,0.0000,1.0
2003-12-26,74.44,74.74,74.44,74.66,36.226780774358986,446500,0.0000,1.0
2003-12-29,74.73,74.87,74.17,74.81,36.299564287835466,1355300,0.0000,1.0
2003-12-30,74.81,74.84,73.92,74.15,35.97931682853896,1748300,0.0000,1.0
2003-12-31,74.11,74.75,73.99,74.55,36.17340619780957,1933100,0.0000,1.0
2004-01-02,73.2,74.8,73.15,73.65,35.7367051169507,2802800,0.0000,1.0
2004-01-05,73.85,74.0,73.4,73.93,35.87256767544013,2118300,0.0000,1.0
2004-01-06,73.93,73.93,72.96,73.48,35.6542171350107,1895900,0.0000,1.0
2004-01-07,73.3,73.35,72.82,73.24,35.537763513448326,2484500,0.0000,1.0
2004-01-08,73.32,73.38,72.41,72.64,35.24662945954242,2748300,0.0000,1.0
2004-01-09,72.43,72.58,71.56,71.88,34.877859657928255,3285200,0.0000,1.0
2004-01-12,72.0,72.54,71.95,72.22,35.04283562180828,2727300,0.0000,1.0
2004-01-13,72.22,72.39,71.53,71.91,34.89241636062356,1957200,0.0000,1.0
2004-01-14,72.04,72.66,72.04,72.46,35.15928924337064,2421100,0.0000,1.0
2004-01-15,72.5,72.65,72.04,72.34,35.10106243258946,1934900,0.0000,1.0
2004-01-16,72.49,73.0,72.4,73.0,35.42130989188596,2076200,0.0000,1.0
2004-01-20,72.8,72.82,71.97,72.1,34.984608811027094,2289300,0.0000,1.0
2004-01-21,72.11,72.49,72.1,72.3,35.081653495662394,2413400,0.0000,1.0
2004-01-22,72.3,72.4,71.85,72.33,35.096210198357696,2260600,0.0000,1.0
2004-01-23,72.33,72.54,72.0,72.28,35.07194902719887,1860300,0.0000,1.0
2004-01-26,72.28,73.14,72.17,73.06,35.45042329727656,2033400,0.0000,1.0
2004-01-27,73.06,73.33,72.5,72.79,35.3194129730189,2184800,0.0000,1.0
2004-01-28,72.87,73.01,72.11,72.44,35.14958477490711,2091800,0.0000,1.0
2004-01-29,72.44,72.63,71.73,72.51,35.18355041452947,2910200,0.0000,1.0
2004-01-30,72.05,72.15,71.27,71.27,34.58187336979058,2303000,0.0000,1.0
2004-02-02,71.4,71.81,70.68,71.09,34.49453315361881,2544900,0.0000,1.0
2004-02-03,71.09,71.5,70.78,71.0,34.45086304553292,1897200,0.0000,1.0
2004-02-04,71.1,71.43,70.59,71.09,34.49453315361881,2128400,0.0000,1.0
2004-02-05,71.13,71.19,70.66,70.8,34.35381836089762,1915100,0.0000,1.0
2004-02-06,70.79,71.74,70.72,71.35,34.6206912436447,1853800,0.0000,1.0
2004-02-09,71.34,71.34,70.85,71.04,34.470271982459984,1202200,0.0000,1.0
2004-02-10,71.04,71.1,70.65,71.06,34.479976450923516,1665700,0.0000,1.0
2004-02-11,71.0,71.97,70.39,71.79,34.83418954984238,2328900,0.0000,1.0
2004-02-12,71.54,71.69,71.06,71.11,34.50423762208234,1475800,0.0000,1.0
2004-02-13,71.21,71.47,70.7,70.82,34.363522829361145,1695900,0.0000,1.0
2004-02-17,71.22,71.48,70.84,71.24,34.567316667095284,1196100,0.0000,1.0
2004-02-18,71.15,71.45,71.0,71.19,34.54305549593646,1041300,0.0000,1.0
2004-02-19,71.11,71.38,70.33,70.42,34.30529601857997,2197000,0.2800,1.0
2004-02-20,70.6,70.62,70.03,70.16,34.178636305929714,2380100,0.0000,1.0
2004-02-23,70.18,70.18,69.3,69.64,33.92531688062921,2626500,0.0000,1.0
2004-02-24,69.64,70.22,69.51,69.95,34.076334230327596,1934100,0.0000,1.0
2004-02-25,69.87,69.97,69.58,69.85,34.027618956231336,1993400,0.0000,1.0
2004-02-26,70.5,70.98,70.37,70.83,34.5050286423746,2165500,0.0000,1.0
2004-02-27,70.4,71.28,70.4,70.63,34.4075980941821,2077300,0.0000,1.0
2004-03-01,70.4,70.46,69.6,69.85,34.027618956231336,2760300,0.0000,1.0
2004-03-02,70.0,70.02,69.29,69.47,33.842500914665585,2244000,0.0000,1.0
2004-03-03,69.35,69.36,68.75,68.95,33.58918148936508,2957800,0.0000,1.0
2004-03-04,68.95,69.41,68.75,69.37,33.79378564056934,1623300,0.0000,1.0
2004-03-05,68.9,69.7,68.82,69.64,33.92531688062921,2559900,0.0000,1.0
2004-03-08,69.5,69.59,69.01,69.09,33.657382873099834,1646600,0.0000,1.0
2004-03-09,69.14,69.28,68.7,68.9,33.564823852316955,1926200,0.0000,1.0
2004-03-10,68.85,69.39,68.41,68.55,33.39432039298008,2181200,0.0000,1.0
2004-03-11,68.26,68.96,67.9,68.13,33.18971624177582,2405600,0.0000,1.0
2004-03-12,68.2,69.09,68.0,68.95,33.58918148936508,1789600,0.0000,1.0
2004-03-15,68.75,68.75,67.92,67.98,33.11664333063145,1966500,0.0000,1.0
2004-03-16,68.23,68.54,67.51,68.07,33.160487077318066,2353000,0.0000,1.0
2004-03-17,69.0,69.71,68.47,69.47,33.842500914665585,3175700,0.0000,1.0
2004-03-18,69.3,69.85,69.07,69.74,33.974032154725464,2004400,0.0000,1.0
2004-03-19,69.74,69.74,68.91,68.92,33.57456690713621,2293500,0.0000,1.0
2004-03-22,68.45,68.85,68.14,68.34,33.29201831737795,1839000,0.0000,1.0
2004-03-23,68.6,68.94,68.23,68.32,33.2822752625587,1699800,0.0000,1.0
2004-03-24,68.36,68.66,67.94,68.36,33.3017613721972,1677900,0.0000,1.0
2004-03-25,69.1,69.62,68.68,69.53,33.87173007912334,2416900,0.0000,1.0
2004-03-26,69.35,69.67,69.0,69.07,33.64763981828058,1977900,0.0000,1.0
2004-03-29,69.3,69.94,69.2,69.79,33.99838979177359,2293800,0.0000,1.0
2004-03-30,69.79,69.94,69.37,69.84,34.02274742882172,1805400,0.0000,1.0
2004-03-31,69.7,69.92,69.25,69.84,34.02274742882172,2273600,0.0000,1.0
2004-04-01,69.84,70.15,69.69,70.04,34.12017797701422,2038700,0.0000,1.0
2004-04-02,70.9,70.9,70.05,70.47,34.3296536556281,2116600,0.0000,1.0
2004-04-05,70.47,70.47,70.0,70.3,34.24683768966447,1621300,0.0000,1.0
2004-04-06,70.32,70.73,70.24,70.69,34.436827258639845,2201500,0.0000,1.0
2004-04-07,70.7,70.8,70.11,70.32,34.25658074448372,1900600,0.0000,1.0
2004-04-08,70.72,70.75,70.0,70.47,34.3296536556281,1967800,0.0000,1.0
2004-04-12,70.5,70.74,70.32,70.43,34.3101675459896,1304600,0.0000,1.0
2004-04-13,70.62,70.67,70.03,70.14,34.16889325111047,1856000,0.0000,1.0
2004-04-14,70.14,71.0,70.05,70.84,34.509900169784224,2558400,0.0000,1.0
2004-04-15,70.94,71.4,70.8,71.33,34.748605012855855,2789900,0.0000,1.0
2004-04-16,71.6,71.72,71.21,71.62,34.88987930773499,1687000,0.0000,1.0
2004-04-19,71.39,71.52,70.95,71.08,34.62681682761523,1797300,0.0000,1.0
2004-04-20,71.2,71.26,70.35,70.42,34.30529601857997,1673200,0.0000,1.0
2004-04-21,70.42,71.35,70.06,71.2,34.68527515653073,3141400,0.0000,1.0
2004-04-22,71.3,72.0,70.67,71.94,35.045768184842984,3045200,0.0000,1.0
2004-04-23,72.1,72.21,71.39,71.8,34.97756680110823,1908000,0.0000,1.0
2004-04-26,71.92,71.99,71.23,71.54,34.85090708845799,2248200,0.0000,1.0
2004-04-27,71.75,71.95,71.42,71.56,34.86065014327723,2194900,0.0000,1.0
2004-04-28,71.57,71.57,70.86,70.86,34.51964322460348,2335400,0.0000,1.0
2004-04-29,70.98,71.39,70.2,70.35,34.27119532671259,2093900,0.0000,1.0
2004-04-30,70.5,70.86,70.02,70.15,34.173764778520095,2100600,0.0000,1.0
2004-05-03,70.2,70.71,70.1,70.7,34.44169878604948,1855400,0.0000,1.0
2004-05-04,70.62,70.73,69.84,70.24,34.217608525206714,2109200,0.0000,1.0
2004-05-05,70.65,70.65,70.11,70.45,34.319910600808846,1764200,0.0000,1.0
2004-05-06,70.15,70.54,69.7,70.35,34.27119532671259,1820300,0.0000,1.0
2004-05-07,70.03,70.44,69.35,69.69,33.94967451767734,2318900,0.0000,1.0
2004-05-10,69.69,69.69,68.89,69.28,33.74994189388271,2487500,0.0000,1.0
2004-05-11,69.36,69.85,68.95,69.85,34.027618956231336,1689900,0.0000,1.0
2004-05-12,69.36,69.84,68.6,69.81,34.008132846592844,2114600,0.0000,1.0
2004-05-13,69.27,69.55,68.88,69.27,33.881473133942585,1829100,0.2800,1.0
2004-05-14,69.05,69.66,68.9,69.37,33.93038532267356,1419200,0.0000,1.0
2004-05-17,68.85,69.55,68.55,69.36,33.92549410380046,1741400,0.0000,1.0
2004-05-18,69.56,69.8,69.27,69.45,33.969515073658336,1646300,0.0000,1.0
2004-05-19,69.7,69.88,69.01,69.14,33.817887288592324,2358100,0.0000,1.0
2004-05-20,69.14,69.17,68.61,68.96,33.72984534887658,2280400,0.0000,1.0
2004-05-21,69.19,69.5,68.81,69.12,33.808104850846135,1518700,0.0000,1.0
2004-05-24,69.48,69.66,69.23,69.5,33.99397116802382,1826600,0.0000,1.0
2004-05-25,69.51,70.88,69.28,70.75,34.605373527160936,2431700,0.0000,1.0
2004-05-26,70.54,70.98,70.21,70.97,34.712980342369065,1665700,0.0000,1.0
2004-05-27,71.0,71.86,70.95,71.51,34.9771061615163,2156800,0.0000,1.0
2004-05-28,71.58,71.88,71.18,71.72,35.07982175785134,1320000,0.0000,1.0
2004-06-01,71.62,71.7,71.11,71.53,34.9868885992625,1968000,0.0000,1.0
2004-06-02,71.78,72.0,71.71,71.97,35.202102229678765,1724200,0.0000,1.0
2004-06-03,71.93,71.94,71.54,71.76,35.09938663334373,1799800,0.0000,1.0
2004-06-04,71.78,71.99,71.43,71.74,35.08960419559753,1678600,0.0000,1.0
2004-06-07,71.99,72.75,71.91,72.75,35.58361730178033,1947900,0.0000,1.0
2004-06-08,72.52,73.15,72.44,73.15,35.77926605670421,1793500,0.0000,1.0
2004-06-09,73.08,73.25,72.72,72.74,35.578726082907224,1463400,0.0000,1.0
2004-06-10,72.8,73.42,72.8,73.19,35.798830932196594,1662100,0.0000,1.0
2004-06-14,72.63,73.21,72.61,72.87,35.64231192825749,1530600,0.0000,1.0
2004-06-15,73.05,73.5,72.83,73.14,35.774374837831104,2211600,0.0000,1.0
2004-06-16,73.23,73.29,72.66,73.14,35.774374837831104,1564200,0.0000,1.0
2004-06-17,73.14,73.14,72.45,72.89,35.65209436600368,1585500,0.0000,1.0
2004-06-18,72.51,73.49,72.51,73.42,35.91132896627782,1941900,0.0000,1.0
2004-06-21,73.42,73.76,73.03,73.64,36.01893578148596,1594700,0.0000,1.0
2004-06-22,73.6,74.11,73.33,74.11,36.24882306852151,2016600,0.0000,1.0
2004-06-23,74.4,74.74,74.15,74.58,36.47871035555707,2496900,0.0000,1.0
2004-06-24,74.33,74.6,74.28,74.37,36.37599475922203,1733900,0.0000,1.0
2004-06-25,74.49,74.94,74.25,74.77,36.57164351414591,2738800,0.0000,1.0
2004-06-28,74.86,75.25,74.77,74.92,36.64501179724237,2986700,0.0000,1.0
2004-06-29,75.03,75.26,74.9,74.97,36.66946789160785,1912700,0.0000,1.0
2004-06-30,75.0,75.24,74.25,75.17,36.76729226906979,2301400,0.0000,1.0
2004-07-01,75.08,75.29,74.08,74.78,36.57653473301901,2100200,0.0000,1.0
2004-07-02,74.43,74.5,73.8,74.27,36.32708257049106,1696100,0.0000,1.0
2004-07-06,74.14,74.14,73.43,73.76,36.07763040796312,1883100,0.0000,1.0
2004-07-07,73.57,74.13,73.52,73.64,36.01893578148596,1899700,0.0000,1.0
2004-07-08,73.67,73.84,72.69,72.7,35.559161207414846,2538000,0.0000,1.0
2004-07-09,73.11,73.11,72.53,73.06,35.735245086846334,1950600,0.0000,1.0
2004-07-12,72.94,73.08,72.5,72.97,35.69122411698846,1623000,0.0000,1.0
2004-07-13,72.97,73.46,72.81,73.24,35.82328702656208,1918800,0.0000,1.0
2004-07-14,72.88,73.85,72.73,73.22,35.81350458881588,1711400,0.0000,1.0
2004-07-15,73.43,74.75,73.26,74.05,36.21947575528293,2486700,0.0000,1.0
2004-07-16,74.84,74.84,73.52,73.79,36.092304064582414,2069100,0.0000,1.0
2004-07-19,73.95,73.96,73.46,73.49,35.9455674983895,1409900,0.0000,1.0
2004-07-20,73.69,74.21,73.69,74.1,36.24393184964841,1660500,0.0000,1.0
2004-07-21,74.45,74.5,73.01,73.06,35.735245086846334,2038200,0.0000,1.0
2004-07-22,72.0,72.94,71.6,72.63,35.52492267530316,3682300,0.0000,1.0
2004-07-23,72.25,72.93,71.24,71.41,34.92819397278533,3010700,0.0000,1.0
2004-07-26,71.45,71.74,71.1,71.3,34.874390565181265,2190200,0.0000,1.0
2004-07-27,71.36,71.58,71.01,71.01,34.73254521786146,1864900,0.0000,1.0
2004-07-28,71.0,71.47,70.51,71.1,34.776566187719325,2104900,0.0000,1.0
2004-07-29,71.85,72.53,71.53,72.13,35.28036173164831,2342800,0.0000,1.0
2004-07-30,71.89,71.96,71.5,71.96,35.19721101080567,1641700,0.0000,1.0
2004-08-02,71.96,72.59,71.54,72.54,35.48090170544529,1445400,0.0000,1.0
2004-08-03,72.36,72.68,72.13,72.66,35.53959633192245,1748800,0.0000,1.0
2004-08-04,72.33,72.88,72.05,72.81,35.61296461501891,1567100,0.0000,1.0
2004-08-05,72.61,72.74,71.13,71.13,34.79123984433862,2046000,0.0000,1.0
2004-08-06,70.6,70.73,70.17,70.26,34.36570380237919,2687000,0.0000,1.0
2004-08-09,70.27,70.75,70.26,70.51,34.48798427420661,1951700,0.0000,1.0
2004-08-10,70.7,71.23,70.424,71.15,34.801022282084816,1179300,0.0000,1.0
2004-08-11,70.74,70.95,70.3,70.41,34.43907208547564,2854600,0.0000,1.0
2004-08-12,70.4,70.43,69.5,69.71,34.09668676435885,2422500,0.0000,1.0
2004-08-13,69.65,70.23,69.15,69.25,33.871690696196396,2485600,0.0000,1.0
2004-08-16,69.24,70.63,69.24,70.63,34.54667890068377,1821500,0.0000,1.0
2004-08-17,70.68,70.9,70.25,70.5,34.48309305533351,1431400,0.0000,1.0
2004-08-18,70.48,71.34,70.33,71.25,34.84993447081578,1600000,0.0000,1.0
2004-08-19,70.88,71.0,70.07,70.75,34.742327655607646,1754400,0.2800,1.0
2004-08-20,70.75,71.55,70.5,71.31,35.01731993104426,1776800,0.0000,1.0
2004-08-23,71.78,72.2,71.41,71.54,35.130263187027154,2042100,0.0000,1.0
2004-08-24,71.93,72.2,71.6,72.18,35.444540073240425,2258000,0.0000,1.0
2004-08-25,72.18,72.81,71.86,72.7,35.69989004328871,2368100,0.0000,1.0
2004-08-26,72.6,73.16,72.54,72.78,35.739174654065366,1751700,0.0000,1.0
2004-08-27,72.79,73.12,72.61,72.77,35.73426407771828,1460900,0.0000,1.0
2004-08-30,72.3,72.91,72.26,72.6,35.65078427981788,981200,0.0000,1.0
2004-08-31,72.78,73.09,72.54,73.05,35.87176021543659,1311500,0.0000,1.0
2004-09-01,72.92,73.39,72.32,72.87,35.783369841189106,1496100,0.0000,1.0
2004-09-02,72.9,73.47,72.71,73.29,35.989614047766565,1547900,0.0000,1.0
2004-09-03,73.39,73.43,72.86,73.04,35.86684963908951,1130100,0.0000,1.0
2004-09-07,73.48,73.99,73.34,73.67,36.176215948955694,2192100,0.0000,1.0
2004-09-08,73.9,73.93,73.59,73.72,36.2007688306911,2062500,0.0000,1.0
2004-09-09,73.9,73.92,73.14,73.22,35.95524001333699,1660700,0.0000,1.0
2004-09-10,73.16,73.89,72.81,73.77,36.22532171242651,2125200,0.0000,1.0
2004-09-13,73.59,73.79,73.32,73.55,36.11728903279071,1515600,0.0000,1.0
2004-09-14,73.48,74.1,73.36,74.0,36.33826496840941,1530100,0.0000,1.0
2004-09-15,74.0,74.06,73.61,73.85,36.264606323203175,1758900,0.0000,1.0
2004-09-16,73.85,74.25,73.77,74.02,36.34808612110358,1241700,0.0000,1.0
2004-09-17,74.45,75.08,74.39,75.04,36.848964908505984,3817600,0.0000,1.0
2004-09-20,75.04,75.3,74.81,75.06,36.85878606120014,2045000,0.0000,1.0
2004-09-21,75.06,75.27,74.79,75.03,36.8440543321589,1749700,0.0000,1.0
2004-09-22,74.45,74.45,73.25,73.39,36.03871981123739,3242400,0.0000,1.0
2004-09-23,73.39,73.42,72.62,72.83,35.763727535800776,2390900,0.0000,1.0
2004-09-24,72.9,73.75,72.88,73.6,36.14184191452612,1677100,0.0000,1.0
2004-09-27,73.6,74.35,73.4,74.12,36.397191884574404,2030900,0.0000,1.0
2004-09-28,74.45,74.58,73.98,74.53,36.59852551480478,1575300,0.0000,1.0
2004-09-29,75.24,75.98,75.07,75.56,37.10431487855426,4564700,0.0000,1.0
2004-09-30,75.57,76.0,75.16,75.92,37.281095627049226,2822700,0.0000,1.0
2004-10-01,75.98,76.89,75.82,76.76,37.69358404020414,3240000,0.0000,1.0
2004-10-04,76.95,77.6,76.9,77.27,37.94402343390534,3627500,0.0000,1.0
2004-10-05,77.27,77.27,76.67,76.97,37.79670614349287,1806300,0.0000,1.0
2004-10-06,77.2,77.59,76.67,77.18,37.8998282467816,2225000,0.0000,1.0
2004-10-07,76.98,76.98,76.28,76.43,37.531535020750425,1745500,0.0000,1.0
2004-10-08,76.43,76.65,75.76,76.03,37.33511196686713,1522800,0.0000,1.0
2004-10-11,76.46,76.5,75.99,76.3,37.467697528238354,1131200,0.0000,1.0
2004-10-12,76.0,76.91,75.76,76.69,37.65921000577456,2914100,0.0000,1.0
2004-10-13,76.83,77.34,76.1,76.4,37.51680329170918,3465400,0.0000,1.0
2004-10-14,76.15,76.82,76.15,76.2,37.418591764767534,1958200,0.0000,1.0
2004-10-15,76.6,77.8,76.465,77.74,38.17482052221821,3104700,0.0000,1.0
2004-10-18,77.4,78.58,77.4,78.45,38.52347144286106,2609300,0.0000,1.0
2004-10-19,78.46,78.6,77.35,77.71,38.16008879317696,2099900,0.0000,1.0
2004-10-20,77.55,78.17,77.05,77.8,38.20428398030071,2441000,0.0000,1.0
2004-10-21,76.9,78.5,76.75,78.05,38.327048388977765,3596800,0.0000,1.0
2004-10-22,78.05,78.28,76.19,76.49,37.560998478832914,2379200,0.0000,1.0
2004-10-25,76.39,77.34,76.15,77.2,37.90964939947577,2043800,0.0000,1.0
2004-10-26,77.5,78.41,76.86,78.41,38.50382913747273,2478400,0.0000,1.0
2004-10-27,78.08,79.07,77.71,78.95,38.76900026021518,2741900,0.0000,1.0
2004-10-28,78.85,79.07,78.24,78.93,38.759179107521014,1726600,0.0000,1.0
2004-10-29,78.98,79.3,78.77,79.18,38.88194351619808,2563400,0.0000,1.0
2004-11-01,79.16,79.25,78.51,78.7,38.64623585153812,1944900,0.0000,1.0
2004-11-02,78.25,79.65,78.1,79.01,38.798463718297675,3675200,0.0000,1.0
2004-11-03,79.96,80.0,79.4,79.8,39.18639924971718,2814500,0.0000,1.0
2004-11-04,79.9,81.73,79.76,81.55,40.04575011045659,3550100,0.0000,1.0
2004-11-05,81.95,81.95,81.13,81.76,40.14887221374532,2373800,0.0000,1.0
2004-11-08,81.94,82.34,81.72,82.3,40.414043336487765,2588000,0.0000,1.0
2004-11-09,82.9,82.9,81.66,82.24,40.38457987840527,1771600,0.0000,1.0
2004-11-10,82.79,82.96,81.92,82.67,40.595734661329814,2773200,0.0000,1.0
2004-11-11,82.98,84.05,82.87,83.87,41.185003822979695,2386700,0.0000,1.0
2004-11-12,83.9,84.64,83.53,84.55,41.5189230145813,2755200,0.0000,1.0
2004-11-15,84.55,84.56,83.49,83.74,41.121166330467624,2088600,0.0000,1.0
2004-11-16,83.74,83.74,82.53,82.75,40.63501927210647,2279100,0.0000,1.0
2004-11-17,82.89,83.9,82.89,83.35,40.92965385293141,1739800,0.0000,1.0
2004-11-18,83.6,83.78,83.0,83.57,41.03768653256722,1515500,0.0000,1.0
2004-11-19,83.6,83.77,82.3,83.08,40.79706829156019,2244000,0.0000,1.0
2004-11-22,83.08,84.03,83.0,83.9,41.19973555202095,1648200,0.0000,1.0
2004-11-23,83.9,84.06,83.16,83.8,41.15062978855012,2377200,0.0000,1.0
2004-11-24,83.7,83.79,83.35,83.51,41.14571921220304,1930700,0.2800,1.0
2004-11-26,83.7,83.88,83.25,83.64,41.209770744924704,540400,0.0000,1.0
2004-11-29,84.15,84.69,83.21,84.01,41.39207126113252,2961600,0.0000,1.0
2004-11-30,84.01,84.38,83.9,84.15,41.461049834832785,2592200,0.0000,1.0
2004-12-01,84.37,85.35,84.0,85.35,42.05229475226355,3448000,0.0000,1.0
2004-12-02,85.0,85.95,84.93,85.59,42.1705437357497,2850900,0.0000,1.0
2004-12-03,85.59,86.03,85.13,85.63,42.19025189966406,2555800,0.0000,1.0
2004-12-06,85.63,86.09,85.5,85.89,42.318354965107396,2435700,0.0000,1.0
2004-12-07,86.0,86.72,85.74,85.89,42.318354965107396,2332700,0.0000,1.0
2004-12-08,86.4,87.09,86.27,87.03,42.88003763666663,2949400,0.0000,1.0
2004-12-09,87.02,87.7,86.68,87.53,43.126389685596116,2775900,0.0000,1.0
2004-12-10,89.11,89.11,86.59,86.61,42.67310191556586,2468100,0.0000,1.0
2004-12-13,87.25,87.43,86.8,87.35,43.0377029479815,2000700,0.0000,1.0
2004-12-14,87.3,87.31,86.35,86.76,42.74700753024471,2147400,0.0000,1.0
2004-12-15,86.41,86.74,85.75,86.25,42.49572844033663,2790700,0.0000,1.0
2004-12-16,85.8,86.27,85.51,85.9,42.32328200608599,3009500,0.0000,1.0
2004-12-17,85.15,86.4,85.15,85.9,42.32328200608599,3944500,0.0000,1.0
2004-12-20,86.22,86.72,85.4,85.58,42.16561669477111,2632500,0.0000,1.0
2004-12-21,86.0,86.64,85.77,86.48,42.609050382844195,1917800,0.0000,1.0
2004-12-22,86.58,86.95,86.36,86.7,42.71744528437317,1878200,0.0000,1.0
2004-12-23,86.9,87.09,86.5,86.68,42.70759120241599,1743800,0.0000,1.0
2004-12-27,86.69,86.87,85.28,85.28,42.017805465413424,2008600,0.0000,1.0
2004-12-28,85.38,85.98,85.35,85.87,42.30850088315022,1512600,0.0000,1.0
2004-12-29,85.98,86.03,85.69,85.72,42.23459526847137,1019100,0.0000,1.0
2004-12-30,85.84,86.05,85.52,85.52,42.13605444889957,870200,0.0000,1.0
2004-12-31,85.67,85.8,85.28,85.46,42.10649220302803,1196800,0.0000,1.0
2005-01-03,85.34,85.84,84.75,85.0,41.87984831801291,2176500,0.0000,1.0
2005-01-04,85.28,85.51,83.46,83.92,41.34772789232522,3127400,0.0000,1.0
2005-01-05,83.86,84.37,83.66,83.75,41.26396819568919,2130700,0.0000,1.0
2005-01-06,83.86,84.48,83.59,83.66,41.219624826881876,1773600,0.0000,1.0
2005-01-07,84.05,84.88,83.35,83.5,41.14079217122445,2396900,0.0000,1.0
2005-01-10,83.45,84.19,83.3,83.62,41.199916662967524,2170200,0.0000,1.0
2005-01-11,83.6,83.7,83.2,83.3,41.042251351652645,1897000,0.0000,1.0
2005-01-12,79.38,79.38,76.5,77.18,38.02690227275573,22627900,0.0000,1.0
2005-01-13,76.93,77.48,75.8,76.1,37.494781847068026,9028300,0.0000,1.0
2005-01-14,76.15,76.65,75.84,75.95,37.42087623238918,5439000,0.0000,1.0
2005-01-18,75.94,76.01,74.9,75.3,37.100618568780845,6923300,0.0000,1.0
2005-01-19,75.37,76.19,75.15,75.57,37.233648675202765,4839700,0.0000,1.0
2005-01-20,75.57,76.0,75.11,75.22,37.06120224095213,4441100,0.0000,1.0
2005-01-21,75.25,76.1,74.75,74.99,36.94788029844456,5409300,0.0000,1.0
2005-01-24,75.59,76.03,74.82,75.4,37.14988897856675,5181300,0.0000,1.0
2005-01-25,75.78,76.4,75.43,76.09,37.48985480608944,4594400,0.0000,1.0
2005-01-26,76.1,76.21,75.0,75.5,37.19915938835264,4253900,0.0000,1.0
2005-01-27,75.11,75.4,72.0,74.01,36.46503028254277,15411900,0.0000,1.0
2005-01-28,73.95,74.1,73.36,74.1,36.509373651350074,7152900,0.0000,1.0
2005-01-31,74.2,74.93,74.15,74.68,36.79514202810829,4107700,0.0000,1.0
2005-02-01,74.85,75.35,74.52,75.23,37.06612928193072,3326100,0.0000,1.0
2005-02-02,75.36,75.48,75.01,75.2,37.05134815899495,2229900,0.0000,1.0
2005-02-03,75.24,75.5,74.6,74.82,36.86412060180854,2292400,0.0000,1.0
2005-02-04,74.88,75.0,74.0,74.1,36.509373651350074,3524200,0.0000,1.0
2005-02-07,74.05,74.67,73.66,74.14,36.52908181526443,2192200,0.0000,1.0
2005-02-08,73.25,74.09,72.86,74.08,36.499519569392895,5812100,0.0000,1.0
2005-02-09,74.08,74.65,73.8,73.8,36.36156242199238,2807500,0.0000,1.0
2005-02-10,74.35,75.0,74.2,74.51,36.71138233147226,2584900,0.0000,1.0
2005-02-11,74.78,75.55,74.5,75.2,37.05134815899495,3065900,0.0000,1.0
2005-02-14,75.32,75.51,74.98,75.0,36.95280733942315,1861600,0.0000,1.0
2005-02-15,75.15,77.04,74.78,77.02,37.948069617098284,5191000,0.0000,1.0
2005-02-16,77.27,78.99,77.1,78.87,38.85957219813739,6306600,0.0000,1.0
2005-02-17,78.55,78.64,77.37,77.67,38.43091963300008,4064500,0.3300,1.0
2005-02-18,77.7,77.8,77.22,77.22,38.20826077069996,1969200,0.0000,1.0
2005-02-22,77.02,77.14,75.97,76.23,37.71841127363971,3311800,0.0000,1.0
2005-02-23,76.35,77.1768,76.35,76.65,37.926226211786485,2079500,0.0000,1.0
2005-02-24,76.55,77.46,76.3,77.4,38.29732431562001,2313300,0.0000,1.0
2005-02-25,77.0,77.45,76.78,77.19,38.19341684654662,2079300,0.0000,1.0
2005-02-28,77.04,77.98,76.61,77.49,38.34185608808003,2508300,0.0000,1.0
2005-03-01,77.61,77.96,77.25,77.42,38.30722026505557,2085300,0.0000,1.0
2005-03-02,77.3,77.31,76.5,76.91,38.05487355444877,2334400,0.0000,1.0
2005-03-03,77.3,77.65,76.55,77.25,38.223104694853305,2171600,0.0000,1.0
2005-03-04,77.64,78.25,77.28,77.91,38.549671026226804,1935200,0.0000,1.0
2005-03-07,78.05,78.73,77.66,78.38,38.782225837962486,1726800,0.0000,1.0
2005-03-08,78.38,78.8,78.06,78.55,38.86634140816475,1846400,0.0000,1.0
2005-03-09,78.3,78.31,77.0,77.11,38.15383304880438,2357600,0.0000,1.0
2005-03-10,77.5,77.55,76.69,76.96,38.07961342803767,2293300,0.0000,1.0
2005-03-11,76.92,77.2,75.8,76.06,37.63429570343744,2442600,0.0000,1.0
2005-03-14,76.25,76.55,75.64,76.54,37.8717984898909,2910400,0.0000,1.0
2005-03-15,76.8,77.3,75.38,75.38,37.29783342262837,5342600,0.0000,1.0
2005-03-16,75.38,75.38,74.07,74.41,36.817879875003676,3516500,0.0000,1.0
2005-03-17,74.41,75.57,74.04,74.53,36.87725557161705,2636700,0.0000,1.0
2005-03-18,74.32,74.33,72.52,73.5,36.36761417568567,7292800,0.0000,1.0
2005-03-21,73.57,73.78,72.67,73.48,36.35771822625011,2869900,0.0000,1.0
2005-03-22,73.62,74.23,72.96,73.0,36.12021543979665,2467500,0.0000,1.0
2005-03-23,73.0,73.17,72.07,72.26,35.75406531068091,3327600,0.0000,1.0
2005-03-24,72.3,72.98,72.2,72.2,35.72437746237422,1921100,0.0000,1.0
2005-03-28,72.45,73.15,72.1136,72.42,35.83323290616539,2610400,0.0000,1.0
2005-03-29,72.43,72.7,71.59,71.86,35.556146321969685,2592800,0.0000,1.0
2005-03-30,71.88,73.5,71.82,73.36,36.29834252963674,2352400,0.0000,1.0
2005-03-31,73.5,73.55,72.6,72.74,35.991568097134355,2149500,0.0000,1.0
2005-04-01,73.0,73.25,71.75,71.9,35.57593822084081,2429400,0.0000,1.0
2005-04-04,71.86,72.5,71.56,72.35,35.798597083140926,2065600,0.0000,1.0
2005-04-05,72.47,73.0,72.15,73.0,36.12021543979665,1739600,0.0000,1.0
2005-04-06,73.47,73.97,72.94,73.04,36.14000733866777,2007700,0.0000,1.0
2005-04-07,73.08,73.24,72.68,72.92,36.080631642054406,2348500,0.0000,1.0
2005-04-08,72.98,72.98,71.52,71.7,35.4769787264852,3540100,0.0000,1.0
2005-04-11,71.91,72.08,71.26,72.0,35.62541796801861,2179100,0.0000,1.0
2005-04-12,71.65,73.0,70.71,72.65,35.947036324674336,2862400,0.0000,1.0
2005-04-13,72.32,72.54,70.39,71.03,35.14546442039392,2726800,0.0000,1.0
2005-04-14,71.03,71.28,69.31,69.92,34.5962392267203,4016400,0.0000,1.0
2005-04-15,69.85,70.81,68.67,68.75,34.01732618473999,4670200,0.0000,1.0
2005-04-18,68.8,69.94,67.6,68.87,34.07670188135336,3454900,0.0000,1.0
2005-04-19,68.0,68.64,67.96,68.17,33.73034365110873,4291300,0.0000,1.0
2005-04-20,68.25,68.31,67.1,67.26,33.28007795179072,4665000,0.0000,1.0
2005-04-21,70.5,70.75,69.65,70.64,34.952493406400485,8920800,0.0000,1.0
2005-04-22,70.55,70.55,66.65,67.9,33.59674833372867,7900500,0.0000,1.0
2005-04-25,68.5,69.5,68.09,69.0,34.1410255526845,3958400,0.0000,1.0
2005-04-26,68.99,69.1,68.23,68.49,33.8886788420777,6063500,0.0000,1.0
2005-04-27,68.46,70.05,68.2,69.91,34.59129125200251,3453900,0.0000,1.0
2005-04-28,69.82,70.65,69.52,69.77,34.52201960595359,3501400,0.0000,1.0
2005-04-29,70.12,71.44,69.68,71.31,35.28400771249177,5046200,0.0000,1.0
2005-05-02,71.3,72.1,71.25,71.98,35.61552201858306,3367300,0.0000,1.0
2005-05-03,71.9,72.12,71.17,71.65,35.4522388528963,3087300,0.0000,1.0
2005-05-04,71.66,71.9,71.04,71.61,35.43244695402518,2417500,0.0000,1.0
2005-05-05,71.5,71.95,71.38,71.65,35.4522388528963,2251500,0.0000,1.0
2005-05-06,71.8,72.2,71.22,71.52,35.387915181565155,2303900,0.0000,1.0
2005-05-09,71.25,72.19,71.12,72.07,35.66005379104307,2271700,0.0000,1.0
2005-05-10,71.86,71.94,71.26,71.63,35.442342903460734,2419600,0.0000,1.0
2005-05-11,73.43,73.98,73.02,73.85,36.540793290807976,5247100,0.0000,1.0
2005-05-12,73.53,73.65,72.17,72.54,36.0558917684655,3693400,0.3300,1.0
2005-05-13,72.74,73.37,71.8,72.15,35.86204288798988,2513900,0.0000,1.0
2005-05-16,72.15,73.37,72.03,73.18,36.37400275181011,2544700,0.0000,1.0
2005-05-17,73.19,73.95,72.58,73.92,36.741818576302315,3136800,0.0000,1.0
2005-05-18,74.0,75.38,74.0,74.9,37.228926019548744,2698200,0.0000,1.0
2005-05-19,75.35,75.37,74.5,75.16,37.35815860653249,2125100,0.0000,1.0
2005-05-20,75.16,75.38,74.724,74.99,37.273660376581574,1940800,0.0000,1.0
2005-05-23,75.1,75.88,74.99,75.31,37.43271586825389,1948300,0.0000,1.0
2005-05-24,74.94,75.43,74.57,75.41,37.482420709401474,1699200,0.0000,1.0
2005-05-25,75.22,75.22,74.4,74.9,37.228926019548744,1565600,0.0000,1.0
2005-05-26,74.9,75.6,74.76,74.95,37.253778440122545,1952100,0.0000,1.0
2005-05-27,75.05,75.07,74.44,74.69,37.12454585313879,1200900,0.0000,1.0
2005-05-31,74.54,74.54,73.5,73.65,36.60761550520381,2600800,0.0000,1.0
2005-06-01,73.66,74.4,73.31,73.65,36.60761550520381,2416000,0.0000,1.0
2005-06-02,73.75,73.81,73.15,73.64,36.602645021089046,2131700,0.0000,1.0
2005-06-03,73.25,73.5,72.53,72.82,36.19506532367876,2294000,0.0000,1.0
2005-06-06,72.98,73.05,72.3,72.86,36.214947260137805,1758000,0.0000,1.0
2005-06-07,73.07,73.87,73.02,73.02,36.29447500597395,2200800,0.0000,1.0
2005-06-08,73.15,73.15,72.1,72.36,35.966423054399826,2144400,0.0000,1.0
2005-06-09,71.0,71.5,70.5,71.2,35.38984689708773,6074900,0.0000,1.0
2005-06-10,70.21,71.23,70.21,70.96,35.27055527833349,2554100,0.0000,1.0
2005-06-13,70.8,70.81,70.04,70.17,34.8778870332675,2872100,0.0000,1.0
2005-06-14,70.17,70.48,69.8,70.04,34.813270739775625,2791000,0.0000,1.0
2005-06-15,70.21,70.44,69.63,69.85,34.718831541595186,2593400,0.0000,1.0
2005-06-16,70.31,70.59,69.9,70.49,35.036942524939796,2460100,0.0000,1.0
2005-06-17,70.5,71.19,70.49,70.98,35.28049624656302,3466300,0.0000,1.0
2005-06-20,70.83,70.88,70.5,70.7,35.14132269134975,2306200,0.0000,1.0
2005-06-21,70.7,70.96,70.33,70.56,35.07173591374312,1848400,0.0000,1.0
2005-06-22,71.05,71.2,70.05,70.23,34.90770993795606,2903000,0.0000,1.0
2005-06-23,69.76,69.76,67.7,68.91,34.25160603480779,8818600,0.0000,1.0
2005-06-24,69.05,69.3,68.59,68.6,34.097521027250245,3297100,0.0000,1.0
2005-06-27,68.6,68.78,68.39,68.4,33.99811134495506,2110800,0.0000,1.0
2005-06-28,68.75,69.85,68.51,69.82,34.70392008925091,2945100,0.0000,1.0
2005-06-29,70.49,70.53,69.35,69.38,34.48521878820149,3182300,0.0000,1.0
2005-06-30,69.9,70.1,69.0,69.16,34.37586813767678,3061100,0.0000,1.0
2005-07-01,69.45,69.99,69.02,69.21,34.400720558250576,1607400,0.0000,1.0
2005-07-05,69.05,69.48,68.51,68.92,34.25657651892256,2077600,0.0000,1.0
2005-07-06,68.75,68.91,67.7,67.71,33.65514794103665,3266000,0.0000,1.0
2005-07-07,67.25,68.99,66.1,68.7,34.14722586839785,4042600,0.0000,1.0
2005-07-08,68.8,70.25,68.25,69.95,34.76853638274279,3207200,0.0000,1.0
2005-07-11,70.03,70.3,69.72,69.79,34.689008636906635,2487200,0.0000,1.0
2005-07-12,69.69,70.1,69.32,69.79,34.689008636906635,2009800,0.0000,1.0
2005-07-13,69.42,70.03,69.32,69.96,34.77350686685754,1770900,0.0000,1.0
2005-07-14,70.85,71.02,70.03,70.67,35.12641123900547,2616600,0.0000,1.0
2005-07-15,70.67,71.01,70.06,70.15,34.86794606503798,2305700,0.0000,1.0
2005-07-18,70.06,70.69,69.97,69.97,34.7784773509723,1789600,0.0000,1.0
2005-07-19,70.12,70.73,70.06,70.15,34.86794606503798,2365000,0.0000,1.0
2005-07-20,69.92,73.11,69.78,72.82,36.19506532367876,4937200,0.0000,1.0
2005-07-21,73.7,74.0,71.81,72.34,35.95648208617031,6498900,0.0000,1.0
2005-07-22,73.1,73.45,72.47,72.92,36.24477016482636,2382400,0.0000,1.0
2005-07-25,73.25,73.42,72.56,72.7,36.13541951430165,2155400,0.0000,1.0
2005-07-26,73.15,73.68,72.51,73.42,36.493294370564335,2746100,0.0000,1.0
2005-07-27,73.57,73.97,73.19,73.2,36.383943720039625,2280900,0.0000,1.0
2005-07-28,73.62,73.98,73.27,73.73,36.64737937812188,1460600,0.0000,1.0
2005-07-29,73.75,73.75,72.95,72.97,36.26962258540016,1799700,0.0000,1.0
2005-08-01,72.98,73.55,72.91,73.03,36.299445490088715,1705700,0.0000,1.0
2005-08-02,73.03,73.5,72.78,73.42,36.493294370564335,2570700,0.0000,1.0
2005-08-03,73.02,74.15,73.01,74.13,36.84619874271226,2064000,0.0000,1.0
2005-08-04,73.7,74.2225,73.44,73.73,36.64737937812188,1453600,0.0000,1.0
2005-08-05,73.45,73.76,73.36,73.44,36.50323533879386,1551100,0.0000,1.0
2005-08-08,73.6,73.92,72.95,73.05,36.30938645831823,1685500,0.0000,1.0
2005-08-09,73.63,73.81,73.02,73.16,36.36406178358059,1463100,0.0000,1.0
2005-08-10,73.31,74.1,72.8,73.06,36.314356942432994,1840500,0.0000,1.0
2005-08-11,72.8,73.51,72.6,73.22,36.39388468826915,1500500,0.0000,1.0
2005-08-12,73.22,73.55,72.76,73.06,36.314356942432994,1411600,0.0000,1.0
2005-08-15,72.87,73.31,72.5,73.0,36.284534037744436,1728900,0.0000,1.0
2005-08-16,73.05,73.38,72.14,72.14,35.857072403875115,2059600,0.0000,1.0
2005-08-17,72.2,72.52,71.5,72.31,35.94157063382603,2469000,0.0000,1.0
2005-08-18,71.9,72.33,71.5,71.78,35.842160951530836,1629700,0.3300,1.0
2005-08-19,72.13,72.3,71.48,71.48,35.692360891828145,1430600,0.0000,1.0
2005-08-22,72.2,72.4,71.57,72.35,36.12678106496595,1920200,0.0000,1.0
2005-08-23,72.36,72.5,71.86,72.11,36.00694101720379,3814900,0.0000,1.0
2005-08-24,72.11,73.3,71.93,71.95,35.92704765202903,2382900,0.0000,1.0
2005-08-25,71.94,72.18,71.53,71.91,35.90707431073533,1556800,0.0000,1.0
2005-08-26,71.91,71.91,71.06,71.33,35.617460861976795,2358900,0.0000,1.0
2005-08-29,70.84,71.35,70.5,71.2,35.5525475027723,1797300,0.0000,1.0
2005-08-30,70.95,71.0,69.82,70.42,35.1630673475453,2988900,0.0000,1.0
2005-08-31,70.42,70.89,69.75,70.89,35.39775410774618,3143700,0.0000,1.0
2005-09-01,70.52,70.71,69.54,69.65,34.77858052764172,2655700,0.0000,1.0
2005-09-02,69.9,70.31,68.98,68.98,34.444027060972374,2315900,0.0000,1.0
2005-09-06,69.7,70.3,69.58,70.05,34.978313940578644,2026500,0.0000,1.0
2005-09-07,70.0,70.1,69.51,69.73,34.81852721022911,1997200,0.0000,1.0
2005-09-08,70.15,70.15,68.7,68.83,34.369127031121025,2111700,0.0000,1.0
2005-09-09,68.99,68.99,68.3,68.5,34.20434696544807,2862000,0.0000,1.0
2005-09-12,68.32,68.82,67.93,68.51,34.209340300771494,2525500,0.0000,1.0
2005-09-13,68.7,69.02,68.4,68.43,34.16939361818411,2825600,0.0000,1.0
2005-09-14,68.75,68.87,68.12,68.3,34.104480258979606,2226400,0.0000,1.0
2005-09-15,68.48,68.85,68.25,68.46,34.18437362415437,1745900,0.0000,1.0
2005-09-16,68.5,69.0,67.76,68.98,34.444027060972374,4465500,0.0000,1.0
2005-09-19,68.5,68.75,67.1,67.26,33.58517338534361,2711000,0.0000,1.0
2005-09-20,67.47,67.88,66.75,66.86,33.38543997240668,3184600,0.0000,1.0
2005-09-21,68.35,69.6,67.26,67.92,33.91473351668953,3985000,0.0000,1.0
2005-09-22,67.7,68.8,67.25,68.6,34.2542803186823,2511100,0.0000,1.0
2005-09-23,68.6,68.8,67.68,68.37,34.13943360624357,2078200,0.0000,1.0
2005-09-26,68.7,69.1,67.97,68.28,34.09449358833276,2049300,0.0000,1.0
2005-09-27,68.56,68.9,67.91,68.5,34.20434696544807,2074500,0.0000,1.0
2005-09-28,68.9,69.13,68.19,68.94,34.42405371967868,2282300,0.0000,1.0
2005-09-29,68.74,70.44,68.28,70.37,35.13810067092818,2697700,0.0000,1.0
2005-09-30,69.99,70.0,68.95,69.13,34.518927090823716,2310300,0.0000,1.0
2005-10-03,69.3,69.75,68.48,69.32,34.61380046196876,2633800,0.0000,1.0
2005-10-04,69.55,69.64,68.15,68.35,34.12944693559672,2605500,0.0000,1.0
2005-10-05,68.03,68.37,66.9,66.9,33.40541331370038,4191800,0.0000,1.0
2005-10-06,67.15,69.55,67.15,68.3,34.104480258979606,4047600,0.0000,1.0
2005-10-07,68.55,69.22,67.88,68.44,34.17438695350753,1926000,0.0000,1.0
2005-10-10,68.67,69.2,68.45,68.83,34.369127031121025,1822800,0.0000,1.0
2005-10-11,68.83,69.99,68.81,69.46,34.68370715649668,2737400,0.0000,1.0
2005-10-12,69.05,70.0,68.23,68.72,34.314200342563375,2479900,0.0000,1.0
2005-10-13,68.25,68.67,67.8,68.13,34.01959355848141,2403600,0.0000,1.0
2005-10-14,68.96,70.25,68.7,70.01,34.95834059928495,3023600,0.0000,1.0
2005-10-17,70.4,70.96,69.6125,70.4,35.153080676898455,2221800,0.0000,1.0
2005-10-18,70.58,70.85,69.39,69.48,34.69369382714353,2230700,0.0000,1.0
2005-10-19,69.35,71.25,69.02,70.83,35.36779409580564,2931700,0.0000,1.0
2005-10-20,72.0,72.7,71.02,72.44,36.17172108287676,4549700,0.0000,1.0
2005-10-21,73.0,73.45,71.6442,71.68,35.792227598296606,5054900,0.0000,1.0
2005-10-24,72.27,73.92,71.93,73.89,36.895754704773104,3291800,0.0000,1.0
2005-10-25,73.7,73.99,72.91,73.52,36.71100129780645,2413700,0.0000,1.0
2005-10-26,73.53,73.99,72.8,72.8,36.35148115451999,1969100,0.0000,1.0
2005-10-27,72.84,72.89,71.96,71.97,35.93703432267587,2043200,0.0000,1.0
2005-10-28,72.58,72.87,72.18,72.82,36.361467825166834,2057000,0.0000,1.0
2005-10-31,73.5,73.54,72.86,72.94,36.42138784904791,2378100,0.0000,1.0
2005-11-01,72.98,73.4,72.61,72.8,36.35148115451999,2133000,0.0000,1.0
2005-11-02,72.8,74.08,72.48,73.88,36.89076136944968,2572300,0.0000,1.0
2005-11-03,74.0,74.9,73.95,74.26,37.08050811173976,3571900,0.0000,1.0
2005-11-04,74.26,74.26,73.5,74.1,37.000614746564985,1721000,0.0000,1.0
2005-11-07,74.3,74.88,74.07,74.81,37.355141554528025,2185900,0.0000,1.0
2005-11-08,74.3,74.95,74.3,74.69,37.29522153064695,1346000,0.0000,1.0
2005-11-09,74.71,75.0,74.3,74.7,37.300214865970375,2436100,0.0000,1.0
2005-11-10,74.94,75.69,74.51,75.69,37.794555062989254,2500300,0.0000,1.0
2005-11-11,75.73,76.37,75.53,76.26,38.07917517642438,2705700,0.0000,1.0
2005-11-14,76.74,77.39,76.55,77.18,38.5385620261793,2922600,0.0000,1.0
2005-11-15,77.18,77.25,75.51,75.56,37.72964170378476,3682600,0.0000,1.0
2005-11-16,75.81,75.99,74.94,75.44,37.66972167990368,2507900,0.0000,1.0
2005-11-17,75.81,76.82,75.64,76.82,38.35880195453606,3645200,0.0000,1.0
2005-11-18,77.95,78.21,77.0,78.15,39.02291555255134,4662600,0.0000,1.0
2005-11-21,78.23,78.45,77.77,78.19,39.042888893845024,3068500,0.0000,1.0
2005-11-22,78.9,79.97,78.71,79.78,39.83682921026929,5292000,0.0000,1.0
2005-11-23,79.7,79.75,79.13,79.22,39.72198249783057,2192400,0.3300,1.0
2005-11-25,79.65,79.85,79.5,79.54,39.882434838139915,1254800,0.0000,1.0
2005-11-28,79.79,79.82,78.42,78.77,39.49634639427056,1992300,0.0000,1.0
2005-11-29,79.4,79.4172,78.32,78.49,39.35595059649989,2584700,0.0000,1.0
2005-11-30,78.7,79.12,77.9,77.9,39.060116594054556,2253400,0.0000,1.0
2005-12-01,78.25,78.65,77.94,78.07,39.14535689984388,1943700,0.0000,1.0
2005-12-02,77.7,77.8,77.12,77.45,38.83448049049454,2798300,0.0000,1.0
2005-12-05,76.96,77.1,75.5,76.04,38.12748736600653,3440100,0.0000,1.0
2005-12-06,76.5,78.04,76.49,77.16,38.6890705570892,3174200,0.0000,1.0
2005-12-07,77.25,77.7,76.7,77.2,38.70912709962787,2245800,0.0000,1.0
2005-12-08,76.85,76.95,74.5,75.02,37.6160455312705,4403000,0.0000,1.0
2005-12-09,75.37,75.92,75.31,75.79,38.002133975139856,2191800,0.0000,1.0
2005-12-12,76.08,76.14,75.02,75.59,37.90185126244651,1977900,0.0000,1.0
2005-12-13,76.4,76.4,74.71,75.4,37.806582685387845,2714400,0.0000,1.0
2005-12-14,75.5,76.27,75.5,76.13,38.17261458671852,1984100,0.0000,1.0
2005-12-15,76.1,76.61,75.53,76.27,38.24281248560386,2150400,0.0000,1.0
2005-12-16,76.62,76.82,75.88,76.02,38.117459094737185,2998100,0.0000,1.0
2005-12-19,76.2,76.39,74.98,75.07,37.64111620944384,1774400,0.0000,1.0
2005-12-20,75.4,75.8,74.86,75.23,37.72134237959851,2220300,0.0000,1.0
2005-12-21,76.19,77.859,75.98,76.62,38.4183072328172,5418800,0.0000,1.0
2005-12-22,77.0,77.28,76.73,76.84,38.52861821677987,2769700,0.0000,1.0
2005-12-23,76.98,77.38,76.76,77.14,38.67904228581987,1575700,0.0000,1.0
2005-12-27,77.35,77.52,76.53,76.6,38.40827896154786,1635900,0.0000,1.0
2005-12-28,76.69,76.69,75.97,76.4,38.30799624885453,1469300,0.0000,1.0
2005-12-29,76.35,76.99,75.85,75.86,38.03723292458252,1485300,0.0000,1.0
2005-12-30,74.8,75.65,74.8,75.15,37.681229294521174,1872600,0.0000,1.0
2006-01-03,76.14,76.14,73.699,75.55,37.881794719907845,3555000,0.0000,1.0
2006-01-04,75.65,76.1,75.35,75.65,37.931936076254516,2958500,0.0000,1.0
2006-01-05,75.65,76.06,75.47,75.68,37.94697848315852,2298600,0.0000,1.0
2006-01-06,75.93,76.0,74.57,75.23,37.72134237959851,2995700,0.0000,1.0
2006-01-09,75.21,76.34,75.1,76.15,38.18264285798786,2999100,0.0000,1.0
2006-01-10,76.15,76.15,75.51,75.74,37.97706329696651,2118700,0.0000,1.0
2006-01-11,75.96,75.96,75.12,75.35,37.78151200721451,1837800,0.0000,1.0
2006-01-12,74.93,75.03,74.28,74.67,37.440550784057166,2774200,0.0000,1.0
2006-01-13,74.98,75.23,74.25,74.5,37.35531047826783,1747000,0.0000,1.0
2006-01-17,75.0,75.49,74.69,74.92,37.56590417492384,2863100,0.0000,1.0
2006-01-18,74.93,75.91,74.67,75.08,37.646130345078504,2377200,0.0000,1.0
2006-01-19,75.79,76.99,75.5,76.58,38.39825069027853,2527000,0.0000,1.0
2006-01-20,76.69,76.98,75.0,75.24,37.72635651523317,4267100,0.0000,1.0
2006-01-23,75.68,75.71,74.63,75.21,37.71131410832917,2405500,0.0000,1.0
2006-01-24,75.49,76.5,75.26,76.15,38.18264285798786,3234300,0.0000,1.0
2006-01-25,76.55,76.94,75.8,76.76,38.48850513170253,3627600,0.0000,1.0
2006-01-26,76.7,76.7,74.26,75.55,37.881794719907845,6852000,0.0000,1.0
2006-01-27,75.8,75.84,74.99,75.4,37.806582685387845,4092600,0.0000,1.0
2006-01-30,75.55,75.71,74.9,74.9,37.5558759036545,2288500,0.0000,1.0
2006-01-31,74.91,75.45,74.62,74.91,37.56089003928917,2570800,0.0000,1.0
2006-02-01,74.93,74.96,74.27,74.76,37.48567800476917,2350500,0.0000,1.0
2006-02-02,74.74,75.1,73.7,73.71,36.95919376312915,2363600,0.0000,1.0
2006-02-03,73.0,73.3,72.75,73.06,36.63327494687581,2547200,0.0000,1.0
2006-02-06,73.06,73.79,72.95,73.49,36.84888277916648,1779700,0.0000,1.0
2006-02-07,73.62,73.85,72.74,72.79,36.49789328473981,2514800,0.0000,1.0
2006-02-08,72.8,74.0,72.8,73.88,37.044434068918484,2091200,0.0000,1.0
2006-02-09,73.9,73.9,73.42,73.77,36.98927857693715,2206000,0.0000,1.0
2006-02-10,73.9,75.26,73.78,74.78,37.495706276038504,2860700,0.0000,1.0
2006-02-13,74.4,75.28,74.36,75.03,37.621059666905175,1659300,0.0000,1.0
2006-02-14,75.25,76.28,75.02,75.92,38.06731773839052,3490900,0.0000,1.0
2006-02-15,75.93,76.35,75.28,75.92,38.06731773839052,2140500,0.0000,1.0
2006-02-16,75.9,76.19,75.5,76.1,38.34810933393186,2119300,0.3800,1.0
2006-02-17,76.3,76.32,75.81,76.25,38.42369693445866,2228700,0.0000,1.0
2006-02-21,76.16,76.18,74.86,75.25,37.91977959761331,2432200,0.0000,1.0
2006-02-22,75.73,76.12,75.55,75.87,38.232208346457426,1987000,0.0000,1.0
2006-02-23,75.35,75.9,75.21,75.27,37.92985794435021,1841900,0.0000,1.0
2006-02-24,75.38,75.81,75.01,75.32,37.95505381119248,2007400,0.0000,1.0
2006-02-27,75.32,76.0,75.3199,75.95,38.27252173340506,1466700,0.0000,1.0
2006-02-28,75.8,75.91,74.63,74.71,37.6476642357168,2858600,0.0000,1.0
2006-03-01,75.1,75.5,74.88,75.32,37.95505381119248,2283600,0.0000,1.0
2006-03-02,75.07,75.17,74.52,74.95,37.768604396559695,2122500,0.0000,1.0
2006-03-03,74.43,76.0,74.42,75.51,38.050798105193095,3008700,0.0000,1.0
2006-03-06,75.4,76.33,75.15,76.1,38.34810933393186,2521300,0.0000,1.0
2006-03-07,76.17,76.97,75.94,76.9,38.75124320340815,2742100,0.0000,1.0
2006-03-08,76.75,77.0,76.01,77.0,38.80163493709268,2975600,0.0000,1.0
2006-03-09,76.9,77.23,76.42,76.7,38.650459736039075,2462100,0.0000,1.0
2006-03-10,76.7,77.51,76.43,77.36,38.98304517835701,2747300,0.0000,1.0
2006-03-13,77.69,77.7,76.7,76.89,38.74620403003969,1810100,0.0000,1.0
2006-03-14,76.89,78.18,76.83,78.1,39.355944007622575,3244400,0.0000,1.0
2006-03-15,77.94,78.39,77.66,78.23,39.42145326141247,2676000,0.0000,1.0
2006-03-16,78.0,78.17,77.56,78.0,39.30555227393804,3310100,0.0000,1.0
2006-03-17,78.3,78.32,77.89,78.14,39.37610070109639,3406800,0.0000,1.0
2006-03-20,78.1,78.4,77.81,78.22,39.41641408804402,1974300,0.0000,1.0
2006-03-21,78.47,78.49,77.96,78.04,39.325708967411856,2429200,0.0000,1.0
2006-03-22,78.04,78.91,77.85,78.85,39.73388201025659,2283200,0.0000,1.0
2006-03-23,78.86,78.96,78.36,78.86,39.73892118362505,2461900,0.0000,1.0
2006-03-24,78.08,78.9,78.08,78.82,39.71876449015123,1854900,0.0000,1.0
2006-03-27,78.82,79.07,78.56,78.89,39.75403870373041,1779300,0.0000,1.0
2006-03-28,78.07,79.15,78.07,78.87,39.743960356993504,1996300,0.0000,1.0
2006-03-29,79.12,79.88,78.91,79.6,40.11182001289061,3219100,0.0000,1.0
2006-03-30,79.45,80.18,79.26,79.52,40.07150662594299,3355100,0.0000,1.0
2006-03-31,79.67,79.98,79.36,79.38,40.00095819878464,3190300,0.0000,1.0
2006-04-03,79.8,80.03,79.25,79.58,40.10174166615371,2992900,0.0000,1.0
2006-04-04,79.8,80.89,79.6742,80.65,40.64093321657825,3416000,0.0000,1.0
2006-04-05,80.64,81.11,80.54,80.91,40.771951724158036,2824800,0.0000,1.0
2006-04-06,80.84,81.47,80.15,81.35,40.99367535236999,2663300,0.0000,1.0
2006-04-07,81.35,81.83,81.03,81.74,41.190203113739685,3766300,0.0000,1.0
2006-04-10,81.8,81.96,81.02,81.57,41.10453716647597,2064300,0.0000,1.0
2006-04-11,81.7,81.75,80.77,81.27,40.95336196542237,2730900,0.0000,1.0
2006-04-12,81.6,81.7,81.26,81.46,41.049106259422985,2121000,0.0000,1.0
2006-04-13,81.47,81.63,81.22,81.6,41.119654686581335,1609600,0.0000,1.0
2006-04-17,81.48,81.75,80.91,81.04,40.837460977947934,2488100,0.0000,1.0
2006-04-18,81.84,82.57,81.23,82.4,41.52278855605763,3651000,0.0000,1.0
2006-04-19,82.85,82.87,82.18,82.52,41.583258636479066,2328400,0.0000,1.0
2006-04-20,81.5,82.57,81.5,82.05,41.34641748816175,3574900,0.0000,1.0
2006-04-21,82.46,82.64,81.57,82.03,41.336339141424844,2716900,0.0000,1.0
2006-04-24,82.03,82.42,81.77,81.99,41.31618244795102,2210200,0.0000,1.0
2006-04-25,82.0,82.01,80.68,80.9,40.766912550789584,3041500,0.0000,1.0
2006-04-26,80.93,81.4,80.5,80.98,40.807225937737215,1786000,0.0000,1.0
2006-04-27,80.91,81.67,80.52,81.45,41.04406708605453,3009900,0.0000,1.0
2006-04-28,81.39,81.39,80.8,81.07,40.85257849805329,2682700,0.0000,1.0
2006-05-01,81.32,81.42,80.6,80.88,40.75683420405267,2336400,0.0000,1.0
2006-05-02,81.42,81.95,80.69,81.63,41.1347722066867,2220000,0.0000,1.0
2006-05-03,81.63,82.15,81.33,81.65,41.14485055342361,2148400,0.0000,1.0
2006-05-04,82.0,82.86,81.99,82.4,41.52278855605763,2551600,0.0000,1.0
2006-05-05,83.0,83.91,82.74,83.35,42.001510026060714,3585500,0.0000,1.0
2006-05-08,83.85,83.99,83.04,83.11,41.88056986521783,2061600,0.0000,1.0
2006-05-09,83.44,83.44,82.51,83.1,41.87553069184937,2107300,0.0000,1.0
2006-05-10,82.75,83.0,82.47,82.47,41.5580627696368,2226200,0.0000,1.0
2006-05-11,82.47,82.55,81.37,81.83,41.427044262057,2348200,0.3800,1.0
2006-05-12,81.83,81.84,80.75,80.86,40.935974569594634,2332700,0.0000,1.0
2006-05-15,80.5,81.67,80.3,81.32,41.168852980453075,2408800,0.0000,1.0
2006-05-16,81.32,81.4,80.76,80.76,40.88534882810367,1805900,0.0000,1.0
2006-05-17,80.26,80.52,79.38,79.73,40.36390369074673,3031400,0.0000,1.0
2006-05-18,80.0,80.3,79.48,79.5,40.24746448531751,3292100,0.0000,1.0
2006-05-19,79.6,80.23,79.31,79.94,40.470217747877754,2810000,0.0000,1.0
2006-05-22,80.25,80.94,79.52,80.3,40.65247041724523,3239600,0.0000,1.0
2006-05-23,80.55,81.4,80.41,80.5,40.75372190022716,3188300,0.0000,1.0
2006-05-24,80.2,80.77,79.6,80.0,40.500593192772335,3691100,0.0000,1.0
2006-05-25,80.6,81.17,80.37,80.55,40.77903477097264,1986300,0.0000,1.0
2006-05-26,80.88,81.07,80.5,81.03,41.02203833012928,1389000,0.0000,1.0
2006-05-30,80.78,80.79,79.7,79.8,40.399341709790406,1807600,0.0000,1.0
2006-05-31,80.05,80.55,79.77,80.55,40.77903477097264,2632100,0.0000,1.0
2006-06-01,80.87,81.15,80.32,81.01,41.01191318183109,1871700,0.0000,1.0
2006-06-02,81.01,81.25,80.67,81.05,41.03216347842747,2190200,0.0000,1.0
2006-06-05,81.02,81.11,79.49,79.61,40.30315280095757,2053400,0.0000,1.0
2006-06-06,79.75,80.18,78.91,80.04,40.52084348936872,2042900,0.0000,1.0
2006-06-07,80.1,80.88,79.63,79.63,40.31327794925576,2332300,0.0000,1.0
2006-06-08,79.66,79.85,78.25,79.58,40.28796507851028,3121200,0.0000,1.0
2006-06-09,79.58,80.31,79.23,79.31,40.15127557648467,2006700,0.0000,1.0
2006-06-12,78.92,79.54,78.66,78.66,39.822208256793395,1624400,0.0000,1.0
2006-06-13,78.8,79.6,78.52,78.72,39.852583701687976,2440600,0.0000,1.0
2006-06-14,78.47,78.95,77.55,78.2,39.58932984593496,2917000,0.0000,1.0
2006-06-15,78.18,79.69,78.0,79.56,40.27783993021209,3273700,0.0000,1.0
2006-06-16,79.56,79.95,79.2245,79.28,40.136087854037385,3510700,0.0000,1.0
2006-06-19,79.85,79.95,79.05,79.29,40.141150428186485,2440400,0.0000,1.0
2006-06-20,79.4,80.19,79.38,79.71,40.35377854244853,2393200,0.0000,1.0
2006-06-21,80.45,80.86,80.11,80.3,40.65247041724523,3397700,0.0000,1.0
2006-06-22,80.3,80.69,79.84,80.5,40.75372190022716,1927800,0.0000,1.0
2006-06-23,80.04,80.99,79.86,80.4,40.7030961587362,1579100,0.0000,1.0
2006-06-26,80.12,80.68,80.03,80.68,40.844848234910906,1166700,0.0000,1.0
2006-06-27,80.55,81.06,80.43,80.5,40.75372190022716,1890500,0.0000,1.0
2006-06-28,80.57,81.32,80.5,81.2,41.10810209066392,2652600,0.0000,1.0
2006-06-29,81.85,82.84,81.5,82.77,41.902926232072076,3161500,0.0000,1.0
2006-06-30,82.96,83.13,82.33,82.33,41.68017296951183,2656700,0.0000,1.0
2006-07-03,82.98,83.0,82.54,82.93,41.983927418457625,757600,0.0000,1.0
2006-07-05,82.94,82.94,81.85,82.47,41.75104900759918,1970100,0.0000,1.0
2006-07-06,82.47,82.5899,81.41,81.96,41.49285772599526,1955500,0.0000,1.0
2006-07-07,81.86,81.87,80.88,81.09,41.05241377502386,1586300,0.0000,1.0
2006-07-10,81.14,81.61,80.97,81.38,41.199228425347656,966100,0.0000,1.0
2006-07-11,81.39,81.73,80.44,81.65,41.335917927373266,1620400,0.0000,1.0
2006-07-12,81.85,81.86,80.28,80.69,40.84991080906,1865600,0.0000,1.0
2006-07-13,80.35,80.35,79.03,79.33,40.161400724782865,3462000,0.0000,1.0
2006-07-14,79.33,79.36,77.22,78.57,39.77664508945153,3273600,0.0000,1.0
2006-07-17,78.59,79.17,78.26,78.58,39.78170766360063,1709900,0.0000,1.0
2006-07-18,78.58,79.14,77.98,78.97,39.97914805541539,2092400,0.0000,1.0
2006-07-19,79.54,80.88,79.42,80.45,40.72840902948168,3679400,0.0000,1.0
2006-07-20,80.27,80.84,78.92,78.97,39.97914805541539,2612400,0.0000,1.0
2006-07-21,79.45,79.45,77.92,78.73,39.85764627583708,3569400,0.0000,1.0
2006-07-24,78.8,80.31,78.8,80.0,40.500593192772335,2378500,0.0000,1.0
2006-07-25,70.25,71.88,67.25,71.8,36.34928239051317,46443200,0.0000,1.0
2006-07-26,71.1,71.2,67.78,67.83,34.33944045332184,19921900,0.0000,1.0
2006-07-27,67.59,68.65,66.8,68.45,34.65332005056583,12591300,0.0000,1.0
2006-07-28,68.5,70.15,68.15,70.01,35.443081617824895,7975900,0.0000,1.0
2006-07-31,69.6,69.65,68.75,68.91,34.88619846142427,4932700,0.0000,1.0
2006-08-01,68.66,69.02,68.02,68.81,34.8355727199333,3991900,0.0000,1.0
2006-08-02,68.76,68.96,67.9,68.09,34.47106738119835,6407200,0.0000,1.0
2006-08-03,67.84,68.89,67.49,68.6,34.72925866280227,5710700,0.0000,1.0
2006-08-04,69.98,70.9,67.5,67.74,34.293877285979974,7276400,0.0000,1.0
2006-08-07,68.55,68.55,66.5,66.51,33.6711806656411,4752300,0.0000,1.0
2006-08-08,66.76,66.87,65.75,66.19,33.50917829287001,5283500,0.0000,1.0
2006-08-09,66.66,66.79,65.51,65.92,33.37248879084441,5758100,0.0000,1.0
2006-08-10,65.5,66.6,65.5,66.48,33.655992943193816,4155300,0.0000,1.0
2006-08-11,66.72,66.79,66.12,66.51,33.6711806656411,3543200,0.0000,1.0
2006-08-14,67.5,67.99,67.05,67.3,34.07112402341973,5040800,0.0000,1.0
2006-08-15,68.19,69.1,68.01,69.0,34.93176162876614,4489300,0.0000,1.0
2006-08-16,69.72,72.18,69.55,71.75,36.32396951976769,10158300,0.0000,1.0
2006-08-17,71.5,72.13,71.22,71.65,36.4657215959424,4311500,0.3800,1.0
2006-08-18,71.65,71.75,70.7,71.08,36.17562443879393,3609400,0.0000,1.0
2006-08-21,70.89,70.89,69.95,69.97,35.61069839592588,3191200,0.0000,1.0
2006-08-22,70.22,71.16,69.74,70.94,36.104372505459224,3276000,0.0000,1.0
2006-08-23,71.19,71.6,70.08,70.52,35.890616705455095,3185400,0.0000,1.0
2006-08-24,71.1,71.25,69.77,70.0,35.625966667354746,2733700,0.0000,1.0
2006-08-25,70.0,70.71,69.93,70.57,35.916063824503205,2055400,0.0000,1.0
2006-08-28,70.92,71.52,70.28,70.53,35.89570612926472,3185200,0.0000,1.0
2006-08-29,70.98,70.98,70.01,70.34,35.7990070768819,4225600,0.0000,1.0
2006-08-30,70.6,70.72,70.18,70.54,35.90079555307434,2156800,0.0000,1.0
2006-08-31,69.9,71.12,69.49,70.05,35.651413786402856,4597300,0.0000,1.0
2006-09-01,70.9,71.19,70.51,71.08,36.17562443879393,2704700,0.0000,1.0
2006-09-05,71.47,71.64,70.5,71.06,36.16544559117469,2328800,0.0000,1.0
2006-09-06,71.03,71.03,70.04,70.3,35.778649381643405,3697100,0.0000,1.0
2006-09-07,70.1,70.6,69.67,69.72,35.483462800685324,2387700,0.0000,1.0
2006-09-08,69.79,70.19,69.38,69.56,35.40203201973137,2202500,0.0000,1.0
2006-09-11,69.62,71.01,69.0,70.95,36.109461929268846,3029100,0.0000,1.0
2006-09-12,71.25,72.56,70.8,72.56,36.928859162618004,4427800,0.0000,1.0
2006-09-13,72.48,73.57,71.9,72.99,37.147704386431755,3367700,0.0000,1.0
2006-09-14,72.79,72.94,71.73,71.75,36.51661583403861,2676800,0.0000,1.0
2006-09-15,71.75,72.66,71.75,72.51,36.903412043569894,4449200,0.0000,1.0
2006-09-18,72.54,72.99,72.38,72.62,36.95939570547574,2479000,0.0000,1.0
2006-09-19,72.93,72.93,71.91,72.2,36.74563990547161,2748300,0.0000,1.0
2006-09-20,72.79,73.2,72.42,72.61,36.95430628166611,2666900,0.0000,1.0
2006-09-21,72.9,72.91,70.88,71.01,36.13999847212658,3703200,0.0000,1.0
2006-09-22,71.02,71.48,70.68,70.89,36.078925386411115,2340500,0.0000,1.0
2006-09-25,71.99,72.04,70.7,71.81,36.54715237689635,3374200,0.0000,1.0
2006-09-26,72.06,72.84,71.82,72.71,37.00520051976233,2796900,0.0000,1.0
2006-09-27,72.38,72.97,72.02,72.4,36.84742838166405,2587600,0.0000,1.0
2006-09-28,72.38,72.81,72.1,72.53,36.91359089118914,2256900,0.0000,1.0
2006-09-29,72.66,72.67,71.37,71.94,36.613314886421435,3164500,0.0000,1.0
2006-10-02,72.44,72.75,71.92,72.4,36.84742838166405,2554400,0.0000,1.0
2006-10-03,72.49,74.14,72.07,73.61,37.463248662628324,3340600,0.0000,1.0
2006-10-04,73.5,74.68,72.6,74.49,37.91111795787507,3515000,0.0000,1.0
2006-10-05,74.29,75.72,74.2,75.43,38.38952379597955,4414600,0.0000,1.0
2006-10-06,74.95,74.96,73.97,74.27,37.79915063406338,2669500,0.0000,1.0
2006-10-09,73.87,74.23,73.52,74.0,37.66173619120359,2012400,0.0000,1.0
2006-10-10,74.0,74.23,73.71,73.88,37.60066310548812,2135700,0.0000,1.0
2006-10-11,73.4,74.12,73.32,73.71,37.51414290072454,2625200,0.0000,1.0
2006-10-12,74.14,74.2,73.61,73.77,37.544679443582275,2120200,0.0000,1.0
2006-10-13,73.74,73.95,73.31,73.4,37.35637076262626,2180200,0.0000,1.0
2006-10-16,73.08,74.6,73.02,74.12,37.72280927691906,2855900,0.0000,1.0
2006-10-17,73.63,74.48,73.11,73.7,37.50905347691493,3075500,0.0000,1.0
2006-10-18,74.0,74.23,72.09,72.41,36.852517805473674,4499300,0.0000,1.0
2006-10-19,73.98,76.08,73.65,75.25,38.297914167406354,10637100,0.0000,1.0
2006-10-20,75.17,76.25,74.4,76.1,38.73051519122423,5014600,0.0000,1.0
2006-10-23,76.0,76.95,75.6,76.05,38.70506807217612,3199600,0.0000,1.0
2006-10-24,75.8,76.32,75.75,76.06,38.71015749598574,2595500,0.0000,1.0
2006-10-25,75.94,76.41,75.13,75.68,38.516759391220106,2574500,0.0000,1.0
2006-10-26,75.61,75.83,75.27,75.45,38.39970264359879,1577000,0.0000,1.0
2006-10-27,75.38,75.39,74.75,74.87,38.10451606264071,2379300,0.0000,1.0
2006-10-30,74.88,76.0,74.88,75.9,38.62872671503179,2796100,0.0000,1.0
2006-10-31,76.0,76.44,75.01,75.35,38.34880840550257,3017100,0.0000,1.0
2006-11-01,75.89,76.08,73.95,74.2,37.763524667396034,3311100,0.0000,1.0
2006-11-02,74.13,74.5,73.79,74.0,37.66173619120359,1929600,0.0000,1.0
2006-11-03,74.33,74.5,73.2,73.2,37.25458228643382,2163200,0.0000,1.0
2006-11-06,73.74,74.91,73.73,74.6,37.96710161978091,3422100,0.0000,1.0
2006-11-07,74.6,75.46,74.32,75.31,38.328450710264086,3622200,0.0000,1.0
2006-11-08,75.19,75.19,74.41,74.93,38.135052605498444,1992000,0.0000,1.0
2006-11-09,74.78,74.89,74.15,74.39,37.86022371977885,3089100,0.0000,1.0
2006-11-10,74.74,75.74,74.6,75.56,38.455686305504635,2191000,0.0000,1.0
2006-11-13,75.46,76.38,75.44,76.26,38.81194597217819,3737600,0.0000,1.0
2006-11-14,76.39,77.77,76.06,77.61,39.499018186477166,5348400,0.0000,1.0
2006-11-15,77.5,78.06,77.31,77.91,39.65170090076583,3493800,0.0000,1.0
2006-11-16,77.92,78.89,77.9,78.58,39.99269229601051,3287200,0.0000,1.0
2006-11-17,79.0,79.49,78.67,79.13,40.272610605539725,5244800,0.0000,1.0
2006-11-20,79.13,79.72,78.69,79.28,40.34895196268406,2749900,0.0000,1.0
2006-11-21,79.28,79.68,78.79,79.14,40.27770002934935,3900700,0.0000,1.0
2006-11-22,79.2,79.35,78.7618,79.02,40.41002504839952,2108100,0.3800,1.0
2006-11-24,79.12,79.28,78.76,78.84,40.317974877446446,1024800,0.0000,1.0
2006-11-27,78.8,79.5,78.2,78.27,40.026482669428376,3739600,0.0000,1.0
2006-11-28,78.15,78.31,77.44,78.13,39.954888092020425,2901100,0.0000,1.0
2006-11-29,78.24,78.71,77.96,78.58,40.185013519403114,2849000,0.0000,1.0
2006-11-30,78.12,78.68,77.4,77.92,39.847496225908515,4187900,0.0000,1.0
2006-12-01,77.92,78.1,76.66,77.31,39.535548424345315,2973700,0.0000,1.0
2006-12-04,77.44,78.41,77.43,78.03,39.90374910815761,2980000,0.0000,1.0
2006-12-05,78.25,78.5,77.65,78.19,39.98557148233812,2757800,0.0000,1.0
2006-12-06,78.19,78.3,77.69,78.04,39.908863006543896,1888800,0.0000,1.0
2006-12-07,78.49,78.77,77.87,78.01,39.89352131138505,2830400,0.0000,1.0
2006-12-08,77.81,78.38,77.36,78.11,39.944660295247864,2136800,0.0000,1.0
2006-12-11,78.05,78.39,77.37,77.77,39.77078775011428,1523900,0.0000,1.0
2006-12-12,77.55,77.76,76.5,76.9,39.32587859050776,3439500,0.0000,1.0
2006-12-13,77.3,77.35,76.21,76.51,39.126436553442765,2430200,0.0000,1.0
2006-12-14,76.41,76.92,75.85,76.84,39.295195200190065,2146100,0.0000,1.0
2006-12-15,76.84,77.26,76.4,76.67,39.20825892762328,3352200,0.0000,1.0
2006-12-18,76.92,77.13,76.47,76.7,39.22360062278212,1785600,0.0000,1.0
2006-12-19,76.36,76.46,75.55,75.75,38.73778027608534,2881600,0.0000,1.0
2006-12-20,74.9,75.21,74.45,74.77,38.23661823422971,3888700,0.0000,1.0
2006-12-21,74.98,75.35,73.84,74.55,38.124112469731514,2968700,0.0000,1.0
2006-12-22,74.4,74.4,73.6424,73.87,37.77636737946435,2950800,0.0000,1.0
2006-12-26,73.62,74.33,73.62,74.22,37.95535382298421,1374600,0.0000,1.0
2006-12-27,74.75,75.46,74.66,75.12,38.415604677749585,2750800,0.0000,1.0
2006-12-28,75.1,75.29,74.5,74.96,38.333782303569066,1925600,0.0000,1.0
2006-12-29,74.77,75.41,74.5,74.98,38.344010100341634,2752600,0.0000,1.0
2007-01-03,75.45,75.98,74.4,74.97,38.33889620195535,3955300,0.0000,1.0
2007-01-04,75.25,75.5,74.52,75.09,38.40026298259074,2306000,0.0000,1.0
2007-01-05,75.04,75.04,73.62,74.15,37.91955653428024,3602400,0.0000,1.0
2007-01-08,74.2,74.59,73.74,74.38,38.03717619716472,2354800,0.0000,1.0
2007-01-09,74.98,75.0,73.91,74.08,37.883759245576265,3322200,0.0000,1.0
2007-01-10,73.75,73.85,73.25,73.63,37.653633818193576,2895100,0.0000,1.0
2007-01-11,73.63,73.88,73.55,73.65,37.663861614966144,3060900,0.0000,1.0
2007-01-12,73.65,74.47,73.35,74.44,38.06785958748241,3027600,0.0000,1.0
2007-01-16,74.8,75.35,74.61,74.88,38.292871116478814,3693000,0.0000,1.0
2007-01-17,74.95,75.22,74.68,75.0,38.354237897114196,2737600,0.0000,1.0
2007-01-18,75.12,75.4,74.62,74.81,38.257073827774846,2895700,0.0000,1.0
2007-01-19,75.2,75.3,74.75,75.02,38.36446569388676,4242100,0.0000,1.0
2007-01-22,75.05,75.17,73.72,74.28,37.986037213301906,3972600,0.0000,1.0
2007-01-23,74.29,74.29,73.42,73.62,37.6485199198073,2702800,0.0000,1.0
2007-01-24,73.9,74.82,73.62,74.45,38.072973485868694,3481600,0.0000,1.0
2007-01-25,74.44,74.45,73.43,73.61,37.643406021421015,2706500,0.0000,1.0
2007-01-26,73.8,73.8,72.21,72.49,37.07064940215744,4726200,0.0000,1.0
2007-01-29,72.5,73.82,72.47,73.65,37.663861614966144,3937400,0.0000,1.0
2007-01-30,71.17,72.7,70.38,72.7,37.17804126826936,12995800,0.0000,1.0
2007-01-31,72.3,72.61,71.5,72.28,36.963257536045525,6078800,0.0000,1.0
2007-02-01,72.85,73.74,72.74,73.64,37.65874771657986,4495700,0.0000,1.0
2007-02-02,73.57,74.48,73.5,74.17,37.9297843310528,5510000,0.0000,1.0
2007-02-05,74.18,74.33,73.65,73.68,37.67920331012499,2751500,0.0000,1.0
2007-02-06,73.7,74.0,73.66,73.93,37.80705076978204,2259700,0.0000,1.0
2007-02-07,74.16,74.16,73.46,73.92,37.80193687139575,2461100,0.0000,1.0
2007-02-08,73.92,73.93,73.21,73.33,37.50021686660512,2348500,0.0000,1.0
2007-02-09,74.12,74.24,73.28,73.56,37.61783652948961,3573800,0.0000,1.0
2007-02-12,73.95,74.09,73.68,73.87,37.77636737946435,2636700,0.0000,1.0
2007-02-13,73.9,74.45,73.57,74.39,38.042290095551,3617300,0.0000,1.0
2007-02-14,74.51,75.32,74.51,74.6,38.14968196166292,4576900,0.0000,1.0
2007-02-15,75.0,75.19,74.39,74.48,38.30309891325138,3738800,0.4200,1.0
2007-02-16,74.2,74.6,73.83,74.04,38.07681852224936,3249700,0.0000,1.0
2007-02-20,74.0,74.24,73.7,73.9,38.00482021602144,2550200,0.0000,1.0
2007-02-21,73.77,74.1,73.45,73.8,37.95339285443007,2891300,0.0000,1.0
2007-02-22,73.77,74.18,73.26,73.4,37.7476834080646,2760600,0.0000,1.0
2007-02-23,73.4,73.4,72.75,73.34,37.71682699110978,3844700,0.0000,1.0
2007-02-26,73.48,73.74,72.69,72.79,37.433976502357254,3836400,0.0000,1.0
2007-02-27,72.6,72.6,70.0,70.23,36.11743604561821,6281200,0.0000,1.0
2007-02-28,70.4,70.93,69.93,70.19,36.09686510098167,7900600,0.0000,1.0
2007-03-01,69.4,70.3,68.66,70.12,36.06086594786771,4972800,0.0000,1.0
2007-03-02,69.95,70.1,69.34,69.47,35.72658809752381,3676800,0.0000,1.0
2007-03-05,69.27,70.11,68.75,69.7,35.84487102918396,7667000,0.0000,1.0
2007-03-06,70.0,70.24,69.42,69.91,35.95286848852583,4800800,0.0000,1.0
2007-03-07,69.91,70.35,69.78,70.0,35.999153113958066,4024800,0.0000,1.0
2007-03-08,70.09,70.5,69.75,69.87,35.93229754388929,3170600,0.0000,1.0
2007-03-09,70.95,70.99,70.37,70.63,36.32314549198369,3071500,0.0000,1.0
2007-03-12,70.88,71.39,70.62,71.15,36.59056777225881,3238800,0.0000,1.0
2007-03-13,70.5,70.98,69.76,69.91,35.95286848852583,4159900,0.0000,1.0
2007-03-14,70.12,70.32,68.75,70.23,36.11743604561821,5049200,0.0000,1.0
2007-03-15,70.3,70.64,69.33,69.41,35.69573168056899,4343700,0.0000,1.0
2007-03-16,69.7,69.82,68.81,69.26,35.61859063818194,6065400,0.0000,1.0
2007-03-19,69.65,69.85,69.07,69.48,35.73173083368295,3494000,0.0000,1.0
2007-03-20,69.38,70.38,69.26,70.25,36.127721517936486,2839400,0.0000,1.0
2007-03-21,69.6,71.32,69.34,71.28,36.65742334232758,5350600,0.0000,1.0
2007-03-22,71.15,71.38,70.57,71.09,36.55971135530398,3341600,0.0000,1.0
2007-03-23,71.13,71.63,70.79,71.47,36.755135329351184,3123600,0.0000,1.0
2007-03-26,71.25,71.35,70.5,71.31,36.67285155080499,2782100,0.0000,1.0
2007-03-27,71.03,71.16,70.64,70.9,36.46199936828039,2160000,0.0000,1.0
2007-03-28,70.6,70.9,70.04,70.4,36.20486256032354,3141600,0.0000,1.0
2007-03-29,71.0,71.49,69.62,70.16,36.08143689250425,3389300,0.0000,1.0
2007-03-30,70.16,70.73,69.59,70.1,36.05058047554943,3216900,0.0000,1.0
2007-04-02,70.09,70.14,69.53,69.86,35.92715480773015,3251700,0.0000,1.0
2007-04-03,70.0,70.41,69.75,69.96,35.97858216932151,3802800,0.0000,1.0
2007-04-04,69.8,69.98,69.57,69.88,35.93744028004842,3278500,0.0000,1.0
2007-04-05,69.75,70.39,69.65,70.26,36.13286425409562,3813900,0.0000,1.0
2007-04-09,70.24,70.99,70.0,70.09,36.0454377393903,2729500,0.0000,1.0
2007-04-10,70.07,70.9,70.0,70.79,36.40542927052988,3257200,0.0000,1.0
2007-04-11,70.62,70.76,70.19,70.47,36.240861713437496,3452100,0.0000,1.0
2007-04-12,70.29,70.6,69.81,70.38,36.19457708800526,2920400,0.0000,1.0
2007-04-13,70.81,70.81,69.71,70.31,36.15857793489131,2679100,0.0000,1.0
2007-04-16,70.41,71.17,70.19,71.08,36.554568619144845,2963900,0.0000,1.0
2007-04-17,71.25,71.88,70.86,71.64,36.84256184405651,2762800,0.0000,1.0
2007-04-18,71.15,71.58,71.09,71.4,36.71913617623723,2788500,0.0000,1.0
2007-04-19,71.25,72.05,71.0,71.99,37.0225576096263,3236000,0.0000,1.0
2007-04-20,72.66,73.2,71.99,72.82,37.449404710834656,5555800,0.0000,1.0
2007-04-23,72.65,73.0,71.9,71.94,36.996843928830614,2575200,0.0000,1.0
2007-04-24,71.81,72.15,71.44,71.93,36.991701192671485,3482200,0.0000,1.0
2007-04-25,71.48,73.05,71.11,73.0,37.54197396169913,4411100,0.0000,1.0
2007-04-26,72.4,72.75,71.65,71.91,36.981415720353205,5186400,0.0000,1.0
2007-04-27,71.87,71.9,71.09,71.5,36.77056353782859,3895900,0.0000,1.0
2007-04-30,70.85,71.52,70.37,70.43,36.22029076880095,4423100,0.0000,1.0
2007-05-01,70.6,70.68,69.71,69.94,35.96829669700324,5320900,0.0000,1.0
2007-05-02,70.0,70.88,70.0,70.74,36.37971558973419,4514300,0.0000,1.0
2007-05-03,70.97,71.4,70.66,70.89,36.456856632121244,3284000,0.0000,1.0
2007-05-04,70.99,71.34,70.83,71.09,36.55971135530398,2524900,0.0000,1.0
2007-05-07,71.34,71.48,70.75,70.78,36.40028653437074,2178900,0.0000,1.0
2007-05-08,70.62,70.89,70.25,70.84,36.43114295132556,2739200,0.0000,1.0
2007-05-09,70.84,71.1,70.58,70.9,36.46199936828039,2854400,0.0000,1.0
2007-05-10,70.5,71.06,69.75,69.83,35.91172659925274,4801800,0.0000,1.0
2007-05-11,70.21,71.42,69.92,71.27,36.652280606168446,4383200,0.0000,1.0
2007-05-14,71.05,71.43,70.44,70.68,36.34885917277938,2577400,0.0000,1.0
2007-05-15,70.8,71.28,70.4,70.48,36.24600444959663,3706300,0.0000,1.0
2007-05-16,70.6,71.36,70.28,70.92,36.472284840598654,2932600,0.0000,1.0
2007-05-17,70.92,70.92,70.09,70.15,36.29228907502887,2761000,0.4200,1.0
2007-05-18,70.25,70.36,70.0,70.05,36.24055380906304,3364000,0.0000,1.0
2007-05-21,70.0,70.5,69.9,70.31,36.375065500574195,3340400,0.0000,1.0
2007-05-22,70.5,70.5,69.91,70.1,36.266421442045946,2839600,0.0000,1.0
2007-05-23,70.1,70.45,69.85,69.98,36.20433912288696,3491300,0.0000,1.0
2007-05-24,70.25,70.91,70.11,70.65,36.55096540485801,4341300,0.0000,1.0
2007-05-25,70.73,71.24,70.68,71.08,36.77342704851107,2920700,0.0000,1.0
2007-05-29,71.1,71.5,70.91,71.34,36.907938740022225,2906300,0.0000,1.0
2007-05-30,71.17,71.56,70.9,71.56,37.02175632514705,3048700,0.0000,1.0
2007-05-31,71.56,72.2,71.35,71.97,37.23387091560695,3332100,0.0000,1.0
2007-06-01,72.1,72.47,71.97,72.36,37.43563845287368,3521200,0.0000,1.0
2007-06-04,72.0,72.36,71.79,72.27,37.38907671350443,2285600,0.0000,1.0
2007-06-05,72.5,72.5,71.63,71.72,37.10453275069238,3407300,0.0000,1.0
2007-06-06,71.63,71.63,71.0,71.62,37.05279748472655,3409800,0.0000,1.0
2007-06-07,71.62,72.3,70.93,71.25,36.86137700065298,5872900,0.0000,1.0
2007-06-08,71.25,72.44,71.25,72.32,37.414944346487346,4188800,0.0000,1.0
2007-06-11,72.07,72.88,71.75,72.48,37.49772077203268,3589700,0.0000,1.0
2007-06-12,72.05,72.4,71.2,71.25,36.86137700065298,3650700,0.0000,1.0
2007-06-13,71.65,72.26,70.96,72.14,37.321820867748855,3435500,0.0000,1.0
2007-06-14,72.14,74.04,72.14,73.95,38.25822918173036,6573000,0.0000,1.0
2007-06-15,74.26,74.48,74.0,74.05,38.30996444769618,5461300,0.0000,1.0
2007-06-18,74.0,74.14,73.25,73.32,37.93229700614563,3545500,0.0000,1.0
2007-06-19,73.0,73.2,72.46,73.0,37.76674415505499,3702300,0.0000,1.0
2007-06-20,73.18,74.09,72.24,72.91,37.720182415685734,4110000,0.0000,1.0
2007-06-21,73.09,73.59,72.66,73.37,37.958164639128555,2782400,0.0000,1.0
2007-06-22,73.0,73.1,72.34,72.85,37.68914125610624,3625300,0.0000,1.0
2007-06-25,72.68,73.91,72.68,73.29,37.91677642635589,3951900,0.0000,1.0
2007-06-26,73.43,73.75,72.83,73.15,37.84434705400373,2990400,0.0000,1.0
2007-06-27,72.58,73.66,72.48,73.56,38.056461644463624,3532700,0.0000,1.0
2007-06-28,73.83,73.9,73.11,73.62,38.087502804043126,2633700,0.0000,1.0
2007-06-29,73.58,73.73,72.57,73.0,37.76674415505499,4397400,0.0000,1.0
2007-07-02,73.48,73.85,72.89,73.33,37.93747053274222,3063500,0.0000,1.0
2007-07-03,73.35,73.48,73.04,73.2,37.87021468698664,1444700,0.0000,1.0
2007-07-05,73.1,73.8,72.7,73.75,38.1547586497987,2994900,0.0000,1.0
2007-07-06,73.76,73.84,73.38,73.7,38.128891016815786,2325900,0.0000,1.0
2007-07-09,73.8,74.57,73.58,74.4,38.49103787857659,3806300,0.0000,1.0
2007-07-10,73.72,74.5,73.63,74.04,38.3047909210996,4503400,0.0000,1.0
2007-07-11,73.82,74.49,73.58,74.33,38.454823192400504,2224600,0.0000,1.0
2007-07-12,73.76,74.81,73.55,74.76,38.67728483605357,2926700,0.0000,1.0
2007-07-13,74.58,75.42,74.34,75.15,38.879052373320306,4441100,0.0000,1.0
2007-07-16,75.98,76.0,74.76,75.53,39.07564638399045,3712200,0.0000,1.0
2007-07-17,75.26,75.9,74.81,75.52,39.07047285739387,3057000,0.0000,1.0
2007-07-18,75.57,75.88,74.64,75.2,38.904920006303215,4200500,0.0000,1.0
2007-07-19,75.26,75.98,75.1,75.84,39.23602570848452,3588200,0.0000,1.0
2007-07-20,75.62,75.62,74.75,75.01,38.806623000968145,5094400,0.0000,1.0
2007-07-23,74.98,75.55,74.29,74.54,38.56346725092875,4390100,0.0000,1.0
2007-07-24,74.05,76.15,74.05,74.68,38.63589662328091,7001100,0.0000,1.0
2007-07-25,75.48,78.4,74.91,76.21,39.42744619255808,5703200,0.0000,1.0
2007-07-26,75.6,76.53,75.22,75.7,39.16359633613236,8206100,0.0000,1.0
2007-07-27,75.695,76.89,75.51,75.67,39.148075756342614,7603500,0.0000,1.0
2007-07-30,75.67,77.0,75.5,76.82,39.74303131494964,6635200,0.0000,1.0
2007-07-31,77.0,77.1501,75.64,75.72,39.17394338932552,7073500,0.0000,1.0
2007-08-01,75.51,77.07,75.16,76.93,39.79994010751206,6828700,0.0000,1.0
2007-08-02,76.96,77.4,76.02,76.58,39.618866676631654,5554100,0.0000,1.0
2007-08-03,76.44,76.91,75.13,75.17,38.88939942651347,5924300,0.0000,1.0
2007-08-06,75.43,77.83,75.35,77.83,40.26555750120451,7055700,0.0000,1.0
2007-08-07,77.01,78.5,77.01,77.74,40.21899576183527,7464400,0.0000,1.0
2007-08-08,77.56,78.61,77.1,78.37,40.54492793741999,5706300,0.0000,1.0
2007-08-09,77.5,78.99,77.4,78.1,40.40524271931225,7435200,0.0000,1.0
2007-08-10,76.84,78.01,76.32,76.75,39.70681662877356,10144000,0.0000,1.0
2007-08-13,76.8,77.64,76.51,76.71,39.68612252238723,4634200,0.0000,1.0
2007-08-14,76.82,76.9,75.67,75.71,39.16876986272894,5010800,0.0000,1.0
2007-08-15,75.71,75.75,74.07,74.23,38.40308792643468,6679200,0.0000,1.0
2007-08-16,73.0,75.51,72.87,74.82,38.70832599563306,8968000,0.0000,1.0
2007-08-17,76.07,76.78,75.03,76.32,39.4843549851205,7609000,0.0000,1.0
2007-08-20,76.13,76.72,75.56,75.94,39.28776097445035,3671800,0.0000,1.0
2007-08-21,75.6,76.34,75.17,75.52,39.07047285739387,3257700,0.0000,1.0
2007-08-22,75.76,76.24,75.48,76.04,39.33949624041618,3334000,0.0000,1.0
2007-08-23,76.28,76.64,75.69,76.42,39.53609025108633,3655800,0.0000,1.0
2007-08-24,76.29,77.14,76.27,77.03,39.85167537347788,3733300,0.0000,1.0
2007-08-27,76.63,77.11,76.11,76.42,39.53609025108633,2788600,0.0000,1.0
2007-08-28,76.11,76.75,75.3,75.34,38.977349378655376,3936400,0.0000,1.0
2007-08-29,75.57,76.15,75.27,76.08,39.360190346802504,3459400,0.0000,1.0
2007-08-30,75.51,76.12,75.03,75.48,39.04977875100754,3425700,0.0000,1.0
2007-08-31,75.91,76.18,75.25,75.86,39.246372761677684,3196800,0.0000,1.0
2007-09-04,75.54,76.32,75.12,76.15,39.39640503297859,3009200,0.0000,1.0
2007-09-05,75.78,75.96,75.05,75.36,38.98769643184854,3993400,0.0000,1.0
2007-09-06,75.3,75.39,74.17,75.09,39.06529933079729,2779400,0.4200,1.0
2007-09-07,74.4,74.66,73.62,74.13,38.56586282317223,5186900,0.0000,1.0
2007-09-10,74.39,74.59,73.35,73.79,38.38897906005503,3354000,0.0000,1.0
2007-09-11,73.81,74.43,73.31,74.15,38.576267750414424,4538000,0.0000,1.0
2007-09-12,74.09,74.79,73.89,74.17,38.58667267765661,3060800,0.0000,1.0
2007-09-13,74.44,75.09,74.1,74.38,38.695924413699586,3138500,0.0000,1.0
2007-09-14,74.1,74.7,73.56,74.38,38.695924413699586,2980000,0.0000,1.0
2007-09-17,74.28,74.89,74.11,74.33,38.669912095594114,1984300,0.0000,1.0
2007-09-18,74.83,75.92,74.11,75.78,39.4242693206528,4172600,0.0000,1.0
2007-09-19,76.4,76.42,75.32,75.97,39.523116129453584,3911700,0.0000,1.0
2007-09-20,75.37,75.72,75.05,75.27,39.158943675976985,4061500,0.0000,1.0
2007-09-21,76.05,76.3,75.56,75.75,39.40866192978951,3155200,0.0000,1.0
2007-09-24,75.69,76.22,75.35,75.46,39.25779048477777,1483300,0.0000,1.0
2007-09-25,75.18,75.73,74.56,75.4,39.22657570305121,3649600,0.0000,1.0
2007-09-26,75.46,75.73,74.53,74.84,38.935237740269926,3963400,0.0000,1.0
2007-09-27,75.15,75.29,74.47,74.82,38.924832813027734,3848600,0.0000,1.0
2007-09-28,75.15,75.33,74.82,75.1,39.07050179441838,3267700,0.0000,1.0
2007-10-01,75.54,76.53,75.54,75.9,39.48669888410593,4193500,0.0000,1.0
2007-10-02,75.78,76.29,75.37,75.65,39.35663729357857,2958000,0.0000,1.0
2007-10-03,75.71,76.19,75.23,75.59,39.325422511852004,2277000,0.0000,1.0
2007-10-04,75.62,78.6,75.47,75.6,39.33062497547309,1820900,0.0000,1.0
2007-10-05,76.0,76.87,75.71,76.41,39.75202452878173,2971400,0.0000,1.0
2007-10-08,76.36,76.69,76.11,76.45,39.772834383266115,1351500,0.0000,1.0
2007-10-09,76.44,77.0,76.14,76.88,39.99654031897317,2803000,0.0000,1.0
2007-10-10,76.71,76.88,76.01,76.33,39.71040481981298,3245600,0.0000,1.0
2007-10-11,76.4,77.76,76.09,76.51,39.80404916499268,3293700,0.0000,1.0
2007-10-12,76.51,76.88,76.16,76.62,39.86127626482472,2613600,0.0000,1.0
2007-10-15,76.55,76.86,76.17,76.54,39.819656555855964,2674900,0.0000,1.0
2007-10-16,76.5,76.55,75.63,75.81,39.43987671151608,3063800,0.0000,1.0
2007-10-17,76.23,76.35,75.52,76.0,39.53872352031687,2782900,0.0000,1.0
2007-10-18,75.96,76.42,75.64,76.02,39.549128447559056,3049200,0.0000,1.0
2007-10-19,75.51,75.95,74.99,75.03,39.03408454907072,5153900,0.0000,1.0
2007-10-22,74.67,75.6,74.36,75.09,39.06529933079729,5263300,0.0000,1.0
2007-10-23,76.4,76.47,74.65,75.64,39.351434829957476,4293300,0.0000,1.0
2007-10-24,75.35,75.9,74.0,75.46,39.25779048477777,4424800,0.0000,1.0
2007-10-25,75.63,75.85,74.34,74.97,39.00286976734415,2980800,0.0000,1.0
2007-10-26,75.18,75.32,74.4,74.97,39.00286976734415,2802500,0.0000,1.0
2007-10-29,74.58,75.44,74.4,75.1,39.07050179441838,2115600,0.0000,1.0
2007-10-30,75.0,75.27,74.31,74.75,38.88841556768008,2216100,0.0000,1.0
2007-10-31,75.04,75.61,74.69,75.1,39.07050179441838,3741800,0.0000,1.0
2007-11-01,74.73,75.1,73.39,73.59,38.28492978763314,3984300,0.0000,1.0
2007-11-02,73.7,74.57,73.46,74.03,38.51383818696129,3720200,0.0000,1.0
2007-11-05,73.14,74.93,73.14,74.48,38.74794904991053,3292300,0.0000,1.0
2007-11-06,74.42,74.8,73.39,74.23,38.61788745938318,4689700,0.0000,1.0
2007-11-07,73.5,73.96,71.63,71.68,37.29125923600412,5568900,0.0000,1.0
2007-11-08,71.75,72.45,71.05,72.06,37.48895285360571,6771400,0.0000,1.0
2007-11-09,71.25,71.92,70.63,70.71,36.78662026475797,5231500,0.0000,1.0
2007-11-12,71.14,73.67,70.9,72.65,37.795898207250275,5669700,0.0000,1.0
2007-11-13,73.11,74.08,72.54,74.0,38.49823079609801,4405900,0.0000,1.0
2007-11-14,74.3,74.47,73.18,73.33,38.14966573348468,3292100,0.0000,1.0
2007-11-15,73.0,73.67,72.54,73.1,38.248512542285475,3390300,0.4200,1.0
2007-11-16,71.0,72.3,70.89,72.01,37.678185884678214,6782100,0.0000,1.0
2007-11-19,71.41,72.24,70.86,71.96,37.65202411139347,5405300,0.0000,1.0
2007-11-20,71.93,72.87,71.14,71.65,37.48982111702811,5461200,0.0000,1.0
2007-11-21,70.63,71.67,70.0,70.14,36.69973556382905,6158200,0.0000,1.0
2007-11-23,70.46,70.94,70.38,70.92,37.107859227070946,1726900,0.0000,1.0
2007-11-26,70.98,71.98,70.07,70.36,36.81484736628189,4704700,0.0000,1.0
2007-11-27,70.59,71.54,70.5,71.44,37.37994166923221,4511400,0.0000,1.0
2007-11-28,71.83,73.73,71.39,73.57,38.494433211162004,5644900,0.0000,1.0
2007-11-29,73.19,73.66,72.79,73.3,38.353159635424426,3295300,0.0000,1.0
2007-11-30,73.91,74.32,73.32,73.68,38.55198911238843,4507900,0.0000,1.0
2007-12-03,73.0,73.68,72.67,72.9,38.14386544914653,3981400,0.0000,1.0
2007-12-04,72.61,73.24,72.16,72.63,38.002591873408946,2525700,0.0000,1.0
2007-12-05,73.45,73.54,72.85,73.34,38.37408905405222,2321800,0.0000,1.0
2007-12-06,74.0,74.0,73.0,73.83,38.630474432242636,2361400,0.0000,1.0
2007-12-07,73.82,74.81,73.82,74.17,38.80837449057885,3431400,0.0000,1.0
2007-12-10,74.62,75.44,74.16,75.14,39.31591289230275,4582400,0.0000,1.0
2007-12-11,75.4,75.79,73.89,74.03,38.73512152538159,5334200,0.0000,1.0
2007-12-12,75.82,75.82,73.24,74.04,38.74035388003853,5685800,0.0000,1.0
2007-12-13,73.53,74.0,72.89,73.92,38.677565624155164,4957000,0.0000,1.0
2007-12-14,73.1,73.36,72.59,72.61,37.99212716409505,3901800,0.0000,1.0
2007-12-17,72.05,72.9,71.66,72.02,37.683418239335154,5147300,0.0000,1.0
2007-12-18,72.2,72.64,71.79,72.48,37.92410655355474,3780600,0.0000,1.0
2007-12-19,72.35,72.55,71.17,71.3,37.30668870403495,4293600,0.0000,1.0
2007-12-20,70.72,71.64,70.25,71.6,37.463659343743366,4802400,0.0000,1.0
2007-12-21,72.21,73.3,71.96,72.4,37.88224771629916,7099700,0.0000,1.0
2007-12-24,72.5,73.6,72.1,73.46,38.43687730993558,1554000,0.0000,1.0
2007-12-26,73.15,73.5,72.49,73.2,38.30083608885495,2556600,0.0000,1.0
2007-12-27,73.18,73.19,71.85,71.9,37.62062998345179,2768500,0.0000,1.0
2007-12-28,72.25,72.53,71.26,71.56,37.44272992511558,2860000,0.0000,1.0
2007-12-31,71.19,71.33,70.61,70.72,37.003212133931996,3319200,0.0000,1.0
2008-01-02,70.55,70.55,68.85,69.16,36.1869648074482,6506100,0.0000,1.0
2008-01-03,69.53,69.89,68.92,69.23,36.22359129004684,3842500,0.0000,1.0
2008-01-04,68.51,69.09,67.8,68.01,35.58524402189926,5501300,0.0000,1.0
2008-01-07,68.29,68.79,67.32,67.84,35.49629399273115,6548000,0.0000,1.0
2008-01-08,67.66,68.18,66.46,66.67,34.884108497868304,5459700,0.0000,1.0
2008-01-09,66.59,67.16,65.74,66.71,34.905037916496084,5093900,0.0000,1.0
2008-01-10,68.75,70.49,68.31,69.66,36.44858254029557,12525400,0.0000,1.0
2008-01-11,69.55,70.55,69.25,69.59,36.41195605769694,7260800,0.0000,1.0
2008-01-14,70.01,70.06,69.29,69.92,36.58462376137621,5293900,0.0000,1.0
2008-01-15,69.35,69.8,68.54,68.96,36.082317714309255,6674600,0.0000,1.0
2008-01-16,68.5,69.5,68.15,68.63,35.90965001062999,6663600,0.0000,1.0
2008-01-17,68.7,69.14,67.09,67.17,35.145726230715674,9622500,0.0000,1.0
2008-01-18,67.22,68.18,66.77,67.16,35.14049387605872,7247800,0.0000,1.0
2008-01-22,64.86,67.97,64.01,67.54,35.33932335302273,8553400,0.0000,1.0
2008-01-23,66.55,71.98,66.0,71.63,37.47935640771421,10772500,0.0000,1.0
2008-01-24,70.84,71.79,70.41,71.22,37.264829866779365,6769800,0.0000,1.0
2008-01-25,71.85,71.89,69.69,69.97,36.61078553466094,5934900,0.0000,1.0
2008-01-28,69.93,71.1068,69.18,71.05,37.17587983761126,6135700,0.0000,1.0
2008-01-29,71.15,71.96,70.37,70.92,37.107859227070946,6929800,0.0000,1.0
2008-01-30,70.1,73.4,69.31,72.02,37.683418239335154,8812400,0.0000,1.0
2008-01-31,70.7,73.52,70.3,72.97,38.18049193174516,8450400,0.0000,1.0
2008-02-01,71.85,73.95,71.8,73.78,38.6043126589579,4694100,0.0000,1.0
2008-02-04,73.78,73.95,72.64,72.72,38.049683065321474,3495000,0.0000,1.0
2008-02-05,71.82,72.97,71.53,71.75,37.54214466359758,5139100,0.0000,1.0
2008-02-06,72.36,72.62,71.67,71.76,37.54737701825453,3559900,0.0000,1.0
2008-02-07,71.22,72.57,70.55,71.74,37.772368268503264,5950800,0.4500,1.0
2008-02-08,71.49,71.71,70.37,70.58,37.16160792292948,4583200,0.0000,1.0
2008-02-11,70.24,71.79,69.93,71.41,37.59861748053831,5447800,0.0000,1.0
2008-02-12,71.71,72.85,71.45,72.47,38.156726072183325,5182300,0.0000,1.0
2008-02-13,72.98,73.74,72.48,73.51,38.70430431304259,6273400,0.0000,1.0
2008-02-14,73.46,73.69,72.34,72.34,38.08827879207592,3570900,0.0000,1.0
2008-02-15,72.32,72.68,71.87,72.42,38.13040019521894,3398600,0.0000,1.0
2008-02-19,72.7,73.1,71.61,72.23,38.03036186275427,4156700,0.0000,1.0
2008-02-20,71.56,72.87,71.56,72.64,38.246234053862246,3046100,0.0000,1.0
2008-02-21,72.5,73.0,71.85,71.9,37.85661107478931,3115700,0.0000,1.0
2008-02-22,72.05,72.3,70.69,71.89,37.85134589939643,4738100,0.0000,1.0
2008-02-25,72.28,72.66,71.44,72.48,38.1619912475762,4584600,0.0000,1.0
2008-02-26,72.12,72.86,71.72,72.53,38.18831712454059,1544600,0.0000,1.0
2008-02-27,72.04,73.0,72.04,72.31,38.07248326589728,1211700,0.0000,1.0
2008-02-28,72.0,72.07,71.41,71.75,37.77763344389614,3109100,0.0000,1.0
2008-02-29,71.0,71.41,70.13,70.24,36.982591959571636,6565100,0.0000,1.0
2008-03-03,70.6,70.8,69.41,70.61,37.177403449108105,4747600,0.0000,1.0
2008-03-04,70.1,71.22,70.0,71.05,37.40907116639472,5142500,0.0000,1.0
2008-03-05,70.89,72.34,70.89,72.3,38.067218090504404,7372100,0.0000,1.0
2008-03-06,71.99,72.65,71.56,72.04,37.9303235302896,5347200,0.0000,1.0
2008-03-07,72.09,72.54,71.34,71.96,37.88820212714657,5511100,0.0000,1.0
2008-03-10,71.88,72.34,70.9,71.19,37.482783621895,5227000,0.0000,1.0
2008-03-11,71.5,72.86,71.3,72.79,38.32521168475541,6412000,0.0000,1.0
2008-03-12,71.03,72.76,71.03,71.94,37.87767177636081,5195200,0.0000,1.0
2008-03-13,70.82,71.67,70.01,70.73,37.24058555382264,8300800,0.0000,1.0
2008-03-14,70.59,71.0,68.92,69.61,36.65088590982035,8540100,0.0000,1.0
2008-03-17,68.55,70.28,68.36,69.61,36.65088590982035,6428300,0.0000,1.0
2008-03-18,70.4,71.9,69.89,71.9,37.85661107478931,8871300,0.0000,1.0
2008-03-19,71.97,72.52,70.6,70.64,37.19319897528674,6768700,0.0000,1.0
2008-03-20,70.02,71.83,70.01,71.66,37.73024686536024,9024500,0.0000,1.0
2008-03-24,71.8,73.72,71.15,73.36,38.62532668214942,6906800,0.0000,1.0
2008-03-25,73.41,73.74,72.53,73.34,38.61479633136367,5154600,0.0000,1.0
2008-03-26,73.03,73.19,72.49,72.73,38.293620632398145,4439700,0.0000,1.0
2008-03-27,72.65,73.45,72.42,72.83,38.346272386326916,4169300,0.0000,1.0
2008-03-28,73.12,73.31,72.21,72.26,38.0461573889329,3279700,0.0000,1.0
2008-03-31,72.12,73.39,72.0,73.02,38.44631071879159,4543200,0.0000,1.0
2008-04-01,74.5,74.75,73.17,74.73,39.34665571097364,7955900,0.0000,1.0
2008-04-02,74.66,75.08,74.1,74.51,39.23082185233034,6149300,0.0000,1.0
2008-04-03,74.21,74.73,73.65,74.58,39.26767808008048,3954100,0.0000,1.0
2008-04-04,74.64,74.9,74.17,74.41,39.17817009840156,3793200,0.0000,1.0
2008-04-07,74.26,74.62,73.51,73.78,38.84646404865028,5374200,0.0000,1.0
2008-04-08,73.8,73.86,73.1,73.31,38.599000805185035,6779900,0.0000,1.0
2008-04-09,71.05,71.61,70.43,70.57,37.15634274753659,14156500,0.0000,1.0
2008-04-10,70.71,71.74,70.46,71.33,37.55649607739529,4672700,0.0000,1.0
2008-04-11,70.62,71.98,70.51,70.89,37.324828360108675,5579300,0.0000,1.0
2008-04-14,70.73,71.12,70.02,70.25,36.987857134964514,5526500,0.0000,1.0
2008-04-15,70.58,71.47,70.2,71.03,37.39854081560897,3495800,0.0000,1.0
2008-04-16,71.49,72.96,71.18,72.79,38.32521168475541,4895000,0.0000,1.0
2008-04-17,72.43,72.62,71.65,72.2,38.01456633657563,3794800,0.0000,1.0
2008-04-18,73.0,73.34,72.59,73.19,38.53581870047051,5709200,0.0000,1.0
2008-04-21,72.66,73.04,72.36,72.52,38.18305194914771,4238000,0.0000,1.0
2008-04-22,72.0,72.3,71.42,71.9,37.85661107478931,4410400,0.0000,1.0
2008-04-23,71.37,72.9,70.95,71.67,37.73551204075312,4960600,0.0000,1.0
2008-04-24,71.27,73.14,71.27,72.77,38.314681333969645,4795600,0.0000,1.0
2008-04-25,72.98,73.17,71.51,72.72,38.28835545700526,3254200,0.0000,1.0
2008-04-28,72.98,73.12,72.32,72.76,38.309416158576774,2809300,0.0000,1.0
2008-04-29,72.52,73.45,72.52,73.19,38.53581870047051,3222800,0.0000,1.0
2008-04-30,73.47,73.64,72.3,72.41,38.12513501982606,5178100,0.0000,1.0
2008-05-01,72.17,74.0,72.17,73.58,38.74116054079273,4325300,0.0000,1.0
2008-05-02,74.14,74.14,72.55,73.28,38.58320527900641,4061100,0.0000,1.0
2008-05-05,72.65,72.88,72.17,72.74,38.29888580779102,3412100,0.0000,1.0
2008-05-06,72.25,73.4,72.08,73.33,38.60953115597079,3316500,0.0000,1.0
2008-05-07,73.5,73.5,71.45,71.58,37.68812546221722,4912200,0.0000,1.0
2008-05-08,71.99,72.3,70.66,71.07,37.41960151718047,4633000,0.0000,1.0
2008-05-09,70.51,70.8,70.05,70.29,37.00891783653603,4179600,0.0000,1.0
2008-05-12,69.8,70.68,69.6,70.42,37.077365116643435,4075500,0.0000,1.0
2008-05-13,70.64,71.13,70.29,70.8,37.277441781572776,3876600,0.0000,1.0
2008-05-14,70.98,72.04,70.8,71.6,37.69865581300298,3553400,0.0000,1.0
2008-05-15,71.49,71.49,70.27,71.36,37.809224496253414,4504400,0.4500,1.0
2008-05-16,71.33,71.33,70.05,70.77,37.49662020179167,4228900,0.0000,1.0
2008-05-19,70.94,71.85,70.6,70.92,37.57609586987517,3536000,0.0000,1.0
2008-05-20,70.5,70.9,69.98,70.2,37.19461266307441,3336000,0.0000,1.0
2008-05-21,70.46,70.81,69.15,69.38,36.760145677551314,6819800,0.0000,1.0
2008-05-22,69.61,69.78,69.1,69.35,36.74425054393461,4198100,0.0000,1.0
2008-05-23,69.16,69.48,66.8,67.02,35.509728499704366,11591500,0.0000,1.0
2008-05-27,66.92,68.57,66.92,68.4,36.2409046460725,6319700,0.0000,1.0
2008-05-28,70.27,70.98,69.5,70.54,37.374757510730326,9399900,0.0000,1.0
2008-05-29,70.89,71.9,70.37,71.6,37.936385565186995,6796400,0.0000,1.0
2008-05-30,71.67,71.72,70.86,71.02,37.6290796485975,4534500,0.0000,1.0
2008-06-02,71.02,71.38,70.52,70.99,37.613184514980794,4275100,0.0000,1.0
2008-06-03,71.1,71.74,70.41,70.83,37.528410469025076,4314300,0.0000,1.0
2008-06-04,70.5,71.15,70.2601,70.74,37.480725068174976,3499700,0.0000,1.0
2008-06-05,70.72,71.22,70.43,71.05,37.64497478221419,3028100,0.0000,1.0
2008-06-06,70.48,70.48,68.54,68.59,36.34157382564492,5946200,0.0000,1.0
2008-06-09,69.21,69.68,68.76,69.47,36.807831078401406,3328100,0.0000,1.0
2008-06-10,69.09,70.22,68.54,69.99,37.083346727757515,5522400,0.0000,1.0
2008-06-11,69.18,69.4,67.93,68.06,36.06075979841658,5124200,0.0000,1.0
2008-06-12,68.5,69.57,67.68,68.29,36.18262248947794,4015600,0.0000,1.0
2008-06-13,68.78,69.14,67.5,68.31,36.1932192452224,6231100,0.0000,1.0
2008-06-16,67.99,68.45,67.89,68.08,36.07135655416105,3431900,0.0000,1.0
2008-06-17,68.29,68.32,67.23,67.34,35.67927659161582,3534600,0.0000,1.0
2008-06-18,65.5,66.44,65.01,65.8,34.863326399291964,8196400,0.0000,1.0
2008-06-19,65.63,67.08,65.28,66.84,35.41435769800418,5741400,0.0000,1.0
2008-06-20,66.36,67.08,65.85,66.37,35.16533393800924,8470500,0.0000,1.0
2008-06-23,66.37,66.9,66.17,66.26,35.107051781414675,4323500,0.0000,1.0
2008-06-24,63.89,64.72,62.18,62.26,32.987700632521545,14626600,0.0000,1.0
2008-06-25,62.43,62.55,61.18,61.4,32.532040135509526,9857600,0.0000,1.0
2008-06-26,61.15,61.42,59.83,59.88,31.726686698930134,10591600,0.0000,1.0
2008-06-27,59.83,60.44,59.3,60.36,31.981008836797308,9467000,0.0000,1.0
2008-06-30,60.33,62.13,59.94,61.47,32.56912878061515,9080500,0.0000,1.0
2008-07-01,60.42,61.0,59.5,60.5,32.05518612700857,9432700,0.0000,1.0
2008-07-02,60.76,60.96,58.54,58.54,31.016704064050934,8839400,0.0000,1.0
2008-07-03,58.37,60.02,58.26,59.47,31.509453206168587,5184400,0.0000,1.0
2008-07-07,59.83,60.5,57.62,57.9,30.677607880228035,8549200,0.0000,1.0
2008-07-08,58.94,60.45,58.77,60.4,32.00220234828624,10272100,0.0000,1.0
2008-07-09,60.35,61.0,59.22,59.29,31.4140824044684,6207200,0.0000,1.0
2008-07-10,59.41,59.9,58.63,59.3,31.419380782340628,5098300,0.0000,1.0
2008-07-11,58.51,58.93,57.15,57.99,30.725293281078134,7010000,0.0000,1.0
2008-07-14,58.51,58.77,57.0,57.19,30.301423051299505,5187000,0.0000,1.0
2008-07-15,57.05,57.6467,56.1,56.44,29.904044710882044,6206400,0.0000,1.0
2008-07-16,56.61,59.21,56.41,59.14,31.334606736384906,6108600,0.0000,1.0
2008-07-17,59.5,60.04,58.42,59.77,31.668404542335576,7337600,0.0000,1.0
2008-07-18,59.71,61.02,59.01,60.81,32.21943584104779,9593800,0.0000,1.0
2008-07-21,61.52,61.52,59.06,59.46,31.504154828296357,5252500,0.0000,1.0
2008-07-22,59.03,62.2,59.03,62.11,32.908224964438055,7114100,0.0000,1.0
2008-07-23,62.93,63.57,61.51,63.4,33.591715709956084,7172800,0.0000,1.0
2008-07-24,63.53,63.65,62.45,62.51,33.12016007932736,7029700,0.0000,1.0
2008-07-25,62.84,63.39,62.13,62.55,33.141353590816294,4292000,0.0000,1.0
2008-07-28,62.49,62.74,61.59,61.59,32.63270931508195,4613100,0.0000,1.0
2008-07-29,62.1,63.77,61.71,63.61,33.70298164527298,5923700,0.0000,1.0
2008-07-30,64.0,64.85,62.2,62.94,33.34799032783338,6184700,0.0000,1.0
2008-07-31,62.56,63.52,62.48,63.08,33.42216761804464,5922700,0.0000,1.0
2008-08-01,62.67,63.2,61.38,62.26,32.987700632521545,4805900,0.0000,1.0
2008-08-04,62.11,63.25,61.98,62.57,33.15195034656077,3443500,0.0000,1.0
2008-08-05,62.97,65.43,62.97,65.25,34.57191561631916,7080400,0.0000,1.0
2008-08-06,65.13,65.13,63.74,64.3,34.06856971845704,4251300,0.0000,1.0
2008-08-07,63.32,64.22,63.01,63.26,33.517538419744824,4446000,0.0000,1.0
2008-08-08,63.59,66.02,63.59,65.7,34.810342620569635,6374000,0.0000,1.0
2008-08-11,65.45,66.33,64.54,65.51,34.709673440997214,5256800,0.0000,1.0
2008-08-12,64.89,65.64,64.58,64.93,34.402367524407715,3594200,0.0000,1.0
2008-08-13,64.59,65.01,63.5,64.6,34.22752105462402,3971200,0.0000,1.0
2008-08-14,64.27,66.08,63.75,65.59,34.75206046397508,4744300,0.0000,1.0
2008-08-15,66.0,66.86,65.64,66.14,35.04347124694788,5080800,0.0000,1.0
2008-08-18,66.26,66.41,64.92,65.3,34.59840750568032,4029000,0.0000,1.0
2008-08-19,64.91,65.12,63.9,64.0,33.909618382290056,5559700,0.0000,1.0
2008-08-20,64.08,64.77,62.34,63.07,33.4168692401724,5139200,0.0000,1.0
2008-08-21,62.11,62.37,60.99,62.19,33.18903899166639,3702700,0.4500,1.0
2008-08-22,62.41,63.74,62.41,63.52,33.898822266451994,3655700,0.0000,1.0
2008-08-25,63.06,63.52,62.47,62.87,33.55193570358685,3795400,0.0000,1.0
2008-08-26,62.4,62.95,62.07,62.8,33.51457868912445,3934300,0.0000,1.0
2008-08-27,62.76,64.0,62.15,63.52,33.898822266451994,3561900,0.0000,1.0
2008-08-28,63.82,65.08,63.6,64.7,34.52855479596102,3203100,0.0000,1.0
2008-08-29,64.5,65.16,64.04,64.12,34.21902524755828,3243700,0.0000,1.0
2008-09-02,64.99,66.99,64.85,65.01,34.69399300286593,5300500,0.0000,1.0
2008-09-03,65.05,65.81,64.55,65.65,35.035542849379304,5342000,0.0000,1.0
2008-09-04,65.5,65.95,63.65,64.16,34.24037211296536,5090000,0.0000,1.0
2008-09-05,63.77,64.07,62.65,63.89,34.096280771467534,4067500,0.0000,1.0
2008-09-08,64.88,66.26,64.76,65.99,35.216991205339525,5804300,0.0000,1.0
2008-09-09,65.25,66.94,65.16,65.16,34.774043748142496,5907500,0.0000,1.0
2008-09-10,66.68,67.47,66.05,66.69,35.59056134996352,6493000,0.0000,1.0
2008-09-11,66.18,68.25,65.84,68.12,36.35371178826684,7220200,0.0000,1.0
2008-09-12,67.86,69.05,67.27,68.6,36.609874173151866,7063000,0.0000,1.0
2008-09-15,66.87,69.27,66.87,67.65,36.10288611973358,6421200,0.0000,1.0
2008-09-16,66.06,69.04,65.78,68.82,36.72728193289083,7931000,0.0000,1.0
2008-09-17,67.26,67.47,64.58,65.56,34.98751240221336,9927500,0.0000,1.0
2008-09-18,65.76,67.18,64.73,66.48,35.478490306576326,10911800,0.0000,1.0
2008-09-19,67.01,70.0,64.13,67.7,36.12956970149244,9194700,0.0000,1.0
2008-09-22,66.98,67.6,65.41,65.88,35.15828732547004,5135600,0.0000,1.0
2008-09-23,65.94,67.16,64.56,64.79,34.576585243126964,4756400,0.0000,1.0
2008-09-24,64.34,65.47,62.71,63.39,33.82944495387896,6116800,0.0000,1.0
2008-09-25,63.89,64.54,63.42,63.77,34.03224017524628,5241300,0.0000,1.0
2008-09-26,62.73,64.8,62.73,64.39,34.363116589056105,4972900,0.0000,1.0
2008-09-29,63.48,65.18,61.58,63.56,33.920169131859076,8223700,0.0000,1.0
2008-09-30,63.56,65.04,62.59,62.89,33.56260913629039,7289400,0.0000,1.0
2008-10-01,62.5,64.44,61.65,63.8,34.04825032430159,6013000,0.0000,1.0
2008-10-02,63.43,63.43,60.465,61.08,32.59666347661977,7295900,0.0000,1.0
2008-10-03,61.73,63.38,60.4,60.76,32.42588855336308,7101600,0.0000,1.0
2008-10-06,60.03,61.75,57.32,60.0,32.02029811062845,9678900,0.0000,1.0
2008-10-07,60.88,61.63,58.79,59.19,31.58802408613497,7611400,0.0000,1.0
2008-10-08,57.9,60.18,56.73,57.9,30.899587676756457,11890900,0.0000,1.0
2008-10-09,57.96,58.9,52.67,53.0,28.284596664388467,9971600,0.0000,1.0
2008-10-10,50.49,53.4,43.32,51.7,27.590823538658185,18956000,0.0000,1.0
2008-10-13,53.26,56.47,51.76,55.65,29.69882649760789,8526100,0.0000,1.0
2008-10-14,56.92,58.61,53.07,54.9,29.298572771225036,8139100,0.0000,1.0
2008-10-15,53.79,54.37,51.16,51.3,27.377354884587326,7453800,0.0000,1.0
2008-10-16,52.05,52.37,48.4,51.64,27.558803240547558,11270300,0.0000,1.0
2008-10-17,50.07,52.64,49.09,50.54,26.971764441852702,8691800,0.0000,1.0
2008-10-20,51.08,52.92,50.54,52.17,27.84164920719144,5513100,0.0000,1.0
2008-10-21,51.5,52.53,50.41,50.7,27.057151903481046,4953500,0.0000,1.0
2008-10-22,50.24,50.24,44.77,46.39,24.757027155867565,9101300,0.0000,1.0
2008-10-23,47.68,48.65,46.3,48.13,25.685615801075794,11372700,0.0000,1.0
2008-10-24,45.15,48.4,45.0,46.55,24.84241461749591,6456400,0.0000,1.0
2008-10-27,45.99,46.78,44.62,44.68,23.844448659714654,5727900,0.0000,1.0
2008-10-28,46.0,48.9,44.85,48.86,26.075196094755103,7761500,0.0000,1.0
2008-10-29,48.8,50.36,47.4,47.7,25.456136997949624,6438400,0.0000,1.0
2008-10-30,49.13,51.4,48.79,51.13,27.286630706607216,9270500,0.0000,1.0
2008-10-31,50.82,53.65,50.49,52.78,28.167188904649496,7466200,0.0000,1.0
2008-11-03,52.78,53.77,52.01,53.02,28.29527009709201,4174400,0.0000,1.0
2008-11-04,53.96,55.28,53.37,55.18,29.448000829074633,6101800,0.0000,1.0
2008-11-05,54.52,55.82,52.08,52.44,27.985740548689268,5750400,0.0000,1.0
2008-11-06,52.13,52.75,49.78,49.87,26.614204446284017,7734100,0.0000,1.0
2008-11-07,50.03,52.46,49.9,51.92,27.708231298397155,5418900,0.0000,1.0
2008-11-10,53.98,55.01,52.8,53.6,28.604799645494754,6979900,0.0000,1.0
2008-11-11,52.95,54.71,52.32,53.38,28.487391885755784,5379300,0.0000,1.0
2008-11-12,52.44,53.33,50.57,51.2,27.323987721069617,6524700,0.0000,1.0
2008-11-13,51.58,55.22,49.32,55.09,29.640122617738406,11316600,0.4500,1.0
2008-11-14,54.04,55.01,51.44,53.14,28.590962350819005,8083600,0.0000,1.0
2008-11-17,52.54,54.57,51.5,53.28,28.666286677674755,7915400,0.0000,1.0
2008-11-18,53.06,55.15,52.42,54.31,29.220458510970644,7778000,0.0000,1.0
2008-11-19,54.24,55.35,50.75,51.36,27.633267337938726,8231100,0.0000,1.0
2008-11-20,50.77,52.95,48.36,49.21,26.476500889796824,10811900,0.0000,1.0
2008-11-21,49.36,52.39,48.31,52.31,28.144396698745616,10213300,0.0000,1.0
2008-11-24,53.15,55.46,52.41,54.61,29.3818677828044,10863800,0.0000,1.0
2008-11-25,55.5,56.54,55.12,56.43,30.361084031929174,9228400,0.0000,1.0
2008-11-26,55.2,57.69,54.595,57.39,30.87759370179719,6360600,0.0000,1.0
2008-11-28,57.0,57.742,56.12,57.6,30.990580192080817,3165900,0.0000,1.0
2008-12-01,56.16,56.85,53.59,53.72,28.90302027636426,6513500,0.0000,1.0
2008-12-02,54.69,55.45,53.19,55.19,29.693925708349656,5380400,0.0000,1.0
2008-12-03,54.15,57.0,53.62,56.73,30.52249330376293,6825600,0.0000,1.0
2008-12-04,56.1,58.64,55.76,56.83,30.57629639437418,8714100,0.0000,1.0
2008-12-05,56.17,57.99,54.24,57.83,31.114327300486693,6155400,0.0000,1.0
2008-12-08,58.9,59.48,57.21,58.62,31.53937171631558,8454400,0.0000,1.0
2008-12-09,54.49,55.94,53.6,54.51,29.328064692193145,10479700,0.0000,1.0
2008-12-10,54.43,55.27,53.2,54.16,29.139753875053767,5862800,0.0000,1.0
2008-12-11,53.71,53.88,51.26,51.83,27.88614186381161,6600800,0.0000,1.0
2008-12-12,51.01,52.69,50.53,52.03,27.993748045034113,5783600,0.0000,1.0
2008-12-15,52.37,52.92,51.1,51.85,27.89690248193386,4521400,0.0000,1.0
2008-12-16,50.66,53.015,50.06,52.64,28.321946897762746,7827700,0.0000,1.0
2008-12-17,51.86,53.1,51.45,52.46,28.225101334662494,5613200,0.0000,1.0
2008-12-18,53.0,54.39,52.06,52.78,28.3972712246185,7177900,0.0000,1.0
2008-12-19,54.19,54.25,53.06,53.33,28.69318822298038,6949300,0.0000,1.0
2008-12-22,53.27,53.54,52.53,53.19,28.61786389612463,4197800,0.0000,1.0
2008-12-23,52.85,53.88,52.31,52.66,28.332707515884994,3815700,0.0000,1.0
2008-12-24,52.83,53.0,52.52,52.89,28.456454624290874,1204600,0.0000,1.0
2008-12-26,53.0,53.28,52.62,53.16,28.601722968941253,1281300,0.0000,1.0
2008-12-29,52.97,53.15,51.88,53.12,28.58020173269675,3167600,0.0000,1.0
2008-12-30,53.32,54.32,52.32,54.18,29.15051449317602,3410000,0.0000,1.0
2008-12-31,54.19,55.65,54.19,55.16,29.67778478116628,3977400,0.0000,1.0
2009-01-02,55.32,56.38,54.37,56.11,30.18891414197317,4233200,0.0000,1.0
2009-01-05,55.94,56.03,54.66,55.18,29.688545399288532,3593500,0.0000,1.0
2009-01-06,55.44,56.21,54.35,55.42,29.817672816755536,4578400,0.0000,1.0
2009-01-07,54.87,55.0,53.2,53.41,28.73623069546938,5222100,0.0000,1.0
2009-01-08,53.27,53.7,51.69,52.21,28.090593608134366,5726800,0.0000,1.0
2009-01-09,52.2,52.74,50.92,50.93,27.401914048310346,4417500,0.0000,1.0
2009-01-12,51.18,51.5,50.37,50.65,27.251265394598843,4044500,0.0000,1.0
2009-01-13,50.66,50.79,49.4,49.74,26.761657270036455,4530700,0.0000,1.0
2009-01-14,49.39,49.39,47.77,48.15,25.906188129317556,5578500,0.0000,1.0
2009-01-15,48.15,48.57,47.05,48.3,25.986892765234433,6495800,0.0000,1.0
2009-01-16,48.91,49.08,47.24,48.2,25.933089674623186,5857200,0.0000,1.0
2009-01-20,48.0,48.06,45.85,45.93,24.711759517747776,5306200,0.0000,1.0
2009-01-21,46.69,47.9,46.23,47.72,25.674834839689176,5867900,0.0000,1.0
2009-01-22,46.96,48.3,46.7,47.63,25.626412058139053,5012900,0.0000,1.0
2009-01-23,47.08,47.78,46.59,46.92,25.244410114799166,5856900,0.0000,1.0
2009-01-26,47.21,47.91,46.5,46.97,25.27131166010479,4972200,0.0000,1.0
2009-01-27,47.33,47.6,46.43,47.11,25.346635986960543,3864500,0.0000,1.0
2009-01-28,47.44,47.67,46.05,46.85,25.20674795137129,6525700,0.0000,1.0
2009-01-29,46.38,46.77,44.64,44.84,24.125305830085136,6384100,0.0000,1.0
2009-01-30,45.05,45.81,42.24,42.49,22.86093320072073,11081500,0.0000,1.0
2009-02-02,42.2,42.95,41.4,42.42,22.82327103729285,7534900,0.0000,1.0
2009-02-03,42.7,45.57,42.4,45.0,24.211390775063137,12611900,0.0000,1.0
2009-02-04,45.6,45.82,44.57,45.03,24.227531702246512,7367900,0.0000,1.0
2009-02-05,44.77,46.25,44.42,45.91,24.700998899625525,6893900,0.0000,1.0
2009-02-06,45.88,47.4,45.82,47.07,25.325114750716043,5884300,0.0000,1.0
2009-02-09,47.63,47.63,46.44,47.26,25.42734062287742,4769900,0.0000,1.0
2009-02-10,46.94,47.26,44.31,44.72,24.060742121351634,7184700,0.0000,1.0
2009-02-11,45.06,45.44,44.3,45.3,24.37280004689689,5426700,0.0000,1.0
2009-02-12,44.34,44.95,43.29,44.9,24.157587684451887,6390000,0.0000,1.0
2009-02-13,44.84,45.88,44.67,44.84,24.125305830085136,4030900,0.0000,1.0
2009-02-17,43.9,43.9,42.19,42.95,23.108427417532486,6473700,0.0000,1.0
2009-02-18,43.18,43.33,42.25,42.73,22.99006061818773,5958900,0.0000,1.0
2009-02-19,42.97,43.58,42.29,42.93,23.339780707160866,6161500,0.4500,1.0
2009-02-20,42.72,43.5,41.75,42.8,23.269103523561263,7247800,0.0000,1.0
2009-02-23,43.17,43.51,40.82,40.92,22.247002714582408,5575100,0.0000,1.0
2009-02-24,41.2,43.4,41.05,43.17,23.470261661498593,6988000,0.0000,1.0
2009-02-25,42.59,42.88,41.58,42.03,22.85047712839439,7472600,0.0000,1.0
2009-02-26,42.55,42.77,41.06,41.19,22.39379378821235,5721200,0.0000,1.0
2009-02-27,40.45,41.76,39.46,41.18,22.38835708178161,8382200,0.0000,1.0
2009-03-02,40.49,40.87,38.5,38.92,21.159661428434685,9002400,0.0000,1.0
2009-03-03,39.39,39.57,38.23,38.49,20.925883051912923,6553700,0.0000,1.0
2009-03-04,39.01,41.16,38.72,40.7,22.12739517310616,8823800,0.0000,1.0
2009-03-05,39.88,40.07,38.97,39.97,21.730515603662237,13430600,0.0000,1.0
2009-03-06,40.27,41.26,38.44,39.38,21.40974992424866,9498700,0.0000,1.0
2009-03-09,39.03,39.3884,37.99,38.3,20.822585629728888,7429700,0.0000,1.0
2009-03-10,39.0,41.39,38.79,41.22,22.410103907504563,10005100,0.0000,1.0
2009-03-11,41.49,43.12,41.09,42.71,23.220173165684617,9720700,0.0000,1.0
2009-03-12,42.55,43.34,41.75,43.27,23.524628725805982,6623100,0.0000,1.0
2009-03-13,43.63,43.69,42.58,43.09,23.426768010052687,5570900,0.0000,1.0
2009-03-16,43.56,45.655,43.55,44.73,24.318387864693815,9306900,0.0000,1.0
2009-03-17,44.68,46.28,44.19,46.24,25.13933053573535,6448300,0.0000,1.0
2009-03-18,45.82,47.34,44.55,46.52,25.29155831579603,8582500,0.0000,1.0
2009-03-19,46.94,47.2,45.81,45.99,25.003412874966884,7202100,0.0000,1.0
2009-03-20,46.05,46.39,44.58,44.71,24.30751445183234,8956500,0.0000,1.0
2009-03-23,45.36,47.64,45.03,47.54,25.84610237173137,6403800,0.0000,1.0
2009-03-24,47.39,48.46,46.87,47.24,25.68300117880921,5976100,0.0000,1.0
2009-03-25,47.7,49.19,46.93,48.07,26.134247812560513,9207600,0.0000,1.0
2009-03-26,48.26,50.54,48.26,50.46,27.433620649507045,9107300,0.0000,1.0
2009-03-27,50.35,50.99,49.65,50.11,27.243335924431193,8372700,0.0000,1.0
2009-03-30,49.18,49.43,48.01,48.61,26.4278299598204,6402500,0.0000,1.0
2009-03-31,48.96,49.92,47.8,49.22,26.759469052095454,7949200,0.0000,1.0
2009-04-01,48.69,50.34,48.69,50.07,27.221589098708236,6245700,0.0000,1.0
2009-04-02,51.03,53.62,50.51,52.37,28.472031577778118,10843900,0.0000,1.0
2009-04-03,51.93,52.82,51.75,52.75,28.678626422146184,6790900,0.0000,1.0
2009-04-06,52.17,52.73,51.56,52.58,28.586202412823628,5649400,0.0000,1.0
2009-04-07,51.79,51.94,51.02,51.28,27.87943057682761,5166500,0.0000,1.0
2009-04-08,51.59,52.26,50.92,52.2,28.379607568455565,4206900,0.0000,1.0
2009-04-09,53.12,54.29,52.7,53.49,29.080942698020845,6553100,0.0000,1.0
2009-04-13,52.94,53.95,52.75,53.43,29.048322459436413,3567200,0.0000,1.0
2009-04-14,52.95,53.98,52.53,53.43,29.048322459436413,4690100,0.0000,1.0
2009-04-15,53.07,54.31,53.02,54.25,29.494132386756977,4834300,0.0000,1.0
2009-04-16,54.57,56.13,53.8,55.92,30.402062360690326,5854300,0.0000,1.0
2009-04-17,55.89,56.13,53.82,54.65,29.71160064398652,8297600,0.0000,1.0
2009-04-20,53.85,53.85,52.69,53.16,28.901531385806468,5956900,0.0000,1.0
2009-04-21,52.78,55.62,52.75,55.35,30.092170094138226,6243600,0.0000,1.0
2009-04-22,54.75,57.25,54.46,54.75,29.765967708293907,7635100,0.0000,1.0
2009-04-23,52.9,53.719,50.61,53.33,28.993955395129024,12637600,0.0000,1.0
2009-04-24,53.01,54.04,52.53,53.28,28.96677186297533,6055600,0.0000,1.0
2009-04-27,52.58,52.58,50.9,51.21,27.84137363181244,5839300,0.0000,1.0
2009-04-28,50.97,51.66,50.62,51.04,27.74894962248988,4366500,0.0000,1.0
2009-04-29,51.31,52.42,51.24,51.79,28.156702604795278,4456600,0.0000,1.0
2009-04-30,52.38,52.92,52.01,52.34,28.455721458485904,4972300,0.0000,1.0
2009-05-01,52.1,52.6,51.21,51.66,28.086025421195675,3775900,0.0000,1.0
2009-05-04,51.81,54.28,51.39,54.12,29.423455203157374,4982000,0.0000,1.0
2009-05-05,54.01,55.16,54.01,55.15,29.98343596552345,4698900,0.0000,1.0
2009-05-06,55.51,55.83,54.59,55.83,30.353132002813677,4875100,0.0000,1.0
2009-05-07,56.18,56.92,55.235,55.83,30.353132002813677,7717400,0.0000,1.0
2009-05-08,56.53,57.89,56.4,57.62,31.32630245391589,7036100,0.0000,1.0
2009-05-11,56.62,56.86,55.59,55.83,30.353132002813677,4451100,0.0000,1.0
2009-05-12,56.01,56.24,53.86,54.64,29.706163937555782,6669500,0.0000,1.0
2009-05-13,53.83,53.83,51.93,52.41,28.49377840350107,6810200,0.0000,1.0
2009-05-14,52.31,52.97,51.87,52.26,28.65687959642323,4387400,0.4500,1.0
2009-05-15,52.05,53.5,51.8,51.99,28.508824535362493,5344800,0.0000,1.0
2009-05-18,52.05,53.17,52.05,52.8,28.95298971854471,5103700,0.0000,1.0
2009-05-19,52.89,53.4,51.76,51.82,28.41560468210203,5819900,0.0000,1.0
2009-05-20,52.51,53.14,51.78,51.86,28.437538765222136,5133300,0.0000,1.0
2009-05-21,51.46,51.46,49.34,49.49,27.13794434035564,7131700,0.0000,1.0
2009-05-22,49.79,50.27,48.59,49.65,27.225680672836077,6093900,0.0000,1.0
2009-05-26,49.22,51.4,49.15,51.14,28.042725269060163,4902400,0.0000,1.0
2009-05-27,51.23,51.49,49.57,49.75,27.280515880636354,4487400,0.0000,1.0
2009-05-28,49.9,50.47,48.85,49.01,26.874735342914324,5929800,0.0000,1.0
2009-05-29,49.17,51.14,49.14,51.14,28.042725269060163,5962100,0.0000,1.0
2009-06-01,52.2,53.0,51.51,52.56,28.821385219824055,6763300,0.0000,1.0
2009-06-02,52.37,54.12,51.9,52.56,28.821385219824055,5131700,0.0000,1.0
2009-06-03,51.72,52.02,50.63,51.02,27.976923019699836,6510600,0.0000,1.0
2009-06-04,51.1,51.43,50.26,51.0,27.965955978139778,4668500,0.0000,1.0
2009-06-05,51.9,52.27,51.21,51.52,28.251099058701207,4023000,0.0000,1.0
2009-06-08,51.31,51.74,50.2,51.43,28.20174737168096,4225600,0.0000,1.0
2009-06-09,51.36,52.18,51.05,51.88,28.448505806782194,3064600,0.0000,1.0
2009-06-10,52.18,52.33,50.8,51.65,28.32238482884156,4698300,0.0000,1.0
2009-06-11,51.62,52.32,51.55,51.78,28.393670598981917,3692600,0.0000,1.0
2009-06-12,51.6,51.74,50.08,50.53,27.708230501478493,5606500,0.0000,1.0
2009-06-15,49.92,50.0,48.7,49.0,26.8692518221343,6316900,0.0000,1.0
2009-06-16,49.28,49.6,48.3801,48.44,26.56217465845276,4237500,0.0000,1.0
2009-06-17,47.97,48.6,47.53,48.12,26.386701993491883,6353900,0.0000,1.0
2009-06-18,48.26,48.69,47.66,48.3,26.485405367532376,3756800,0.0000,1.0
2009-06-19,48.73,48.74,47.69,48.14,26.39766903505194,6419200,0.0000,1.0
2009-06-22,47.92,47.97,46.41,46.84,25.68481133364838,7168200,0.0000,1.0
2009-06-23,47.2,47.76,46.94,47.2,25.882218081729366,5780900,0.0000,1.0
2009-06-24,47.66,48.49,47.38,47.64,26.123492996050572,4696600,0.0000,1.0
2009-06-25,47.37,49.45,47.37,49.37,27.07214209099531,5046500,0.0000,1.0
2009-06-26,49.11,50.1,49.0,49.86,27.340834609216653,5543700,0.0000,1.0
2009-06-29,49.94,50.86,49.4,50.32,27.593076565097917,4090000,0.0000,1.0
2009-06-30,50.25,50.73,49.5,49.99,27.412120379357013,4541400,0.0000,1.0
2009-07-01,49.95,51.24,49.95,50.85,27.883703166439368,3703300,0.0000,1.0
2009-07-02,50.13,50.27,48.6,48.66,26.682812115613363,4427300,0.0000,1.0
2009-07-06,48.25,49.18,48.14,49.14,26.94602111305468,4400800,0.0000,1.0
2009-07-07,49.13,49.17,47.59,47.72,26.16736116229079,4574500,0.0000,1.0
2009-07-08,48.01,48.2299,46.78,47.88,26.25509749477123,7529600,0.0000,1.0
2009-07-09,48.22,48.59,47.8,48.02,26.331866785691613,3978200,0.0000,1.0
2009-07-10,47.63,48.78,47.53,48.57,26.633460428593118,3783300,0.0000,1.0
2009-07-13,48.58,49.44,47.91,49.42,27.09955969489545,3829400,0.0000,1.0
2009-07-14,49.11,49.67,48.7,49.58,27.187296027375886,3559800,0.0000,1.0
2009-07-15,50.14,50.64,49.71,50.53,27.708230501478493,4497200,0.0000,1.0
2009-07-16,50.46,53.41,50.29,52.93,29.02427548868507,7806700,0.0000,1.0
2009-07-17,52.58,52.93,51.9101,52.17,28.607527909402986,5167500,0.0000,1.0
2009-07-20,52.33,52.92,52.18,52.75,28.925572114644577,1166900,0.0000,1.0
2009-07-21,53.15,53.27,51.71,52.29,28.673330158763314,1077100,0.0000,1.0
2009-07-22,51.9,53.54,51.9,52.3,28.678813679543342,5073200,0.0000,1.0
2009-07-23,51.2,54.0,50.8,53.51,29.342319693926658,7732600,0.0000,1.0
2009-07-24,53.32,53.7,52.61,53.4,29.282000965346356,3424100,0.0000,1.0
2009-07-27,53.44,54.25,53.07,54.2,29.720682627748552,3574800,0.0000,1.0
2009-07-28,53.8,53.9,52.81,53.48,29.325869131586575,3442000,0.0000,1.0
2009-07-29,53.23,53.58,52.59,52.94,29.029759009465096,3920200,0.0000,1.0
2009-07-30,53.65,54.05,53.05,53.62,29.402638422506957,4325600,0.0000,1.0
2009-07-31,53.65,54.0,53.38,53.73,29.46295715108726,3444100,0.0000,1.0
2009-08-03,54.22,54.62,53.18,54.38,29.819386001789045,3473100,0.0000,1.0
2009-08-04,54.17,54.58,53.72,54.08,29.65488037838822,2698900,0.0000,1.0
2009-08-05,54.27,54.3,52.94,53.68,29.435539547187126,3264100,0.0000,1.0
2009-08-06,53.78,53.9,53.02,53.24,29.19426463286592,2817300,0.0000,1.0
2009-08-07,53.7,54.5,53.55,54.11,29.671330940728303,3875400,0.0000,1.0
2009-08-10,53.78,54.07,53.43,53.72,29.457473630307234,2315400,0.0000,1.0
2009-08-11,53.67,53.95,53.1,53.66,29.42457250562707,2886900,0.0000,1.0
2009-08-12,53.71,55.04,53.24,54.53,29.901638813489456,3987200,0.0000,1.0
2009-08-13,54.8,54.97,53.73,54.12,29.67681446150833,3602000,0.0000,1.0
2009-08-14,54.16,54.38,53.01,53.53,29.353286735486716,3386200,0.0000,1.0
2009-08-17,53.09,53.2,51.93,52.11,28.57462678472282,4219500,0.0000,1.0
2009-08-18,52.18,52.755,51.9,52.59,28.837835782164138,3419000,0.0000,1.0
2009-08-19,52.11,53.37,52.11,52.78,28.94202267698466,3439800,0.0000,1.0
2009-08-20,52.68,52.91,52.24,52.77,29.183297591305863,3194800,0.4500,1.0
2009-08-21,53.21,53.72,53.0,53.62,29.653371552886494,5157700,0.0000,1.0
2009-08-24,53.59,53.95,53.24,53.52,29.59806873387701,2565000,0.0000,1.0
2009-08-25,53.77,54.52,53.655,54.37,30.06814269545764,4165900,0.0000,1.0
2009-08-26,54.31,54.46,53.64,54.01,29.86905254702349,3316800,0.0000,1.0
2009-08-27,53.81,54.35,53.15,53.95,29.835870855617802,2900500,0.0000,1.0
2009-08-28,54.2,54.5,53.36,53.71,29.703144089995032,3064200,0.0000,1.0
2009-08-31,53.45,53.68,52.88,53.46,29.564887042471316,3474100,0.0000,1.0
2009-09-01,53.39,54.23,52.43,52.58,29.078222235187837,4098800,0.0000,1.0
2009-09-02,52.44,53.01,52.06,52.75,29.172237027503964,3802000,0.0000,1.0
2009-09-03,52.88,53.16,52.17,52.83,29.216479282711553,4018900,0.0000,1.0
2009-09-04,52.92,53.86,52.75,53.81,29.75844690900452,2914900,0.0000,1.0
2009-09-08,53.9,54.3,53.38,54.1,29.91882508413203,3716100,0.0000,1.0
2009-09-09,55.15,55.74,54.76,55.43,30.654352576958196,6638300,0.0000,1.0
2009-09-10,55.67,56.56,55.54,56.3,31.135487102340722,5785900,0.0000,1.0
2009-09-11,57.84,58.915,57.47,58.8,32.51805757757788,12311500,0.0000,1.0
2009-09-14,58.54,59.27,58.23,59.19,32.73373857171487,4696400,0.0000,1.0
2009-09-15,59.28,59.5,58.86,59.29,32.789041390724364,4690600,0.0000,1.0
2009-09-16,59.63,59.63,58.68,59.2,32.739268853615826,4489000,0.0000,1.0
2009-09-17,58.7,59.59,58.29,58.84,32.540178705181674,4127900,0.0000,1.0
2009-09-18,59.02,59.27,58.51,58.77,32.501466731875034,5066100,0.0000,1.0
2009-09-21,58.63,58.86,57.91,58.52,32.36320968435132,2943100,0.0000,1.0
2009-09-22,58.95,58.95,58.3,58.63,32.424042785261754,3619400,0.0000,1.0
2009-09-23,58.64,59.4233,58.15,58.24,32.20836179112476,3128800,0.0000,1.0
2009-09-24,58.2,58.6,57.55,58.05,32.10328643500673,3565800,0.0000,1.0
2009-09-25,58.0,58.11,56.32,56.81,31.417531479289106,4016900,0.0000,1.0
2009-09-28,57.06,57.92,56.71,57.63,31.871014595166894,2729300,0.0000,1.0
2009-09-29,57.84,57.88,56.68,56.78,31.40094063358626,3178400,0.0000,1.0
2009-09-30,56.89,57.1,55.79,56.47,31.22950189465685,5314500,0.0000,1.0
2009-10-01,56.37,56.62,55.09,55.2,30.52715609323638,5132900,0.0000,1.0
2009-10-02,54.78,55.47,54.59,54.94,30.38336876381171,4673900,0.0000,1.0
2009-10-05,55.04,55.71,54.57,55.61,30.75389765117527,3542500,0.0000,1.0
2009-10-06,55.85,56.485,55.34,55.59,30.742837087373374,4088500,0.0000,1.0
2009-10-07,55.5,55.8,55.15,55.63,30.76495821497717,2349600,0.0000,1.0
2009-10-08,55.75,56.68,55.72,56.33,31.15207794804357,7005400,0.0000,1.0
2009-10-09,56.3,56.46,55.64,55.97,30.95298779960942,3299800,0.0000,1.0
2009-10-12,56.05,56.43,55.57,55.93,30.930866672005624,2179200,0.0000,1.0
2009-10-13,55.94,55.94,55.13,55.73,30.82026103398665,3435600,0.0000,1.0
2009-10-14,56.11,57.28,56.04,57.21,31.63874275532705,4870400,0.0000,1.0
2009-10-15,57.07,57.8,56.7,57.71,31.91525685037448,4223900,0.0000,1.0
2009-10-16,57.16,57.36,56.7,57.12,31.58897021821851,4499400,0.0000,1.0
2009-10-19,57.3,57.76,57.12,57.62,31.86548431326594,2738900,0.0000,1.0
2009-10-20,57.79,57.91,57.1,57.73,31.926317414176374,3331000,0.0000,1.0
2009-10-21,57.49,58.27,56.69,57.1,31.577909654416615,4453400,0.0000,1.0
2009-10-22,56.96,57.39,55.81,57.1,31.577909654416615,5528400,0.0000,1.0
2009-10-23,57.09,57.09,55.31,55.7,30.80367018828381,6065400,0.0000,1.0
2009-10-26,55.67,56.38,54.26,54.52,30.151096923971874,8866100,0.0000,1.0
2009-10-27,54.6,54.79,54.0,54.5,30.140036360169972,5855800,0.0000,1.0
2009-10-28,54.4,55.08,54.24,54.37,30.06814269545764,4765700,0.0000,1.0
2009-10-29,54.61,55.17,54.31,54.94,30.38336876381171,3260600,0.0000,1.0
2009-10-30,54.61,54.89,53.6,53.68,29.68655324429219,5477300,0.0000,1.0
2009-11-02,53.77,54.18,53.17,54.01,29.86905254702349,4203400,0.0000,1.0
2009-11-03,54.06,54.56,53.86,54.2,29.974127903141518,4269200,0.0000,1.0
2009-11-04,54.64,55.02,53.47,53.5,29.587008170075112,4113800,0.0000,1.0
2009-11-05,53.65,54.55,53.64,54.46,30.11791523256618,2954300,0.0000,1.0
2009-11-06,54.39,55.03,54.0538,54.86,30.339126508604124,3276200,0.0000,1.0
2009-11-09,55.1,56.32,55.0,56.2,31.08018428333124,5100600,0.0000,1.0
2009-11-10,56.13,57.0799,56.01,56.85,31.4396526068929,5075400,0.0000,1.0
2009-11-11,57.22,58.48,57.01,58.07,32.11434699880863,6085800,0.0000,1.0
2009-11-12,57.99,57.99,56.58,56.83,31.67745472863369,5330900,0.4500,1.0
2009-11-13,57.02,57.04,56.55,56.69,31.599417711881824,4447300,0.0000,1.0
2009-11-16,57.06,58.23,57.0,57.74,32.18469533752084,4234200,0.0000,1.0
2009-11-17,57.46,57.63,56.9,57.07,31.811232471636895,3745900,0.0000,1.0
2009-11-18,57.01,57.47,56.59,57.37,31.9784546503909,4308600,0.0000,1.0
2009-11-19,56.98,57.27,56.5,57.16,31.861399125263095,3981200,0.0000,1.0
2009-11-20,56.83,57.64,56.83,57.51,32.05649166714277,4227500,0.0000,1.0
2009-11-23,57.99,58.8,57.82,58.16,32.41880638777645,4056800,0.0000,1.0
2009-11-24,58.2,58.42,57.68,57.92,32.28502864477325,3624300,0.0000,1.0
2009-11-25,58.02,58.45,57.941,58.2,32.441102678276984,3004700,0.0000,1.0
2009-11-27,57.13,57.73,56.51,57.43,32.0118990861417,2082700,0.0000,1.0
2009-11-30,57.25,57.97,57.0,57.47,32.03419537664224,4321400,0.0000,1.0
2009-12-01,57.9,58.16,57.69,57.88,32.262732354272714,3998700,0.0000,1.0
2009-12-02,57.92,58.25,57.67,57.9,32.273880499522974,4060600,0.0000,1.0
2009-12-03,57.89,58.14,57.51,57.57,32.089936102893574,5309200,0.0000,1.0
2009-12-04,58.29,58.5,57.34,57.87,32.25715828164758,4978700,0.0000,1.0
2009-12-07,57.97,57.97,57.6,57.87,32.25715828164758,4357500,0.0000,1.0
2009-12-08,58.66,58.66,57.46,57.74,32.18469533752084,6394000,0.0000,1.0
2009-12-09,58.02,58.18,57.4,57.76,32.19584348277111,4119700,0.0000,1.0
2009-12-10,58.09,58.43,57.25,57.63,32.123380538644376,4972000,0.0000,1.0
2009-12-11,57.86,58.73,57.66,58.01,32.33519529839945,4969800,0.0000,1.0
2009-12-14,58.47,59.0,58.23,58.99,32.88145441566253,3614900,0.0000,1.0
2009-12-15,58.87,59.66,58.72,59.25,33.026380303916,4683300,0.0000,1.0
2009-12-16,59.36,59.75,58.87,59.0,32.88702848828766,4451300,0.0000,1.0
2009-12-17,58.22,58.48,57.47,58.23,32.45782489615238,4150800,0.0000,1.0
2009-12-18,58.53,58.73,57.68,57.98,32.31847308052404,5633600,0.0000,1.0
2009-12-21,58.1,58.68,58.1,58.62,32.67521372853259,3192700,0.0000,1.0
2009-12-22,58.82,59.07,58.44,58.58,32.652917438032055,3125400,0.0000,1.0
2009-12-23,58.39,58.73,57.85,58.0,32.32962122577431,2667100,0.0000,1.0
2009-12-24,58.19,58.35,58.04,58.12,32.396510097275915,684800,0.0000,1.0
2009-12-28,58.36,58.36,57.73,57.96,32.307324935273776,1788400,0.0000,1.0
2009-12-29,57.99,58.7,57.99,58.55,32.63619522015665,2576800,0.0000,1.0
2009-12-30,58.24,58.545,57.85,58.18,32.42995453302672,2596900,0.0000,1.0
2009-12-31,57.99,58.02,57.31,57.37,31.9784546503909,2357500,0.0000,1.0
2010-01-04,58.18,58.82,57.98,58.18,32.42995453302672,3897200,0.0000,1.0
2010-01-05,58.25,59.0,58.12,58.28,32.48569525927805,5966300,0.0000,1.0
2010-01-06,58.21,58.27,57.81,57.85,32.24601013639731,5770200,0.0000,1.0
2010-01-07,57.96,57.96,57.19,57.41,32.000750940891436,5747000,0.0000,1.0
2010-01-08,59.77,61.13,59.52,60.17,33.53919498542828,13779300,0.0000,1.0
2010-01-11,60.55,63.38,60.5,62.82,35.01632423108866,13744900,0.0000,1.0
2010-01-12,62.52,62.94,62.1,62.4,34.782213180833054,5662500,0.0000,1.0
2010-01-13,63.13,63.22,61.9333,62.07,34.59826878420365,5822600,0.0000,1.0
2010-01-14,61.85,62.36,61.84,62.2,34.67073172833039,1304200,0.0000,1.0
2010-01-15,62.17,62.39,61.73,61.93,34.520231767451776,2666900,0.0000,1.0
2010-01-19,62.01,62.78,62.0,62.25,34.69860209145605,3525000,0.0000,1.0
2010-01-20,62.16,62.21,60.67,61.16,34.091028175316495,5261100,0.0000,1.0
2010-01-21,61.07,61.32,59.53,59.7,33.27721357204701,6344200,0.0000,1.0
2010-01-22,59.49,59.55,58.6,58.75,32.747676672659324,5623300,0.0000,1.0
2010-01-25,59.11,59.52,58.262,58.75,32.747676672659324,3520500,0.0000,1.0
2010-01-26,58.49,59.2,57.89,58.64,32.68636187378286,3285800,0.0000,1.0
2010-01-27,58.65,59.5,58.12,59.34,33.076546957542206,5247300,0.0000,1.0
2010-01-28,59.51,59.65,58.06,58.96,32.86473219778713,5711600,0.0000,1.0
2010-01-29,59.13,59.79,57.71,57.77,32.20141755539624,6565200,0.0000,1.0
2010-02-01,57.95,58.53,57.45,58.39,32.54701005815452,6331100,0.0000,1.0
2010-02-02,59.74,59.95,58.3,58.62,32.67521372853259,7843800,0.0000,1.0
2010-02-03,58.73,59.3,58.25,58.87,32.81456554416093,4745400,0.0000,1.0
2010-02-04,58.43,58.63,57.24,57.29,31.933862069389832,7259900,0.0000,1.0
2010-02-05,57.18,57.73,56.23,57.2,31.883695415763633,5799400,0.0000,1.0
2010-02-08,57.17,57.4,56.49,56.62,31.560399203505888,3485100,0.0000,1.0
2010-02-09,57.35,58.18,56.9,57.41,32.000750940891436,5253000,0.0000,1.0
2010-02-10,57.45,57.45,56.57,57.07,31.811232471636895,4704000,0.0000,1.0
2010-02-11,56.81,57.15,56.36,56.72,31.878121343138496,6647300,0.4700,1.0
2010-02-12,56.26,56.42,55.77,56.15,31.557766456580158,6148400,0.0000,1.0
2010-02-16,56.94,57.49,56.47,57.33,32.22095727436759,5065200,0.0000,1.0
2010-02-17,57.51,57.6,57.1421,57.51,32.32212197538602,4489000,0.0000,1.0
2010-02-18,57.31,57.61,56.93,57.17,32.13103309568455,4332500,0.0000,1.0
2010-02-19,56.95,58.16,56.78,57.81,32.490729810416724,4886100,0.0000,1.0
2010-02-22,58.07,58.22,57.67,57.95,32.56941346676439,2916300,0.0000,1.0
2010-02-23,57.95,58.52,57.5,58.4,32.82232521931044,5622400,0.0000,1.0
2010-02-24,58.43,58.95,58.26,58.76,33.02465462134728,4748300,0.0000,1.0
2010-02-25,57.98,58.42,57.45,58.42,32.83356574164582,4441400,0.0000,1.0
2010-02-26,58.42,58.95,57.9,58.74,33.013414099011904,3895100,0.0000,1.0
2010-03-01,58.8,59.535,58.73,58.85,33.0752369718565,3944600,0.0000,1.0
2010-03-02,59.18,59.59,59.01,59.16,33.24946506805489,6304900,0.0000,1.0
2010-03-03,59.94,60.0,59.125,59.18,33.26070559039027,6077200,0.0000,1.0
2010-03-04,59.18,59.68,58.91,59.2,33.27194611272565,4370400,0.0000,1.0
2010-03-05,59.56,59.71,59.22,59.49,33.434933686588664,5400400,0.0000,1.0
2010-03-08,59.67,59.89,59.46,59.8,33.60916178278706,4076700,0.0000,1.0
2010-03-09,59.68,60.43,59.43,60.29,33.88455458000388,5471000,0.0000,1.0
2010-03-10,60.23,61.03,60.08,60.73,34.13184607138224,6309500,0.0000,1.0
2010-03-11,60.59,62.49,60.45,62.47,35.10977151456033,10353600,0.0000,1.0
2010-03-12,62.5,62.53,62.0,62.32,35.02546759704498,5878800,0.0000,1.0
2010-03-15,62.23,62.8,62.02,62.7,35.2390375214172,4937900,0.0000,1.0
2010-03-16,62.76,62.95,62.3,62.48,35.115391775728014,5827100,0.0000,1.0
2010-03-17,62.5,63.22,62.5,62.88,35.34020222243563,5771400,0.0000,1.0
2010-03-18,62.96,64.49,62.5,64.42,36.205722442259905,7749200,0.0000,1.0
2010-03-19,64.9,64.94,64.02,64.33,36.155140091750695,7976500,0.0000,1.0
2010-03-22,64.01,64.65,63.85,63.96,35.94719042854616,3829600,0.0000,1.0
2010-03-23,64.08,64.71,63.7,64.62,36.318127665613716,4073400,0.0000,1.0
2010-03-24,64.54,64.6,63.54,63.77,35.840405466360046,4127800,0.0000,1.0
2010-03-25,64.04,64.49,63.54,63.65,35.77296233234777,4120000,0.0000,1.0
2010-03-26,63.72,64.27,63.45,63.67,35.784202854683144,2906000,0.0000,1.0
2010-03-29,63.8,64.57,63.72,64.13,36.04273486839689,3226100,0.0000,1.0
2010-03-30,64.3,64.95,64.16,64.53,36.2675453151045,3493100,0.0000,1.0
2010-03-31,64.36,64.6,63.86,64.41,36.20010218109221,3177900,0.0000,1.0
2010-04-01,64.71,64.94,63.71,64.15,36.053975390732276,3573900,0.0000,1.0
2010-04-05,64.42,64.62,64.01,64.18,36.070836174235346,3827300,0.0000,1.0
2010-04-06,63.96,64.45,63.765,64.22,36.0933172189061,3543000,0.0000,1.0
2010-04-07,64.02,64.1,63.25,63.67,35.784202854683144,4836600,0.0000,1.0
2010-04-08,63.64,64.39,63.03,64.27,36.121418524744556,4319600,0.0000,1.0
2010-04-09,64.28,64.6,63.99,64.44,36.21696296459528,2790700,0.0000,1.0
2010-04-12,64.81,64.99,64.66,64.76,36.39681132196137,3687800,0.0000,1.0
2010-04-13,64.39,65.17,64.24,64.88,36.46425445597365,4793600,0.0000,1.0
2010-04-14,64.9,65.516,64.77,65.45,36.78460934253199,6098900,0.0000,1.0
2010-04-15,68.5,69.74,68.38,68.89,38.7179791842174,15257900,0.0000,1.0
2010-04-16,68.9,69.54,68.0,68.21,38.33580142481447,8515500,0.0000,1.0
2010-04-19,68.11,68.55,67.73,68.29,38.380763514155994,5006500,0.0000,1.0
2010-04-20,68.8,69.06,67.61,68.06,38.25149750729912,5222600,0.0000,1.0
2010-04-21,68.25,68.87,68.08,68.12,38.28521907430526,3890900,0.0000,1.0
2010-04-22,67.93,68.36,67.14,68.26,38.363902730652924,4666300,0.0000,1.0
2010-04-23,68.44,68.9,67.75,68.86,38.70111840071433,4269300,0.0000,1.0
2010-04-26,68.96,69.45,68.47,68.52,38.51002952101286,6395400,0.0000,1.0
2010-04-27,68.41,68.47,65.73,66.22,37.21736945244413,8133600,0.0000,1.0
2010-04-28,66.93,68.38,66.62,68.31,38.39200403649137,7691300,0.0000,1.0
2010-04-29,68.7,69.95,68.55,69.7,39.173220338800306,5838400,0.0000,1.0
2010-04-30,69.75,70.31,68.96,69.14,38.85848571340966,7025900,0.0000,1.0
2010-05-03,69.49,70.89,69.15,70.7,39.73524645556932,5424700,0.0000,1.0
2010-05-04,69.98,69.98,68.11,68.94,38.74608049005585,6279200,0.0000,1.0
2010-05-05,67.93,68.29,66.66,67.18,37.75691452454239,8384200,0.0000,1.0
2010-05-06,66.84,67.44,61.25,65.0,36.53169758998594,11149400,0.0000,1.0
2010-05-07,64.65,65.13,62.96,63.93,35.93032964504309,8678000,0.0000,1.0
2010-05-10,66.0,67.9,65.73,67.48,37.925522359573094,7940600,0.0000,1.0
2010-05-11,66.88,68.04,66.51,66.99,37.65012956235627,4941200,0.0000,1.0
2010-05-12,67.29,68.69,66.93,67.76,38.082889672268415,4184400,0.0000,1.0
2010-05-13,67.74,67.99,66.7,66.79,37.80187661388391,3586500,0.4700,1.0
2010-05-14,66.28,66.68,65.185,65.75,37.213256286313324,4656400,0.0000,1.0
2010-05-17,65.91,66.48,64.49,65.55,37.100060069472825,4882700,0.0000,1.0
2010-05-18,66.15,66.64,64.87,65.29,36.95290498758018,4282200,0.0000,1.0
2010-05-19,64.72,65.48,64.14,65.13,36.86234801410778,5304000,0.0000,1.0
2010-05-20,64.12,64.92,63.22,63.43,35.90018017096356,7218400,0.0000,1.0
2010-05-21,62.53,63.45,61.5,62.38,35.30590003255095,13071700,0.0000,1.0
2010-05-24,62.05,63.0,61.63,61.65,34.892733841083135,6607100,0.0000,1.0
2010-05-25,60.25,62.05,59.53,61.97,35.07384778802793,7427100,0.0000,1.0
2010-05-26,62.5,62.97,61.56,61.96,35.06818797718591,5863000,0.0000,1.0
2010-05-27,63.08,63.62,62.1418,63.57,35.97941752275191,4861100,0.0000,1.0
2010-05-28,63.25,63.41,62.03,62.76,35.52097284454789,4276800,0.0000,1.0
2010-06-01,62.11,62.508,61.1,61.17,34.62106292066595,5406500,0.0000,1.0
2010-06-02,61.57,62.65,60.92,62.59,35.42475606023348,4652600,0.0000,1.0
2010-06-03,62.75,63.35,62.26,63.01,35.662468115598514,3619700,0.0000,1.0
2010-06-04,61.82,62.045,60.09,60.56,34.27581445930243,5186400,0.0000,1.0
2010-06-07,60.56,60.58,58.33,58.45,33.08159437163519,7057100,0.0000,1.0
2010-06-08,58.42,59.09,57.51,58.97,33.37590453542048,7424300,0.0000,1.0
2010-06-09,59.21,59.98,58.38,58.62,33.17781115594961,5420700,0.0000,1.0
2010-06-10,59.8,61.0,59.5,60.84,34.434289162879125,6315700,0.0000,1.0
2010-06-11,60.43,61.35,60.14,61.2,34.63804235319202,4411200,0.0000,1.0
2010-06-14,61.7,62.51,61.03,61.08,34.57012462308772,3873300,0.0000,1.0
2010-06-15,61.6,62.76,61.4,62.66,35.464374736127645,4834900,0.0000,1.0
2010-06-16,62.32,63.49,62.2,62.41,35.32287946507702,8791700,0.0000,1.0
2010-06-17,62.92,62.92,61.39,62.2,35.204023437394504,5598500,0.0000,1.0
2010-06-18,62.26,62.53,62.0,62.5,35.37381776265525,5100000,0.0000,1.0
2010-06-21,63.03,63.44,61.84,62.17,35.18704400486843,5075400,0.0000,1.0
2010-06-22,62.1,62.29,60.11,60.4,34.185257485830036,6483100,0.0000,1.0
2010-06-23,60.4,60.89,59.64,60.38,34.173937864145984,3502600,0.0000,1.0
2010-06-24,60.17,61.02,59.78,60.09,34.009803349727264,4603500,0.0000,1.0
2010-06-25,60.14,60.4,59.5,60.35,34.15695843161991,4359700,0.0000,1.0
2010-06-28,60.35,60.58,59.51,59.63,33.74945205099412,2573100,0.0000,1.0
2010-06-29,59.0,59.0,57.03,57.54,32.56655158501093,6077500,0.0000,1.0
2010-06-30,57.34,58.26,56.7,56.89,32.19866388027931,4703900,0.0000,1.0
2010-07-01,57.46,58.14,56.87,58.0,32.82690288374407,6305900,0.0000,1.0
2010-07-02,57.99,58.25,56.47,56.76,32.12508633933299,4630300,0.0000,1.0
2010-07-06,57.34,58.22,56.61,57.2,32.374118016382084,4749400,0.0000,1.0
2010-07-07,57.28,59.62,57.28,59.47,33.65889507752172,6372400,0.0000,1.0
2010-07-08,59.83,60.38,59.26,59.96,33.93622580878094,4122500,0.0000,1.0
2010-07-09,60.0,60.29,59.55,60.06,33.99282391720119,2700000,0.0000,1.0
2010-07-12,60.39,60.5,59.44,60.02,33.97018467383309,3555100,0.0000,1.0
2010-07-13,60.69,61.65,60.66,61.3,34.694640461612266,5123400,0.0000,1.0
2010-07-14,61.25,62.34,61.25,61.76,34.95499176034541,4290000,0.0000,1.0
2010-07-15,61.81,61.85,60.42,61.34,34.71727970498037,3607000,0.0000,1.0
2010-07-16,60.99,61.29,59.45,59.68,33.777751105204246,6274700,0.0000,1.0
2010-07-19,59.85,60.64,59.23,60.46,34.219216350882185,4435000,0.0000,1.0
2010-07-20,59.86,60.95,59.27,60.88,34.45692840624723,3071100,0.0000,1.0
2010-07-21,61.44,61.44,59.37,60.01,33.96452486299106,4417600,0.0000,1.0
2010-07-22,63.0,64.31,62.6,63.15,35.741705467386865,11500700,0.0000,1.0
2010-07-23,63.36,64.0,62.9,63.67,36.036015631172155,4716200,0.0000,1.0
2010-07-26,64.72,65.0,64.17,64.88,36.72085274305716,4998000,0.0000,1.0
2010-07-27,65.06,65.25,64.55,64.66,36.59633690453261,4474000,0.0000,1.0
2010-07-28,64.6,65.29,64.28,64.8,36.675574256320964,4010300,0.0000,1.0
2010-07-29,65.1,65.32,64.15,64.39,36.443522011797945,3781200,0.0000,1.0
2010-07-30,63.95,65.35,63.64,65.0,36.78877047316146,5191500,0.0000,1.0
2010-08-02,65.73,66.65,65.22,66.6,37.69434020788543,5489500,0.0000,1.0
2010-08-03,66.48,66.76,65.81,66.6,37.69434020788543,5170600,0.0000,1.0
2010-08-04,66.68,67.7,66.57,67.38,38.13580545356337,4940100,0.0000,1.0
2010-08-05,66.87,67.72,66.62,67.42,38.158444696931475,4357700,0.0000,1.0
2010-08-06,66.67,67.49,66.0,66.7,37.750938316305685,4663600,0.0000,1.0
2010-08-09,67.08,67.72,66.9469,67.42,38.158444696931475,2623300,0.0000,1.0
2010-08-10,66.99,67.54,66.68,67.21,38.03958866924894,4724800,0.0000,1.0
2010-08-11,66.32,66.62,64.79,65.21,36.907626500843975,5524900,0.0000,1.0
2010-08-12,63.98,64.73,63.56,64.48,36.76047141895133,3950500,0.4700,1.0
2010-08-13,64.22,64.8,64.12,64.44,36.73766715628449,3299900,0.0000,1.0
2010-08-16,64.03,64.94,63.73,64.65,36.85738953528542,2895800,0.0000,1.0
2010-08-17,65.11,66.55,65.04,66.02,37.63843553162479,4400400,0.0000,1.0
2010-08-18,65.93,66.6,65.38,66.17,37.72395151662546,3845400,0.0000,1.0
2010-08-19,65.82,66.18,64.83,65.42,37.29637159162215,5560200,0.0000,1.0
2010-08-20,64.91,65.17,64.38,65.1,37.1139374902874,4976900,0.0000,1.0
2010-08-23,65.69,66.18,65.19,65.22,37.18235027828793,3380500,0.0000,1.0
2010-08-24,64.44,64.8,63.71,63.85,36.40130428194855,6716100,0.0000,1.0
2010-08-25,63.34,63.65,62.61,63.35,36.11625099861301,4544700,0.0000,1.0
2010-08-26,63.55,64.26,63.32,63.43,36.161859523946696,3493900,0.0000,1.0
2010-08-27,63.92,64.69,63.32,64.47,36.75477035328462,3802800,0.0000,1.0
2010-08-30,64.2,64.87,63.89,63.94,36.452613872948945,3007100,0.0000,1.0
2010-08-31,63.61,64.26,63.28,63.8,36.372798953614996,3966400,0.0000,1.0
2010-09-01,64.84,66.5,64.4,66.19,37.73535364795888,6207400,0.0000,1.0
2010-09-02,66.52,67.45,66.52,67.12,38.26555275496299,4991400,0.0000,1.0
2010-09-03,67.5,68.34,67.31,67.64,38.562008169631945,4317900,0.0000,1.0
2010-09-07,67.22,67.48,66.73,67.08,38.242748492296144,3024600,0.0000,1.0
2010-09-08,67.1,68.33,67.1,67.56,38.51639964429826,3622200,0.0000,1.0
2010-09-09,68.42,68.64,67.47,67.65,38.567709235298665,3312000,0.0000,1.0
2010-09-10,67.85,68.09,67.55,67.76,38.63042095763248,3600200,0.0000,1.0
2010-09-13,68.39,69.5,67.27,67.53,38.49929644729813,4532000,0.0000,1.0
2010-09-14,67.54,67.82,67.4,67.45,38.453687921964445,3912000,0.0000,1.0
2010-09-15,67.31,67.77,66.97,67.66,38.57341030096537,4227300,0.0000,1.0
2010-09-16,66.87,66.99,66.22,66.72,38.03751012829455,5561000,0.0000,1.0
2010-09-17,66.85,67.04,66.1,66.68,38.01470586562771,5438000,0.0000,1.0
2010-09-20,67.06,67.3,66.57,66.9,38.14012931029535,3417500,0.0000,1.0
2010-09-21,67.45,67.45,66.79,66.99,38.19143890129574,3937400,0.0000,1.0
2010-09-22,66.97,67.98,66.97,67.52,38.493595381631415,6831000,0.0000,1.0
2010-09-23,66.88,67.24,66.035,66.39,37.849374961293094,4042800,0.0000,1.0
2010-09-24,66.93,67.54,66.93,67.27,38.351068739963644,4637500,0.0000,1.0
2010-09-27,67.42,67.68,67.08,67.08,38.242748492296144,3187800,0.0000,1.0
2010-09-28,67.34,67.532,66.38,67.18,38.299759148963254,3699700,0.0000,1.0
2010-09-29,66.83,67.07,66.24,66.74,38.04891225962797,4560200,0.0000,1.0
2010-09-30,67.11,68.0,66.65,66.69,38.02040693129442,4538900,0.0000,1.0
2010-10-01,67.16,67.43,66.17,66.44,37.877880289626646,3910900,0.0000,1.0
2010-10-04,66.25,66.63,65.4401,66.12,37.6954461882919,3936300,0.0000,1.0
2010-10-05,66.88,68.28,66.51,67.88,38.698833745633,7262300,0.0000,1.0
2010-10-06,68.0,68.15,67.7,67.81,38.65892628596603,3600600,0.0000,1.0
2010-10-07,68.19,68.28,67.015,67.37,38.40807939663076,3442600,0.0000,1.0
2010-10-08,67.56,67.75,66.92,67.53,38.49929644729813,4287200,0.0000,1.0
2010-10-11,67.45,67.6,66.96,67.35,38.39667726529733,2811700,0.0000,1.0
2010-10-12,67.1,67.45,66.26,67.24,38.33396554296351,3010600,0.0000,1.0
2010-10-13,67.91,69.45,67.73,68.66,39.14351686763645,8406100,0.0000,1.0
2010-10-14,68.55,69.4,68.53,69.4,39.56539572697305,5099000,0.0000,1.0
2010-10-15,69.71,69.91,69.0,69.31,39.514086135972654,5733000,0.0000,1.0
2010-10-18,69.44,69.75,68.73,69.5,39.62240638364016,3982700,0.0000,1.0
2010-10-19,68.83,69.09,67.69,68.74,39.18912539297013,4388600,0.0000,1.0
2010-10-20,68.74,69.89,68.74,69.65,39.70792236864082,4773000,0.0000,1.0
2010-10-21,69.95,70.0,68.61,69.59,39.67371597464056,6172200,0.0000,1.0
2010-10-22,69.61,69.95,69.12,69.83,39.81054155064162,2969600,0.0000,1.0
2010-10-25,69.94,69.99,69.25,69.32,39.51978720163936,4036000,0.0000,1.0
2010-10-26,69.04,69.63,68.67,69.42,39.57679785830647,2869300,0.0000,1.0
2010-10-27,68.94,69.1,67.4478,67.98,38.75584440230012,5400400,0.0000,1.0
2010-10-28,68.25,68.4,66.97,67.66,38.57341030096537,5237100,0.0000,1.0
2010-10-29,67.46,67.54,67.0,67.34,38.39097619963063,4329100,0.0000,1.0
2010-11-01,67.38,68.03,66.93,67.34,38.39097619963063,2841000,0.0000,1.0
2010-11-02,67.98,68.545,67.91,68.3,38.93827850363486,3069000,0.0000,1.0
2010-11-03,68.31,68.7,67.7,68.63,39.12641367063632,2704500,0.0000,1.0
2010-11-04,69.09,69.64,68.68,69.37,39.54829252997292,4203400,0.0000,1.0
2010-11-05,69.34,69.96,69.28,69.79,39.78773728797478,3685200,0.0000,1.0
2010-11-08,69.61,69.61,68.9501,69.48,39.61100425230674,3304700,0.0000,1.0
2010-11-09,69.83,69.88,68.7403,68.99,39.331652034637905,4615200,0.0000,1.0
2010-11-10,68.26,68.51,67.61,68.07,39.07510407963592,4962500,0.4700,1.0
2010-11-11,67.77,68.34,67.48,68.28,39.19565310059558,2770800,0.0000,1.0
2010-11-12,68.09,68.36,67.76,68.12,39.10380622748346,2802100,0.0000,1.0
2010-11-15,68.23,68.73,67.94,68.07,39.07510407963592,2456100,0.0000,1.0
2010-11-16,67.7,67.91,66.9,67.51,38.753640023743515,4070300,0.0000,1.0
2010-11-17,67.4,67.62,66.97,67.24,38.59864842536682,2560500,0.0000,1.0
2010-11-18,67.93,68.63,67.75,68.17,39.13250837533099,2885300,0.0000,1.0
2010-11-19,68.21,69.11,67.87,69.11,39.672108754864674,4166400,0.0000,1.0
2010-11-22,68.77,69.08,68.15,68.79,39.488415008640445,3441300,0.0000,1.0
2010-11-23,68.01,68.26,67.43,68.16,39.126767945761486,3775400,0.0000,1.0
2010-11-24,68.55,69.87,68.55,69.59,39.94764937420103,4635100,0.0000,1.0
2010-11-26,69.09,69.48,68.95,69.1,39.66636832529517,1842200,0.0000,1.0
2010-11-29,68.96,69.98,68.59,69.88,40.11412183171673,5209100,0.0000,1.0
2010-11-30,69.26,70.65,69.06,70.13,40.257632570954414,7606600,0.0000,1.0
2010-12-01,70.97,71.9,70.87,71.44,41.00962884455987,5762100,0.0000,1.0
2010-12-02,71.45,72.2,71.43,71.86,41.25072688647917,4513800,0.0000,1.0
2010-12-03,71.44,71.88,70.87,71.8,41.216284309062125,3859200,0.0000,1.0
2010-12-06,71.67,72.02,71.22,71.69,41.15313958379755,3498500,0.0000,1.0
2010-12-07,72.15,72.42,71.6,71.69,41.15313958379755,4994600,0.0000,1.0
2010-12-08,71.74,72.17,71.39,72.01,41.33683333002178,2932200,0.0000,1.0
2010-12-09,72.31,73.59,72.3,73.04,41.928097575681036,6291600,0.0000,1.0
2010-12-10,73.35,73.57,72.35,72.89,41.841991132138425,3404000,0.0000,1.0
2010-12-13,73.24,73.24,72.7101,72.77,41.77310597730433,2979200,0.0000,1.0
2010-12-14,73.04,73.08,72.14,72.6,41.67551867462271,3857900,0.0000,1.0
2010-12-15,72.16,72.8,72.02,72.25,41.47460363968996,3520800,0.0000,1.0
2010-12-16,72.25,73.9401,71.57,73.76,42.34140850468555,7250500,0.0000,1.0
2010-12-17,73.74,73.88,72.88,73.06,41.93957843482005,6813000,0.0000,1.0
2010-12-20,73.43,73.54,72.33,72.74,41.755884688595806,3515200,0.0000,1.0
2010-12-21,73.0,73.18,72.86,72.88,41.83625070256891,2127400,0.0000,1.0
2010-12-22,73.06,73.18,72.67,72.86,41.8247698434299,1531600,0.0000,1.0
2010-12-23,72.88,72.975,72.5,72.73,41.75014425902631,1540500,0.0000,1.0
2010-12-27,72.5,73.15,72.3701,72.81,41.796067695582366,1612800,0.0000,1.0
2010-12-28,72.95,73.13,72.68,72.81,41.796067695582366,1632900,0.0000,1.0
2010-12-29,72.79,72.98,72.54,72.68,41.721442111178774,1484700,0.0000,1.0
2010-12-30,72.67,73.1,72.52,72.68,41.721442111178774,1443000,0.0000,1.0
2010-12-31,72.65,73.06,72.5,72.58,41.664037815483695,2054500,0.0000,1.0
2011-01-03,73.18,73.89,72.86,72.95,41.876433709555464,4232600,0.0000,1.0
2011-01-04,72.89,73.14,72.34,72.79,41.78458683644335,3834900,0.0000,1.0
2011-01-05,72.16,73.21,72.14,72.9,41.84773156170793,3391300,0.0000,1.0
2011-01-06,72.88,72.99,72.21,72.49,41.61237394935813,3354100,0.0000,1.0
2011-01-07,72.81,72.92,71.0,72.15,41.41719934399489,7145200,0.0000,1.0
2011-01-10,71.74,72.53,71.47,72.14,41.411458914425374,2783300,0.0000,1.0
2011-01-11,72.3,72.33,71.28,71.75,41.18758216121459,3020900,0.0000,1.0
2011-01-12,72.24,72.4,71.76,71.95,41.30239075260474,2498300,0.0000,1.0
2011-01-13,71.85,72.4717,71.56,72.25,41.47460363968996,2397900,0.0000,1.0
2011-01-14,72.06,72.87,72.03,72.48,41.60663351978862,2422900,0.0000,1.0
2011-01-18,72.7,73.2,72.65,73.02,41.916616716542016,4370800,0.0000,1.0
2011-01-19,72.9,73.09,71.79,72.18,41.43442063270341,3354500,0.0000,1.0
2011-01-20,72.39,72.845,71.98,72.66,41.709961252039754,4188200,0.0000,1.0
2011-01-21,73.02,73.09,72.45,72.89,41.841991132138425,4601400,0.0000,1.0
2011-01-24,72.77,73.25,72.44,73.21,42.02568487836265,3255700,0.0000,1.0
2011-01-25,73.18,73.4,72.46,72.83,41.80754855472138,3820100,0.0000,1.0
2011-01-26,73.03,73.3,72.48,72.87,41.83051027299941,2825700,0.0000,1.0
2011-01-27,73.15,73.4,72.45,72.91,41.85347199127743,3096100,0.0000,1.0
2011-01-28,72.93,72.96,70.64,70.73,40.60205834512485,5646400,0.0000,1.0
2011-01-31,70.81,71.66,70.35,71.62,41.112956576811,5369500,0.0000,1.0
2011-02-01,74.0,75.19,73.78,74.59,42.817864158954656,12457000,0.0000,1.0
2011-02-02,74.78,74.84,73.9,74.04,42.502140532631756,4992300,0.0000,1.0
2011-02-03,74.02,74.56,73.9,74.29,42.64565127186944,4063600,0.0000,1.0
2011-02-04,74.46,74.6,73.6,74.34,42.67435341971697,2959000,0.0000,1.0
2011-02-07,74.25,74.44,73.55,74.25,42.62268955359141,4781300,0.0000,1.0
2011-02-08,74.11,74.58,73.84,74.47,42.74897900412057,2959400,0.0000,1.0
2011-02-09,74.19,74.58,73.46,74.58,42.81212372938515,3056400,0.0000,1.0
2011-02-10,73.69,75.0,73.56,74.77,43.21969422882016,5216900,0.5200,1.0
2011-02-11,74.65,75.63,74.39,75.32,43.53761360592128,4248300,0.0000,1.0
2011-02-14,75.1,75.3184,74.59,74.8,43.23703528575295,3273900,0.0000,1.0
2011-02-15,74.78,75.1899,74.19,74.8,43.23703528575295,3874900,0.0000,1.0
2011-02-16,74.86,75.8,74.86,75.66,43.73414558449289,4256300,0.0000,1.0
2011-02-17,75.33,76.39,75.17,76.33,44.12142918932517,3835700,0.0000,1.0
2011-02-18,76.47,76.995,76.09,76.47,44.202354121678184,5038700,0.0000,1.0
2011-02-22,75.58,75.87,74.31,74.61,43.12720859184529,5887000,0.0000,1.0
2011-02-23,74.75,75.3,72.83,73.47,42.46824842839932,7181200,0.0000,1.0
2011-02-24,73.23,74.17,73.02,73.68,42.58963582692885,5193800,0.0000,1.0
2011-02-25,73.98,74.0499,73.3,73.46,42.46246807608839,3729300,0.0000,1.0
2011-02-28,73.78,74.38,73.455,73.8,42.65900005466,3680100,0.0000,1.0
2011-03-01,73.76,73.95,71.96,72.35,41.82084896957521,6660100,0.0000,1.0
2011-03-02,72.15,72.9,71.27,72.27,41.774606151087774,6457400,0.0000,1.0
2011-03-03,72.75,73.72,72.531,73.46,42.46246807608839,3913700,0.0000,1.0
2011-03-04,73.56,73.65,71.63,72.44,41.87287214037358,4913300,0.0000,1.0
2011-03-07,72.67,72.94,71.28,71.8,41.50292959247409,3597400,0.0000,1.0
2011-03-08,72.17,73.28,71.87,72.82,42.0925255281889,3889800,0.0000,1.0
2011-03-09,72.47,73.54,72.03,73.25,42.34108067755887,4058300,0.0000,1.0
2011-03-10,72.36,73.77,72.25,73.11,42.26015574520586,4873500,0.0000,1.0
2011-03-11,73.0,74.52,73.0,74.09,42.826630271676954,4736900,0.0000,1.0
2011-03-14,73.34,73.61,72.3,73.19,42.30639856369329,4789700,0.0000,1.0
2011-03-15,71.9,72.281,71.43,71.81,41.50870994478502,5519100,0.0000,1.0
2011-03-16,71.76,71.78,70.21,70.38,40.68211956432209,7607300,0.0000,1.0
2011-03-17,72.61,72.8,71.16,71.61,41.393102898566426,8259800,0.0000,1.0
2011-03-18,72.58,72.6,71.28,71.6,41.3873225462555,5949600,0.0000,1.0
2011-03-21,72.57,73.4,72.3401,72.84,42.104086232810765,3825300,0.0000,1.0
2011-03-22,72.79,72.92,71.85,72.05,41.647438400247324,3932800,0.0000,1.0
2011-03-23,71.66,71.91,71.34,71.62,41.39888325087736,4445500,0.0000,1.0
2011-03-24,71.81,72.14,71.6,72.1,41.676340161801974,3982600,0.0000,1.0
2011-03-25,72.14,72.59,71.99,72.04,41.6416580479364,3459600,0.0000,1.0
2011-03-28,72.26,74.06,72.26,73.52,42.49715018995397,4499600,0.0000,1.0
2011-03-29,73.29,73.9,73.09,73.85,42.68790181621464,2472600,0.0000,1.0
2011-03-30,74.16,74.9,73.95,74.5,43.06362471642507,3960700,0.0000,1.0
2011-03-31,74.36,74.95,74.24,74.32,42.95957837482833,3307900,0.0000,1.0
2011-04-01,74.99,75.14,74.28,74.48,43.05206401180321,3620300,0.0000,1.0
2011-04-04,74.59,74.85,74.4,74.74,43.202353171887374,2306900,0.0000,1.0
2011-04-05,74.43,74.88,74.07,74.15,42.86131238554253,2842400,0.0000,1.0
2011-04-06,74.3,74.61,73.95,74.47,43.046283659492275,2703900,0.0000,1.0
2011-04-07,74.24,74.41,73.69,74.0,42.77460710087859,2652000,0.0000,1.0
2011-04-08,74.11,74.13,72.84,73.25,42.34108067755887,4208900,0.0000,1.0
2011-04-11,73.13,73.3,72.55,73.21,42.31795926831515,3487800,0.0000,1.0
2011-04-12,72.76,73.85,72.76,73.23,42.329519972937014,3184300,0.0000,1.0
2011-04-13,73.46,73.52,72.32,72.61,41.97113812965938,3639300,0.0000,1.0
2011-04-14,72.29,72.97,72.12,72.41,41.85553108344079,3412500,0.0000,1.0
2011-04-15,72.6,72.96,72.35,72.71,42.02894165276867,3606700,0.0000,1.0
2011-04-18,71.81,72.04,71.48,71.92,41.572293820205246,3448700,0.0000,1.0
2011-04-19,71.85,72.15,71.69,71.98,41.606975934070825,2705300,0.0000,1.0
2011-04-20,72.75,73.42,72.39,72.71,42.02894165276867,3003300,0.0000,1.0
2011-04-21,72.98,73.5,72.78,73.17,42.294837859071436,2613600,0.0000,1.0
2011-04-25,73.08,74.09,72.82,73.64,42.56651441768513,3831100,0.0000,1.0
2011-04-26,74.92,75.0,74.04,74.3,42.948017670206475,4294800,0.0000,1.0
2011-04-27,74.64,74.65,73.68,74.27,42.93067661327368,3410700,0.0000,1.0
2011-04-28,73.99,74.99,73.99,74.81,43.24281563806388,2885200,0.0000,1.0
2011-04-29,74.85,75.34,74.62,74.97,43.33530127503875,4400000,0.0000,1.0
2011-05-02,75.34,75.58,74.5,74.87,43.27749775192946,2452700,0.0000,1.0
2011-05-03,74.66,75.24,74.5,75.09,43.40466550276991,3481700,0.0000,1.0
2011-05-04,74.97,75.24,73.74,74.25,42.919115908651825,4214700,0.0000,1.0
2011-05-05,73.75,74.93,73.58,73.96,42.75148569163487,5406300,0.0000,1.0
2011-05-06,74.9,74.95,74.0,74.1,42.83241062398788,3976200,0.0000,1.0
2011-05-09,74.01,74.06,73.58,73.7,42.601196531550706,3403200,0.0000,1.0
2011-05-10,73.86,74.71,73.86,74.37,42.98848013638298,2871700,0.0000,1.0
2011-05-11,74.5,74.95,74.22,74.65,43.15033000108901,4816300,0.0000,1.0
2011-05-12,74.28,74.43,73.69,74.34,43.271717399618524,3793500,0.5200,1.0
2011-05-13,74.43,74.71,73.79,74.14,43.15530169501906,3773000,0.0000,1.0
2011-05-16,74.0,74.3,73.63,73.8,42.957394997199984,3810400,0.0000,1.0
2011-05-17,73.59,73.74,73.02,73.42,42.73620515846102,4723300,0.0000,1.0
2011-05-18,73.41,74.06,72.93,73.84,42.98067813811988,3114300,0.0000,1.0
2011-05-19,74.0,74.65,73.96,74.3,43.24843425869863,3354900,0.0000,1.0
2011-05-20,74.07,74.39,73.95,74.05,43.1029146279493,4704800,0.0000,1.0
2011-05-23,73.37,73.65,72.7,73.5,42.7827714403008,4397400,0.0000,1.0
2011-05-24,73.55,73.58,72.71,72.91,42.43934511173239,3790300,0.0000,1.0
2011-05-25,72.68,73.04,72.59,72.8,42.37531647420269,4145200,0.0000,1.0
2011-05-26,72.6,73.3,72.29,72.97,42.47426982311223,4098800,0.0000,1.0
2011-05-27,73.34,73.42,72.74,72.96,42.46844903788226,2702200,0.0000,1.0
2011-05-31,73.27,73.83,73.14,73.49,42.77695065507082,4642000,0.0000,1.0
2011-06-01,73.51,73.68,72.26,72.3,42.084277212704045,6098900,0.0000,1.0
2011-06-02,72.6,72.99,71.87,72.32,42.095918783163995,4694800,0.0000,1.0
2011-06-03,71.76,71.76,70.84,71.15,41.41488691125717,5370200,0.0000,1.0
2011-06-06,70.94,71.17,70.12,70.36,40.95504487808931,3988800,0.0000,1.0
2011-06-07,70.35,70.54,69.69,69.75,40.59997697906096,4596400,0.0000,1.0
2011-06-08,69.46,69.81,69.02,69.26,40.314758502792294,4896600,0.0000,1.0
2011-06-09,69.56,69.71,69.25,69.29,40.33222085848221,4299600,0.0000,1.0
2011-06-10,69.05,69.29,68.13,68.5,39.87237882531435,4866900,0.0000,1.0
2011-06-13,68.42,68.88,68.265,68.46,39.849095684394456,4534800,0.0000,1.0
2011-06-14,69.24,69.59,68.8,69.21,40.28565457664242,4270600,0.0000,1.0
2011-06-15,68.79,69.3,68.48,69.11,40.2274467243427,5497300,0.0000,1.0
2011-06-16,69.01,69.58,68.62,69.05,40.192522012962854,4450200,0.0000,1.0
2011-06-17,69.64,69.83,69.17,69.17,40.262371435722535,5584200,0.0000,1.0
2011-06-20,68.95,69.77,68.8,69.3,40.33804164371218,3058400,0.0000,1.0
2011-06-21,69.78,70.87,69.7,70.65,41.123847649758524,4478600,0.0000,1.0
2011-06-22,71.18,71.75,71.08,71.11,41.39160377033728,5037100,0.0000,1.0
2011-06-23,70.19,71.53,70.11,71.32,41.5138402601667,5557400,0.0000,1.0
2011-06-24,71.25,71.49,70.51,71.12,41.39742455556725,4743900,0.0000,1.0
2011-06-27,71.15,71.61,70.86,71.44,41.58368968292638,2932700,0.0000,1.0
2011-06-28,71.62,72.285,71.47,72.05,41.938757581954725,3440200,0.0000,1.0
2011-06-29,72.36,72.48,71.56,71.98,41.89801208534492,3857200,0.0000,1.0
2011-06-30,72.3,73.18,72.16,72.93,42.450986682192344,4070000,0.0000,1.0
2011-07-01,73.09,74.12,72.9,73.96,43.050527560879544,3674300,0.0000,1.0
2011-07-05,74.0,74.0,73.355,73.78,42.94575342674004,2834400,0.0000,1.0
2011-07-06,73.75,74.98,73.73,74.5,43.364849963298084,4803500,0.0000,1.0
2011-07-07,74.92,75.8,74.6,75.37,43.87125827830573,4707200,0.0000,1.0
2011-07-08,74.79,74.95,74.13,74.57,43.40559545990789,4053100,0.0000,1.0
2011-07-11,74.15,74.16,73.21,73.74,42.92247028582015,3704100,0.0000,1.0
2011-07-12,73.5,74.07,73.17,73.25,42.63725180955147,3836900,0.0000,1.0
2011-07-13,73.65,74.15,73.21,73.42,42.73620515846102,2704700,0.0000,1.0
2011-07-14,73.41,74.02,72.96,73.36,42.701280447081174,3552200,0.0000,1.0
2011-07-15,73.65,73.65,72.33,73.08,42.53829846064193,4210000,0.0000,1.0
2011-07-18,72.91,73.0,72.14,72.42,42.154126635463726,3337600,0.0000,1.0
2011-07-19,72.84,73.52,72.71,73.4,42.724563588001075,3096000,0.0000,1.0
2011-07-20,73.47,73.74,73.15,73.52,42.79441301076074,2692300,0.0000,1.0
2011-07-21,73.84,74.99,73.77,74.4,43.30664211099836,4600800,0.0000,1.0
2011-07-22,74.24,74.67,73.9601,74.16,43.166943265479006,2886800,0.0000,1.0
2011-07-25,73.56,74.39,73.23,74.05,43.1029146279493,3452300,0.0000,1.0
2011-07-26,72.34,72.39,69.62,71.59,41.67100146137597,12590500,0.0000,1.0
2011-07-27,71.14,71.18,69.91,70.21,40.86773309963971,7097100,0.0000,1.0
2011-07-28,70.21,70.6,68.97,69.14,40.24490908003261,7355600,0.0000,1.0
2011-07-29,68.64,69.68,68.36,69.22,40.29147536187239,6237100,0.0000,1.0
2011-08-01,69.86,69.86,67.0,67.62,39.36014972507674,8837400,0.0000,1.0
2011-08-02,67.18,67.4,66.21,66.28,38.58016450426037,7928900,0.0000,1.0
2011-08-03,66.4,67.485,66.05,67.26,39.15060145679771,6849000,0.0000,1.0
2011-08-04,66.48,66.81,65.2,65.23,37.968982055113216,8060900,0.0000,1.0
2011-08-05,66.17,66.97,64.4,65.69,38.23673817569196,10325100,0.0000,1.0
2011-08-08,64.18,65.75,61.95,62.4,36.32169983503088,13977300,0.0000,1.0
2011-08-09,62.13,64.21,60.74,64.1,37.31123332412627,13460000,0.0000,1.0
2011-08-10,63.43,63.97,61.69,61.99,36.083047640602,10562000,0.0000,1.0
2011-08-11,62.51,65.95,62.03,64.72,37.67212200838459,11682900,0.0000,1.0
2011-08-12,65.04,65.74,64.4,65.2,37.951519699423294,5740100,0.0000,1.0
2011-08-15,65.85,65.96,64.95,65.88,38.347333095061444,4226200,0.0000,1.0
2011-08-16,65.12,65.61,64.5,65.2,37.951519699423294,5874000,0.0000,1.0
2011-08-17,65.42,66.06,64.53,65.08,37.88167027666362,5166600,0.0000,1.0
2011-08-18,63.25,63.31,61.24,62.28,36.55453124422981,8434100,0.5200,1.0
2011-08-19,61.54,63.08,61.53,61.7,36.214106900593755,6606800,0.0000,1.0
2011-08-22,62.97,63.16,61.62,62.0,36.390188457646886,4648300,0.0000,1.0
2011-08-23,62.2,63.93,61.87,63.84,37.47015534090608,5478800,0.0000,1.0
2011-08-24,63.68,65.07,63.59,64.82,38.0453550939463,1437368,0.0000,1.0
2011-08-25,65.05,65.18,63.38,63.66,37.3645064066742,1608533,0.0000,1.0
2011-08-26,63.25,64.94,62.21,64.7,37.974922471125055,4754900,0.0000,1.0
2011-08-29,65.37,66.95,65.37,66.73,39.16640767385124,4593200,0.0000,1.0
2011-08-30,66.49,67.7,66.27,67.23,39.45987693560645,4477700,0.0000,1.0
2011-08-31,67.74,68.54,67.0,67.39,39.55378709936812,5617100,0.0000,1.0
2011-09-01,67.33,68.42,66.5,66.67,39.13119136244061,6335100,0.0000,1.0
2011-09-02,66.0,66.2,65.28,65.61,38.50903652751955,5252000,0.0000,1.0
2011-09-06,64.28,64.7,63.33,64.35,37.7694939878964,7391900,0.0000,1.0
2011-09-07,65.27,65.41,64.38,64.99,38.14513464294308,7151300,0.0000,1.0
2011-09-08,64.7,65.77,64.54,64.9,38.092310175827144,4822100,0.0000,1.0
2011-09-09,64.25,64.78,63.61,64.22,37.693191979840044,6722200,0.0000,1.0
2011-09-12,62.82,63.94,62.39,63.87,37.48776349661139,6720300,0.0000,1.0
2011-09-13,63.93,65.26,63.9,64.67,37.957314315419744,6061100,0.0000,1.0
2011-09-14,65.34,67.45,64.77,66.16,38.83185271545028,8365100,0.0000,1.0
2011-09-15,67.03,67.49,65.69,66.18,38.8435914859205,7860700,0.0000,1.0
2011-09-16,66.32,66.77,65.2,66.59,39.08423628055977,8253100,0.0000,1.0
2011-09-19,65.55,65.9985,64.71,65.8,38.62055484698653,6386200,0.0000,1.0
2011-09-20,66.15,67.3,65.33,66.21,38.8611996416258,5804200,0.0000,1.0
2011-09-21,66.1,66.1,64.31,64.34,37.7636246026613,6587200,0.0000,1.0
2011-09-22,62.59,63.36,61.37,62.17,36.48996800664366,12778100,0.0000,1.0
2011-09-23,61.89,62.53,61.12,62.0,36.390188457646886,9247700,0.0000,1.0
2011-09-26,62.46,63.32,61.8412,63.21,37.10038407109451,5466600,0.0000,1.0
2011-09-27,64.76,65.186,63.68,64.01,37.56993488990286,5103800,0.0000,1.0
2011-09-28,64.27,64.5,63.06,63.15,37.06516775968388,4261600,0.0000,1.0
2011-09-29,64.17,64.68,63.51,64.67,37.957314315419744,5197500,0.0000,1.0
2011-09-30,64.02,64.69,63.12,63.15,37.06516775968388,6157000,0.0000,1.0
2011-10-03,63.11,64.16,62.21,62.22,36.51931493281918,6140400,0.0000,1.0
2011-10-04,61.63,64.17,61.27,64.06,37.599281816078374,8300000,0.0000,1.0
2011-10-05,64.11,65.87,63.95,65.57,38.48555898657913,6314100,0.0000,1.0
2011-10-06,65.29,66.63,64.86,66.52,39.04315058391404,4255600,0.0000,1.0
2011-10-07,66.95,67.0,65.51,66.26,38.89054656780133,5511000,0.0000,1.0
2011-10-10,67.5,67.86,67.11,67.86,39.829648205418025,3491000,0.0000,1.0
2011-10-11,67.43,68.15,67.26,67.95,39.882472672533964,2737400,0.0000,1.0
2011-10-12,68.25,69.32,68.2399,68.56,40.24050517187533,4852400,0.0000,1.0
2011-10-13,68.01,68.4,67.75,68.09,39.964644065825425,3312000,0.0000,1.0
2011-10-14,68.94,69.285,68.3,68.96,40.4752805812795,3865700,0.0000,1.0
2011-10-17,68.54,69.2,67.79,68.01,39.91768898394459,3773300,0.0000,1.0
2011-10-18,67.96,69.93,67.61,69.25,40.64549275309753,4269500,0.0000,1.0
2011-10-19,69.3,69.71,68.51,68.82,40.39310918798804,3320800,0.0000,1.0
2011-10-20,68.96,69.76,68.15,69.2,40.61614582692201,3581700,0.0000,1.0
2011-10-21,69.86,70.71,69.51,70.06,41.12091295714098,7502600,0.0000,1.0
2011-10-24,70.34,71.64,70.21,70.87,41.59633316118443,6009000,0.0000,1.0
2011-10-25,69.3,70.0,68.22,69.35,40.70418660544857,6197000,0.0000,1.0
2011-10-26,69.5,70.2,68.25,69.38,40.72179476115388,5992600,0.0000,1.0
2011-10-27,70.77,72.0,70.34,71.55,41.995451357171525,5827200,0.0000,1.0
2011-10-28,71.17,72.04,71.12,71.49,41.960235045760896,3817900,0.0000,1.0
2011-10-31,70.73,71.215,70.22,70.24,41.22656189137285,3634400,0.0000,1.0
2011-11-01,69.2,69.695,68.34,68.6,40.26398271281574,5585000,0.0000,1.0
2011-11-02,69.47,70.0,68.73,69.35,40.70418660544857,3443700,0.0000,1.0
2011-11-03,69.88,70.8,69.18,70.56,41.41438221889619,3802200,0.0000,1.0
2011-11-04,70.06,70.19,69.02,69.99,41.07982726049524,4583400,0.0000,1.0
2011-11-07,69.88,70.74,69.36,70.46,41.355688366545145,3150800,0.0000,1.0
2011-11-08,70.65,71.67,70.37,71.55,41.995451357171525,4106500,0.0000,1.0
2011-11-09,69.97,70.18,68.6,68.99,40.79809676921023,5680200,0.5200,1.0
2011-11-10,69.93,70.33,69.42,69.88,41.324409367044666,4910100,0.0000,1.0
2011-11-11,70.72,71.3,70.65,70.78,41.85663558957386,3051700,0.0000,1.0
2011-11-14,70.43,70.78,69.89,70.25,41.54321348075111,3116100,0.0000,1.0
2011-11-15,70.07,71.05,70.07,70.57,41.73244947098371,4446400,0.0000,1.0
2011-11-16,70.06,70.22,69.14,69.31,40.98733275944284,4903900,0.0000,1.0
2011-11-17,69.01,69.81,68.49,68.93,40.76261502104163,4913400,0.0000,1.0
2011-11-18,69.3,69.47,68.8,69.14,40.88680113963177,3691500,0.0000,1.0
2011-11-21,68.12,68.38,67.61,68.22,40.342747667713034,4399200,0.0000,1.0
2011-11-22,68.2,68.75,67.84,68.04,40.2363024232072,3331300,0.0000,1.0
2011-11-23,67.54,67.57,66.9,66.9,39.562149208003554,5294900,0.0000,1.0
2011-11-25,66.52,67.15,66.46,66.46,39.301949721433715,1690700,0.0000,1.0
2011-11-28,68.19,68.78,67.74,68.24,40.354574917102575,4618600,0.0000,1.0
2011-11-29,68.6008,69.12,68.34,68.41,40.45510653691365,3121300,0.0000,1.0
2011-11-30,70.02,71.8,69.95,71.75,42.430257184966436,6995600,0.0000,1.0
2011-12-01,71.57,71.73,71.0,71.13,42.06361245389077,3766300,0.0000,1.0
2011-12-02,71.76,72.09,71.0,71.07,42.028130705722155,4107400,0.0000,1.0
2011-12-05,71.94,72.44,71.51,71.95,42.54852967886182,4760000,0.0000,1.0
2011-12-06,72.19,72.25,71.49,71.8,42.45982530844028,3468500,0.0000,1.0
2011-12-07,71.72,73.66,71.5,73.31,43.35278263735038,7583000,0.0000,1.0
2011-12-08,72.89,73.3,71.8,72.02,42.589925051725196,5756800,0.0000,1.0
2011-12-09,72.38,72.64,71.76,72.45,42.84421091360026,3741900,0.0000,1.0
2011-12-12,71.83,71.89,71.03,71.84,42.48347980721936,4156600,0.0000,1.0
2011-12-13,72.05,72.455,70.66,71.05,42.016303456332615,5511200,0.0000,1.0
2011-12-14,70.78,71.4,70.381,70.64,41.7738448438471,4714700,0.0000,1.0
2011-12-15,71.72,72.24,71.38,71.55,42.31198469107106,6363900,0.0000,1.0
2011-12-16,72.09,72.4,71.36,71.76,42.43617080966121,6937500,0.0000,1.0
2011-12-19,71.99,72.31,70.55,70.8,41.868462838963396,3735400,0.0000,1.0
2011-12-20,71.81,72.78,71.62,72.56,42.909260785242715,3615300,0.0000,1.0
2011-12-21,72.75,72.9199,71.91,72.47,42.8560381629898,3105800,0.0000,1.0
2011-12-22,72.73,73.43,72.645,73.0,43.16946027181255,3819000,0.0000,1.0
2011-12-23,73.15,73.48,72.91,73.47,43.44740063246668,1870500,0.0000,1.0
2011-12-27,73.4,73.81,73.13,73.49,43.459227881856215,1337000,0.0000,1.0
2011-12-28,73.48,73.54,72.5,72.73,43.00979240505379,2098500,0.0000,1.0
2011-12-29,72.83,73.63,72.82,73.53,43.482882380635296,1926900,0.0000,1.0
2011-12-30,73.55,73.7482,73.11,73.19,43.28181914101315,1774600,0.0000,1.0
2012-01-03,74.01,74.916,73.83,74.16,43.855440736405725,5152300,0.0000,1.0
2012-01-04,73.93,74.37,73.52,73.84,43.66620474617313,3698900,0.0000,1.0
2012-01-05,73.46,73.5,72.15,73.12,43.240423768149775,5064700,0.0000,1.0
2012-01-06,73.13,73.94,73.05,73.48,43.45331425716145,3177500,0.0000,1.0
2012-01-09,73.25,73.5,72.83,73.45,43.43557338307714,3959000,0.0000,1.0
2012-01-10,73.97,74.74,73.3,74.19,43.873181610490036,3803700,0.0000,1.0
2012-01-11,73.98,74.76,73.78,74.61,44.12155384767033,4047500,0.0000,1.0
2012-01-12,74.41,74.96,74.41,74.74,44.19843096870232,2777700,0.0000,1.0
2012-01-13,73.19,74.27,73.0,74.16,43.855440736405725,5020600,0.0000,1.0
2012-01-17,74.64,74.75,73.9,74.2,43.879095235184806,4093200,0.0000,1.0
2012-01-18,74.27,75.14,74.09,74.93,44.31078983790294,4578400,0.0000,1.0
2012-01-19,74.97,75.58,74.97,75.31,44.53550757630415,4714100,0.0000,1.0
2012-01-20,75.31,75.61,75.0,75.42,44.600557447946606,5051000,0.0000,1.0
2012-01-23,75.45,75.49,74.68,75.13,44.429062331798306,3198600,0.0000,1.0
2012-01-24,74.67,75.0909,74.46,75.0,44.352185210766315,3577700,0.0000,1.0
2012-01-25,74.76,75.75,74.6,75.62,44.71882994184198,4219800,0.0000,1.0
2012-01-26,75.69,76.39,75.56,75.84,44.8489296851269,4011600,0.0000,1.0
2012-01-27,75.89,76.51,75.62,76.04,44.96720217902227,4284000,0.0000,1.0
2012-01-30,75.55,76.41,75.5,76.15,45.03225205066473,4318400,0.0000,1.0
2012-01-31,76.54,76.93,74.84,75.65,44.73657081592629,6997700,0.0000,1.0
2012-02-01,76.37,77.18,75.75,76.78,45.40481040643517,7305600,0.0000,1.0
2012-02-02,76.98,77.1625,76.27,76.38,45.16826541864441,3043100,0.0000,1.0
2012-02-03,77.08,77.34,76.64,76.7,45.35750140887702,4149200,0.0000,1.0
2012-02-06,76.53,77.04,76.53,76.92,45.48760115216193,3922300,0.0000,1.0
2012-02-07,76.56,77.55,76.34,77.29,45.70640526586838,5027900,0.0000,1.0
2012-02-08,77.18,77.3,76.745,76.92,45.48760115216193,3262300,0.0000,1.0
2012-02-09,76.85,77.03,76.25,76.57,45.280624287845015,3848700,0.0000,1.0
2012-02-10,76.1,76.76,75.97,76.69,45.35158778418224,3620600,0.0000,1.0
2012-02-13,76.96,77.26,76.52,77.16,45.62952814483638,3115800,0.0000,1.0
2012-02-14,77.03,77.22,76.65,77.11,45.59996002136254,2918600,0.0000,1.0
2012-02-15,77.33,77.33,76.36,76.73,45.375242282961324,3424300,0.0000,1.0
2012-02-16,76.2,76.86,76.06,76.76,45.73005976464746,3692400,0.5700,1.0
2012-02-17,77.09,77.29,75.46,76.76,45.73005976464746,7105100,0.0000,1.0
2012-02-21,76.96,77.09,76.06,76.4,45.51558840566787,3652400,0.0000,1.0
2012-02-22,76.29,76.57,75.81,75.9,45.217711518196225,3284900,0.0000,1.0
2012-02-23,76.0,76.79,75.79,76.64,45.65856931165426,3018200,0.0000,1.0
2012-02-24,76.59,76.78,76.27,76.5,45.575163783162196,3575300,0.0000,1.0
2012-02-27,76.34,77.14,75.84,76.77,45.73601730239688,3439000,0.0000,1.0
2012-02-28,76.66,77.09,76.45,76.86,45.78963514214178,3209000,0.0000,1.0
2012-02-29,76.86,77.1,76.33,76.99,45.86708313288441,4314300,0.0000,1.0
2012-03-01,77.15,77.26,76.59,76.89,45.807507755390084,3659700,0.0000,1.0
2012-03-02,76.09,77.0,76.09,76.54,45.598993934159935,1992900,0.0000,1.0
2012-03-05,76.54,76.57,75.925,76.32,45.4679281036724,2102500,0.0000,1.0
2012-03-06,75.69,76.22,75.38,75.61,45.04494292346266,3290300,0.0000,1.0
2012-03-07,75.59,76.16,75.57,76.0,45.27728689569055,2552500,0.0000,1.0
2012-03-08,76.28,76.89,76.04,76.72,45.70622961364972,3405400,0.0000,1.0
2012-03-09,76.92,77.42,76.44,77.16,45.96836127462477,2954900,0.0000,1.0
2012-03-12,77.39,77.79,77.12,77.69,46.284110775344715,3243400,0.0000,1.0
2012-03-13,77.77,78.43,77.56,78.37,46.689223342306164,4442600,0.0000,1.0
2012-03-14,78.33,78.445,78.01,78.24,46.61177535156353,3453000,0.0000,1.0
2012-03-15,78.25,78.98,77.9,78.94,47.02880299402384,3956700,0.0000,1.0
2012-03-16,78.93,79.13,78.4,78.41,46.71305349330389,4612000,0.0000,1.0
2012-03-19,79.63,81.79,79.38,81.11,48.321588685650795,11886200,0.0000,1.0
2012-03-20,80.35,80.72,79.95,80.39,47.89264596769162,5137500,0.0000,1.0
2012-03-21,80.4,80.74,79.965,80.51,47.96413642068482,3846800,0.0000,1.0
2012-03-22,79.72,80.44,79.48,80.28,47.82711305244786,3711800,0.0000,1.0
2012-03-23,80.19,80.25,79.3,79.71,47.48753340073017,4198300,0.0000,1.0
2012-03-26,80.26,80.84,80.26,80.57,47.99988164718141,3218600,0.0000,1.0
2012-03-27,80.94,81.0,80.34,80.39,47.89264596769162,3059400,0.0000,1.0
2012-03-28,80.21,80.42,79.45,80.04,47.68413214646147,3656600,0.0000,1.0
2012-03-29,79.74,80.04,78.85,79.85,47.57093892922224,3231500,0.0000,1.0
2012-03-30,80.23,80.8,80.01,80.72,48.08924471342291,3470100,0.0000,1.0
2012-04-02,80.31,80.97,80.12,80.67,48.059457024675744,2979300,0.0000,1.0
2012-04-03,80.79,80.79,79.94,80.52,47.97009395843425,2947100,0.0000,1.0
2012-04-04,80.19,80.366,79.63,79.86,47.576896466971675,2629600,0.0000,1.0
2012-04-05,79.5,80.25,79.3201,80.18,47.76753767495353,2389200,0.0000,1.0
2012-04-09,79.35,79.57,78.95,79.19,47.177741437759664,2386200,0.0000,1.0
2012-04-10,78.93,79.05,78.03,78.33,46.665393191308425,4226800,0.0000,1.0
2012-04-11,78.93,79.49,78.72,78.79,46.93943992778235,3998400,0.0000,1.0
2012-04-12,78.94,79.61,78.74,79.42,47.314764805996624,4016100,0.0000,1.0
2012-04-13,79.29,79.7,78.62,79.56,47.39817033448868,3945000,0.0000,1.0
2012-04-16,79.78,79.88,79.1,79.56,47.39817033448868,3212400,0.0000,1.0
2012-04-17,79.83,80.65,79.77,80.3,47.83902812794672,3541700,0.0000,1.0
2012-04-18,80.1,80.97,79.94,80.49,47.95222134518595,3696500,0.0000,1.0
2012-04-19,80.58,80.64,79.41,79.86,47.576896466971675,3471400,0.0000,1.0
2012-04-20,79.99,80.53,79.29,80.27,47.821155514698425,4216000,0.0000,1.0
2012-04-23,80.06,80.06,78.47,79.03,47.08242083376874,4307900,0.0000,1.0
2012-04-24,79.3,80.14,79.16,79.46,47.33859495699435,2874800,0.0000,1.0
2012-04-25,79.94,80.09,79.435,79.65,47.451788174233585,3318200,0.0000,1.0
2012-04-26,77.58,78.29,76.56,78.25,46.61773288931297,8120500,0.0000,1.0
2012-04-27,78.41,78.99,77.97,78.44,46.73092610655219,3788600,0.0000,1.0
2012-04-30,78.25,78.75,77.9,78.14,46.552199974069204,2405100,0.0000,1.0
2012-05-01,78.14,78.91,77.96,78.47,46.74879871980049,3313400,0.0000,1.0
2012-05-02,78.27,78.62,78.06,78.42,46.71901103105333,4227400,0.0000,1.0
2012-05-03,78.48,78.64,78.06,78.07,46.51049720982317,3025300,0.0000,1.0
2012-05-04,77.9,78.25,77.24,77.73,46.307940926342454,3991500,0.0000,1.0
2012-05-07,77.35,78.37,77.23,77.8,46.34964369058848,2953900,0.0000,1.0
2012-05-08,77.53,77.94,77.41,77.66,46.26623816209642,6463400,0.0000,1.0
2012-05-09,77.2,77.57,76.71,77.15,45.962403736875345,3984600,0.0000,1.0
2012-05-10,77.47,77.72,76.49,76.61,45.98027635012363,2984900,0.5700,1.0
2012-05-11,76.37,77.08,76.29,76.43,45.8722428069436,2529800,0.0000,1.0
2012-05-14,75.94,76.85,75.66,76.21,45.74020180972356,2629700,0.0000,1.0
2012-05-15,76.01,76.78,75.86,76.08,45.662177584093534,3022100,0.0000,1.0
2012-05-16,76.33,76.945,75.9,75.92,45.56614776793351,3047700,0.0000,1.0
2012-05-17,75.94,76.13,74.78,74.81,44.89994091832331,3099300,0.0000,1.0
2012-05-18,75.16,75.34,73.86,74.03,44.43179556454317,4986700,0.0000,1.0
2012-05-21,74.29,74.82,74.03,74.64,44.79790923865328,3667900,0.0000,1.0
2012-05-22,74.59,75.3,74.29,74.76,44.869931600773306,3662500,0.0000,1.0
2012-05-23,74.27,75.2,73.56,75.0,45.013976325013346,4455500,0.0000,1.0
2012-05-24,75.22,75.77,74.57,75.18,45.12200986819338,3607100,0.0000,1.0
2012-05-25,75.67,75.67,74.72,74.94,44.977965143953334,1998600,0.0000,1.0
2012-05-29,75.39,76.07,75.11,75.51,45.32007136402344,2342900,0.0000,1.0
2012-05-30,75.18,75.47,74.515,74.61,44.77990364812327,3140700,0.0000,1.0
2012-05-31,74.64,75.26,73.61,74.94,44.977965143953334,4673900,0.0000,1.0
2012-06-01,74.0,74.21,73.13,73.25,43.963650210763035,4813300,0.0000,1.0
2012-06-04,73.36,73.56,72.56,72.99,43.80760175950299,3605000,0.0000,1.0
2012-06-05,72.7,73.05,72.15,72.8,43.69356635281295,2762400,0.0000,1.0
2012-06-06,73.05,74.98,73.05,74.98,45.001972597993344,4085800,0.0000,1.0
2012-06-07,75.47,76.1,75.24,75.47,45.29606390998343,3997000,0.0000,1.0
2012-06-08,75.42,76.65,75.42,76.63,45.99228007714363,3562900,0.0000,1.0
2012-06-11,77.01,77.1199,75.71,75.83,45.512130996343494,2316800,0.0000,1.0
2012-06-12,76.15,76.31,75.45,76.19,45.72819808270356,3416900,0.0000,1.0
2012-06-13,76.09,76.81,75.73,76.27,45.77621299078357,2298500,0.0000,1.0
2012-06-14,76.45,77.83,76.34,77.37,46.43641797688377,3693200,0.0000,1.0
2012-06-15,77.99,78.05,77.18,77.53,46.532447793043794,4579600,0.0000,1.0
2012-06-18,77.41,78.12,77.07,77.79,46.68849624430384,3083500,0.0000,1.0
2012-06-19,77.65,78.5,77.65,78.16,46.910565194173905,2814500,0.0000,1.0
2012-06-20,78.31,78.46,77.5,78.17,46.91656705768391,2577100,0.0000,1.0
2012-06-21,78.49,78.6,77.02,77.1,46.27436766211372,3709400,0.0000,1.0
2012-06-22,77.27,77.94,76.79,77.71,46.64048133622382,3830200,0.0000,1.0
2012-06-25,77.04,77.13,76.1,76.44,45.8782446704536,2557400,0.0000,1.0
2012-06-26,76.43,76.72,75.62,76.36,45.830229762373584,2309900,0.0000,1.0
2012-06-27,76.3,76.93,76.3,76.79,46.088309893303666,1942600,0.0000,1.0
2012-06-28,76.56,77.28,75.88,77.11,46.28036952562372,2512300,0.0000,1.0
2012-06-29,77.42,78.76,77.28,78.76,47.270677004774015,4822400,0.0000,1.0
2012-07-02,78.23,78.78,77.61,78.69,47.228663960204,3584100,0.0000,1.0
2012-07-03,78.51,79.73,78.18,79.47,47.69680931398414,2817400,0.0000,1.0
2012-07-05,79.3,80.21,78.99,79.91,47.960891308424216,3660800,0.0000,1.0
2012-07-06,79.42,79.88,78.93,79.37,47.636790678884125,3014400,0.0000,1.0
2012-07-09,79.28,79.57,78.92,79.2,47.53475899921409,2357600,0.0000,1.0
2012-07-10,79.64,79.67,78.16,78.58,47.16264346159398,3230600,0.0000,1.0
2012-07-11,78.67,79.105,78.32,78.88,47.34269936689403,3768800,0.0000,1.0
2012-07-12,78.6,79.1,77.88,78.59,47.16864532510399,3637000,0.0000,1.0
2012-07-13,78.5,79.74,78.5,79.44,47.67880372345413,3462400,0.0000,1.0
2012-07-16,79.62,79.62,78.95,79.17,47.51675340868409,2634100,0.0000,1.0
2012-07-17,79.44,79.5,78.36,79.33,47.612783224844115,2981500,0.0000,1.0
2012-07-18,79.01,80.53,79.0,80.21,48.14094721372427,3722000,0.0000,1.0
2012-07-19,80.1,80.4,79.67,79.97,47.99690248948423,3199200,0.0000,1.0
2012-07-20,79.8,79.8,78.34,78.45,47.08461923596396,4664000,0.0000,1.0
2012-07-23,77.82,78.15,76.39,77.95,46.78452606046387,4214400,0.0000,1.0
2012-07-24,75.24,76.75,73.51,74.34,44.61785333335323,12643000,0.0000,1.0
2012-07-25,74.27,74.95,73.77,74.27,44.57584028878321,4243700,0.0000,1.0
2012-07-26,75.22,75.71,74.53,74.87,44.93595209938332,4626400,0.0000,1.0
2012-07-27,75.23,76.46,75.1,76.0,45.61416267601352,3446900,0.0000,1.0
2012-07-30,75.93,76.355,75.59,76.23,45.75220553674357,2770100,0.0000,1.0
2012-07-31,76.09,76.24,75.54,75.61,45.380089999123456,2815200,0.0000,1.0
2012-08-01,75.81,76.0,74.78,75.15,45.10400427766338,3493000,0.0000,1.0
2012-08-02,74.94,75.3,74.07,75.0,45.013976325013346,3111800,0.0000,1.0
2012-08-03,75.83,76.5,75.69,75.76,45.47011795177348,2844400,0.0000,1.0
2012-08-06,75.99,76.4,75.59,75.62,45.38609186263346,2104600,0.0000,1.0
2012-08-07,76.03,76.25,75.79,76.09,45.66817944760354,2156600,0.0000,1.0
2012-08-08,76.0,76.11,75.57,75.78,45.48212167879348,2261400,0.0000,1.0
2012-08-09,75.68,76.14,75.32,76.03,45.63216826654353,2868400,0.0000,1.0
2012-08-10,75.96,76.35,75.61,76.3,45.79421858131357,2222600,0.0000,1.0
2012-08-13,76.0,76.17,75.6401,76.15,45.704190628663554,1624000,0.0000,1.0
2012-08-14,76.45,76.53,75.99,76.18,45.722196219193556,2197300,0.0000,1.0
2012-08-15,76.14,76.81,75.992,76.58,45.96227075959362,2349200,0.0000,1.0
2012-08-16,76.17,76.69,76.04,76.37,46.178337845953685,2153200,0.5700,1.0
2012-08-17,76.69,76.69,76.33,76.49,46.25089775876649,1746300,0.0000,1.0
2012-08-20,76.4,76.72,76.22,76.44,46.22066446176116,2186100,0.0000,1.0
2012-08-21,76.43,76.88,75.83,75.9,45.89414485410351,2732700,0.0000,1.0
2012-08-22,75.99,76.46,75.71,76.14,46.03926467972913,2142500,0.0000,1.0
2012-08-23,75.98,76.2699,75.27,75.68,45.76111834728002,2312100,0.0000,1.0
2012-08-24,75.53,75.87,75.28,75.72,45.785304984884284,2253000,0.0000,1.0
2012-08-27,75.78,75.95,75.13,75.26,45.50715865243518,1893300,0.0000,1.0
2012-08-28,75.07,75.19,74.5,74.59,45.10203247256364,2954300,0.0000,1.0
2012-08-29,74.64,74.7193,74.23,74.3,44.92667934993268,2829800,0.0000,1.0
2012-08-30,73.97,74.1582,73.74,73.82,44.63643969868143,2587000,0.0000,1.0
2012-08-31,74.07,74.3473,73.57,73.81,44.630393039280364,2717800,0.0000,1.0
2012-09-04,73.57,73.9225,73.3,73.7,44.56387978586862,4513400,0.0000,1.0
2012-09-05,72.5,72.77,71.79,71.94,43.49966773128071,10182200,0.0000,1.0
2012-09-06,72.14,73.06,71.62,71.94,43.49966773128071,8389000,0.0000,1.0
2012-09-07,72.01,72.61,71.88,72.6,43.898747251751175,4799000,0.0000,1.0
2012-09-10,72.24,73.31,72.24,73.05,44.17084692479922,4762600,0.0000,1.0
2012-09-11,72.93,73.77,72.59,73.54,44.46713323545154,3914900,0.0000,1.0
2012-09-12,73.83,73.93,72.92,73.64,44.52759982946222,3917800,0.0000,1.0
2012-09-13,73.37,75.25,73.1,74.73,45.18668570417859,4915600,0.0000,1.0
2012-09-14,74.6,74.636,73.55,73.68,44.55178646706649,6255200,0.0000,1.0
2012-09-17,73.51,74.5,73.44,74.23,44.88435273412521,4361200,0.0000,1.0
2012-09-18,73.87,74.27,73.315,73.51,44.44899325724834,3774600,0.0000,1.0
2012-09-19,74.12,74.87,73.4,74.27,44.908539371729475,4477700,0.0000,1.0
2012-09-20,73.79,74.1,72.36,72.61,43.90479391115225,8127000,0.0000,1.0
2012-09-21,72.33,72.9401,71.18,71.88,43.463387774874306,29326400,0.0000,1.0
2012-09-24,71.78,72.33,71.5,72.03,43.55408766589032,5919700,0.0000,1.0
2012-09-25,72.25,73.53,72.03,72.07,43.57827430349459,7047400,0.0000,1.0
2012-09-26,72.1,72.26,71.69,71.78,43.40292118086363,3928100,0.0000,1.0
2012-09-27,71.92,72.24,71.58,72.02,43.54804100648925,2651100,0.0000,1.0
2012-09-28,71.87,71.89,71.25,71.57,43.2759413334412,3350900,0.0000,1.0
2012-10-01,72.09,72.91,71.71,72.01,43.54199434708819,3788900,0.0000,1.0
2012-10-02,72.27,72.5,71.69,72.02,43.54804100648925,2791300,0.0000,1.0
2012-10-03,72.27,73.46,72.03,73.39,44.376433344435526,5109300,0.0000,1.0
2012-10-04,73.08,73.64,72.82,72.97,44.12247364959068,3868100,0.0000,1.0
2012-10-05,73.31,73.88,72.98,73.1,44.20108022180456,3964000,0.0000,1.0
2012-10-08,73.07,73.88,72.75,73.76,44.60015974227503,2949500,0.0000,1.0
2012-10-09,73.88,74.0,72.92,73.02,44.15270694659602,2328800,0.0000,1.0
2012-10-10,73.83,73.88,72.24,72.26,43.693160832114884,4014900,0.0000,1.0
2012-10-11,72.91,73.08,72.26,72.3,43.71734746971915,3006700,0.0000,1.0
2012-10-12,72.57,72.85,71.98,72.11,43.60246094109886,2335800,0.0000,1.0
2012-10-15,72.2,72.82,72.1522,72.59,43.89270059235011,2407000,0.0000,1.0
2012-10-16,72.42,73.39,72.3,73.11,44.20712688120563,2755500,0.0000,1.0
2012-10-17,73.32,73.44,72.92,73.29,44.31596675042485,2913500,0.0000,1.0
2012-10-18,73.31,73.88,73.11,73.61,44.50945985125901,3003900,0.0000,1.0
2012-10-19,73.03,73.46,71.91,72.3,43.71734746971915,5469900,0.0000,1.0
2012-10-22,72.04,72.13,71.02,71.56,43.269894674040145,6481900,0.0000,1.0
2012-10-23,73.21,74.14,72.7555,73.73,44.58201976407182,8209600,0.0000,1.0
2012-10-24,73.97,74.06,72.99,73.12,44.2131735406067,3894200,0.0000,1.0
2012-10-25,73.41,73.44,72.88,73.2,44.26154681581524,3080100,0.0000,1.0
2012-10-26,73.39,73.57,72.75,73.02,44.15270694659602,3044500,0.0000,1.0
2012-10-31,73.45,74.1,73.0,73.25,44.291780112820575,3002000,0.0000,1.0
2012-11-01,73.38,74.12,73.05,73.9,44.684812973889976,3674900,0.0000,1.0
2012-11-02,74.23,74.5,73.39,73.48,44.43085327904514,3158800,0.0000,1.0
2012-11-05,73.55,73.616,73.23,73.45,44.41271330084193,3312700,0.0000,1.0
2012-11-06,73.67,74.18,73.2,73.57,44.485273213654736,3832500,0.0000,1.0
2012-11-07,73.82,73.82,72.3,73.0046,44.14339509111837,3866200,0.0000,1.0
2012-11-08,72.56,73.4,72.5,72.59,43.89270059235011,3695100,0.0000,1.0
2012-11-09,72.26,72.87,71.94,72.25,43.68711417271381,3607300,0.0000,1.0
2012-11-12,72.24,72.63,71.87,72.3,43.71734746971915,1835300,0.0000,1.0
2012-11-13,71.9,72.69,71.82,71.86,43.45129445607217,2194100,0.0000,1.0
2012-11-14,71.83,72.154,70.075,70.2991,42.507471390159516,4037100,0.0000,1.0
2012-11-15,70.0,70.39,69.56,70.33,42.870815153569666,4172200,0.5700,1.0
2012-11-16,70.84,70.84,69.72,70.02,42.68184952442696,4610300,0.0000,1.0
2012-11-19,70.7,71.44,70.33,71.44,43.54743401920968,4126100,0.0000,1.0
2012-11-20,71.27,71.48,70.91,71.34,43.48647736464753,3226400,0.0000,1.0
2012-11-21,71.46,71.69,71.23,71.4,43.52305135738482,2157100,0.0000,1.0
2012-11-23,71.52,72.08,71.38,71.98,43.87659995384537,1594600,0.0000,1.0
2012-11-26,71.83,72.61,71.83,72.58,44.24233988121835,3433900,0.0000,1.0
2012-11-27,72.67,72.85,72.11,72.16,43.98632193205726,2355900,0.0000,1.0
2012-11-28,72.02,72.74,71.76,72.71,44.32158353214916,2523200,0.0000,1.0
2012-11-29,73.0,73.83,72.97,73.56,44.83971509592755,4449100,0.0000,1.0
2012-11-30,73.45,73.5,72.69,73.11,44.56541015039782,3520000,0.0000,1.0
2012-12-03,73.5,73.5,72.2,72.2697,44.053191382111955,2703800,0.0000,1.0
2012-12-04,72.27,73.37,71.955,73.04,44.522740492204306,3832800,0.0000,1.0
2012-12-05,73.15,73.675,72.69,73.5,44.803141103190256,3216100,0.0000,1.0
2012-12-06,73.75,73.83,72.64,72.93,44.45568817218593,4269300,0.0000,1.0
2012-12-07,73.09,73.48,72.75,73.17,44.60198414313512,4098100,0.0000,1.0
2012-12-10,73.12,73.95,73.09,73.68,44.91286308140216,3018600,0.0000,1.0
2012-12-11,73.73,74.2599,73.34,73.76,44.96162840505188,3021900,0.0000,1.0
2012-12-12,73.87,74.05,73.33,73.43,44.760471444996746,2749500,0.0000,1.0
2012-12-13,73.5,73.835,73.02,73.35,44.71170612134701,2753300,0.0000,1.0
2012-12-14,73.24,73.56,72.72,72.85,44.40692284853619,2874800,0.0000,1.0
2012-12-17,73.15,73.4,72.96,73.36,44.71780178680323,2950300,0.0000,1.0
2012-12-18,73.31,75.06,73.0,75.05,45.74796924890379,6385800,0.0000,1.0
2012-12-19,75.32,76.2,75.11,75.6103,46.08950938441559,6184000,0.0000,1.0
2012-12-20,75.4,75.56,74.64,75.13,45.79673457255352,3631700,0.0000,1.0
2012-12-21,74.6,75.05,74.28,74.84,45.61996027432325,5567400,0.0000,1.0
2012-12-24,74.74,74.93,74.39,74.64,45.498046965198924,1451400,0.0000,1.0
2012-12-26,74.65,74.84,74.05,74.26,45.2664116778627,1917000,0.0000,1.0
2012-12-27,74.16,74.308,73.195,73.91,45.053063386895126,3355100,0.0000,1.0
2012-12-28,73.55,73.95,72.81,72.83,44.39473151762376,2599500,0.0000,1.0
2012-12-31,72.8,73.83,72.58,73.73,44.94334140868323,4700000,0.0000,1.0
2013-01-02,75.09,76.31,75.0201,76.31,46.51602309638705,4810800,0.0000,1.0
2013-01-03,76.25,76.52,75.98,76.38,46.55869275458056,4528900,0.0000,1.0
2013-01-04,76.51,76.955,76.41,76.57,46.67451039824867,2632000,0.0000,1.0
2013-01-07,76.45,76.695,76.22,76.35,46.54040575821192,2955900,0.0000,1.0
2013-01-08,76.16,76.43,75.81,76.14,46.41239678363137,2653300,0.0000,1.0
2013-01-09,76.3,77.1,76.25,77.0,46.936624012865984,3123900,0.0000,1.0
2013-01-10,77.16,78.22,77.0,78.2,47.66810386761195,4761000,0.0000,1.0
2013-01-11,78.36,78.43,77.77,77.92,47.49742523483789,2323800,0.0000,1.0
2013-01-14,78.66,79.82,78.54,79.24,48.302053075058446,7255400,0.0000,1.0
2013-01-15,78.74,79.4,78.58,79.33,48.35691406416439,3562200,0.0000,1.0
2013-01-16,79.05,79.71,79.0,79.66,48.55807102421953,3018700,0.0000,1.0
2013-01-17,79.81,80.05,79.6,79.79,48.63731467515035,3076500,0.0000,1.0
2013-01-18,79.95,80.31,79.31,80.25,48.9177152861363,5850000,0.0000,1.0
2013-01-22,79.95,80.69,79.9,80.68,49.179828900753606,3310000,0.0000,1.0
2013-01-23,80.36,80.88,80.22,80.34,48.97257627524225,3029500,0.0000,1.0
2013-01-24,80.96,82.49,80.8,82.14,50.069796057361195,6434300,0.0000,1.0
2013-01-25,82.39,82.76,81.84,82.45,50.2587616865039,4211300,0.0000,1.0
2013-01-28,82.62,82.75,81.86,82.51,50.2953356792412,3083800,0.0000,1.0
2013-01-29,82.42,82.5,82.04,82.21,50.112465715554706,4021600,0.0000,1.0
2013-01-30,81.94,82.17,81.2,81.23,49.5150905008455,3877000,0.0000,1.0
2013-01-31,79.75,80.83,79.25,79.29,48.332531402339534,9502800,0.0000,1.0
2013-02-01,79.2,80.0,79.0,79.97,48.747036653362244,5220500,0.0000,1.0
2013-02-04,79.61,80.25,79.51,79.91,48.71046266062494,4074200,0.0000,1.0
2013-02-05,80.24,80.96,80.04,80.8,49.2529768862282,3394100,0.0000,1.0
2013-02-06,80.42,80.96,80.28,80.91,49.32002920624658,3733500,0.0000,1.0
2013-02-07,80.8599,81.81,80.67,81.8,49.862543431849836,4602400,0.0000,1.0
2013-02-08,81.75,82.465,81.66,82.38,50.216092028310385,3805400,0.0000,1.0
2013-02-11,82.11,82.73,82.11,82.69,50.40505765745309,3063900,0.0000,1.0
2013-02-12,83.07,83.08,82.23,82.31,50.173422370116874,3941800,0.0000,1.0
2013-02-13,82.44,82.69,82.39,82.5,50.28924001378498,2926400,0.0000,1.0
2013-02-14,82.19,82.83,81.89,82.69,50.40505765745309,3761400,0.0000,1.0
2013-02-15,83.14,84.11,82.79,83.48,50.886615228494186,4983000,0.0000,1.0
2013-02-19,83.5,84.87,83.48,84.76,51.66686040688988,5442400,0.0000,1.0
2013-02-20,84.64,84.69,83.81,83.81,51.08777218854932,4456000,0.0000,1.0
2013-02-21,82.87,83.14,82.27,82.61,50.734223592088775,5027400,0.6200,1.0
2013-02-22,82.985,83.19,82.67,82.94,50.93689026422761,2394500,0.0000,1.0
2013-02-25,83.28,83.6688,81.94,81.94,50.32274883350386,3996800,0.0000,1.0
2013-02-26,82.33,82.51,81.51,81.94,50.32274883350386,3806400,0.0000,1.0
2013-02-27,81.84,83.09,81.78,82.83,50.869334706848,4015400,0.0000,1.0
2013-02-28,82.99,83.2,82.65,82.65,50.75878924931773,3744700,0.0000,1.0
2013-03-01,82.55,82.99,82.28,82.87,50.89390036407695,2722800,0.0000,1.0
2013-03-04,82.85,82.95,82.4,82.93,50.93074884992038,2737600,0.0000,1.0
2013-03-05,83.23,84.46,83.12,84.07,51.63087008094544,3581100,0.0000,1.0
2013-03-06,84.52,84.74,84.21,84.43,51.851960996006,3221500,0.0000,1.0
2013-03-07,84.44,84.65,83.98,84.3,51.772122610011905,2404600,0.0000,1.0
2013-03-08,84.7,84.75,84.24,84.44,51.85810241031323,2225800,0.0000,1.0
2013-03-11,84.33,84.95,84.33,84.68,52.00549635368694,2793400,0.0000,1.0
2013-03-12,84.8,84.95,84.12,84.53,51.91337513907837,2503500,0.0000,1.0
2013-03-13,84.53,85.32,84.48,85.18,52.31256706904881,2885700,0.0000,1.0
2013-03-14,85.22,85.7,85.18,85.63,52.588930712874486,3410800,0.0000,1.0
2013-03-15,85.15,85.66,84.98,85.47,52.49066808395869,5015600,0.0000,1.0
2013-03-18,84.81,85.62,84.59,85.43,52.46610242672975,3374300,0.0000,1.0
2013-03-19,85.56,85.8451,84.82,85.08,52.25115292597643,3640300,0.0000,1.0
2013-03-20,84.17,84.96,83.83,84.03,51.606304423716495,5285400,0.0000,1.0
2013-03-21,83.79,84.15,82.67,83.0,50.973738750071035,5824100,0.0000,1.0
2013-03-22,83.3,84.86,83.27,84.76,52.05462766814483,4667000,0.0000,1.0
2013-03-25,84.98,85.03,84.11,84.61,51.96250645353627,4080300,0.0000,1.0
2013-03-26,84.85,85.08,84.52,85.04,52.22658726874749,3184600,0.0000,1.0
2013-03-27,84.84,85.54,84.65,85.43,52.46610242672975,2611500,0.0000,1.0
2013-03-28,85.16,85.925,85.01,85.9,52.754748899169904,3498300,0.0000,1.0
2013-04-01,85.81,85.95,84.33,84.47,51.87652665323495,2959800,0.0000,1.0
2013-04-02,83.84,84.345,83.65,83.92,51.53874886633688,4133000,0.0000,1.0
2013-04-03,84.01,84.08,83.11,83.33,51.176405422209875,4010900,0.0000,1.0
2013-04-04,83.46,83.86,83.27,83.67,51.385213508655944,2730700,0.0000,1.0
2013-04-05,82.81,83.64,82.33,83.54,51.305375122661864,3031000,0.0000,1.0
2013-04-08,83.55,83.7,82.85,83.23,51.1149912791375,3057900,0.0000,1.0
2013-04-09,83.5,83.82,82.97,83.55,51.311516536969094,3164600,0.0000,1.0
2013-04-10,83.73,84.82,83.67,84.56,51.93179938200009,3446100,0.0000,1.0
2013-04-11,84.66,84.7801,84.17,84.32,51.78440543862638,3788200,0.0000,1.0
2013-04-12,84.15,84.38,83.88,84.14,51.67385998109611,2491500,0.0000,1.0
2013-04-15,83.97,84.09,82.37,82.41,50.61139530594402,3678000,0.0000,1.0
2013-04-16,82.87,83.23,82.5,83.22,51.10884986483026,2365500,0.0000,1.0
2013-04-17,82.89,83.0,82.09,82.52,50.678950863323635,3113900,0.0000,1.0
2013-04-18,83.05,83.19,81.95,82.37,50.586829648715074,4188900,0.0000,1.0
2013-04-19,82.68,83.43,82.41,82.99,50.9675973357638,3115200,0.0000,1.0
2013-04-22,83.01,83.43,82.24,83.26,51.13341552205922,3410400,0.0000,1.0
2013-04-23,83.38,83.99,83.01,83.74,51.4282034088066,3729400,0.0000,1.0
2013-04-24,83.8,83.94,83.12,83.5,51.28080946543291,4387400,0.0000,1.0
2013-04-25,84.55,85.88,84.18,85.42,52.459961012422504,4825000,0.0000,1.0
2013-04-26,85.36,85.98,85.13,85.71,52.63806202733239,3266300,0.0000,1.0
2013-04-29,85.77,86.46,85.6,86.27,52.981981228537684,3000300,0.0000,1.0
2013-04-30,86.39,86.39,85.61,85.84,52.71790041332648,4296400,0.0000,1.0
2013-05-01,85.82,85.9,84.65,84.82,52.09147615398825,3372200,0.0000,1.0
2013-05-02,84.83,85.45,84.8,85.33,52.404688283657364,3566400,0.0000,1.0
2013-05-03,85.93,86.48,85.8,86.09,52.87143577100742,3471700,0.0000,1.0
2013-05-06,86.13,87.55,86.07,87.04,53.454870130194976,3259000,0.0000,1.0
2013-05-07,87.43,88.95,87.31,88.66,54.44977924796744,4853800,0.0000,1.0
2013-05-08,88.39,89.96,87.84,89.03,54.677011577335236,6309100,0.0000,1.0
2013-05-09,88.5,89.0,88.03,88.23,54.56646611980497,4937000,0.6200,1.0
2013-05-10,88.16,88.83,88.11,88.34,54.6344963960509,2604900,0.0000,1.0
2013-05-13,88.14,88.38,87.8,88.04,54.44895927901654,1858700,0.0000,1.0
2013-05-14,88.26,88.72,88.1601,88.4,54.67160381945777,3233400,0.0000,1.0
2013-05-15,88.34,88.69,88.1,88.6,54.795295230814006,3534400,0.0000,1.0
2013-05-16,88.39,88.65,87.7,87.85,54.331452438228105,3115400,0.0000,1.0
2013-05-17,87.96,88.74,87.87,88.7,54.85714093649213,3440500,0.0000,1.0
2013-05-20,88.62,88.85,88.35,88.55,54.764372377974944,2640000,0.0000,1.0
2013-05-21,88.55,89.42,88.51,88.78,54.906617501034624,2907300,0.0000,1.0
2013-05-22,88.73,89.536,87.77,88.14,54.51080498469466,4191600,0.0000,1.0
2013-05-23,87.6,87.81,87.001,87.31,53.99748562756626,5157400,0.0000,1.0
2013-05-24,86.72,86.9,86.381,86.83,53.70062624031129,3587400,0.0000,1.0
2013-05-28,87.23,87.5,86.365,86.75,53.65114967576879,4191300,0.0000,1.0
2013-05-29,86.35,86.61,86.06,86.34,53.39758228248851,3306300,0.0000,1.0
2013-05-30,86.41,86.77,86.31,86.36,53.40995142362413,2882600,0.0000,1.0
2013-05-31,86.32,86.78,85.87,85.9,53.12546117750478,4082000,0.0000,1.0
2013-06-03,85.87,86.42,85.6199,86.25,53.341921147378194,4186800,0.0000,1.0
2013-06-04,86.25,86.84,85.775,85.96,53.16256860091165,3454900,0.0000,1.0
2013-06-05,85.77,85.91,84.68,84.96,52.54411154413045,4156200,0.0000,1.0
2013-06-06,84.71,85.05,84.1999,84.76,52.42042013277422,3918000,0.0000,1.0
2013-06-07,85.21,86.5,85.1,86.37,53.41613599419194,4231900,0.0000,1.0
2013-06-10,86.54,86.57,85.94,86.35,53.40376685305631,2101600,0.0000,1.0
2013-06-11,85.74,86.25,85.5,85.65,52.97084691330948,2478600,0.0000,1.0
2013-06-12,86.22,86.42,85.14,85.51,52.88426292536011,2771200,0.0000,1.0
2013-06-13,85.51,86.48,85.11,86.32,53.38521314135288,2282000,0.0000,1.0
2013-06-14,86.23,86.814,85.591,85.91,53.131645748072586,2505600,0.0000,1.0
2013-06-17,86.44,86.8,85.96,86.54,53.52127369384475,3198600,0.0000,1.0
2013-06-18,86.8,87.819,86.77,87.43,54.071700474380016,2916200,0.0000,1.0
2013-06-19,87.52,87.66,86.31,86.37,53.41613599419194,3027000,0.0000,1.0
2013-06-20,85.82,85.84,84.38,84.89,52.50081955015577,4213900,0.0000,1.0
2013-06-21,85.59,85.86,84.91,85.41,52.82241721968199,4676900,0.0000,1.0
2013-06-24,84.98,86.29,84.7,85.27,52.73583323173262,3472300,0.0000,1.0
2013-06-25,85.82,86.04,85.29,85.72,53.01413890728416,2661300,0.0000,1.0
2013-06-26,86.31,86.92,86.21,86.42,53.447058847031,2291800,0.0000,1.0
2013-06-27,87.02,87.3,86.62,87.09,53.8614250750744,3002700,0.0000,1.0
2013-06-28,86.97,87.46,86.47,86.48,53.484166270437875,3271100,0.0000,1.0
2013-07-01,86.92,87.655,86.87,87.05,53.83668679280315,2556200,0.0000,1.0
2013-07-02,86.88,87.48,86.27,86.61,53.564565687819425,2127800,0.0000,1.0
2013-07-03,86.34,86.48,85.84,86.16,53.28626001226789,1223300,0.0000,1.0
2013-07-05,86.68,87.72,86.63,87.54,54.139730750625944,1994800,0.0000,1.0
2013-07-08,88.0,88.78,87.85,88.35,54.6406809666187,2852500,0.0000,1.0
2013-07-09,88.64,91.04,88.64,89.73,55.494151704976765,5645300,0.0000,1.0
2013-07-10,89.63,91.03,89.42,90.24,55.80956480393517,3625400,0.0000,1.0
2013-07-11,91.25,91.78,91.06,91.45,56.55789784264042,3446700,0.0000,1.0
2013-07-12,86.59,87.5,85.485,86.12,53.261521729996645,15335100,0.0000,1.0
2013-07-15,85.63,86.31,85.45,85.48,52.86570921365668,6194200,0.0000,1.0
2013-07-16,85.5,86.06,85.25,85.98,53.17493774204728,4152400,0.0000,1.0
2013-07-17,86.42,86.79,86.25,86.65,53.589303970090675,3185700,0.0000,1.0
2013-07-18,86.72,88.31,86.62,87.85,54.331452438228105,4752400,0.0000,1.0
2013-07-19,87.91,88.09,87.39,88.08,54.473697561287786,3172000,0.0000,1.0
2013-07-22,87.82,88.13,87.41,87.61,54.18302274460062,2946200,0.0000,1.0
2013-07-23,87.71,88.0,86.65,87.51,54.12117703892251,3141600,0.0000,1.0
2013-07-24,87.85,88.06,86.9,86.98,53.79339479882847,3720300,0.0000,1.0
2013-07-25,86.91,87.19,86.3,86.83,53.70062624031129,3190500,0.0000,1.0
2013-07-26,86.44,87.11,86.25,86.99,53.79957936939628,2820600,0.0000,1.0
2013-07-29,86.75,87.05,86.63,86.81,53.688257099175665,2786000,0.0000,1.0
2013-07-30,86.93,87.22,86.3,86.41,53.440874276463184,3191400,0.0000,1.0
2013-07-31,86.38,87.64,86.38,86.8,53.682072528607854,3386300,0.0000,1.0
2013-08-01,87.37,88.49,87.36,88.04,54.44895927901654,2942300,0.0000,1.0
2013-08-02,87.65,87.99,87.39,87.92,54.374744432202796,2253200,0.0000,1.0
2013-08-05,87.63,88.27,87.6,87.86,54.33763700879592,2086500,0.0000,1.0
2013-08-06,87.82,88.69,87.73,87.95,54.393298143906236,2700700,0.0000,1.0
2013-08-07,87.68,87.98,87.36,87.88,54.350006149931545,2039900,0.0000,1.0
2013-08-08,88.18,88.48,87.81,88.12,54.49843584355904,2029200,0.0000,1.0
2013-08-09,88.12,88.28,87.5575,87.81,54.30671415595687,1828100,0.0000,1.0
2013-08-12,87.48,87.93,87.4,87.77,54.28197587368561,2160900,0.0000,1.0
2013-08-13,87.86,88.0,87.37,87.71,54.24486845027874,2384900,0.0000,1.0
2013-08-14,87.48,87.79,87.34,87.45,54.08406961551563,2435400,0.0000,1.0
2013-08-15,86.29,86.32,85.39,85.96,53.546011976115985,4775800,0.6200,1.0
2013-08-16,85.84,86.485,85.83,86.05,53.602074575904844,2822900,0.0000,1.0
2013-08-19,85.81,86.25,85.7401,86.08,53.6207621091678,2682500,0.0000,1.0
2013-08-20,86.1,86.75,85.91,86.3,53.757804019762794,2205300,0.0000,1.0
2013-08-21,86.26,86.6,85.9,86.09,53.62699128692212,4179700,0.0000,1.0
2013-08-22,86.1,87.3,85.99,86.96,54.168929751547765,2872900,0.0000,1.0
2013-08-23,86.92,87.44,86.87,87.17,54.299742484388446,1805000,0.0000,1.0
2013-08-26,87.15,87.9361,87.15,87.2,54.3184300176514,2208100,0.0000,1.0
2013-08-27,86.47,86.57,85.6,85.84,53.47126184306418,3425100,0.0000,1.0
2013-08-28,85.81,86.085,85.59,85.64,53.34667828797782,1964400,0.0000,1.0
2013-08-29,85.48,86.57,85.34,85.71,53.39028253225804,1571600,0.0000,1.0
2013-08-30,85.76,85.93,85.18,85.58,53.30930322145191,2471100,0.0000,1.0
2013-09-03,86.23,86.5,85.7,85.96,53.546011976115985,2006800,0.0000,1.0
2013-09-04,86.07,87.0,85.88,86.55,53.91353346362074,2187600,0.0000,1.0
2013-09-05,86.54,87.26,86.45,86.81,54.075492085233,1429700,0.0000,1.0
2013-09-06,87.06,87.38,86.06,86.76,54.04434619646142,1861500,0.0000,1.0
2013-09-09,86.92,87.27,86.8399,87.13,54.27482577337117,2099100,0.0000,1.0
2013-09-10,87.58,88.2,87.46,88.07,54.860368482277046,2828000,0.0000,1.0
2013-09-11,88.09,88.91,87.93,88.75,55.28395256957066,2763900,0.0000,1.0
2013-09-12,88.86,89.27,88.5,88.59,55.184285725501574,2187900,0.0000,1.0
2013-09-13,88.77,88.99,88.44,88.66,55.2278899697818,1553100,0.0000,1.0
2013-09-16,89.92,90.41,89.52,89.59,55.80720350093336,3454700,0.0000,1.0
2013-09-17,89.62,90.2,89.25,89.89,55.994078833562895,2355900,0.0000,1.0
2013-09-18,89.99,91.1,89.75,90.97,56.666830031029214,4019200,0.0000,1.0
2013-09-19,90.95,92.05,90.81,91.7,57.121560007094416,3140800,0.0000,1.0
2013-09-20,91.72,92.12,91.43,91.55,57.028122340779646,5317500,0.0000,1.0
2013-09-23,91.52,91.59,90.36,91.29,56.86616371916739,3229200,0.0000,1.0
2013-09-24,91.2,91.99,91.04,91.26,56.84747618590443,2931200,0.0000,1.0
2013-09-25,91.19,91.54,90.66,91.0,56.68551756429217,2544100,0.0000,1.0
2013-09-26,91.18,91.8,91.07,91.8,57.183851784637596,2734300,0.0000,1.0
2013-09-27,91.5,91.704,90.75,91.25,56.84124700815011,2390500,0.0000,1.0
2013-09-30,90.69,91.87,90.45,91.37,56.915997141201935,2436600,0.0000,1.0
2013-10-01,91.43,91.85,91.37,91.8,57.183851784637596,1800900,0.0000,1.0
2013-10-02,91.26,91.445,90.82,91.28,56.85993454141307,2558900,0.0000,1.0
2013-10-03,91.09,91.15,89.8,90.1,56.12489156640356,3168000,0.0000,1.0
2013-10-04,90.16,91.08,89.64,91.0,56.68551756429217,2253700,0.0000,1.0
2013-10-07,90.21,90.54,89.53,90.03,56.081287322123345,1707200,0.0000,1.0
2013-10-08,89.88,90.1624,88.9,88.93,55.396077769148384,2149200,0.0000,1.0
2013-10-09,89.18,89.25,88.45,88.7,55.252806680799075,2455300,0.0000,1.0
2013-10-10,89.38,90.32,88.91,90.28,56.23701676598129,2540900,0.0000,1.0
2013-10-11,90.21,90.8,90.21,90.77,56.54224647594286,1825800,0.0000,1.0
2013-10-14,90.34,90.68,90.15,90.36,56.286850188015826,2283200,0.0000,1.0
2013-10-15,90.38,91.56,90.18,90.28,56.23701676598129,3144200,0.0000,1.0
2013-10-16,90.56,91.471,90.5,91.33,56.89108043018466,2607500,0.0000,1.0
2013-10-17,91.21,92.01,91.03,91.92,57.25860191768941,1954900,0.0000,1.0
2013-10-18,92.31,93.01,91.94,93.0,57.93135311515574,3168500,0.0000,1.0
2013-10-21,93.1,93.94,92.93,93.78,58.41722897999252,3778800,0.0000,1.0
2013-10-22,93.96,94.84,93.65,93.77,58.4109998022382,3000900,0.0000,1.0
2013-10-23,93.52,94.0299,93.22,93.95,58.52312500181593,2654400,0.0000,1.0
2013-10-24,94.18,95.4,94.18,94.49,58.85950060054909,4802700,0.0000,1.0
2013-10-25,96.67,97.0,94.16,95.61,59.557168509032685,5203400,0.0000,1.0
2013-10-28,95.45,98.78,95.45,97.77,60.90267090396533,5926700,0.0000,1.0
2013-10-29,97.82,98.41,96.655,98.31,61.2390465026985,6452700,0.0000,1.0
2013-10-30,98.21,98.79,98.01,98.28,61.220358969435544,3975200,0.0000,1.0
2013-10-31,97.85,98.99,97.34,98.24,61.19544225841827,4213200,0.0000,1.0
2013-11-01,98.28,98.82,97.75,98.22,61.18298390290963,2944500,0.0000,1.0
2013-11-04,98.77,99.9,98.64,99.88,62.21702741012639,3009600,0.0000,1.0
2013-11-05,99.36,100.67,99.01,100.3,62.47865287580774,3912700,0.0000,1.0
2013-11-06,100.31,100.59,98.78,99.1,61.7311515452896,4088400,0.0000,1.0
2013-11-07,99.52,99.93,98.535,98.59,61.4134634798194,2961400,0.0000,1.0
2013-11-08,98.48,99.87,98.4701,99.62,62.055068788514134,3886000,0.0000,1.0
2013-11-11,99.51,99.8,99.09,99.28,61.843276744867325,4214600,0.0000,1.0
2013-11-12,98.94,100.08,98.76,99.82,62.17965234360049,3549900,0.0000,1.0
2013-11-13,99.24,101.06,99.15,101.04,62.93961202962727,3862700,0.0000,1.0
2013-11-14,100.77,101.56,100.27,100.97,63.28221680611475,6082800,0.6200,1.0
2013-11-15,101.1,101.37,100.35,100.94,63.26341452321702,4083600,0.0000,1.0
2013-11-18,101.21,101.745,100.97,101.28,63.47650706272459,2448900,0.0000,1.0
2013-11-19,101.18,101.36,100.5,100.72,63.12553111530036,2447200,0.0000,1.0
2013-11-20,100.84,100.94,100.11,100.13,62.755752884978406,2128400,0.0000,1.0
2013-11-21,100.36,101.27,100.2,101.13,63.38249564823595,2262600,0.0000,1.0
2013-11-22,101.44,102.0,100.86,101.98,63.91522699700488,2014300,0.0000,1.0
2013-11-25,102.2,102.2299,101.185,101.22,63.43890249692914,2219000,0.0000,1.0
2013-11-26,101.315,102.35,101.315,102.29,64.10951725361473,3997300,0.0000,1.0
2013-11-27,102.3,102.82,102.02,102.54,64.26620294442911,1879700,0.0000,1.0
2013-11-29,102.7,103.04,102.37,102.38,64.1659241023079,1281700,0.0000,1.0
2013-12-02,102.14,102.901,102.13,102.33,64.13458696414502,2336900,0.0000,1.0
2013-12-03,102.45,102.78,101.49,101.9,63.86508757594427,2600100,0.0000,1.0
2013-12-04,101.87,102.24,100.753,101.72,63.752273878557915,2249300,0.0000,1.0
2013-12-05,101.46,102.08,101.46,101.63,63.69586702986473,2230900,0.0000,1.0
2013-12-06,102.38,102.92,101.94,102.43,64.19726124047078,3723900,0.0000,1.0
2013-12-09,103.02,103.04,101.97,102.34,64.1408543917776,2373400,0.0000,1.0
2013-12-10,102.15,102.41,101.55,101.73,63.75854130619049,2199300,0.0000,1.0
2013-12-11,101.95,102.08,100.67,100.87,63.219542529788995,3010000,0.0000,1.0
2013-12-12,100.76,101.49,100.76,100.95,63.2696819508496,2303200,0.0000,1.0
2013-12-13,101.05,101.77,100.65,101.38,63.539181339050344,2712600,0.0000,1.0
2013-12-16,101.64,102.4,101.63,102.13,64.0092384114935,3116600,0.0000,1.0
2013-12-17,102.23,102.6,101.69,101.98,63.91522699700488,3190600,0.0000,1.0
2013-12-18,102.13,103.04,101.24,102.98,64.54196976026243,4224900,0.0000,1.0
2013-12-19,102.73,103.24,102.4,103.18,64.66731831291393,2508600,0.0000,1.0
2013-12-20,103.23,104.56,103.0,103.33,64.76132972740257,8363500,0.0000,1.0
2013-12-23,103.8,104.07,103.45,103.96,65.15617766825481,2155500,0.0000,1.0
2013-12-24,104.13,104.5,103.92,104.46,65.4695490498836,904500,0.0000,1.0
2013-12-26,104.35,104.9,104.04,104.67,65.60116503016768,2108300,0.0000,1.0
2013-12-27,105.0,105.09,104.58,104.72,65.63250216833056,3433500,0.0000,1.0
2013-12-30,104.95,105.0625,104.59,104.92,65.75785072098208,1479800,0.0000,1.0
2013-12-31,104.94,105.37,104.67,105.08,65.85812956310328,1778400,0.0000,1.0
2014-01-02,104.63,104.91,102.82,103.32,64.75506229976999,2799700,0.0000,1.0
2014-01-03,103.48,103.94,103.05,103.09,64.61091146422076,3719600,0.0000,1.0
2014-01-06,103.53,103.674,101.23,101.75,63.77107616145564,3884800,0.0000,1.0
2014-01-07,101.84,102.89,101.8,102.08,63.97790127333063,3385700,0.0000,1.0
2014-01-08,102.12,102.28,101.41,102.0,63.927761852270024,3024400,0.0000,1.0
2014-01-09,102.27,102.54,101.53,102.12,64.00297098386093,2352000,0.0000,1.0
2014-01-10,102.27,102.64,101.33,102.52,64.25366808916395,3499500,0.0000,1.0
2014-01-13,101.64,102.53,100.03,100.23,62.818427161304164,3510100,0.0000,1.0
2014-01-14,100.36,100.99,99.63,100.93,63.25714709558445,3620300,0.0000,1.0
2014-01-15,101.22,101.44,100.71,101.05,63.33235622717535,2027700,0.0000,1.0
2014-01-16,100.78,101.07,100.1,100.49,62.98138027975112,2603900,0.0000,1.0
2014-01-17,97.51,100.31,97.0,99.91,62.617869477061745,10135500,0.0000,1.0
2014-01-21,100.46,100.59,97.54,98.57,61.77803417429663,5783200,0.0000,1.0
2014-01-22,99.26,99.36,98.5,98.99,62.0412661348648,3234100,0.0000,1.0
2014-01-23,98.39,98.54,97.61,97.94,61.38318623344438,4255100,0.0000,1.0
2014-01-24,97.58,97.69,96.28,96.33,60.374130384599724,5251600,0.0000,1.0
2014-01-27,96.14,96.615,95.01,95.17,59.647108779220964,4973700,0.0000,1.0
2014-01-28,95.31,95.81,95.17,95.81,60.048224147705795,3881700,0.0000,1.0
2014-01-29,95.52,96.0,94.95,95.33,59.74738762134217,4554500,0.0000,1.0
2014-01-30,96.72,97.0,95.65,95.78,60.02942186480807,4010000,0.0000,1.0
2014-01-31,94.47,95.97,94.02,95.23,59.68471334501642,4082600,0.0000,1.0
2014-02-03,95.1,95.92,93.52,93.62,58.675657496171766,5448600,0.0000,1.0
2014-02-04,94.14,94.23,93.19,93.89,58.8448780422513,3537300,0.0000,1.0
2014-02-05,93.85,94.325,93.5,93.76,58.76340148302782,4591300,0.0000,1.0
2014-02-06,94.15,94.933,94.01,94.74,59.377609391020215,4195600,0.0000,1.0
2014-02-07,95.3,95.6,94.57,95.37,59.77245733187248,2889700,0.0000,1.0
2014-02-10,95.25,95.46,94.46,94.73,59.37134196338764,4233800,0.0000,1.0
2014-02-11,94.71,96.47,94.71,96.16,60.26758411484594,3264600,0.0000,1.0
2014-02-12,96.15,96.76,95.87,96.03,60.186107555622456,2471300,0.0000,1.0
2014-02-13,95.69,96.74,95.44,96.56,60.51828122014896,2376400,0.0000,1.0
2014-02-14,96.45,97.37,96.29,97.24,60.94446629916409,3304300,0.0000,1.0
2014-02-18,97.15,97.91,96.18,96.49,60.47440922672093,3037500,0.0000,1.0
2014-02-19,96.03,96.37,95.03,95.18,59.653376206853544,4445200,0.0000,1.0
2014-02-20,94.85,96.24,94.12,95.67,60.3803978122323,4908700,0.6700,1.0
2014-02-21,95.95,96.725,95.79,96.11,60.658095889345105,3422600,0.0000,1.0
2014-02-24,96.21,97.0,95.92,95.95,60.557114770394996,2762600,0.0000,1.0
2014-02-25,95.99,96.19,95.25,95.45,60.2415487736759,3291400,0.0000,1.0
2014-02-26,95.5,95.85,94.91,95.2,60.08376577531635,2915700,0.0000,1.0
2014-02-27,95.07,95.6399,94.9,95.55,60.30466197301971,2681600,0.0000,1.0
2014-02-28,95.42,96.34,95.05,95.77,60.44351101157612,4097100,0.0000,1.0
2014-03-03,95.26,95.8,94.81,95.78,60.449822331510504,3013500,0.0000,1.0
2014-03-04,96.45,97.2,96.43,96.98,61.20718072363634,3310100,0.0000,1.0
2014-03-05,97.0,97.38,96.8,97.08,61.27029392298016,2444900,0.0000,1.0
2014-03-06,97.37,97.99,97.16,97.86,61.76257687786195,3229100,0.0000,1.0
2014-03-07,98.26,98.8,98.0,98.22,61.989784395499704,2741400,0.0000,1.0
2014-03-10,98.2,98.75,98.0,98.74,62.31797303208756,2630100,0.0000,1.0
2014-03-11,99.0,99.07,98.1201,98.31,62.04658627490914,2583500,0.0000,1.0
2014-03-12,98.0,98.59,97.49,98.52,62.17912399353116,2625300,0.0000,1.0
2014-03-13,98.82,98.93,96.58,97.1,61.28291656284892,4769500,0.0000,1.0
2014-03-14,97.08,97.225,96.08,96.27,60.759077008295215,4129300,0.0000,1.0
2014-03-17,96.8,97.345,96.75,96.99,61.21349204357072,2130500,0.0000,1.0
2014-03-18,96.85,97.815,96.85,97.41,61.47856748081476,2023100,0.0000,1.0
2014-03-19,97.54,97.99,96.38,96.95,61.18824676383319,2511300,0.0000,1.0
2014-03-20,96.79,96.95,96.225,96.91,61.16300148409566,1941700,0.0000,1.0
2014-03-21,97.72,98.05,96.64,96.86,61.13144488442376,4303700,0.0000,1.0
2014-03-24,97.07,97.46,96.33,97.34,61.43438824127409,3500000,0.0000,1.0
2014-03-25,97.6,98.01,97.32,97.65,61.630039159239935,2308300,0.0000,1.0
2014-03-26,98.0,98.24,96.72,96.75,61.06202036514555,3253100,0.0000,1.0
2014-03-27,96.85,97.09,96.2501,97.05,61.25135996317701,2846100,0.0000,1.0
2014-03-28,97.15,97.78,97.08,97.34,61.43438824127409,1937100,0.0000,1.0
2014-03-31,97.59,97.76,97.08,97.38,61.45963352101161,2397600,0.0000,1.0
2014-04-01,97.74,97.8,97.09,97.34,61.43438824127409,2552200,0.0000,1.0
2014-04-02,97.46,98.2465,97.4,97.97,61.832001397140154,3117400,0.0000,1.0
2014-04-03,98.07,98.815,97.98,98.52,62.17912399353116,2182600,0.0000,1.0
2014-04-04,98.89,99.41,97.74,98.1,61.91404855628711,2958400,0.0000,1.0
2014-04-07,98.35,98.43,97.34,97.36,61.44701088114285,2899300,0.0000,1.0
2014-04-08,97.11,97.81,96.82,97.42,61.484878800749144,3315400,0.0000,1.0
2014-04-09,97.51,98.11,97.16,97.85,61.75626555792756,2984800,0.0000,1.0
2014-04-10,97.95,98.13,96.43,96.63,60.986284525932966,3962800,0.0000,1.0
2014-04-11,96.42,96.9,96.19,96.27,60.759077008295215,2899400,0.0000,1.0
2014-04-14,96.85,97.09,95.74,96.09,60.645473249476346,3179700,0.0000,1.0
2014-04-15,96.4,96.58,95.45,95.78,60.449822331510504,6511200,0.0000,1.0
2014-04-16,96.4,97.37,95.9,97.35,61.44069956120847,3636500,0.0000,1.0
2014-04-17,97.05,98.12,96.8,98.0,61.850935356943296,3261200,0.0000,1.0
2014-04-21,98.24,98.98,97.92,98.9,62.41895415103768,2660400,0.0000,1.0
2014-04-22,99.15,99.39,98.8,99.0,62.4820673503815,2156400,0.0000,1.0
2014-04-23,98.99,99.85,98.78,99.24,62.63353902880666,3132800,0.0000,1.0
2014-04-24,99.1,99.79,98.5,98.64,62.25485983274375,3568400,0.0000,1.0
2014-04-25,98.34,98.74,97.2,97.4,61.472256160880384,2708900,0.0000,1.0
2014-04-28,97.8,98.475,97.44,98.26,62.01502967523723,3387400,0.0000,1.0
2014-04-29,98.32,98.71,97.94,98.01,61.857246676877686,2803100,0.0000,1.0
2014-04-30,98.17,98.8,97.92,98.5,62.1665013536624,2546500,0.0000,1.0
2014-05-01,98.5,98.599,97.85,98.11,61.9203598762215,2383600,0.0000,1.0
2014-05-02,98.08,99.18,98.02,98.56,62.20436927326869,2280300,0.0000,1.0
2014-05-05,98.27,98.29,97.6,97.95,61.81937875727139,2390200,0.0000,1.0
2014-05-06,97.7,97.93,97.34,97.38,61.45963352101161,1876200,0.0000,1.0
2014-05-07,97.81,98.88,97.6,98.83,62.374774911497,1922900,0.0000,1.0
2014-05-08,98.8,99.45,98.65,98.99,62.47575603044711,2246500,0.0000,1.0
2014-05-09,99.07,99.99,98.87,99.76,62.96172766539453,2340500,0.0000,1.0
2014-05-12,100.0,101.51,99.94,101.51,64.06620865391137,2861300,0.0000,1.0
2014-05-13,101.75,102.72,101.66,102.51,64.69734064734958,3687500,0.0000,1.0
2014-05-14,102.39,102.39,101.43,102.04,64.40070861043363,3410500,0.0000,1.0
2014-05-15,101.34,101.5997,100.2001,100.46,63.82637849640486,4405800,0.6700,1.0
2014-05-16,100.62,101.4,100.48,101.33,64.37912535377966,2278100,0.0000,1.0
2014-05-19,101.06,101.61,101.05,101.39,64.41724582670206,1455500,0.0000,1.0
2014-05-20,101.33,101.58,100.21,100.53,63.870852381480994,2090000,0.0000,1.0
2014-05-21,100.69,101.77,100.69,101.74,64.63961525208272,2017500,0.0000,1.0
2014-05-22,101.63,101.78,101.33,101.66,64.58878795485286,2316600,0.0000,1.0
2014-05-23,101.64,102.94,101.56,102.73,65.26860305530232,1867600,0.0000,1.0
2014-05-27,102.96,103.48,102.93,103.17,65.54815319006659,1982500,0.0000,1.0
2014-05-28,103.47,103.77,103.24,103.41,65.70063508175619,1866200,0.0000,1.0
2014-05-29,103.93,104.18,103.43,104.06,66.11360687174886,1890700,0.0000,1.0
2014-05-30,104.0,104.15,103.72,103.88,65.99924545298165,2627800,0.0000,1.0
2014-06-02,104.13,104.3,103.6,104.08,66.12631369605631,2914100,0.0000,1.0
2014-06-03,103.91,104.16,103.07,103.43,65.71334190606366,2319200,0.0000,1.0
2014-06-04,103.39,103.5,102.6,102.97,65.42108494699193,2822100,0.0000,1.0
2014-06-05,103.33,103.64,102.97,103.62,65.83405673698459,2514900,0.0000,1.0
2014-06-06,103.74,103.85,103.43,103.59,65.81499650052339,2103700,0.0000,1.0
2014-06-09,103.4,104.0299,103.34,103.49,65.75146237898605,3199000,0.0000,1.0
2014-06-10,103.15,103.35,102.6,102.91,65.38296447406952,2578100,0.0000,1.0
2014-06-11,102.58,103.03,102.3,102.5,65.12247457576646,2106000,0.0000,1.0
2014-06-12,102.44,102.53,100.84,100.89,64.09957521901539,3116800,0.0000,1.0
2014-06-13,100.99,101.51,100.802,101.03,64.18852298916767,1942300,0.0000,1.0
2014-06-16,100.9,101.32,100.53,101.18,64.28382417147367,1918400,0.0000,1.0
2014-06-17,101.01,101.7,100.52,101.61,64.55702089408419,2057800,0.0000,1.0
2014-06-18,102.62,102.98,101.7,102.79,65.30672352822472,4459900,0.0000,1.0
2014-06-19,102.71,102.97,102.14,102.37,65.03988021776793,2159300,0.0000,1.0
2014-06-20,102.42,102.83,102.34,102.5,65.12247457576646,3193900,0.0000,1.0
2014-06-23,102.73,102.88,101.64,102.46,65.09706092715152,1768300,0.0000,1.0
2014-06-24,102.12,102.79,101.71,101.73,64.63326183992899,1685000,0.0000,1.0
2014-06-25,101.68,102.57,101.5101,102.41,65.06529386638286,1575500,0.0000,1.0
2014-06-26,102.29,102.75,101.63,102.64,65.21142234591872,1557900,0.0000,1.0
2014-06-27,102.56,102.9,102.3,102.71,65.25589623099485,2370200,0.0000,1.0
2014-06-30,102.56,102.885,102.13,102.66,65.22412917022619,2069400,0.0000,1.0
2014-07-01,103.4,103.5,102.65,102.85,65.34484400114712,1496700,0.0000,1.0
2014-07-02,102.7,103.56,102.7,103.55,65.78958285190845,2175100,0.0000,1.0
2014-07-03,103.72,103.96,103.55,103.88,65.99924545298165,1269200,0.0000,1.0
2014-07-07,103.94,103.95,102.9544,103.24,65.59262707514272,1700200,0.0000,1.0
2014-07-08,103.12,103.12,102.07,102.9,65.3766110619158,2299300,0.0000,1.0
2014-07-09,103.28,103.3199,102.52,102.98,65.42743835914565,1188800,0.0000,1.0
2014-07-10,102.16,102.45,101.94,102.09,64.8619846774634,1597300,0.0000,1.0
2014-07-11,102.11,102.9,102.05,102.53,65.14153481222766,1559100,0.0000,1.0
2014-07-14,102.9,103.715,102.84,103.45,65.72604873037112,2054900,0.0000,1.0
2014-07-15,103.47,104.37,103.23,104.29,66.25973535128472,2201800,0.0000,1.0
2014-07-16,104.45,105.09,104.25,104.52,66.40586383082058,2309200,0.0000,1.0
2014-07-17,103.98,104.23,102.53,102.65,65.21777575807246,2842600,0.0000,1.0
2014-07-18,102.99,103.82,102.84,103.82,65.96112498005925,1943700,0.0000,1.0
2014-07-21,103.55,104.47,103.4,104.06,66.11360687174886,1766800,0.0000,1.0
2014-07-22,104.27,105.04,104.21,104.48,66.38045018220565,1471600,0.0000,1.0
2014-07-23,104.53,104.79,104.2646,104.34,66.29150241205339,1138300,0.0000,1.0
2014-07-24,104.2,104.555,103.85,104.09,66.13266710821006,1274500,0.0000,1.0
2014-07-25,103.76,104.25,103.44,103.57,65.80228967621592,1192100,0.0000,1.0
2014-07-28,103.41,103.44,102.0,102.66,65.22412917022619,2521000,0.0000,1.0
2014-07-29,99.58,99.75,98.85,98.86,62.80983255180753,8905800,0.0000,1.0
2014-07-30,99.25,99.76,98.19,99.35,63.12114974734046,3948900,0.0000,1.0
2014-07-31,98.42,98.86,97.02,97.09,61.68527860059674,3853400,0.0000,1.0
2014-08-01,96.67,97.39,96.12,97.03,61.64715812767434,3345700,0.0000,1.0
2014-08-04,97.25,97.61,96.4,97.18,61.74245930998034,2882900,0.0000,1.0
2014-08-05,96.86,97.497,96.13,96.51,61.31678069568021,2973200,0.0000,1.0
2014-08-06,95.91,96.0,95.23,95.73,60.82121454768901,4037300,0.0000,1.0
2014-08-07,95.81,96.4,94.92,95.05,60.389182521235135,3779000,0.0000,1.0
2014-08-08,95.35,96.05,94.87,95.94,60.9546362029174,3450800,0.0000,1.0
2014-08-11,96.41,96.57,95.99,96.07,61.03723056091593,2971100,0.0000,1.0
2014-08-12,96.07,96.74,95.99,96.41,61.25324657414287,2356800,0.0000,1.0
2014-08-13,96.55,97.05,96.4,96.62,61.386668229371274,2930400,0.0000,1.0
2014-08-14,96.28,96.31,95.72,96.07,61.46290917521607,2277700,0.6700,1.0
2014-08-15,96.76,97.03,96.06,96.85,61.961931441861935,4873500,0.0000,1.0
2014-08-18,97.3,97.79,97.17,97.62,62.45455598714056,2913200,0.0000,1.0
2014-08-19,98.08,98.48,97.75,97.97,62.67847623499447,2640100,0.0000,1.0
2014-08-20,98.14,99.0799,98.14,98.8,63.20948710847661,2629700,0.0000,1.0
2014-08-21,98.86,99.16,98.3,98.41,62.959975975153675,2411400,0.0000,1.0
2014-08-22,98.31,98.49,97.53,97.77,62.550521807649375,2569600,0.0000,1.0
2014-08-25,98.28,98.31,97.721,97.9,62.63369218542369,1785500,0.0000,1.0
2014-08-26,97.92,97.97,97.38,97.42,62.32660155979546,1957000,0.0000,1.0
2014-08-27,97.39,97.7,96.99,97.38,62.301010674326434,2690800,0.0000,1.0
2014-08-28,96.99,97.53,96.94,97.44,62.33939700252997,1946200,0.0000,1.0
2014-08-29,97.76,97.93,97.11,97.33,62.26902206749016,2339100,0.0000,1.0
2014-09-02,97.63,98.29,97.5,97.95,62.66568079225996,3278100,0.0000,1.0
2014-09-03,98.08,98.48,97.75,97.97,62.67847623499447,1967100,0.0000,1.0
2014-09-04,97.96,99.0725,97.93,98.47,62.998362303357204,3352700,0.0000,1.0
2014-09-05,98.45,98.91,98.06,98.86,63.24787343668014,2155100,0.0000,1.0
2014-09-08,98.67,98.95,98.14,98.42,62.96637369652093,2159300,0.0000,1.0
2014-09-09,98.27,98.34,97.5,97.71,62.512135479445845,2617400,0.0000,1.0
2014-09-10,97.56,97.8,97.25,97.62,62.45455598714056,1772500,0.0000,1.0
2014-09-11,96.9,98.29,96.9,97.94,62.659283070892705,2088800,0.0000,1.0
2014-09-12,98.1,98.41,97.79,98.05,62.72965800593251,2650900,0.0000,1.0
2014-09-15,98.03,98.03,97.15,97.62,62.45455598714056,2296200,0.0000,1.0
2014-09-16,98.09,98.41,97.4,97.96,62.67207851362721,2789700,0.0000,1.0
2014-09-17,98.76,99.88,98.65,99.39,63.58695266914464,3795600,0.0000,1.0
2014-09-18,99.58,99.98,99.48,99.63,63.74049798195875,2337700,0.0000,1.0
2014-09-19,100.04,100.39,99.44,99.44,63.61894127598091,3901600,0.0000,1.0
2014-09-22,99.16,99.25,98.0,98.14,62.7872374982378,2943263,0.0000,1.0
2014-09-23,98.03,98.43,97.25,97.32,62.262624346122905,3455488,0.0000,1.0
2014-09-24,97.16,98.21,97.14,98.08,62.74885117003427,2862870,0.0000,1.0
2014-09-25,97.96,97.96,96.51,96.53,61.75720435810979,3068514,0.0000,1.0
2014-09-26,96.92,97.66,96.53,97.48,62.36498788799899,2418407,0.0000,1.0
2014-09-29,96.74,97.39,96.54,97.34,62.27541978885743,2541837,0.0000,1.0
2014-09-30,97.33,98.96,97.25,98.29,62.883203318746624,4283600,0.0000,1.0
2014-10-01,98.44,98.48,96.75,96.92,62.00671549143272,3485895,0.0000,1.0
2014-10-02,97.03,97.38,96.18,97.14,62.147465361512324,3549832,0.0000,1.0
2014-10-03,97.68,99.075,97.58,98.79,63.20308938710936,3285165,0.0000,1.0
2014-10-06,99.27,99.92,98.41,98.56,63.0559417956625,2497883,0.0000,1.0
2014-10-07,97.97,97.97,96.41,96.43,61.693227144437245,2962979,0.0000,1.0
2014-10-08,96.73,98.2,96.05,98.14,62.7872374982378,3253582,0.0000,1.0
2014-10-09,98.24,98.24,96.37,96.53,61.75720435810979,3100257,0.0000,1.0
2014-10-10,96.45,97.22,95.61,95.78,61.27737525556569,3595891,0.0000,1.0
2014-10-13,95.86,96.57,94.62,94.67,60.56722818380042,3096356,0.0000,1.0
2014-10-14,95.45,96.56,95.06,95.8,61.290170698300194,3283381,0.0000,1.0
2014-10-15,95.01,96.83,94.05,96.45,61.70602258717175,4864026,0.0000,1.0
2014-10-16,95.35,96.68,95.02,95.63,61.181409435056864,5222629,0.0000,1.0
2014-10-17,96.4,97.54,96.21,97.26,62.22423801791939,3617932,0.0000,1.0
2014-10-20,96.87,98.08,96.87,98.08,62.74885117003427,3014811,0.0000,1.0
2014-10-21,98.89,100.91,98.69,100.75,64.45704277509128,3629836,0.0000,1.0
2014-10-22,100.73,100.75,99.01,99.06,63.37582786402523,3564992,0.0000,1.0
2014-10-23,100.03,101.24,100.03,100.48,64.2843042981754,4168072,0.0000,1.0
2014-10-24,102.95,103.24,100.4,100.59,64.35467923321521,4249655,0.0000,1.0
2014-10-27,100.53,102.39,100.22,102.25,65.41670098017948,4172867,0.0000,1.0
2014-10-28,102.5,103.01,102.306,102.9,65.83255286905104,3530498,0.0000,1.0
2014-10-29,102.93,103.45,101.51,102.62,65.65341667076791,2729479,0.0000,1.0
2014-10-30,102.01,103.79,101.91,103.29,66.08206400237398,3020042,0.0000,1.0
2014-10-31,104.6,105.84,104.56,104.91,67.11849486386924,5473451,0.0000,1.0
2014-11-03,104.91,105.72,104.66,105.64,67.58552852367883,3592388,0.0000,1.0
2014-11-04,105.73,108.0,105.72,107.08,68.50680040056352,4777346,0.0000,1.0
2014-11-05,107.94,108.07,106.82,107.54,68.80109558345724,3124024,0.0000,1.0
2014-11-06,107.78,108.385,107.33,108.29,69.28092468600134,2990352,0.0000,1.0
2014-11-07,108.5,108.6,107.77,108.33,69.30651557147036,3172265,0.0000,1.0
2014-11-10,108.33,109.3,107.93,109.05,69.7671515099127,3635649,0.0000,1.0
2014-11-11,109.24,109.4,108.38,108.76,69.58161759026231,2746917,0.0000,1.0
2014-11-12,108.44,108.74,107.76,108.62,69.49204949112075,3568798,0.0000,1.0
2014-11-13,108.61,108.8499,106.18,107.79,69.38968594924467,5920577,0.6700,1.0
2014-11-14,107.93,107.98,106.48,106.83,68.77168707633183,4476085,0.0000,1.0
2014-11-17,106.75,106.9797,106.24,106.47,68.53993749898952,2918355,0.0000,1.0
2014-11-18,106.82,106.91,105.97,106.03,68.25668801557113,3360696,0.0000,1.0
2014-11-19,105.83,106.179,105.38,105.64,68.0056259734503,3621428,0.0000,1.0
2014-11-20,105.34,107.34,105.16,106.71,68.69443721721773,6990073,0.0000,1.0
2014-11-21,107.61,108.55,107.17,107.35,69.10643646582628,3806100,0.0000,1.0
2014-11-24,107.65,107.98,107.24,107.26,69.04849907149071,2688991,0.0000,1.0
2014-11-25,107.23,107.68,106.96,107.12,68.95837423585759,2735914,0.0000,1.0
2014-11-26,107.13,107.39,106.72,106.98,68.86824940022446,1784075,0.0000,1.0
2014-11-28,109.2,111.09,108.8,109.92,70.76087094852004,3988786,0.0000,1.0
2014-12-01,110.3,111.32,109.06,109.79,70.67718360114642,4819011,0.0000,1.0
2014-12-02,110.33,111.16,110.04,110.41,71.07630787323595,3354027,0.0000,1.0
2014-12-03,110.78,111.22,110.31,110.9,71.39174479795189,3430889,0.0000,1.0
2014-12-04,110.78,110.78,109.7,110.43,71.08918284975498,2406057,0.0000,1.0
2014-12-05,110.63,111.25,110.37,110.98,71.44324470402796,1912640,0.0000,1.0
2014-12-08,111.1,111.1,110.01,110.21,70.94755810804578,3086417,0.0000,1.0
2014-12-09,109.27,110.09,108.615,110.03,70.83168331937462,2958502,0.0000,1.0
2014-12-10,110.19,111.24,109.35,110.06,70.85099578415316,4480671,0.0000,1.0
2014-12-11,110.44,111.57,110.13,110.63,71.21793261494514,3574812,0.0000,1.0
2014-12-12,110.35,111.22,109.95,110.0,70.8123708545961,4214467,0.0000,1.0
2014-12-15,110.17,111.5,110.06,110.75,71.29518247405926,4278751,0.0000,1.0
2014-12-16,110.27,111.4,109.83,109.83,70.70293355418445,4885146,0.0000,1.0
2014-12-17,108.82,109.0,106.47,108.55,69.87893505696734,6502216,0.0000,1.0
2014-12-18,109.73,111.1,109.31,110.93,71.41105726273041,3765967,0.0000,1.0
2014-12-19,110.8,111.99,110.37,110.96,71.43036972750893,5581108,0.0000,1.0
2014-12-22,111.37,112.0,111.01,112.0,72.09986850649784,2357126,0.0000,1.0
2014-12-23,112.09,113.1,112.09,112.45,72.38955547817574,2667380,0.0000,1.0
2014-12-24,112.82,113.074,112.41,112.41,72.3638055251377,1283515,0.0000,1.0
2014-12-26,112.44,112.58,111.8,111.93,72.05480608868129,1289675,0.0000,1.0
2014-12-29,111.78,112.658,111.48,112.45,72.38955547817574,1761738,0.0000,1.0
2014-12-30,112.3,112.91,111.74,112.14,72.18999334213098,2346055,0.0000,1.0
2014-12-31,112.45,112.7,111.07,111.17,71.56555698095862,1393996,0.0000,1.0
2015-01-02,111.27,111.65,109.4001,110.38,71.05699540845742,2667776,0.0000,1.0
2015-01-05,109.99,109.99,107.962,108.17,69.63431050310601,3522224,0.0000,1.0
2015-01-06,108.165,108.87,106.52,107.46,69.17724883668087,3814476,0.0000,1.0
2015-01-07,108.26,108.77,107.59,108.46,69.82099766263175,1949456,0.0000,1.0
2015-01-08,109.29,110.63,109.29,110.41,71.07630787323595,2879051,0.0000,1.0
2015-01-09,110.43,110.65,109.12,109.6,70.55487132421574,2052604,0.0000,1.0
2015-01-12,109.92,110.6,109.1,109.64,70.58062127725378,2198079,0.0000,1.0
2015-01-13,110.49,111.87,109.43,110.11,70.8831832254507,3236301,0.0000,1.0
2015-01-14,109.02,109.68,108.44,109.37,70.40680909424705,2980953,0.0000,1.0
2015-01-15,109.85,110.36,109.04,109.29,70.35530918817098,2847254,0.0000,1.0
2015-01-16,109.3,110.34,108.46,110.3,71.00549550238136,4495225,0.0000,1.0
2015-01-20,110.87,111.62,109.84,111.31,71.65568181659174,4124760,0.0000,1.0
2015-01-21,111.12,112.3211,110.7866,111.68,71.89386888219357,2144530,0.0000,1.0
2015-01-22,112.46,114.4,111.9,114.25,73.54830336488732,3008089,0.0000,1.0
2015-01-23,103.7,104.98,102.7,102.93,66.26106665512343,19273857,0.0000,1.0
2015-01-26,101.7,102.5,99.6,102.35,65.88769233607191,10903286,0.0000,1.0
2015-01-27,100.56,101.94,100.56,100.85,64.9220690971456,4766337,0.0000,1.0
2015-01-28,101.16,101.91,99.2,99.3,63.92425841692175,5481074,0.0000,1.0
2015-01-29,99.26,100.7,98.29,100.42,64.64525710198673,4647503,0.0000,1.0
2015-01-30,99.54,101.27,98.81,98.84,63.62813395698435,5916139,0.0000,1.0
2015-02-02,99.0,100.26,98.34,100.13,64.45856994246097,3810066,0.0000,1.0
2015-02-03,100.89,101.64,99.24,100.57,64.74181942587936,5581588,0.0000,1.0
2015-02-04,100.07,101.26,99.84,100.53,64.71606947284133,4278586,0.0000,1.0
2015-02-05,100.99,102.24,100.7,101.46,65.31475588097564,4026552,0.0000,1.0
2015-02-06,101.13,101.56,100.32,100.67,64.80619430847445,2965365,0.0000,1.0
2015-02-09,100.32,100.98,99.87,100.46,64.67100705502476,2624916,0.0000,1.0
2015-02-10,100.84,101.31,100.15,101.08,65.07013132711431,2750899,0.0000,1.0
2015-02-11,101.1,101.77,100.52,100.91,64.96069402670265,2826908,0.0000,1.0
2015-02-12,100.87,101.68,100.56,101.41,65.28256843967809,2981572,0.0000,1.0
2015-02-13,101.17,101.97,101.1,101.79,65.52719299353943,2105960,0.0000,1.0
2015-02-17,101.9,102.82,101.6601,102.51,65.99069214822406,3813755,0.0000,1.0
2015-02-18,102.74,102.8,102.05,102.62,66.06150451907865,2347382,0.0000,1.0
2015-02-19,102.06,102.46,101.64,101.7,65.93919224214798,2435212,0.7300,1.0
2015-02-20,101.49,102.05,100.95,101.96,66.1077683481751,3412150,0.0000,1.0
2015-02-23,102.09,102.09,101.45,101.77,65.98457811684759,1728127,0.0000,1.0
2015-02-24,101.75,102.42,101.64,102.32,66.34118141805881,2715872,0.0000,1.0
2015-02-25,102.45,102.58,101.75,101.96,66.1077683481751,2215097,0.0000,1.0
2015-02-26,101.68,102.18,101.5,101.86,66.04293138431852,2126174,0.0000,1.0
2015-02-27,101.81,102.44,101.7,101.73,65.95864333130496,2130919,0.0000,1.0
2015-03-02,101.67,102.37,101.48,101.93,66.08831725901814,2315620,0.0000,1.0
2015-03-03,101.38,101.91,101.19,101.5,65.80951831443481,2767518,0.0000,1.0
2015-03-04,101.0,101.35,100.3,100.42,65.10927910478368,4508483,0.0000,1.0
2015-03-05,100.67,100.95,100.32,100.72,65.30378999635344,2589349,0.0000,1.0
2015-03-06,100.38,101.22,100.17,100.62,65.23895303249685,3008472,0.0000,1.0
2015-03-09,100.78,101.46,100.5,100.55,65.19356715779725,3602031,0.0000,1.0
2015-03-10,100.0,100.42,99.46,99.47,64.49332794814612,3579615,0.0000,1.0
2015-03-11,99.51,99.93,98.7,98.72,64.00705071922172,3079263,0.0000,1.0
2015-03-12,99.26,99.75,99.072,99.67,64.62300187585929,1951681,0.0000,1.0
2015-03-13,99.46,99.73,97.85,98.53,63.88386048789421,3449229,0.0000,1.0
2015-03-16,98.71,100.4,98.615,100.26,65.00553996261314,2714182,0.0000,1.0
2015-03-17,99.77,100.2,99.56,99.6,64.57761600115967,1987332,0.0000,1.0
2015-03-18,98.91,100.57,98.4,100.26,65.00553996261314,3015952,0.0000,1.0
2015-03-19,100.09,100.59,99.88,99.91,64.77861058911509,2128411,0.0000,1.0
2015-03-20,100.29,100.685,99.96,100.25,64.99905626622748,4137390,0.0000,1.0
2015-03-23,100.17,100.47,99.88,99.88,64.75915949995812,2671307,0.0000,1.0
2015-03-24,99.74,100.08,99.1,99.26,64.35717032404729,2652916,0.0000,1.0
2015-03-25,99.35,99.53,97.39,97.46,63.19010497462873,3483476,0.0000,1.0
2015-03-26,97.17,97.19,96.4,96.64,62.65844187100473,3278693,0.0000,1.0
2015-03-27,96.74,96.88,96.32,96.59,62.626023389076444,2506782,0.0000,1.0
2015-03-30,97.08,97.72,96.9601,97.27,63.06691474330122,2487950,0.0000,1.0
2015-03-31,97.09,97.51,96.78,96.94,62.85295276257449,2718061,0.0000,1.0
2015-04-01,96.49,97.01,95.67,96.54,62.59360490714815,3394677,0.0000,1.0
2015-04-02,97.0,97.0,96.23,96.47,62.548219032448536,3010643,0.0000,1.0
2015-04-06,96.0,97.11,95.82,96.84,62.788115798717904,2513560,0.0000,1.0
2015-04-07,97.3,97.9,96.56,96.68,62.68437665654737,2516279,0.0000,1.0
2015-04-08,96.65,96.76,96.02,96.67,62.67789296016171,2991975,0.0000,1.0
2015-04-09,96.42,96.956,95.92,96.7,62.69734404931869,3378396,0.0000,1.0
2015-04-10,96.8,97.12,96.42,96.79,62.755697316789615,3173803,0.0000,1.0
2015-04-13,96.48,97.14,96.13,96.15,62.340740748107464,3192022,0.0000,1.0
2015-04-14,96.1,96.7988,95.8,96.55,62.600088603533806,3222112,0.0000,1.0
2015-04-15,96.66,96.92,96.2,96.62,62.64547447823342,2705124,0.0000,1.0
2015-04-16,96.29,96.74,96.08,96.14,62.3342570517218,2520759,0.0000,1.0
2015-04-17,95.51,95.86,94.88,95.38,61.84149612641175,3699233,0.0000,1.0
2015-04-20,95.81,98.03,95.81,97.46,63.19010497462873,5021397,0.0000,1.0
2015-04-21,97.63,97.98,97.16,97.61,63.28736042041361,3277565,0.0000,1.0
2015-04-22,97.61,98.27,97.1253,98.14,63.63099632885352,2905160,0.0000,1.0
2015-04-23,97.56,98.6,97.5,98.22,63.68286589993879,2420492,0.0000,1.0
2015-04-24,98.49,98.51,97.75,98.1,63.60506154331088,2252974,0.0000,1.0
2015-04-27,98.04,98.36,97.244,97.43,63.170653885471765,3904977,0.0000,1.0
2015-04-28,99.195,101.77,98.708,100.77,65.33620847828173,8282746,0.0000,1.0
2015-04-29,101.41,101.98,100.8,101.25,65.64742590479335,5454269,0.0000,1.0
2015-04-30,100.94,101.3,100.0815,100.53,65.18059976502593,4045477,0.0000,1.0
2015-05-01,100.95,101.42,100.29,101.38,65.7317139578069,2846096,0.0000,1.0
2015-05-04,101.32,101.96,101.13,101.43,65.7641324397352,2993699,0.0000,1.0
2015-05-05,101.01,101.34,99.92,100.11,64.90828451682826,2845239,0.0000,1.0
2015-05-06,100.4,100.66,98.58,99.22,64.33123553850464,3403222,0.0000,1.0
2015-05-07,99.3,100.23,99.28,99.64,64.60355078670231,3151740,0.0000,1.0
2015-05-08,100.42,101.35,100.27,100.36,65.07037692646973,2964386,0.0000,1.0
2015-05-11,100.36,100.87,100.23,100.53,65.18059976502593,4080377,0.0000,1.0
2015-05-12,100.23,100.37,99.68,99.97,64.81751276742905,2438438,0.0000,1.0
2015-05-13,99.63,100.14,99.16,99.43,64.46739316260349,3205110,0.0000,1.0
2015-05-14,99.41,101.32,99.4,100.67,65.74468135057823,5966208,0.7300,1.0
2015-05-15,102.03,102.57,101.6798,102.13,66.69816535546393,5347569,0.0000,1.0
2015-05-18,101.75,102.24,101.33,101.91,66.55448968349485,2769266,0.0000,1.0
2015-05-19,102.15,102.84,101.7,102.08,66.66551179365278,3198430,0.0000,1.0
2015-05-20,102.2,102.5,101.64,101.96,66.58714324530601,2627577,0.0000,1.0
2015-05-21,101.92,102.45,101.62,102.05,66.6459196565661,2159577,0.0000,1.0
2015-05-22,102.27,102.27,101.18,101.43,66.24101549010778,2201194,0.0000,1.0
2015-05-26,101.4,101.42,100.19,100.52,65.64672066514477,2364940,0.0000,1.0
2015-05-27,100.52,101.135,99.98,100.92,65.907949159634,2068626,0.0000,1.0
2015-05-28,100.6,100.93,99.76,99.87,65.22222436159976,2722122,0.0000,1.0
2015-05-29,99.75,99.76,98.78,99.22,64.79772805805476,4231465,0.0000,1.0
2015-06-01,99.77,100.12,98.89,99.48,64.96752657947276,2857598,0.0000,1.0
2015-06-02,98.94,100.0,98.5708,99.43,64.9348730176616,2324945,0.0000,1.0
2015-06-03,99.85,101.4,99.5,100.6,65.6989663640426,3611551,0.0000,1.0
2015-06-04,100.05,100.68,99.9,100.1,65.37243074593107,3125771,0.0000,1.0
2015-06-05,100.15,100.7,99.77,100.51,65.64018995278253,2692147,0.0000,1.0
2015-06-08,100.52,100.575,99.21,99.27,64.8303816198659,2819935,0.0000,1.0
2015-06-09,99.16,100.185,99.02,99.62,65.05895655254399,2348343,0.0000,1.0
2015-06-10,99.94,100.82,99.6,100.46,65.60753639097138,2682378,0.0000,1.0
2015-06-11,100.81,101.1638,100.46,101.0,65.96019485853185,1899038,0.0000,1.0
2015-06-12,100.49,100.97,99.69,100.06,65.34630789648214,2420432,0.0000,1.0
2015-06-15,99.62,100.165,99.0,99.96,65.28100077285983,2152474,0.0000,1.0
2015-06-16,99.93,100.47,98.82,100.35,65.53569855498684,3062387,0.0000,1.0
2015-06-17,99.91,100.7,99.5,100.42,65.58141354152247,2846593,0.0000,1.0
2015-06-18,100.49,101.68,100.49,101.4,66.22142335302108,2949384,0.0000,1.0
2015-06-19,101.08,101.36,100.46,100.84,65.85570346073615,3600372,0.0000,1.0
2015-06-22,101.16,101.68,101.03,101.39,66.21489264065886,3235799,0.0000,1.0
2015-06-23,101.29,101.68,100.59,100.75,65.79692704947608,1493261,0.0000,1.0
2015-06-24,100.7,100.8,99.01,99.39,64.90875016821268,2565024,0.0000,1.0
2015-06-25,99.37,99.76,98.86,98.94,64.61486811191229,2223834,0.0000,1.0
2015-06-26,99.43,99.71,98.94,99.35,64.88262731876375,2782484,0.0000,1.0
2015-06-29,98.71,99.0,97.24,97.31,63.55036199686866,3507278,0.0000,1.0
2015-06-30,98.26,98.26,96.81,96.91,63.28913350237942,3059429,0.0000,1.0
2015-07-01,97.52,97.94,96.52,96.94,63.30872563946611,2893346,0.0000,1.0
2015-07-02,97.22,97.36,96.8,97.2,63.47852416088412,1836026,0.0000,1.0
2015-07-06,96.58,97.42,96.15,96.66,63.12586569332365,2721039,0.0000,1.0
2015-07-07,96.96,97.525,96.1,97.5,63.67444553175104,3755902,0.0000,1.0
2015-07-08,96.82,96.91,95.28,95.49,62.36177234694263,2782285,0.0000,1.0
2015-07-09,96.58,96.82,95.72,95.75,62.53157086836064,2042067,0.0000,1.0
2015-07-10,97.01,97.32,96.63,96.96,63.32178706419057,1951350,0.0000,1.0
2015-07-13,97.62,97.94,97.06,97.76,63.84424405316905,2489864,0.0000,1.0
2015-07-14,97.9,98.105,97.27,97.87,63.91608188915359,2420109,0.0000,1.0
2015-07-15,97.91,97.96,96.9884,97.18,63.46546273615966,2092903,0.0000,1.0
2015-07-16,97.87,97.98,97.365,97.48,63.661384107026585,1548410,0.0000,1.0
2015-07-17,97.17,98.12,97.06,97.6,63.739752655373344,2653370,0.0000,1.0
2015-07-20,97.6,97.87,97.3,97.59,63.733221943011124,1776977,0.0000,1.0
2015-07-21,97.63,98.64,97.57,97.96,63.97485830041366,2178853,0.0000,1.0
2015-07-22,98.43,98.63,96.83,97.23,63.49811629797081,2691046,0.0000,1.0
2015-07-23,97.645,97.645,95.82,96.11,62.76667651340095,1940406,0.0000,1.0
2015-07-24,96.07,96.07,94.52,94.75,61.878499632137554,2959699,0.0000,1.0
2015-07-27,94.5,95.23,94.15,95.12,62.120135989540096,3628320,0.0000,1.0
2015-07-28,97.89,100.47,97.83,99.94,65.26793934813537,7592874,0.0000,1.0
2015-07-29,100.36,101.95,100.21,100.89,65.88835702254731,5563680,0.0000,1.0
2015-07-30,100.4,101.54,100.27,101.4,66.22142335302108,2871038,0.0000,1.0
2015-07-31,101.91,102.76,101.57,102.36,66.84837173979524,4222882,0.0000,1.0
2015-08-03,102.49,103.15,101.9001,102.75,67.10306952192225,2756871,0.0000,1.0
2015-08-04,102.92,103.12,102.23,102.64,67.03123168593771,2431470,0.0000,1.0
2015-08-05,103.05,104.065,102.94,102.94,67.22715305680464,3184667,0.0000,1.0
2015-08-06,103.12,103.22,102.2,102.43,66.89408672633087,2042517,0.0000,1.0
2015-08-07,102.33,102.4,101.5,102.14,66.70469606782616,2982862,0.0000,1.0
2015-08-10,102.77,103.48,102.77,103.43,67.54715796255395,2689705,0.0000,1.0
2015-08-11,102.63,103.47,102.53,102.99,67.25980661861578,3465171,0.0000,1.0
2015-08-12,102.56,103.12,101.55,102.82,67.14878450845787,3868595,0.0000,1.0
2015-08-13,101.95,102.39,101.502,101.84,66.9855166994021,1829867,0.7300,1.0
2015-08-14,101.74,102.7625,101.38,102.73,67.5709164427492,2279019,0.0000,1.0
2015-08-17,102.24,102.92,101.54,102.9,67.68273437125369,2181724,0.0000,1.0
2015-08-18,102.98,102.98,102.34,102.76,67.59064901836763,2081855,0.0000,1.0
2015-08-19,102.36,103.0,101.703,102.31,67.294660384091,2119944,0.0000,1.0
2015-08-20,101.38,101.96,101.05,101.05,66.46589220811647,3779364,0.0000,1.0
2015-08-21,100.16,100.88,98.72,99.14,65.20958489374237,6566502,0.0000,1.0
2015-08-24,94.72,97.45,94.0,95.51,62.82194324391098,7929357,0.0000,1.0
2015-08-25,97.55,97.91,94.41,94.46,62.13130309726553,6020936,0.0000,1.0
2015-08-26,95.61,96.77,93.64,96.63,63.55862606699945,5875937,0.0000,1.0
2015-08-27,97.67,99.24,97.4,99.15,65.21616241894853,4739701,0.0000,1.0
2015-08-28,98.63,99.09,97.89,98.64,64.88070863343502,2778435,0.0000,1.0
2015-08-31,98.03,98.3,97.5,97.65,64.22953363802647,2892080,0.0000,1.0
2015-09-01,96.04,96.76,94.8,95.2,62.61803996252042,5167828,0.0000,1.0
2015-09-02,96.24,96.73,95.18,96.71,63.61124626864863,3578934,0.0000,1.0
2015-09-03,97.19,97.4499,96.42,96.77,63.65071141988551,3320190,0.0000,1.0
2015-09-04,95.19,95.91,94.65,95.3,62.683815214581884,3333986,0.0000,1.0
2015-09-08,96.83,97.98,96.34,97.93,64.41370434379859,2857844,0.0000,1.0
2015-09-09,98.65,98.8596,96.89,97.05,63.83488212565763,2773241,0.0000,1.0
2015-09-10,97.05,97.54,96.48,96.82,63.683599045916246,2928235,0.0000,1.0
2015-09-11,96.47,97.19,96.19,97.18,63.92038995333755,2129031,0.0000,1.0
2015-09-14,97.26,97.39,96.5201,97.01,63.80857202483305,1788059,0.0000,1.0
2015-09-15,97.9,100.8,97.66,100.52,66.11728337219067,5206745,0.0000,1.0
2015-09-16,99.95,100.305,98.95,100.08,65.8278722631202,3237195,0.0000,1.0
2015-09-17,100.37,101.79,99.86,100.62,66.18305862425215,3879744,0.0000,1.0
2015-09-18,99.91,99.945,98.08,98.32,64.67022782683831,5127485,0.0000,1.0
2015-09-21,98.49,99.72,98.2401,99.65,65.54503867925588,3044691,0.0000,1.0
2015-09-22,98.49,99.28,98.05,98.51,64.79520080575512,3606801,0.0000,1.0
2015-09-23,98.35,98.49,97.57,97.57,64.17691343637728,3395625,0.0000,1.0
2015-09-24,97.19,97.94,96.56,97.5,64.13087075993425,3825981,0.0000,1.0
2015-09-25,98.08,99.525,97.68,98.76,64.95963893590879,3294196,0.0000,1.0
2015-09-28,97.92,98.48,97.19,97.27,63.979587680192864,2483476,0.0000,1.0
2015-09-29,97.24,98.31,96.93,98.14,64.55183237312767,2616022,0.0000,1.0
2015-09-30,98.95,99.3,97.9783,98.69,64.91359625946575,2961732,0.0000,1.0
2015-10-01,99.0,99.11,97.82,98.58,64.84124348219814,3053286,0.0000,1.0
2015-10-02,97.06,99.38,96.96,99.38,65.3674454986899,3554624,0.0000,1.0
2015-10-05,99.75,101.99,99.75,101.53,66.78161341801153,3088138,0.0000,1.0
2015-10-06,101.895,101.94,100.81,101.43,66.71583816595006,2339027,0.0000,1.0
2015-10-07,101.99,102.98,101.44,102.24,67.24861770764798,2925301,0.0000,1.0
2015-10-08,102.21,103.54,102.07,103.38,67.99845558114875,2689630,0.0000,1.0
2015-10-09,103.38,104.18,103.29,103.68,68.19578133733316,2418249,0.0000,1.0
2015-10-12,103.58,104.41,103.35,104.41,68.6759406773819,1792517,0.0000,1.0
2015-10-13,103.65,104.59,103.28,103.3,67.94583537949957,3060824,0.0000,1.0
2015-10-14,103.35,103.635,102.55,102.86,67.6564242704291,2226986,0.0000,1.0
2015-10-15,103.35,103.98,102.92,103.8,68.27471163980692,2847392,0.0000,1.0
2015-10-16,104.06,104.19,103.34,103.95,68.37337451789914,2083209,0.0000,1.0
2015-10-19,103.55,104.32,103.55,104.26,68.57727779928969,2296784,0.0000,1.0
2015-10-20,103.99,104.77,103.85,104.56,68.7746035554741,2248725,0.0000,1.0
2015-10-21,104.82,106.42,104.82,105.26,69.23503031990441,3303963,0.0000,1.0
2015-10-22,105.81,106.62,105.645,106.43,70.00460076902361,3570278,0.0000,1.0
2015-10-23,107.25,107.25,105.47,106.8,70.24796920165106,4060190,0.0000,1.0
2015-10-26,106.94,107.32,105.96,106.18,69.84016263886994,3486809,0.0000,1.0
2015-10-27,102.79,104.56,101.96,103.1,67.81428487537663,5144601,0.0000,1.0
2015-10-28,103.19,103.4,101.77,102.63,67.50514119068771,3542674,0.0000,1.0
2015-10-29,102.77,103.62,102.39,103.47,68.05765330800406,2762477,0.0000,1.0
2015-10-30,103.47,103.77,102.93,103.02,67.76166467372745,3232491,0.0000,1.0
2015-11-02,103.01,104.728,103.0,104.57,68.78118108068024,2648189,0.0000,1.0
2015-11-03,104.28,105.0301,103.725,104.48,68.72198335382492,2785916,0.0000,1.0
2015-11-04,104.64,104.76,103.72,104.0,68.40626214392987,2817365,0.0000,1.0
2015-11-05,104.12,104.65,103.71,104.23,68.55754522367126,2540946,0.0000,1.0
2015-11-06,103.77,105.03,103.37,104.99,69.05743713933843,2877340,0.0000,1.0
2015-11-09,104.5,104.77,103.5,104.01,68.41283966913602,3416811,0.0000,1.0
2015-11-10,103.98,104.92,103.59,104.34,68.62989800093887,2148855,0.0000,1.0
2015-11-11,104.59,105.37,103.95,104.8,68.93246416042163,2587858,0.0000,1.0
2015-11-12,103.49,103.65,102.45,102.6,67.965567955118,3296117,0.7300,1.0
2015-11-13,103.14,103.14,101.43,101.78,67.42237335742603,3114384,0.0000,1.0
2015-11-16,101.71,103.18,101.64,103.14,68.32328147067126,2226512,0.0000,1.0
2015-11-17,103.35,104.24,102.82,103.14,68.32328147067126,2098307,0.0000,1.0
2015-11-18,103.22,103.86,102.6,103.68,68.68099498622452,2141618,0.0000,1.0
2015-11-19,104.0,104.69,103.64,104.1,68.95921660943259,1552740,0.0000,1.0
2015-11-20,104.58,105.0,103.94,104.1,68.95921660943259,2646554,0.0000,1.0
2015-11-23,104.13,104.5899,103.27,103.59,68.62137606696564,2290348,0.0000,1.0
2015-11-24,103.07,103.74,102.67,103.4,68.49551390408578,1557707,0.0000,1.0
2015-11-25,103.36,103.65,103.035,103.49,68.55513282334466,1354734,0.0000,1.0
2015-11-27,103.79,104.41,103.71,104.18,69.01221120432938,954060,0.0000,1.0
2015-11-30,104.05,104.4,103.0,103.01,68.237165253964,3996537,0.0000,1.0
2015-12-01,103.46,104.5,103.15,104.38,69.14469769157131,3424256,0.0000,1.0
2015-12-02,103.73,103.93,103.04,103.3,68.42927066046481,3577053,0.0000,1.0
2015-12-03,103.44,103.73,101.9,102.29,67.76021389989299,3927894,0.0000,1.0
2015-12-04,102.44,103.39,102.21,103.26,68.40277336301642,3560947,0.0000,1.0
2015-12-07,103.0,103.26,101.92,102.45,67.86620308968655,2521496,0.0000,1.0
2015-12-08,101.71,101.99,100.7986,101.16,67.011665246976,3411899,0.0000,1.0
2015-12-09,101.12,101.94,100.09,100.46,66.54796254162919,3118856,0.0000,1.0
2015-12-10,100.55,101.41,100.37,100.45,66.5413382172671,3232666,0.0000,1.0
2015-12-11,98.8,99.0,97.26,97.46,64.56066523300001,5746261,0.0000,1.0
2015-12-14,97.46,97.91,95.82,97.87,64.832262531846,4131501,0.0000,1.0
2015-12-15,98.54,99.57,98.12,98.9,65.51456794114202,3434180,0.0000,1.0
2015-12-16,99.59,100.86,99.18,100.51,66.58108416343968,3480958,0.0000,1.0
2015-12-17,102.4,102.46,99.98,100.0,66.24324362097272,4792140,0.0000,1.0
2015-12-18,98.92,99.085,96.9,98.0,64.91837874855325,7045688,0.0000,1.0
2015-12-21,98.51,98.8,96.34,96.89,64.18307874436046,3311031,0.0000,1.0
2015-12-22,97.55,98.2999,96.61,98.0,64.91837874855325,2458615,0.0000,1.0
2015-12-23,97.48,97.69,96.88,97.24,64.41493009703386,4812249,0.0000,1.0
2015-12-24,96.99,97.71,96.69,97.34,64.48117334065485,1497617,0.0000,1.0
2015-12-28,97.15,97.2668,96.3,97.0,64.25594631234353,2274615,0.0000,1.0
2015-12-29,97.31,97.86,97.16,97.72,64.73289766641453,1688496,0.0000,1.0
2015-12-30,97.5,97.71,97.03,97.09,64.3155652316024,1727348,0.0000,1.0
2015-12-31,96.9,97.06,96.01,96.23,63.74587333646205,2178632,0.0000,1.0
2016-01-04,95.34,95.4,94.06,94.84,62.825092250130524,3730830,0.0000,1.0
2016-01-05,94.84,96.1,94.52,95.78,63.447778740167664,2835064,0.0000,1.0
2016-01-06,94.89,95.54,94.1,94.42,62.546870626922434,2443014,0.0000,1.0
2016-01-07,93.025,93.97,92.27,92.6,61.34124359302073,3790717,0.0000,1.0
2016-01-08,92.84,93.0,91.21,91.39,60.53970034520696,3941066,0.0000,1.0
2016-01-11,91.78,91.94,90.71,91.66,60.71855710298359,3483977,0.0000,1.0
2016-01-12,91.66,93.1,91.66,93.0,61.606216567504624,4435903,0.0000,1.0
2016-01-13,93.32,93.77,90.1,90.61,60.023003044963374,4274528,0.0000,1.0
2016-01-14,90.81,91.885,89.6,91.15,60.38071656051663,4001915,0.0000,1.0
2016-01-15,89.57,90.11,88.42,90.04,59.64541655632384,5459437,0.0000,1.0
2016-01-19,90.84,91.45,89.58,90.35,59.850770611548846,3771983,0.0000,1.0
2016-01-20,89.06,89.4,87.3,88.7,58.7577570918028,4836922,0.0000,1.0
2016-01-21,88.81,90.19,87.92,89.07,59.00285709320039,3467324,0.0000,1.0
2016-01-22,90.27,90.69,89.308,89.9,59.55267601525447,2865982,0.0000,1.0
2016-01-25,89.97,90.26,89.16,89.42,59.2347084458738,2069802,0.0000,1.0
2016-01-26,89.92,91.32,89.88,90.93,60.23498142455049,2307707,0.0000,1.0
2016-01-27,91.01,92.14,90.37,90.87,60.19523547837791,3333584,0.0000,1.0
2016-01-28,90.97,91.61,90.26,91.0,60.28135169508517,2286525,0.0000,1.0
2016-01-29,91.63,93.245,91.63,93.2,61.73870305474657,5220547,0.0000,1.0
2016-02-01,92.04,94.5,92.04,94.08,62.321643598611125,5519685,0.0000,1.0
2016-02-02,95.11,96.0,94.011,94.69,62.72572738469906,7634405,0.0000,1.0
2016-02-03,95.23,95.73,93.97,95.33,63.14968414387329,4857274,0.0000,1.0
2016-02-04,95.33,97.0,95.17,96.25,63.75912198518623,5545581,0.0000,1.0
2016-02-05,95.87,96.68,95.08,95.37,63.17618144132168,4272258,0.0000,1.0
2016-02-08,94.39,97.42,94.32,97.3,64.45467604320645,4543854,0.0000,1.0
2016-02-09,96.35,98.91,96.31,97.53,64.60703550353469,5426516,0.0000,1.0
2016-02-10,97.54,98.0,95.89,96.12,63.67300576847897,3633310,0.0000,1.0
2016-02-11,94.6,95.7,94.22,95.09,62.99070035918295,3896967,0.0000,1.0
2016-02-12,96.25,97.32,95.91,97.25,64.42155442139597,3266665,0.0000,1.0
2016-02-16,97.91,99.02,97.51,98.56,65.28934091283071,3205662,0.0000,1.0
2016-02-17,98.81,99.5,98.275,98.3,65.11710847941617,3003723,0.0000,1.0
2016-02-18,97.82,98.05,97.24,97.46,65.07736253324359,2654699,0.7800,1.0
2016-02-19,97.22,97.49,96.49,97.37,65.017266466878,2312627,0.0000,1.0
2016-02-22,98.28,98.9099,97.92,98.02,65.4512936128518,2574333,0.0000,1.0
2016-02-23,97.11,97.22,96.01,96.97,64.75017283858641,3699689,0.0000,1.0
2016-02-24,96.19,97.03,95.33,96.87,64.68339943151352,2366750,0.0000,1.0
2016-02-25,97.16,97.85,96.48,97.72,65.25097339163312,2146758,0.0000,1.0
2016-02-26,97.97,98.52,97.41,97.44,65.06400785182902,2373258,0.0000,1.0
2016-02-29,97.44,97.71,96.51,96.55,64.46972452888025,3123948,0.0000,1.0
2016-03-01,97.43,98.45,97.03,98.36,65.67832319689965,2666931,0.0000,1.0
2016-03-02,98.09,98.965,98.07,98.77,65.95209416589852,2604781,0.0000,1.0
2016-03-03,98.44,99.77,98.35,99.62,66.51966812601813,2541159,0.0000,1.0
2016-03-04,99.55,101.22,99.51,100.4,67.04050070118672,3789686,0.0000,1.0
2016-03-07,99.96,101.37,99.77,101.3,67.64146136484277,3349663,0.0000,1.0
2016-03-08,100.54,101.64,100.37,100.62,67.18740219674709,2974043,0.0000,1.0
2016-03-09,99.5,100.15,98.89,99.56,66.4796040817744,3442880,0.0000,1.0
2016-03-10,100.06,100.06,98.85,99.87,66.68660164370037,2455331,0.0000,1.0
2016-03-11,100.17,101.1,100.17,100.82,67.32094901089286,2315109,0.0000,1.0
2016-03-14,100.56,101.6,100.48,101.29,67.63478402413548,2097092,0.0000,1.0
2016-03-15,100.97,101.54,100.59,101.42,67.72158945333024,1796337,0.0000,1.0
2016-03-16,101.2,102.1268,100.7,101.67,67.88852297101248,2252185,0.0000,1.0
2016-03-17,103.13,104.38,102.6,103.75,69.2774098381287,4641234,0.0000,1.0
2016-03-18,103.9,105.41,103.83,104.99,70.1054000858326,4963620,0.0000,1.0
2016-03-21,104.62,105.47,104.43,105.15,70.21223753714924,2789590,0.0000,1.0
2016-03-22,104.46,105.32,104.31,104.86,70.01859465663783,2482564,0.0000,1.0
2016-03-23,104.74,105.21,104.56,104.88,70.03194933805241,2210334,0.0000,1.0
2016-03-24,104.33,105.49,104.31,105.43,70.39920307695334,1996967,0.0000,1.0
2016-03-28,105.38,105.57,104.88,105.06,70.15214147078363,1930878,0.0000,1.0
2016-03-29,104.92,106.3,104.62,106.1,70.84658490434173,1988434,0.0000,1.0
2016-03-30,106.36,106.614,105.67,105.73,70.59952329817203,2277798,0.0000,1.0
2016-03-31,105.65,105.9,105.26,105.47,70.4259124397825,3303883,0.0000,1.0
2016-04-01,104.92,105.32,104.41,104.95,70.07869072300345,2764407,0.0000,1.0
2016-04-04,105.04,105.74,104.6537,104.88,70.03194933805241,2796215,0.0000,1.0
2016-04-05,104.4,104.74,103.74,103.92,69.39092463015263,2178745,0.0000,1.0
2016-04-06,104.02,104.83,103.47,104.67,69.89172518319934,2411107,0.0000,1.0
2016-04-07,103.89,104.45,103.41,103.99,69.43766601510364,2107701,0.0000,1.0
2016-04-08,104.48,105.32,104.04,104.31,69.65134091773692,1735137,0.0000,1.0
2016-04-11,104.61,105.31,103.8,103.86,69.35086058590889,1922516,0.0000,1.0
2016-04-12,104.07,105.63,104.0,105.23,70.26565626280755,2555665,0.0000,1.0
2016-04-13,105.57,106.16,105.47,105.54,70.47265382473353,2000822,0.0000,1.0
2016-04-14,105.62,105.98,104.8,105.08,70.1654961521982,2092045,0.0000,1.0
2016-04-15,105.28,105.98,105.13,105.54,70.47265382473353,2668409,0.0000,1.0
2016-04-18,105.51,106.26,105.08,106.18,70.90000363000006,1332376,0.0000,1.0
2016-04-19,106.26,107.01,106.17,106.84,71.34070811668116,2032231,0.0000,1.0
2016-04-20,106.95,107.21,106.14,106.17,70.89332628929276,1952815,0.0000,1.0
2016-04-21,105.8,106.07,104.93,104.99,70.1054000858326,2187337,0.0000,1.0
2016-04-22,105.4,106.0,105.19,105.52,70.45929914331894,2166413,0.0000,1.0
2016-04-25,105.09,105.31,104.42,105.07,70.1588188114909,1732112,0.0000,1.0
2016-04-26,105.33,106.345,105.31,106.23,70.93339033353651,2216726,0.0000,1.0
2016-04-27,106.28,106.83,105.45,106.46,71.08696916980415,2871928,0.0000,1.0
2016-04-28,105.1,106.535,104.06,104.91,70.05198136017428,4209746,0.0000,1.0
2016-04-29,104.63,105.44,104.37,105.07,70.1588188114909,2516720,0.0000,1.0
2016-05-02,105.32,105.6,104.58,104.76,69.95182124956494,2905269,0.0000,1.0
2016-05-03,104.18,104.58,103.16,104.38,69.69808230268794,2171935,0.0000,1.0
2016-05-04,103.64,104.0,103.0,103.11,68.85006003286217,2524760,0.0000,1.0
2016-05-05,103.3,103.43,101.99,102.14,68.20235798425509,3945391,0.0000,1.0
2016-05-06,102.38,102.66,100.64,102.11,68.18232596213322,3658487,0.0000,1.0
2016-05-09,102.28,102.875,102.0,102.69,68.56961172315602,2476169,0.0000,1.0
2016-05-10,102.69,103.67,102.69,103.65,69.2106364310558,2346302,0.0000,1.0
2016-05-11,103.83,104.07,102.45,102.45,68.40935554618106,2646487,0.0000,1.0
2016-05-12,102.12,102.37,100.72,101.79,68.48948363466855,3391744,0.7800,1.0
2016-05-13,101.67,102.15,100.13,100.66,67.72916222286801,2838503,0.0000,1.0
2016-05-16,100.82,101.95,100.68,101.65,68.39528452170211,2113881,0.0000,1.0
2016-05-17,101.58,102.35,100.72,101.09,68.01848806983637,2465067,0.0000,1.0
2016-05-18,100.84,101.83,100.05,101.3,68.15978673928602,3444553,0.0000,1.0
2016-05-19,100.75,101.86,100.46,101.29,68.15305823121699,2475695,0.0000,1.0
2016-05-20,101.63,102.4,101.34,101.51,68.30108540873567,2916957,0.0000,1.0
2016-05-23,101.78,101.8,101.01,101.09,68.01848806983637,2562515,0.0000,1.0
2016-05-24,101.5,102.35,101.48,101.98,68.61732528798014,2444628,0.0000,1.0
2016-05-25,102.15,102.67,102.15,102.3,68.83263754618913,1650476,0.0000,1.0
2016-05-26,102.55,102.8,102.2,102.45,68.9335651672246,1835510,0.0000,1.0
2016-05-27,102.81,103.32,102.61,102.98,69.29017609488326,1987747,0.0000,1.0
2016-05-31,103.38,103.62,102.84,103.09,69.3641896836426,3200055,0.0000,1.0
2016-06-01,103.08,103.1,102.33,102.89,69.22961952226197,1765352,0.0000,1.0
2016-06-02,102.74,103.2,102.69,103.05,69.33727565136647,2229427,0.0000,1.0
2016-06-03,102.62,103.25,101.95,103.12,69.3843752078497,2001862,0.0000,1.0
2016-06-06,103.0,103.92,102.81,103.11,69.37764669978066,2172321,0.0000,1.0
2016-06-07,103.25,104.47,103.11,103.87,69.88901331302704,1920966,0.0000,1.0
2016-06-08,103.9,104.95,103.81,104.69,70.44075097468759,1908445,0.0000,1.0
2016-06-09,104.18,105.1,104.11,104.97,70.62914920062046,1611506,0.0000,1.0
2016-06-10,104.33,104.54,103.82,104.52,70.32636633751406,2640818,0.0000,1.0
2016-06-13,104.45,104.74,103.61,103.64,69.73425762743932,2593654,0.0000,1.0
2016-06-14,103.64,104.03,103.09,103.73,69.7948142000606,1916653,0.0000,1.0
2016-06-15,104.14,104.67,103.86,103.89,69.9024703291651,2829341,0.0000,1.0
2016-06-16,103.45,104.34,102.91,104.21,70.1177825873741,2653042,0.0000,1.0
2016-06-17,104.25,105.06,104.1,105.02,70.66279174096562,3417228,0.0000,1.0
2016-06-20,105.32,106.7025,105.31,106.1,71.38947061242098,3223846,0.0000,1.0
2016-06-21,106.33,106.95,105.93,106.67,71.77299557235577,3687962,0.0000,1.0
2016-06-22,106.53,106.77,105.47,105.95,71.28854299138553,3589720,0.0000,1.0
2016-06-23,106.77,107.58,106.64,107.22,72.14306351615248,3040532,0.0000,1.0
2016-06-24,104.62,105.57,103.79,104.41,70.25235274875472,3627438,0.0000,1.0
2016-06-27,103.4,103.88,102.53,103.77,69.82172823233672,3613856,0.0000,1.0
2016-06-28,104.45,105.05,103.7,104.69,70.44075097468759,3198383,0.0000,1.0
2016-06-29,105.51,106.68,105.31,106.34,71.55095480607774,2728580,0.0000,1.0
2016-06-30,106.74,107.74,106.13,107.72,72.47948891960404,2673033,0.0000,1.0
2016-07-01,107.6,108.56,107.34,108.36,72.91011343602204,2793346,0.0000,1.0
2016-07-05,108.2,108.51,107.54,108.45,72.97067000864332,2823098,0.0000,1.0
2016-07-06,108.31,108.49,106.68,107.72,72.47948891960404,3267501,0.0000,1.0
2016-07-07,107.69,108.21,107.53,107.85,72.56695952450144,2343771,0.0000,1.0
2016-07-08,108.45,109.85,108.44,109.52,73.69062037202966,2445747,0.0000,1.0
2016-07-11,109.09,110.31,109.07,110.01,74.0203172674122,2239307,0.0000,1.0
2016-07-12,110.5,110.74,109.87,110.29,74.20871549334507,2370347,0.0000,1.0
2016-07-13,110.33,110.9,109.98,110.79,74.54514089679662,1792319,0.0000,1.0
2016-07-14,111.37,111.83,110.99,111.5,75.02286496969784,2514489,0.0000,1.0
2016-07-15,111.8,111.8,110.71,111.03,74.70662509045337,2280267,0.0000,1.0
2016-07-18,111.03,111.38,110.62,110.9,74.61915448555597,1964451,0.0000,1.0
2016-07-19,110.6,110.79,110.2799,110.64,74.44421327576116,1431872,0.0000,1.0
2016-07-20,110.7,110.9478,110.33,110.59,74.410570735416,1329828,0.0000,1.0
2016-07-21,110.37,110.495,109.585,109.89,73.93957517058381,1216015,0.0000,1.0
2016-07-22,109.77,110.47,109.57,110.36,74.25581504982827,2012423,0.0000,1.0
2016-07-25,110.2,110.42,109.91,110.1,74.08087384003346,1323621,0.0000,1.0
2016-07-26,110.25,110.43,109.82,110.37,74.26254355789732,1404507,0.0000,1.0
2016-07-27,110.11,110.48,108.66,108.8,73.20616779105941,4763818,0.0000,1.0
2016-07-28,108.27,109.01,108.21,108.73,73.1590682345762,4481717,0.0000,1.0
2016-07-29,107.0,108.44,105.96,108.1,72.73517222622722,3993921,0.0000,1.0
2016-08-01,108.14,108.56,107.63,108.01,72.67461565360595,2834727,0.0000,1.0
2016-08-02,107.91,108.13,106.92,107.46,72.30454770980923,2440348,0.0000,1.0
2016-08-03,107.4,108.37,107.4,108.29,72.86301387953883,2335032,0.0000,1.0
2016-08-04,108.39,109.0,107.78,107.84,72.56023101643243,2196027,0.0000,1.0
2016-08-05,108.07,108.91,107.94,108.79,73.19943928299038,2412991,0.0000,1.0
2016-08-08,109.09,109.41,108.56,108.96,73.31382392016391,2037044,0.0000,1.0
2016-08-09,109.07,110.0,109.0,109.65,73.77809097692706,1790386,0.0000,1.0
2016-08-10,109.62,110.0,109.385,109.88,73.93284666251478,1519548,0.0000,1.0
2016-08-11,109.94,111.03,109.9,110.9,74.61915448555597,2786752,0.0000,1.0
2016-08-12,109.97,110.06,109.62,109.91,74.4778558161063,1700299,0.7800,1.0
2016-08-15,110.04,110.75,109.81,109.85,74.4371982658473,1548766,0.0000,1.0
2016-08-16,109.34,109.97,109.34,109.81,74.41009323234131,1267262,0.0000,1.0
2016-08-17,109.81,110.31,109.5247,110.24,74.70147234253078,1542826,0.0000,1.0
2016-08-18,110.03,110.52,109.97,110.49,74.87087880194328,1833426,0.0000,1.0
2016-08-19,110.42,110.74,110.08,110.57,74.92508886895527,1613385,0.0000,1.0
2016-08-22,110.38,110.38,109.67,109.83,74.4236457490943,2061486,0.0000,1.0
2016-08-23,109.83,110.24,109.4,109.44,74.15937167241083,2150028,0.0000,1.0
2016-08-24,109.46,109.77,109.06,109.64,74.29489683994082,2774112,0.0000,1.0
2016-08-25,109.69,109.69,109.02,109.33,74.08483283026933,1845036,0.0000,1.0
2016-08-26,109.22,109.82,108.59,108.95,73.82733501196235,1922858,0.0000,1.0
2016-08-29,109.25,109.37,108.91,109.12,73.94253140436284,1924577,0.0000,1.0
2016-08-30,109.29,109.58,109.04,109.38,74.11871412215183,1360374,0.0000,1.0
2016-08-31,109.06,109.41,108.68,109.22,74.01029398812784,2272751,0.0000,1.0
2016-09-01,109.51,110.0,109.14,109.5,74.20002922266983,2739229,0.0000,1.0
2016-09-02,110.29,110.42,109.19,109.59,74.26101554805832,1920252,0.0000,1.0
2016-09-06,109.52,109.53,108.76,109.5,74.20002922266983,1789624,0.0000,1.0
2016-09-07,109.38,109.66,109.03,109.48,74.18647670591683,1517818,0.0000,1.0
2016-09-08,109.23,109.46,108.94,108.94,73.82055875358584,2524884,0.0000,1.0
2016-09-09,108.44,109.0,107.61,107.63,72.9328689062644,3533662,0.0000,1.0
2016-09-12,107.35,108.9,107.11,108.55,73.55628467690237,2718381,0.0000,1.0
2016-09-13,107.74,107.77,106.53,106.86,72.41109701127395,3023619,0.0000,1.0
2016-09-14,106.07,107.34,106.07,106.86,72.41109701127395,1955349,0.0000,1.0
2016-09-15,106.63,107.315,106.41,107.08,72.56017469555694,2152232,0.0000,1.0
2016-09-16,106.62,107.2,106.16,106.86,72.41109701127395,3618580,0.0000,1.0
2016-09-19,107.16,107.715,106.95,107.12,72.58727972906294,2168793,0.0000,1.0
2016-09-20,107.59,108.72,107.59,108.35,73.42075950937237,3242397,0.0000,1.0
2016-09-21,109.16,109.895,108.67,109.66,74.30844935669381,2937509,0.0000,1.0
2016-09-22,110.02,110.715,109.51,109.67,74.31522561507032,2693754,0.0000,1.0
2016-09-23,109.53,109.93,109.2,109.21,74.00351772975134,1651581,0.0000,1.0
2016-09-26,109.09,109.28,108.63,108.84,73.75279616982085,2360783,0.0000,1.0
2016-09-27,108.86,110.23,108.51,110.01,74.5456183998713,2466032,0.0000,1.0
2016-09-28,109.76,109.785,108.66,109.25,74.03062276325734,2753019,0.0000,1.0
2016-09-29,109.36,109.54,108.2,108.21,73.32589189210138,2473432,0.0000,1.0
2016-09-30,108.82,109.79,108.63,109.36,74.10516160539883,2952536,0.0000,1.0
2016-10-03,109.36,109.36,108.31,109.18,73.98318895462184,1445315,0.0000,1.0
2016-10-04,109.19,109.405,108.22,108.52,73.53595590177287,1742048,0.0000,1.0
2016-10-05,108.52,109.53,108.39,109.16,73.96963643786884,3019062,0.0000,1.0
2016-10-06,108.91,109.46,108.65,109.12,73.94253140436284,1861829,0.0000,1.0
2016-10-07,109.04,109.36,108.48,108.8,73.72569113631485,1442988,0.0000,1.0
2016-10-10,109.28,109.61,108.96,109.05,73.89509759572734,1307705,0.0000,1.0
2016-10-11,108.9,109.43,108.3,108.7,73.65792855254986,1944414,0.0000,1.0
2016-10-12,109.03,109.06,108.44,108.74,73.68503358605585,1484095,0.0000,1.0
2016-10-13,108.19,108.72,107.36,108.3,73.38687821748988,2089400,0.0000,1.0
2016-10-14,108.71,109.06,108.41,108.42,73.46819331800788,1565980,0.0000,1.0
2016-10-17,108.31,108.77,107.91,108.03,73.2039192413244,1759914,0.0000,1.0
2016-10-18,108.45,108.97,108.05,108.13,73.27168182508939,1692297,0.0000,1.0
2016-10-19,108.23,108.5322,107.8,108.05,73.2174717580774,1991415,0.0000,1.0
2016-10-20,107.91,107.91,107.19,107.4,72.77701496360493,1946090,0.0000,1.0
2016-10-21,106.74,107.22,106.39,107.16,72.61438476256893,2816357,0.0000,1.0
2016-10-24,107.82,108.52,107.75,108.45,73.48852209313738,1808339,0.0000,1.0
2016-10-25,108.41,108.73,107.78,107.84,73.0751703321709,2242501,0.0000,1.0
2016-10-26,107.6,109.04,107.59,108.61,73.59694222716136,3309098,0.0000,1.0
2016-10-27,109.25,109.25,105.87,108.08,73.2378005332069,3532013,0.0000,1.0
2016-10-28,108.3,108.46,106.99,107.7,72.9803027148999,2397464,0.0000,1.0
2016-10-31,108.08,108.195,107.53,107.76,73.0209602651589,2328694,0.0000,1.0
2016-11-01,108.02,108.03,106.163,106.84,72.39754449452096,2906926,0.0000,1.0
2016-11-02,106.92,107.42,106.6,106.9,72.43820204477996,2568856,0.0000,1.0
2016-11-03,107.22,108.17,106.68,107.48,72.83122503061692,2245496,0.0000,1.0
2016-11-04,107.39,108.045,106.89,106.94,72.46530707828595,2559261,0.0000,1.0
2016-11-07,107.96,109.8,107.96,109.8,74.4033169739648,3615393,0.0000,1.0
2016-11-08,109.61,112.88,109.51,112.03,75.91442259192421,5834276,0.0000,1.0
2016-11-09,110.33,112.7,110.24,112.7,76.89698005651664,6744015,0.7800,1.0
2016-11-10,112.91,114.11,112.82,113.31,77.31319263712423,4532625,0.0000,1.0
2016-11-11,113.13,114.3083,113.0,114.23,77.94092308656519,3092636,0.0000,1.0
2016-11-14,114.51,114.75,112.84,112.91,77.0402663547586,3396763,0.0000,1.0
2016-11-15,113.02,113.33,112.145,113.18,77.2244915953554,3690837,0.0000,1.0
2016-11-16,113.18,113.39,112.36,112.81,76.97203478416719,2297778,0.0000,1.0
2016-11-17,112.92,113.56,112.51,113.49,77.43600946418876,1621315,0.0000,1.0
2016-11-18,113.73,114.31,113.25,114.09,77.84539888773722,1992446,0.0000,1.0
2016-11-21,114.09,114.73,113.62,114.7,78.26161146834481,1942542,0.0000,1.0
2016-11-22,114.94,115.0,114.4,114.63,78.21384936893081,1987335,0.0000,1.0
2016-11-23,114.85,115.75,114.85,115.68,78.9302808601406,1855393,0.0000,1.0
2016-11-25,115.79,116.39,115.77,116.26,79.32602396957077,1077554,0.0000,1.0
2016-11-28,116.26,116.47,115.45,115.69,78.93710401719974,2659127,0.0000,1.0
2016-11-29,115.94,116.4837,115.77,116.28,79.33967028368905,2772397,0.0000,1.0
2016-11-30,116.46,116.96,115.92,115.92,79.09403662955998,3353581,0.0000,1.0
2016-12-01,116.04,116.76,115.875,116.43,79.44201763957616,2485146,0.0000,1.0
2016-12-02,116.69,117.01,116.0,116.35,79.38743238310303,2088696,0.0000,1.0
2016-12-05,116.91,116.95,116.36,116.56,79.530718681345,2310045,0.0000,1.0
2016-12-06,116.5,116.72,116.0323,116.54,79.51707236722672,1755431,0.0000,1.0
2016-12-07,116.27,118.79,116.27,118.62,80.93628903552799,2539285,0.0000,1.0
2016-12-08,119.0,119.2732,118.15,118.98,81.18192268965706,2157804,0.0000,1.0
2016-12-09,118.91,119.79,118.44,119.6,81.60495842732378,3197190,0.0000,1.0
2016-12-12,119.41,120.44,119.33,120.13,81.96658575145824,2760258,0.0000,1.0
2016-12-13,120.33,120.43,119.36,120.16,81.98705522263566,3123446,0.0000,1.0
2016-12-14,119.85,119.915,116.93,117.26,80.00833967548485,4983885,0.0000,1.0
2016-12-15,117.21,117.881,116.44,117.28,80.02198598960312,3045726,0.0000,1.0
2016-12-16,117.38,117.53,115.09,115.81,79.01898190190943,5543339,0.0000,1.0
2016-12-19,116.26,117.3,116.06,116.98,79.8172912778289,2209927,0.0000,1.0
2016-12-20,117.19,117.77,117.11,117.52,80.1857417590225,2074892,0.0000,1.0
2016-12-21,117.04,117.42,116.02,116.1,79.2168534566245,3028350,0.0000,1.0
2016-12-22,116.64,116.74,115.79,116.3,79.35331659780732,1969665,0.0000,1.0
2016-12-23,116.32,116.54,115.88,115.97,79.12815241485568,1229823,0.0000,1.0
2016-12-27,116.3,116.78,116.07,116.13,79.23732292780193,990727,0.0000,1.0
2016-12-28,116.18,116.28,115.13,115.2,78.60276932130185,1541748,0.0000,1.0
2016-12-29,115.23,115.5,114.53,114.98,78.45265986600074,1412326,0.0000,1.0
2016-12-30,115.24,115.43,114.36,114.64,78.22067252598995,1733974,0.0000,1.0
2017-01-03,115.52,116.07,114.64,115.08,78.52089143659215,2390713,0.0000,1.0
2017-01-04,115.3,115.85,114.96,115.11,78.54136090776957,1830848,0.0000,1.0
2017-01-05,115.0,115.98,114.85,115.17,78.58229985012441,1856178,0.0000,1.0
2017-01-06,115.0,115.66,114.52,115.4,78.73923246248467,1766993,0.0000,1.0
2017-01-09,115.0,115.1905,114.5,114.77,78.30937356775878,1965231,0.0000,1.0
2017-01-10,114.63,114.81,113.41,113.92,77.72940521773182,2892614,0.0000,1.0
2017-01-11,113.64,114.47,113.64,114.18,77.90680730126948,2302714,0.0000,1.0
2017-01-12,114.21,114.21,113.3,113.91,77.72258206067268,1917017,0.0000,1.0
2017-01-13,114.2,114.595,114.0274,114.24,77.94774624362432,1788059,0.0000,1.0
2017-01-17,113.69,114.11,113.41,114.07,77.83175257361893,2474702,0.0000,1.0
2017-01-18,114.37,115.45,114.02,114.96,78.43901355188245,2040699,0.0000,1.0
2017-01-19,114.97,115.15,114.0083,114.27,77.96821571480174,1847951,0.0000,1.0
2017-01-20,114.44,115.0,114.32,114.96,78.43901355188245,2372783,0.0000,1.0
2017-01-23,114.99,115.04,114.14,114.46,78.09785569892541,1689521,0.0000,1.0
2017-01-24,114.6,116.2568,114.15,116.05,79.18273767132881,2157169,0.0000,1.0
2017-01-25,116.23,117.13,115.87,116.99,79.82411443488803,2045040,0.0000,1.0
2017-01-26,116.97,117.36,116.54,116.93,79.7831754925332,1796389,0.0000,1.0
2017-01-27,117.0,118.19,116.59,118.09,80.57466171139353,2283856,0.0000,1.0
2017-01-30,117.91,117.92,116.26,117.03,79.85140706312461,2909144,0.0000,1.0
2017-01-31,111.81,111.81,108.68,109.13,74.46111298640338,12754818,0.0000,1.0
2017-02-01,107.79,108.55,103.23,105.35,71.88195961804816,14682368,0.0000,1.0
2017-02-02,105.29,105.7,104.41,105.1,71.71138069156964,4353420,0.0000,1.0
2017-02-03,105.7,107.2,105.325,106.95,72.9736647475107,4859669,0.0000,1.0
2017-02-06,106.62,107.0,105.7453,106.06,72.36640376924717,3444270,0.0000,1.0
2017-02-07,106.38,106.49,105.31,105.69,72.11394695805895,3589511,0.0000,1.0
2017-02-08,105.81,106.4,105.51,106.16,72.43463533983856,3398534,0.0000,1.0
2017-02-09,106.21,107.01,106.02,106.46,72.63933005161279,2415983,0.0000,1.0
2017-02-10,106.5,107.5,106.26,107.34,73.23976787281718,4012807,0.0000,1.0
2017-02-13,107.66,108.53,107.53,108.5,74.03125409167751,3877734,0.0000,1.0
2017-02-14,108.68,109.34,107.62,108.99,74.3655887875754,5878785,0.0000,1.0
2017-02-15,108.87,109.17,108.28,109.02,74.38605825875284,2843007,0.0000,1.0
2017-02-16,108.1,108.13,106.66,107.22,73.72421202401618,5150040,0.8300,1.0
2017-02-17,106.96,107.045,106.41,106.9,73.50418079991914,2918912,0.0000,1.0
2017-02-21,106.9,107.87,106.6,107.72,74.06801081166782,3822454,0.0000,1.0
2017-02-22,105.44,106.83,105.24,105.62,72.62405590353096,5234438,0.0000,1.0
2017-02-23,106.0,106.09,104.89,105.09,72.25962918862022,3976338,0.0000,1.0
2017-02-24,104.86,106.19,104.77,106.18,73.00911054570079,2717384,0.0000,1.0
2017-02-27,106.14,106.77,105.75,106.73,73.38728921211758,2776125,0.0000,1.0
2017-02-28,106.68,106.99,105.48,105.76,72.72031956407342,3794023,0.0000,1.0
2017-03-01,106.97,107.38,106.69,106.87,73.48355287266004,3386203,0.0000,1.0
2017-03-02,106.99,106.99,105.86,105.95,72.85096310338103,2490769,0.0000,1.0
2017-03-03,106.13,106.5999,105.755,105.93,72.83721115187497,2732468,0.0000,1.0
2017-03-06,105.52,106.37,105.23,106.1,72.95410273967651,2481871,0.0000,1.0
2017-03-07,106.0,106.39,105.51,105.64,72.63780785503702,2186453,0.0000,1.0
2017-03-08,105.64,106.11,105.24,105.73,72.69969163681432,2269931,0.0000,1.0
2017-03-09,106.13,106.24,105.62,105.9,72.81658322461587,2301041,0.0000,1.0
2017-03-10,106.27,106.85,105.75,106.73,73.38728921211758,2957149,0.0000,1.0
2017-03-13,106.53,107.5,106.31,107.49,73.90986336934806,2644493,0.0000,1.0
2017-03-14,107.19,107.42,106.44,106.83,73.45604896964791,2748905,0.0000,1.0
2017-03-15,107.29,108.29,106.85,107.74,74.08176276317387,3253779,0.0000,1.0
2017-03-16,107.8,107.92,107.29,107.8,74.12301861769207,2409354,0.0000,1.0
2017-03-17,107.91,108.97,107.65,108.15,74.36367776904822,4412150,0.0000,1.0
2017-03-20,108.05,108.2,106.93,107.12,73.65545226648585,2370885,0.0000,1.0
2017-03-21,107.505,108.14,106.37,106.51,73.23601774555087,3088511,0.0000,1.0
2017-03-22,106.96,107.17,105.88,106.52,73.24289372130389,2282185,0.0000,1.0
2017-03-23,106.53,106.89,105.37,105.65,72.64468383079006,2414231,0.0000,1.0
2017-03-24,105.69,105.84,104.8001,105.05,72.23212528560809,2526853,0.0000,1.0
2017-03-27,104.48,104.98,103.75,104.78,72.04647394027621,2148455,0.0000,1.0
2017-03-28,104.72,106.52,104.5,106.19,73.01598652145381,3191458,0.0000,1.0
2017-03-29,105.65,106.35,105.46,106.03,72.9059709094053,1889305,0.0000,1.0
2017-03-30,105.81,106.84,105.35,106.66,73.33915738184635,1721627,0.0000,1.0
2017-03-31,106.48,107.7,106.48,107.3,73.77921983004045,2478107,0.0000,1.0
2017-04-03,107.66,107.7336,106.08,106.4,73.1603820122675,2645891,0.0000,1.0
2017-04-04,106.3,106.7,105.7,106.63,73.31852945458725,2138736,0.0000,1.0
2017-04-05,106.94,107.78,106.54,106.74,73.39416518787061,2622852,0.0000,1.0
2017-04-06,106.77,106.94,106.51,106.67,73.34603335759938,2824589,0.0000,1.0
2017-04-07,106.31,106.6,104.91,104.99,72.1908694310899,3211791,0.0000,1.0
2017-04-10,105.45,106.88,105.37,106.42,73.17413396377357,3687682,0.0000,1.0
2017-04-11,106.15,106.16,105.23,105.75,72.71344358832037,3029394,0.0000,1.0
2017-04-12,105.06,105.34,104.18,104.23,71.66829527385941,3035960,0.0000,1.0
2017-04-13,104.18,104.559,103.7,103.74,71.33137246196081,2840947,0.0000,1.0
2017-04-17,104.06,104.87,103.92,104.87,72.10835772205351,1723842,0.0000,1.0
2017-04-18,104.52,104.74,103.56,104.1,71.57890758906998,3042310,0.0000,1.0
2017-04-19,104.58,105.0903,104.33,104.46,71.82644271617916,2047085,0.0000,1.0
2017-04-20,104.75,105.74,104.57,105.53,72.56217212175366,2424747,0.0000,1.0
2017-04-21,105.71,106.13,105.45,105.77,72.72719553982644,3040578,0.0000,1.0
2017-04-24,106.75,107.23,106.2773,106.97,73.55231263019036,2441542,0.0000,1.0
2017-04-25,107.09,107.82,107.08,107.36,73.82047568455863,2456099,0.0000,1.0
2017-04-26,107.23,108.59,106.955,107.62,73.99925105413749,4470618,0.0000,1.0
2017-04-27,107.8,109.28,105.58,108.83,74.83124412025444,4630601,0.0000,1.0
2017-04-28,109.0,109.3,107.08,107.46,73.88923544208896,3101571,0.0000,1.0
2017-05-01,107.42,107.42,106.51,106.54,73.25664567280997,1972501,0.0000,1.0
2017-05-02,106.61,107.12,106.56,106.92,73.5179327514252,1899615,0.0000,1.0
2017-05-03,106.89,107.47,106.59,107.35,73.8135997088056,1908968,0.0000,1.0
2017-05-04,107.41,107.83,106.6,107.05,73.60732043621462,1718738,0.0000,1.0
2017-05-05,107.32,107.56,107.02,107.43,73.86860751482988,2211500,0.0000,1.0
2017-05-08,107.36,107.59,106.73,107.52,73.93049129660716,2508209,0.0000,1.0
2017-05-09,107.56,107.66,106.09,106.51,73.23601774555087,2331279,0.0000,1.0
2017-05-10,106.07,106.13,104.77,105.1,72.26650516437326,3702238,0.0000,1.0
2017-05-11,104.13,104.25,102.98,104.15,72.18399345533686,3067999,0.8300,1.0
2017-05-12,103.8,104.31,103.65,104.13,72.1701319107463,2028251,0.0000,1.0
2017-05-15,104.55,105.48,104.224,105.29,72.97410149699874,2417957,0.0000,1.0
2017-05-16,105.29,105.36,103.925,104.5,72.42657048567165,2454350,0.0000,1.0
2017-05-17,103.74,104.14,102.78,102.87,71.29685460154109,3030422,0.0000,1.0
2017-05-18,102.94,103.64,102.12,103.19,71.51863931499003,2878930,0.0000,1.0
2017-05-19,103.24,103.89,103.01,103.42,71.67804707778146,2359431,0.0000,1.0
2017-05-22,103.35,104.04,103.105,103.78,71.92755488041152,1906852,0.0000,1.0
2017-05-23,103.67,104.321,103.39,104.2,72.21864731681326,2099582,0.0000,1.0
2017-05-24,103.82,104.81,103.73,104.72,72.5790474761678,1865266,0.0000,1.0
2017-05-25,105.18,105.99,105.03,105.94,73.42460169619191,2285614,0.0000,1.0
2017-05-26,105.81,106.09,105.5275,105.87,73.37608629012496,1824955,0.0000,1.0
2017-05-30,105.51,107.41,105.27,106.81,74.02757888588124,2351303,0.0000,1.0
2017-05-31,107.1,107.1916,105.33,105.97,73.44539401307775,4770605,0.0000,1.0
2017-06-01,106.49,108.1,105.7,107.66,74.61669453098,4825567,0.0000,1.0
2017-06-02,107.74,108.88,106.97,107.67,74.62362530327528,4179530,0.0000,1.0
2017-06-05,107.49,108.48,107.25,107.95,74.81768692754311,2605494,0.0000,1.0
2017-06-06,107.83,107.94,107.35,107.43,74.45728676818857,2590026,0.0000,1.0
2017-06-07,107.41,107.485,106.28,106.68,73.93747884604261,2432481,0.0000,1.0
2017-06-08,106.64,107.18,106.22,106.75,73.98599425210955,2311129,0.0000,1.0
2017-06-09,106.51,107.06,105.9301,107.03,74.18005587637738,2829263,0.0000,1.0
2017-06-12,107.29,108.95,107.2,108.94,75.50383338477579,3337475,0.0000,1.0
2017-06-13,109.06,109.99,108.95,109.85,76.13453366364622,2491831,0.0000,1.0
2017-06-14,109.93,110.23,109.06,109.39,75.81571813806336,2416043,0.0000,1.0
2017-06-15,108.82,110.33,108.82,110.26,76.41869532775269,2299258,0.0000,1.0
2017-06-16,110.56,111.08,110.03,110.59,76.64741081349692,4105634,0.0000,1.0
2017-06-19,110.79,111.18,110.2224,110.87,76.84147243776475,2141041,0.0000,1.0
2017-06-20,110.85,110.87,109.585,109.61,75.96819512855951,2051635,0.0000,1.0
2017-06-21,109.82,109.86,108.87,109.19,75.67710269215777,2792014,0.0000,1.0
2017-06-22,108.76,109.55,108.68,109.07,75.59393342461442,1546187,0.0000,1.0
2017-06-23,109.22,111.3,108.96,110.27,76.42562610004796,4270548,0.0000,1.0
2017-06-26,110.66,111.5499,110.51,111.01,76.93850324989866,2194778,0.0000,1.0
2017-06-27,110.72,111.44,109.67,109.67,76.00977976233119,2148325,0.0000,1.0
2017-06-28,110.39,110.88,109.6,110.08,76.29394142643766,2978130,0.0000,1.0
2017-06-29,109.72,110.24,109.42,109.78,76.08601825757927,2206746,0.0000,1.0
2017-06-30,110.21,111.01,109.7505,110.59,76.64741081349692,2155444,0.0000,1.0
2017-07-03,110.9,111.6339,110.58,110.61,76.66127235808747,1288219,0.0000,1.0
2017-07-05,110.57,111.15,110.24,110.52,76.59889540742995,1620505,0.0000,1.0
2017-07-06,110.11,110.35,109.09,109.24,75.71175655363417,1631071,0.0000,1.0
2017-07-07,109.44,110.62,109.16,110.36,76.48800305070549,1647712,0.0000,1.0
2017-07-10,110.09,110.59,109.79,110.21,76.38404146627629,1679415,0.0000,1.0
2017-07-11,110.25,110.37,109.56,110.07,76.28701065414238,1784675,0.0000,1.0
2017-07-12,110.63,111.11,110.14,110.57,76.63354926890635,2193306,0.0000,1.0
2017-07-13,110.42,111.58,110.175,111.16,77.04246483432784,2284925,0.0000,1.0
2017-07-14,111.03,112.61,110.85,112.41,77.9088113712378,3273966,0.0000,1.0
2017-07-17,111.88,112.26,111.375,112.03,77.64544202401717,2615110,0.0000,1.0
2017-07-18,111.96,112.15,111.529,111.83,77.50682657811159,2142413,0.0000,1.0
2017-07-19,111.72,112.99,111.26,112.99,78.310796164364,2512239,0.0000,1.0
2017-07-20,113.21,113.21,112.43,112.58,78.02663450025756,2156258,0.0000,1.0
2017-07-21,112.35,113.1,112.15,112.68,78.09594222321036,1756663,0.0000,1.0
2017-07-24,112.48,112.58,111.98,112.15,77.72861129156054,2295976,0.0000,1.0
2017-07-25,112.83,113.76,112.42,113.22,78.47020392715544,2177620,0.0000,1.0
2017-07-26,113.54,113.64,112.18,112.29,77.82564210369445,2971998,0.0000,1.0
2017-07-27,111.0,111.0,106.98,107.79,74.70679457081863,7444327,0.0000,1.0
2017-07-28,108.38,109.91,107.93,109.66,76.00284899003591,4273216,0.0000,1.0
2017-07-31,110.04,110.995,109.9601,110.29,76.43948764463853,3552262,0.0000,1.0
2017-08-01,110.8,110.8,109.65,110.17,76.35631837709518,2662019,0.0000,1.0
2017-08-02,109.87,111.45,109.85,111.26,77.11177255728064,2139370,0.0000,1.0
2017-08-03,110.97,111.78,110.8317,111.52,77.29197263695791,2511374,0.0000,1.0
2017-08-04,111.62,112.09,111.12,112.05,77.65930356860773,2181191,0.0000,1.0
2017-08-07,112.0,112.028,111.42,111.86,77.52761889499742,1696000,0.0000,1.0
2017-08-08,113.0,113.2,111.8,111.89,77.54841121188326,2744088,0.0000,1.0
2017-08-09,111.97,112.5,111.72,112.41,77.9088113712378,1885725,0.0000,1.0
2017-08-10,111.54,111.82,110.89,110.92,77.45138039974935,2041124,0.8300,1.0
2017-08-11,111.49,112.48,111.29,111.44,77.81447738683796,2068869,0.0000,1.0
2017-08-14,112.18,113.79,112.09,113.69,79.38557011943296,2418683,0.0000,1.0
2017-08-15,113.68,114.43,113.5,114.18,79.7277192034203,1908482,0.0000,1.0
2017-08-16,114.27,115.34,114.22,114.76,80.13271199671146,2153922,0.0000,1.0
2017-08-17,114.6,114.81,112.905,112.92,78.84790727316712,2378229,0.0000,1.0
2017-08-18,112.93,114.2,112.68,113.34,79.14117791658485,2168291,0.0000,1.0
2017-08-21,113.34,114.2,113.177,113.83,79.4833270005722,1421233,0.0000,1.0
2017-08-22,114.0,114.84,113.84,114.6,80.02098984683803,1572756,0.0000,1.0
2017-08-23,114.12,114.12,113.26,113.55,79.28781323829371,1503502,0.0000,1.0
2017-08-24,113.84,113.96,113.24,113.35,79.14816055095193,1127203,0.0000,1.0
2017-08-25,113.74,114.11,113.33,113.4,79.18307372278738,2010985,0.0000,1.0
2017-08-28,113.79,114.06,113.58,113.79,79.45539646310385,1916447,0.0000,1.0
2017-08-29,113.55,115.01,112.96,114.89,80.22348624348362,2159264,0.0000,1.0
2017-08-30,114.88,115.642,114.87,114.97,80.27934731842032,1966962,0.0000,1.0
2017-08-31,115.47,115.47,113.89,114.36,79.8534066220279,3244029,0.0000,1.0
2017-09-01,114.72,115.04,114.39,114.39,79.87435452512918,1548404,0.0000,1.0
2017-09-05,114.11,114.37,113.54,113.92,79.546170709876,1671462,0.0000,1.0
2017-09-06,114.25,114.56,113.73,113.81,79.46936173183802,2121087,0.0000,1.0
2017-09-07,113.88,114.78,113.88,114.67,80.06986828740766,1596505,0.0000,1.0
2017-09-08,114.61,115.41,114.06,115.05,80.33520839335704,1635467,0.0000,1.0
2017-09-11,115.5,116.37,115.31,116.2,81.13821134557226,1977751,0.0000,1.0
2017-09-12,116.23,117.53,115.98,117.15,81.8015616104457,2143317,0.0000,1.0
2017-09-13,116.84,117.65,116.66,117.06,81.7387179011419,2295205,0.0000,1.0
2017-09-14,116.7,117.48,116.5,117.38,81.96216220088873,2075265,0.0000,1.0
2017-09-15,117.36,118.0,117.1,117.9,82.32525918797737,3284029,0.0000,1.0
2017-09-18,117.93,118.36,117.4,117.59,82.1087975225976,2269177,0.0000,1.0
2017-09-19,117.59,117.98,116.89,116.97,81.67587419183809,1964141,0.0000,1.0
2017-09-20,116.96,118.39,116.65,117.83,82.27638074740773,3449501,0.0000,1.0
2017-09-21,117.83,118.0,117.08,117.26,81.87837058848368,1742963,0.0000,1.0
2017-09-22,117.39,118.05,117.14,117.67,82.16465859753431,1803181,0.0000,1.0
2017-09-25,118.07,118.29,117.16,118.22,82.5487034877242,2329397,0.0000,1.0
2017-09-26,118.02,119.0,116.99,118.92,83.03748789342042,2561053,0.0000,1.0
2017-09-27,118.69,119.17,118.38,118.62,82.82800886240776,2271852,0.0000,1.0
2017-09-28,118.56,119.715,118.32,119.61,83.51928966474955,1625748,0.0000,1.0
2017-09-29,119.56,120.42,119.43,120.09,83.85445611436981,2433997,0.0000,1.0
2017-10-02,120.0,120.8,119.86,120.79,84.34324052006603,1971920,0.0000,1.0
2017-10-03,120.33,120.565,119.51,119.71,83.58911600842043,1850407,0.0000,1.0
2017-10-04,119.51,119.62,118.68,119.0,83.09334896835713,2299871,0.0000,1.0
2017-10-05,116.78,118.2,116.52,118.2,82.53473821899003,4423726,0.0000,1.0
2017-10-06,117.99,118.73,117.4,117.7,82.18560650063559,2639949,0.0000,1.0
2017-10-09,118.14,118.62,116.9188,117.15,81.8015616104457,1828973,0.0000,1.0
2017-10-10,117.63,118.6,117.27,118.12,82.47887714405331,2049089,0.0000,1.0
2017-10-11,118.12,118.92,117.95,118.92,83.03748789342042,1419059,0.0000,1.0
2017-10-12,118.8,120.02,118.6506,119.57,83.49135912728119,2284861,0.0000,1.0
2017-10-13,120.04,120.11,118.24,118.36,82.64646036886344,1642364,0.0000,1.0
2017-10-16,118.61,118.69,117.46,118.34,82.63249510012926,1244449,0.0000,1.0
2017-10-17,118.0,118.23,117.4,117.68,82.1716412319014,1473375,0.0000,1.0
2017-10-18,117.41,118.77,117.41,118.15,82.49982504715457,2080806,0.0000,1.0
2017-10-19,117.68,119.53,117.68,119.42,83.38661961177486,2032541,0.0000,1.0
2017-10-20,119.59,120.43,119.51,119.76,83.62402918025589,2416056,0.0000,1.0
2017-10-23,120.24,120.41,119.63,119.68,83.56816810531917,2006387,0.0000,1.0
2017-10-24,120.18,120.4199,119.62,119.7,83.58213337405334,1753115,0.0000,1.0
2017-10-25,119.58,119.74,118.435,118.57,82.7930956905723,2835524,0.0000,1.0
2017-10-26,118.29,120.79,117.0,119.33,83.32377590247106,3974020,0.0000,1.0
2017-10-27,119.31,121.75,119.31,120.75,84.31530998259767,3602007,0.0000,1.0
2017-10-30,120.52,120.52,117.84,118.09,82.45792924095204,3427621,0.0000,1.0
2017-10-31,118.5,118.79,117.45,117.53,82.06690171639507,2305843,0.0000,1.0
2017-11-01,117.94,118.17,117.18,117.46,82.01802327582544,2085166,0.0000,1.0
2017-11-02,117.62,117.75,115.04,116.87,81.60604784816721,3512759,0.0000,1.0
2017-11-03,116.87,116.87,115.17,115.46,80.62149640240767,2933973,0.0000,1.0
2017-11-06,115.58,116.0,113.6,113.92,79.546170709876,3338174,0.0000,1.0
2017-11-07,113.83,114.86,113.63,113.95,79.56711861297727,2688499,0.0000,1.0
2017-11-08,113.66,113.7,112.65,113.13,78.99454259487598,2321930,0.0000,1.0
2017-11-09,112.83,113.0,111.72,112.55,78.58954980158482,2695045,0.0000,1.0
2017-11-10,111.57,113.27,111.3035,113.23,79.64392759101524,2839985,0.8300,1.0
2017-11-13,114.07,114.86,113.53,114.81,80.75527092399948,3254863,0.0000,1.0
2017-11-14,114.3,114.5,113.67,114.07,80.23476835032331,3159577,0.0000,1.0
2017-11-15,113.75,114.29,112.66,112.89,79.40477775986675,2138422,0.0000,1.0
2017-11-16,113.69,114.21,112.9708,113.7,79.97451706348524,2515086,0.0000,1.0
2017-11-17,113.33,113.5,112.56,112.94,79.4399468526827,2121868,0.0000,1.0
2017-11-20,113.18,113.51,112.82,113.2,79.62282613532567,2811124,0.0000,1.0
2017-11-21,113.05,114.14,112.8,113.92,80.12926107187545,2205374,0.0000,1.0
2017-11-22,113.93,114.1875,113.59,113.77,80.02375379342757,1842946,0.0000,1.0
2017-11-24,114.0,114.19,112.96,113.14,79.58062322394653,891718,0.0000,1.0
2017-11-27,113.42,114.66,113.37,114.54,80.56535782279332,3052613,0.0000,1.0
2017-11-28,115.11,115.43,114.39,115.19,81.02255602940075,1800051,0.0000,1.0
2017-11-29,118.34,119.26,115.33,119.04,83.7305761762294,4122054,0.0000,1.0
2017-11-30,119.04,122.0,119.03,121.45,85.4257264499585,5654168,0.0000,1.0
2017-12-01,121.89,121.89,119.1,120.31,84.6238711337547,3141930,0.0000,1.0
2017-12-04,122.1,125.16,122.1,123.72,87.02240326380293,4535047,0.0000,1.0
2017-12-05,123.83,124.0,120.28,120.37,84.66607404513385,3650335,0.0000,1.0
2017-12-06,119.69,119.95,117.97,118.29,83.20303978399005,3314899,0.0000,1.0
2017-12-07,118.36,120.02,117.85,119.73,84.2159096570896,3261012,0.0000,1.0
2017-12-08,120.06,120.13,117.89,119.56,84.09633474151535,3004624,0.0000,1.0
2017-12-11,118.08,119.41,117.56,118.05,83.03422813847345,2706839,0.0000,1.0
2017-12-12,117.91,118.88,117.61,118.16,83.11160014266856,2504508,0.0000,1.0
2017-12-13,118.48,119.33,118.04,118.4,83.28041178818516,2534769,0.0000,1.0
2017-12-14,118.34,118.34,116.33,116.84,82.18313609232732,2787374,0.0000,1.0
2017-12-15,117.45,118.6,117.31,118.0,82.9990590456575,4123899,0.0000,1.0
2017-12-18,118.78,119.92,118.61,118.81,83.568798349276,2551177,0.0000,1.0
2017-12-19,119.16,119.49,118.55,119.0,83.70244090197663,2080604,0.0000,1.0
2017-12-20,120.68,120.73,118.22,118.33,83.23117505824281,3403411,0.0000,1.0
2017-12-21,118.85,118.85,117.5,118.58,83.4070205223226,3343149,0.0000,1.0
2017-12-22,119.0,119.0,118.21,118.64,83.44922343370175,1925934,0.0000,1.0
2017-12-26,118.94,119.08,118.09,118.26,83.18193832830048,1290307,0.0000,1.0
2017-12-27,118.2,119.13,118.05,119.08,83.75871145048217,1461320,0.0000,1.0
2017-12-28,119.49,119.56,118.51,119.05,83.73760999479259,1360922,0.0000,1.0
2017-12-29,119.05,120.32,119.0,119.15,83.8079481804245,2604224,0.0000,1.0
2018-01-02,120.04,123.71,119.61,123.67,86.98723417098698,5351669,0.0000,1.0
2018-01-03,124.15,126.69,123.9,126.41,88.9145004573014,5606526,0.0000,1.0
2018-01-04,127.01,128.95,126.71,127.23,89.49127357948309,5456848,0.0000,1.0
2018-01-05,127.82,128.66,125.77,127.62,89.76559250344755,3467128,0.0000,1.0
2018-01-08,128.11,129.52,127.74,129.17,90.8558343807422,3212882,0.0000,1.0
2018-01-09,129.23,130.0,128.86,129.11,90.81363146936306,2914021,0.0000,1.0
2018-01-10,128.52,130.46,128.49,129.79,91.29193113166005,2896138,0.0000,1.0
2018-01-11,130.36,133.77,130.02,133.46,93.87334254435127,4249965,0.0000,1.0
2018-01-12,133.45,134.33,133.0,134.09,94.31647311383233,4201350,0.0000,1.0
2018-01-16,134.41,134.71,131.76,132.88,93.46538106768618,4042141,0.0000,1.0
2018-01-17,133.53,134.3,132.39,134.01,94.2602025653268,3449835,0.0000,1.0
2018-01-18,134.65,135.53,133.53,133.59,93.96478218567276,3045267,0.0000,1.0
2018-01-19,133.86,134.02,131.92,133.08,93.60605743895002,3863060,0.0000,1.0
2018-01-22,132.52,132.99,131.14,132.86,93.45131343055981,3079369,0.0000,1.0
2018-01-23,132.87,132.87,130.91,132.07,92.89564176406768,2886940,0.0000,1.0
2018-01-24,132.51,132.96,130.15,131.69,92.6283566586664,2807967,0.0000,1.0
2018-01-25,131.96,131.97,129.71,131.29,92.34700391613875,3151248,0.0000,1.0
2018-01-26,131.21,132.72,131.04,132.72,93.35283997067512,1951647,0.0000,1.0
2018-01-29,132.76,133.56,130.61,130.64,91.88980570953132,2667717,0.0000,1.0
2018-01-30,130.37,130.74,128.1,128.11,90.11024961304393,4055212,0.0000,1.0
2018-01-31,128.5,128.97,126.25,127.32,89.5545779465518,5713767,0.0000,1.0
2018-02-01,119.22,121.0,118.07,119.51,84.0611656486994,14337147,0.0000,1.0
2018-02-02,118.99,119.14,115.52,116.47,81.92288480548923,9162581,0.0000,1.0
2018-02-05,115.89,116.31,113.21,113.3,79.69316432095758,8000793,0.0000,1.0
2018-02-06,112.62,115.89,109.68,112.71,79.2781690257293,11732687,0.0000,1.0
2018-02-07,112.39,113.26,111.62,111.91,78.715463540674,7090628,0.0000,1.0
2018-02-08,111.76,112.5,109.23,109.28,76.86556925855467,6970007,0.0000,1.0
2018-02-09,108.1,108.11,103.81,106.39,74.83279569379239,11172074,0.0000,1.0
2018-02-12,107.0,107.08,105.41,106.31,74.77652514528685,6661217,0.0000,1.0
2018-02-13,105.99,108.77,105.5,107.56,75.65575246568578,7554019,0.0000,1.0
2018-02-14,106.69,107.1,105.09,106.6,74.9805058836194,6469995,0.0000,1.0
2018-02-15,107.15,108.33,105.52,108.31,76.18328885792512,5527483,0.0000,1.0
2018-02-16,107.11,107.66,105.9,106.4,75.47990700160598,6090554,0.9100,1.0
2018-02-20,106.25,106.65,104.33,104.71,74.2810250200955,5189471,0.0000,1.0
2018-02-21,104.74,107.05,104.51,104.7,74.27393104387356,5509335,0.0000,1.0
2018-02-22,105.35,106.48,104.65,105.08,74.54350214030787,3345531,0.0000,1.0
2018-02-23,104.4,105.62,104.34,105.61,74.9194828800715,4383925,0.0000,1.0
2018-02-26,106.7,108.44,106.01,108.07,76.66460103067253,4080187,0.0000,1.0
2018-02-27,108.24,108.56,105.68,105.69,74.97623468984715,3598192,0.0000,1.0
2018-02-28,106.4,106.6,104.38,104.41,74.06820573343684,3702325,0.0000,1.0
2018-03-01,104.96,109.29,103.95,106.43,75.50118893027185,8701867,0.0000,1.0
2018-03-02,105.76,106.3,104.37,105.37,74.74922745074457,4670569,0.0000,1.0
2018-03-05,105.34,106.17,104.63,105.81,75.0613624045106,4997436,0.0000,1.0
2018-03-06,107.49,110.04,106.31,109.8,77.89185891707083,8590537,0.0000,1.0
2018-03-07,109.02,109.55,107.83,109.21,77.47331431997546,7097591,0.0000,1.0
2018-03-08,109.41,110.54,106.97,108.8,77.18246129487528,5802911,0.0000,1.0
2018-03-09,109.53,110.42,108.91,110.38,78.30330953794424,3166239,0.0000,1.0
2018-03-12,110.22,110.75,108.89,108.91,77.2604950333168,3047655,0.0000,1.0
2018-03-13,109.7,110.56,109.12,109.33,77.55844203463893,3491242,0.0000,1.0
2018-03-14,110.03,110.17,108.52,108.76,77.15408538998747,2286045,0.0000,1.0
2018-03-15,109.04,110.01,108.91,109.72,77.83510710729519,2708846,0.0000,1.0
2018-03-16,109.57,111.2,109.57,110.91,78.67929027770788,5215614,0.0000,1.0
2018-03-19,110.3,110.89,107.44,108.46,76.9412661033288,2968280,0.0000,1.0
2018-03-20,108.64,109.33,107.52,108.03,76.63622512578472,2456253,0.0000,1.0
2018-03-21,108.19,109.58,107.64,107.65,76.36665402935041,2707356,0.0000,1.0
2018-03-22,106.73,107.12,104.26,104.45,74.09658163832466,4146061,0.0000,1.0
2018-03-23,104.89,105.0,101.45,101.66,72.11736227239909,4235657,0.0000,1.0
2018-03-26,103.06,103.92,101.9,103.7,73.56453342167801,3821952,0.0000,1.0
2018-03-27,103.77,104.66,101.69,102.17,72.47915505971882,3696311,0.0000,1.0
2018-03-28,102.32,103.68,101.7,102.68,72.84094784703856,3811800,0.0000,1.0
2018-03-29,103.24,105.83,103.15,104.66,74.24555513898572,3813414,0.0000,1.0
2018-04-02,104.33,105.43,102.4,103.84,73.66384908878538,4594427,0.0000,1.0
2018-04-03,104.41,105.62,103.76,105.54,74.86982504651782,4453168,0.0000,1.0
2018-04-04,103.81,106.47,103.33,106.41,75.48700097782793,3832814,0.0000,1.0
2018-04-05,106.61,107.37,105.35,107.18,76.03323714691851,3154706,0.0000,1.0
2018-04-06,106.48,106.63,104.39,105.33,74.72085154585675,4397221,0.0000,1.0
2018-04-09,105.56,106.26,104.36,104.6,74.202991281654,3938503,0.0000,1.0
2018-04-10,105.56,106.85,105.56,106.02,75.21033590517168,2766757,0.0000,1.0
2018-04-11,105.24,106.75,105.05,106.09,75.25999373872536,1623855,0.0000,1.0
2018-04-12,106.59,107.64,106.53,106.99,75.89845159870134,1999994,0.0000,1.0
2018-04-13,107.48,108.34,106.6,107.25,76.08289498047219,3970849,0.0000,1.0
2018-04-16,108.3,109.39,108.16,109.25,77.50169022486328,4595628,0.0000,1.0
2018-04-17,109.54,109.85,108.66,109.52,77.69322758285608,2832886,0.0000,1.0
2018-04-18,109.87,111.03,108.61,110.9,78.67219630148594,3559546,0.0000,1.0
2018-04-19,110.7,110.7,108.99,109.68,77.80673120240738,2737222,0.0000,1.0
2018-04-20,109.91,109.91,107.99,108.55,77.0051118893264,3632432,0.0000,1.0
2018-04-23,108.7,109.22,108.42,109.11,77.4023745577559,2246550,0.0000,1.0
2018-04-24,109.15,109.57,107.3,108.22,76.77101067400187,3626061,0.0000,1.0
2018-04-25,107.98,108.88,107.41,108.66,77.0831456277679,3194635,0.0000,1.0
2018-04-26,108.05,114.28,107.71,113.28,80.36056264231134,7309004,0.0000,1.0
2018-04-27,113.07,114.0,112.73,113.99,80.86423495407016,4557366,0.0000,1.0
2018-04-30,114.18,114.46,112.86,113.5,80.51663011919435,4479360,0.0000,1.0
2018-05-01,113.55,113.9,111.48,112.45,79.77176261588903,4376222,0.0000,1.0
2018-05-02,112.08,112.25,110.58,111.15,78.84954570703482,3563766,0.0000,1.0
2018-05-03,110.78,110.97,108.16,109.81,77.89895289329279,4079409,0.0000,1.0
2018-05-04,109.19,111.81,108.81,111.31,78.9630493265861,2412758,0.0000,1.0
2018-05-07,111.79,112.75,111.47,112.12,79.5376614005645,2583818,0.0000,1.0
2018-05-08,112.0,113.21,110.63,111.27,78.93467342169828,2848713,0.0000,1.0
2018-05-09,111.34,111.69,110.32,111.4,79.0268951125837,3205398,0.0000,1.0
2018-05-10,111.93,114.12,111.54,113.99,80.86423495407016,2477915,0.0000,1.0
2018-05-11,113.94,115.99,113.72,115.45,81.89995548247566,3388147,0.0000,1.0
2018-05-14,117.95,118.77,116.12,116.34,82.5313193662297,4618570,0.0000,1.0
2018-05-15,115.78,116.47,114.85,115.61,82.01345910202694,3480370,0.0000,1.0
2018-05-16,115.54,116.67,115.53,116.32,82.51713141378578,1970011,0.0000,1.0
2018-05-17,116.59,117.44,116.4,116.59,82.70866877177859,3697242,0.0000,1.0
2018-05-18,115.67,115.93,115.1,115.38,82.4958494851199,2450899,0.9100,1.0
2018-05-21,116.0,117.28,115.5,117.08,83.71133695369942,3333298,0.0000,1.0
2018-05-22,117.01,117.14,115.29,115.36,82.48154963254838,2027096,0.0000,1.0
2018-05-23,114.85,115.42,113.78,115.28,82.42435022226229,2013573,0.0000,1.0
2018-05-24,115.38,115.81,114.41,115.63,82.67459764226395,2303415,0.0000,1.0
2018-05-25,115.49,115.9,115.2,115.49,82.57449867426328,1583600,0.0000,1.0
2018-05-29,114.87,114.95,113.01,113.83,81.38761091082682,2724133,0.0000,1.0
2018-05-30,114.12,116.75,113.91,116.69,83.43248982855471,2911664,0.0000,1.0
2018-05-31,116.46,116.83,115.91,116.12,83.02494403026628,5892979,0.0000,1.0
2018-06-01,116.69,117.29,116.32,117.25,83.83288570055737,2237794,0.0000,1.0
2018-06-04,117.61,118.27,116.92,116.97,83.63268776455604,2248463,0.0000,1.0
2018-06-05,116.8,117.78,116.55,116.81,83.51828894398385,3340955,0.0000,1.0
2018-06-06,117.0,117.51,115.9,117.02,83.66843739598484,2783746,0.0000,1.0
2018-06-07,117.17,117.34,115.8,116.19,83.07499351426661,3106423,0.0000,1.0
2018-06-08,116.15,116.65,115.74,116.6,83.36814049198284,2879849,0.0000,1.0
2018-06-11,116.6,117.75,116.56,116.85,83.54688864912688,2004717,0.0000,1.0
2018-06-12,117.61,119.17,117.32,118.34,84.6122276657054,3414619,0.0000,1.0
2018-06-13,118.49,118.6,117.11,117.33,83.89008511084346,1668429,0.0000,1.0
2018-06-14,117.44,117.73,116.55,117.19,83.78998614284279,1869327,0.0000,1.0
2018-06-15,116.61,117.36,116.05,116.77,83.4896892388408,4286897,0.0000,1.0
2018-06-18,116.19,117.3,115.8,116.77,83.4896892388408,2177149,0.0000,1.0
2018-06-19,116.0,116.0,114.11,114.82,82.09545361311724,2738983,0.0000,1.0
2018-06-20,114.75,114.78,113.53,113.65,81.25891223768312,3112626,0.0000,1.0
2018-06-21,113.66,114.07,112.32,113.42,81.09446393311059,2721855,0.0000,1.0
2018-06-22,114.9,115.79,113.63,113.7,81.29466186911192,3661109,0.0000,1.0
2018-06-25,113.04,113.04,109.39,110.2,78.79218766909528,4044331,0.0000,1.0
2018-06-26,110.39,110.7,109.2,109.57,78.34174231309228,2332333,0.0000,1.0
2018-06-27,109.67,110.16,108.25,108.38,77.49090108508663,2940800,0.0000,1.0
2018-06-28,106.75,106.95,105.1,105.88,75.70341951364617,6173048,0.0000,1.0
2018-06-29,106.3,107.25,106.15,106.23,75.95366693364784,3409282,0.0000,1.0
2018-07-02,105.87,106.47,105.42,105.88,75.70341951364617,2252281,0.0000,1.0
2018-07-03,106.26,106.85,105.46,105.76,75.61762039821704,1145680,0.0000,1.0
2018-07-05,105.99,106.34,104.94,106.29,75.99656649136242,2866779,0.0000,1.0
2018-07-06,106.48,106.69,105.12,106.03,75.81066840793261,2022477,0.0000,1.0
2018-07-09,106.3,108.72,106.27,108.59,77.64104953708764,2103633,0.0000,1.0
2018-07-10,108.7,108.97,107.97,108.51,77.58385012680154,1503906,0.0000,1.0
2018-07-11,107.7,108.17,107.04,107.33,76.74015882508164,1764957,0.0000,1.0
2018-07-12,108.08,109.03,107.81,108.53,77.59814997937306,1920116,0.0000,1.0
2018-07-13,108.37,109.41,107.93,108.97,77.91274673594658,1997938,0.0000,1.0
2018-07-16,111.13,111.57,109.84,110.65,79.11393435195457,4288762,0.0000,1.0
2018-07-17,110.66,111.18,109.66,111.07,79.41423125595655,2102419,0.0000,1.0
2018-07-18,110.96,112.63,110.81,112.16,80.1935732211046,2798680,0.0000,1.0
2018-07-19,111.89,112.9,111.45,112.84,80.6797682085364,2457898,0.0000,1.0
2018-07-20,112.02,112.55,111.75,112.07,80.12922388453273,1776702,0.0000,1.0
2018-07-23,112.47,113.0,112.2,112.71,80.5868191668215,1871266,0.0000,1.0
2018-07-24,113.34,113.67,111.95,112.44,80.39377115710593,2646440,0.0000,1.0
2018-07-25,112.25,120.44,112.25,120.2,85.9421139548571,6725700,0.0000,1.0
2018-07-26,119.99,120.68,118.05,118.87,84.99117375885079,3630440,0.0000,1.0
2018-07-27,119.24,119.24,118.15,118.66,84.84102530684979,2095344,0.0000,1.0
2018-07-30,118.81,119.94,118.54,118.71,84.87677493827859,2020433,0.0000,1.0
2018-07-31,119.62,121.36,119.31,119.89,85.72046623999849,2395179,0.0000,1.0
2018-08-01,119.89,120.0,117.8,119.36,85.34152014685311,1913046,0.0000,1.0
2018-08-02,119.0,119.2,118.03,118.6,84.79812574913521,1653530,0.0000,1.0
2018-08-03,118.62,119.34,118.2,119.15,85.19137169485212,1912931,0.0000,1.0
2018-08-06,118.85,119.93,118.85,119.54,85.47021881999683,1603742,0.0000,1.0
2018-08-07,119.52,120.14,118.64,120.01,85.80626535542764,1957402,0.0000,1.0
2018-08-08,120.01,120.79,119.81,120.58,86.21381115371605,1603063,0.0000,1.0
2018-08-09,120.23,121.85,120.13,120.87,86.42115901600314,2050187,0.0000,1.0
2018-08-10,120.52,120.79,119.0,119.27,85.27717081028125,2341356,0.0000,1.0
2018-08-13,119.22,119.48,117.72,118.16,84.48352899256169,2339373,0.0000,1.0
2018-08-14,118.26,120.15,118.26,118.98,85.06982294799417,1914791,0.0000,1.0
2018-08-15,118.48,120.48,117.86,120.05,85.83486506057068,2619164,0.0000,1.0
2018-08-16,120.48,121.6,119.89,121.11,86.59275724686144,2126866,0.0000,1.0
2018-08-17,120.45,121.88,119.98,121.8,87.73674545258332,2384598,0.9100,1.0
2018-08-20,121.8,122.94,121.7,122.55,88.2769963482273,2272563,0.0000,1.0
2018-08-21,122.5,123.22,122.21,123.01,88.60835023088896,2594923,0.0000,1.0
2018-08-22,123.01,123.01,121.7,121.87,87.7871688695101,2272230,0.0000,1.0
2018-08-23,121.85,122.23,121.14,121.71,87.67191534510604,1263635,0.0000,1.0
2018-08-24,122.1,122.95,121.83,122.74,88.41385990845711,1969621,0.0000,1.0
2018-08-27,122.9,124.07,122.85,123.85,89.21343123401022,2641134,0.0000,1.0
2018-08-28,124.07,124.44,122.6,122.75,88.42106325373237,2126378,0.0000,1.0
2018-08-29,122.96,123.51,122.4,123.47,88.93970411355059,1528029,0.0000,1.0
2018-08-30,123.26,123.62,122.43,122.85,88.49309670648489,1314373,0.0000,1.0
2018-08-31,122.87,123.13,121.86,122.88,88.51470674231066,2188844,0.0000,1.0
2018-09-04,123.79,124.4,123.1,124.34,89.56639515249762,2396894,0.0000,1.0
2018-09-05,124.0,124.99,123.49,124.66,89.79690220130571,2368276,0.0000,1.0
2018-09-06,124.56,124.83,123.46,123.7,89.10538105488142,2282159,0.0000,1.0
2018-09-07,123.39,124.39,122.17,122.99,88.59394354033844,2530029,0.0000,1.0
2018-09-10,123.69,125.09,123.45,124.34,89.56639515249762,2458033,0.0000,1.0
2018-09-11,123.85,124.3,122.85,123.07,88.65157030254046,2260445,0.0000,1.0
2018-09-12,122.91,123.96,122.6,123.3,88.8172472438713,3243366,0.0000,1.0
2018-09-13,123.09,124.95,119.06,119.7,86.22404294478017,5029200,0.0000,1.0
2018-09-14,120.3,120.86,119.01,120.39,86.72107376877263,3730554,0.0000,1.0
2018-09-17,120.58,121.02,118.64,119.09,85.78463888298973,2945193,0.0000,1.0
2018-09-18,118.7,119.68,117.35,118.24,85.1723545345932,2851420,0.0000,1.0
2018-09-19,118.3,118.79,117.87,118.25,85.17955787986845,1944809,0.0000,1.0
2018-09-20,118.93,119.6,118.55,119.12,85.80624891881548,1905479,0.0000,1.0
2018-09-21,119.41,120.05,118.43,118.49,85.35243816647453,4348507,0.0000,1.0
2018-09-24,118.3,118.68,117.06,117.33,84.51685011454516,1889409,0.0000,1.0
2018-09-25,117.64,117.75,115.97,116.26,83.74609217009308,2108683,0.0000,1.0
2018-09-26,116.26,117.35,116.25,116.7,84.06303936220422,2220578,0.0000,1.0
2018-09-27,116.5,117.34,116.19,116.73,84.08464939802998,1599812,0.0000,1.0
2018-09-28,116.46,116.86,115.73,116.75,84.09905608858048,2642239,0.0000,1.0
2018-10-01,118.55,118.86,117.19,117.46,84.61049360312346,1821206,0.0000,1.0
2018-10-02,117.48,117.55,116.64,116.99,84.27193637518656,1336062,0.0000,1.0
2018-10-03,117.5,118.54,117.41,117.78,84.84100065193155,1802874,0.0000,1.0
2018-10-04,117.48,118.34,116.3,117.31,84.50244342399466,1799777,0.0000,1.0
2018-10-05,117.46,118.14,116.24,117.24,84.45202000706789,2039212,0.0000,1.0
2018-10-08,117.11,119.22,116.96,118.78,85.56133517945688,2867075,0.0000,1.0
2018-10-09,118.26,118.7,117.43,117.92,84.9418474857851,4652659,0.0000,1.0
2018-10-10,117.34,118.25,116.32,116.65,84.02702263582796,4669228,0.0000,1.0
2018-10-11,117.33,117.81,113.17,113.76,81.9452558512798,5239798,0.0000,1.0
2018-10-12,115.55,116.57,113.69,115.64,83.29948476302738,2993098,0.0000,1.0
2018-10-15,115.37,116.63,115.26,115.77,83.39312825160567,2648287,0.0000,1.0
2018-10-16,116.5,117.7,115.75,117.48,84.62490029367396,2681254,0.0000,1.0
2018-10-17,117.33,118.05,115.93,118.01,85.00667759326238,2104353,0.0000,1.0
2018-10-18,117.59,117.75,114.18,114.73,82.64398034297935,2270011,0.0000,1.0
2018-10-19,114.73,116.78,114.0,116.49,83.9117691114239,2460024,0.0000,1.0
2018-10-22,116.19,116.34,114.73,115.64,83.29948476302738,2359009,0.0000,1.0
2018-10-23,114.28,115.68,112.95,114.24,82.29101642449194,3120177,0.0000,1.0
2018-10-24,111.07,112.14,107.46,107.93,77.74570555580722,5794623,0.0000,1.0
2018-10-25,107.05,109.24,105.61,107.82,77.66646875777941,4270238,0.0000,1.0
2018-10-26,106.5,107.14,104.44,105.31,75.85842909369089,3965165,0.0000,1.0
2018-10-29,106.56,107.43,103.83,105.13,75.72876887873632,3355094,0.0000,1.0
2018-10-30,105.45,107.55,104.71,107.07,77.12621786213543,3047734,0.0000,1.0
2018-10-31,108.25,109.02,106.46,106.54,76.74444056254703,3620786,0.0000,1.0
2018-11-01,106.89,108.16,105.94,107.52,77.45036839952182,2897787,0.0000,1.0
2018-11-02,107.1,107.67,105.48,105.99,76.34825657240809,2854007,0.0000,1.0
2018-11-05,106.42,107.45,106.03,106.82,76.9461342302541,2445782,0.0000,1.0
2018-11-06,106.76,108.89,106.46,108.65,78.26434641562544,2582968,0.0000,1.0
2018-11-07,109.24,111.32,108.01,111.13,80.0507760438882,3720889,0.0000,1.0
2018-11-08,110.84,111.95,110.75,111.5,80.31729981907259,2566404,0.0000,1.0
2018-11-09,111.89,112.13,109.22,109.51,78.88383410929721,3377110,0.0000,1.0
2018-11-12,109.75,110.45,107.48,107.72,77.59443530502689,1810314,0.0000,1.0
2018-11-13,108.07,110.52,108.0,109.4,78.80459731126942,3578263,0.0000,1.0
2018-11-14,110.46,112.07,108.37,109.5,78.87663076402195,2964397,0.0000,1.0
2018-11-15,108.97,110.99,107.4,110.45,79.560948565171,3304022,0.0000,1.0
2018-11-16,109.44,110.79,108.81,110.09,79.95713255530993,2583906,0.9100,1.0
2018-11-19,110.11,111.91,109.89,111.29,80.82867909964976,2932485,0.0000,1.0
2018-11-20,110.29,110.8,108.03,108.51,78.80959627192915,3485404,0.0000,1.0
2018-11-21,109.0,109.71,108.49,108.77,78.99843135653612,1660601,0.0000,1.0
2018-11-23,108.83,109.98,108.2501,108.69,78.94032825358012,835857,0.0000,1.0
2018-11-26,109.91,110.92,109.04,110.64,80.35659138813234,3400412,0.0000,1.0
2018-11-27,110.11,111.56,109.63,111.51,80.98846263277873,1933798,0.0000,1.0
2018-11-28,111.64,113.62,110.93,113.55,82.47009175815643,2321990,0.0000,1.0
2018-11-29,113.11,113.93,112.36,113.26,82.25946800994097,1998429,0.0000,1.0
2018-11-30,113.74,115.44,113.19,115.29,83.7338342474492,3564276,0.0000,1.0
2018-12-03,116.62,117.29,113.78,115.27,83.71930847171019,3529800,0.0000,1.0
2018-12-04,113.6,113.78,105.85,106.77,77.5458537826364,6865946,0.0000,1.0
2018-12-06,106.14,108.1,105.38,108.04,78.46824054206272,4269562,0.0000,1.0
2018-12-07,108.03,109.34,104.47,105.32,76.4927350415591,3172275,0.0000,1.0
2018-12-10,104.66,105.49,100.89,104.4,75.82454935756523,3993358,0.0000,1.0
2018-12-11,105.78,106.4,102.28,103.58,75.22899255226635,2382552,0.0000,1.0
2018-12-12,104.67,104.9,101.17,101.21,73.50768812719518,4453652,0.0000,1.0
2018-12-13,101.33,101.85,99.75,100.78,73.19538394880675,3490501,0.0000,1.0
2018-12-14,99.87,100.04,97.54,98.66,71.65565172047305,4532224,0.0000,1.0
2018-12-17,98.4,98.83,96.36,96.87,70.3555947918328,4649236,0.0000,1.0
2018-12-18,97.88,99.07,96.7,97.28,70.65337319448224,3404718,0.0000,1.0
2018-12-19,93.71,98.55,93.26,94.32,68.50355838511065,6326045,0.0000,1.0
2018-12-20,94.48,95.78,92.69,93.94,68.22756864606971,5200005,0.0000,1.0
2018-12-21,93.55,95.28,93.16,93.5,67.90800157981177,7889446,0.0000,1.0
2018-12-24,93.03,93.35,89.89,89.89,65.28609905892279,2728294,0.0000,1.0
2018-12-26,90.83,96.78,89.94,96.61,70.16675970722584,6259428,0.0000,1.0
2018-12-27,95.24,97.78,94.08,97.78,71.01651758795717,4335543,0.0000,1.0
2018-12-28,98.18,98.82,96.14,96.53,70.10865660426984,2972183,0.0000,1.0
2018-12-31,96.86,97.56,96.44,97.53,70.8349453912197,2656670,0.0000,1.0
2019-01-02,96.12,97.36,95.78,97.21,70.60253297939575,3297520,0.0000,1.0
2019-01-03,96.47,96.65,94.19,94.45,68.59797592741414,2705032,0.0000,1.0
2019-01-04,96.19,97.93,95.83,97.74,70.98746603647916,3347302,0.0000,1.0
2019-01-07,97.48,98.15,96.18,97.41,70.74779073678572,3795650,0.0000,1.0
2019-01-08,98.46,99.11,96.53,97.42,70.75505362465522,3034282,0.0000,1.0
2019-01-09,97.59,98.33,97.16,97.92,71.11819801813014,3678230,0.0000,1.0
2019-01-10,97.4,99.14,96.85,98.91,71.83722391721051,2432217,0.0000,1.0
2019-01-11,98.29,98.96,97.31,97.91,71.11093513026064,5282804,0.0000,1.0
2019-01-14,97.33,99.65,96.63,99.14,72.00427033820897,4731266,0.0000,1.0
2019-01-15,99.14,99.14,96.82,97.56,70.8567340548282,4777103,0.0000,1.0
2019-01-16,97.9,98.95,96.87,96.99,70.44274944626677,4463447,0.0000,1.0
2019-01-17,96.95,99.65,96.8,99.58,72.32383740446691,4004283,0.0000,1.0
2019-01-18,100.43,101.87,100.11,101.6,73.79094075410562,4249091,0.0000,1.0
2019-01-22,101.5,103.0,101.15,102.68,74.57533264401148,5594315,0.0000,1.0
2019-01-23,103.04,103.13,99.24,100.92,73.29706437897973,4573263,0.0000,1.0
2019-01-24,100.36,100.64,98.83,99.7,72.4109920589009,2807393,0.0000,1.0
2019-01-25,100.7,101.74,100.0,100.83,73.23169838815423,3445551,0.0000,1.0
2019-01-28,99.87,100.62,98.91,100.33,72.8685539946793,3126239,0.0000,1.0
2019-01-29,100.37,101.33,99.78,101.3,73.57305411802066,2209103,0.0000,1.0
2019-01-30,101.89,102.05,100.25,101.19,73.49316235145618,4013005,0.0000,1.0
2019-01-31,105.5,108.0,102.75,105.4,76.5508381445151,7327400,0.0000,1.0
2019-02-01,105.72,106.5,105.26,106.09,77.05197740751049,3526127,0.0000,1.0
2019-02-04,106.0,106.59,105.42,106.58,77.40785891311592,3184663,0.0000,1.0
2019-02-05,106.81,107.71,106.04,107.66,78.19225080302176,3690385,0.0000,1.0
2019-02-06,107.45,108.84,107.17,108.82,79.0347457958836,4490558,0.0000,1.0
2019-02-07,108.35,108.95,107.39,107.94,78.39561166336773,3395683,0.0000,1.0
2019-02-08,107.39,108.12,106.74,108.1,78.5118178692797,2951012,0.0000,1.0
2019-02-11,108.21,109.02,107.89,108.93,79.1146375624481,2765281,0.0000,1.0
2019-02-12,109.56,110.79,109.56,110.66,80.37111716387135,2881875,0.0000,1.0
2019-02-13,111.0,112.06,110.48,112.01,81.35160702625366,2731606,0.0000,1.0
2019-02-14,111.41,112.17,110.61,111.8,81.19908638099419,2359424,0.0000,1.0
2019-02-15,110.93,111.95,109.62,110.87,80.52363780913082,4273403,0.0000,1.0
2019-02-19,110.9,111.75,110.165,110.77,80.45100893043583,2658706,0.0000,1.0
2019-02-20,110.93,111.16,110.4,111.07,80.66889556652079,3346687,0.0000,1.0
2019-02-21,110.77,112.28,110.71,111.76,81.1700348295162,2260051,0.0000,1.0
2019-02-22,111.89,111.89,107.85,110.36,80.15323052778639,4084975,0.0000,1.0
2019-02-25,109.9,111.23,109.65,110.86,81.21361215673316,3112674,0.9600,1.0
2019-02-26,110.72,111.9,110.67,111.04,81.3454762212128,2927654,0.0000,1.0
2019-02-27,110.93,111.2,110.42,111.13,81.4114082534526,2620930,0.0000,1.0
2019-02-28,110.74,111.09,109.99,110.2,80.73011058697452,2843575,0.0000,1.0
2019-03-01,110.94,112.37,110.35,112.13,82.14398638945056,3904160,0.0000,1.0
2019-03-04,112.72,112.9,109.81,110.48,80.93523246505394,2731050,0.0000,1.0
2019-03-05,109.89,110.85,109.01,109.97,80.56161761569498,3150966,0.0000,1.0
2019-03-06,109.83,110.01,108.33,108.85,79.74113010337727,2679533,0.0000,1.0
2019-03-07,108.65,109.03,106.22,106.86,78.28329961274135,3979948,0.0000,1.0
2019-03-08,106.19,106.73,104.94,106.68,78.15143554826173,2648883,0.0000,1.0
2019-03-11,106.87,108.92,106.79,108.83,79.72647854065733,2963374,0.0000,1.0
2019-03-12,109.08,109.84,108.62,109.01,79.85834260513695,2549594,0.0000,1.0
2019-03-13,109.72,111.73,109.58,110.86,81.21361215673316,3323786,0.0000,1.0
2019-03-14,111.16,111.18,110.08,110.88,81.22826371945312,2539575,0.0000,1.0
2019-03-15,110.85,111.25,109.42,109.52,80.23195745449591,4874437,0.0000,1.0
2019-03-18,109.55,110.87,109.5,110.69,81.08907387361351,2394675,0.0000,1.0
2019-03-19,110.8,111.02,110.11,110.35,80.8399973073742,2940813,0.0000,1.0
2019-03-20,108.33,109.0,106.5,107.92,79.05983243689919,4199058,0.0000,1.0
2019-03-21,107.27,109.97,106.93,109.8,80.43707933257534,1820318,0.0000,1.0
2019-03-22,109.27,109.59,107.3,107.35,78.64226289938034,2727867,0.0000,1.0
2019-03-25,107.07,107.46,106.34,106.9,78.31260273818127,2088191,0.0000,1.0
2019-03-26,107.69,108.79,107.28,108.41,79.41879572353818,2204468,0.0000,1.0
2019-03-27,108.5,109.14,108.16,108.98,79.83636526105701,1911333,0.0000,1.0
2019-03-28,109.31,110.41,109.02,110.3,80.80336840057431,1621022,0.0000,1.0
2019-03-29,111.0,112.03,110.93,111.74,81.85828091641136,3428646,0.0000,1.0
2019-04-01,113.19,114.78,112.9,114.43,83.82891610224587,3721746,0.0000,1.0
2019-04-02,114.38,114.55,113.11,113.68,83.2794825002474,2456380,0.0000,1.0
2019-04-03,114.5,115.03,113.88,114.35,83.77030985136602,2556646,0.0000,1.0
2019-04-04,114.3,114.57,113.49,113.97,83.4919301596868,2889431,0.0000,1.0
2019-04-05,114.16,114.91,114.04,114.33,83.75565828864606,2487410,0.0000,1.0
2019-04-08,113.73,114.06,113.32,113.97,83.4919301596868,1854580,0.0000,1.0
2019-04-09,113.07,113.27,112.41,112.91,82.71539733552898,2230051,0.0000,1.0
2019-04-10,113.17,113.27,112.31,113.08,82.83993561864862,1767657,0.0000,1.0
2019-04-11,113.2,113.73,112.88,113.49,83.14029265440779,2384755,0.0000,1.0
2019-04-12,113.94,114.88,113.46,114.46,83.8508934463258,2853767,0.0000,1.0
2019-04-15,114.72,114.91,113.22,113.64,83.25017937480747,1768302,0.0000,1.0
2019-04-16,113.69,114.15,113.39,113.94,83.46995281560686,2072514,0.0000,1.0
2019-04-17,114.42,114.72,113.81,114.49,83.87287079040574,2108367,0.0000,1.0
2019-04-18,114.53,114.72,114.07,114.15,83.62379422416645,1859667,0.0000,1.0
2019-04-22,113.58,113.86,112.86,113.62,83.23552781208753,2585493,0.0000,1.0
2019-04-23,113.34,114.05,112.82,113.6,83.22087624936756,2851332,0.0000,1.0
2019-04-24,113.6,114.98,113.45,114.43,83.82891610224587,3570644,0.0000,1.0
2019-04-25,109.59,109.88,104.2,105.13,77.0159394374649,10116646,0.0000,1.0
2019-04-26,104.91,105.02,103.2,103.95,76.15149723698731,5421764,0.0000,1.0
2019-04-29,104.01,104.97,103.02,104.84,76.80349177802549,4551027,0.0000,1.0
2019-04-30,104.68,106.42,103.31,106.22,77.81444960570266,5101373,0.0000,1.0
2019-05-01,106.06,106.5,104.26,104.62,76.64232458810594,2615332,0.0000,1.0
2019-05-02,104.62,106.03,104.1,105.51,77.29431912914411,2589777,0.0000,1.0
2019-05-03,106.14,106.95,105.32,106.65,78.12945820418179,3107551,0.0000,1.0
2019-05-06,104.55,105.89,104.01,104.62,76.64232458810594,2704933,0.0000,1.0
2019-05-07,103.88,104.08,101.1,102.09,74.78890190403112,4221600,0.0000,1.0
2019-05-08,102.24,103.14,101.75,101.85,74.61308315139159,2497818,0.0000,1.0
2019-05-09,101.08,101.08,99.77,100.75,73.80724720179386,3998831,0.0000,1.0
2019-05-10,100.21,101.0,98.43,100.63,73.7193378254741,3071318,0.0000,1.0
2019-05-13,98.62,99.48,97.87,99.35,72.78163781139672,3766439,0.0000,1.0
2019-05-14,99.65,100.93,99.56,99.76,73.08199484715588,2889252,0.0000,1.0
2019-05-15,99.41,102.01,98.87,101.54,74.38598392923224,3818537,0.0000,1.0
2019-05-16,101.6,102.9,100.98,101.31,74.2174909579527,3337884,0.0000,1.0
2019-05-17,99.54,100.65,99.0,99.4,73.52154172875467,2587007,0.9600,1.0
2019-05-20,98.6,98.84,97.88,98.52,72.8706467919206,2088488,0.0000,1.0
2019-05-21,99.35,99.75,98.54,99.41,73.52893826212777,1762095,0.0000,1.0
2019-05-22,98.72,98.82,97.44,97.5,72.11620038786297,2580723,0.0000,1.0
2019-05-23,96.92,97.0,95.15,96.17,71.13246144923879,3112059,0.0000,1.0
2019-05-24,96.41,96.82,95.34,95.85,70.89577238129912,2401666,0.0000,1.0
2019-05-28,95.88,95.95,94.07,94.07,69.57918944088482,3357610,0.0000,1.0
2019-05-29,93.96,95.12,93.04,94.77,70.0969467770028,3388352,0.0000,1.0
2019-05-30,95.4,96.13,95.02,95.75,70.821807047568,2518894,0.0000,1.0
2019-05-31,94.38,95.0,92.65,92.92,68.72858810297669,4192501,0.0000,1.0
2019-06-03,92.84,95.07,92.83,94.13,69.6235686411235,4971801,0.0000,1.0
2019-06-04,95.48,97.68,94.69,97.66,72.23454492183279,5096030,0.0000,1.0
2019-06-05,98.33,98.65,97.58,98.21,72.64135425735407,2767067,0.0000,1.0
2019-06-06,98.22,98.45,97.43,98.0,72.48602705651868,2643239,0.0000,1.0
2019-06-07,98.69,98.94,98.05,98.23,72.6561473241003,2803257,0.0000,1.0
2019-06-10,99.15,100.43,98.9161,100.09,74.03190253149954,3327342,0.0000,1.0
2019-06-11,100.99,101.34,99.86,100.01,73.97273026451462,3229580,0.0000,1.0
2019-06-12,99.58,100.43,99.37,100.4,74.26119506606608,2261675,0.0000,1.0
2019-06-13,101.0,102.29,100.96,102.02,75.45943347251057,2943200,0.0000,1.0
2019-06-14,101.85,101.89,100.65,101.62,75.163572137586,1829527,0.0000,1.0
2019-06-17,101.65,101.93,100.97,101.4,75.00084840337749,2317903,0.0000,1.0
2019-06-18,101.89,103.59,101.64,102.15,75.55558840636105,2524238,0.0000,1.0
2019-06-19,102.26,102.5214,100.97,101.56,75.11919293734732,2056593,0.0000,1.0
2019-06-20,102.75,103.685,102.41,103.4,76.48015507800032,2622920,0.0000,1.0
2019-06-21,103.41,103.64,102.14,102.17,75.57038147310728,5283119,0.0000,1.0
2019-06-24,101.65,101.99,99.66,99.72,73.7582307966943,3704662,0.0000,1.0
2019-06-25,99.72,99.72,96.99,97.13,71.84252865305774,5339355,0.0000,1.0
2019-06-26,97.61,100.38,97.14,99.97,73.94314413102217,4623977,0.0000,1.0
2019-06-27,100.34,102.09,100.17,101.7,75.22274440457092,2613555,0.0000,1.0
2019-06-28,102.24,103.47,102.24,103.27,76.38400014414984,3130360,0.0000,1.0
2019-07-01,104.58,105.12,102.38,102.97,76.16210414295641,2630394,0.0000,1.0
2019-07-02,103.13,103.13,101.32,102.0,75.44464040576433,2020215,0.0000,1.0
2019-07-03,102.22,103.21,101.86,103.2,76.33222441053803,1193338,0.0000,1.0
2019-07-05,102.79,102.79,101.25,102.42,75.75529480743513,1572035,0.0000,1.0
2019-07-08,101.71,102.68,101.71,101.92,75.38546813877943,1675413,0.0000,1.0
2019-07-09,101.63,101.76,101.16,101.73,75.24493400469026,1952391,0.0000,1.0
2019-07-10,102.43,102.45,101.26,101.62,75.163572137586,1992390,0.0000,1.0
2019-07-11,101.64,103.39,101.46,103.33,76.42837934438852,1819966,0.0000,1.0
2019-07-12,103.7,106.21,103.7,105.91,78.33668495465197,3541254,0.0000,1.0
2019-07-15,105.72,106.25,104.55,105.79,78.24792655417461,2288208,0.0000,1.0
2019-07-16,106.25,107.53,105.56,105.61,78.11478895345854,2958355,0.0000,1.0
2019-07-17,105.08,105.08,102.09,102.23,75.61476067334597,3672351,0.0000,1.0
2019-07-18,101.91,102.96,101.82,102.8,76.03636307561347,2359035,0.0000,1.0
2019-07-19,103.21,104.83,103.16,103.31,76.4135862776423,3011846,0.0000,1.0
2019-07-22,103.91,104.46,103.64,104.01,76.93134361376029,2495483,0.0000,1.0
2019-07-23,104.48,105.31,104.01,105.27,77.86330681877266,3362331,0.0000,1.0
2019-07-24,110.07,115.05,109.61,114.39,84.60894525505277,12086009,0.0000,1.0
2019-07-25,115.3,118.29,114.88,118.25,87.46400713707483,8941646,0.0000,1.0
2019-07-26,117.48,121.3,117.44,120.58,89.18739941301043,8526543,0.0000,1.0
2019-07-29,119.38,119.8,118.1,118.75,87.83383380573054,4171063,0.0000,1.0
2019-07-30,117.68,120.58,117.16,119.81,88.61786634328064,3265877,0.0000,1.0
2019-07-31,119.65,121.2,118.19,119.47,88.36638420859475,4859498,0.0000,1.0
2019-08-01,118.87,120.77,116.57,116.98,86.52464739868934,5106866,0.0000,1.0
2019-08-02,116.65,118.09,116.3,117.2,86.68737113289785,3669333,0.0000,1.0
2019-08-05,115.48,115.72,113.63,114.85,84.94918579021602,4332869,0.0000,1.0
2019-08-06,115.61,115.93,113.59,115.0,85.06013379081273,4875246,0.0000,1.0
2019-08-07,113.64,115.56,112.22,115.41,85.3633916591104,3529419,0.0000,1.0
2019-08-08,116.54,117.8,116.25,117.55,86.94624980095683,2349065,0.0000,1.0
2019-08-09,117.25,117.44,115.44,115.75,85.61487379379629,2113845,0.0000,1.0
2019-08-12,115.13,115.94,114.46,114.89,84.97877192370848,1620518,0.0000,1.0
2019-08-13,114.4,117.93,114.25,115.83,85.67404606078121,2817409,0.0000,1.0
2019-08-14,114.76,115.35,113.9,114.04,84.35006658699378,3775794,0.0000,1.0
2019-08-15,114.7,114.83,112.71,113.9,84.24651511977018,3697978,0.0000,1.0
2019-08-16,113.9,115.43,113.9,115.3,85.9920969958251,2723321,0.9600,1.0
2019-08-19,116.68,117.5,116.26,116.79,87.1033565320244,2382803,0.0000,1.0
2019-08-20,116.25,116.48,114.96,115.04,85.79818593581717,2600100,0.0000,1.0
2019-08-21,116.32,116.6,115.31,115.93,86.46195841045972,1906901,0.0000,1.0
2019-08-22,116.34,116.94,114.11,115.22,85.9324320542842,3004990,0.0000,1.0
2019-08-23,114.33,114.65,110.51,111.28,82.99393368339477,4375816,0.0000,1.0
2019-08-26,113.04,114.75,112.54,114.36,85.2910339327195,3215766,0.0000,1.0
2019-08-27,114.67,115.0,113.46,114.13,85.1194972257894,2884007,0.0000,1.0
2019-08-28,113.87,116.79,113.34,116.33,86.76028311816421,2607193,0.0000,1.0
2019-08-29,117.81,119.51,117.34,118.37,88.28173912745723,2709158,0.0000,1.0
2019-08-30,119.59,119.85,118.54,118.66,88.49802454054299,2209665,0.0000,1.0
2019-09-03,117.66,118.38,116.19,117.33,87.50609488742549,1981834,0.0000,1.0
2019-09-04,118.57,119.94,118.44,119.47,89.10213207364463,2732909,0.0000,1.0
2019-09-05,120.12,122.54,120.0,121.2,90.39238643446663,2854551,0.0000,1.0
2019-09-06,121.52,121.89,119.76,120.08,89.557077252894,2116258,0.0000,1.0
2019-09-09,121.0,122.19,120.28,121.66,90.73545984832681,2879680,0.0000,1.0
2019-09-10,121.2,122.47,120.77,122.4,91.28736055758017,3070244,0.0000,1.0
2019-09-11,122.43,122.9,121.21,122.85,91.62297585374773,2435451,0.0000,1.0
2019-09-12,122.82,123.63,121.82,122.56,91.40669044066196,2224434,0.0000,1.0
2019-09-13,123.19,123.45,122.33,122.67,91.4887297352807,3107251,0.0000,1.0
2019-09-16,122.06,122.96,121.4,122.57,91.41414855835457,2249892,0.0000,1.0
2019-09-17,121.72,122.52,121.06,122.39,91.27990243988755,2037050,0.0000,1.0
2019-09-18,119.12,121.3,118.72,121.04,90.27305655138483,4118343,0.0000,1.0
2019-09-19,120.61,120.76,118.9,119.12,88.84109795440318,3748797,0.0000,1.0
2019-09-20,119.83,120.92,119.27,120.7,90.01948054983599,5324031,0.0000,1.0
2019-09-23,119.8,120.89,118.91,119.05,88.78889113055489,3073021,0.0000,1.0
2019-09-24,119.22,119.97,117.43,117.99,87.99833065513793,3220214,0.0000,1.0
2019-09-25,118.23,119.9,117.95,119.05,88.78889113055489,3203717,0.0000,1.0
2019-09-26,119.0,119.0,117.66,118.45,88.34140406899813,2011239,0.0000,1.0
2019-09-27,119.0,119.5,118.33,118.95,88.71430995362876,2455967,0.0000,1.0
2019-09-30,119.31,120.0,118.99,119.82,89.36316619288607,2775274,0.0000,1.0
2019-10-01,120.25,120.7,114.85,115.81,86.37246099814836,4320012,0.0000,1.0
2019-10-02,114.89,115.98,114.34,115.24,85.94734828966942,3933819,0.0000,1.0
2019-10-03,115.4,116.47,114.01,115.9,86.43958405738188,3055356,0.0000,1.0
2019-10-04,116.14,117.6,115.93,117.49,87.6254247705073,2333951,0.0000,1.0
2019-10-07,116.7,117.03,115.43,115.57,86.19346617352564,2878107,0.0000,1.0
2019-10-08,114.41,114.41,112.44,112.74,84.08281886651623,3475150,0.0000,1.0
2019-10-09,114.0,114.5,113.15,113.86,84.91812804808886,2555513,0.0000,1.0
2019-10-10,114.04,115.43,113.82,115.28,85.97718076043988,2220947,0.0000,1.0
2019-10-11,116.88,117.98,115.89,116.02,86.52908146969322,3092232,0.0000,1.0
2019-10-14,115.94,116.67,115.51,115.87,86.41720970430403,1963531,0.0000,1.0
2019-10-15,116.09,118.16,115.83,116.48,86.8721548835534,2642893,0.0000,1.0
2019-10-16,116.15,117.54,116.15,117.5,87.63288288819992,2260764,0.0000,1.0
2019-10-17,117.81,118.92,117.67,118.39,88.29665536284244,2223672,0.0000,1.0
2019-10-18,118.44,118.64,117.03,117.35,87.52101112281072,2720563,0.0000,1.0
2019-10-21,117.7,119.25,117.6,118.52,88.39361089284641,3295217,0.0000,1.0
2019-10-22,115.83,116.56,111.78,116.1,86.58874641123411,8328528,0.0000,1.0
2019-10-23,115.4,116.07,114.66,115.15,85.88022523043591,3672323,0.0000,1.0
2019-10-24,114.8,115.5,113.42,114.01,85.02999981347806,2978927,0.0000,1.0
2019-10-25,114.0,115.97,113.87,115.72,86.30533793891483,2704037,0.0000,1.0
2019-10-28,116.08,117.28,115.98,116.25,86.70061817662331,1730368,0.0000,1.0
2019-10-29,116.64,117.64,116.3,116.91,87.19285394433575,2867255,0.0000,1.0
2019-10-30,116.87,117.0,115.08,116.88,87.17047959125792,2417329,0.0000,1.0
2019-10-31,116.04,116.88,114.51,115.17,85.89514146582114,2954249,0.0000,1.0
2019-11-01,116.46,119.58,116.11,119.51,89.13196454441508,4170123,0.0000,1.0
2019-11-04,120.0,123.1,120.0,123.02,91.74976385452214,4229780,0.0000,1.0
2019-11-05,123.32,123.78,121.28,121.39,90.53409067062627,3116404,0.0000,1.0
2019-11-06,121.38,121.95,120.74,121.95,90.95174526141258,2820159,0.0000,1.0
2019-11-07,122.35,124.66,122.02,123.49,92.10029538607495,3156082,0.0000,1.0
2019-11-08,123.52,125.31,123.51,124.3,92.70440291917659,2310715,0.0000,1.0
2019-11-11,123.41,123.76,122.74,123.14,91.8392612668335,1318719,0.0000,1.0
2019-11-12,123.0,123.68,122.62,123.01,91.74230573682954,1555577,0.0000,1.0
2019-11-13,122.62,123.46,122.03,123.02,91.74976385452214,1614625,0.0000,1.0
2019-11-14,122.74,124.23,122.74,124.08,92.5403243299391,1580437,0.0000,1.0
2019-11-15,123.54,124.02,123.05,123.73,92.99526950918849,1891022,0.9600,1.0
2019-11-18,123.53,123.75,122.56,122.77,92.27373504924489,1772728,0.0000,1.0
2019-11-19,123.46,123.54,120.23,120.54,90.5976706266676,3642567,0.0000,1.0
2019-11-20,120.2,120.32,118.83,119.01,89.44772508113249,2904554,0.0000,1.0
2019-11-21,118.79,119.71,118.7,119.52,89.83104026297751,1923922,0.0000,1.0
2019-11-22,119.96,121.11,119.06,119.32,89.68072058382259,2597820,0.0000,1.0
2019-11-25,119.84,120.4,119.25,120.3,90.41728701168168,2460349,0.0000,1.0
2019-11-26,120.37,121.68,119.91,121.2,91.0937255678788,2888356,0.0000,1.0
2019-11-27,121.44,121.7,119.75,119.87,90.09409970149862,1862665,0.0000,1.0
2019-11-29,120.02,120.25,119.62,119.73,89.98887592609017,1372003,0.0000,1.0
2019-12-02,120.09,120.66,118.15,118.22,88.85396234847056,2438321,0.0000,1.0
2019-12-03,116.83,117.4,115.72,116.93,87.88440041792137,2139761,0.0000,1.0
2019-12-04,117.22,118.23,116.38,116.47,87.53866515586505,2202172,0.0000,1.0
2019-12-05,116.08,116.4,114.25,115.01,86.44133149803417,4889428,0.0000,1.0
2019-12-06,116.0,117.85,116.0,117.53,88.33535945538611,2762684,0.0000,1.0
2019-12-09,117.0,118.36,116.56,118.14,88.7938344768086,1974127,0.0000,1.0
2019-12-10,118.13,119.37,117.82,118.54,89.09447383511844,2438808,0.0000,1.0
2019-12-11,118.54,118.54,116.76,116.79,87.77917664251292,3300158,0.0000,1.0
2019-12-12,115.18,117.55,114.78,116.95,87.89943238583686,4320625,0.0000,1.0
2019-12-13,118.03,119.63,117.8,118.62,89.1546017067804,2968129,0.0000,1.0
2019-12-16,119.12,119.93,118.74,119.12,89.53040090466769,2978134,0.0000,1.0
2019-12-17,120.03,121.32,119.55,120.29,90.40977102772395,2804704,0.0000,1.0
2019-12-18,118.54,118.75,117.05,117.95,88.65103078161142,4957461,0.0000,1.0
2019-12-19,118.36,119.56,118.27,118.56,89.10950580303393,3200950,0.0000,1.0
2019-12-20,119.89,119.89,117.33,117.4,88.23765166393541,6945032,0.0000,1.0
2019-12-23,118.23,119.42,117.56,118.94,89.39511319342826,2047463,0.0000,1.0
2019-12-24,117.43,118.36,117.34,118.33,88.93663817200577,872025,0.0000,1.0
2019-12-26,119.09,119.23,118.6,119.04,89.47027303300572,1274586,0.0000,1.0
2019-12-27,119.45,119.49,118.57,118.94,89.39511319342826,1419499,0.0000,1.0
2019-12-30,119.22,119.22,116.25,116.44,87.51611720399181,2430406,0.0000,1.0
2019-12-31,116.04,117.09,115.57,117.06,87.98210820937206,2875138,0.0000,1.0
2020-01-02,117.68,117.97,115.23,116.79,87.77917664251292,4158134,0.0000,1.0
2020-01-03,114.97,116.86,114.84,116.72,87.72656475480869,2477787,0.0000,1.0
2020-01-06,115.45,116.23,114.37,116.2,87.33573358900593,3379360,0.0000,1.0
2020-01-07,115.86,116.44,115.07,116.0,87.18541390985101,1976787,0.0000,1.0
2020-01-08,115.38,117.56,115.32,116.66,87.68146885106222,2015978,0.0000,1.0
2020-01-09,117.03,117.83,116.38,116.93,87.88440041792137,2151509,0.0000,1.0
2020-01-10,117.07,117.07,115.6,115.87,87.0877061184003,2544965,0.0000,1.0
2020-01-13,116.12,117.22,115.9,116.75,87.74911270668194,1826154,0.0000,1.0
2020-01-14,116.75,118.18,116.69,117.27,88.13994387248471,2598597,0.0000,1.0
2020-01-15,117.51,118.7,117.27,117.93,88.63599881369595,3168371,0.0000,1.0
2020-01-16,118.51,119.11,118.1,118.61,89.14708572282265,2426841,0.0000,1.0
2020-01-17,118.74,119.24,118.17,118.6,89.1395697388649,3403414,0.0000,1.0
2020-01-21,118.21,118.54,116.75,117.39,88.23013567997766,2960661,0.0000,1.0
2020-01-22,117.79,119.24,117.25,117.26,88.13242788852698,2423358,0.0000,1.0
2020-01-23,117.03,117.12,115.55,116.93,87.88440041792137,2493729,0.0000,1.0
2020-01-24,117.04,117.11,115.93,116.66,87.68146885106222,2015444,0.0000,1.0
2020-01-27,114.95,115.45,113.35,114.92,86.37368764241447,2903636,0.0000,1.0
2020-01-28,115.45,116.36,114.44,115.37,86.71190692051302,2037152,0.0000,1.0
2020-01-29,115.76,116.99,115.33,115.76,87.00503029486511,2845351,0.0000,1.0
2020-01-30,112.26,113.07,107.34,108.0,81.17262674365438,9468430,0.0000,1.0
2020-01-31,107.84,107.9,103.09,103.52,77.80546593058428,7232019,0.0000,1.0
2020-02-03,104.16,104.48,101.66,102.03,76.68558432088015,5625114,0.0000,1.0
2020-02-04,103.34,103.86,102.62,103.38,77.70024215517583,4857228,0.0000,1.0
2020-02-05,104.63,106.59,104.34,106.04,79.69949388793621,4438672,0.0000,1.0
2020-02-06,106.6,107.79,105.5,106.51,80.05274513395027,3860559,0.0000,1.0
2020-02-07,106.05,106.37,103.0,103.12,77.50482657227445,5753492,0.0000,1.0
2020-02-10,103.4,103.75,101.63,103.07,77.46724665248571,4668364,0.0000,1.0
2020-02-11,103.42,105.45,103.22,104.87,78.82012376487995,2806278,0.0000,1.0
2020-02-12,105.77,106.77,105.49,105.54,79.32369469004892,2492461,0.0000,1.0
2020-02-13,104.99,106.13,104.37,105.24,79.09821517131654,2767648,0.0000,1.0
2020-02-14,104.99,106.19,104.68,105.95,79.6318500323165,2694594,0.0000,1.0
2020-02-18,105.95,106.92,105.7,106.42,79.98510127833055,3371622,0.0000,1.0
2020-02-19,106.98,106.98,105.95,106.76,80.24064473289391,2663193,0.0000,1.0
2020-02-20,106.48,107.61,105.95,106.48,80.03019718207703,3171186,0.0000,1.0
2020-02-21,105.62,105.73,102.75,102.94,77.36953886103501,6034126,0.0000,1.0
2020-02-24,99.76,100.14,97.62,98.49,74.78404037957047,7300417,1.0100,1.0
2020-02-25,99.07,99.22,93.22,93.9,71.29882619191459,7603651,0.0000,1.0
2020-02-26,95.08,95.39,93.18,93.73,71.16974418496436,7411487,0.0000,1.0
2020-02-27,91.51,93.14,89.89,90.24,68.5197665128687,9140993,0.0000,1.0
2020-02-28,88.63,91.35,87.67,90.49,68.70959299367784,11497820,0.0000,1.0
2020-03-02,92.05,93.14,89.41,92.75,70.42562438019252,8719244,0.0000,1.0
2020-03-03,94.86,96.0,90.57,91.3,69.32463079149947,9261240,0.0000,1.0
2020-03-04,92.29,95.88,91.43,95.82,72.7566935645288,6642254,0.0000,1.0
2020-03-05,92.78,94.25,91.94,92.99,70.60785780176928,5275631,0.0000,1.0
2020-03-06,90.27,94.48,90.14,94.0,71.37475678423823,5597698,0.0000,1.0
2020-03-09,88.44,92.0,87.1,87.18,66.19629038776479,8646217,0.0000,1.0
2020-03-10,90.48,92.95,87.19,92.82,70.47877579481907,8913552,0.0000,1.0
2020-03-11,89.82,91.17,87.31,87.99,66.8113281855864,5556238,0.0000,1.0
2020-03-12,82.22,92.44,82.0,86.17,65.42939140529585,9381643,0.0000,1.0
2020-03-13,91.0,94.6,87.51,94.23,71.54939714658265,10915530,0.0000,1.0
2020-03-16,85.86,94.21,85.5,87.06,66.10517367697639,9004612,0.0000,1.0
2020-03-17,89.05,97.21,87.79,96.79,73.4932203100683,10425481,0.0000,1.0
2020-03-18,91.0,101.85,90.31,99.26,75.36870594046263,11128343,0.0000,1.0
2020-03-19,98.67,103.8,95.46,96.25,73.08319511152054,7686173,0.0000,1.0
2020-03-20,96.15,97.73,90.91,93.46,70.96473158569049,7350763,0.0000,1.0
2020-03-23,94.18,96.13,90.25,91.9,69.78021434544142,7116234,0.0000,1.0
2020-03-24,93.93,96.69,92.16,95.26,72.33148224751633,6061977,0.0000,1.0
2020-03-25,95.63,97.79,91.05,94.5,71.75440974585652,5681843,0.0000,1.0
2020-03-26,94.5,100.03,93.53,99.78,75.76354502054565,6373405,0.0000,1.0
2020-03-27,95.6,99.55,95.0,97.52,74.04751363403098,4669900,0.0000,1.0
2020-03-30,98.13,98.81,95.91,97.84,74.29049152946669,3989073,0.0000,1.0
2020-03-31,96.91,97.31,93.16,93.42,70.93435934876102,5389681,0.0000,1.0
2020-04-01,90.91,92.88,89.08,90.39,68.6336624013542,5760392,0.0000,1.0
2020-04-02,89.76,93.56,88.35,93.04,70.64582309793113,4037880,0.0000,1.0
2020-04-03,92.17,93.4,88.82,90.0,68.33753309129193,4470686,0.0000,1.0
2020-04-06,93.21,96.48,92.42,95.68,72.65039073527569,5641619,0.0000,1.0
2020-04-07,96.25,97.45,92.69,92.91,70.54711332791037,5104211,0.0000,1.0
2020-04-08,97.0,99.5,93.76,98.79,75.01183215654144,6620439,0.0000,1.0
2020-04-09,98.58,100.03,96.12,98.69,74.93590156421779,5588501,0.0000,1.0
2020-04-13,98.58,100.25,98.19,98.42,74.7308889649439,3355060,0.0000,1.0
2020-04-14,100.56,101.83,99.56,101.4,76.9936206161889,4092457,0.0000,1.0
2020-04-15,99.94,99.98,97.94,99.92,75.86984784979877,3718348,0.0000,1.0
2020-04-16,100.18,102.49,99.6,102.22,77.6162514732429,4291490,0.0000,1.0
2020-04-17,102.16,103.75,99.83,102.75,78.01868361255829,5849725,0.0000,1.0
2020-04-20,101.74,103.0,101.05,101.2,76.84175943154159,4359474,0.0000,1.0
2020-04-21,100.36,102.11,100.25,100.62,76.40136199606438,3792944,0.0000,1.0
2020-04-22,101.5,101.77,97.38,97.61,74.11585116712227,5098430,0.0000,1.0
2020-04-23,98.36,100.24,98.06,99.45,75.51297406587759,4060350,0.0000,1.0
2020-04-24,100.19,100.45,98.59,100.18,76.06726738984028,2792392,0.0000,1.0
2020-04-27,101.0,103.49,99.8,102.55,77.86682242791096,4357898,0.0000,1.0
2020-04-28,99.25,99.32,96.18,96.43,73.21987017770313,10386219,0.0000,1.0
2020-04-29,96.1,97.15,94.11,96.11,72.97689228226741,9970347,0.0000,1.0
2020-04-30,95.6,95.74,92.82,94.66,71.87589869357437,6258715,0.0000,1.0
2020-05-01,93.23,93.71,91.25,91.9,69.78021434544142,5414482,0.0000,1.0
2020-05-04,91.61,91.8,89.6,90.44,68.67162769751602,4779722,0.0000,1.0
2020-05-05,91.53,93.85,91.4,92.71,70.39525214326305,5000891,0.0000,1.0
2020-05-06,93.14,94.43,92.7,92.93,70.5622994463751,3627656,0.0000,1.0
2020-05-07,93.99,94.27,92.45,92.83,70.48636885405143,3309750,0.0000,1.0
2020-05-08,93.54,94.98,93.31,94.83,72.0049807005246,3417514,0.0000,1.0
2020-05-11,94.21,94.86,93.1,93.91,71.30641925114695,3117095,0.0000,1.0
2020-05-12,94.76,95.16,92.83,92.85,70.50155497251617,3503360,0.0000,1.0
2020-05-13,92.56,93.23,90.38,90.74,68.89941947448699,3686119,0.0000,1.0
2020-05-14,90.0,91.8,88.85,91.69,69.62076010156174,4029841,0.0000,1.0
2020-05-15,90.84,91.89,90.64,91.03,69.1196181922256,3989730,0.0000,1.0
2020-05-18,93.33,97.05,93.06,96.1,72.96929922303504,5509500,0.0000,1.0
2020-05-19,95.93,97.47,95.41,96.43,73.21987017770313,3672027,0.0000,1.0
2020-05-20,97.5,98.46,96.47,97.18,73.78934962013055,3291665,0.0000,1.0
2020-05-21,96.73,97.99,96.6,97.31,73.88805939015131,5450375,0.0000,1.0
2020-05-22,96.79,97.57,95.7,96.72,74.20696787791067,2406083,1.0100,1.0
2020-05-26,98.15,98.94,96.78,97.07,74.47550012312644,5563151,0.0000,1.0
2020-05-27,97.78,99.74,96.92,99.62,76.43194933826987,4433894,0.0000,1.0
2020-05-28,100.0,101.1,98.33,99.72,76.50867283690293,5460659,0.0000,1.0
2020-05-29,99.33,100.41,98.35,99.71,76.50100048703963,5962430,0.0000,1.0
2020-06-01,99.48,99.68,98.36,99.28,76.1710894429174,2510233,0.0000,1.0
2020-06-02,99.75,101.18,98.98,101.17,77.62116356708253,2858785,0.0000,1.0
2020-06-03,102.6,104.22,102.08,103.65,79.52390633318281,3633824,0.0000,1.0
2020-06-04,103.3,103.82,102.29,103.2,79.17865058933397,2768359,0.0000,1.0
2020-06-05,104.98,107.17,104.67,106.65,81.82561129217508,5026798,0.0000,1.0
2020-06-08,106.67,110.49,106.67,110.45,84.74110424023195,4561065,0.0000,1.0
2020-06-09,109.08,109.2,106.53,107.83,82.73094857604536,4567109,0.0000,1.0
2020-06-10,107.89,108.09,105.62,106.63,81.81026659244846,3783409,0.0000,1.0
2020-06-11,103.47,103.71,100.45,100.47,77.084099076651,5306072,0.0000,1.0
2020-06-12,102.91,102.97,99.96,101.48,77.85900641284508,3334352,0.0000,1.0
2020-06-15,99.92,106.18,99.59,105.64,81.050703955981,6439255,0.0000,1.0
2020-06-16,107.84,108.82,103.78,105.83,81.19647860338385,4283262,0.0000,1.0
2020-06-17,106.51,108.54,106.17,106.99,82.08647118752752,4411609,0.0000,1.0
2020-06-18,106.54,108.52,106.22,107.58,82.53913982946267,3203676,0.0000,1.0
2020-06-19,108.31,109.04,106.37,107.77,82.68491447686552,9027130,0.0000,1.0
2020-06-22,107.09,107.55,105.48,106.9,82.01742003875776,4385118,0.0000,1.0
2020-06-23,108.21,110.87,108.01,110.61,84.86386183804487,5564577,0.0000,1.0
2020-06-24,109.92,111.52,108.47,109.5,84.01223100321772,5470146,0.0000,1.0
2020-06-25,109.27,110.65,108.36,110.52,84.7948106892751,2987001,0.0000,1.0
2020-06-26,110.64,110.9,107.16,107.32,82.33965873301668,5488272,0.0000,1.0
2020-06-29,108.97,110.14,107.84,109.48,83.99688630349111,3395237,0.0000,1.0
2020-06-30,109.51,112.02,108.62,111.18,85.3011857802534,3936162,0.0000,1.0
2020-07-01,117.86,119.91,114.25,114.42,87.78702713596505,8979504,0.0000,1.0
2020-07-02,115.61,115.88,114.25,114.36,87.7409930367852,3441478,0.0000,1.0
2020-07-06,115.67,115.79,114.61,115.36,88.50822802311596,3474811,0.0000,1.0
2020-07-07,114.16,115.45,113.87,114.45,87.81004418555497,2194679,0.0000,1.0
2020-07-08,114.52,115.27,113.98,114.47,87.82538888528158,3050167,0.0000,1.0
2020-07-09,114.5,115.04,113.71,114.45,87.81004418555497,2366232,0.0000,1.0
2020-07-10,114.7,115.66,113.99,115.07,88.28572987708003,2281761,0.0000,1.0
2020-07-13,115.62,115.76,113.72,113.76,87.28065204498675,2301794,0.0000,1.0
2020-07-14,113.57,115.65,113.05,115.33,88.48521097352604,2537845,0.0000,1.0
2020-07-15,116.72,119.71,116.11,119.21,91.46208272048936,4839418,0.0000,1.0
2020-07-16,118.8,119.85,118.17,119.74,91.86871726324466,2527760,0.0000,1.0
2020-07-17,120.0,120.68,118.46,118.55,90.95570762951107,2782425,0.0000,1.0
2020-07-20,118.42,118.72,117.06,118.35,90.80226063224491,2365905,0.0000,1.0
2020-07-21,119.0,120.3,118.82,119.04,91.33165277281314,2054339,0.0000,1.0
2020-07-22,118.75,119.25,117.9,118.72,91.08613757718729,3508335,0.0000,1.0
2020-07-23,118.71,119.4,117.9486,118.14,90.64114128511545,2349242,0.0000,1.0
2020-07-24,118.16,119.48,117.56,118.35,90.80226063224491,2539333,0.0000,1.0
2020-07-27,118.12,121.78,117.54,121.01,92.84310569588473,4446332,0.0000,1.0
2020-07-28,120.22,120.74,119.2305,119.62,91.77664906488498,2497558,0.0000,1.0
2020-07-29,120.58,124.3,120.43,123.68,94.89162310938785,6769558,0.0000,1.0
2020-07-30,137.66,145.5,135.15,141.46,108.53306116634867,30970862,0.0000,1.0
2020-07-31,141.82,144.13,139.7,142.76,109.53046664857865,7430530,0.0000,1.0
2020-08-03,143.47,143.5,140.535,142.18,109.08547035650682,4317457,0.0000,1.0
2020-08-04,141.63,145.94,141.34,144.72,111.03424722178694,4841713,0.0000,1.0
2020-08-05,145.35,146.0,143.28,145.08,111.31045181686602,3949624,0.0000,1.0
2020-08-06,144.97,145.66,144.435,145.47,111.609673461535,2420884,0.0000,1.0
2020-08-07,145.68,156.9,145.59,156.9,120.37916935529555,10074185,0.0000,1.0
2020-08-10,157.47,162.7,157.0,159.59,122.44303146852528,7396436,0.0000,1.0
2020-08-11,160.66,161.26,154.8784,155.85,119.57357261964825,6071886,0.0000,1.0
2020-08-12,157.25,160.25,156.4,157.79,121.06200849312991,4248347,0.0000,1.0
2020-08-13,156.77,159.72,156.4801,159.29,122.21286097262603,2848426,0.0000,1.0
2020-08-14,158.73,162.43,158.38,160.74,123.32535170280565,3479442,0.0000,1.0
2020-08-17,161.11,162.1399,159.75,160.3,122.98776830882012,2399896,0.0000,1.0
2020-08-18,160.39,161.345,159.05,159.99,122.74992546305758,2606620,0.0000,1.0
2020-08-19,160.55,161.8899,159.86,160.34,123.01845770827335,2691647,0.0000,1.0
2020-08-20,159.16,160.26,157.31,159.55,122.41234206907205,2296675,0.0000,1.0
2020-08-21,158.76,160.24,157.52,159.03,122.7882872123741,4420781,1.0100,1.0
2020-08-24,159.72,161.06,159.07,160.35,123.8074693737294,4083973,0.0000,1.0
2020-08-25,161.56,162.4,158.05,159.04,122.79600828935406,2931507,0.0000,1.0
2020-08-26,159.01,159.97,157.86,158.9,122.68791321163457,2761697,0.0000,1.0
2020-08-27,159.74,160.97,158.715,160.21,123.6993742960099,2913417,0.0000,1.0
2020-08-28,160.52,162.61,159.34,162.36,125.35940584670227,2979753,0.0000,1.0
2020-08-31,161.73,165.22,161.26,163.62,126.33226154617778,3960911,0.0000,1.0
2020-09-01,163.13,164.14,161.55,162.65,125.58331707912123,3097988,0.0000,1.0
2020-09-02,163.25,166.2,162.2,165.78,128.00001417385008,3778036,0.0000,1.0
2020-09-03,162.27,163.4499,156.95,158.02,122.0084584373977,4759929,0.0000,1.0
2020-09-04,160.24,161.845,154.63,160.78,124.13947568386789,3601254,0.0000,1.0
2020-09-08,160.03,160.06,155.96,156.45,120.79624935154328,3176440,0.0000,1.0
2020-09-09,158.05,160.96,158.05,159.8,123.38281013983138,2317590,0.0000,1.0
2020-09-10,160.99,161.26,157.08,157.89,121.90808443665816,2450935,0.0000,1.0
2020-09-11,158.49,160.61,157.43,158.87,122.66474998069468,2466753,0.0000,1.0
2020-09-14,160.9,162.16,159.03,160.14,123.64532675715014,3617868,0.0000,1.0
2020-09-15,160.58,161.77,158.37,161.53,124.71855645736521,3238544,0.0000,1.0
2020-09-16,166.8,167.36,159.53,159.87,123.43685767869113,5737965,0.0000,1.0
2020-09-17,157.04,160.2675,156.965,159.75,123.34420475493154,3002230,0.0000,1.0
2020-09-18,160.14,163.75,159.42,159.66,123.27471506211187,7274026,0.0000,1.0
2020-09-21,161.42,162.95,157.38,161.06,124.35566583930688,3894369,0.0000,1.0
2020-09-22,160.34,162.14,159.5723,161.89,124.99651522864391,3051924,0.0000,1.0
2020-09-23,162.5,165.76,161.34,161.55,124.73399861132515,3842426,0.0000,1.0
2020-09-24,161.12,162.57,157.991,160.41,123.85379583560919,2975055,0.0000,1.0
2020-09-25,159.27,167.0,159.27,166.12,128.26253079116887,4399307,0.0000,1.0
2020-09-28,169.91,171.98,168.49,168.9,130.408990191599,4338375,0.0000,1.0
2020-09-29,168.81,170.465,167.115,168.5,130.1001471124004,3138099,0.0000,1.0
2020-09-30,169.29,169.67,165.5,166.63,128.65630571714706,5426716,0.0000,1.0
2020-10-01,169.04,170.8,166.88,167.65,129.44385556910345,4934140,0.0000,1.0
2020-10-02,166.66,168.5,165.75,166.96,128.91110125748588,4482652,0.0000,1.0
2020-10-05,168.16,169.96,167.44,169.16,130.60973819307804,2738995,0.0000,1.0
2020-10-06,169.28,172.05,168.72,169.35,130.75643865569737,3671394,0.0000,1.0
2020-10-07,170.61,175.44,170.305,174.99,135.11112607239733,3846993,0.0000,1.0
2020-10-08,175.55,175.9755,173.45,174.21,134.5088820679601,2797510,0.0000,1.0
2020-10-09,174.51,175.38,172.86,174.69,134.87949376299838,2861052,0.0000,1.0
2020-10-12,174.86,176.8,174.2101,176.54,136.3078930042918,2273966,0.0000,1.0
2020-10-13,175.5,177.15,174.89,175.33,135.37364268971612,3018028,0.0000,1.0
2020-10-14,175.715,175.96,173.8,174.38,134.64014037661948,3161742,0.0000,1.0
2020-10-15,172.67,174.06,172.01,174.04,134.3776237593007,3062297,0.0000,1.0
2020-10-16,175.07,176.19,174.26,174.44,134.68646683849926,3446613,0.0000,1.0
2020-10-19,174.76,176.2,171.11,172.1,132.8797348251876,2884617,0.0000,1.0
2020-10-20,173.14,177.35,172.36,174.88,135.0261942256177,2788272,0.0000,1.0
2020-10-21,176.43,178.01,172.65,172.73,133.36616267492533,4428714,0.0000,1.0
2020-10-22,174.36,174.7194,171.6501,172.99,133.56691067640443,3898222,0.0000,1.0
2020-10-23,172.42,173.75,171.31,171.9,132.7253132855883,2763083,0.0000,1.0
2020-10-26,170.92,170.92,166.18,168.0,129.7140932634022,4053863,0.0000,1.0
2020-10-27,170.89,171.67,168.6074,170.84,131.9068791257121,5753906,0.0000,1.0
2020-10-28,163.16,163.87,155.6,155.78,120.27893719388567,11120920,0.0000,1.0
2020-10-29,158.07,164.02,157.735,161.36,124.58729814870583,5849634,0.0000,1.0
2020-10-30,160.01,160.46,155.25,157.11,121.30584043222095,5243449,0.0000,1.0
2020-11-02,158.88,161.19,156.97,159.55,123.18978321533227,3924001,0.0000,1.0
2020-11-03,161.25,164.65,160.35,163.48,126.22416646845826,3142210,0.0000,1.0
2020-11-04,163.73,165.335,160.56,162.58,125.52926954026148,3529953,0.0000,1.0
2020-11-05,165.6,165.85,162.21,163.56,126.28593508429799,3998274,0.0000,1.0
2020-11-06,164.08,168.3,163.075,167.68,129.46701880004332,2960047,0.0000,1.0
2020-11-09,164.1,167.525,158.71,163.22,126.0234184669792,9452960,0.0000,1.0
2020-11-10,163.73,165.26,161.03,164.73,127.18930109095382,3329764,0.0000,1.0
2020-11-11,166.365,168.22,165.18,166.64,128.664026794127,3240174,0.0000,1.0
2020-11-12,165.34,165.5,161.66899999999998,163.11,126.718315395176,4071276,1.0100,1.0
2020-11-13,164.2,165.1,163.16,163.67,127.15337306559042,2630393,0.0000,1.0
2020-11-16,163.16,168.484,161.25,168.44,130.85913215108482,4406315,0.0000,1.0
2020-11-17,168.625,169.4,165.5,168.88,131.20096317783901,3627752,0.0000,1.0
2020-11-18,168.95,171.57,168.45,168.45,130.86690103805648,3393490,0.0000,1.0
2020-11-19,168.0,168.0,165.7,166.48,129.3364303046343,3143621,0.0000,1.0
2020-11-20,166.33,166.8,163.71,163.76,127.22329304833559,3989544,0.0000,1.0
2020-11-23,165.5,166.73,163.91,166.6,129.4296569482945,3775654,0.0000,1.0
2020-11-24,167.96,173.11,167.57,172.69,134.16090911405152,5301691,0.0000,1.0
2020-11-25,172.11,172.99,169.38,170.5,132.4595228672522,3497671,0.0000,1.0
2020-11-27,170.96,171.43,167.89,168.89,131.20873206481068,2216615,0.0000,1.0
2020-11-30,169.57,171.23,168.11,171.07,132.90234942463832,4708599,0.0000,1.0
2020-12-01,173.51,174.2,167.9,167.96,130.48622557644387,5281766,0.0000,1.0
2020-12-02,167.92,168.96,166.5,168.83,131.1621187429806,3853274,0.0000,1.0
2020-12-03,169.12,170.2305,167.42,167.83,130.38523004581197,2844187,0.0000,1.0
2020-12-04,168.07,168.6,166.34,167.25,129.93463460145415,2766200,0.0000,1.0
2020-12-07,168.13,168.29,166.1,167.47,130.10555011483123,3117161,0.0000,1.0
2020-12-08,167.55,168.24,165.92,166.39,129.2665103218891,3884981,0.0000,1.0
2020-12-09,167.54,169.85,167.01,169.18,131.4340297869896,3327293,0.0000,1.0
2020-12-10,167.045,167.4619,163.63,164.24,127.59619962297656,4708609,0.0000,1.0
2020-12-11,165.5,169.02,165.35,168.4,130.82805660319806,4777504,0.0000,1.0
2020-12-14,171.78,171.78,166.59,166.62,129.44519472223791,3388743,0.0000,1.0
2020-12-15,167.1,168.39,166.14,167.17,129.87248350568063,2556870,0.0000,1.0
2020-12-16,167.4,171.66,167.4,170.13,132.1720740492998,3421582,0.0000,1.0
2020-12-17,170.74,175.315,170.035,174.49,135.55930876895505,4386859,0.0000,1.0
2020-12-18,173.05,175.49,171.1401,175.18,136.09536197000142,8581322,0.0000,1.0
2020-12-21,172.44,174.44,171.03,172.59,134.08322024433465,3180024,0.0000,1.0
2020-12-22,172.33,175.25,172.015,174.56,135.61369097775685,2493082,0.0000,1.0
2020-12-23,174.38,175.94,172.62,172.64,134.12206467919307,2553799,0.0000,1.0
2020-12-24,173.01,173.35,171.47,172.19,133.7724647654672,1006079,0.0000,1.0
2020-12-28,172.6,173.2,170.9,171.36,133.12764714681722,1833571,0.0000,1.0
2020-12-29,171.75,172.01,168.4,169.03,131.3174964824143,2864629,0.0000,1.0
2020-12-30,169.82,169.82,166.15,166.23,129.1422081303421,3107126,0.0000,1.0
2020-12-31,166.79,168.48,165.4365,168.4,130.82805660319806,2349423,0.0000,1.0
2021-01-04,168.4,168.54,161.88,163.8,127.25436859622236,4304039,0.0000,1.0
2021-01-05,162.68,164.01,161.23,161.52,125.48306236667787,3966963,0.0000,1.0
2021-01-06,160.28,163.13,160.0058,161.04,125.1101557920369,5061447,0.0000,1.0
2021-01-07,161.62,161.87,158.1425,159.0,123.5253028498129,6024308,0.0000,1.0
2021-01-08,159.11,159.9,157.47,158.39,123.05140074454002,4844804,0.0000,1.0
2021-01-11,158.87,161.94,157.74,161.86,125.74720452371521,6129269,0.0000,1.0
2021-01-12,162.37,164.45,159.93,163.91,127.33982635291089,4562913,0.0000,1.0
2021-01-13,163.55,164.4499,161.95,163.11,126.718315395176,2643017,0.0000,1.0
2021-01-14,163.7,165.59,163.22,163.47,126.9979953261567,2625038,0.0000,1.0
2021-01-15,162.73,162.97,158.21,158.9,123.44761398009604,4816268,0.0000,1.0
2021-01-19,159.7,159.8,156.05,156.28,121.41216559351422,4537365,0.0000,1.0
2021-01-20,156.91,160.285,156.03,159.84,124.17788935543456,3029768,0.0000,1.0
2021-01-21,159.34,161.7,159.22,160.1,124.3798804166984,2004104,0.0000,1.0
2021-01-22,158.4,160.45,157.403,158.99,123.51753396284123,3131558,0.0000,1.0
2021-01-25,159.71,164.1422,159.11,161.75,125.66174676702664,3938074,0.0000,1.0
2021-01-26,162.38,162.76,160.49,161.43,125.4131423839327,2962395,0.0000,1.0
2021-01-27,159.5,159.595,156.99,157.65,122.47650310863524,2821509,0.0000,1.0
2021-01-28,159.07,159.38,157.2,157.27,122.18128540371117,2565097,0.0000,1.0
2021-01-29,157.02,157.7,154.76,155.0,120.41774806113837,5007910,0.0000,1.0
2021-02-01,156.2,157.1497,154.91,156.26,121.39662781957084,4782996,0.0000,1.0
2021-02-02,163.2,164.2,156.93,160.29,124.52748926916044,10664014,0.0000,1.0
2021-02-03,160.69,161.4696,156.85,159.71,124.07689382480264,4559152,0.0000,1.0
2021-02-04,159.23,162.41,157.825,162.26,126.05796000258265,2811099,0.0000,1.0
2021-02-05,163.0,164.54,161.72,164.38,127.70496404058015,2560284,0.0000,1.0
2021-02-08,164.44,165.4699,162.81,163.45,126.98245755221332,2242489,0.0000,1.0
2021-02-09,163.5,167.5955,162.78,166.92,129.67826133138848,3066182,0.0000,1.0
2021-02-10,167.94,168.23,164.54,165.66,128.699381572956,2911181,0.0000,1.0
2021-02-11,166.0,166.275,161.19,162.37,126.1434177592712,3188366,0.0000,1.0
2021-02-12,162.47,163.8339,162.04,163.39,126.9358442303832,2563779,0.0000,1.0
2021-02-16,163.95,163.97,161.08,161.75,125.66174676702664,2867691,0.0000,1.0
2021-02-17,161.09,161.905,159.9,161.0,125.07908024415018,2844159,0.0000,1.0
2021-02-18,159.8,162.62,158.62,162.12,125.94919558497905,3596766,0.0000,1.0
2021-02-19,161.33,162.28,160.32,160.54,125.51413791456461,3081948,1.0200,1.0
2021-02-22,159.72,162.51,158.01,161.6,126.34287210037151,3870090,0.0000,1.0
2021-02-23,159.97,161.4199,157.7718,160.81,125.7252305845343,4385811,0.0000,1.0
2021-02-24,160.28,161.9,159.08,160.07,125.14668030387666,2963449,0.0000,1.0
2021-02-25,159.0,160.3,157.03,157.51,123.14520906268265,2594603,0.0000,1.0
2021-02-26,158.58,159.225,156.59,157.83,123.39539296783192,3443009,0.0000,1.0
2021-03-01,159.55,162.66,158.58,161.47,126.24123488890463,3272583,0.0000,1.0
2021-03-02,161.77,163.17,159.89,161.37,126.1630524185455,2653764,0.0000,1.0
2021-03-03,160.59,162.17,159.88,160.43,125.42813719716958,2635113,0.0000,1.0
2021-03-04,160.06,161.29,157.55,159.45,124.66194898764998,3710413,0.0000,1.0
2021-03-05,160.51,165.18,159.08,164.4,128.53198127042745,3671690,0.0000,1.0
2021-03-08,165.23,166.23,160.76,160.87,125.7721400667498,3176550,0.0000,1.0
2021-03-09,161.21,165.15,161.21,163.27,127.64851935536917,2551334,0.0000,1.0
2021-03-10,164.35,166.18,163.73,165.23,129.18089577440833,2511699,0.0000,1.0
2021-03-11,166.1,168.68,165.39,167.24,130.75236342862706,2906651,0.0000,1.0
2021-03-12,166.61,168.1299,165.94,167.69,131.10418454524319,1914768,0.0000,1.0
2021-03-15,167.9,167.925,161.02,162.64,127.15596979210657,4538208,0.0000,1.0
2021-03-16,162.78,164.16,161.43,162.82,127.29669823875302,2397832,0.0000,1.0
2021-03-17,160.78,161.75,159.56,160.65,125.60013863195968,3644112,0.0000,1.0
2021-03-18,160.45,161.1399,158.94,160.2,125.24831751534354,2966613,0.0000,1.0
2021-03-19,161.43,165.24,158.69,159.29,124.53685703507536,14934230,0.0000,1.0
2021-03-22,159.69,161.72,158.54,161.06,125.92068676043216,3893872,0.0000,1.0
2021-03-23,159.8,162.16,159.2345,159.86,124.98249711612247,2920776,0.0000,1.0
2021-03-24,160.06,162.27,159.7,159.91,125.02158835130204,2285313,0.0000,1.0
2021-03-25,159.5,163.65,158.7,163.25,127.63288286129735,2944517,0.0000,1.0
2021-03-26,164.5,168.1,163.79,167.98,131.3309137092847,3135491,0.0000,1.0
2021-03-29,167.61,168.97,166.66,168.14,131.4560056618593,2702638,0.0000,1.0
2021-03-30,167.56,169.99,167.4,168.64,131.84691801365503,2401126,0.0000,1.0
2021-03-31,169.23,171.0,167.6,169.99,132.90238136350345,3688401,0.0000,1.0
2021-04-01,170.18,172.14,168.83,171.28,133.91093523113634,3615190,0.0000,1.0
2021-04-05,172.1,173.04,171.11,171.95,134.4347577825426,2316062,0.0000,1.0
2021-04-06,172.09,174.03,171.225,172.97,135.23221898020583,2465621,0.0000,1.0
2021-04-07,172.93,173.35,171.2,171.95,134.4347577825426,2079942,0.0000,1.0
2021-04-08,172.54,173.2427,171.2552,173.02,135.2713102153854,2029424,0.0000,1.0
2021-04-09,173.27,175.95,172.82,175.94,137.5542383498723,2579977,0.0000,1.0
2021-04-12,175.44,179.33,174.75,178.58,139.61825556735363,3023973,0.0000,1.0
2021-04-13,177.95,179.92,176.68,179.42,140.2749883183704,2465364,0.0000,1.0
2021-04-14,178.82,179.4,175.89,176.21,137.765331019842,2591884,0.0000,1.0
2021-04-15,178.85,180.85,176.51,179.64,140.4469897531605,3139333,0.0000,1.0
2021-04-16,180.73,181.19,178.94,179.71,140.50171748241192,2820514,0.0000,1.0
2021-04-19,179.91,179.91,177.655,178.06,139.21170672148608,2614204,0.0000,1.0
2021-04-20,177.9,179.85,176.8351,179.69,140.4860809883401,2642546,0.0000,1.0
2021-04-21,179.39,179.54,177.57,178.57,139.61043732031771,3204429,0.0000,1.0
2021-04-22,177.8,180.79,177.21,177.51,138.78170313451082,3077884,0.0000,1.0
2021-04-23,177.85,180.3099,177.33,178.96,139.91534895471835,2407147,0.0000,1.0
2021-04-26,179.78,179.85,174.7,175.81,137.4526011384054,3972927,0.0000,1.0
2021-04-27,190.26,197.28,189.71,194.13,151.7756297082,14666542,0.0000,1.0
2021-04-28,195.39,198.43,194.1,198.37,155.09056645142758,6308777,0.0000,1.0
2021-04-29,199.89,204.5,197.6701,203.72,159.27332861564162,6949965,0.0000,1.0
2021-04-30,201.69,205.77,199.8201,203.86,159.38278407414444,5931466,0.0000,1.0
2021-05-03,207.42,213.38,207.12,212.2,165.90320210209674,7286058,0.0000,1.0
2021-05-04,211.6,215.3,210.86,214.31,167.55285222667462,5775366,0.0000,1.0
2021-05-05,214.93,215.75,214.19,214.52,167.71703541442884,2744347,0.0000,1.0
2021-05-06,214.92,215.0,212.07,214.78,167.9203098373626,4470082,0.0000,1.0
2021-05-07,214.67,218.34,213.8,217.5,170.0468730311312,2644086,0.0000,1.0
2021-05-10,217.5,219.59,215.76,216.13,168.975773187211,3566269,0.0000,1.0
2021-05-11,213.93,215.0,211.6,214.33,167.56848872074647,3088776,0.0000,1.0
2021-05-12,212.0,213.845,210.36,210.7,164.73046504670964,2667067,0.0000,1.0
2021-05-13,211.18,216.9,211.13,215.67,168.61613382355893,3208148,0.0000,1.0
2021-05-14,216.81,217.76,215.11,216.38,169.17122936310884,2333749,0.0000,1.0
2021-05-17,215.51,216.95,215.0,216.29,169.1008651397856,2071354,0.0000,1.0
2021-05-18,217.02,217.02,213.97,213.99,167.30266832152537,2041602,0.0000,1.0
2021-05-19,212.0,214.45,210.64,214.35,167.58412521481827,2141288,0.0000,1.0
2021-05-20,214.34,215.68,212.74,213.94,167.2635770863458,2716572,0.0000,1.0
2021-05-21,214.18,214.89,211.78,211.87,166.44266114757485,3927651,1.0200,1.0
2021-05-24,214.08,214.53,212.56,213.43,167.66817939645492,1981302,0.0000,1.0
2021-05-25,213.36,215.1499,211.17,211.49,166.1441374715656,2414263,0.0000,1.0
2021-05-26,212.96,214.21,211.84,213.81,167.96670307246416,2376477,0.0000,1.0
2021-05-27,214.3,216.86,212.0,212.8,167.17325856517644,5110162,0.0000,1.0
2021-05-28,213.83,215.87,213.03,214.6,168.58731808311492,2128013,0.0000,1.0
2021-06-01,215.59,216.55,213.21,213.29,167.55819698950413,1865279,0.0000,1.0
2021-06-02,214.29,214.29,211.0,211.91,166.47408469241793,2486033,0.0000,1.0
2021-06-03,211.05,213.1795,210.13,211.98,166.5290758958933,2172447,0.0000,1.0
2021-06-04,212.41,213.4,208.63,210.63,165.46853125743942,2943867,0.0000,1.0
2021-06-07,210.59,215.41,210.31,212.92,167.26752919970565,3444612,0.0000,1.0
2021-06-08,212.85,213.3,209.555,209.76,164.78506915710247,3402013,0.0000,1.0
2021-06-09,208.06,208.91,197.0,201.06,157.95044815373294,10560593,0.0000,1.0
2021-06-10,204.17,204.34,201.26,203.2,159.63160780283764,4879982,0.0000,1.0
2021-06-11,203.66,205.24,201.83,203.2,159.63160780283764,2699160,0.0000,1.0
2021-06-14,202.95,203.77,200.11,201.09,157.97401581236525,2157467,0.0000,1.0
2021-06-15,201.45,203.86,199.27,202.34,158.95600158871144,2414920,0.0000,1.0
2021-06-16,201.67,202.48,199.31,200.42,157.4476714362437,2058599,0.0000,1.0
2021-06-17,200.5,200.5,195.47,198.05,155.5858264042913,3069001,0.0000,1.0
2021-06-18,196.27,199.6,195.51,197.77,155.36586159038976,8170511,0.0000,1.0
2021-06-21,199.36,204.585,198.975,203.32,159.72587843736687,3638346,0.0000,1.0
2021-06-22,202.22,206.12,202.1352,205.4,161.35990276920694,3460739,0.0000,1.0
2021-06-23,205.25,206.29,203.58,204.02,160.27579047212075,2504458,0.0000,1.0
2021-06-24,206.54,206.64,205.25,206.1,161.9098148039608,2602525,0.0000,1.0
2021-06-25,202.54,206.35,202.2,205.61,161.5248763796331,6618620,0.0000,1.0
2021-06-28,205.69,206.02,202.75,205.23,161.22635270362386,2288137,0.0000,1.0
2021-06-29,205.28,207.97,204.25,207.61,163.09605362178704,2291145,0.0000,1.0
2021-06-30,206.49,208.13,205.93,207.97,163.37886552537472,2744911,0.0000,1.0
2021-07-01,209.39,210.38,208.0,210.22,165.14643992279787,2746183,0.0000,1.0
2021-07-02,209.59,212.1,209.28,211.53,166.1755610164087,2172514,0.0000,1.0
2021-07-06,210.46,211.61,208.19,211.29,165.98701974735022,2421320,0.0000,1.0
2021-07-07,211.31,214.9315,210.32,214.26,168.32021795194876,2553961,0.0000,1.0
2021-07-08,210.32,212.7,209.9,212.07,166.59977887179022,2354376,0.0000,1.0
2021-07-09,213.89,214.5,212.67,213.92,168.0531178207826,2050474,0.0000,1.0
2021-07-12,211.0,214.08,210.41,213.33,167.5896205343472,2216253,0.0000,1.0
2021-07-13,213.33,214.19,210.75,211.27,165.9713079749287,1852277,0.0000,1.0
2021-07-14,211.34,212.4,209.63,211.53,166.1755610164087,2867751,0.0000,1.0
2021-07-15,211.1,213.76,210.6103,212.86,167.22039388244104,1663200,0.0000,1.0
2021-07-16,213.12,213.53,210.11,210.57,165.4213959401748,3805609,0.0000,1.0
2021-07-19,208.46,211.46,206.67,211.41,166.08129038187946,2910724,0.0000,1.0
2021-07-20,212.06,214.29,210.71,212.46,166.90615843401025,2257385,0.0000,1.0
2021-07-21,212.66,214.71,212.17,212.45,166.89830254779946,1770888,0.0000,1.0
2021-07-22,212.36,213.73,211.86,213.23,167.5110616722395,1629795,0.0000,1.0
2021-07-23,212.99,213.25,210.94,211.64,166.26197576472714,2189122,0.0000,1.0
2021-07-26,211.2,212.25,209.35,209.86,164.86362801921018,2673685,0.0000,1.0
2021-07-27,198.07,198.07,190.2609,195.19,153.3390429480112,13741528,0.0000,1.0
2021-07-28,195.09,195.868,190.51,192.04,150.8644387916188,6295450,0.0000,1.0
2021-07-29,193.03,194.49,191.59,191.81,150.68375340877108,3117374,0.0000,1.0
2021-07-30,190.0,192.64,188.32,191.36,150.33023852928648,3741603,0.0000,1.0
2021-08-02,192.35,193.73,191.04,191.94,150.78587992951108,2782523,0.0000,1.0
2021-08-03,191.25,194.25,190.57,194.15,152.52203078209118,2726570,0.0000,1.0
2021-08-04,192.92,193.8,190.575,190.79,149.8824530152726,2341664,0.0000,1.0
2021-08-05,191.45,192.3,190.1,190.42,149.59178522547413,2045216,0.0000,1.0
2021-08-06,191.77,193.95,191.28,192.6,151.30436841942188,2340251,0.0000,1.0
2021-08-09,191.07,192.16,190.845,190.98,150.0317148532772,2150077,0.0000,1.0
2021-08-10,191.18,192.12,190.4,190.61,149.74104706347876,1667984,0.0000,1.0
2021-08-11,191.31,192.52,190.72,192.4,151.1472506952065,2131095,0.0000,1.0
2021-08-12,192.68,194.56,192.27,193.64,152.1213805853419,2458568,0.0000,1.0
2021-08-13,193.03,194.9,192.94,193.98,152.38848071650807,2402759,0.0000,1.0
2021-08-16,194.02,197.315,193.58,197.07,154.81594955563588,3094565,0.0000,1.0
2021-08-17,195.69,198.3,194.55,197.76,155.358005704179,2957878,0.0000,1.0
2021-08-18,197.02,199.51,194.7,194.8,153.0326633857912,2605790,0.0000,1.0
2021-08-19,193.63,196.188,192.5,194.06,152.45132780619426,2858819,0.0000,1.0
2021-08-20,192.45,194.27,192.1,193.24,152.60844553040968,2222911,1.0200,1.0
2021-08-23,194.24,195.33,192.89,193.0,152.41890906318085,2248727,0.0000,1.0
2021-08-24,193.25,194.68,192.88,193.27,152.63213758881326,1667456,0.0000,1.0
2021-08-25,193.12,193.97,192.21,192.87,152.31624347676524,1593865,0.0000,1.0
2021-08-26,193.39,193.48,192.07,192.36,151.913478483904,1969703,0.0000,1.0
2021-08-27,192.32,193.88,192.14,193.3,152.65582964721688,1947942,0.0000,1.0
2021-08-30,193.88,195.6099,192.86,194.01,153.21654169610215,1507893,0.0000,1.0
2021-08-31,194.7,196.11,192.9,195.63,154.4959128498967,2781981,0.0000,1.0
2021-09-01,195.72,197.29,193.425,196.4,155.1040090155892,2381147,0.0000,1.0
2021-09-02,196.91,199.25,196.56,198.19,156.5176351670042,2021357,0.0000,1.0
2021-09-03,197.21,198.51,196.93,197.34,155.8463601789021,1493102,0.0000,1.0
2021-09-07,197.645,197.95,195.28,195.56,154.44063138028832,2266314,0.0000,1.0
2021-09-08,195.54,195.54,193.481,194.57,153.6587934529694,2455327,0.0000,1.0
2021-09-09,193.23,194.36,188.05,189.01,149.2678652955016,3637040,0.0000,1.0
2021-09-10,190.48,193.69299999999998,190.01,193.26,152.62424023601207,3094125,0.0000,1.0
2021-09-13,194.71,195.33,192.6,194.39,153.5166411025478,2136217,0.0000,1.0
2021-09-14,195.24,195.88,190.82,191.01,150.84733585574182,1895330,0.0000,1.0
2021-09-15,191.6,193.83,190.85,193.35,152.69531641122288,1769306,0.0000,1.0
2021-09-16,193.36,194.21,191.405,192.97,152.39521700477724,1657268,0.0000,1.0
2021-09-17,192.56,196.25,189.67,190.03,150.07339528122412,4505342,0.0000,1.0
2021-09-20,188.35,189.58,186.825,189.39,149.56796470194723,2439518,0.0000,1.0
2021-09-21,190.1,190.72,188.01,189.73,149.8364746971881,2496355,0.0000,1.0
2021-09-22,183.85,187.31,182.12,185.3,146.337947406256,4229836,0.0000,1.0
2021-09-23,186.0,187.84,185.66099999999997,186.79,147.51465297363495,2527523,0.0000,1.0
2021-09-24,186.5,188.7,185.8,188.02,148.4860273681827,2312896,0.0000,1.0
2021-09-27,187.37,188.6,186.65,186.84,147.55413973764098,1847600,0.0000,1.0
2021-09-28,186.68,187.81,186.1,186.76,147.49096091523137,3093887,0.0000,1.0
2021-09-29,187.02,187.95,184.44,184.74,145.89569564938876,2467478,0.0000,1.0
2021-09-30,185.25,187.24,182.0,182.1,143.81079450987167,2902863,0.0000,1.0
2021-10-01,182.89,182.91,178.831,181.49,143.32905598899842,3014848,0.0000,1.0
2021-10-04,180.5,181.697,177.13,178.42,140.90456867902967,3512751,0.0000,1.0
2021-10-05,178.48,181.04,177.63,179.67,141.8917377791798,2491819,0.0000,1.0
2021-10-06,178.4,181.17,177.83,180.7,142.7051651177035,2119206,0.0000,1.0
2021-10-07,182.98,184.02,181.17,181.6,143.4159268698116,2518557,0.0000,1.0
2021-10-08,180.7,184.5,179.68,183.49,144.90852654923862,2781719,0.0000,1.0
2021-10-11,184.3,184.32,181.5334,181.74,143.52648980902842,1780192,0.0000,1.0
2021-10-12,182.02,182.75,180.63,181.99,143.72392362905845,2615839,0.0000,1.0
2021-10-13,182.18,184.93,180.67,184.06,145.3586756589071,3780636,0.0000,1.0
2021-10-14,187.64,191.78,187.26,191.42,151.17112732059107,4106546,0.0000,1.0
2021-10-15,191.955,194.01,190.71,193.75,153.01121052327093,3153577,0.0000,1.0
2021-10-18,193.47,195.61,193.07,193.39,152.72690582242768,2304994,0.0000,1.0
2021-10-19,193.9,194.91,193.05,193.79,153.0427999344757,1974659,0.0000,1.0
2021-10-20,194.81,195.55,193.2,195.27,154.2116081490535,1952014,0.0000,1.0
2021-10-21,195.61,200.0,195.425,199.44,157.50480426715433,2997307,0.0000,1.0
2021-10-22,198.87,204.16,198.75,203.81,160.95594744127922,3735866,0.0000,1.0
2021-10-25,203.02,205.5599,201.84,203.9,161.02702361649003,4829730,0.0000,1.0
2021-10-26,214.01,220.24,213.66,218.07,172.21757253579193,6596459,0.0000,1.0
2021-10-27,217.12,217.48,210.49,212.21,167.58972379428812,3309002,0.0000,1.0
2021-10-28,213.29,214.04,210.95,213.9,168.9243764176911,2236536,0.0000,1.0
2021-10-29,212.74,216.07,212.25,213.47,168.58479024723945,2362109,0.0000,1.0
2021-11-01,214.86,214.86,209.9001,210.9,166.55517057733078,1842760,0.0000,1.0
2021-11-02,210.9,210.9,208.435,209.14,165.16523648431937,2201536,0.0000,1.0
2021-11-03,208.8,212.86,207.39,212.74,168.0082834927518,1765869,0.0000,1.0
2021-11-04,213.15,213.53,209.81,210.72,166.41301822690914,2452223,0.0000,1.0
2021-11-05,211.52,211.71,207.06,208.22,164.4386800266089,2118067,0.0000,1.0
2021-11-08,208.76,209.885,207.2701,209.3,165.29159412913862,2166226,0.0000,1.0
2021-11-09,209.59,210.13,208.01,209.96,165.81281941401787,1550095,0.0000,1.0
2021-11-10,209.89,212.9478,209.45,211.64,167.13957468461965,2415516,0.0000,1.0
2021-11-11,213.6,216.49,212.28,213.29,168.4426378968178,2113876,0.0000,1.0
2021-11-12,212.67,215.0762,212.0,213.19,168.36366436880581,1587316,0.0000,1.0
2021-11-15,212.86,213.4,210.83,211.52,167.04480645100526,1378552,0.0000,1.0
2021-11-16,211.58,213.91,211.51,211.87,167.32121379904729,2302791,0.0000,1.0
2021-11-17,211.99,212.26,207.49,207.85,164.14647797296445,2542252,0.0000,1.0
2021-11-18,208.26,208.4699,205.45,207.47,163.8463785665188,3919635,0.0000,1.0
2021-11-19,207.73,210.67,206.3,208.47,165.44164383236145,2678289,1.0200,1.0
2021-11-22,208.52,212.3,207.65,210.88,167.35421811948186,2223195,0.0000,1.0
2021-11-23,211.03,213.3689,208.52,211.81,168.09226545849512,2346390,0.0000,1.0
2021-11-24,210.6,212.0,208.26,208.47,165.44164383236145,2518700,0.0000,1.0
2021-11-26,206.148,209.53,204.78,205.3,162.92593408540225,1940952,0.0000,1.0
2021-11-29,204.16,206.0,201.5,204.64,162.40215855448957,3435432,0.0000,1.0
2021-11-30,203.5,203.5,198.1009,198.37,157.42629101081948,6267575,0.0000,1.0
2021-12-01,200.88,202.15,194.0,194.15,154.07730201013564,2940454,0.0000,1.0
2021-12-02,195.275,200.63,193.82,199.9,158.64049792338972,2423441,0.0000,1.0
2021-12-03,201.04,202.63,197.76,200.73,159.2991853334768,2606430,0.0000,1.0
2021-12-06,201.99,204.61,201.38,202.06,160.35467238819473,3006754,0.0000,1.0
2021-12-07,204.33,205.89,203.38,205.39,162.99735802143576,2250692,0.0000,1.0
2021-12-08,206.02,207.49,203.39,204.72,162.46564649763053,1615468,0.0000,1.0
2021-12-09,204.05,207.89,203.755,206.54,163.90999720408658,1931645,0.0000,1.0
2021-12-10,208.0,209.86,207.34,209.11,165.94954737748887,1887872,0.0000,1.0
2021-12-13,206.95,209.32,205.62,206.31,163.72746936755644,1909805,0.0000,1.0
2021-12-14,205.2,207.149,203.08,203.74,161.68791919415418,1930642,0.0000,1.0
2021-12-15,206.65,208.44,204.515,205.77,163.29892575135517,3703412,0.0000,1.0
2021-12-16,207.85,211.83,207.82,207.97,165.04484418773066,2932554,0.0000,1.0
2021-12-17,210.8,212.53,206.4,206.59,163.94967716854967,5626923,0.0000,1.0
2021-12-20,205.03,205.99,201.42,202.43,160.6483041252215,2936400,0.0000,1.0
2021-12-21,204.26,208.0699,203.71,207.1,164.35441280607307,2316979,0.0000,1.0
2021-12-22,207.32,208.57,206.54,208.44,165.41783585368358,1716495,0.0000,1.0
2021-12-23,209.21,213.2176,209.21,212.19,168.3938331884145,2573922,0.0000,1.0
2021-12-27,212.89,215.61,212.6,215.11,170.71114311305834,1807262,0.0000,1.0
2021-12-28,214.56,216.146,213.73,214.68,170.36989541867587,1375697,0.0000,1.0
2021-12-29,214.53,216.34,213.81,214.6,170.3064074755349,1155136,0.0000,1.0
2021-12-30,214.72,216.0,213.03,213.9,169.75088797305182,1207022,0.0000,1.0
2021-12-31,213.14,215.42,211.7401,214.34,170.1000716603269,1578492,0.0000,1.0
2022-01-03,214.65,215.6533,210.87,213.5,169.43344825734718,2319592,0.0000,1.0
2022-01-04,214.4,218.66,213.6,217.29,172.44118956364858,2741203,0.0000,1.0
2022-01-05,216.8,217.975,214.22,214.56,170.27466350396446,2710799,0.0000,1.0
2022-01-06,215.06,217.13,213.33,216.64,171.92535002562855,2102310,0.0000,1.0
2022-01-07,217.35,219.45,215.18,218.16,173.13162094530614,3013952,0.0000,1.0
2022-01-10,217.05,217.225,210.61,211.73,168.0287775153542,2853791,0.0000,1.0
2022-01-11,211.5,211.5,208.04,211.27,167.66372184229388,1755938,0.0000,1.0
2022-01-12,211.92,213.46,210.1,211.22,167.6240418778308,1865718,0.0000,1.0
2022-01-13,211.56,213.64,209.93,210.47,167.0288424108846,1828475,0.0000,1.0
2022-01-14,208.23,209.16,205.5,206.54,163.90999720408658,1921815,0.0000,1.0
2022-01-18,204.52,206.04,201.5146,205.59,163.1560778792881,2322250,0.0000,1.0
2022-01-19,205.05,207.25,203.46,203.76,161.7037911799394,1677348,0.0000,1.0
2022-01-20,205.71,206.99,202.11,202.29,160.53720022472487,1706805,0.0000,1.0
2022-01-21,202.57,204.54,200.4,201.95,160.26737646637594,2570643,0.0000,1.0
2022-01-24,199.01,204.82,196.29,204.13,161.99742291696617,3661700,0.0000,1.0
2022-01-25,200.05,203.54,197.18,201.94,160.25944047348332,3817211,0.0000,1.0
2022-01-26,203.32,206.04,197.22,199.0,157.9262585630543,3074690,0.0000,1.0
2022-01-27,200.6,201.735,193.92,194.83,154.6169495268335,3372077,0.0000,1.0
2022-01-28,195.8,198.35,192.74,198.25,157.3310590961081,3066423,0.0000,1.0
2022-01-31,198.17,202.49,196.89,202.21,160.47371228158397,4626704,0.0000,1.0
2022-02-01,225.005,233.72,222.01,230.69,183.07542003975374,19125251,0.0000,1.0
2022-02-02,230.65,232.31,225.702,232.11,184.20233103050518,5473955,0.0000,1.0
2022-02-03,229.84,232.19,227.23,228.69,181.48822146123058,3503272,0.0000,1.0
2022-02-04,227.29,227.8199,222.92,224.79,178.39318423311042,3623058,0.0000,1.0
2022-02-07,225.49,227.55,221.54,225.06,178.60745604121104,3295872,0.0000,1.0
2022-02-08,224.74,226.54,223.16,225.2,178.71855994170767,2759577,0.0000,1.0
2022-02-09,227.87,230.35,224.6,225.07,178.61539203410365,2130537,0.0000,1.0
2022-02-10,222.61,224.1,219.27,220.68,175.13149115424534,3379487,0.0000,1.0
2022-02-11,220.26,221.27,212.11,213.49,169.42551226445457,3821050,0.0000,1.0
2022-02-14,213.69,214.93,211.72,213.99,169.82231190908536,3641417,0.0000,1.0
2022-02-15,215.97,219.47,215.7,217.26,172.4173815849707,3149041,0.0000,1.0
2022-02-16,215.85,217.99,213.5,215.31,170.86986297091065,2226803,0.0000,1.0
2022-02-17,214.07,214.335,209.72,210.71,167.2193062403074,2815556,0.0000,1.0
2022-02-18,208.2,210.91,207.55,209.36,167.35421811948186,2823956,1.5200,1.0
2022-02-22,208.73,210.55,206.67,208.97,167.04246733104756,3538892,0.0000,1.0
2022-02-23,209.47,210.959,204.17,204.48,163.45333645907357,2835997,0.0000,1.0
2022-02-24,200.11,207.42,199.05,207.19,165.61960475819373,3346995,0.0000,1.0
2022-02-25,207.24,211.5858,206.87,209.95,167.82584110711315,2657071,0.0000,1.0
2022-02-28,206.17,210.93,204.54,210.42,168.20154077522625,3536731,0.0000,1.0
2022-03-01,209.47,210.61,203.79,205.58,164.33263355465743,2986129,0.0000,1.0
2022-03-02,205.9,213.365,205.74,211.46,169.03287621105096,2854249,0.0000,1.0
2022-03-03,213.88,216.24,211.82,212.43,169.8082563771567,3019504,0.0000,1.0
2022-03-04,211.08,211.2,207.06,210.39,168.17755994534667,2443440,0.0000,1.0
2022-03-07,207.45,208.99,200.14,201.18,160.81544517232211,4043092,0.0000,1.0
2022-03-08,202.09,208.46,198.53,203.41,162.5980201933693,4000980,0.0000,1.0
2022-03-09,209.0,209.28,206.31,206.78,165.29186674983978,3097716,0.0000,1.0
2022-03-10,204.495,207.37,203.86,207.18,165.6116111482339,2284340,0.0000,1.0
2022-03-11,207.92,209.17,203.71,203.9,162.98970708140212,2006586,0.0000,1.0
2022-03-14,205.59,208.91,203.25,204.3,163.30945147979625,2237446,0.0000,1.0
2022-03-15,207.49,211.23,206.55,210.53,168.28947048478463,2865382,0.0000,1.0
2022-03-16,212.6,218.01,212.51,217.9,174.1807610251963,3021978,0.0000,1.0
2022-03-17,216.0,222.57,214.76,222.32,177.7139366274513,3520427,0.0000,1.0
2022-03-18,220.98,221.2,216.84,219.78,175.68355969764863,6202751,0.0000,1.0
2022-03-21,218.19,221.8,216.95,218.56,174.70833928254658,2218898,0.0000,1.0
2022-03-22,219.58,220.4,217.28,218.42,174.59642874310862,2173246,0.0000,1.0
2022-03-23,217.48,217.715,214.22,214.58,171.5268825185251,1939517,0.0000,1.0
2022-03-24,214.75,215.46,213.32,214.66,171.5908313982039,1882568,0.0000,1.0
2022-03-25,214.5,215.54,212.07,215.35,172.14239048543376,1745985,0.0000,1.0
2022-03-28,216.36,219.84,216.07,219.55,175.49970666857203,2353428,0.0000,1.0
2022-03-29,221.96,223.97,220.485,222.45,177.81785355692938,3034892,0.0000,1.0
2022-03-30,222.0,222.3,218.5664,220.2,176.01929131596245,2200236,0.0000,1.0
2022-03-31,219.15,220.83,214.46,214.46,171.43095919900685,2858818,0.0000,1.0
2022-04-01,214.9,215.21,203.72,206.64,165.17995621040183,3993556,0.0000,1.0
2022-04-04,204.79,206.27,202.59,205.21,164.03686998614288,3207697,0.0000,1.0
2022-04-05,200.25,202.1999,196.01,197.21,157.64198201826048,6219006,0.0000,1.0
2022-04-06,195.58,196.92,193.25,194.39,155.38778400958194,3911689,0.0000,1.0
2022-04-07,194.44,194.44,189.52,192.7,154.03686392636678,3627929,0.0000,1.0
2022-04-08,188.73,191.85,186.05,190.97,152.65396940331223,5465800,0.0000,1.0
2022-04-11,189.75,194.2,188.64,190.84,152.55005247383414,2787459,0.0000,1.0
2022-04-12,190.98,192.1299,186.8,187.89,150.1919375356775,3428787,0.0000,1.0
2022-04-13,187.46,190.04,186.6734,188.87,150.9753113117431,2295987,0.0000,1.0
2022-04-14,191.12,191.29,187.84,188.02,150.2958544651556,2624250,0.0000,1.0
2022-04-18,187.7,188.8,185.67,187.16,149.60840400860823,2552639,0.0000,1.0
2022-04-19,188.25,191.5,187.66,190.69,152.43014832443635,2448983,0.0000,1.0
2022-04-20,191.98,192.73,190.25,190.43,152.22231446548017,2491292,0.0000,1.0
2022-04-21,191.53,191.53,187.81,188.8,150.91935604202413,2618321,0.0000,1.0
2022-04-22,188.26,190.9399,186.94299999999998,187.15,149.6004103986484,3964154,0.0000,1.0
2022-04-25,186.63,190.34,183.18,189.64,151.59081927865176,5354904,0.0000,1.0
2022-04-26,186.69,187.42,180.83,183.05,146.32303031510867,7780377,0.0000,1.0
2022-04-27,182.57,187.3399,181.9357,186.4,149.0008896516594,3978579,0.0000,1.0
2022-04-28,188.24,190.84,186.12,190.16,152.00648699656412,3176855,0.0000,1.0
2022-04-29,186.15,188.54,179.56,179.98,143.8689920574338,4853527,0.0000,1.0
2022-05-02,180.28,180.99,175.22,178.58,142.7498866630544,5026618,0.0000,1.0
2022-05-03,179.24,179.96,176.55,178.12,142.38218060490115,3266264,0.0000,1.0
2022-05-04,178.06,184.21,177.01,183.8,146.92255106209765,3907942,0.0000,1.0
2022-05-05,181.65,183.34,177.82,179.79,143.7171134681966,3249696,0.0000,1.0
2022-05-06,179.14,181.05,175.66,179.92,143.8210303976747,2826706,0.0000,1.0
2022-05-09,177.71,183.61,176.84,181.43,145.0280655016125,3925443,0.0000,1.0
2022-05-10,183.2,184.5,179.69,182.01,145.49169487928395,3510227,0.0000,1.0
2022-05-11,181.28,182.7,176.91,177.46,141.85460234755087,4934061,0.0000,1.0
2022-05-12,176.14,178.76,173.19,178.65,142.80584193277338,5352393,0.0000,1.0
2022-05-13,176.86,179.07,175.745,178.04,143.53326043912,3598100,1.5200,1.0
2022-05-16,177.82,181.96,176.84,179.77,144.9279612960043,3003687,0.0000,1.0
2022-05-17,183.0,183.77,180.35,183.14,147.6448063177962,2640947,0.0000,1.0
2022-05-18,179.48,180.135,171.52,172.23,138.84932287929473,4275294,0.0000,1.0
2022-05-19,170.16,171.205,165.34,167.39,134.9473852218844,4382931,0.0000,1.0
2022-05-20,169.19,171.21,166.56,171.04,137.8899621742703,3483296,0.0000,1.0
2022-05-23,172.69,174.66,171.45,174.39,140.59068348673406,2837704,0.0000,1.0
2022-05-24,172.79,174.73,170.37,174.11,140.3649515561401,2865264,0.0000,1.0
2022-05-25,171.87,175.06,171.11,173.86,140.16340518953834,3370090,0.0000,1.0
2022-05-26,175.49,180.03,175.49,178.38,143.80736349769842,2628395,0.0000,1.0
2022-05-27,178.65,182.55,178.58,182.53,147.15303318328787,2959828,0.0000,1.0
2022-05-31,180.17,184.61,178.69,182.25,146.9273012526939,8734394,0.0000,1.0
2022-06-01,182.24,183.9875,179.35,180.23,145.29880661055154,3253830,0.0000,1.0
2022-06-02,182.19,184.09,180.21,184.07,148.3945588015548,2317916,0.0000,1.0
2022-06-03,182.37,185.54,182.07,185.49,149.5393421638529,3802210,0.0000,1.0
2022-06-06,186.88,188.88,186.54,187.11,150.8453626194324,2649274,0.0000,1.0
2022-06-07,184.85,186.01,182.21,185.51,149.55546587318102,2983997,0.0000,1.0
2022-06-08,182.54,183.25,177.99,179.44,144.66192009208993,3592190,0.0000,1.0
2022-06-09,179.0,181.4,176.49,176.55,142.33204409417343,2891660,0.0000,1.0
2022-06-10,173.3,175.0,171.84,173.05,139.51039496174857,3220732,0.0000,1.0
2022-06-13,170.83,174.88,169.5,172.72,139.24435375783423,4302864,0.0000,1.0
2022-06-14,174.05,177.965,172.04,174.16,140.40526082946045,3925494,0.0000,1.0
2022-06-15,175.1,180.08,173.44,175.88,141.79189983168067,3465108,0.0000,1.0
2022-06-16,171.14,173.29,170.74,172.19,138.81707546063845,3355694,0.0000,1.0
2022-06-17,171.46,173.71,169.46,171.07,137.9141477382625,7578296,0.0000,1.0
2022-06-21,172.64,175.0,172.42,174.5,140.67936388803886,2845836,0.0000,1.0
2022-06-22,172.87,176.81,172.37,176.15,142.0095699076106,2671052,0.0000,1.0
2022-06-23,177.37,179.01,175.235,178.63,144.0089098643002,2923593,0.0000,1.0
2022-06-24,180.77,184.62,180.77,183.3,147.77379599242136,4826547,0.0000,1.0
2022-06-27,184.85,184.96,181.05,181.81,146.57257964747475,1902453,0.0000,1.0
2022-06-28,182.76,185.28,179.51,179.92,145.04888911596532,2380948,0.0000,1.0
2022-06-29,180.33,181.62,177.67,181.13,146.02437353031794,2100952,0.0000,1.0
2022-06-30,178.91,183.89,177.565,182.54,147.16109503795195,3728260,0.0000,1.0
2022-07-01,181.78,186.11,181.51,184.99,149.13624943064934,2962475,0.0000,1.0
2022-07-05,182.29,184.97,181.73,184.63,148.84602266274277,2471842,0.0000,1.0
2022-07-06,184.78,185.955,182.7068,185.17,149.2813628146026,2005019,0.0000,1.0
2022-07-07,185.93,187.01,183.03,186.19,150.10367199033786,2961923,0.0000,1.0
2022-07-08,185.71,186.295,183.09,185.4,149.46678547187625,1938350,0.0000,1.0
2022-07-11,183.72,186.82,183.72,184.64,148.85408451740685,2275957,0.0000,1.0
2022-07-12,181.53,182.49,178.06,179.37,144.60548710944144,4207551,0.0000,1.0
2022-07-13,178.43,181.0,176.2301,177.92,143.43651818315112,2414545,0.0000,1.0
2022-07-14,176.93,178.48,175.1327,178.28,143.7267449510577,2487076,0.0000,1.0
2022-07-15,180.57,182.81,180.57,182.59,147.2014043112723,5014128,0.0000,1.0
2022-07-18,182.33,183.895,179.73,180.08,145.17787879059048,2289244,0.0000,1.0
2022-07-19,181.25,185.945,181.24,185.81,149.79732151310316,2710804,0.0000,1.0
2022-07-20,185.85,187.5,184.27,186.85,150.63575439816654,1754944,0.0000,1.0
2022-07-21,186.95,188.14,185.83,187.01,150.76474407279167,2320204,0.0000,1.0
2022-07-22,188.64,189.29,185.66,187.98,151.54674397520657,2255419,0.0000,1.0
2022-07-25,188.96,189.93,186.96,187.91,151.49031099255808,2816066,0.0000,1.0
2022-07-26,179.25,183.835,178.66,181.53,146.34684771688077,4960953,0.0000,1.0
2022-07-27,182.89,185.03,180.06,183.9,148.2575072722656,2739442,0.0000,1.0
2022-07-28,184.66,189.07,183.8,188.24,151.75635219647242,2452472,0.0000,1.0
2022-07-29,188.55,195.73,187.98,194.89,157.1174855480796,4093070,0.0000,1.0
2022-08-01,193.08,195.82,192.92,195.34,157.48026900796282,2086269,0.0000,1.0
2022-08-02,194.52,194.97,191.94,193.53,156.02107331376598,2075149,0.0000,1.0
2022-08-03,194.69,195.34,192.76,193.42,155.93239291246118,1916720,0.0000,1.0
2022-08-04,192.7,194.64,191.6,194.52,156.819196925509,1627484,0.0000,1.0
2022-08-05,193.45,196.91,193.45,196.76,158.6250523702609,1786026,0.0000,1.0
2022-08-08,197.86,199.04,195.61,196.09,158.08490810776814,2102710,0.0000,1.0
2022-08-09,196.47,197.53,195.22,196.65,158.53637196895613,2022532,0.0000,1.0
2022-08-10,199.77,202.665,199.01,202.37,163.14775283680473,2791362,0.0000,1.0
2022-08-11,203.36,205.9,201.75,204.43,164.80849489760337,2730638,0.0000,1.0
2022-08-12,202.54,204.99,201.63,204.89,166.4047421210894,1883408,1.5200,1.0
2022-08-15,203.84,206.11,203.29,205.88,167.20878670452385,1618268,0.0000,1.0
2022-08-16,204.26,207.7,203.78,206.35,167.59050484009373,2296069,0.0000,1.0
2022-08-17,202.49,206.12,202.35,204.98,166.4778370832198,1767314,0.0000,1.0
2022-08-18,204.39,208.22,204.01,208.05,168.97118745811244,1913947,0.0000,1.0
2022-08-19,208.91,209.39,206.74,208.43,169.2798106315519,2704307,0.0000,1.0
2022-08-22,205.5,207.635,205.17,206.4,167.6311131523884,3593555,0.0000,1.0
2022-08-23,206.59,207.65,204.44,205.27,166.7133652945289,2088008,0.0000,1.0
2022-08-24,203.9,205.0899,202.86599999999999,203.04,164.9022345661867,2024016,0.0000,1.0
2022-08-25,203.68,205.04,202.51,205.0,166.4940804081377,1984492,0.0000,1.0
2022-08-26,204.88,205.6996,198.87,198.93,161.56423129556504,2204060,0.0000,1.0
2022-08-29,198.28,199.53,197.19,197.27,160.2160353273821,1925084,0.0000,1.0
2022-08-30,197.67,198.41,194.62,195.05,158.41302626149883,2238008,0.0000,1.0
2022-08-31,195.22,196.18,194.02,194.51,157.9744564887164,2627678,0.0000,1.0
2022-09-01,194.38,197.09,193.11,196.61,159.68000560509248,2343430,0.0000,1.0
2022-09-02,199.42,199.97,194.34,196.05,159.2251925073922,2665129,0.0000,1.0
2022-09-06,194.7901,196.2,191.31,195.96,159.15209754526177,3555493,0.0000,1.0
2022-09-07,194.9,197.1,192.92,196.29,159.42011240640656,2902333,0.0000,1.0
2022-09-08,195.24,196.55,193.58,196.13,159.29016580706363,2166291,0.0000,1.0
2022-09-09,197.57,199.41,197.14,198.69,161.36931139655061,1748040,0.0000,1.0
2022-09-12,199.55,200.96,199.495,200.17,162.5713174404728,2382580,0.0000,1.0
2022-09-13,196.16,197.68,192.14,192.71,156.51255724610837,2382701,0.0000,1.0
2022-09-14,192.84,193.36,189.6,190.96,155.091266315795,2608309,0.0000,1.0
2022-09-15,190.73,191.17,184.58,185.0,150.2507554902706,4041764,0.0000,1.0
2022-09-16,177.67,178.7368,173.2001,176.71,143.5178973118147,12561975,0.0000,1.0
2022-09-19,176.31,180.4,175.65,180.03,146.21428924818062,3018033,0.0000,1.0
2022-09-20,178.36,178.72,174.65,175.68,142.68136607854456,2827524,0.0000,1.0
2022-09-21,177.08,179.58,173.77,173.83,141.17885852364185,3162889,0.0000,1.0
2022-09-22,171.83,171.85,167.72,167.86,136.3302260356585,5226778,0.0000,1.0
2022-09-23,164.88,165.66,161.9,164.33,133.46327918765496,4252837,0.0000,1.0
2022-09-26,163.34,163.95,160.11,161.75,131.3678902732501,4163627,0.0000,1.0
2022-09-27,163.54,166.085,162.5,164.77,133.82063233584805,3371306,0.0000,1.0
2022-09-28,165.28,168.18,164.4,167.12,135.72922301369744,2958112,0.0000,1.0
2022-09-29,166.32,166.71,163.7477,165.32,134.2673237710894,2494862,0.0000,1.0
2022-09-30,164.96,165.32,161.52,161.54,131.1973353616125,2823331,0.0000,1.0
2022-10-03,160.63,164.56,159.42,163.09,132.4561930427472,3494731,0.0000,1.0
2022-10-04,165.6,169.14,164.97,168.89,137.16675726892865,3414668,0.0000,1.0
2022-10-05,167.05,169.88,166.69,167.93,136.38707767287104,2811406,0.0000,1.0
2022-10-06,167.37,168.43,164.72,165.6,134.49473031993952,2375039,0.0000,1.0
2022-10-07,163.96,164.005,158.34,159.14,129.24813637146843,3490990,0.0000,1.0
2022-10-10,161.04,161.8,158.4,159.74,129.73543611900448,3141672,0.0000,1.0
2022-10-11,159.38,161.23,158.46,159.41,129.46742125785966,2164816,0.0000,1.0
2022-10-12,159.9,161.73,158.99,159.48,129.5242728950722,2229201,0.0000,1.0
2022-10-13,156.11,164.82,154.8718,163.66,132.91912780290642,2574108,0.0000,1.0
2022-10-14,164.57,165.56,161.4791,161.68,131.31103863603758,1937624,0.0000,1.0
2022-10-17,164.23,166.12,163.73,164.72,133.78002402355338,2274715,0.0000,1.0
2022-10-18,167.48,168.75,164.62,166.99,135.6236414017313,2282616,0.0000,1.0
2022-10-19,166.78,167.23,164.66,165.79,134.64904190665925,2129959,0.0000,1.0
2022-10-20,164.66,165.22,160.32,160.98,130.7425222639122,2832622,0.0000,1.0
2022-10-21,161.63,166.04,161.03,165.55,134.45412200764486,3161038,0.0000,1.0
2022-10-24,167.05,170.23,166.565,167.55,136.0784544994316,4471270,0.0000,1.0
2022-10-25,172.28,174.8,166.52,167.0,135.6317630641902,7698827,0.0000,1.0
2022-10-26,167.5,170.51,165.51,168.99,137.247973893518,4820565,0.0000,1.0
2022-10-27,169.93,170.65,166.09,166.49,135.21755827878462,3325307,0.0000,1.0
2022-10-28,165.36,167.52,162.49,167.17,135.76983132599207,4771564,0.0000,1.0
2022-10-31,166.13,169.79,165.4204,167.77,136.25713107352811,2909001,0.0000,1.0
2022-11-01,168.96,169.675,164.8,167.4,135.95662956254756,2454559,0.0000,1.0
2022-11-02,166.15,170.61,164.55,164.58,133.66632074912832,2824737,0.0000,1.0
2022-11-03,162.33,165.9169,160.07,164.01,133.20338598896907,2671998,0.0000,1.0
2022-11-04,166.01,166.4629,162.61,165.69,134.56782528206992,2401055,0.0000,1.0
2022-11-07,165.89,169.58,165.38,169.13,137.36167716794307,2624493,0.0000,1.0
2022-11-08,169.8,171.32,167.65,168.79,137.08554064433932,2715740,0.0000,1.0
2022-11-09,168.19,169.09,163.88,164.01,133.20338598896907,2687183,0.0000,1.0
2022-11-10,167.5,172.35,167.5,172.32,141.18698018610078,3338898,1.5200,1.0
2022-11-11,172.71,178.985,172.51,178.19,145.99644846426008,3851510,0.0000,1.0
2022-11-14,178.105,181.4898,177.72,177.79,145.66871638397666,3082494,0.0000,1.0
2022-11-15,178.47,181.56,178.06,181.47,148.6838515225842,3105021,0.0000,1.0
2022-11-16,180.36,180.45,175.9,177.06,145.0706053374594,2713488,0.0000,1.0
2022-11-17,175.0,176.09,171.61,176.06,144.25127513675085,2517525,0.0000,1.0
2022-11-18,178.51,179.23,176.76,178.97,146.63552602081276,3002978,0.0000,1.0
2022-11-21,178.15,180.74,177.9,180.61,147.97922754997484,2465606,0.0000,1.0
2022-11-22,181.47,182.89,180.47,182.74,149.7244008774841,2210419,0.0000,1.0
2022-11-23,183.36,183.93,182.71,182.84,149.80633389755494,1583827,0.0000,1.0
2022-11-25,183.645,183.89,182.205,182.52,149.5441482333282,912447,0.0000,1.0
2022-11-28,180.97,182.28,178.44,179.91,147.40569640947882,2047781,0.0000,1.0
2022-11-29,183.99,185.19,182.25,184.89,151.4859608090075,3671448,0.0000,1.0
2022-11-30,184.75,189.73,183.93,189.73,155.451518980437,7146860,0.0000,1.0
2022-12-01,189.58,191.6,188.39,190.19,155.82841087276293,3934710,0.0000,1.0
2022-12-02,187.29,190.46,186.59,189.39,155.17294671219605,3661709,0.0000,1.0
2022-12-05,188.05,188.09,180.585,181.16,148.42985916036454,5004804,0.0000,1.0
2022-12-06,179.02,179.485,173.88,175.1,143.46471814407062,5598203,0.0000,1.0
2022-12-07,174.4,177.05,173.99,174.67,143.11240615776592,5124302,0.0000,1.0
2022-12-08,175.13,180.55,174.85,179.63,147.17628395328043,3109657,0.0000,1.0
2022-12-09,179.26,180.14,177.37,177.64,145.54581685387038,3487165,0.0000,1.0
2022-12-12,178.68,183.32,178.015,182.53,149.55234153533527,3214511,0.0000,1.0
2022-12-13,187.99,188.59,181.925,183.85,150.63385740027059,3863879,0.0000,1.0
2022-12-14,183.41,187.25,182.8,184.31,151.01074929259653,3188928,0.0000,1.0
2022-12-15,181.5,182.295,179.41,181.21,148.4708256704,3478292,0.0000,1.0
2022-12-16,180.36,181.89,177.62,178.2,146.00464176626716,8241369,0.0000,1.0
2022-12-19,178.01,179.96,176.56,178.43,146.19308771243016,3690251,0.0000,1.0
2022-12-20,177.33,177.57,173.47,173.63,142.260302749029,3062157,0.0000,1.0
2022-12-21,176.35,176.97,174.28,176.68,144.75925986119015,2833113,0.0000,1.0
2022-12-22,174.8,175.66,172.7151,175.61,143.88257654643198,2626811,0.0000,1.0
2022-12-23,175.92,177.19,174.16,177.01,145.02963882742398,1897662,0.0000,1.0
2022-12-27,177.09,177.8174,175.62,176.93,144.9640924113673,1294218,0.0000,1.0
2022-12-28,177.0,177.47,173.37,173.61,142.24391614501485,1455898,0.0000,1.0
2022-12-29,174.79,176.41,174.42,175.75,143.9972827745312,1369351,0.0000,1.0
2022-12-30,174.26,174.85,171.89,173.84,142.43236209117782,1670881,0.0000,1.0
2023-01-03,174.27,175.83,173.65,175.28,143.61219758019814,2206482,0.0000,1.0
2023-01-04,176.45,177.87,175.2001,177.11,145.11157184749484,1965095,0.0000,1.0
2023-01-05,174.88,175.91,173.33,173.84,142.43236209117782,2736857,0.0000,1.0
2023-01-06,175.63,179.54,174.29,178.95,146.6191394167986,3690149,0.0000,1.0
2023-01-09,179.22,183.64,178.98,181.69,148.86410416674008,3214745,0.0000,1.0
2023-01-10,181.31,181.56,177.26,178.77,146.47165998067106,2324238,0.0000,1.0
2023-01-11,179.525,182.46,178.985,182.23,149.3065424751227,2674711,0.0000,1.0
2023-01-12,183.47,183.7,180.68,182.95,149.89646021963287,1832262,0.0000,1.0
2023-01-13,182.18,183.25,180.77,182.15,149.24099605906602,2078273,0.0000,1.0
2023-01-17,181.62,182.38,178.87,179.0,146.66010592683404,2703314,0.0000,1.0
2023-01-18,178.8,180.55,176.46,176.72,144.7920330692185,3085283,0.0000,1.0
2023-01-19,176.16,177.22,173.655,176.15,144.3250148548146,2711764,0.0000,1.0
2023-01-20,176.74,178.19,175.12,178.13,145.94728865221757,2296408,0.0000,1.0
2023-01-23,178.51,181.71,177.21,180.48,147.8727146238827,2240062,0.0000,1.0
2023-01-24,177.54,181.38,177.48,179.99,147.4712428255355,1958400,0.0000,1.0
2023-01-25,178.005,178.02,174.91,177.46,145.39833741774285,1722176,0.0000,1.0
2023-01-26,178.63,179.78,176.05,179.7,147.23363706733002,1627001,0.0000,1.0
2023-01-27,179.6,183.83,178.8,182.09,149.1918362470235,2831795,0.0000,1.0
2023-01-30,180.71,181.845,176.39,176.97,144.99686561939563,4593318,0.0000,1.0
2023-01-31,178.77,186.08,178.77,185.23,151.76453307724842,6872089,0.0000,1.0
2023-02-01,184.68,185.83,180.8,184.98,151.55970052707127,4005165,0.0000,1.0
2023-02-02,186.03,193.705,186.02,191.29,156.72967409354234,4996140,0.0000,1.0
2023-02-03,189.06,192.25,187.25,191.66,157.03282626780452,2766408,0.0000,1.0
2023-02-06,190.0,190.58,188.18,188.76,154.65676868574965,2243357,0.0000,1.0
2023-02-07,187.87,189.21,185.79,188.29,154.27168349141664,2037849,0.0000,1.0
2023-02-08,186.73,188.2,186.0,186.36,152.69037620404913,1970048,0.0000,1.0
2023-02-09,186.04,187.52,184.56,184.75,151.3712545809083,2135717,0.0000,1.0
2023-02-10,183.45,185.59,182.56,185.22,151.75633977524134,2533948,0.0000,1.0
2023-02-13,184.75,187.46,183.22,187.41,153.5506729147931,2481436,0.0000,1.0
2023-02-14,186.2,187.84,184.97,186.77,153.02630158633963,1876458,0.0000,1.0
2023-02-15,185.62,187.043,185.03,186.84,153.08365470038922,1750601,0.0000,1.0
2023-02-16,185.15,186.78,183.12,185.55,152.02671874147518,2633186,0.0000,1.0
2023-02-17,183.11,184.0099,181.35,183.21,151.436800996965,2510180,1.6200,1.0
2023-02-21,179.18,179.57,176.13,178.46,147.5105698701947,3994806,0.0000,1.0
2023-02-22,178.37,179.44,176.09,176.61,145.98140616818944,2376997,0.0000,1.0
2023-02-23,177.94,180.28,177.8547,179.94,148.7339008317989,2341187,0.0000,1.0
2023-02-24,178.78,181.14,177.75,180.15,148.90748157635088,2674392,0.0000,1.0
2023-02-27,181.88,183.49,181.03,182.23,150.6267575223892,2925366,0.0000,1.0
2023-02-28,181.2,183.8091,181.13,182.49,150.84166701564402,3703052,0.0000,1.0
2023-03-01,181.93,184.75,181.55,183.08,151.3293462503376,2307530,0.0000,1.0
2023-03-02,182.82,185.115,181.78,184.68,152.65186620882864,2334521,0.0000,1.0
2023-03-03,186.25,186.69,184.62,185.68,153.47844118288555,2499639,0.0000,1.0
2023-03-06,185.45,187.6699,185.36,186.51,154.16449841135275,2419460,0.0000,1.0
2023-03-07,185.19,185.99,182.7,183.27,151.4863954954084,2822368,0.0000,1.0
2023-03-08,183.18,184.58,182.28,184.3,152.33776771868702,2277952,0.0000,1.0
2023-03-09,185.63,187.63,182.5,182.88,151.1640312555262,2497496,0.0000,1.0
2023-03-10,182.69,184.32,179.53,181.54,150.05642079028996,3442847,0.0000,1.0
2023-03-13,179.07,183.86,178.21,182.23,150.6267575223892,4435913,0.0000,1.0
2023-03-14,185.15,187.83,182.26,185.06,152.96596469897025,4892221,0.0000,1.0
2023-03-15,181.42,184.95,180.97,184.36,152.38736221713043,4306742,0.0000,1.0
2023-03-16,183.55,188.77,183.55,187.92,155.329969124773,4719435,0.0000,1.0
2023-03-17,189.95,191.94,185.4575,186.79,154.3959394040887,20535902,0.0000,1.0
2023-03-20,186.26,186.82,181.57,183.49,151.66824198970093,3974343,0.0000,1.0
2023-03-21,184.62,186.84,183.8,186.79,154.3959394040887,2965635,0.0000,1.0
2023-03-22,186.5,189.615,185.32,185.54,153.36272068651755,2758367,0.0000,1.0
2023-03-23,184.78,188.59,183.45,185.29,153.15607694300334,2901741,0.0000,1.0
2023-03-24,185.09,186.41,183.7229,186.07,153.80080542276772,2586752,0.0000,1.0
2023-03-27,187.39,187.96,185.53,187.32,154.83402414033884,2283386,0.0000,1.0
2023-03-28,187.42,189.16,186.35,187.73,155.17291987970216,1850203,0.0000,1.0
2023-03-29,189.52,191.5,188.857,191.47,158.26431028267498,2546224,0.0000,1.0
2023-03-30,191.89,192.2,189.19,191.09,157.95021179253337,2075292,0.0000,1.0
2023-03-31,191.93,194.12,190.93,193.99,160.3472792172984,2571248,0.0000,1.0
2023-04-03,192.83,193.75,191.32,193.72,160.124103974303,2735242,0.0000,1.0
2023-04-04,194.67,194.88,189.93,190.61,157.55345580498607,2498853,0.0000,1.0
2023-04-05,189.84,191.885,189.35,189.4,156.55330008637722,2718297,0.0000,1.0
2023-04-06,188.33,189.56,186.53,188.58,155.87550860765054,2206234,0.0000,1.0
2023-04-10,187.42,190.55,186.78,190.26,157.26415456406613,2158050,0.0000,1.0
2023-04-11,190.5,193.1,189.59,192.45,159.07435375725075,2844581,0.0000,1.0
2023-04-12,192.5,194.04,189.02,189.85,156.9252588247028,3729104,0.0000,1.0
2023-04-13,190.92,191.5951,188.54,191.0,157.87582004486825,2355589,0.0000,1.0
2023-04-14,191.0,193.02,190.25,192.87,159.42151524635466,2034960,0.0000,1.0
2023-04-17,193.22,194.38,192.58,193.29,159.76867673545854,1919716,0.0000,1.0
2023-04-18,193.58,194.67,192.88,194.12,160.45473396392578,2461589,0.0000,1.0
2023-04-19,194.28,196.22,194.11,196.03,162.03349216437445,2652204,0.0000,1.0
2023-04-20,195.87,197.8,194.12,194.98,161.16558844161472,3336293,0.0000,1.0
2023-04-21,194.87,196.5,193.61,195.21,161.3557006856478,3371885,0.0000,1.0
2023-04-24,195.36,197.31,194.725,195.85,161.88470866904422,3689112,0.0000,1.0
2023-04-25,182.67,183.0,176.22,176.29,145.7169021764912,12474851,0.0000,1.0
2023-04-26,175.23,177.0585,172.13,172.57,142.64204327299953,5793124,0.0000,1.0
2023-04-27,172.76,178.16,172.19,177.76,146.93196738835485,4679013,0.0000,1.0
2023-04-28,176.84,180.48,176.51,179.81,148.62644608517152,3440757,0.0000,1.0
2023-05-01,179.95,182.69,179.67,182.2,150.6019602731675,2807893,0.0000,1.0
2023-05-02,180.7,180.77,177.68,177.84,146.99809338627944,3527750,0.0000,1.0
2023-05-03,177.5,178.0,175.5,175.83,145.33667768842506,3825246,0.0000,1.0
2023-05-04,174.55,174.9406,172.86,173.29,143.2371772543205,3495232,0.0000,1.0
2023-05-05,175.175,176.285,173.8,175.74,145.26228594075994,2775271,0.0000,1.0
2023-05-08,175.91,176.36,173.6,174.39,144.1464097257831,2589144,0.0000,1.0
2023-05-09,172.87,173.795,172.15,173.01,143.0057362615846,2180685,0.0000,1.0
2023-05-10,173.73,173.98,169.85,171.57,141.81546829894265,3233338,0.0000,1.0
2023-05-11,171.53,171.75,169.18,170.23,140.70785783370638,3136608,0.0000,1.0
2023-05-12,169.11,169.86,166.88,168.5,140.61693458656012,3346831,1.6200,1.0
2023-05-15,167.56,168.915,166.26,168.85,140.909017240004,3048413,0.0000,1.0
2023-05-16,167.49,167.83,166.15,166.61,139.0396882579631,3459177,0.0000,1.0
2023-05-17,167.69,171.765,166.71,171.36,143.00366712613024,3882431,0.0000,1.0
2023-05-18,171.64,173.42,169.76,171.04,142.7366201286958,2747385,0.0000,1.0
2023-05-19,171.13,171.4599,169.37,170.93,142.64482272332774,2350155,0.0000,1.0
2023-05-22,171.61,171.85,169.32,171.51,143.1288454061776,2675560,0.0000,1.0
2023-05-23,170.59,172.26,169.25,169.79,141.6934677949676,2660616,0.0000,1.0
2023-05-24,168.85,169.655,167.45,167.72,139.96600753031373,2410563,0.0000,1.0
2023-05-25,168.58,172.08,168.17,171.23,142.89517928342246,2977043,0.0000,1.0
2023-05-26,171.73,172.91,171.18,171.57,143.17891671819655,2292008,0.0000,1.0
2023-05-30,171.69,171.84,168.915,169.76,141.66843213895814,2542214,0.0000,1.0
2023-05-31,169.06,169.22,166.3,167.0,139.3651517860863,4931715,0.0000,1.0
2023-06-01,167.51,168.92,166.21,167.83,140.05780493568182,2525005,0.0000,1.0
2023-06-02,168.76,170.94,167.93,170.14,141.9855504484115,2752177,0.0000,1.0
2023-06-05,169.95,169.95,167.62,167.85,140.07449537302145,2314100,0.0000,1.0
2023-06-06,166.51,168.66,166.18,167.59,139.857519687606,2521998,0.0000,1.0
2023-06-07,167.345,171.67,166.9,171.5,143.1205001875078,3435606,0.0000,1.0
2023-06-08,171.48,171.62,169.63,171.48,143.10380975016812,3676419,0.0000,1.0
2023-06-09,171.0,171.38,169.555,170.49,142.2776331018554,2838567,0.0000,1.0
2023-06-12,170.84,171.82,170.03,171.5,143.1205001875078,2795236,0.0000,1.0
2023-06-13,171.31,173.38,171.11,172.89,144.28048558261352,3527973,0.0000,1.0
2023-06-14,173.66,176.7,173.09,174.88,145.9411840979088,4476124,0.0000,1.0
2023-06-15,175.46,179.3,175.415,179.0,149.3794141898769,4162854,0.0000,1.0
2023-06-16,179.99,180.27,176.1,178.58,149.02891500574427,8469269,0.0000,1.0
2023-06-20,176.46,178.675,176.46,177.27,147.93569135999712,3088520,0.0000,1.0
2023-06-21,174.13,176.59,172.87,173.63,144.89803176418062,4935490,0.0000,1.0
2023-06-22,172.16,173.5,170.96,171.38,143.02035756346987,4192807,0.0000,1.0
2023-06-23,169.6,171.16,168.71,169.29,141.27620686147634,11278591,0.0000,1.0
2023-06-26,169.22,173.04,169.22,172.75,144.16365252123597,3763109,0.0000,1.0
2023-06-27,173.39,175.49,172.47,174.67,145.76593450584247,2711553,0.0000,1.0
2023-06-28,174.12,176.079,173.66,175.66,146.5921111541552,2746443,0.0000,1.0
2023-06-29,175.42,176.19,174.785,176.05,146.9175746822784,2301550,0.0000,1.0
2023-06-30,176.59,179.65,175.56,179.25,149.58804465662257,4892851,0.0000,1.0
2023-07-03,178.26,184.16,178.18,183.77,153.3600834953837,3330016,0.0000,1.0
2023-07-05,179.37,181.7,178.79,179.97,150.18890040085,4820629,0.0000,1.0
2023-07-06,178.66,179.4,177.585,179.28,149.61308031263204,3012410,0.0000,1.0
2023-07-07,178.11,181.722,178.04,179.76,150.01365080878367,3145285,0.0000,1.0
2023-07-10,179.68,182.43,179.68,181.33,151.32385013994627,2372713,0.0000,1.0
2023-07-11,181.93,185.5,181.36,185.24,154.58683063984805,2896662,0.0000,1.0
2023-07-12,187.07,187.67,185.47,186.49,155.62998297357623,2586007,0.0000,1.0
2023-07-13,186.64,187.82,185.33,185.36,154.68697326388596,2857410,0.0000,1.0
2023-07-14,184.78,185.665,183.9,185.26,154.60352107718768,2213650,0.0000,1.0
2023-07-17,184.48,184.5,182.42,182.74,152.50052597239167,2556717,0.0000,1.0
2023-07-18,182.82,184.9,182.82,184.57,154.02770098896974,2387566,0.0000,1.0
2023-07-19,184.595,186.47,184.595,186.02,155.23775769609443,3019087,0.0000,1.0
2023-07-20,186.63,188.205,185.6,186.94,156.0055178137184,2703631,0.0000,1.0
2023-07-21,186.91,189.48,186.74,187.3,156.3059456858321,5071459,0.0000,1.0
2023-07-24,185.86,189.345,185.72,188.34,157.17384842749397,2460229,0.0000,1.0
2023-07-25,187.81,192.98,182.14,184.69,154.12784361300766,10006571,0.0000,1.0
2023-07-26,183.25,185.13,181.715,184.39,153.87748705291287,4189081,0.0000,1.0
2023-07-27,185.12,187.23,184.05,186.52,155.65501862958573,3251374,0.0000,1.0
2023-07-28,188.39,189.65,187.69,187.89,156.7983135873518,2304647,0.0000,1.0
2023-07-31,187.805,188.32,186.2,187.13,156.16407696844507,2325150,0.0000,1.0
2023-08-01,186.86,187.0,183.77,185.5,154.8038063252635,2827369,0.0000,1.0
2023-08-02,183.95,185.36,182.84,183.35,153.00958431125102,2012694,0.0000,1.0
2023-08-03,182.34,184.56,181.26,181.5,151.46571885733331,3694497,0.0000,1.0
2023-08-04,182.13,182.6042,180.47,180.94,150.99838661182307,4437391,0.0000,1.0
2023-08-07,182.0,183.24,180.74,182.15,152.00815807087196,4411684,0.0000,1.0
2023-08-08,183.06,184.33,176.02,180.55,150.67292308369989,6433351,0.0000,1.0
2023-08-09,179.12,181.37,178.56,179.37,149.68818728066046,3249463,0.0000,1.0
2023-08-10,180.08,182.25,179.93,180.38,150.53105436631284,3964791,0.0000,1.0
2023-08-11,178.27,179.03,175.9,176.62,148.74517757097016,3558532,1.6200,1.0
2023-08-14,176.12,176.44,174.56,175.51,147.81036188133265,2980792,0.0000,1.0
2023-08-15,174.45,174.56,172.76,173.26,145.9154652131485,2269269,0.0000,1.0
2023-08-16,172.1,173.58,170.58,170.74,143.79318094478228,2500538,0.0000,1.0
2023-08-17,171.36,171.55,170.05,170.74,143.79318094478228,2986577,0.0000,1.0
2023-08-18,169.81,172.16,169.81,171.24,144.21426909326766,2868452,0.0000,1.0
2023-08-21,170.91,171.7274,167.07,168.49,141.89828427659813,3512019,0.0000,1.0
2023-08-22,169.0,170.36,166.4,166.86,140.52553691253587,2702240,0.0000,1.0
2023-08-23,167.71,169.31900000000002,167.34,168.88,142.22673303241672,2375193,0.0000,1.0
2023-08-24,168.03,168.815,166.97,167.0,140.64344159411175,2207639,0.0000,1.0
2023-08-25,167.43,169.35,166.85,168.87,142.218311269447,2506999,0.0000,1.0
2023-08-28,169.7,170.655,167.96,168.84,142.1930459805379,1967777,0.0000,1.0
2023-08-29,169.34,171.925,169.0,171.75,144.64377900472272,3261293,0.0000,1.0
2023-08-30,172.05,172.7545,170.99,172.01,144.8627448419351,2713341,0.0000,1.0
2023-08-31,172.03,172.69,169.3,169.4,142.6646647068415,3549814,0.0000,1.0
2023-09-01,170.52,170.68,167.34,168.0,141.48561789108248,3286591,0.0000,1.0
2023-09-05,167.5,168.015,163.61,163.97,138.09164741429043,4897473,0.0000,1.0
2023-09-06,163.88,164.25,161.45,162.31,136.69363476131903,3883549,0.0000,1.0
2023-09-07,161.99,162.65,160.52,162.24,136.63468242053108,3013167,0.0000,1.0
2023-09-08,162.42,162.42,160.6,161.04,135.6240708641662,3561848,0.0000,1.0
2023-09-11,161.6,162.28,160.34,160.89,135.49774441962057,3637996,0.0000,1.0
2023-09-12,157.37,158.0,155.1,156.57,131.85954281670703,6232521,0.0000,1.0
2023-09-13,156.56,158.05,155.86,157.84,132.92910671385988,4071931,0.0000,1.0
2023-09-14,159.76,160.88,159.03,160.73,135.36299621210526,2796439,0.0000,1.0
2023-09-15,160.73,161.47,159.65,160.49,135.1608739008323,4382293,0.0000,1.0
2023-09-18,159.91,160.15,158.08,158.44,133.4344124920423,2729369,0.0000,1.0
2023-09-19,158.3,158.68,156.51,158.01,133.0722766843449,2349033,0.0000,1.0
2023-09-20,158.6,159.42,157.35,157.64,132.76067145446572,2301142,0.0000,1.0
2023-09-21,157.0,157.78,155.23,155.43,130.89946183816042,3801458,0.0000,1.0
2023-09-22,155.42,155.84,153.51,153.78,129.50987094815872,3206785,0.0000,1.0
2023-09-25,152.93,155.39,152.82,154.31,129.9562243855532,2900479,0.0000,1.0
2023-09-26,153.0,154.01,151.8,151.9,127.92657950985375,3461990,0.0000,1.0
2023-09-27,152.48,152.8,150.54,152.41,128.3560894213088,3419503,0.0000,1.0
2023-09-28,152.63,155.56,152.43,155.5,130.95841417894837,5571684,0.0000,1.0
2023-09-29,156.5,157.33,155.06,155.87,131.27001940882755,5034589,0.0000,1.0
2023-10-02,155.145,155.42,153.64,155.08,130.60470013422068,3243692,0.0000,1.0
2023-10-03,154.265,156.3599,153.0201,153.75,129.48460565924958,3687671,0.0000,1.0
2023-10-04,154.4,155.38,152.45,153.72,129.45934037034047,2600620,0.0000,1.0
2023-10-05,153.04,153.98,152.6,153.38,129.1730004293704,2922292,0.0000,1.0
2023-10-06,152.88,155.15,152.3,154.27,129.92253733367437,2383609,0.0000,1.0
2023-10-09,153.45,154.8,152.535,154.34,129.98148967446232,1766017,0.0000,1.0
2023-10-10,154.51,156.45,154.28,155.55,131.00052299379692,2083532,0.0000,1.0
2023-10-11,155.78,156.24,153.47,155.3,130.78997891955424,2209802,0.0000,1.0
2023-10-12,155.5,155.55,153.56,155.38,130.85735302331187,2340494,0.0000,1.0
2023-10-13,156.12,157.37,154.584,155.08,130.60470013422068,2759887,0.0000,1.0
2023-10-16,156.74,158.49,156.12,156.65,131.92691692046472,3349697,0.0000,1.0
2023-10-17,155.19,157.66,155.02,157.18,132.3732703578592,2936990,0.0000,1.0
2023-10-18,155.5,155.79,153.64,153.82,129.54355800003754,2974728,0.0000,1.0
2023-10-19,154.47,155.14,151.78,152.06,128.06132771736907,3035195,0.0000,1.0
2023-10-20,152.34,153.34,151.94,151.96,127.97711008767199,5022493,0.0000,1.0
2023-10-23,151.25,151.58,147.89,148.16,124.77684015918321,4552659,0.0000,1.0
2023-10-24,148.74,150.21,148.335,149.32,125.75376466366926,2802329,0.0000,1.0
2023-10-25,148.74,148.9,146.01,146.93,123.74096331390922,3565833,0.0000,1.0
2023-10-26,142.5,146.29,137.93,138.21,116.39718600432447,10581412,0.0000,1.0
2023-10-27,138.43,139.79,133.68,134.83,113.55063012056341,6594553,0.0000,1.0
2023-10-30,135.91,139.23,134.31,138.78,116.87722649359777,5662402,0.0000,1.0
2023-10-31,138.62,141.32,138.215,141.25,118.95740194711549,3996879,0.0000,1.0
2023-11-01,141.38,142.14,138.05,139.8,117.73624631650793,3566835,0.0000,1.0
2023-11-02,141.895,143.38,141.715,141.99,119.58061240687383,3904584,0.0000,1.0
2023-11-03,143.23,144.81,142.81,142.86,120.31330578523837,3272215,0.0000,1.0
2023-11-06,143.22,143.49,141.29,142.27,119.81642177002563,2931436,0.0000,1.0
2023-11-07,141.475,142.1,140.6,141.85,119.46270772529792,2952623,0.0000,1.0
2023-11-08,142.125,143.42,141.46,141.95,119.54692535499498,2896590,0.0000,1.0
2023-11-09,142.94,142.94,139.87,139.95,117.86257276105353,3411097,0.0000,1.0
2023-11-10,138.71,138.82,136.52,138.11,117.67729397571999,5684583,1.6200,1.0
2023-11-13,137.67,138.55,137.01,138.17,117.7284172661301,3211537,0.0000,1.0
2023-11-14,140.04,143.77,139.9078,143.17,121.98869146697434,4258832,0.0000,1.0
2023-11-15,144.0,147.9,143.95,147.17,125.39691082764975,4766672,0.0000,1.0
2023-11-16,147.27,148.2,145.635,146.91,125.17537656920585,3729290,0.0000,1.0
2023-11-17,147.68,148.05,146.2,147.98,126.08707524818652,3320750,0.0000,1.0
2023-11-20,147.85,150.28,146.87,149.57,127.441842444055,4733465,0.0000,1.0
2023-11-21,149.5,150.11,148.5,149.77,127.61225341208878,3080839,0.0000,1.0
2023-11-22,150.96,151.24,149.935,150.75,128.44726715545426,2640250,0.0000,1.0
2023-11-24,151.17,152.04,150.7501,152.03,129.53789735087037,1644358,0.0000,1.0
2023-11-27,151.04,151.44,149.57,149.59,127.45888354085838,3320030,0.0000,1.0
2023-11-28,149.7,151.08,148.98,150.74,128.43874660705256,3074002,0.0000,1.0
2023-11-29,151.52,153.46,151.4513,152.29,129.75943160931428,2981656,0.0000,1.0
2023-11-30,152.85,153.0738,150.765,151.61,129.18003431799946,4664443,0.0000,1.0
2023-12-01,151.99,154.97,151.02,154.91,131.99181529055667,3945323,0.0000,1.0
2023-12-04,153.715,156.23,153.29,155.92,132.85239067912718,2717892,0.0000,1.0
2023-12-05,155.0,155.53,153.56,154.16,131.35277416043002,2485296,0.0000,1.0
2023-12-06,155.02,156.06,154.455,155.29,132.31559612982082,2992882,0.0000,1.0
2023-12-07,155.87,157.61,155.5,156.5,133.34658248642515,3241213,0.0000,1.0
2023-12-08,156.075,157.68,155.96,156.3,133.17617151839139,2845911,0.0000,1.0
2023-12-11,155.65,156.37,154.84,155.78,132.73310300150357,3742139,0.0000,1.0
2023-12-12,155.95,157.11,154.92,155.37,132.38376051703435,3039948,0.0000,1.0
2023-12-13,154.84,157.39,154.02,157.25,133.98562361655178,4058137,0.0000,1.0
2023-12-14,158.96,163.47,158.78,162.36,138.33962384981461,6401948,0.0000,1.0
2023-12-15,161.37,163.81,160.06,162.94,138.83381565711252,8738189,0.0000,1.0
2023-12-18,163.38,163.815,161.39,161.57,137.6665005260812,3883790,0.0000,1.0
2023-12-19,162.01,162.2,160.16,161.62,137.70910326808965,3847354,0.0000,1.0
2023-12-20,156.87,160.545,156.5,156.96,133.73852771290282,5624485,0.0000,1.0
2023-12-21,157.6,157.9201,155.24,157.16,133.9089386809366,3778550,0.0000,1.0
2023-12-22,158.0,159.5891,157.82,158.25,134.83767845672062,2332482,0.0000,1.0
2023-12-26,157.05,158.54,157.05,158.03,134.65022639188348,2384111,0.0000,1.0
2023-12-27,158.02,158.44,156.27,156.84,133.63628113208256,2884877,0.0000,1.0
2023-12-28,155.9,157.76,155.9,157.31,134.03674690696192,2254926,0.0000,1.0
2023-12-29,157.08,158.19,156.13,157.23,133.9685825197484,2186585,0.0000,1.0
2024-01-02,156.94,160.52,156.3,158.34,134.91436339233582,4363762,0.0000,1.0
2024-01-03,157.27,159.29,156.18,157.54,134.23271952020073,3257197,0.0000,1.0
2024-01-04,157.05,158.3199,156.41,156.99,133.7640893581079,3173410,0.0000,1.0
2024-01-05,156.42,159.4629,156.25,158.72,135.2381442316,2515655,0.0000,1.0
2024-01-08,158.57,159.99,157.48,159.92,136.2606100398026,2469699,0.0000,1.0
2024-01-09,159.02,160.26,158.3,159.94,136.27765113660598,2639683,0.0000,1.0
2024-01-10,160.14,161.48,159.36,161.22,137.36828133202212,2399421,0.0000,1.0
2024-01-11,161.44,161.47,158.88,159.25,135.68973329688947,3341989,0.0000,1.0
2024-01-12,160.23,161.0,158.29,158.31,134.88880174713077,3474558,0.0000,1.0
2024-01-16,158.17,158.17,155.14,155.33,132.34967832342758,5331422,0.0000,1.0
2024-01-17,153.57,154.82,152.02,154.56,131.69359609649757,3930212,0.0000,1.0
2024-01-18,155.26,156.92,153.815,156.53,133.3721441316302,3095886,0.0000,1.0
2024-01-19,156.96,157.81,155.02,156.89,133.67888387409099,3097636,0.0000,1.0
2024-01-22,157.78,159.28,157.31,158.6,135.13589765077973,2631588,0.0000,1.0
2024-01-23,159.03,160.46,158.63,160.06,136.37989771742625,3442999,0.0000,1.0
2024-01-24,160.79,160.815,156.53,156.58,133.41474687363865,3185100,0.0000,1.0
2024-01-25,158.55,160.33,158.159,159.71,136.08167852336715,4069996,0.0000,1.0
2024-01-26,160.07,161.35,158.25,159.3,135.73233603889793,2818351,0.0000,1.0
2024-01-29,158.41,158.75,156.5,158.02,134.6417058434818,5459688,0.0000,1.0
2024-01-30,146.8,149.5,144.57,145.06,123.5990751148935,16983625,0.0000,1.0
2024-01-31,144.81,145.59,141.9,141.9,120.90658181995992,10906803,0.0000,1.0
2024-02-01,142.0,142.7,139.6,142.41,121.34112978844603,6774935,0.0000,1.0
2024-02-02,141.88,142.39,139.55,141.85,120.86397907795147,4343019,0.0000,1.0
2024-02-05,141.26,141.26,138.9,139.08,118.50378717068376,4536680,0.0000,1.0
2024-02-06,141.71,146.428,141.35,145.92,124.33184227743868,7567385,0.0000,1.0
2024-02-07,146.08,147.79,145.0901,147.24,125.45655466646159,3985185,0.0000,1.0
2024-02-08,146.8,148.08,145.855,147.92,126.03595195777639,3316375,0.0000,1.0
2024-02-09,147.7,147.83,145.911,146.26,124.6215409230961,2825926,0.0000,1.0
2024-02-12,146.5,147.95,146.35,147.45,125.63548618289703,3253654,0.0000,1.0
2024-02-13,146.01,146.7,143.3,144.9,123.46274634046648,3705965,0.0000,1.0
2024-02-14,145.2,145.89,143.47,144.22,122.88334904915165,3831417,0.0000,1.0
2024-02-15,145.27,147.49,144.17,146.98,125.23502040801768,3855407,0.0000,1.0
2024-02-16,145.66,148.99,144.935,148.41,127.84230821893436,5442411,1.6300,1.0
2024-02-20,147.88,149.77,147.03,148.64,128.04043321651102,4255142,0.0000,1.0
2024-02-21,148.8,149.43,147.0301,148.27,127.72171039432247,3017124,0.0000,1.0
2024-02-22,147.8,149.88,147.19,149.73,128.9793734224179,3027531,0.0000,1.0
2024-02-23,149.95,150.405,148.55,148.63,128.03181908618163,2414397,0.0000,1.0
2024-02-26,148.08,148.26,146.56,147.5,127.05842235895706,3052889,0.0000,1.0
2024-02-27,147.5,148.815,147.37,148.27,127.72171039432247,2382258,0.0000,1.0
2024-02-28,147.43,148.37,147.06,147.77,127.29100387785144,2258727,0.0000,1.0
2024-02-29,148.84,149.55,147.75,148.26,127.71309626399304,3338814,0.0000,1.0
2024-03-01,148.01,148.6,146.84,148.06,127.54081365740464,2936220,0.0000,1.0
2024-03-04,149.08,152.24,148.65,150.61,129.73741689140695,4562398,0.0000,1.0
2024-03-05,150.08,151.56,149.0,149.66,128.91907451011195,3614445,0.0000,1.0
2024-03-06,151.0,153.05,150.37,152.55,131.4085581753146,3471243,0.0000,1.0
2024-03-07,153.23,154.87,152.4719,153.41,132.14937338364476,3514810,0.0000,1.0
2024-03-08,153.93,155.2,152.87,153.96,132.62315055176293,3449102,0.0000,1.0
2024-03-11,153.89,155.23,153.54,154.75,133.30366684778716,3263246,0.0000,1.0
2024-03-12,154.79,157.66,154.36,157.38,135.56918312442482,3871868,0.0000,1.0
2024-03-13,157.75,158.91,154.55,154.76,133.31228097811658,4228905,0.0000,1.0
2024-03-14,154.5,154.7182,152.65,153.89,132.56285163945697,4100795,0.0000,1.0
2024-03-15,153.43,154.71,152.93,153.37,132.11491686232708,8821704,0.0000,1.0
2024-03-18,154.08,154.34,151.49,151.69,130.66774296698438,5181842,0.0000,1.0
2024-03-19,150.91,153.645,150.21,153.2,131.9684766467269,4210103,0.0000,1.0
2024-03-20,152.5,154.82,152.01,154.76,133.31228097811658,2862290,0.0000,1.0
2024-03-21,155.16,156.08,154.3,155.32,133.79467227656414,4036405,0.0000,1.0
2024-03-22,158.64,158.95,156.03,156.27,134.61301465785914,3939557,0.0000,1.0
2024-03-25,155.45,157.3,155.02,156.57,134.87143856774173,3807669,0.0000,1.0
2024-03-26,157.35,157.99,143.03,143.79,123.86258000674194,18208807,0.0000,1.0
2024-03-27,144.39,147.59,144.025,147.33,126.91198214335692,7078751,0.0000,1.0
2024-03-28,147.27,149.05,146.64,148.63,128.03181908618163,5197043,0.0000,1.0
2024-04-01,149.14,149.97,146.315,147.62,127.16179192291013,5312242,0.0000,1.0
2024-04-02,147.66,151.0,147.43,149.15,128.47975386331152,4871529,0.0000,1.0
2024-04-03,150.79,152.36,149.2,152.27,131.1673625260908,4306768,0.0000,1.0
2024-04-04,153.3,154.29,149.525,150.0,129.21195494131226,3683997,0.0000,1.0
2024-04-05,149.69,151.71,148.18,151.36,130.38347666611352,3373689,0.0000,1.0
2024-04-08,151.88,152.23,150.01,150.11,129.3067103749359,3194802,0.0000,1.0
2024-04-09,149.53,151.17,149.25,150.57,129.70296037008924,2661258,0.0000,1.0
2024-04-10,148.23,148.5,146.1,147.26,126.85168323105096,4024388,0.0000,1.0
2024-04-11,147.44,149.22,147.1,149.01,128.3591560386996,2232464,0.0000,1.0
2024-04-12,148.05,148.3,144.3542,144.91,124.82736260363707,4123853,0.0000,1.0
2024-04-15,145.87,146.54,143.43,144.85,124.77567782166055,3271248,0.0000,1.0
2024-04-16,144.54,144.71,142.71,142.89,123.08730827709405,4197107,0.0000,1.0
2024-04-17,142.5,143.42,141.35,142.25,122.53600393601114,4165654,0.0000,1.0
2024-04-18,143.08,143.31,141.88,142.74,122.95809632215277,3430749,0.0000,1.0
2024-04-19,143.15,144.12,142.55,142.77,122.98393871314103,5118505,0.0000,1.0
2024-04-22,143.21,146.07,142.56,145.36,125.21499846846102,4578511,0.0000,1.0
2024-04-23,145.996,149.74,145.25,148.87,128.23855821408773,6371056,0.0000,1.0
2024-04-24,147.93,147.96,143.78,146.62,126.30037888996804,5284711,0.0000,1.0
2024-04-25,147.95,148.43,145.28,147.39,126.96366692533343,3553363,0.0000,1.0
2024-04-26,146.84,148.72,146.84,147.59,127.13594953192185,2607558,0.0000,1.0
2024-04-29,148.26,150.88,147.82,148.55,127.96290604354627,2654696,0.0000,1.0
2024-04-30,147.54,148.215,146.655,147.48,127.04119409829822,2402852,0.0000,1.0
2024-05-01,147.29,148.14,145.37,145.92,125.69738976690857,2842906,0.0000,1.0
2024-05-02,147.48,147.81,146.58,147.22,126.81722670973328,2039028,0.0000,1.0
2024-05-03,147.95,148.2,146.42,146.43,126.13671041370904,2039256,0.0000,1.0
2024-05-06,147.57,147.81,146.165,146.67,126.34344954161513,2073763,0.0000,1.0
2024-05-07,147.37,147.75,146.365,147.09,126.70524301545082,3403522,0.0000,1.0
2024-05-08,146.12,147.93,145.92,147.77,127.29100387785144,2799696,0.0000,1.0
2024-05-09,148.08,148.39,147.215,148.06,127.54081365740464,2510562,0.0000,1.0
2024-05-10,147.005,147.99,146.51,147.37,128.3505419083702,2504551,1.6300,1.0
2024-05-13,147.85,150.78,147.85,150.6,131.16368060935434,4185615,0.0000,1.0
2024-05-14,151.41,153.4203,147.88,147.94,128.84697814972031,3597286,0.0000,1.0
2024-05-15,148.46,149.0,147.79,147.94,128.84697814972031,2696084,0.0000,1.0
2024-05-16,148.5,150.03,147.38,149.66,130.34499628151374,2298712,0.0000,1.0
2024-05-17,149.58,149.71,148.175,149.24,129.9792011563084,1956712,0.0000,1.0
2024-05-20,148.32,149.5699,147.29,147.59,128.54214887871584,1812759,0.0000,1.0
2024-05-21,147.44,147.72,145.12,145.42,126.65220739848809,2750419,0.0000,1.0
2024-05-22,144.42,144.8996,142.78,143.77,125.21515512089557,3590547,0.0000,1.0
2024-05-23,143.01,143.175,139.03,139.1,121.14786170492157,4437193,0.0000,1.0
2024-05-24,140.29,140.49,137.93,138.66,120.76464776423022,2995428,0.0000,1.0
2024-05-28,138.0,139.2155,136.2439,137.58,119.82403172798786,3314722,0.0000,1.0
2024-05-29,136.32,136.92,134.3,134.41,117.06314947346159,3996893,0.0000,1.0
2024-05-30,134.29,136.99,133.58,136.86,119.19695437049293,4077753,0.0000,1.0
2024-05-31,137.55,139.07,136.12,138.93,120.99980177329083,5887429,0.0000,1.0
2024-06-03,139.635,139.79,137.35,138.42,120.55562197839858,2728264,0.0000,1.0
2024-06-04,137.91,138.31,135.5,135.63,118.12569721810576,3874832,0.0000,1.0
2024-06-05,136.15,137.69,135.2,137.57,119.81532232024486,3109042,0.0000,1.0
2024-06-06,137.01,137.72,135.855,137.56,119.80661291250188,2852484,0.0000,1.0
2024-06-07,136.9,139.59,136.38,137.64,119.87628817444575,3209458,0.0000,1.0
2024-06-10,136.77,138.06,136.41,137.68,119.9111258054177,3633585,0.0000,1.0
2024-06-11,136.76,137.9832,136.445,137.35,119.62371534989919,2659815,0.0000,1.0
2024-06-12,138.48,138.575,136.21,136.43,118.82244983754457,3484617,0.0000,1.0
2024-06-13,136.32,136.32,133.81,134.89,117.48120104512486,4944207,0.0000,1.0
2024-06-14,134.105,135.695,132.9,135.65,118.14311603359174,3800244,0.0000,1.0
2024-06-17,135.51,136.29,134.68,135.85,118.31730418845143,4117678,0.0000,1.0
2024-06-18,136.3,137.24,133.92,134.2,116.8802519108589,4104086,0.0000,1.0
2024-06-20,134.02,137.49,133.625,136.87,119.20566377823592,4165689,0.0000,1.0
2024-06-21,136.62,138.59,136.29,136.6,118.97050976917531,9237861,0.0000,1.0
2024-06-24,137.8,139.64,137.14,138.6,120.71239131777232,3695903,0.0000,1.0
2024-06-25,138.04,138.04,134.05,134.36,117.01960243474669,4893665,0.0000,1.0
2024-06-26,136.48,138.95,135.1,138.15,120.320467969338,6104304,0.0000,1.0
2024-06-27,137.99,137.99,135.19,135.83,118.29988537296548,3732537,0.0000,1.0
2024-06-28,136.18,137.2,135.7,136.85,119.18824496274993,6609563,0.0000,1.0
2024-07-01,136.64,138.1,135.5647,135.95,118.40439826588128,2668235,0.0000,1.0
2024-07-02,135.61,135.96,134.06,134.91,117.49861986061084,3280478,0.0000,1.0
2024-07-03,135.74,136.49,135.19,135.55,118.0560219561619,1539867,0.0000,1.0
2024-07-05,134.87,136.46,134.44,136.35,118.75277457560068,3237538,0.0000,1.0
2024-07-08,136.35,137.315,135.41,135.53,118.03860314067592,2773687,0.0000,1.0
2024-07-09,135.26,135.87,133.93,134.28,116.94992717280279,3118789,0.0000,1.0
2024-07-10,134.34,135.76,133.81,135.65,118.14311603359174,2834762,0.0000,1.0
2024-07-11,135.89,139.05,135.77,138.24,120.39885263902487,3449990,0.0000,1.0
2024-07-12,139.0,143.38,138.69,142.35,123.97841922139169,4801344,0.0000,1.0
2024-07-15,143.01,145.25,142.75,144.15,125.546112615129,4164009,0.0000,1.0
2024-07-16,144.03,147.57,144.03,147.33,128.31570427739825,3805311,0.0000,1.0
2024-07-17,146.99,147.792,146.4,147.38,128.35925131611316,2863582,0.0000,1.0
2024-07-18,146.02,148.15,144.45,144.76,126.07738648745108,3412940,0.0000,1.0
2024-07-19,145.87,145.88,143.2395,145.18,126.44318161265646,3073801,0.0000,1.0
2024-07-22,145.75,146.17,143.69,145.18,126.44318161265646,3629819,0.0000,1.0
2024-07-23,130.14,132.26,124.975,127.68,111.20171806243269,25353850,0.0000,1.0
2024-07-24,126.51,129.245,124.8,128.53,111.9420177205864,11642492,0.0000,1.0
2024-07-25,129.27,129.55,126.535,127.08,110.67915359785357,7761913,0.0000,1.0
2024-07-26,128.84,129.86,128.46,128.83,112.20329995287597,7271324,0.0000,1.0
2024-07-29,129.14,129.24,127.65,128.61,112.01169298253029,5414343,0.0000,1.0
2024-07-30,128.7,130.86,128.46,129.03,112.37748810773566,4747688,0.0000,1.0
2024-07-31,129.25,131.15,127.45,130.37,113.54454874529566,7025937,0.0000,1.0
2024-08-01,131.04,132.4899,129.61,130.58,113.72744630789835,4790636,0.0000,1.0
2024-08-02,129.88,130.64,127.2,128.06,111.5326755566661,5098995,0.0000,1.0
2024-08-05,126.83,127.95,125.8,126.02,109.75595637709716,5243011,0.0000,1.0
2024-08-06,126.06,127.79,124.42,124.5,108.43212640016344,5608270,0.0000,1.0
2024-08-07,125.25,127.105,123.25,123.32,107.40441628649121,4741854,0.0000,1.0
2024-08-08,123.2,126.34,123.12,126.21,109.92143512421387,3823201,0.0000,1.0
2024-08-09,126.34,126.34,124.675,125.82,109.58176822223746,3825042,0.0000,1.0
2024-08-12,126.01,126.12,124.57,124.86,108.7456650789109,2549544,0.0000,1.0
2024-08-13,125.305,126.96,124.85,126.49,110.16529854101746,3057574,0.0000,1.0
2024-08-14,126.36,126.8,125.73,126.42,110.10433268681656,3155693,0.0000,1.0
2024-08-15,127.88,129.4,127.88,128.55,111.95943653607239,4448327,0.0000,1.0
2024-08-16,128.51,130.06,128.365,129.65,112.91747138780073,3255863,0.0000,1.0
2024-08-19,127.76,129.875,127.637,128.95,113.72744630789832,3157931,1.6300,1.0
2024-08-20,128.83,129.2,127.59,128.88,113.66570981125969,2342529,0.0000,1.0
2024-08-21,129.65,129.78,127.59,127.9,112.8013988583187,4895909,0.0000,1.0
2024-08-22,128.18,128.18,126.135,126.84,111.86653190921928,5083190,0.0000,1.0
2024-08-23,127.525,129.26,126.94,127.97,112.86313535495735,6310292,0.0000,1.0
2024-08-26,128.87,129.58,128.385,129.26,114.0008507930123,4501438,0.0000,1.0
2024-08-27,129.66,129.73,127.25,127.9,112.8013988583187,3214032,0.0000,1.0
2024-08-28,127.61,128.765,126.65,127.19,112.17521439241247,3361096,0.0000,1.0
2024-08-29,128.02,128.29,126.76,126.98,111.99000490249655,3477608,0.0000,1.0
2024-08-30,127.51,128.7,126.89,128.55,113.3746663271061,4116068,0.0000,1.0
2024-09-03,127.585,128.32,127.06200000000001,127.5,112.44861887752646,5821221,0.0000,1.0
2024-09-04,127.69,129.53,127.13,128.92,113.7009878093389,5649596,0.0000,1.0
2024-09-05,129.29,129.3,126.69,127.4,112.3604238823284,5311072,0.0000,1.0
2024-09-06,127.67,128.14,126.71,127.54,112.4838968756057,3590415,0.0000,1.0
2024-09-09,127.8,129.72,127.6101,128.88,113.66570981125969,3770799,0.0000,1.0
2024-09-10,129.43,130.15,128.53,129.83,114.50356226564128,2590054,0.0000,1.0
2024-09-11,129.27,129.27,126.3412,128.5,113.33056882950706,3404502,0.0000,1.0
2024-09-12,128.88,129.05,127.48,128.42,113.26001283334861,3447323,0.0000,1.0
2024-09-13,128.67,128.79,125.655,127.24,112.2193118900115,5214539,0.0000,1.0
2024-09-16,128.19,129.51,127.97,128.91,113.69216830981911,4589569,0.0000,1.0
2024-09-17,130.0,131.5,129.42,130.65,115.22676122626535,3141657,0.0000,1.0
2024-09-18,131.0,132.125,130.46,130.65,115.22676122626535,2939560,0.0000,1.0
2024-09-19,132.75,133.57,131.79,132.13,116.53204715519664,4092324,0.0000,1.0
2024-09-20,128.5,129.2,126.54,128.6,113.41876382470512,14211506,0.0000,1.0
2024-09-23,129.375,129.4,127.85,128.74,113.54223681798241,2991718,0.0000,1.0
2024-09-24,129.4,129.81,128.62,129.52,114.23015778052728,3829528,0.0000,1.0
2024-09-25,129.54,131.81,129.24,131.51,115.98523818496867,5048200,0.0000,1.0
2024-09-26,132.57,134.23,132.57,133.33,117.59038709757337,3997069,0.0000,1.0
2024-09-27,133.97,135.6,133.97,134.26,118.41060055291531,4104431,0.0000,1.0
2024-09-30,134.76,136.93,134.76,136.34,120.24505645303496,4119870,0.0000,1.0
2024-10-01,136.3,136.455,132.01,133.27,117.53747010045453,3658546,0.0000,1.0
2024-10-02,133.49,134.39,132.54,133.01,117.30816311293955,2258357,0.0000,1.0
2024-10-03,132.59,132.59,130.3326,130.72,115.288497722904,3634967,0.0000,1.0
2024-10-04,131.85,132.436,130.422,131.25,115.75593119745372,3270680,0.0000,1.0
2024-10-07,131.04,131.78,130.15,131.2,115.71183369985468,1955556,0.0000,1.0
2024-10-08,131.51,131.775,130.5,130.96,115.50016571137935,2618240,0.0000,1.0
2024-10-09,131.925,133.45,131.76,133.0,117.29934361341977,2704118,0.0000,1.0
2024-10-10,132.705,134.08,132.55,132.84,117.15823162110287,2462615,0.0000,1.0
2024-10-11,133.27,134.9,133.1,134.6,118.71046353658872,2429780,0.0000,1.0
2024-10-14,134.0,134.84,133.255,134.57,118.6840050380293,2319592,0.0000,1.0
2024-10-15,134.94,136.4,133.67,133.8,118.00490357500425,2957484,0.0000,1.0
2024-10-16,134.51,136.26,134.51,135.84,119.80408147704466,4056738,0.0000,1.0
2024-10-17,135.85,136.23,134.98,135.41,119.424842997693,3800656,0.0000,1.0
2024-10-18,136.14,136.45,135.185,135.93,119.88345697272293,3237527,0.0000,1.0
2024-10-21,133.52,133.85,131.11,131.33,115.82648719361217,4413959,0.0000,1.0
2024-10-22,130.82,132.1,129.77,131.33,115.82648719361217,3280064,0.0000,1.0
2024-10-23,131.24,132.1,130.545,131.41,115.8970431897706,3454470,0.0000,1.0
2024-10-24,145.0,145.01,136.57,138.35,122.01777585651597,11959772,0.0000,1.0
2024-10-25,138.34,140.33,137.18,137.43,121.20638190069383,4916651,0.0000,1.0
2024-10-28,137.33,137.79,135.17,135.34,119.36310650105438,4069014,0.0000,1.0
2024-10-29,134.75,136.07,133.9701,134.31,118.45469805051435,3061701,0.0000,1.0
2024-10-30,134.0,135.315,133.6,133.8,118.00490357500425,2754597,0.0000,1.0
2024-10-31,133.65,134.915,133.03,134.06,118.2342105625192,3303629,0.0000,1.0
2024-11-01,134.58,135.37,133.43,134.05,118.2253910629994,2266708,0.0000,1.0
2024-11-04,134.36,134.77,132.1,133.0,117.29934361341977,2422184,0.0000,1.0
2024-11-05,132.7,133.86,132.07,133.84,118.04018157308347,2537939,0.0000,1.0
2024-11-06,135.35,135.79,132.195,133.92,118.1107375692419,5624560,0.0000,1.0
2024-11-07,135.15,135.4,134.04,134.15,118.31358605819746,3075746,0.0000,1.0
2024-11-08,134.11,134.115,132.24,132.44,116.80545164031062,3111704,0.0000,1.0
2024-11-11,132.66,133.73,131.24,131.61,116.07343318016675,4684099,0.0000,1.0
2024-11-12,131.93,132.3,130.01,130.14,114.77696675075524,3243546,0.0000,1.0
2024-11-13,130.65,134.31,129.8,133.68,117.89906958076658,5345566,0.0000,1.0
2024-11-14,133.65,133.93,132.04,132.64,116.98184163070674,2971310,0.0000,1.0
2024-11-15,132.275,134.11,132.09,134.07,118.243030062039,3337614,0.0000,1.0
2024-11-18,132.3,135.31,132.0259,135.13,120.6154754328668,4038431,1.6300,1.0
2024-11-19,134.74,134.74,132.67,133.2,118.89277975029864,3836043,0.0000,1.0
2024-11-20,133.38,133.42,130.815,132.09,117.90200658571284,3848561,0.0000,1.0
2024-11-21,131.77,132.55,131.01,131.37,117.25934291138691,3014861,0.0000,1.0
2024-11-22,131.68,135.09,131.68,134.82,120.33877301753202,3677530,0.0000,1.0
2024-11-25,135.98,138.67,135.98,137.54,122.76661356498556,5028981,0.0000,1.0
2024-11-26,137.215,137.59,134.31,134.96,120.46373539865097,3424925,0.0000,1.0
2024-11-27,135.16,137.1,135.16,135.68,121.1063990729769,2453562,0.0000,1.0
2024-11-29,134.8,136.57,134.64,135.72,121.14210261043945,1533478,0.0000,1.0
2024-12-02,136.14,136.14,133.14,134.02,119.62470226828098,2832267,0.0000,1.0
2024-12-03,133.96,134.21,129.51,129.71,115.777646106691,5604749,0.0000,1.0
2024-12-04,129.63,129.63,127.8,128.78,114.94753886068665,4793187,0.0000,1.0
2024-12-05,129.41,129.68,127.45,127.59,113.88535862117573,4632456,0.0000,1.0
2024-12-06,128.1,128.55,125.41,125.61,112.11803351677939,5745026,0.0000,1.0
2024-12-09,126.18,128.79,125.55,128.53,114.7243917515457,6139476,0.0000,1.0
2024-12-10,129.3,130.92,128.0601,130.22,116.23286620933852,6415908,0.0000,1.0
2024-12-11,130.33,130.49,128.8718,129.12,115.25101892911835,7485484,0.0000,1.0
2024-12-12,129.26,129.44,127.6,128.98,115.1260565479994,4980054,0.0000,1.0
2024-12-13,129.0299,129.04,127.58,128.76,114.92968709195536,4284756,0.0000,1.0
2024-12-16,128.583,130.3,128.23,128.55,114.74224352027699,4516347,0.0000,1.0
2024-12-17,128.0,128.86,126.77600000000001,127.32,113.64435974330348,3549524,0.0000,1.0
2024-12-18,126.9,127.125,123.75,123.82,110.52030021533018,4849428,0.0000,1.0
2024-12-19,124.07,124.66,122.33,122.65,109.47597174455053,6391833,0.0000,1.0
2024-12-20,124.04,126.82,122.01,125.68,112.18051470733886,12898959,0.0000,1.0
2024-12-23,125.325,125.93,124.25,125.75,112.24299589789833,3418979,0.0000,1.0
2024-12-24,125.21,126.31,124.5,126.26,112.69821600054587,1579166,0.0000,1.0
2024-12-26,125.58,127.06,125.43799999999999,126.36,112.78747484420224,3011956,0.0000,1.0
2024-12-27,125.85,126.8599,125.35,126.11,112.5643277350613,2903993,0.0000,1.0
2024-12-30,125.15,125.83,124.21,125.32,111.85918287017589,2953869,0.0000,1.0
2024-12-31,125.375,126.125,125.04,126.1,112.55540185069565,3401157,0.0000,1.0
2025-01-02,127.04,127.2212,123.54,123.87,110.56492963715837,3053404,0.0000,1.0
2025-01-03,123.96,124.33,122.76,123.79,110.49352256223327,3493504,0.0000,1.0
2025-01-06,124.7,125.0,123.81,124.21,110.86840970559005,5049586,0.0000,1.0
2025-01-07,125.18,127.08,124.01,124.98,111.5557028017442,3725331,0.0000,1.0
2025-01-08,125.91,126.78,125.22,126.76,113.14451021882776,4536284,0.0000,1.0
2025-01-10,125.01,125.43,122.9,123.28,110.03830245958572,5231805,0.0000,1.0
2025-01-13,123.34,125.17,121.56,125.01,111.58248045484112,6939181,0.0000,1.0
2025-01-14,125.37,125.93,124.56,125.84,112.32332885718907,4247608,0.0000,1.0
2025-01-15,127.5,127.9555,126.58,127.47,113.77824800878807,4315931,0.0000,1.0
2025-01-16,129.505,130.66,128.7679,129.94,115.98294144710066,5471669,0.0000,1.0
2025-01-17,130.15,130.58,129.43,129.73,115.79549787542226,4261052,0.0000,1.0
2025-01-21,130.42,133.57,130.15,132.87,118.59822556623261,5283149,0.0000,1.0
2025-01-22,132.66,133.43,131.25,132.55,118.3125972665322,4420652,0.0000,1.0
2025-01-23,132.94,133.67,132.01,133.61,119.25874100928984,3282621,0.0000,1.0
2025-01-24,133.4,133.9,132.53,133.03,118.74103971608281,3212277,0.0000,1.0
2025-01-27,133.9,136.86,133.74,136.26,121.6241003661839,4944374,0.0000,1.0
2025-01-28,135.76,136.99,135.3501,135.42,120.8743260794703,3094469,0.0000,1.0
2025-01-29,136.03,136.58,133.6273,133.78,119.41048104350567,4262114,0.0000,1.0
2025-01-30,117.39,117.98,109.62,114.9,102.55841136118106,41170416,0.0000,1.0
2025-01-31,115.01,116.59,113.36,114.23,101.9603771086833,15866062,0.0000,1.0
2025-02-03,112.33,112.56,109.4,111.29,99.33616710518572,12635202,0.0000,1.0
2025-02-04,111.34,112.15,110.21,111.77,99.76460955473634,9347797,0.0000,1.0
2025-02-05,111.72,112.67,111.01,111.9,99.88064605148965,7122930,0.0000,1.0
2025-02-06,112.35,113.87,112.27,113.47,101.2820098968948,6318203,0.0000,1.0
2025-02-07,113.87,113.96,112.62,113.11,100.96067805973185,4830714,0.0000,1.0
2025-02-10,113.52,114.77,112.76,114.16,101.89789591812384,6101467,0.0000,1.0
2025-02-11,114.0,114.705,113.415,114.53,102.22815363965245,4589131,0.0000,1.0
2025-02-12,113.35,114.8417,113.29,114.26,101.98715476178022,5172931,0.0000,1.0
2025-02-13,114.54,116.13,114.3517,115.64,103.21892680423827,5854015,0.0000,1.0
2025-02-14,116.055,116.76,115.66,116.22,103.73662809744528,5942315,0.0000,1.0
2025-02-18,114.55,115.78,113.92200000000001,115.42,104.4864023841589,5407835,1.6400,1.0
2025-02-19,114.96,115.44,114.2501,115.0,104.10618847841164,4252012,0.0000,1.0
2025-02-20,114.97,116.63,114.85,116.6,105.5546224050678,5801169,0.0000,1.0
2025-02-21,116.45,116.85,115.255,116.33,105.31019917994458,6459937,0.0000,1.0
2025-02-24,116.58,118.08,115.86,116.16,105.15630307523736,6269889,0.0000,1.0
2025-02-25,116.46,118.34,116.46,118.11,106.92158192334956,4985615,0.0000,1.0
2025-02-26,118.1,118.573,116.72,116.89,105.81715105427423,3445341,0.0000,1.0
2025-02-27,117.0,118.73,116.99,117.63,106.4870517453527,4821600,0.0000,1.0
2025-02-28,117.8,119.63,117.8,119.03,107.75443143117685,8754868,0.0000,1.0
2025-03-03,119.82,120.98,118.77,119.26,107.96264380813368,5165125,0.0000,1.0
2025-03-04,118.49,118.66,116.595,116.79,105.72662393385824,5387043,0.0000,1.0
2025-03-05,117.48,119.59,117.315,119.02,107.74537871913525,6812003,0.0000,1.0
2025-03-06,118.935,120.58,118.17,120.5,109.0851801012922,5742074,0.0000,1.0
2025-03-07,119.6,121.66,119.32,121.62,110.09908384995153,5635793,0.0000,1.0
2025-03-10,121.04,123.7,120.05,120.62,109.19381264579143,6243277,0.0000,1.0
2025-03-11,120.27,120.58,115.9404,116.36,105.33735731606939,6498313,0.0000,1.0
2025-03-12,115.9,116.07,114.95,115.26,104.34155899149327,4970937,0.0000,1.0
2025-03-13,115.765,117.47,114.96,115.23,104.31440085536848,4629136,0.0000,1.0
2025-03-14,115.79,116.92,115.09,116.76,105.69946579773342,4020717,0.0000,1.0
2025-03-17,117.0,118.779,116.92,118.06,106.87631836314155,4428192,0.0000,1.0
2025-03-18,118.04,119.0,117.86,118.86,107.60053532646964,3931009,0.0000,1.0
2025-03-19,118.365,118.87,116.26,117.47,106.3422083526871,5010309,0.0000,1.0
2025-03-20,116.27,118.21,116.25,116.98,105.89862546264865,3655588,0.0000,1.0
2025-03-21,114.36,115.42,112.46,115.1,104.19671559882765,19575263,0.0000,1.0
2025-03-24,115.72,117.19,115.25,115.8,104.83040544173973,6611592,0.0000,1.0
2025-03-25,115.825,116.0,109.89,109.95,99.53456889740313,10645452,0.0000,1.0
2025-03-26,110.7,112.35,110.3602,111.01,100.49415637381284,6617301,0.0000,1.0
2025-03-27,110.82,111.78,110.42,111.01,100.49415637381284,4031662,0.0000,1.0
2025-03-28,111.26,111.34,109.62,109.66,99.2720402481967,3284071,0.0000,1.0
2025-03-31,109.005,110.86,108.3,109.99,99.57077974556954,6536071,0.0000,1.0
2025-04-01,110.01,110.1,108.18,109.26,98.90993176653267,5877447,0.0000,1.0
2025-04-02,108.845,110.495,108.59,110.2,99.76088669844316,4540039,0.0000,1.0
2025-04-03,106.74,107.39,99.97,100.12,90.63575296050934,10057743,0.0000,1.0
2025-04-04,98.33,100.59,96.57,97.71,88.45404935848349,9567695,0.0000,1.0
2025-04-07,95.0,99.2,93.23,95.56,86.50771626953927,8729803,0.0000,1.0
2025-04-08,97.8,97.8,90.71,91.92,83.21252908639651,8233807,0.0000,1.0
2025-04-09,91.18,100.19,90.55,99.66,90.21932820659569,8849771,0.0000,1.0
2025-04-10,98.115,98.13,93.9801,96.56,87.41298747369937,7553658,0.0000,1.0
2025-04-11,95.75,99.7,93.61,97.08,87.88372849986263,5544132,0.0000,1.0
2025-04-14,98.47,100.94,97.9916,98.67,89.3231097144772,4926900,0.0000,1.0
2025-04-15,98.49,98.57,96.22,96.5,87.35867120144977,5767000,0.0000,1.0
2025-04-16,96.45,96.65,93.52,94.2,85.27654743188154,4632810,0.0000,1.0
2025-04-17,94.94,97.32,94.66,96.43,87.29530221715856,4740071,0.0000,1.0
2025-04-21,95.57,96.34,94.6207,96.25,87.13235340040974,3930764,0.0000,1.0
2025-04-22,96.27,97.8,96.0644,96.84,87.66646341086421,4305329,0.0000,1.0
2025-04-23,98.58,99.82,96.97,97.21,88.00141375640344,5817181,0.0000,1.0
2025-04-24,97.0,98.98,96.29,98.92,89.54942751551722,6641049,0.0000,1.0
2025-04-25,98.04,98.65,97.11,97.91,88.63510359931551,4577702,0.0000,1.0
2025-04-28,97.9,98.96,96.52,97.09,87.89278121190424,8664601,0.0000,1.0
2025-04-29,96.0,98.8,95.52,96.73,87.5668835784066,10314605,0.0000,1.0
2025-04-30,96.47,96.5371,94.07,95.3,86.27234575645765,9305811,0.0000,1.0
2025-05-01,94.845,96.09,93.57,94.6,85.63865591354558,7501503,0.0000,1.0
2025-05-02,96.0,97.663,95.89,96.4,87.26814408103377,5689616,0.0000,1.0
2025-05-05,95.665,96.45,95.01,95.56,86.50771626953927,5406767,0.0000,1.0
2025-05-06,94.995,95.52,93.81,93.81,84.9234916622591,5154306,0.0000,1.0
2025-05-07,93.71,94.38,93.199,93.96,85.05928234288311,5893456,0.0000,1.0
2025-05-08,94.69,97.55,94.45,96.95,87.76604324332182,6649610,0.0000,1.0
2025-05-09,97.2,97.71,95.7,95.89,86.80645576691211,5618972,0.0000,1.0
2025-05-12,100.59,102.8355,100.3501,101.21,91.62249857304384,8336545,0.0000,1.0
2025-05-13,101.38,101.46,99.31,99.81,90.3551188872197,7031773,0.0000,1.0
2025-05-14,99.85,100.16,98.78,99.65,90.2102754945541,6175518,0.0000,1.0
2025-05-15,99.895,100.41,99.24,100.35,90.84396533746616,4523261,0.0000,1.0
2025-05-16,101.275,101.65,100.35,101.32,91.72207840550145,6321200,0.0000,1.0
2025-05-19,98.44,99.14,98.37,99.11,91.20607381913021,6217677,1.6400,1.0
2025-05-20,98.605,98.99,97.37,97.55,89.77048230305873,4671813,0.0000,1.0
2025-05-21,96.7,97.2,95.81,95.85,88.20605565092957,5298558,0.0000,1.0
2025-05-22,95.75,97.28,95.25,96.97,89.23673673939113,5179856,0.0000,1.0
2025-05-23,95.61,96.17,95.23,95.37,87.76433518444605,3318510,0.0000,1.0
2025-05-27,96.43,97.72,95.94,97.55,89.77048230305873,6117446,0.0000,1.0
2025-05-28,97.648,98.0499,96.53,96.74,89.02507901586777,3816482,0.0000,1.0
2025-05-29,97.28,98.33,96.8,98.1,90.2766203375711,4595527,0.0000,1.0
2025-05-30,97.72,98.0,96.63,97.54,89.76127979334034,6763648,0.0000,1.0
2025-06-02,97.27,97.53,95.94,97.36,89.59563461840901,4274803,0.0000,1.0
2025-06-03,96.94,98.42,96.22,98.08,90.2582153181343,4098054,0.0000,1.0
2025-06-04,98.27,98.77,97.79,98.55,90.69073327489942,3933771,0.0000,1.0
2025-06-05,98.74,98.795,96.58,96.87,89.14471164220707,4585546,0.0000,1.0
2025-06-06,97.93,98.75,97.93,98.25,90.41465798334721,3043381,0.0000,1.0
2025-06-09,98.5,99.8,98.44,99.31,91.39012401349834,4037239,0.0000,1.0
2025-06-10,99.66,102.66,99.6,102.46,94.2889145747965,6902536,0.0000,1.0
2025-06-11,102.61,103.32,100.95,101.16,93.0925883114036,4917430,0.0000,1.0
2025-06-12,101.055,101.06,100.18,100.92,92.87172807816185,3106392,0.0000,1.0
2025-06-13,100.39,101.49,99.71,100.0,92.02509718406841,4240043,0.0000,1.0
2025-06-16,100.92,101.48,100.53,101.09,93.02817074337476,4293733,0.0000,1.0
2025-06-17,100.54,100.91,99.32,99.67,91.72141436336099,3800488,0.0000,1.0
2025-06-18,99.62,100.25,98.98,99.21,91.29809891631427,4362986,0.0000,1.0
2025-06-20,99.73,100.51,99.11,99.27,91.35331397462471,11096554,0.0000,1.0
2025-06-23,99.13,100.45,98.73,100.4,92.3931975728047,5077188,0.0000,1.0
2025-06-24,101.22,101.59,100.11,100.62,92.59565278660965,3686816,0.0000,1.0
2025-06-25,99.63,100.28,98.62,99.37,91.44533907180879,6058102,0.0000,1.0
2025-06-26,100.125,101.295,99.79,100.6,92.57724776717282,4161711,0.0000,1.0
2025-06-27,101.0,101.96,100.43,101.18,93.11099333084043,5869907,0.0000,1.0
2025-06-30,101.16,101.2704,100.26,100.94,92.89013309759865,5446809,0.0000,1.0
2025-07-01,100.745,105.89,100.72,104.47,96.13861902819627,6819330,0.0000,1.0
2025-07-02,104.25,105.89,103.95,105.54,97.1232875680658,5243223,0.0000,1.0
2025-07-03,106.43,106.46,104.13,104.13,95.82573369777043,2961254,0.0000,1.0
2025-07-07,104.0,104.2855,100.78,100.85,92.807310510133,5299760,0.0000,1.0
2025-07-08,101.29,103.7024,101.2027,102.38,94.21529449704924,6511395,0.0000,1.0
2025-07-09,102.92,103.245,101.895,102.15,94.00363677352588,4566456,0.0000,1.0
2025-07-10,102.735,104.49,102.48,102.92,94.71223002184321,3646082,0.0000,1.0
2025-07-11,102.23,102.9,101.19,101.27,93.19381591830607,4342857,0.0000,1.0
2025-07-14,101.0,101.075,99.57,100.12,92.1355273006893,4030623,0.0000,1.0
2025-07-15,100.3,100.66,99.52,99.53,91.59257922730329,4033367,0.0000,1.0
2025-07-16,99.71,100.23,98.54,99.63,91.68460432448735,4782664,0.0000,1.0
2025-07-17,99.33,100.0,98.27,99.5,91.56497169814807,3949866,0.0000,1.0
2025-07-18,99.72,99.78,98.5803,99.22,91.30730142603268,4572413,0.0000,1.0
2025-07-21,99.56,99.6,98.73,98.9,91.01282111504366,3750226,0.0000,1.0
2025-07-22,99.2,101.2201,99.0,101.14,93.07418329196679,5751704,0.0000,1.0
2025-07-23,101.715,103.94,101.4,103.53,95.27358311466602,5079534,0.0000,1.0
2025-07-24,103.12,103.5,102.11,102.53,94.35333214282535,3677151,0.0000,1.0
2025-07-25,102.87,104.16,102.28,103.56,95.30119064382126,5473604,0.0000,1.0
2025-07-28,103.06,103.37,101.28,101.58,93.4790937195767,7045921,0.0000,1.0
2025-07-29,98.185,98.185,90.72,90.84,83.59559828200776,26112264,0.0000,1.0
2025-07-30,90.79,91.0,87.01,87.18,80.22747972507085,20976517,0.0000,1.0
2025-07-31,86.9,87.075,85.7587,86.16,79.28882373379334,15781958,0.0000,1.0
2025-08-01,85.735,86.5399,84.28,84.5,77.7612071205378,11276632,0.0000,1.0
2025-08-04,85.4,86.11,84.77,85.02,78.23973762589496,8579543,0.0000,1.0
2025-08-05,85.02,87.06,84.89,86.78,79.85937933633457,9513405,0.0000,1.0
2025-08-06,86.8,86.98,85.726,86.25,79.371646321259,6331573,0.0000,1.0
2025-08-07,86.825,87.6695,86.44,86.49,79.59250655450077,6839182,0.0000,1.0
2025-08-08,86.5,87.05,85.75,86.67,79.7581517294321,6285061,0.0000,1.0
2025-08-11,87.15,88.24,85.73,86.31,79.42686137956944,8701380,0.0000,1.0
2025-08-12,86.63,88.28,86.5,87.43,80.45754246803102,7323821,0.0000,1.0
2025-08-13,88.11,88.295,86.39,88.18,81.14773069691154,13633169,0.0000,1.0
2025-08-14,87.01,89.305,86.66,88.55,81.48822355649257,12487283,0.0000,1.0
2025-08-15,88.575,89.41,88.18,88.48,81.42380598846374,8897393,0.0000,1.0
2025-08-18,87.0,87.435,86.39,86.51,81.1201231677563,9385621,1.6400,1.0
2025-08-19,86.85,88.31,86.65,87.8,82.32975163714025,7227577,0.0000,1.0
2025-08-20,87.155,88.44,86.88,86.94,81.52333265755095,7076352,0.0000,1.0
2025-08-21,86.85,86.92,85.98,86.15,80.78255243211427,6193172,0.0000,1.0
2025-08-22,86.45,89.3,86.38,88.82,83.28620205479267,10230694,0.0000,1.0
2025-08-25,88.55,88.66,87.4784,87.74,82.27348984786657,6029875,0.0000,1.0
2025-08-26,87.6,88.265,87.04,87.46,82.01093483125611,5478032,0.0000,1.0
2025-08-27,87.61,88.05,87.145,87.86,82.38601342641392,5482239,0.0000,1.0
2025-08-28,88.2,88.24,86.46,87.27,81.83277249855614,8618515,0.0000,1.0
2025-08-29,87.215,88.54,87.01,87.44,81.99218090149822,6838522,0.0000,1.0
2025-09-02,86.62,86.85,84.81,85.23,79.9198716632513,10058846,0.0000,1.0
2025-09-03,85.37,85.88,84.78,85.29,79.97613345252498,7375290,0.0000,1.0
2025-09-04,85.64,85.69,83.67,84.48,79.21659929733039,10741521,0.0000,1.0
2025-09-05,84.61,86.34,84.19,85.04,79.74170933055134,8585440,0.0000,1.0
2025-09-08,85.05,85.05,83.05,84.32,79.06656785926727,11783708,0.0000,1.0
2025-09-09,84.23,84.93,84.05,84.4,79.14158357829884,7889670,0.0000,1.0
2025-09-10,84.35,85.17,83.715,83.85,78.62585050995683,6684575,0.0000,1.0
2025-09-11,82.43,84.865,82.0,84.65,79.37600770027247,10453460,0.0000,1.0
2025-09-12,84.79,85.0231,83.87,84.35,79.0946987539041,5545458,0.0000,1.0
2025-09-15,84.87,85.17,83.91,84.02,78.7852589128989,6388968,0.0000,1.0
2025-09-16,84.43,85.35,84.31,85.2,79.89174076861445,6185459,0.0000,1.0
2025-09-17,85.07,86.37,83.73,84.18,78.93529035096203,9006963,0.0000,1.0
2025-09-18,84.67,85.09,84.0,85.05,79.75108629543027,8067257,0.0000,1.0
2025-09-19,85.11,85.61,84.01,84.06,78.8227667724147,18120211,0.0000,1.0
2025-09-22,83.8,85.7,83.13,84.23,78.98217517535676,10224286,0.0000,1.0
2025-09-23,84.47,85.73,84.12100000000001,84.41,79.15096054317777,7486338,0.0000,1.0
2025-09-24,84.31,85.02,83.71,83.9,78.67273533435157,6988374,0.0000,1.0
2025-09-25,83.8,83.99,82.36,82.58,77.43497597033077,9021074,0.0000,1.0
2025-09-26,82.74,83.88,82.64,83.72,78.50394996653054,6845805,0.0000,1.0
2025-09-29,83.93,84.515,83.46,84.5,79.23535322708828,7275334,0.0000,1.0
2025-09-30,84.5,84.55,82.64,83.53,78.32578763383059,9876243,0.0000,1.0
2025-10-01,83.39,84.6,83.32,84.38,79.12282964854093,7074822,0.0000,1.0
2025-10-02,84.67,87.11,84.54,85.57,80.23868846913543,9815512,0.0000,1.0
2025-10-03,85.7,87.33,85.42,86.78,81.37330121948783,7098926,0.0000,1.0
2025-10-06,86.86,87.05,85.78,86.62,81.2232697814247,6987032,0.0000,1.0
2025-10-07,87.02,87.43,85.795,85.98,80.6231440291722,4726812,0.0000,1.0
2025-10-08,85.86,87.12,85.21,86.25,80.87632208090372,4896014,0.0000,1.0
2025-10-09,86.28,86.48,84.88,85.28,79.96675648764602,5784689,0.0000,1.0
2025-10-10,85.4,86.0619,82.5513,82.87,77.7069079518202,8505974,0.0000,1.0
2025-10-13,83.175,83.99,82.86,83.18,77.99759386306751,6132158,0.0000,1.0
2025-10-14,82.5,84.3,82.0,84.05,78.81338980753574,6306795,0.0000,1.0
2025-10-15,84.24,84.93,83.61,84.09,78.85089766705153,4903013,0.0000,1.0
2025-10-16,84.75,85.73,83.851,85.64,80.30432722328806,7056212,0.0000,1.0
2025-10-17,85.67,86.78,85.24,86.41,81.02635351896684,9396125,0.0000,1.0
2025-10-20,86.65,87.50299999999999,86.4,86.91,81.4952017629141,5456544,0.0000,1.0
2025-10-21,86.75,88.7,86.3668,88.06,82.57355272399283,6181487,0.0000,1.0
2025-10-22,87.75,88.21,86.925,87.08,81.65461016585618,5258472,0.0000,1.0
2025-10-23,87.53,88.47,86.3,87.03,81.60772534146146,5764798,0.0000,1.0
2025-10-24,87.92,88.3099,87.14,87.22,81.78588767416142,5256153,0.0000,1.0
2025-10-27,88.215,89.32,88.215,89.22,83.6612806499505,12012892,0.0000,1.0
2025-10-28,98.45,100.57,95.0,96.36,90.35643357351748,30026986,0.0000,1.0
2025-10-29,96.9,98.29,95.7251,97.4,91.3316379209278,10789186,0.0000,1.0
2025-10-30,97.075,98.3,94.855,95.06,89.13742813925458,10073583,0.0000,1.0
2025-10-31,94.92,96.9,94.58,96.42,90.41269536279115,7305353,0.0000,1.0
2025-11-03,96.41,96.41,93.59,94.09,88.22786254599689,7693083,0.0000,1.0
2025-11-04,93.75,94.6,92.88,93.25,87.44019749616547,6457706,0.0000,1.0
2025-11-05,92.43,94.03,91.1,92.91,87.12138069028133,6202388,0.0000,1.0
2025-11-06,93.1,93.92,92.63,93.6,87.76839126692856,6571797,0.0000,1.0
2025-11-07,93.4,96.22,93.2,95.95,89.97197801348072,7741714,0.0000,1.0
2025-11-10,95.835,95.92,92.05,93.06,87.26203516346551,9771896,0.0000,1.0
2025-11-11,93.81,95.5,92.86,95.03,89.10929724461775,6859233,0.0000,1.0
2025-11-12,95.55,96.5,95.35,96.18,90.18764820569648,5814484,0.0000,1.0
2025-11-13,96.1,97.12,95.75,95.97,89.99073194323861,6119485,0.0000,1.0
2025-11-14,95.71,96.71,95.1645,95.98,90.00010890811755,6583028,0.0000,1.0
2025-11-17,94.22,95.41,93.56,94.19,89.85945443493338,6488188,1.6400,1.0
2025-11-18,93.6,93.68,92.07,92.83,88.56198274970662,6347751,0.0000,1.0
2025-11-19,93.23,94.0,92.375,92.41,88.16129296456305,5604331,0.0000,1.0
2025-11-20,92.775,93.84,90.84,90.87,86.69209708570334,7452670,0.0000,1.0
2025-11-21,91.58,96.22200000000001,91.31,94.66,90.30784538497498,8913223,0.0000,1.0
2025-11-24,94.7,94.7494,93.35,93.56,89.25841975721805,6554599,0.0000,1.0
2025-11-25,94.05,95.3801,93.54,94.54,90.19336258921969,5840207,0.0000,1.0
2025-11-26,94.25,95.795,93.76,95.67,91.27140891591546,4685759,0.0000,1.0
2025-11-28,95.525,96.35,95.2901,95.79,91.38589171167077,2554789,0.0000,1.0
2025-12-01,95.54,96.66,95.03,95.22,90.84209843183307,4772515,0.0000,1.0
2025-12-02,95.44,96.0,94.495,95.58,91.18554681909897,4854532,0.0000,1.0
2025-12-03,96.06,98.25,95.885,98.21,93.69462809273604,7259001,0.0000,1.0
2025-12-04,98.305,98.69,94.5,94.76,90.40324771477108,9451302,0.0000,1.0
2025-12-05,95.0,95.85,94.575,94.87,90.50819027754677,5523608,0.0000,1.0
2025-12-08,95.035,96.43,94.87299999999999,95.55,91.15692612016015,5368852,0.0000,1.0
2025-12-09,95.6,97.19,95.53,96.97,92.51163920326458,4704223,0.0000,1.0
2025-12-10,97.14,100.11,97.1,99.64,95.05888140882007,7188053,0.0000,1.0
2025-12-11,100.11,101.2,99.0,100.48,95.8602609791072,5264199,0.0000,1.0
2025-12-12,101.06,101.66,100.02,100.92,96.28003123020997,4510215,0.0000,1.0
2025-12-15,101.0,101.26,99.75,100.07,95.46911142694323,5061728,0.0000,1.0
2025-12-16,100.14,100.68,99.12,100.11,95.50727235886167,4841963,0.0000,1.0
2025-12-17,100.175,101.4,99.91,100.96,96.3181921621284,5978801,0.0000,1.0
2025-12-18,101.33,102.89,101.185,102.08,97.38669825584456,7611623,0.0000,1.0
2025-12-19,101.11,102.19,100.12,101.92,97.23405452817083,17317519,0.0000,1.0
2025-12-22,101.63,102.0,100.03,100.73,96.09876680359741,5464369,0.0000,1.0
2025-12-23,100.69,100.9,99.88,100.19,95.58359422269854,4645347,0.0000,1.0
2025-12-24,100.2,101.07,99.9,100.66,96.03198517274015,1845456,0.0000,1.0
2025-12-26,100.52,100.89,99.95,100.54,95.91750237698486,2856682,0.0000,1.0
2025-12-29,100.51,101.0,99.06,99.68,95.09704234073851,4352561,0.0000,1.0
2025-12-30,99.72,100.17,99.49,99.64,95.05888140882007,3397881,0.0000,1.0
2025-12-31,99.56,99.81,99.05,99.19,94.62957092473768,3926725,0.0000,1.0
2026-01-02,99.3,101.21,98.4107,101.02,96.37543356000606,5031995,0.0000,1.0
2026-01-05,100.95,102.315,100.59,102.0,97.3103763920077,5733576,0.0000,1.0
2026-01-06,102.08,105.24,102.075,105.22,100.38233141144167,6935951,0.0000,1.0
2026-01-07,105.52,106.36,104.1,105.41,100.56359583805423,5688224,0.0000,1.0
2026-01-08,104.61,107.95,104.13,106.97,102.05187218287317,6294059,0.0000,1.0
2026-01-09,108.5,109.67,106.735,108.06,103.09175757765051,5504440,0.0000,1.0
2026-01-12,107.86,108.66,107.17,108.03,103.06313687871169,4335937,0.0000,1.0
2026-01-13,107.09,108.05,106.145,106.58,101.67980309666844,4706170,0.0000,1.0
2026-01-14,106.49,107.98,106.32,107.4,102.46210220099636,4042189,0.0000,1.0
2026-01-15,107.72,108.99,107.22,108.62,103.6260106245086,4133265,0.0000,1.0
2026-01-16,108.08,108.65,106.82,106.91,101.99463078499552,4669304,0.0000,1.0
2026-01-20,105.995,107.145,105.15,106.54,101.64164216475001,5529643,0.0000,1.0
2026-01-21,107.49,109.32,107.1,108.48,103.49244736279408,3950678,0.0000,1.0
2026-01-22,108.99,110.04,108.87,109.3,104.27474646712197,3487330,0.0000,1.0
2026-01-23,109.56,109.71,107.56,107.98,103.01543571381364,4049648,0.0000,1.0
2026-01-26,108.21,108.62,106.78,106.97,102.05187218287317,8194004,0.0000,1.0
2026-01-27,106.68,112.67,104.75,107.2,102.27129754140418,14417711,0.0000,1.0
2026-01-28,107.54,108.18,103.59,103.7,98.93221599854117,9254878,0.0000,1.0
2026-01-29,104.38,107.2124,104.21,105.99,101.11692935087153,10939754,0.0000,1.0
2026-01-30,105.85,107.82,105.26,106.22,101.33635470940253,7186675,0.0000,1.0
2026-02-02,106.58,110.67,106.25,110.27,105.20014906614401,8662386,0.0000,1.0
2026-02-03,110.68,114.3,110.66,111.85,106.70750587692217,7510351,0.0000,1.0
2026-02-04,113.0,116.925,112.935,116.74,111.37267980395077,11371502,0.0000,1.0
2026-02-05,116.0,116.655,114.9,116.55,111.1914153773382,6624540,0.0000,1.0
2026-02-06,116.295,117.74,115.8256,117.34,111.9450937827273,6738190,0.0000,1.0
2026-02-09,117.17,118.0,115.995,117.92,112.49842729554459,5220958,0.0000,1.0
2026-02-10,118.25,119.56,117.3914,118.7,113.24256546795407,5845184,0.0000,1.0
2026-02-11,119.7,120.9,119.29,120.0,114.48279575530317,6649621,0.0000,1.0
2026-02-12,120.38,122.41,117.05,118.07,112.64153079023872,10174063,0.0000,1.0
2026-02-13,118.17,120.0,117.06,119.24,113.75773804885291,4973461,0.0000,1.0
2026-02-17,117.435,118.195,115.4192,115.51,111.76382935611473,5234327,1.6400,1.0
2026-02-18,115.17,116.36,114.2101,116.12,112.35404609845071,4359533,0.0000,1.0
2026-02-19,115.6,116.08,114.5,115.54,111.7928564090165,3845395,0.0000,1.0
2026-02-20,115.075,117.14,114.29,116.73,112.9442628407867,4947472,0.0000,1.0
2026-02-23,116.17,116.35,114.47,115.02,111.28972082538581,5181500,0.0000,1.0
2026-02-24,114.92,116.3383,114.5,115.37,111.62836977590646,2658016,0.0000,1.0
2026-02-25,115.39,115.75,112.95,113.85,110.15766576221678,4023529,0.0000,1.0
2026-02-26,114.21,116.76,114.21,116.63,112.8475059977808,5314272,0.0000,1.0
2026-02-27,115.96,116.9198,115.06,115.96,112.19923514964127,6239593,0.0000,1.0
2026-03-02,114.42,115.25,113.17,114.42,110.70917976735042,5013043,0.0000,1.0
2026-03-03,112.89,113.59,110.87,113.23,109.55777333558021,4839944,0.0000,1.0
2026-03-04,113.53,115.62,109.5,110.5,106.91631152151915,11433908,0.0000,1.0
2026-03-05,109.945,110.45,103.24,104.07,100.69484651623979,11572868,0.0000,1.0
2026-03-06,101.87,102.42,99.41,102.36,99.04030450083891,9494756,0.0000,1.0
2026-03-09,100.97,100.97,97.01,99.94,96.69878890009613,10354795,0.0000,1.0
2026-03-10,100.225,102.23,99.55,100.92,97.64700596155396,6255544,0.0000,1.0
2026-03-11,100.95,101.5,99.865,100.8,97.53089774994687,4061185,0.0000,1.0
2026-03-12,99.63,99.63,97.415,97.89,94.7152736184752,6366283,0.0000,1.0
2026-03-13,98.23,98.77,96.96,97.21,94.05732708603507,4431474,0.0000,1.0
2026-03-16,97.975,98.4,97.4,97.4,94.2411650877463,4867712,0.0000,1.0
2026-03-17,98.64,99.0581,97.43,97.77,94.59916540686811,4187622,0.0000,1.0
2026-03-18,97.4,97.7,96.24,96.84,93.69932676691326,5417789,0.0000,1.0
2026-03-19,95.77,97.0,95.01,96.56,93.42840760649673,5304754,0.0000,1.0
2026-03-20,97.09,97.64,95.17,95.86,92.75110970545543,34639778,0.0000,1.0
2026-03-23,97.485,99.37,96.88,97.67,94.50240856386222,7412107,0.0000,1.0
2026-03-24,97.05,98.86,96.27,98.44,95.24743625500764,4249788,0.0000,1.0
2026-03-25,99.275,99.6,97.58,98.37,95.17970646490352,3350971,0.0000,1.0
2026-03-26,97.89,98.9399,97.2,97.5,94.33792193075219,3790887,0.0000,1.0
2026-03-27,96.5,96.94,94.06,94.8,91.7254871695929,5914679,0.0000,1.0
2026-03-30,96.12,96.4,94.7,94.95,91.87062243410175,5232638,0.0000,1.0
2026-03-31,96.78,98.43,95.77,98.38,95.1893821492041,6868280,0.0000,1.0
2026-04-01,98.85,99.7,97.69,97.91,94.73462498707637,5101616,0.0000,1.0
2026-04-02,96.04,98.87,95.52,98.18,94.99586846319231,4060346,0.0000,1.0
2026-04-06,98.05,98.05,96.39,97.16,94.00894866453213,4690761,0.0000,1.0
2026-04-07,96.785,97.89,95.63,97.57,94.40565172085631,4480923,0.0000,1.0
2026-04-08,100.2,101.54,99.26,100.45,97.19224879942624,5926671,0.0000,1.0
2026-04-09,99.99,101.86,99.7211,101.64,98.34365523119644,4361814,0.0000,1.0
2026-04-10,102.16,102.4,101.2551,101.7,98.40170933699997,4491038,0.0000,1.0
2026-04-13,100.88,102.11,99.93,102.02,98.71133123461885,3799948,0.0000,1.0
2026-04-14,102.05,103.47,101.21,103.22,99.87241335068965,4703589,0.0000,1.0
2026-04-15,102.95,103.7,102.03,103.57,100.21106230121029,5193491,0.0000,1.0
2026-04-16,103.36,105.735,103.36,105.06,101.6527392619982,5295660,0.0000,1.0
2026-04-17,106.18,107.59,105.56,106.44,102.98798369547961,5506236,0.0000,1.0
2026-04-20,105.73,107.5,105.53,107.11,103.63625454361915,3639307,0.0000,1.0
2026-04-21,107.53,108.15,105.58,106.31,102.86219979957195,4082172,0.0000,1.0
2026-04-22,107.0,107.0,105.27,105.3,101.88495568521236,3634497,0.0000,1.0
2026-04-23,106.44,108.3,106.04,107.72,104.22647128595513,4422779,0.0000,1.0
2026-04-24,107.38,107.74,106.46,107.02,103.54917338491383,4168018,0.0000,1.0
2026-04-27,107.205,108.52,107.12,108.24,104.72960686958581,6570581,0.0000,1.0
2026-04-28,103.99,105.95,100.45,103.94,100.56906262033213,12540129,0.0000,1.0
2026-04-29,104.6,106.75,103.36,106.61,103.15247032858964,6216593,0.0000,1.0
2026-04-30,106.76,109.11,106.75,108.8,105.27144519041885,6091154,0.0000,1.0
2026-05-01,109.38,109.84,106.95,107.57,104.08133602144628,4225215,0.0000,1.0
2026-05-04,102.315,102.83,95.98,96.31,93.18651549898199,18538493,0.0000,1.0
2026-05-05,96.59,98.395,96.515,98.07,94.88943593588581,7129279,0.0000,1.0
2026-05-06,98.93,100.79,98.58,99.89,96.65041047859319,7358692,0.0000,1.0
2026-05-07,100.355,101.11,99.35,100.1,96.85359984890557,5808740,0.0000,1.0
2026-05-08,100.73,101.03,100.01,100.78,97.5115463813457,4780824,0.0000,1.0
2026-05-11,100.72,100.865,99.79,100.0,96.75684300589968,5327993,0.0000,1.0
2026-05-12,100.385,100.385,96.9,98.44,95.24743625500764,6197726,0.0000,1.0
2026-05-13,98.28,99.23,98.01,98.45,95.25711193930825,5029760,0.0000,1.0
2026-05-14,99.05,100.0,97.94,98.42,95.22808488640646,5443655,0.0000,1.0
2026-05-15,98.165,99.31,97.53,98.93,95.72154478573655,5567474,0.0000,1.0
2026-05-18,96.82,97.225,94.49,95.53,94.01862434883272,6396170,1.6400,1.0
2026-05-19,95.17,96.87,93.86,96.83,95.29805710978196,5199507,0.0000,1.0
2026-05-20,96.695,98.96,96.15,98.87,97.30578236542543,4697263,0.0000,1.0
2026-05-21,98.16,99.105,97.145,98.25,96.69559135635731,4478415,0.0000,1.0
2026-05-22,99.2,101.17,98.83,101.02,99.42176731622611,4540934,0.0000,1.0
2026-05-26,101.505,102.67,101.4375,101.97,100.35673741076596,4610291,0.0000,1.0
2026-05-27,102.89,104.845,102.89,104.47,102.81718502797607,6114875,0.0000,1.0
2026-05-28,104.0,106.8799,103.053,106.67,104.98237893112096,6194822,0.0000,1.0
2026-05-29,106.6,107.31,105.3919,106.69,105.00206251205864,10465972,0.0000,1.0
2026-06-01,105.56,109.72,105.06,109.02,107.29519969129846,6088488,0.0000,1.0
2026-06-02,109.28,110.34,108.12,108.93,107.2066235770789,5894387,0.0000,1.0
2026-06-03,108.84,110.95,108.37,108.67,106.95073702488905,6303775,0.0000,1.0
2026-06-04,109.87,111.22,109.58,110.22,108.47621454755931,5759822,0.0000,1.0
2026-06-05,110.48,110.7,108.52,108.54,106.82279374879413,4048189,0.0000,1.0
2026-06-08,109.265,109.36,107.615,107.7,105.99608334941153,4544456,0.0000,1.0
2026-06-09,108.21,109.2,106.07,107.87,106.16339378738182,5901948,0.0000,1.0
2026-06-10,105.8,105.9899,102.8301,103.26,101.62632838124638,5569621,0.0000,1.0
2026-06-11,103.75,108.66,103.645,108.65,106.93105344395137,5086894,0.0000,1.0
2026-06-12,109.97,110.46,107.25,108.1,106.38975496816514,3714549,0.0000,1.0
2026-06-15,108.72,110.62,108.26,108.83,107.1082056723905,4889974,0.0000,1.0
2026-06-16,109.05,110.83,109.05,110.02,108.2793787381825,4986626,0.0000,1.0
2026-06-17,109.885,110.01,104.93,105.13,103.46674319891953,4759680,0.0000,1.0
2026-06-18,106.09,107.615,104.8201,104.86,103.20101485626084,13306355,0.0000,1.0
2026-06-22,104.9,108.8,104.9,107.24,105.54336098784486,5483838,0.0000,1.0
2026-06-23,106.95,107.39,105.3,105.83,104.15566853173836,4023904,0.0000,1.0
2026-06-24,105.645,106.28,102.85,106.14,104.46076403627242,4999882,0.0000,1.0
2026-06-25,106.21,109.4,106.21,109.31,107.58061161489483,5821607,0.0000,1.0
2026-06-26,108.65,109.26,107.52,108.14,106.42912213004051,6288588,0.0000,1.0
2026-06-29,108.04,108.4318,106.87,108.01,106.30117885394559,3077613,0.0000,1.0
2026-06-30,107.925,108.0,106.035,107.5,105.79924754003471,3363987,0.0000,1.0
2026-07-01,108.04,111.06,107.3,109.54,107.80697279567818,4218816,0.0000,1.0
2026-07-02,110.32,110.84,109.27,110.66,108.9092533281883,3377852,0.0000,1.0
2026-07-06,110.77,110.77,109.03,110.02,108.2793787381825,3169275,0.0000,1.0
2026-07-07,110.72,112.3,109.8201,111.96,110.18868608913755,4619313,0.0000,1.0
2026-07-08,111.53,111.53,109.03,109.94,108.20064441443178,3752470,0.0000,1.0
2026-07-09,110.83,113.22,108.51,110.74,108.98798765193901,6272915,0.0000,1.0
2026-07-10,111.78,113.41,111.11,112.47,110.69061740304842,3410443,0.0000,1.0
2026-07-13,113.04,113.98,112.61,112.89,111.10397260273972,2866409,0.0000,1.0
2026-07-14,113.38,114.02,111.34,113.67,111.87163225930927,3066730,0.0000,1.0
2026-07-15,114.13,115.43,112.62,112.94,111.15318155508392,4072048,0.0000,1.0
2026-07-16,113.25,117.32,113.25,117.18,115.32610071387226,5057595,0.0000,1.0
2026-07-17,116.9,118.42,116.31,117.72,115.85755739918964,7152510,0.0000,1.0
2026-07-20,117.9,118.0797,112.66,113.15,111.35985915492957,7648289,0.0000,1.0
2026-07-21,114.53,116.36,113.37,116.34,114.49939031448967,4349862,0.0000,1.0
2026-07-22,116.6,117.575,115.81,115.84,114.00730079104764,3196930,0.0000,1.0
2026-07-23,116.53,116.81,113.85,114.1,112.2948292494694,4198359,0.0000,1.0
2026-07-24,114.655,115.44,113.3,114.79,112.9739127918194,3881075,0.0000,1.0
2026-07-27,114.865,114.865,112.365,112.95,111.16302334555276,6723746,0.0000,1.0
2026-07-28,108.6,109.2,103.09,105.53,103.86041481767315,14300913,0.0000,1.0
2026-07-29,105.04,105.75,103.975,104.56,102.90576114219563,6039023,0.0000,1.0
2026-07-30,105.195,105.49,102.83,105.27,103.6045282654833,5913584,0.0000,1.0
2026-07-31,105.74,105.99,103.8601,104.22,102.57114026625506,5610888,0.0000,1.0
2026-08-03,105.7,107.35,105.06,106.87,105.17921474049777,5712781,0.0000,1.0
2026-08-04,107.125,109.42,105.65,109.11,107.38377580551803,4303211,0.0000,1.0
2026-08-05,109.02,109.3,106.92,107.7,105.99608334941153,3936767,0.0000,1.0
2026-08-06,107.17,107.17,103.1,103.2,101.56727763843332,8997437,0.0000,1.0
2026-08-07,103.2,105.25,102.4401,104.5,102.84671039938259,5645330,0.0000,1.0
2026-08-10,104.5,104.87,103.72,104.72,103.06322978969708,4650727,0.0000,1.0
2026-08-11,104.94,105.75,103.814,104.43,102.7778178661007,4367676,0.0000,1.0
2026-08-12,104.625,104.625,102.85,103.91,102.26604476172099,5217367,0.0000,1.0
2026-08-13,104.5,105.7499,104.32,105.54,103.870256608142,4253684,0.0000,1.0
2026-08-14,105.64,105.9,104.46,104.5,102.84671039938259,4264854,0.0000,1.0
2026-08-17,103.22,103.2431,101.97,102.02,102.02,4547515,1.6400,1.0
2026-08-18,102.01,102.8,101.335,101.93,101.93,3624608,0.0000,1.0
2026-08-19,102.63,104.13,102.425,102.86,102.86,4265150,0.0000,1.0
2026-08-20,102.25,103.4,101.57,102.58,102.58,3740409,0.0000,1.0
2026-08-21,103.22,103.4,101.77,102.01,102.01,3587423,0.0000,1.0
2026-08-24,102.3,102.85,101.845,102.72,102.72,4257828,0.0000,1.0
2026-08-25,103.08,106.17,103.06,105.14,105.14,7282843,0.0000,1.0
2026-08-26,105.09,107.11,104.55,105.65,105.65,4640421,0.0000,1.0
2026-08-27,104.8,106.25,104.2,105.68,105.68,2810776,0.0000,1.0
2026-08-28,105.92,106.39,104.885,105.33,105.33,2346933,0.0000,1.0
2026-08-31,104.87,105.05,103.8001,104.23,104.23,5031433,0.0000,1.0
2026-09-01,103.75,103.95,101.92,102.66,102.66,3659414,0.0000,1.0
2026-09-02,103.3,104.15,102.73,103.01,103.01,3132819,0.0000,1.0
2026-09-03,103.62,104.38,102.25,103.5,103.5,4812873,0.0000,1.0
2026-09-04,103.07,103.46,102.22,102.29,102.29,3108974,0.0000,1.0
2026-09-08,102.02,102.19,100.47,100.48,100.48,3709296,0.0000,1.0
2026-09-09,100.11,100.39,99.1,99.22,99.22,3455258,0.0000,1.0
2026-09-10,99.0,100.5099,98.81,99.97,99.97,2682904,0.0000,1.0
2026-09-11,100.54,100.89,99.05,100.28,100.28,3732720,0.0000,1.0
2026-09-14,100.0,102.61,99.98,102.46,102.46,4280106,0.0000,1.0
2026-09-15,102.94,103.08,101.95,102.35,102.35,3906189,0.0000,1.0
2026-09-16,102.1,102.1,98.15,98.77,98.77,4947364,0.0000,1.0
2026-09-17,100.24,101.05,99.5,100.17,100.17,3197483,0.0000,1.0
2026-09-18,99.915,100.0,98.7,99.06,99.06,9407920,0.0000,1.0
