date,open,high,low,close,adj_close,volume,dividend,split
1999-11-01,7.625,7.75,7.625,7.75,1.87308289250865,11900,0.0000,1.0
1999-11-02,7.625,7.75,7.625,7.75,1.87308289250865,46600,0.0000,1.0
1999-11-03,7.75,7.75,7.75,7.75,1.87308289250865,2900,0.0000,1.0
1999-11-04,7.688,7.75,7.625,7.688,1.8580982293685806,15300,0.0000,1.0
1999-11-05,7.625,7.625,7.625,7.625,1.842871878113349,1400,0.0000,1.0
1999-11-08,7.75,7.813,7.75,7.813,1.8883092437638815,20000,0.0000,1.0
1999-11-09,7.625,7.625,7.625,7.625,1.842871878113349,1300,0.0000,1.0
1999-11-10,7.625,7.75,7.625,7.75,1.87308289250865,7200,0.0000,1.0
1999-11-11,7.625,7.625,7.625,7.625,1.842871878113349,11500,0.0000,1.0
1999-11-12,7.75,7.75,7.625,7.75,1.87308289250865,21600,0.0000,1.0
1999-11-15,7.688,7.688,7.625,7.688,1.8580982293685806,16800,0.0000,1.0
1999-11-16,7.69,7.69,7.69,7.69,1.8585816055989057,0,0.0000,1.0
1999-11-17,7.656,7.688,7.625,7.625,1.842871878113349,5500,0.0000,1.0
1999-11-18,7.625,7.688,7.625,7.625,1.842871878113349,31000,0.0000,1.0
1999-11-19,7.75,7.75,7.625,7.625,1.842871878113349,1300,0.0000,1.0
1999-11-22,7.688,7.688,7.625,7.688,1.8580982293685806,1300,0.0000,1.0
1999-11-23,7.625,7.625,7.625,7.625,1.842871878113349,3900,0.0000,1.0
1999-11-24,7.625,7.656,7.625,7.656,1.8503642096833837,14600,0.0000,1.0
1999-11-26,7.66,7.66,7.66,7.66,1.8513309621440335,0,0.0000,1.0
1999-11-29,7.672,7.75,7.625,7.75,1.87308289250865,17800,0.0000,1.0
1999-11-30,7.75,7.875,7.625,7.75,1.87308289250865,49700,0.0000,1.0
1999-12-01,7.563,7.563,7.0,7.125,1.722027820532146,113500,0.0000,1.0
1999-12-02,7.125,7.375,7.125,7.375,1.7824498493227474,4700,0.0000,1.0
1999-12-03,8.313,8.375,7.25,7.313,1.7674651861826782,46200,0.0000,1.0
1999-12-06,7.594,7.594,7.25,7.25,1.7522388349274467,1800,0.0000,1.0
1999-12-07,7.25,7.25,7.25,7.25,1.7522388349274467,13400,0.0000,1.0
1999-12-08,7.313,7.375,6.75,6.75,1.6313947773462434,290800,0.0000,1.0
1999-12-09,6.938,7.125,6.5,6.625,1.6011837629509427,35600,0.0000,1.0
1999-12-10,6.625,6.75,6.0,6.75,1.6313947773462434,15200,0.0000,1.0
1999-12-13,6.0,6.063,5.0,5.25,1.268862604602634,7400,0.0000,1.0
1999-12-14,5.875,6.125,5.625,5.875,1.419917676579138,126000,0.0000,1.0
1999-12-15,5.844,6.0,5.5,5.5,1.3292846333932355,31600,0.0000,1.0
1999-12-16,5.5,5.875,5.0,5.375,1.2990736189979346,359400,0.0000,1.0
1999-12-17,5.75,5.75,5.0,5.375,1.2990736189979346,142600,0.0000,1.0
1999-12-20,5.438,5.5,5.125,5.5,1.3292846333932355,12000,0.0000,1.0
1999-12-21,5.125,5.25,5.0,5.25,1.268862604602634,26400,0.0000,1.0
1999-12-22,5.125,5.25,4.625,5.0,1.2084405758120322,17300,0.0000,1.0
1999-12-23,5.0,5.625,4.75,5.25,1.268862604602634,56100,0.0000,1.0
1999-12-27,5.344,5.438,5.0,5.313,1.2840889558578654,80300,0.0000,1.0
1999-12-28,5.234,6.0,5.0,5.5,1.3292846333932355,137500,0.0000,1.0
1999-12-29,5.688,5.875,5.563,5.875,1.419917676579138,121100,0.0000,1.0
1999-12-30,5.938,6.5,5.938,6.5,1.570972748555642,16700,0.0000,1.0
1999-12-31,6.5,6.938,6.5,6.875,1.6616057917415443,6900,0.0000,1.0
2000-01-03,6.875,7.25,6.875,7.063,1.7070431573920766,20700,0.0000,1.0
2000-01-04,7.031,7.313,7.0,7.313,1.7674651861826782,47900,0.0000,1.0
2000-01-05,7.313,7.375,7.313,7.313,1.7674651861826782,14900,0.0000,1.0
2000-01-06,6.75,6.813,6.375,6.813,1.6466211286014751,4400,0.0000,1.0
2000-01-07,6.375,6.875,6.375,6.406,1.5482540657303756,13400,0.0000,1.0
2000-01-10,7.0,7.25,6.406,6.625,1.6011837629509427,37500,0.0000,1.0
2000-01-11,6.625,7.0,6.625,6.688,1.6164101142061742,7100,0.0000,1.0
2000-01-12,7.375,7.375,6.688,6.688,1.6164101142061742,5300,0.0000,1.0
2000-01-13,7.25,7.25,7.125,7.188,1.7372541717873775,125600,0.0000,1.0
2000-01-14,7.25,7.313,7.25,7.313,1.7674651861826782,11400,0.0000,1.0
2000-01-18,7.031,7.031,6.75,6.938,1.6768321429967759,6200,0.0000,1.0
2000-01-19,6.75,6.875,6.75,6.75,1.6313947773462434,5300,0.0000,1.0
2000-01-20,6.75,7.125,6.688,7.125,1.722027820532146,25700,0.0000,1.0
2000-01-21,7.125,7.125,6.875,7.0,1.691816806136845,27100,0.0000,1.0
2000-01-24,6.875,7.25,6.875,7.0,1.691816806136845,11400,0.0000,1.0
2000-01-25,7.0,7.0,6.875,7.0,1.691816806136845,2000,0.0000,1.0
2000-01-26,7.0,7.0,6.875,6.875,1.6616057917415443,500,0.0000,1.0
2000-01-27,6.875,7.063,6.875,6.875,1.6616057917415443,23400,0.0000,1.0
2000-01-28,6.875,7.0,6.875,7.0,1.691816806136845,11900,0.0000,1.0
2000-01-31,6.875,7.25,6.875,6.875,1.6616057917415443,30700,0.0000,1.0
2000-02-01,6.875,7.375,6.875,7.375,1.7824498493227474,1800,0.0000,1.0
2000-02-02,6.875,7.375,6.875,7.375,1.7824498493227474,0,0.0000,1.0
2000-02-03,6.875,7.0,6.875,7.0,1.691816806136845,6600,0.0000,1.0
2000-02-04,7.375,7.375,7.375,7.375,1.7824498493227474,200,0.0000,1.0
2000-02-07,7.063,7.063,7.063,7.063,1.7070431573920766,100,0.0000,1.0
2000-02-08,7.375,7.375,7.375,7.375,1.7824498493227474,100,0.0000,1.0
2000-02-09,7.38,7.38,7.38,7.38,1.7836582898985596,0,0.0000,1.0
2000-02-10,7.38,7.38,7.38,7.38,1.7836582898985596,0,0.0000,1.0
2000-02-11,6.875,7.0,6.875,6.875,1.6616057917415443,1600,0.0000,1.0
2000-02-14,7.0,7.0,6.875,6.875,1.6616057917415443,2800,0.0000,1.0
2000-02-15,7.0,7.125,7.0,7.125,1.722027820532146,29600,0.0000,1.0
2000-02-16,7.0,7.0,7.0,7.0,1.691816806136845,200,0.0000,1.0
2000-02-17,7.0,7.0,7.0,7.0,1.691816806136845,9000,0.0000,1.0
2000-02-18,7.0,7.0,7.0,7.0,1.691816806136845,3200,0.0000,1.0
2000-02-22,7.0,7.0,6.875,7.0,1.691816806136845,54500,0.0000,1.0
2000-02-23,7.25,7.25,7.0,7.125,1.722027820532146,3600,0.0000,1.0
2000-02-24,7.12,7.12,7.12,7.12,1.7208193799563338,0,0.0000,1.0
2000-02-25,7.375,7.5,7.25,7.5,1.8126608637180484,1500,0.0000,1.0
2000-02-28,7.5,8.5,7.25,8.0,1.9335049212992514,4700,0.0000,1.0
2000-02-29,8.25,8.25,7.625,8.0,1.9335049212992514,4900,0.0000,1.0
2000-03-01,8.0,8.5,8.0,8.25,1.993926950089853,44100,0.0000,1.0
2000-03-02,8.5,8.875,8.5,8.5,2.054348978880455,56000,0.0000,1.0
2000-03-03,8.5,8.875,8.5,8.875,2.1449820220663574,7300,0.0000,1.0
2000-03-06,8.75,8.75,8.5,8.688,2.0997863445309872,46900,0.0000,1.0
2000-03-07,8.875,8.906,8.563,8.563,2.0695753301356867,25100,0.0000,1.0
2000-03-08,8.969,9.25,8.75,9.0,2.175193036461658,17800,0.0000,1.0
2000-03-09,9.188,10.0,9.188,9.5,2.296037094042861,39700,0.0000,1.0
2000-03-10,9.75,9.75,9.5,9.5,2.296037094042861,10900,0.0000,1.0
2000-03-13,9.875,10.0,9.25,9.875,2.3866701372287635,18400,0.0000,1.0
2000-03-14,9.938,10.38,9.5,10.38,2.508722635385779,11100,0.0000,1.0
2000-03-15,10.0,10.5,9.75,10.44,2.5232239222955233,161200,0.0000,1.0
2000-03-16,10.34,10.5,9.75,9.875,2.3866701372287635,390900,0.0000,1.0
2000-03-17,10.13,10.38,9.5,9.5,2.296037094042861,9800,0.0000,1.0
2000-03-20,9.813,10.25,9.0,9.125,2.205404050856959,10800,0.0000,1.0
2000-03-21,9.0,9.5,9.0,9.5,2.296037094042861,5300,0.0000,1.0
2000-03-22,9.516,10.0,9.25,9.688,2.341474459693394,11800,0.0000,1.0
2000-03-23,10.0,10.0,9.5,9.75,2.356459122833463,6800,0.0000,1.0
2000-03-24,10.0,10.0,8.875,9.0,2.175193036461658,1900,0.0000,1.0
2000-03-27,9.25,9.625,8.875,9.125,2.205404050856959,2900,0.0000,1.0
2000-03-28,9.375,9.625,9.125,9.594,2.318755776868127,3400,0.0000,1.0
2000-03-29,9.938,10.25,9.625,10.25,2.477303180414666,49100,0.0000,1.0
2000-03-30,10.03,10.06,9.875,9.875,2.3866701372287635,2900,0.0000,1.0
2000-03-31,9.875,9.875,9.625,9.625,2.326248108438162,19100,0.0000,1.0
2000-04-03,9.625,9.625,9.625,9.625,2.326248108438162,800,0.0000,1.0
2000-04-04,9.125,9.563,9.0,9.125,2.205404050856959,6600,0.0000,1.0
2000-04-05,9.0,9.0,9.0,9.0,2.175193036461658,2700,0.0000,1.0
2000-04-06,8.625,9.125,8.0,8.563,2.0695753301356867,7200,0.0000,1.0
2000-04-07,8.25,8.75,8.25,8.688,2.0997863445309872,2800,0.0000,1.0
2000-04-10,8.594,8.938,8.594,8.938,2.160208373321589,32900,0.0000,1.0
2000-04-11,8.875,8.875,8.875,8.875,2.1449820220663574,1300,0.0000,1.0
2000-04-12,8.75,8.875,8.688,8.875,2.1449820220663574,1200,0.0000,1.0
2000-04-13,8.625,8.781,8.5,8.781,2.122263339241091,39500,0.0000,1.0
2000-04-14,8.875,9.0,8.875,8.938,2.160208373321589,13800,0.0000,1.0
2000-04-17,8.875,9.0,8.625,8.625,2.0845599932757555,3100,0.0000,1.0
2000-04-18,8.625,9.063,8.625,9.063,2.1904193877168896,2300,0.0000,1.0
2000-04-19,9.06,9.06,9.06,9.06,2.1896943233714024,0,0.0000,1.0
2000-04-20,9.06,9.06,9.06,9.06,2.1896943233714024,0,0.0000,1.0
2000-04-24,8.641,8.656,8.625,8.656,2.0920523248457905,6000,0.0000,1.0
2000-04-25,8.719,9.0,8.625,8.625,2.0845599932757555,4100,0.0000,1.0
2000-04-26,8.625,8.75,8.625,8.75,2.1147710076710564,600,0.0000,1.0
2000-04-27,8.625,8.625,8.625,8.625,2.0845599932757555,100,0.0000,1.0
2000-04-28,8.625,8.906,8.625,8.906,2.152474353636392,4500,0.0000,1.0
2000-05-01,8.688,8.688,8.688,8.688,2.0997863445309872,500,0.0000,1.0
2000-05-02,8.688,8.813,8.688,8.813,2.129997358926288,3000,0.0000,1.0
2000-05-03,8.75,8.875,8.75,8.875,2.1449820220663574,1400,0.0000,1.0
2000-05-04,9.0,9.0,8.75,8.938,2.160208373321589,19400,0.0000,1.0
2000-05-05,8.75,8.75,8.75,8.75,2.1147710076710564,8700,0.0000,1.0
2000-05-08,8.625,8.625,8.625,8.625,2.0845599932757555,1800,0.0000,1.0
2000-05-09,8.625,8.75,8.5,8.625,2.0845599932757555,8900,0.0000,1.0
2000-05-10,8.563,8.688,7.25,7.25,1.7522388349274467,28000,0.0000,1.0
2000-05-11,7.438,8.375,7.438,8.375,2.024137964485154,5600,0.0000,1.0
2000-05-12,8.188,8.188,8.188,8.188,1.9789422869497841,100,0.0000,1.0
2000-05-15,8.188,8.313,8.188,8.313,2.009153301345085,1100,0.0000,1.0
2000-05-16,8.219,8.25,8.188,8.25,1.993926950089853,79400,0.0000,1.0
2000-05-17,8.344,8.344,8.25,8.25,1.993926950089853,300,0.0000,1.0
2000-05-18,8.359,8.359,8.188,8.188,1.9789422869497841,33300,0.0000,1.0
2000-05-19,8.188,8.188,8.188,8.188,1.9789422869497841,1000,0.0000,1.0
2000-05-22,8.188,8.313,8.188,8.313,2.009153301345085,63500,0.0000,1.0
2000-05-23,8.188,8.188,8.188,8.188,1.9789422869497841,100,0.0000,1.0
2000-05-24,8.188,8.188,8.188,8.188,1.9789422869497841,1200,0.0000,1.0
2000-05-25,8.219,8.5,8.219,8.375,2.024137964485154,71800,0.0000,1.0
2000-05-26,8.375,8.375,8.375,8.375,2.024137964485154,900,0.0000,1.0
2000-05-30,8.375,8.375,8.375,8.375,2.024137964485154,7200,0.0000,1.0
2000-05-31,8.31,8.5,8.22,8.22,1.986676306634981,55600,0.0000,1.0
2000-06-01,8.219,8.219,8.219,8.219,1.9864346185198185,100,0.0000,1.0
2000-06-02,8.359,8.5,8.219,8.5,2.054348978880455,5200,0.0000,1.0
2000-06-05,8.219,8.375,8.219,8.375,2.024137964485154,600,0.0000,1.0
2000-06-06,8.38,8.38,8.38,8.38,2.025346405060966,0,0.0000,1.0
2000-06-07,8.375,8.5,8.219,8.219,1.9864346185198185,32100,0.0000,1.0
2000-06-08,8.219,8.219,8.219,8.219,1.9864346185198185,1000,0.0000,1.0
2000-06-09,8.219,8.5,8.219,8.359,2.0202709546425552,9500,0.0000,1.0
2000-06-12,8.359,8.5,8.359,8.5,2.054348978880455,13200,0.0000,1.0
2000-06-13,8.5,8.5,8.5,8.5,2.054348978880455,0,0.0000,1.0
2000-06-14,8.563,8.563,8.375,8.375,2.024137964485154,2700,0.0000,1.0
2000-06-15,8.219,8.313,8.219,8.313,2.009153301345085,8800,0.0000,1.0
2000-06-16,8.5,8.625,8.25,8.25,1.993926950089853,41900,0.0000,1.0
2000-06-19,8.25,8.625,8.25,8.625,2.0845599932757555,3200,0.0000,1.0
2000-06-20,8.25,8.25,8.25,8.25,1.993926950089853,2200,0.0000,1.0
2000-06-21,8.25,8.25,8.25,8.25,1.993926950089853,0,0.0000,1.0
2000-06-22,8.25,8.5,8.25,8.5,2.054348978880455,74400,0.0000,1.0
2000-06-23,8.25,8.25,8.25,8.25,1.993926950089853,3300,0.0000,1.0
2000-06-26,8.25,8.625,8.25,8.375,2.024137964485154,11500,0.0000,1.0
2000-06-27,8.375,8.625,8.375,8.563,2.0695753301356867,32300,0.0000,1.0
2000-06-28,9.0,9.75,8.438,9.625,2.326248108438162,26100,0.0000,1.0
2000-06-29,9.5,10.19,9.5,9.875,2.3866701372287635,29100,0.0000,1.0
2000-06-30,10.0,10.13,9.625,9.75,2.356459122833463,29900,0.0000,1.0
2000-07-03,9.75,9.75,9.75,9.75,2.356459122833463,1200,0.0000,1.0
2000-07-05,9.75,10.0,9.625,9.625,2.326248108438162,9800,0.0000,1.0
2000-07-06,8.75,9.125,8.75,9.0,2.175193036461658,5100,0.0000,1.0
2000-07-07,8.75,8.75,8.75,8.75,2.1147710076710564,300,0.0000,1.0
2000-07-10,8.75,8.875,8.75,8.875,2.1449820220663574,4100,0.0000,1.0
2000-07-11,8.88,8.88,8.88,8.88,2.1461904626421693,0,0.0000,1.0
2000-07-12,8.75,9.25,8.75,8.75,2.1147710076710564,12400,0.0000,1.0
2000-07-13,8.75,9.125,8.75,9.125,2.205404050856959,5100,0.0000,1.0
2000-07-14,8.813,8.813,8.75,8.75,2.1147710076710564,2000,0.0000,1.0
2000-07-17,8.75,8.781,8.625,8.75,2.1147710076710564,9500,0.0000,1.0
2000-07-18,8.75,9.0,8.375,8.75,2.1147710076710564,14200,0.0000,1.0
2000-07-19,8.375,8.688,8.375,8.375,2.024137964485154,28300,0.0000,1.0
2000-07-20,8.688,8.75,8.375,8.375,2.024137964485154,15500,0.0000,1.0
2000-07-21,8.438,8.688,8.438,8.438,2.039364315740386,4400,0.0000,1.0
2000-07-24,8.375,8.375,8.375,8.375,2.024137964485154,3900,0.0000,1.0
2000-07-25,8.438,8.5,8.438,8.5,2.054348978880455,800,0.0000,1.0
2000-07-26,8.375,8.5,8.375,8.375,2.024137964485154,3800,0.0000,1.0
2000-07-27,8.375,8.484,8.375,8.375,2.024137964485154,3100,0.0000,1.0
2000-07-28,8.375,8.438,8.375,8.375,2.024137964485154,42400,0.0000,1.0
2000-07-31,8.375,8.375,8.375,8.375,2.024137964485154,100,0.0000,1.0
2000-08-01,8.38,8.38,8.38,8.38,2.025346405060966,0,0.0000,1.0
2000-08-02,8.406,8.406,8.375,8.375,2.024137964485154,1600,0.0000,1.0
2000-08-03,8.375,8.375,8.375,8.375,2.024137964485154,1500,0.0000,1.0
2000-08-04,8.375,8.375,8.125,8.125,1.9637159356945524,2000,0.0000,1.0
2000-08-07,8.125,8.438,8.125,8.375,2.024137964485154,6700,0.0000,1.0
2000-08-08,8.125,8.125,8.125,8.125,1.9637159356945524,2000,0.0000,1.0
2000-08-09,8.188,8.219,8.125,8.219,1.9864346185198185,600,0.0000,1.0
2000-08-10,8.125,8.125,8.125,8.125,1.9637159356945524,1000,0.0000,1.0
2000-08-11,8.12,8.12,8.12,8.12,1.9625074951187402,0,0.0000,1.0
2000-08-14,8.125,8.125,8.125,8.125,1.9637159356945524,3100,0.0000,1.0
2000-08-15,8.125,8.125,8.125,8.125,1.9637159356945524,2700,0.0000,1.0
2000-08-16,8.125,8.125,8.125,8.125,1.9637159356945524,600,0.0000,1.0
2000-08-17,8.0,8.0,8.0,8.0,1.9335049212992514,4400,0.0000,1.0
2000-08-18,7.875,7.875,7.875,7.875,1.9032939069039507,100,0.0000,1.0
2000-08-21,7.875,7.875,7.875,7.875,1.9032939069039507,700,0.0000,1.0
2000-08-22,7.875,8.125,7.875,7.875,1.9032939069039507,19300,0.0000,1.0
2000-08-23,8.188,8.375,8.188,8.25,1.993926950089853,3500,0.0000,1.0
2000-08-24,8.375,8.438,8.375,8.438,2.039364315740386,1300,0.0000,1.0
2000-08-25,8.125,10.0,8.125,10.0,2.4168811516240645,20700,0.0000,1.0
2000-08-28,10.13,10.88,9.75,9.938,2.4018964884839953,44200,0.0000,1.0
2000-08-29,9.938,10.19,9.75,9.75,2.356459122833463,19100,0.0000,1.0
2000-08-30,9.875,9.875,9.5,9.875,2.3866701372287635,11300,0.0000,1.0
2000-08-31,9.75,9.875,9.375,9.5,2.296037094042861,10000,0.0000,1.0
2000-09-01,9.625,10.0,9.375,9.75,2.356459122833463,7900,0.0000,1.0
2000-09-05,9.5,9.5,9.438,9.5,2.296037094042861,4900,0.0000,1.0
2000-09-06,9.75,10.25,9.438,10.0,2.4168811516240645,21400,0.0000,1.0
2000-09-07,10.63,10.63,9.875,9.875,2.3866701372287635,10200,0.0000,1.0
2000-09-08,9.875,9.875,9.875,9.875,2.3866701372287635,400,0.0000,1.0
2000-09-11,10.13,10.5,9.938,10.5,2.537725209205268,12400,0.0000,1.0
2000-09-12,9.875,11.25,9.813,11.0,2.658569266786471,28800,0.0000,1.0
2000-09-13,10.53,11.5,10.53,10.88,2.629566692966982,8800,0.0000,1.0
2000-09-14,10.88,12.5,10.84,12.0,2.9002573819488773,16700,0.0000,1.0
2000-09-15,12.25,12.75,12.25,12.5,3.0211014395300806,17900,0.0000,1.0
2000-09-18,13.0,13.31,11.81,12.63,3.0525208945011935,23600,0.0000,1.0
2000-09-19,12.06,12.25,11.75,12.13,2.93167683691999,8900,0.0000,1.0
2000-09-20,12.13,12.13,11.5,11.75,2.839835353158276,22300,0.0000,1.0
2000-09-21,11.75,12.0,11.75,12.0,2.9002573819488773,9200,0.0000,1.0
2000-09-22,11.81,12.13,11.81,12.06,2.914758668858622,13300,0.0000,1.0
2000-09-25,12.13,12.13,11.88,12.13,2.93167683691999,8400,0.0000,1.0
2000-09-26,12.06,12.5,11.88,12.38,2.992098865710592,12400,0.0000,1.0
2000-09-27,11.88,12.06,11.88,11.88,2.8712548081293887,19000,0.0000,1.0
2000-09-28,11.88,11.94,11.88,11.94,2.8857560950391328,9000,0.0000,1.0
2000-09-29,11.88,11.88,11.88,11.88,2.8712548081293887,11600,0.0000,1.0
2000-10-02,11.88,11.94,11.88,11.88,2.8712548081293887,13600,0.0000,1.0
2000-10-03,11.88,11.94,11.88,11.88,2.8712548081293887,11500,0.0000,1.0
2000-10-04,11.88,11.94,11.88,11.88,2.8712548081293887,11600,0.0000,1.0
2000-10-05,11.88,11.88,11.06,11.25,2.7189912955770725,293800,0.0000,1.0
2000-10-06,11.13,11.31,11.0,11.06,2.6730705536962156,67100,0.0000,1.0
2000-10-09,11.0,11.0,11.0,11.0,2.658569266786471,1000,0.0000,1.0
2000-10-10,11.5,11.75,11.06,11.06,2.6730705536962156,10000,0.0000,1.0
2000-10-11,11.0,11.0,11.0,11.0,2.658569266786471,100,0.0000,1.0
2000-10-12,11.0,11.0,11.0,11.0,2.658569266786471,3100,0.0000,1.0
2000-10-13,11.0,11.13,11.0,11.06,2.6730705536962156,2300,0.0000,1.0
2000-10-16,10.94,10.94,10.94,10.94,2.6440679798767266,2400,0.0000,1.0
2000-10-17,10.94,10.94,10.94,10.94,2.6440679798767266,3000,0.0000,1.0
2000-10-18,10.94,10.94,10.94,10.94,2.6440679798767266,5200,0.0000,1.0
2000-10-19,10.94,10.94,10.94,10.94,2.6440679798767266,2100,0.0000,1.0
2000-10-20,10.94,10.94,10.94,10.94,2.6440679798767266,2100,0.0000,1.0
2000-10-23,11.0,11.0,11.0,11.0,2.658569266786471,500,0.0000,1.0
2000-10-24,11.0,11.0,11.0,11.0,2.658569266786471,2600,0.0000,1.0
2000-10-25,10.94,11.13,10.94,11.13,2.689988721757584,5200,0.0000,1.0
2000-10-26,11.0,11.0,11.0,11.0,2.658569266786471,500,0.0000,1.0
2000-10-27,11.0,11.0,11.0,11.0,2.658569266786471,0,0.0000,1.0
2000-10-30,10.94,10.94,10.94,10.94,2.6440679798767266,600,0.0000,1.0
2000-10-31,10.94,10.94,10.94,10.94,2.6440679798767266,5900,0.0000,1.0
2000-11-01,10.98,11.75,10.94,11.75,2.839835353158276,8400,0.0000,1.0
2000-11-02,10.95,11.38,10.44,10.44,2.5232239222955233,11000,0.0000,1.0
2000-11-03,11.25,11.25,11.0,11.0,2.658569266786471,2600,0.0000,1.0
2000-11-06,10.94,11.25,10.94,11.0,2.658569266786471,700,0.0000,1.0
2000-11-07,10.44,10.44,10.44,10.44,2.5232239222955233,400,0.0000,1.0
2000-11-08,10.44,10.44,10.44,10.44,2.5232239222955233,0,0.0000,1.0
2000-11-09,10.5,10.5,10.5,10.5,2.537725209205268,500,0.0000,1.0
2000-11-10,10.44,10.44,10.44,10.44,2.5232239222955233,100,0.0000,1.0
2000-11-13,10.44,10.44,10.44,10.44,2.5232239222955233,200,0.0000,1.0
2000-11-14,10.44,10.75,10.44,10.75,2.598147237995869,900,0.0000,1.0
2000-11-15,10.75,11.0,10.63,11.0,2.658569266786471,30600,0.0000,1.0
2000-11-16,10.44,10.5,10.44,10.5,2.537725209205268,8600,0.0000,1.0
2000-11-17,10.5,10.5,10.5,10.5,2.537725209205268,0,0.0000,1.0
2000-11-20,10.25,10.25,10.25,10.25,2.477303180414666,300,0.0000,1.0
2000-11-21,10.25,10.31,10.25,10.31,2.4918044673244104,12800,0.0000,1.0
2000-11-22,10.31,10.31,10.31,10.31,2.4918044673244104,0,0.0000,1.0
2000-11-24,10.25,10.25,10.25,10.25,2.477303180414666,400,0.0000,1.0
2000-11-27,11.11,11.11,10.25,10.25,2.477303180414666,800,0.0000,1.0
2000-11-28,10.25,11.0,10.25,11.0,2.658569266786471,800,0.0000,1.0
2000-11-29,10.25,10.25,10.25,10.25,2.477303180414666,3800,0.0000,1.0
2000-11-30,10.25,10.5,10.25,10.44,2.5232239222955233,6000,0.0000,1.0
2000-12-01,10.75,10.75,10.38,10.38,2.508722635385779,3100,0.0000,1.0
2000-12-04,10.38,10.38,10.31,10.31,2.4918044673244104,8500,0.0000,1.0
2000-12-05,10.25,10.25,9.5,9.5,2.296037094042861,5700,0.0000,1.0
2000-12-06,10.0,10.13,9.625,9.75,2.356459122833463,7200,0.0000,1.0
2000-12-07,10.5,10.75,9.75,10.25,2.477303180414666,6500,0.0000,1.0
2000-12-08,10.44,10.5,10.25,10.5,2.537725209205268,68400,0.0000,1.0
2000-12-11,10.5,10.5,10.13,10.13,2.4483006065951773,4600,0.0000,1.0
2000-12-12,10.44,10.44,10.13,10.31,2.4918044673244104,4600,0.0000,1.0
2000-12-13,10.44,10.81,10.44,10.5,2.537725209205268,8900,0.0000,1.0
2000-12-14,11.0,11.0,10.5,10.5,2.537725209205268,7600,0.0000,1.0
2000-12-15,10.39,10.75,10.39,10.63,2.5691446641763807,6700,0.0000,1.0
2000-12-18,10.63,11.0,10.63,11.0,2.658569266786471,18100,0.0000,1.0
2000-12-19,11.0,11.0,10.25,11.0,2.658569266786471,1700,0.0000,1.0
2000-12-20,11.0,11.0,10.13,10.13,2.4483006065951773,5200,0.0000,1.0
2000-12-21,10.13,10.19,10.13,10.19,2.4628018935049214,31400,0.0000,1.0
2000-12-22,10.13,11.75,10.13,11.25,2.7189912955770725,21000,0.0000,1.0
2000-12-26,11.75,12.5,11.75,12.5,3.0211014395300806,7500,0.0000,1.0
2000-12-27,10.63,12.5,10.13,11.5,2.779413324367674,10500,0.0000,1.0
2000-12-28,11.63,12.13,11.38,12.13,2.93167683691999,8100,0.0000,1.0
2000-12-29,11.75,13.0,11.5,12.75,3.081523468320682,19000,0.0000,1.0
2001-01-02,12.75,12.75,11.88,11.88,2.8712548081293887,6100,0.0000,1.0
2001-01-03,11.0,11.0,11.0,11.0,2.658569266786471,2300,0.0000,1.0
2001-01-04,10.63,11.0,10.63,10.94,2.6440679798767266,9400,0.0000,1.0
2001-01-05,11.0,11.88,11.0,11.88,2.8712548081293887,3600,0.0000,1.0
2001-01-08,11.63,11.88,11.63,11.63,2.8108327793387873,6200,0.0000,1.0
2001-01-09,11.63,11.94,11.63,11.63,2.8108327793387873,2600,0.0000,1.0
2001-01-10,12.0,12.0,11.75,11.75,2.839835353158276,1100,0.0000,1.0
2001-01-11,12.0,12.25,12.0,12.25,2.960679410739479,3500,0.0000,1.0
2001-01-12,12.25,12.48,12.13,12.48,3.0162676772268324,30000,0.0000,1.0
2001-01-16,12.56,13.13,12.38,13.13,3.1733649520823968,132700,0.0000,1.0
2001-01-17,13.13,13.13,12.5,12.94,3.1274442102015394,5400,0.0000,1.0
2001-01-18,12.88,13.13,12.5,13.13,3.1733649520823968,157100,0.0000,1.0
2001-01-19,13.0,13.13,12.63,13.06,3.1564467840210284,37700,0.0000,1.0
2001-01-22,13.08,13.63,12.75,13.63,3.2942090096636,137800,0.0000,1.0
2001-01-23,13.63,14.13,13.63,14.13,3.4150530672448034,82000,0.0000,1.0
2001-01-24,14.13,14.13,14.06,14.06,3.3981348991834346,33600,0.0000,1.0
2001-01-25,14.13,14.13,11.88,13.0,3.141945497111284,51200,0.0000,1.0
2001-01-26,13.19,13.63,13.19,13.56,3.2772908416022313,10700,0.0000,1.0
2001-01-29,13.61,13.61,12.25,12.63,3.0525208945011935,88100,0.0000,1.0
2001-01-30,12.56,13.5,12.56,13.5,3.2627895546924868,42400,0.0000,1.0
2001-01-31,13.55,13.63,13.25,13.31,3.21686881281163,5800,0.0000,1.0
2001-02-01,13.38,13.75,13.38,13.69,3.308710296573344,13400,0.0000,1.0
2001-02-02,13.42,13.44,13.31,13.31,3.21686881281163,5900,0.0000,1.0
2001-02-05,13.36,15.38,13.36,14.81,3.5794009855552393,453100,0.0000,1.0
2001-02-06,15.13,16.0,15.06,15.88,3.8380072687790143,548200,0.0000,1.0
2001-02-07,15.92,15.94,15.25,15.38,3.7171632111978115,15400,0.0000,1.0
2001-02-08,15.52,16.88,15.5,16.88,4.079695383941421,385400,0.0000,1.0
2001-02-09,16.5,17.58,16.0,16.0,3.867009842598503,45100,0.0000,1.0
2001-02-12,16.48,16.48,14.88,16.0,3.867009842598503,25000,0.0000,1.0
2001-02-13,15.75,16.38,15.75,16.38,3.958851326360217,6500,0.0000,1.0
2001-02-14,15.69,15.7,14.06,15.44,3.7316644981075555,34400,0.0000,1.0
2001-02-15,15.48,16.88,14.94,16.25,3.9274318713891048,28600,0.0000,1.0
2001-02-16,15.69,16.13,15.63,16.13,3.8984292975696158,24300,0.0000,1.0
2001-02-20,16.02,17.63,15.81,17.38,4.200539441522624,259300,0.0000,1.0
2001-02-21,17.38,17.5,16.69,16.75,4.048275928970308,77500,0.0000,1.0
2001-02-22,16.69,17.38,16.44,16.66,4.0265239986056915,264600,0.0000,1.0
2001-02-23,16.73,16.75,16.31,16.56,4.00235518708945,53400,0.0000,1.0
2001-02-26,16.38,16.63,16.25,16.63,4.019273355150819,30700,0.0000,1.0
2001-02-27,16.63,16.63,16.25,16.63,4.019273355150819,226400,0.0000,1.0
2001-02-28,16.58,17.13,16.5,17.13,4.140117412732022,109500,0.0000,1.0
2001-03-01,17.19,17.19,16.63,16.94,4.094196670851166,36300,0.0000,1.0
2001-03-02,16.75,17.13,16.75,17.0,4.10869795776091,31800,0.0000,1.0
2001-03-05,17.11,17.13,16.88,16.94,4.094196670851166,10600,0.0000,1.0
2001-03-06,17.06,17.06,15.88,15.88,3.8380072687790143,20800,0.0000,1.0
2001-03-07,15.88,16.44,15.88,16.0,3.867009842598503,39900,0.0000,1.0
2001-03-08,16.0,17.25,16.0,17.13,4.140117412732022,205400,0.0000,1.0
2001-03-09,16.94,17.19,16.5,17.19,4.154618699641767,11300,0.0000,1.0
2001-03-12,17.31,17.5,17.25,17.5,4.229542015342113,116100,0.0000,1.0
2001-03-13,17.48,17.5,17.13,17.25,4.169119986551511,75600,0.0000,1.0
2001-03-14,16.63,17.25,16.63,16.75,4.048275928970308,20600,0.0000,1.0
2001-03-15,17.19,17.38,16.84,17.13,4.140117412732022,21000,0.0000,1.0
2001-03-16,17.25,17.38,16.88,17.13,4.140117412732022,10100,0.0000,1.0
2001-03-19,17.25,17.25,15.75,16.5,3.987853900179706,66100,0.0000,1.0
2001-03-20,16.25,16.5,16.25,16.38,3.958851326360217,4300,0.0000,1.0
2001-03-21,16.38,16.44,15.38,16.44,3.973352613269962,10500,0.0000,1.0
2001-03-22,16.38,16.38,15.44,16.31,3.941933158298849,163100,0.0000,1.0
2001-03-23,16.36,16.44,16.31,16.38,3.958851326360217,4700,0.0000,1.0
2001-03-26,16.0,16.38,14.38,15.0,3.6253217274360967,9900,0.0000,1.0
2001-03-27,15.13,15.13,14.56,15.0,3.6253217274360967,10200,0.0000,1.0
2001-03-28,15.25,15.25,14.56,14.75,3.564899698645495,7800,0.0000,1.0
2001-03-29,14.94,15.25,14.5,14.5,3.5044776698548934,3700,0.0000,1.0
2001-03-30,14.5,14.5,13.81,14.5,3.5044776698548934,24400,0.0000,1.0
2001-04-02,14.25,14.88,13.75,14.38,3.475475096035405,30300,0.0000,1.0
2001-04-03,14.38,15.13,14.13,15.06,3.639823014345841,31500,0.0000,1.0
2001-04-04,15.06,15.13,14.38,14.38,3.475475096035405,35900,0.0000,1.0
2001-04-05,14.63,14.88,14.13,14.13,3.4150530672448034,12300,0.0000,1.0
2001-04-06,14.48,14.5,14.25,14.5,3.5044776698548934,3800,0.0000,1.0
2001-04-09,13.94,14.8,13.89,14.3,3.456140046822412,64200,0.0000,1.0
2001-04-10,14.9,14.99,14.61,14.78,3.5721503421003673,8400,0.0000,1.0
2001-04-11,14.99,14.99,14.8,14.85,3.5890685101617357,2200,0.0000,1.0
2001-04-12,14.99,15.12,14.41,15.12,3.6543243012555853,6900,0.0000,1.0
2001-04-16,15.12,15.12,15.12,15.12,3.6543243012555853,0,0.0000,1.0
2001-04-17,15.3,15.43,15.26,15.26,3.6881606373783224,5300,0.0000,1.0
2001-04-18,15.26,15.92,15.26,15.92,3.8476747933855107,2600,0.0000,1.0
2001-04-19,15.92,16.0,15.11,15.4,3.721996973501059,26000,0.0000,1.0
2001-04-20,15.3,15.94,15.3,15.94,3.8525085556887584,6900,0.0000,1.0
2001-04-23,15.94,15.94,15.3,15.75,3.8065878138079015,22900,0.0000,1.0
2001-04-24,15.75,16.48,15.44,16.35,3.9516006829053456,16600,0.0000,1.0
2001-04-25,16.35,16.45,15.41,15.8,3.818672219566022,24500,0.0000,1.0
2001-04-26,15.75,16.45,15.35,16.45,3.975769494421586,18100,0.0000,1.0
2001-04-27,16.45,17.25,16.4,16.95,4.096613552002789,153100,0.0000,1.0
2001-04-30,16.95,17.85,16.95,17.85,4.314132855648955,360600,0.0000,1.0
2001-05-01,17.95,20.41,17.85,19.96,4.824094778641633,530900,0.0000,1.0
2001-05-02,20.0,20.08,19.2,19.95,4.821677897490009,55800,0.0000,1.0
2001-05-03,19.5,20.24,19.44,19.68,4.756422106396159,34200,0.0000,1.0
2001-05-04,19.67,19.83,19.44,19.83,4.79267532367052,93300,0.0000,1.0
2001-05-07,19.44,19.83,19.44,19.6,4.7370870571831665,79600,0.0000,1.0
2001-05-08,19.49,21.34,19.49,21.02,5.080284180713783,39200,0.0000,1.0
2001-05-09,20.9,21.5,20.9,21.5,5.196294475991738,53800,0.0000,1.0
2001-05-10,21.5,21.86,21.0,21.86,5.283302197450205,60400,0.0000,1.0
2001-05-11,21.96,22.61,21.92,22.29,5.3872280869700395,57300,0.0000,1.0
2001-05-14,22.69,22.69,21.29,22.35,5.4017293738797845,23200,0.0000,1.0
2001-05-15,22.0,22.35,21.51,22.29,5.3872280869700395,57200,0.0000,1.0
2001-05-16,22.25,22.25,21.28,22.08,5.336473582785934,97500,0.0000,1.0
2001-05-17,22.08,22.2,21.2,21.2,5.123788041443016,55400,0.0000,1.0
2001-05-18,21.2,24.61,21.05,23.77,5.744926497410401,373200,0.0000,1.0
2001-05-21,23.93,27.9,23.93,27.25,6.586001138175575,351200,0.0000,1.0
2001-05-22,27.25,28.5,26.71,28.35,6.851858064854223,140300,0.0000,1.0
2001-05-23,27.5,28.2,27.5,28.02,6.772100986850629,378300,0.0000,1.0
2001-05-24,27.75,29.25,27.75,28.69,6.934032024009441,31200,0.0000,1.0
2001-05-25,28.74,28.97,27.77,28.01,6.769684105699005,40500,0.0000,1.0
2001-05-29,28.15,28.2,27.77,28.08,6.786602273760373,71400,0.0000,1.0
2001-05-30,27.77,28.2,27.77,27.9,6.74309841303114,54100,0.0000,1.0
2001-05-31,27.89,30.81,27.88,30.04,7.26031097947869,197200,0.0000,1.0
2001-06-01,30.24,31.1,29.6,30.06,7.2651447417819375,155100,0.0000,1.0
2001-06-04,30.25,31.9,30.02,31.18,7.535835430763833,182400,0.0000,1.0
2001-06-05,31.16,32.66,30.31,30.31,7.325566770572539,68900,0.0000,1.0
2001-06-06,30.8,31.0,28.9,29.0,7.008955339709787,73200,0.0000,1.0
2001-06-07,29.01,29.11,26.8,27.52,6.651256929269425,243300,0.0000,1.0
2001-06-08,27.64,27.7,24.1,25.4,6.138878125125124,194900,0.0000,1.0
2001-06-11,26.38,27.52,25.99,27.25,6.586001138175575,71600,0.0000,1.0
2001-06-12,27.24,27.24,26.07,26.92,6.506244060171982,23800,0.0000,1.0
2001-06-13,26.38,29.0,26.38,28.41,6.866359351763967,59700,0.0000,1.0
2001-06-14,28.41,29.25,26.25,27.58,6.665758216179169,68100,0.0000,1.0
2001-06-15,26.65,27.55,26.64,27.0,6.5255791093849735,159900,0.0000,1.0
2001-06-18,27.0,27.06,24.9,25.25,6.102624907850763,66700,0.0000,1.0
2001-06-19,25.3,25.95,23.75,24.4,5.897190009962717,186400,0.0000,1.0
2001-06-20,24.13,25.63,23.95,25.15,6.078456096334522,161100,0.0000,1.0
2001-06-21,25.64,26.1,24.96,25.96,6.2742234696160715,19600,0.0000,1.0
2001-06-22,25.41,27.3,25.41,26.95,6.513494703626853,73400,0.0000,1.0
2001-06-25,26.8,28.7,26.8,28.54,6.897778806735079,47400,0.0000,1.0
2001-06-26,28.25,28.25,27.15,27.52,6.651256929269425,52700,0.0000,1.0
2001-06-27,27.52,27.52,26.56,26.56,6.419236338713515,30000,0.0000,1.0
2001-06-28,26.54,27.35,23.71,25.5,6.163046936641364,35200,0.0000,1.0
2001-06-29,24.9,30.0,24.66,30.0,7.250643454872193,292500,0.0000,1.0
2001-07-02,28.0,28.16,26.0,26.45,6.3926506460456505,81700,0.0000,1.0
2001-07-03,26.68,26.68,25.73,25.8,6.235553371190086,8900,0.0000,1.0
2001-07-05,26.24,26.24,25.0,25.0,6.042202879060161,23100,0.0000,1.0
2001-07-06,25.04,25.4,24.97,25.26,6.105041789002387,32600,0.0000,1.0
2001-07-09,24.9,27.43,24.85,27.03,6.532829752839846,239900,0.0000,1.0
2001-07-10,27.1,28.18,26.9,27.18,6.5690829701142075,77400,0.0000,1.0
2001-07-11,27.0,27.18,26.47,26.47,6.397484408348898,99600,0.0000,1.0
2001-07-12,26.58,27.7,26.01,26.95,6.513494703626853,55400,0.0000,1.0
2001-07-13,26.45,28.38,26.45,28.37,6.856691827157471,24100,0.0000,1.0
2001-07-16,28.41,28.5,27.2,27.2,6.573916732417455,24400,0.0000,1.0
2001-07-17,27.59,27.59,26.6,26.75,6.4651570805943726,12600,0.0000,1.0
2001-07-18,26.6,27.49,26.6,27.05,6.537663515143095,7700,0.0000,1.0
2001-07-19,27.5,27.51,26.97,26.97,6.518328465930101,14100,0.0000,1.0
2001-07-20,26.6,27.4,24.5,25.15,6.078456096334522,19000,0.0000,1.0
2001-07-23,25.26,25.96,23.1,23.35,5.643417489042191,85800,0.0000,1.0
2001-07-24,23.0,23.0,18.46,18.93,4.5751560200243535,212900,0.0000,1.0
2001-07-25,18.18,19.48,18.18,19.0,4.592074188085722,100900,0.0000,1.0
2001-07-26,19.25,20.75,18.98,20.08,4.853097352461121,127500,0.0000,1.0
2001-07-27,19.51,20.25,19.15,19.32,4.669414384937692,20200,0.0000,1.0
2001-07-30,19.05,19.4,18.84,18.85,4.555820970811362,127400,0.0000,1.0
2001-07-31,18.71,20.85,18.71,20.85,5.039197201136175,71900,0.0000,1.0
2001-08-01,20.0,21.75,19.99,20.86,5.041614082287798,32600,0.0000,1.0
2001-08-02,20.7,22.18,20.7,21.35,5.160041258717378,795400,0.0000,1.0
2001-08-03,21.9,24.87,20.86,24.2,5.848852386930235,30400,0.0000,1.0
2001-08-06,23.4,24.34,23.4,23.87,5.769095308926642,22300,0.0000,1.0
2001-08-07,23.73,24.47,23.58,24.4,5.897190009962717,5000,0.0000,1.0
2001-08-08,24.5,24.87,23.74,24.87,6.010783424089048,12000,0.0000,1.0
2001-08-09,24.99,24.99,23.59,24.79,5.991448374876056,15000,0.0000,1.0
2001-08-10,23.59,24.83,23.59,24.78,5.989031493724432,7400,0.0000,1.0
2001-08-13,25.0,25.12,24.09,24.7,5.969696444511439,42800,0.0000,1.0
2001-08-14,24.34,24.78,24.21,24.35,5.885105604204597,12900,0.0000,1.0
2001-08-15,24.8,26.0,24.8,25.15,6.078456096334522,7500,0.0000,1.0
2001-08-16,25.28,26.0,24.37,25.34,6.12437683821538,8500,0.0000,1.0
2001-08-17,25.39,25.8,24.95,24.95,6.030118473302041,4600,0.0000,1.0
2001-08-20,25.06,25.21,24.8,25.05,6.054287284818281,114200,0.0000,1.0
2001-08-21,25.65,27.12,23.25,24.2,5.848852386930235,64500,0.0000,1.0
2001-08-22,24.9,25.25,24.26,25.25,6.102624907850763,5800,0.0000,1.0
2001-08-23,24.01,26.0,24.01,26.0,6.283890994222568,58400,0.0000,1.0
2001-08-24,25.4,25.95,25.2,25.39,6.1364612439735,65500,0.0000,1.0
2001-08-27,25.84,28.4,25.6,28.4,6.863942470612343,123300,0.0000,1.0
2001-08-28,28.4,28.4,27.31,28.12,6.796269798366869,132200,0.0000,1.0
2001-08-29,28.3,28.5,28.21,28.27,6.83252301564123,13200,0.0000,1.0
2001-08-30,28.5,28.5,27.71,28.01,6.769684105699005,16000,0.0000,1.0
2001-08-31,27.99,28.13,25.55,26.89,6.498993416717109,24600,0.0000,1.0
2001-09-04,25.58,27.5,25.55,26.0,6.283890994222568,25300,0.0000,1.0
2001-09-05,26.49,27.2,26.49,27.1,6.549747920901215,64600,0.0000,1.0
2001-09-06,26.91,26.99,24.55,25.3,6.114709313608883,16600,0.0000,1.0
2001-09-07,25.3,26.0,25.22,25.46,6.153379412034869,5500,0.0000,1.0
2001-09-10,25.79,25.79,25.01,25.4,6.138878125125124,8400,0.0000,1.0
2001-09-17,23.75,26.13,23.37,25.85,6.247637776948207,7800,0.0000,1.0
2001-09-18,25.79,25.79,23.51,24.1,5.824683575413996,345500,0.0000,1.0
2001-09-19,24.97,24.97,22.1,22.22,5.370309918908671,8500,0.0000,1.0
2001-09-20,23.01,23.01,21.9,22.0,5.317138533572942,172900,0.0000,1.0
2001-09-21,22.0,22.0,21.0,21.31,5.150373734110881,8400,0.0000,1.0
2001-09-24,21.31,22.44,21.3,21.5,5.196294475991738,44200,0.0000,1.0
2001-09-25,21.64,22.11,20.95,21.67,5.237381455569348,29300,0.0000,1.0
2001-09-26,22.33,22.33,18.81,18.81,4.5461534462048645,17600,0.0000,1.0
2001-09-27,19.94,20.42,17.88,17.88,4.321383499103827,49900,0.0000,1.0
2001-09-28,17.87,22.65,17.87,22.65,5.474235808428506,54100,0.0000,1.0
2001-10-01,22.6,25.0,22.57,24.5,5.921358821478958,19900,0.0000,1.0
2001-10-02,24.15,24.95,24.02,24.12,5.829517337717244,195100,0.0000,1.0
2001-10-03,24.64,24.64,23.86,23.9,5.776345952381513,199100,0.0000,1.0
2001-10-04,25.07,25.07,23.75,23.8,5.752177140865274,28700,0.0000,1.0
2001-10-05,23.75,23.75,21.0,21.0,5.075450418410536,18900,0.0000,1.0
2001-10-08,21.88,21.88,17.68,17.75,4.289964044132715,55700,0.0000,1.0
2001-10-09,18.0,19.49,17.06,19.0,4.592074188085722,18300,0.0000,1.0
2001-10-10,19.12,21.51,18.9,21.0,5.075450418410536,57300,0.0000,1.0
2001-10-11,20.7,22.48,20.7,22.4,5.413813779637904,9100,0.0000,1.0
2001-10-12,21.7,22.46,21.65,22.4,5.413813779637904,28000,0.0000,1.0
2001-10-15,22.5,22.5,22.12,22.41,5.4162306607895285,27200,0.0000,1.0
2001-10-16,22.52,23.02,22.16,23.02,5.5636604110385965,16500,0.0000,1.0
2001-10-17,23.89,24.0,22.08,22.81,5.512905906854491,31000,0.0000,1.0
2001-10-18,22.08,23.21,21.61,21.61,5.222880168659603,24400,0.0000,1.0
2001-10-19,21.6,21.74,20.5,21.74,5.254299623630716,40000,0.0000,1.0
2001-10-22,21.7,22.01,21.7,22.01,5.319555414724566,900,0.0000,1.0
2001-10-23,21.28,22.16,21.0,21.01,5.077867299562159,24100,0.0000,1.0
2001-10-24,21.01,21.6,21.01,21.6,5.22046328750798,3700,0.0000,1.0
2001-10-25,21.01,21.24,20.94,20.94,5.0609491315007915,63600,0.0000,1.0
2001-10-26,21.0,22.69,21.0,21.41,5.174542545627122,69900,0.0000,1.0
2001-10-29,22.05,23.25,21.4,23.12,5.587829222554837,43900,0.0000,1.0
2001-10-30,23.3,23.3,22.01,22.63,5.469402046125258,62500,0.0000,1.0
2001-10-31,23.37,23.37,20.9,21.19,5.1213711602913925,20100,0.0000,1.0
2001-11-01,21.14,21.14,20.48,20.48,4.949772598526084,3200,0.0000,1.0
2001-11-02,20.23,21.0,19.73,19.73,4.768506512154279,22100,0.0000,1.0
2001-11-05,19.51,20.8,19.23,20.24,4.891767450887106,14400,0.0000,1.0
2001-11-06,20.32,21.66,20.32,21.15,5.111703635684896,95800,0.0000,1.0
2001-11-07,21.04,23.62,21.04,22.77,5.503238382247995,33300,0.0000,1.0
2001-11-08,23.35,23.82,23.3,23.82,5.7570109031685215,27300,0.0000,1.0
2001-11-09,23.36,23.78,22.93,23.66,5.718340804742536,63500,0.0000,1.0
2001-11-12,23.12,24.92,23.12,24.07,5.817432931959123,45100,0.0000,1.0
2001-11-13,24.07,25.27,23.81,24.75,5.981780850269559,72500,0.0000,1.0
2001-11-14,25.35,26.09,24.64,25.19,6.088123620941019,22800,0.0000,1.0
2001-11-15,25.5,25.5,24.61,24.89,6.015617186392297,10100,0.0000,1.0
2001-11-16,24.75,24.75,23.0,23.45,5.667586300558431,19900,0.0000,1.0
2001-11-19,23.94,23.94,23.18,23.75,5.740092735107153,13000,0.0000,1.0
2001-11-20,23.75,23.75,23.75,23.75,5.740092735107153,800,0.0000,1.0
2001-11-21,23.93,23.93,23.35,23.55,5.691755112074672,24300,0.0000,1.0
2001-11-23,24.5,24.5,22.96,24.5,5.921358821478958,2100,0.0000,1.0
2001-11-26,24.72,24.74,24.04,24.74,5.979363969117935,37700,0.0000,1.0
2001-11-27,24.42,24.5,24.2,24.34,5.882688723052973,69400,0.0000,1.0
2001-11-28,24.4,24.4,21.5,21.9,5.292969722056701,86200,0.0000,1.0
2001-11-29,21.74,23.25,20.89,21.01,5.077867299562159,19900,0.0000,1.0
2001-11-30,21.58,21.65,20.0,20.41,4.932854430464715,95800,0.0000,1.0
2001-12-03,20.9,20.9,20.17,20.65,4.990859578103692,21500,0.0000,1.0
2001-12-04,20.53,21.8,20.53,21.33,5.155207496414129,29900,0.0000,1.0
2001-12-05,21.95,22.03,20.32,21.1,5.099619229926776,87700,0.0000,1.0
2001-12-06,21.1,21.1,20.36,20.6,4.978775172345573,57900,0.0000,1.0
2001-12-07,20.99,21.92,20.79,21.5,5.196294475991738,122400,0.0000,1.0
2001-12-10,21.5,21.92,21.22,21.5,5.196294475991738,31900,0.0000,1.0
2001-12-11,21.48,21.49,20.77,20.77,5.019862151923181,82700,0.0000,1.0
2001-12-12,20.76,20.98,16.61,19.07,4.608992356147091,336900,0.0000,1.0
2001-12-13,19.0,19.19,18.8,19.05,4.6041585938438425,65300,0.0000,1.0
2001-12-14,19.0,19.1,18.5,18.82,4.548570327356489,51700,0.0000,1.0
2001-12-17,19.2,19.45,19.01,19.24,4.6500793357246994,68000,0.0000,1.0
2001-12-18,19.02,19.26,19.02,19.07,4.608992356147091,24100,0.0000,1.0
2001-12-19,19.12,19.3,18.33,18.68,4.5147339912337525,12700,0.0000,1.0
2001-12-20,18.01,19.0,18.0,18.08,4.369721122136308,30600,0.0000,1.0
2001-12-21,18.99,18.99,17.55,18.28,4.41805874516879,46700,0.0000,1.0
2001-12-24,18.3,18.95,18.12,18.21,4.401140577107421,2200,0.0000,1.0
2001-12-26,18.99,19.3,18.68,19.23,4.647662454573076,10900,0.0000,1.0
2001-12-27,19.18,19.23,18.01,18.95,4.579989782327602,46100,0.0000,1.0
2001-12-28,19.0,19.15,18.62,18.81,4.5461534462048645,24100,0.0000,1.0
2001-12-31,19.12,19.62,18.63,18.77,4.536485921598369,78100,0.0000,1.0
2002-01-02,19.15,19.19,18.7,19.1,4.616242999601964,10800,0.0000,1.0
2002-01-03,19.95,19.95,18.92,19.25,4.652496216876324,95700,0.0000,1.0
2002-01-04,19.89,19.89,19.0,19.14,4.625910524208459,21100,0.0000,1.0
2002-01-07,19.15,19.15,18.55,18.61,4.497815823172384,16500,0.0000,1.0
2002-01-08,18.6,19.0,18.51,18.79,4.541319683901617,32100,0.0000,1.0
2002-01-09,19.0,19.46,19.0,19.0,4.592074188085722,96500,0.0000,1.0
2002-01-10,19.15,19.46,19.0,19.2,4.640411811118203,23400,0.0000,1.0
2002-01-11,19.01,19.58,19.01,19.41,4.6911663153023095,84600,0.0000,1.0
2002-01-14,19.0,19.55,19.0,19.49,4.710501364515301,73100,0.0000,1.0
2002-01-15,19.15,19.6,19.15,19.3,4.664580622634444,32400,0.0000,1.0
2002-01-16,19.05,19.11,18.7,19.1,4.616242999601964,44800,0.0000,1.0
2002-01-17,19.0,19.0,18.75,18.75,4.53165215929512,247300,0.0000,1.0
2002-01-18,18.65,18.85,18.6,18.62,4.5002327043240085,306700,0.0000,1.0
2002-01-22,18.75,18.79,18.6,18.75,4.53165215929512,112000,0.0000,1.0
2002-01-23,18.65,18.65,18.4,18.64,4.505066466627256,102800,0.0000,1.0
2002-01-24,18.65,18.75,18.6,18.7,4.519567753537,64700,0.0000,1.0
2002-01-25,18.69,18.69,18.42,18.42,4.451895081291527,4200,0.0000,1.0
2002-01-28,18.43,18.63,18.31,18.54,4.480897655111015,11000,0.0000,1.0
2002-01-29,18.31,18.8,18.15,18.37,4.439810675533407,31600,0.0000,1.0
2002-01-30,18.2,18.8,18.2,18.8,4.5437365650532415,91100,0.0000,1.0
2002-01-31,18.89,19.38,18.8,19.22,4.645245573421452,577600,0.0000,1.0
2002-02-01,19.75,19.75,18.9,18.92,4.5727391388727305,47600,0.0000,1.0
2002-02-04,19.15,19.46,19.14,19.33,4.671831266089316,19600,0.0000,1.0
2002-02-05,19.33,19.33,18.84,18.89,4.565488495417858,16300,0.0000,1.0
2002-02-06,18.9,19.07,18.9,18.9,4.567905376569481,17000,0.0000,1.0
2002-02-07,19.05,19.23,18.91,18.91,4.570322257721106,30100,0.0000,1.0
2002-02-08,18.9,19.82,18.9,19.82,4.790258442518896,20700,0.0000,1.0
2002-02-11,19.75,19.81,19.75,19.81,4.787841561367271,11200,0.0000,1.0
2002-02-12,19.8,20.0,19.73,19.75,4.773340274457527,144000,0.0000,1.0
2002-02-13,19.75,19.92,19.75,19.92,4.814427254035137,500,0.0000,1.0
2002-02-14,19.75,19.85,19.75,19.77,4.778174036760776,183400,0.0000,1.0
2002-02-15,19.88,20.71,19.88,20.52,4.95944012313258,11800,0.0000,1.0
2002-02-19,20.37,21.99,19.99,20.39,4.9280206681614676,34700,0.0000,1.0
2002-02-20,20.5,20.5,20.15,20.34,4.915936262403347,24300,0.0000,1.0
2002-02-21,20.15,20.31,19.7,19.85,4.797509085973768,19400,0.0000,1.0
2002-02-22,19.86,19.87,19.2,19.49,4.710501364515301,559400,0.0000,1.0
2002-02-25,19.26,19.62,18.85,19.02,4.59690795038897,84900,0.0000,1.0
2002-02-26,19.19,19.99,19.01,19.38,4.683915671847437,70400,0.0000,1.0
2002-02-27,19.2,19.89,19.2,19.89,4.807176610580265,341700,0.0000,1.0
2002-02-28,20.0,20.65,19.99,20.53,4.961857004284204,16900,0.0000,1.0
2002-03-01,20.62,20.69,20.08,20.51,4.957023241980957,8700,0.0000,1.0
2002-03-04,20.45,20.45,19.05,19.06,4.606575474995466,18600,0.0000,1.0
2002-03-05,19.25,19.93,19.1,19.5,4.712918245666926,55800,0.0000,1.0
2002-03-06,19.5,20.49,19.49,20.1,4.85793111476437,65000,0.0000,1.0
2002-03-07,20.23,20.97,20.01,20.12,4.862764877067618,14900,0.0000,1.0
2002-03-08,19.88,20.41,19.6,19.65,4.749171462941287,28300,0.0000,1.0
2002-03-11,19.83,20.08,19.52,19.82,4.790258442518896,15700,0.0000,1.0
2002-03-12,20.0,20.19,19.5,19.88,4.80475972942864,64700,0.0000,1.0
2002-03-13,19.88,20.37,19.8,20.37,4.92318690585822,14800,0.0000,1.0
2002-03-14,21.0,21.0,20.4,20.97,5.068199774955663,65800,0.0000,1.0
2002-03-15,20.75,21.23,20.74,21.09,5.097202348775152,70400,0.0000,1.0
2002-03-18,21.22,21.33,20.82,21.33,5.155207496414129,66700,0.0000,1.0
2002-03-19,21.33,23.48,21.08,22.22,5.370309918908671,47900,0.0000,1.0
2002-03-20,22.22,22.22,21.35,21.92,5.2978034843599495,53300,0.0000,1.0
2002-03-21,21.9,22.71,21.14,21.93,5.300220365511573,36400,0.0000,1.0
2002-03-22,21.73,22.12,21.3,21.94,5.302637246663197,19100,0.0000,1.0
2002-03-25,21.97,22.14,21.76,21.76,5.259133385933964,12800,0.0000,1.0
2002-03-26,22.13,22.14,21.75,22.05,5.329222939331062,51300,0.0000,1.0
2002-03-27,21.9,22.25,21.89,22.1,5.341307345089183,44000,0.0000,1.0
2002-03-28,22.21,22.21,21.81,22.21,5.367893037757048,30800,0.0000,1.0
2002-04-01,22.2,22.21,21.95,22.01,5.319555414724566,18200,0.0000,1.0
2002-04-02,22.2,22.21,22.0,22.21,5.367893037757048,19100,0.0000,1.0
2002-04-03,22.19,22.21,21.56,21.56,5.2107957629014825,19100,0.0000,1.0
2002-04-04,20.34,22.28,20.33,22.03,5.324389177027815,29000,0.0000,1.0
2002-04-05,22.05,22.05,21.8,21.83,5.276051553995332,14400,0.0000,1.0
2002-04-08,21.79,22.08,21.7,21.75,5.25671650478234,35500,0.0000,1.0
2002-04-09,22.1,22.1,21.76,21.98,5.312304771269694,17100,0.0000,1.0
2002-04-10,21.99,21.99,21.7,21.92,5.2978034843599495,25000,0.0000,1.0
2002-04-11,21.75,22.14,21.75,22.13,5.348557988544054,40400,0.0000,1.0
2002-04-12,21.64,22.3,21.64,22.3,5.389644968121664,67600,0.0000,1.0
2002-04-15,22.5,22.5,22.2,22.35,5.4017293738797845,53300,0.0000,1.0
2002-04-16,22.47,23.0,22.47,22.99,5.556409767583724,15900,0.0000,1.0
2002-04-17,23.01,23.45,22.97,23.45,5.667586300558431,28000,0.0000,1.0
2002-04-18,23.47,23.74,23.15,23.7,5.7280083293490325,18000,0.0000,1.0
2002-04-19,23.6,24.21,23.55,24.0,5.8005147638977546,20600,0.0000,1.0
2002-04-22,24.21,24.22,23.7,23.91,5.778762833533138,9100,0.0000,1.0
2002-04-23,24.0,24.24,23.91,24.0,5.8005147638977546,12100,0.0000,1.0
2002-04-24,24.13,24.49,24.0,24.0,5.8005147638977546,18500,0.0000,1.0
2002-04-25,23.76,23.76,22.98,23.65,5.715923923590912,10900,0.0000,1.0
2002-04-26,23.35,23.49,23.0,23.0,5.558826648735348,48200,0.0000,1.0
2002-04-29,23.49,23.49,22.5,23.0,5.558826648735348,20800,0.0000,1.0
2002-04-30,23.25,23.65,23.0,23.5,5.679670706316552,19100,0.0000,1.0
2002-05-01,23.6,25.25,23.16,24.79,5.991448374876056,52300,0.0000,1.0
2002-05-02,24.49,25.5,23.65,24.49,5.918941940327334,30300,0.0000,1.0
2002-05-03,25.2,25.2,24.8,25.04,6.0518704036666575,8500,0.0000,1.0
2002-05-06,25.49,25.74,24.56,24.58,5.94069387069195,26600,0.0000,1.0
2002-05-07,24.3,25.8,23.8,24.03,5.807765407352627,8600,0.0000,1.0
2002-05-08,23.81,25.13,23.81,24.5,5.921358821478958,16700,0.0000,1.0
2002-05-09,24.42,25.4,24.4,24.4,5.897190009962717,6200,0.0000,1.0
2002-05-10,24.99,24.99,24.0,24.25,5.860936792688356,25900,0.0000,1.0
2002-05-13,24.0,24.0,23.5,23.54,5.689338230923047,9200,0.0000,1.0
2002-05-14,23.5,23.72,23.29,23.56,5.694171993226296,16200,0.0000,1.0
2002-05-15,23.43,23.8,23.39,23.78,5.747343378562025,21200,0.0000,1.0
2002-05-16,23.83,24.94,23.64,24.5,5.921358821478958,22900,0.0000,1.0
2002-05-17,24.51,24.65,23.87,23.88,5.7715121900782655,9100,0.0000,1.0
2002-05-20,23.75,24.0,23.39,23.4,5.65550189480031,10000,0.0000,1.0
2002-05-21,23.95,24.38,23.55,24.38,5.892356247659468,65900,0.0000,1.0
2002-05-22,24.3,24.75,23.05,23.71,5.730425210500657,122500,0.0000,1.0
2002-05-23,23.97,23.97,23.21,23.55,5.691755112074672,36300,0.0000,1.0
2002-05-24,23.27,23.75,23.14,23.37,5.648251251345439,13400,0.0000,1.0
2002-05-28,23.36,23.36,21.0,21.25,5.135872447201137,65600,0.0000,1.0
2002-05-29,21.51,21.51,20.55,21.0,5.075450418410536,57800,0.0000,1.0
2002-05-30,20.51,21.15,20.5,21.0,5.075450418410536,116700,0.0000,1.0
2002-05-31,21.1,21.61,21.0,21.21,5.126204922594641,25400,0.0000,1.0
2002-06-03,21.3,21.75,20.51,21.32,5.152790615262505,33200,0.0000,1.0
2002-06-04,21.75,21.75,21.0,21.47,5.189043832536866,9600,0.0000,1.0
2002-06-05,21.65,21.65,21.01,21.21,5.126204922594641,58400,0.0000,1.0
2002-06-06,21.05,21.65,21.05,21.05,5.087534824168656,88100,0.0000,1.0
2002-06-07,21.05,21.42,20.4,21.12,5.104452992230025,28000,0.0000,1.0
2002-06-10,21.92,21.92,20.89,21.83,5.276051553995332,9400,0.0000,1.0
2002-06-11,20.89,21.99,20.89,21.39,5.169708783323874,34100,0.0000,1.0
2002-06-12,21.8,21.81,21.38,21.48,5.191460713688491,26600,0.0000,1.0
2002-06-13,21.39,21.59,21.38,21.4,5.172125664475497,24100,0.0000,1.0
2002-06-14,21.39,21.84,21.15,21.44,5.181793189081994,13100,0.0000,1.0
2002-06-17,21.6,22.15,21.6,22.15,5.353391750847303,17200,0.0000,1.0
2002-06-18,21.62,22.44,21.62,21.78,5.263967148237213,16200,0.0000,1.0
2002-06-19,21.85,22.48,21.85,22.48,5.433148828850897,46500,0.0000,1.0
2002-06-20,22.5,22.5,22.06,22.15,5.353391750847303,9900,0.0000,1.0
2002-06-21,21.75,22.75,21.73,22.75,5.498404619944747,21400,0.0000,1.0
2002-06-24,22.65,24.13,22.5,23.45,5.667586300558431,15200,0.0000,1.0
2002-06-25,23.25,24.81,23.25,23.46,5.670003181710055,50600,0.0000,1.0
2002-06-26,23.25,23.91,23.06,23.87,5.769095308926642,19000,0.0000,1.0
2002-06-27,23.28,24.6,23.28,23.95,5.788430358139634,20600,0.0000,1.0
2002-06-28,24.5,24.54,23.11,24.25,5.860936792688356,60900,0.0000,1.0
2002-07-01,23.01,23.48,21.78,23.13,5.590246103706461,29800,0.0000,1.0
2002-07-02,23.0,23.0,22.55,22.69,5.483903333035003,23000,0.0000,1.0
2002-07-03,23.49,23.49,22.54,22.97,5.5515760052804755,3900,0.0000,1.0
2002-07-05,23.0,23.0,22.5,22.5,5.437982591154145,9200,0.0000,1.0
2002-07-08,22.69,22.7,22.15,22.27,5.382394324666792,29600,0.0000,1.0
2002-07-09,22.16,22.27,21.77,21.78,5.263967148237213,24900,0.0000,1.0
2002-07-10,21.77,22.3,21.0,21.1,5.099619229926776,22500,0.0000,1.0
2002-07-11,21.1,21.1,19.5,19.99,4.831345422096504,26900,0.0000,1.0
2002-07-12,19.02,20.33,18.0,18.81,4.5461534462048645,351900,0.0000,1.0
2002-07-15,18.72,18.87,17.0,17.72,4.282713400677842,40400,0.0000,1.0
2002-07-16,17.73,19.01,17.73,19.01,4.594491069237347,10300,0.0000,1.0
2002-07-17,19.1,19.7,18.52,19.62,4.741920819486415,40200,0.0000,1.0
2002-07-18,20.0,20.0,19.58,19.59,4.734670176031543,25700,0.0000,1.0
2002-07-19,19.81,19.93,19.12,19.76,4.775757155609152,7700,0.0000,1.0
2002-07-22,19.47,19.76,18.0,18.45,4.459145724746398,17700,0.0000,1.0
2002-07-23,18.45,18.51,17.99,18.1,4.374554884439557,41800,0.0000,1.0
2002-07-24,18.0,19.9,17.9,19.0,4.592074188085722,22200,0.0000,1.0
2002-07-25,19.2,19.6,19.01,19.08,4.611409237298714,23400,0.0000,1.0
2002-07-26,19.42,19.5,18.93,18.99,4.589657306934098,7300,0.0000,1.0
2002-07-29,19.27,19.49,18.8,19.2,4.640411811118203,6700,0.0000,1.0
2002-07-30,19.27,19.46,19.1,19.37,4.681498790695813,3800,0.0000,1.0
2002-07-31,19.02,19.3,18.75,18.89,4.565488495417858,17400,0.0000,1.0
2002-08-01,18.9,19.49,17.75,18.74,4.529235278143497,14100,0.0000,1.0
2002-08-02,18.49,18.65,17.63,18.65,4.50748334777888,24300,0.0000,1.0
2002-08-05,18.34,18.49,17.01,17.35,4.193288798067752,20600,0.0000,1.0
2002-08-06,17.24,17.28,16.75,16.95,4.096613552002789,15000,0.0000,1.0
2002-08-07,16.94,17.14,16.4,16.5,3.987853900179706,17000,0.0000,1.0
2002-08-08,17.04,18.15,17.04,18.15,4.386639290197676,9500,0.0000,1.0
2002-08-09,18.3,18.3,17.84,17.84,4.311715974497331,9700,0.0000,1.0
2002-08-12,17.92,18.73,17.92,18.71,4.521984634688625,7700,0.0000,1.0
2002-08-13,18.75,19.0,17.76,18.15,4.386639290197676,14800,0.0000,1.0
2002-08-14,18.08,19.05,17.81,19.05,4.6041585938438425,10200,0.0000,1.0
2002-08-15,19.05,19.17,19.04,19.04,4.601741712692219,4100,0.0000,1.0
2002-08-16,19.07,19.1,17.1,17.11,4.135283650428774,58700,0.0000,1.0
2002-08-19,17.61,17.88,16.85,17.32,4.18603815461288,14700,0.0000,1.0
2002-08-20,17.81,18.61,17.75,17.76,4.292380925284339,45700,0.0000,1.0
2002-08-21,18.43,19.35,18.04,19.05,4.6041585938438425,85000,0.0000,1.0
2002-08-22,19.35,19.4,18.95,19.3,4.664580622634444,30700,0.0000,1.0
2002-08-23,19.3,19.3,18.83,19.0,4.592074188085722,9600,0.0000,1.0
2002-08-26,19.01,19.24,18.95,19.15,4.628327405360083,13400,0.0000,1.0
2002-08-27,19.15,19.3,18.64,18.64,4.505066466627256,4900,0.0000,1.0
2002-08-28,18.96,18.96,18.1,18.12,4.379388646742805,19500,0.0000,1.0
2002-08-29,18.48,18.53,17.88,18.53,4.478480773959392,10200,0.0000,1.0
2002-08-30,18.07,18.4,17.65,17.66,4.268212113768098,16100,0.0000,1.0
2002-09-03,17.61,18.15,17.57,18.12,4.379388646742805,27500,0.0000,1.0
2002-09-04,18.37,18.37,17.97,18.16,4.389056171349301,15500,0.0000,1.0
2002-09-05,18.5,18.5,17.97,17.97,4.343135429468443,3900,0.0000,1.0
2002-09-06,17.95,17.97,17.41,17.59,4.251293945706729,55600,0.0000,1.0
2002-09-09,17.53,17.84,17.3,17.84,4.311715974497331,6700,0.0000,1.0
2002-09-10,17.85,18.73,17.85,18.72,4.524401515840248,7400,0.0000,1.0
2002-09-11,18.04,18.93,18.04,18.93,4.5751560200243535,2500,0.0000,1.0
2002-09-12,18.61,19.0,17.99,19.0,4.592074188085722,7300,0.0000,1.0
2002-09-13,18.72,19.0,18.19,19.0,4.592074188085722,7400,0.0000,1.0
2002-09-16,19.1,19.2,19.0,19.2,4.640411811118203,7000,0.0000,1.0
2002-09-17,19.15,19.2,18.85,18.96,4.582406663479226,9300,0.0000,1.0
2002-09-18,18.92,19.1,18.6,19.08,4.611409237298714,15500,0.0000,1.0
2002-09-19,18.79,19.06,18.28,18.86,4.558237851962986,13500,0.0000,1.0
2002-09-20,19.12,19.37,18.57,19.0,4.592074188085722,25700,0.0000,1.0
2002-09-23,19.2,19.2,18.51,18.51,4.473647011656143,1800,0.0000,1.0
2002-09-24,18.64,19.05,18.6,18.72,4.524401515840248,8300,0.0000,1.0
2002-09-25,18.82,19.0,18.73,19.0,4.592074188085722,14400,0.0000,1.0
2002-09-26,19.05,19.05,19.0,19.01,4.594491069237347,5200,0.0000,1.0
2002-09-27,18.93,19.15,18.7,18.7,4.519567753537,27800,0.0000,1.0
2002-09-30,18.85,18.99,18.63,18.8,4.5437365650532415,23300,0.0000,1.0
2002-10-01,18.7,18.7,18.12,18.6,4.49539894202076,10400,0.0000,1.0
2002-10-02,18.4,18.4,17.92,18.01,4.3528029540749404,25200,0.0000,1.0
2002-10-03,17.92,18.37,17.62,17.75,4.289964044132715,20100,0.0000,1.0
2002-10-04,17.6,18.1,17.09,17.33,4.188455035764504,29800,0.0000,1.0
2002-10-07,17.01,17.05,16.19,16.2,3.915347465630984,35600,0.0000,1.0
2002-10-08,16.49,16.6,16.04,16.23,3.9225981090858566,11600,0.0000,1.0
2002-10-09,16.1,16.5,16.0,16.0,3.867009842598503,8300,0.0000,1.0
2002-10-10,16.0,16.48,14.75,14.84,3.586651629010112,68000,0.0000,1.0
2002-10-11,14.84,16.3,14.84,15.25,3.685743756226698,112500,0.0000,1.0
2002-10-14,15.91,16.3,15.9,16.15,3.903263059872864,32100,0.0000,1.0
2002-10-15,15.97,16.39,15.97,16.25,3.9274318713891048,204500,0.0000,1.0
2002-10-16,16.29,16.39,15.7,15.7,3.794503408049781,13200,0.0000,1.0
2002-10-17,16.31,16.31,16.0,16.25,3.9274318713891048,72700,0.0000,1.0
2002-10-18,16.4,16.69,16.1,16.27,3.932265633692353,8600,0.0000,1.0
2002-10-21,16.49,16.81,15.98,15.98,3.862176080295255,142600,0.0000,1.0
2002-10-22,15.95,16.12,15.95,15.95,3.8549254368403827,22000,0.0000,1.0
2002-10-23,16.1,16.1,16.0,16.05,3.8790942483566235,13000,0.0000,1.0
2002-10-24,16.1,16.35,15.7,16.05,3.8790942483566235,23100,0.0000,1.0
2002-10-25,16.39,16.7,15.89,16.05,3.8790942483566235,81000,0.0000,1.0
2002-10-28,16.51,16.51,15.53,16.01,3.8694267237501276,34600,0.0000,1.0
2002-10-29,15.46,16.14,15.3,15.61,3.7727514776851643,8600,0.0000,1.0
2002-10-30,15.75,16.28,15.75,16.05,3.8790942483566235,24500,0.0000,1.0
2002-10-31,16.37,16.37,15.7,15.71,3.7969202892014056,7500,0.0000,1.0
2002-11-01,15.55,16.12,15.55,16.05,3.8790942483566235,64100,0.0000,1.0
2002-11-04,16.36,16.5,16.0,16.05,3.8790942483566235,90900,0.0000,1.0
2002-11-05,16.35,16.75,16.01,16.05,3.8790942483566235,26100,0.0000,1.0
2002-11-06,16.0,16.35,15.75,16.04,3.8766773672049992,67300,0.0000,1.0
2002-11-07,16.42,16.52,15.65,16.11,3.8935955352663676,18700,0.0000,1.0
2002-11-08,16.04,16.24,15.61,15.85,3.830756625324142,4400,0.0000,1.0
2002-11-11,16.05,16.05,14.7,15.05,3.6374061331942174,22600,0.0000,1.0
2002-11-12,15.17,15.61,15.04,15.61,3.7727514776851643,12300,0.0000,1.0
2002-11-13,15.65,16.0,15.65,15.96,3.857342317992007,5100,0.0000,1.0
2002-11-14,16.1,16.1,15.52,16.05,3.8790942483566235,16900,0.0000,1.0
2002-11-15,15.39,16.15,15.07,16.08,3.886344891811495,86300,0.0000,1.0
2002-11-18,15.69,16.47,15.68,16.18,3.9105137033277364,23900,0.0000,1.0
2002-11-19,16.19,16.92,16.11,16.75,4.048275928970308,60400,0.0000,1.0
2002-11-20,16.75,17.85,16.75,17.59,4.251293945706729,41300,0.0000,1.0
2002-11-21,17.33,18.31,17.19,18.14,4.384222409046053,21600,0.0000,1.0
2002-11-22,18.2,20.05,18.15,19.5,4.712918245666926,113400,0.0000,1.0
2002-11-25,20.36,20.73,19.6,20.13,4.865181758219242,38100,0.0000,1.0
2002-11-26,20.5,20.5,19.95,19.95,4.821677897490009,28200,0.0000,1.0
2002-11-27,20.24,20.3,19.73,20.12,4.862764877067618,22600,0.0000,1.0
2002-11-29,19.75,20.0,19.7,19.7,4.761255868699407,3700,0.0000,1.0
2002-12-02,19.24,19.29,17.7,18.45,4.459145724746398,38500,0.0000,1.0
2002-12-03,18.1,18.61,17.82,17.9,4.326217261407075,48400,0.0000,1.0
2002-12-04,17.86,18.38,17.75,18.38,4.44222755668503,12300,0.0000,1.0
2002-12-05,17.88,18.8,17.88,18.48,4.466396368201271,38300,0.0000,1.0
2002-12-06,18.3,19.83,18.26,18.83,4.550987208508113,71500,0.0000,1.0
2002-12-09,19.02,19.02,17.58,18.6,4.49539894202076,64700,0.0000,1.0
2002-12-10,17.91,19.35,17.91,18.85,4.555820970811362,52400,0.0000,1.0
2002-12-11,18.79,19.45,18.76,19.4,4.688749434150685,52500,0.0000,1.0
2002-12-12,19.16,19.16,17.95,17.96,4.34071854831682,10600,0.0000,1.0
2002-12-13,18.19,18.49,17.82,18.05,4.362470478681437,19300,0.0000,1.0
2002-12-16,18.05,18.44,17.8,18.26,4.413224982865542,23500,0.0000,1.0
2002-12-17,18.32,18.82,18.32,18.56,4.4857314174142635,9600,0.0000,1.0
2002-12-18,18.6,18.8,17.63,17.63,4.260961470313226,26900,0.0000,1.0
2002-12-19,17.63,17.76,17.14,17.37,4.198122560371,23100,0.0000,1.0
2002-12-20,17.12,17.24,16.81,16.81,4.062777215880052,24900,0.0000,1.0
2002-12-23,16.8,17.1,16.25,16.4,3.9636850886634654,33100,0.0000,1.0
2002-12-24,16.19,16.87,16.19,16.21,3.917764346782609,7100,0.0000,1.0
2002-12-26,16.49,17.13,16.13,16.14,3.90084617872124,4500,0.0000,1.0
2002-12-27,17.4,17.41,15.74,16.05,3.8790942483566235,24800,0.0000,1.0
2002-12-30,16.0,16.17,15.39,16.17,3.9080968221761125,30100,0.0000,1.0
2002-12-31,16.02,17.17,16.02,17.08,4.128033006973902,50800,0.0000,1.0
2003-01-02,16.9,18.4,16.9,18.3,4.422892507472038,56900,0.0000,1.0
2003-01-03,18.65,19.1,18.6,18.9,4.567905376569481,15400,0.0000,1.0
2003-01-06,19.0,19.28,19.0,19.11,4.618659880753587,8900,0.0000,1.0
2003-01-07,18.76,19.4,18.14,18.96,4.582406663479226,18400,0.0000,1.0
2003-01-08,19.4,19.4,18.0,18.36,4.437393794381782,8800,0.0000,1.0
2003-01-09,18.1,18.97,17.41,18.28,4.41805874516879,12800,0.0000,1.0
2003-01-10,18.0,18.5,17.54,18.34,4.432560032078534,14900,0.0000,1.0
2003-01-13,18.0,19.02,17.89,19.01,4.594491069237347,18600,0.0000,1.0
2003-01-14,18.63,18.83,18.0,18.2,4.398723695955797,12900,0.0000,1.0
2003-01-15,17.66,18.4,17.27,18.4,4.447061318988278,18400,0.0000,1.0
2003-01-16,18.05,18.7,18.04,18.7,4.519567753537,17800,0.0000,1.0
2003-01-17,18.05,18.98,18.05,18.81,4.5461534462048645,27400,0.0000,1.0
2003-01-21,18.52,18.57,18.01,18.33,4.430143150926909,19800,0.0000,1.0
2003-01-22,18.19,18.98,17.98,18.3,4.422892507472038,26900,0.0000,1.0
2003-01-23,18.02,19.02,18.02,18.44,4.456728843594775,67900,0.0000,1.0
2003-01-24,15.4,15.4,14.5,14.67,3.5455646494325026,135100,0.0000,1.0
2003-01-27,14.69,14.69,13.65,13.72,3.3159609400282166,39000,0.0000,1.0
2003-01-28,13.89,14.75,13.89,14.69,3.5503984117357503,95500,0.0000,1.0
2003-01-29,13.89,14.75,13.89,14.69,3.5503984117357503,159900,0.0000,1.0
2003-01-30,14.93,15.17,14.84,14.9,3.6011529159198563,31200,0.0000,1.0
2003-01-31,14.83,15.0,14.53,15.0,3.6253217274360967,12800,0.0000,1.0
2003-02-03,15.09,15.1,14.68,14.78,3.5721503421003673,25000,0.0000,1.0
2003-02-04,14.82,14.99,14.53,14.7,3.5528152928873746,17600,0.0000,1.0
2003-02-05,14.79,15.0,14.45,14.51,3.5068945510065173,11500,0.0000,1.0
2003-02-06,14.44,15.0,14.05,14.36,3.470641333732156,16600,0.0000,1.0
2003-02-07,14.21,14.55,14.05,14.05,3.3957180180318107,11400,0.0000,1.0
2003-02-10,14.01,14.37,14.01,14.11,3.410219304941555,17400,0.0000,1.0
2003-02-11,14.04,14.69,14.0,14.03,3.390884255728562,14300,0.0000,1.0
2003-02-12,14.0,14.02,13.72,13.8,3.3352959892412093,25500,0.0000,1.0
2003-02-13,13.7,13.9,13.51,13.71,3.3135440588765928,26800,0.0000,1.0
2003-02-14,13.87,13.96,13.8,13.85,3.347380394999329,6100,0.0000,1.0
2003-02-18,13.94,14.77,13.51,14.68,3.5479815305841265,34500,0.0000,1.0
2003-02-19,14.74,14.79,14.6,14.61,3.531063362522758,10000,0.0000,1.0
2003-02-20,14.72,15.0,14.0,14.5,3.5044776698548934,38000,0.0000,1.0
2003-02-21,14.49,14.88,14.33,14.75,3.564899698645495,22500,0.0000,1.0
2003-02-24,14.14,14.7,13.81,14.04,3.3933011368801864,33800,0.0000,1.0
2003-02-25,13.76,14.25,13.7,13.93,3.3667154442123217,19200,0.0000,1.0
2003-02-26,14.0,14.3,13.7,14.29,3.453723165670788,18400,0.0000,1.0
2003-02-27,14.29,15.0,14.29,14.52,3.5093114321581416,20200,0.0000,1.0
2003-02-28,14.52,14.71,14.01,14.11,3.410219304941555,10200,0.0000,1.0
2003-03-03,14.24,14.57,13.89,14.5,3.5044776698548934,20300,0.0000,1.0
2003-03-04,14.01,14.72,14.01,14.6,3.528646481371134,18100,0.0000,1.0
2003-03-05,14.74,14.74,14.01,14.02,3.3884673745769383,13500,0.0000,1.0
2003-03-06,14.0,14.0,13.74,13.75,3.3232115834830886,7600,0.0000,1.0
2003-03-07,13.72,14.02,13.64,14.0,3.38363361227369,11100,0.0000,1.0
2003-03-10,13.85,14.11,13.81,13.99,3.381216731122066,18400,0.0000,1.0
2003-03-11,14.15,14.7,14.11,14.3,3.456140046822412,18000,0.0000,1.0
2003-03-12,14.2,14.39,13.81,14.19,3.4295543541545475,10500,0.0000,1.0
2003-03-13,14.28,14.65,14.06,14.41,3.482725739490277,5200,0.0000,1.0
2003-03-14,14.54,14.81,14.54,14.63,3.5358971248260063,2300,0.0000,1.0
2003-03-17,14.79,15.23,14.53,14.7,3.5528152928873746,16400,0.0000,1.0
2003-03-18,14.51,15.05,14.51,14.88,3.596319153616608,16400,0.0000,1.0
2003-03-19,14.8,14.8,13.7,14.02,3.3884673745769383,13800,0.0000,1.0
2003-03-20,14.01,14.4,13.5,14.08,3.4029686614866828,25300,0.0000,1.0
2003-03-21,14.15,14.42,13.7,14.34,3.4658075714289085,31200,0.0000,1.0
2003-03-24,14.2,14.3,13.95,14.06,3.3981348991834346,4800,0.0000,1.0
2003-03-25,13.97,14.63,13.75,14.42,3.4851426206419007,7800,0.0000,1.0
2003-03-26,14.01,14.64,13.7,13.92,3.364298563060698,8800,0.0000,1.0
2003-03-27,13.7,13.79,13.7,13.7,3.311127177724968,9700,0.0000,1.0
2003-03-28,13.7,13.7,13.5,13.7,3.311127177724968,11700,0.0000,1.0
2003-03-31,13.7,13.98,13.7,13.74,3.320794702331465,20900,0.0000,1.0
2003-04-01,13.79,14.14,13.79,14.0,3.38363361227369,15500,0.0000,1.0
2003-04-02,14.19,14.2,14.02,14.05,3.3957180180318107,27200,0.0000,1.0
2003-04-03,14.12,14.13,13.99,14.03,3.390884255728562,58000,0.0000,1.0
2003-04-04,14.0,14.05,13.9,13.95,3.37154920651557,51500,0.0000,1.0
2003-04-07,14.05,14.2,13.86,13.89,3.357047919605826,5600,0.0000,1.0
2003-04-08,13.99,13.99,13.4,13.41,3.2410376243278702,10100,0.0000,1.0
2003-04-09,13.4,13.55,13.13,13.54,3.272457079298983,78800,0.0000,1.0
2003-04-10,13.5,13.54,13.36,13.52,3.267623316995735,77400,0.0000,1.0
2003-04-11,13.4,13.82,13.36,13.76,3.3256284646347125,9700,0.0000,1.0
2003-04-14,13.86,13.99,13.83,13.99,3.381216731122066,3400,0.0000,1.0
2003-04-15,13.91,14.04,13.71,14.04,3.3933011368801864,2100,0.0000,1.0
2003-04-16,13.88,14.07,13.63,14.04,3.3933011368801864,6500,0.0000,1.0
2003-04-17,14.14,14.19,13.55,14.05,3.3957180180318107,49300,0.0000,1.0
2003-04-21,14.051,14.13,13.79,14.13,3.4150530672448034,5400,0.0000,1.0
2003-04-22,13.77,14.3,13.77,14.18,3.427137473002923,16400,0.0000,1.0
2003-04-23,14.27,14.5,14.02,14.26,3.446472522215916,9900,0.0000,1.0
2003-04-24,14.39,14.49,14.04,14.24,3.4416387599126677,4100,0.0000,1.0
2003-04-25,14.15,14.15,13.99,14.05,3.3957180180318107,3400,0.0000,1.0
2003-04-28,14.13,14.5,14.09,14.19,3.4295543541545475,10000,0.0000,1.0
2003-04-29,14.09,14.29,13.58,13.84,3.344963513847705,31900,0.0000,1.0
2003-04-30,14.06,14.13,13.9,13.95,3.37154920651557,5800,0.0000,1.0
2003-05-01,13.93,14.11,13.84,13.99,3.381216731122066,5800,0.0000,1.0
2003-05-02,13.89,14.51,13.74,14.469,3.496985338284859,6900,0.0000,1.0
2003-05-05,14.52,14.57,14.11,14.26,3.446472522215916,7500,0.0000,1.0
2003-05-06,14.35,14.59,14.35,14.41,3.482725739490277,4700,0.0000,1.0
2003-05-07,14.285,14.39,14.09,14.09,3.4053855426383066,7200,0.0000,1.0
2003-05-08,14.34,14.34,13.49,13.5,3.2627895546924868,39500,0.0000,1.0
2003-05-09,12.2,13.5,12.17,13.45,3.2507051489343666,98200,0.0000,1.0
2003-05-12,13.5,14.65,13.5,14.55,3.516562075613014,18900,0.0000,1.0
2003-05-13,14.6,14.71,14.23,14.4,3.480308858338653,23500,0.0000,1.0
2003-05-14,14.37,14.45,14.2,14.26,3.446472522215916,6300,0.0000,1.0
2003-05-15,14.36,14.36,13.96,14.09,3.4053855426383066,4400,0.0000,1.0
2003-05-16,13.8,14.44,13.46,13.53,3.2700401981473592,11200,0.0000,1.0
2003-05-19,13.73,13.73,13.439,13.63,3.2942090096636,4300,0.0000,1.0
2003-05-20,13.33,13.33,12.65,12.98,3.1371117348080357,7600,0.0000,1.0
2003-05-21,13.049,13.049,12.67,12.69,3.0670221814109375,12300,0.0000,1.0
2003-05-22,12.69,12.85,12.66,12.85,3.105692279836923,6300,0.0000,1.0
2003-05-23,12.66,12.73,12.63,12.73,3.0766897060174343,4100,0.0000,1.0
2003-05-27,12.73,12.97,12.73,12.86,3.1081091609885467,5100,0.0000,1.0
2003-05-28,12.94,13.62,12.86,13.62,3.291792128511976,6500,0.0000,1.0
2003-05-29,13.62,14.25,13.62,14.18,3.427137473002923,17700,0.0000,1.0
2003-05-30,14.6,16.0,14.5,15.85,3.830756625324142,44800,0.0000,1.0
2003-06-02,16.28,16.28,15.52,15.56,3.7606670719270445,45900,0.0000,1.0
2003-06-03,15.8,15.931,15.54,15.56,3.7606670719270445,23100,0.0000,1.0
2003-06-04,15.56,15.57,15.32,15.53,3.753416428472172,10900,0.0000,1.0
2003-06-05,15.57,15.57,14.69,14.88,3.596319153616608,27700,0.0000,1.0
2003-06-06,14.7,15.5,14.7,15.19,3.6712424693169536,65900,0.0000,1.0
2003-06-09,15.38,15.43,15.0,15.23,3.6809099939234504,22400,0.0000,1.0
2003-06-10,15.269,16.0,15.269,16.0,3.867009842598503,14100,0.0000,1.0
2003-06-11,15.99,16.28,15.49,15.919,3.847433105270348,74100,0.0000,1.0
2003-06-12,15.86,16.05,15.43,15.77,3.8114215761111496,52100,0.0000,1.0
2003-06-13,15.72,15.92,15.2,15.92,3.8476747933855107,47300,0.0000,1.0
2003-06-16,15.93,16.58,15.91,16.04,3.8766773672049992,15400,0.0000,1.0
2003-06-17,16.0,16.34,15.76,16.11,3.8935955352663676,25800,0.0000,1.0
2003-06-18,16.33,16.34,15.22,15.279,3.692752711566408,10200,0.0000,1.0
2003-06-19,15.59,16.069,15.0,15.0,3.6253217274360967,10100,0.0000,1.0
2003-06-20,15.16,15.21,15.01,15.21,3.6760762316202023,5600,0.0000,1.0
2003-06-23,15.07,15.07,15.0,15.0,3.6253217274360967,10100,0.0000,1.0
2003-06-24,15.24,15.41,15.21,15.21,3.6760762316202023,18300,0.0000,1.0
2003-06-25,15.2,15.21,14.99,15.01,3.6277386085877206,14000,0.0000,1.0
2003-06-26,14.89,15.25,14.89,15.12,3.6543243012555853,10200,0.0000,1.0
2003-06-27,15.27,15.73,15.13,15.55,3.75825019077542,4200,0.0000,1.0
2003-06-30,15.72,15.72,14.62,14.64,3.5383140059776306,29600,0.0000,1.0
2003-07-01,14.65,15.22,14.65,15.22,3.678493112771826,5600,0.0000,1.0
2003-07-02,15.26,15.87,15.26,15.81,3.821089100717646,19900,0.0000,1.0
2003-07-03,15.9,16.27,15.89,16.24,3.9250149902374805,6500,0.0000,1.0
2003-07-07,16.35,16.57,16.14,16.23,3.9225981090858566,26500,0.0000,1.0
2003-07-08,16.09,16.3,16.04,16.18,3.9105137033277364,9400,0.0000,1.0
2003-07-09,16.11,16.15,15.93,15.96,3.857342317992007,9700,0.0000,1.0
2003-07-10,15.88,16.71,15.82,16.03,3.8742604860533754,6000,0.0000,1.0
2003-07-11,15.84,16.1,15.84,16.1,3.891178654114744,3900,0.0000,1.0
2003-07-14,15.92,16.37,15.92,16.21,3.917764346782609,4200,0.0000,1.0
2003-07-15,16.0,16.189,16.0,16.189,3.912688896364198,4300,0.0000,1.0
2003-07-16,16.07,16.19,15.99,16.1,3.891178654114744,3400,0.0000,1.0
2003-07-17,15.95,16.32,15.441,15.7,3.794503408049781,9900,0.0000,1.0
2003-07-18,15.48,15.48,15.45,15.46,3.7364982604108037,400,0.0000,1.0
2003-07-21,15.41,15.41,14.87,14.87,3.593902272464984,17900,0.0000,1.0
2003-07-22,14.82,15.75,14.82,15.02,3.630155489739345,27200,0.0000,1.0
2003-07-23,15.09,15.33,15.09,15.239,3.683085186959912,3900,0.0000,1.0
2003-07-24,15.3,16.09,15.3,15.86,3.833173506475766,19100,0.0000,1.0
2003-07-25,15.95,15.97,15.65,15.73,3.8017540515046533,3500,0.0000,1.0
2003-07-28,15.84,16.0,15.8,15.98,3.862176080295255,6900,0.0000,1.0
2003-07-29,15.82,16.0,15.2,15.26,3.6881606373783224,4000,0.0000,1.0
2003-07-30,15.11,15.61,15.11,15.2,3.673659350468578,2200,0.0000,1.0
2003-07-31,15.55,16.0,15.55,15.8,3.818672219566022,1500,0.0000,1.0
2003-08-01,15.8,15.8,15.02,15.12,3.6543243012555853,10700,0.0000,1.0
2003-08-04,15.11,15.14,15.1,15.1,3.649490538952337,2200,0.0000,1.0
2003-08-05,15.02,15.07,14.95,14.95,3.613237321677976,5600,0.0000,1.0
2003-08-06,14.86,15.18,14.8,14.8,3.5769841044036155,3500,0.0000,1.0
2003-08-07,14.66,15.46,14.65,14.87,3.593902272464984,9800,0.0000,1.0
2003-08-08,14.81,15.26,14.621,14.86,3.5914853913133595,9900,0.0000,1.0
2003-08-11,15.0,15.21,14.76,15.21,3.6760762316202023,17100,0.0000,1.0
2003-08-12,15.13,15.46,14.89,15.08,3.6446567766490894,6500,0.0000,1.0
2003-08-13,15.055,15.55,14.77,15.54,3.755833309623796,13400,0.0000,1.0
2003-08-14,15.85,15.85,14.89,15.0,3.6253217274360967,4100,0.0000,1.0
2003-08-15,15.22,16.24,15.22,16.18,3.9105137033277364,71800,0.0000,1.0
2003-08-18,17.07,18.78,16.5,18.61,4.497815823172384,239600,0.0000,1.0
2003-08-19,18.3,18.79,18.0,18.75,4.53165215929512,224400,0.0000,1.0
2003-08-20,18.8,19.26,18.45,19.0,4.592074188085722,20600,0.0000,1.0
2003-08-21,19.01,20.61,18.831,20.61,4.981192053497197,73000,0.0000,1.0
2003-08-22,19.81,20.1,18.5,18.9,4.567905376569481,78100,0.0000,1.0
2003-08-25,18.78,19.01,17.41,17.808,4.303981954812134,88400,0.0000,1.0
2003-08-26,18.0,18.82,17.81,18.659,4.509658540815342,28900,0.0000,1.0
2003-08-27,18.26,19.5,18.26,19.5,4.712918245666926,18000,0.0000,1.0
2003-08-28,19.55,19.55,19.01,19.37,4.681498790695813,7000,0.0000,1.0
2003-08-29,19.08,19.4,19.0,19.19,4.63799492996658,10200,0.0000,1.0
2003-09-02,19.0,19.41,18.12,19.23,4.647662454573076,57000,0.0000,1.0
2003-09-03,19.19,19.3,18.51,18.75,4.53165215929512,32900,0.0000,1.0
2003-09-04,18.88,18.88,17.82,18.48,4.466396368201271,13600,0.0000,1.0
2003-09-05,18.435,18.81,18.05,18.69,4.517150872385376,15800,0.0000,1.0
2003-09-08,18.83,18.9,18.32,18.71,4.521984634688625,8900,0.0000,1.0
2003-09-09,19.13,19.13,17.79,18.46,4.461562605898023,25600,0.0000,1.0
2003-09-10,18.19,18.58,18.15,18.17,4.391473052500926,21100,0.0000,1.0
2003-09-11,18.49,18.5,18.06,18.24,4.408391220562293,9800,0.0000,1.0
2003-09-12,18.07,18.39,17.79,18.01,4.3528029540749404,11400,0.0000,1.0
2003-09-15,18.12,18.12,17.69,17.92,4.331051023710324,8500,0.0000,1.0
2003-09-16,17.79,18.27,17.79,18.16,4.389056171349301,11700,0.0000,1.0
2003-09-17,17.89,18.19,17.85,18.15,4.386639290197676,14700,0.0000,1.0
2003-09-18,18.01,18.17,18.01,18.01,4.3528029540749404,5500,0.0000,1.0
2003-09-19,18.0,19.4,17.99,19.39,4.686332552999061,43200,0.0000,1.0
2003-09-22,19.5,19.5,19.29,19.35,4.676665028392565,16200,0.0000,1.0
2003-09-23,19.325,19.325,19.0,19.25,4.652496216876324,6300,0.0000,1.0
2003-09-24,19.01,19.49,17.81,18.25,4.410808101713918,45900,0.0000,1.0
2003-09-25,18.02,18.34,17.92,18.009,4.352561265959777,20200,0.0000,1.0
2003-09-26,18.0,18.02,16.98,16.98,4.103864195457661,24400,0.0000,1.0
2003-09-29,16.91,17.6,16.65,17.29,4.178787511158007,10500,0.0000,1.0
2003-09-30,16.98,17.76,16.67,16.77,4.053109691273556,19300,0.0000,1.0
2003-10-01,16.77,18.07,16.77,17.94,4.335884786013572,11800,0.0000,1.0
2003-10-02,17.6,17.89,17.45,17.6,4.253710826858354,6300,0.0000,1.0
2003-10-03,17.74,18.42,17.74,17.93,4.333467904861948,8200,0.0000,1.0
2003-10-06,18.349,18.66,18.15,18.5,4.4712301305045195,10500,0.0000,1.0
2003-10-07,18.7,18.99,18.2,18.99,4.589657306934098,6300,0.0000,1.0
2003-10-08,18.78,18.96,18.04,18.75,4.53165215929512,10300,0.0000,1.0
2003-10-09,18.65,18.92,18.0,18.19,4.3963068148041735,5000,0.0000,1.0
2003-10-10,18.37,18.39,17.95,18.18,4.393889933652549,1900,0.0000,1.0
2003-10-13,18.24,18.45,18.031,18.22,4.403557458259045,5300,0.0000,1.0
2003-10-14,18.32,18.93,18.07,18.92,4.5727391388727305,11100,0.0000,1.0
2003-10-15,18.865,18.92,18.36,18.92,4.5727391388727305,2100,0.0000,1.0
2003-10-16,18.94,19.0,18.86,18.96,4.582406663479226,6000,0.0000,1.0
2003-10-17,18.99,19.03,18.75,18.92,4.5727391388727305,5000,0.0000,1.0
2003-10-20,19.02,19.04,18.75,18.9,4.567905376569481,4100,0.0000,1.0
2003-10-21,18.75,19.15,18.75,19.11,4.618659880753587,3600,0.0000,1.0
2003-10-22,19.065,19.065,18.0,18.001,4.350627761038479,9100,0.0000,1.0
2003-10-23,17.81,18.01,17.7799,17.94,4.335884786013572,5500,0.0000,1.0
2003-10-24,17.975,18.2,17.8,18.03,4.357636716378188,11900,0.0000,1.0
2003-10-27,18.1,19.12,17.66,18.08,4.369721122136308,12800,0.0000,1.0
2003-10-28,18.005,19.02,18.0,19.02,4.59690795038897,8800,0.0000,1.0
2003-10-29,19.2,19.3,18.84,19.16,4.630744286511708,15500,0.0000,1.0
2003-10-30,19.15,19.5,18.92,19.021,4.597149638504133,14700,0.0000,1.0
2003-10-31,19.16,19.73,19.025,19.37,4.681498790695813,7700,0.0000,1.0
2003-11-03,19.4,20.0,19.15,19.98,4.828928540944881,23200,0.0000,1.0
2003-11-04,19.45,19.5,19.05,19.3,4.664580622634444,8300,0.0000,1.0
2003-11-05,19.3,19.3,18.96,19.05,4.6041585938438425,4700,0.0000,1.0
2003-11-06,19.0,19.02,17.99,19.0,4.592074188085722,9600,0.0000,1.0
2003-11-07,18.56,18.99,18.2,18.41,4.449478200139903,14000,0.0000,1.0
2003-11-10,18.36,18.4,17.46,17.46,4.2198744907356165,18600,0.0000,1.0
2003-11-11,17.59,17.59,16.45,16.5,3.987853900179706,11600,0.0000,1.0
2003-11-12,16.36,16.69,16.0,16.17,3.9080968221761125,20300,0.0000,1.0
2003-11-13,16.2,16.2,15.94,16.15,3.903263059872864,6200,0.0000,1.0
2003-11-14,16.24,16.3,15.8,15.8,3.818672219566022,28000,0.0000,1.0
2003-11-17,15.79,15.8,15.36,15.5,3.7461657850173,9600,0.0000,1.0
2003-11-18,15.5,15.71,15.25,15.33,3.705078805439691,29500,0.0000,1.0
2003-11-19,15.67,16.99,15.25,16.9,4.084529146244669,24600,0.0000,1.0
2003-11-20,16.44,16.57,15.95,16.19,3.9129305844793607,5400,0.0000,1.0
2003-11-21,16.36,17.21,16.04,17.21,4.1594524619450155,7700,0.0000,1.0
2003-11-24,17.25,17.68,16.81,17.609,4.255886019894816,25400,0.0000,1.0
2003-11-25,17.75,18.11,17.52,17.9,4.326217261407075,8300,0.0000,1.0
2003-11-26,18.0,18.2,16.95,17.39,4.202956322674249,12100,0.0000,1.0
2003-11-28,17.5,17.5,16.86,17.09,4.1304498881255265,2600,0.0000,1.0
2003-12-01,17.39,17.5,16.9,16.97,4.1014473143060375,20800,0.0000,1.0
2003-12-02,16.79,17.53,16.76,17.5,4.229542015342113,18600,0.0000,1.0
2003-12-03,17.31,17.64,17.07,17.5,4.229542015342113,13600,0.0000,1.0
2003-12-04,17.21,17.27,16.75,16.89,4.082112265093045,18400,0.0000,1.0
2003-12-05,17.19,17.19,16.8,16.8,4.060360334728428,3700,0.0000,1.0
2003-12-08,16.81,16.87,16.21,16.7,4.036191523212187,46200,0.0000,1.0
2003-12-09,15.66,16.0,14.83,14.9,3.6011529159198563,98000,0.0000,1.0
2003-12-10,14.5,15.12,14.5,14.96,3.615654202829601,84500,0.0000,1.0
2003-12-11,14.79,15.84,14.79,15.84,3.828339744172518,16900,0.0000,1.0
2003-12-12,15.86,16.16,15.57,16.16,3.9056799410244882,13200,0.0000,1.0
2003-12-15,16.14,16.14,15.45,15.59,3.7679177153819166,21600,0.0000,1.0
2003-12-16,15.64,15.64,14.96,15.45,3.7340813792591794,84500,0.0000,1.0
2003-12-17,15.65,16.5,15.36,16.15,3.903263059872864,9700,0.0000,1.0
2003-12-18,16.225,16.75,16.01,16.2999,3.939492108335709,13400,0.0000,1.0
2003-12-19,16.89,17.65,16.26,17.3,4.181204392309632,23800,0.0000,1.0
2003-12-22,17.0,17.29,16.999,17.21,4.1594524619450155,9400,0.0000,1.0
2003-12-23,16.855,18.0,16.855,18.0,4.350386072923316,10800,0.0000,1.0
2003-12-24,18.058,18.512,17.98,18.21,4.401140577107421,10400,0.0000,1.0
2003-12-26,18.575,18.78,18.4,18.78,4.538902802749993,3600,0.0000,1.0
2003-12-29,18.78,19.78,18.78,19.55,4.725002651425046,21900,0.0000,1.0
2003-12-30,19.29,20.0,19.29,19.85,4.797509085973768,10400,0.0000,1.0
2003-12-31,19.91,20.0,19.15,19.15,4.628327405360083,16100,0.0000,1.0
2004-01-02,19.15,20.09,19.15,19.9,4.809593491731888,20000,0.0000,1.0
2004-01-05,19.84,20.5,19.84,20.25,4.894184332038731,18800,0.0000,1.0
2004-01-06,20.12,20.42,19.55,20.0,4.833762303248129,24300,0.0000,1.0
2004-01-07,19.88,20.45,18.73,19.31,4.666997503786068,30400,0.0000,1.0
2004-01-08,19.42,19.75,19.4,19.5,4.712918245666926,44100,0.0000,1.0
2004-01-09,19.455,19.9,19.27,19.44,4.698416958757182,49400,0.0000,1.0
2004-01-12,19.59,19.59,19.3,19.52,4.717752007970174,2300,0.0000,1.0
2004-01-13,19.16,19.53,18.56,19.0,4.592074188085722,40600,0.0000,1.0
2004-01-14,19.0,19.46,18.77,18.959,4.582164975364064,14100,0.0000,1.0
2004-01-15,18.83,19.0,18.57,18.68,4.5147339912337525,8200,0.0000,1.0
2004-01-16,18.99,19.2,18.35,18.5,4.4712301305045195,36900,0.0000,1.0
2004-01-20,18.1,18.63,18.1,18.45,4.459145724746398,106300,0.0000,1.0
2004-01-21,18.6,18.83,18.0,18.59,4.492982060869136,133500,0.0000,1.0
2004-01-22,18.68,18.72,18.0,18.0,4.350386072923316,26500,0.0000,1.0
2004-01-23,18.0,18.57,17.79,18.14,4.384222409046053,15400,0.0000,1.0
2004-01-26,18.3,18.6,18.18,18.6,4.49539894202076,18400,0.0000,1.0
2004-01-27,18.52,18.87,18.19,18.32,4.427726269775286,46100,0.0000,1.0
2004-01-28,18.13,18.5,17.88,17.88,4.321383499103827,20600,0.0000,1.0
2004-01-29,17.75,18.08,17.53,17.68,4.273045876071346,20700,0.0000,1.0
2004-01-30,17.88,18.5,17.88,18.44,4.456728843594775,17600,0.0000,1.0
2004-02-02,18.1,18.48,17.85,17.89,4.323800380255451,3900,0.0000,1.0
2004-02-03,17.67,18.51,17.67,17.8,4.302048449890835,7000,0.0000,1.0
2004-02-04,18.03,18.03,16.81,16.81,4.062777215880052,11000,0.0000,1.0
2004-02-05,17.38,17.39,17.08,17.19,4.154618699641767,3600,0.0000,1.0
2004-02-06,17.39,17.4,16.821,16.83,4.0676109781833,11400,0.0000,1.0
2004-02-09,17.31,17.35,17.23,17.27,4.17395374885476,15700,0.0000,1.0
2004-02-10,17.55,17.68,17.08,17.13,4.140117412732022,20200,0.0000,1.0
2004-02-11,17.199,17.35,16.94,17.199,4.156793892678229,3300,0.0000,1.0
2004-02-12,17.53,17.7,16.82,17.0,4.10869795776091,28500,0.0000,1.0
2004-02-13,17.01,17.28,16.83,16.989,4.106039388494123,17500,0.0000,1.0
2004-02-17,16.93,17.349,16.89,17.11,4.135283650428774,3900,0.0000,1.0
2004-02-18,16.91,17.15,16.75,17.001,4.108939645876072,8300,0.0000,1.0
2004-02-19,16.96,17.58,16.9,16.932,4.092263165929865,22800,0.0000,1.0
2004-02-20,16.985,17.1,16.9,17.05,4.12078236351903,179300,0.0000,1.0
2004-02-23,16.93,17.26,16.93,17.1,4.13286676927715,6200,0.0000,1.0
2004-02-24,16.96,17.45,16.96,17.4,4.2053732038258715,22200,0.0000,1.0
2004-02-25,16.7,16.7,14.85,16.3,3.9395162771472254,78900,0.0000,1.0
2004-02-26,16.15,16.75,16.0,16.0,3.867009842598503,38900,0.0000,1.0
2004-02-27,15.74,16.05,15.4,15.7,3.794503408049781,9900,0.0000,1.0
2004-03-01,15.59,16.02,15.53,16.02,3.871843604901751,31400,0.0000,1.0
2004-03-02,15.52,16.13,15.52,15.9,3.8428410310822625,7800,0.0000,1.0
2004-03-03,15.78,16.135,15.52,15.88,3.8380072687790143,10800,0.0000,1.0
2004-03-04,15.855,16.74,15.8,16.74,4.045859047818683,14300,0.0000,1.0
2004-03-05,16.505,17.25,16.38,17.0,4.10869795776091,17500,0.0000,1.0
2004-03-08,17.0774,17.1,16.87,16.87,4.077278502789797,5500,0.0000,1.0
2004-03-09,16.58,16.82,16.27,16.44,3.973352613269962,11700,0.0000,1.0
2004-03-10,16.4,16.88,16.02,16.02,3.871843604901751,10000,0.0000,1.0
2004-03-11,16.19,16.22,15.99,15.99,3.864592961446879,4100,0.0000,1.0
2004-03-12,15.79,16.65,15.68,16.54,3.9975214247862025,13100,0.0000,1.0
2004-03-15,16.57,16.74,16.2,16.55,3.999938305937827,19100,0.0000,1.0
2004-03-16,16.58,17.19,16.3,17.14,4.142534293883647,21900,0.0000,1.0
2004-03-17,16.97,17.33,16.9,17.09,4.1304498881255265,10800,0.0000,1.0
2004-03-18,17.06,17.11,16.95,17.0,4.10869795776091,8300,0.0000,1.0
2004-03-19,16.94,17.17,16.94,17.0,4.10869795776091,8400,0.0000,1.0
2004-03-22,17.0,17.02,16.58,17.02,4.113531720064158,32300,0.0000,1.0
2004-03-23,16.77,17.18,16.77,17.0,4.10869795776091,17800,0.0000,1.0
2004-03-24,16.95,17.19,16.73,17.19,4.154618699641767,2500,0.0000,1.0
2004-03-25,17.06,17.53,16.82,16.82,4.065194097031677,9300,0.0000,1.0
2004-03-26,17.25,17.27,16.5,16.54,3.9975214247862025,10500,0.0000,1.0
2004-03-29,16.58,17.06,16.58,17.0,4.10869795776091,3300,0.0000,1.0
2004-03-30,17.22,17.7,16.98,17.7,4.277879638374594,7800,0.0000,1.0
2004-03-31,17.54,17.76,17.23,17.76,4.292380925284339,15500,0.0000,1.0
2004-04-01,16.29,18.19,16.29,18.19,4.3963068148041735,14000,0.0000,1.0
2004-04-02,18.14,19.15,17.3,19.15,4.628327405360083,21800,0.0000,1.0
2004-04-05,18.77,19.5,18.32,19.5,4.712918245666926,22700,0.0000,1.0
2004-04-06,19.26,19.34,18.51,18.92,4.5727391388727305,30200,0.0000,1.0
2004-04-07,19.2,19.2,18.77,19.02,4.59690795038897,4400,0.0000,1.0
2004-04-08,18.865,19.17,18.34,18.34,4.432560032078534,2000,0.0000,1.0
2004-04-12,18.97,19.2,18.79,19.15,4.628327405360083,4900,0.0000,1.0
2004-04-13,19.24,19.5,18.41,18.41,4.449478200139903,6400,0.0000,1.0
2004-04-14,18.485,18.485,17.5,17.77,4.294797806435962,5800,0.0000,1.0
2004-04-15,17.75,17.75,17.01,17.46,4.2198744907356165,2800,0.0000,1.0
2004-04-16,17.46,18.45,17.07,18.06,4.36488735983306,4900,0.0000,1.0
2004-04-19,18.065,18.065,17.45,18.0,4.350386072923316,2900,0.0000,1.0
2004-04-20,18.19,18.2,17.2,17.2,4.157035580793391,3900,0.0000,1.0
2004-04-21,17.09,17.5,16.77,16.94,4.094196670851166,16000,0.0000,1.0
2004-04-22,17.41,17.66,16.51,17.22,4.1618693430966385,13000,0.0000,1.0
2004-04-23,16.9,17.0,16.84,16.99,4.106281076609285,7600,0.0000,1.0
2004-04-26,17.12,17.22,16.894,16.93,4.091779789699541,2000,0.0000,1.0
2004-04-27,16.931,17.45,16.92,17.45,4.217457609583993,2700,0.0000,1.0
2004-04-28,17.245,17.39,16.9,16.95,4.096613552002789,8300,0.0000,1.0
2004-04-29,16.8,17.03,15.95,15.97,3.859759199143631,11300,0.0000,1.0
2004-04-30,15.9,16.209,15.86,15.9,3.8428410310822625,5000,0.0000,1.0
2004-05-03,17.2,17.34,16.35,16.64,4.021690236302443,5600,0.0000,1.0
2004-05-04,16.34,16.64,16.26,16.51,3.990270781331331,15300,0.0000,1.0
2004-05-05,16.84,16.84,16.25,16.25,3.9274318713891048,4700,0.0000,1.0
2004-05-06,16.275,16.4,15.67,15.77,3.8114215761111496,40700,0.0000,1.0
2004-05-07,16.1,16.44,15.76,16.0,3.867009842598503,12100,0.0000,1.0
2004-05-10,16.05,16.44,15.91,16.16,3.9056799410244882,42800,0.0000,1.0
2004-05-11,16.305,16.43,16.03,16.22,3.9201812279342323,4800,0.0000,1.0
2004-05-12,16.03,16.24,16.0,16.24,3.9250149902374805,5000,0.0000,1.0
2004-05-13,16.17,16.5,16.17,16.35,3.9516006829053456,2200,0.0000,1.0
2004-05-14,16.165,16.165,15.88,15.9,3.8428410310822625,27600,0.0000,1.0
2004-05-17,15.86,16.46,15.85,16.14,3.90084617872124,10400,0.0000,1.0
2004-05-18,16.275,16.62,16.13,16.62,4.016856473999195,3000,0.0000,1.0
2004-05-19,16.235,16.77,16.235,16.6,4.0120227116959475,13100,0.0000,1.0
2004-05-20,16.61,16.77,16.2,16.2,3.915347465630984,9900,0.0000,1.0
2004-05-21,16.29,16.57,16.05,16.39,3.961268207511842,2100,0.0000,1.0
2004-05-24,16.29,16.86,16.29,16.83,4.0676109781833,3400,0.0000,1.0
2004-05-25,16.87,17.3,16.6,17.3,4.181204392309632,6000,0.0000,1.0
2004-05-26,17.36,17.48,16.93,17.08,4.128033006973902,2300,0.0000,1.0
2004-05-27,17.49,17.49,16.96,17.49,4.227125134190488,1000,0.0000,1.0
2004-05-28,17.15,17.49,17.0,17.05,4.12078236351903,6400,0.0000,1.0
2004-06-01,16.79,17.5,16.75,16.82,4.065194097031677,6100,0.0000,1.0
2004-06-02,17.0,17.0,16.03,16.03,3.8742604860533754,5500,0.0000,1.0
2004-06-03,15.52,16.08,15.25,16.0,3.867009842598503,12000,0.0000,1.0
2004-06-04,15.81,16.6,15.81,16.05,3.8790942483566235,2600,0.0000,1.0
2004-06-07,16.22,17.0,16.1,17.0,4.10869795776091,4600,0.0000,1.0
2004-06-08,16.99,17.0,16.391,16.42,3.9685188509667144,3500,0.0000,1.0
2004-06-09,16.79,16.79,16.08,16.32,3.944350039450473,2900,0.0000,1.0
2004-06-10,16.719,17.0,16.719,16.84,4.070027859334925,12100,0.0000,1.0
2004-06-14,16.72,16.91,16.0,16.39,3.961268207511842,9400,0.0000,1.0
2004-06-15,16.63,16.97,16.55,16.55,3.999938305937827,2900,0.0000,1.0
2004-06-16,16.55,17.23,16.27,17.02,4.113531720064158,8600,0.0000,1.0
2004-06-17,17.1,17.1,16.3,16.47,3.9806032567248337,4400,0.0000,1.0
2004-06-18,16.33,16.74,16.3,16.7,4.036191523212187,21500,0.0000,1.0
2004-06-21,16.7,16.8,16.22,16.24,3.9250149902374805,12800,0.0000,1.0
2004-06-22,16.2,16.73,16.17,16.7,4.036191523212187,12600,0.0000,1.0
2004-06-23,16.74,16.75,16.27,16.6,4.0120227116959475,5000,0.0000,1.0
2004-06-24,16.32,16.68,16.27,16.3,3.9395162771472254,23800,0.0000,1.0
2004-06-25,16.49,16.715,16.11,16.7,4.036191523212187,24400,0.0000,1.0
2004-06-28,16.395,16.92,16.15,16.71,4.038608404363812,13100,0.0000,1.0
2004-06-29,16.4,17.41,16.4,17.14,4.142534293883647,6000,0.0000,1.0
2004-06-30,17.33,17.5,16.91,17.09,4.1304498881255265,198000,0.0000,1.0
2004-07-01,16.9,17.17,16.73,17.08,4.128033006973902,10700,0.0000,1.0
2004-07-02,17.11,17.2,16.71,17.12,4.137700531580399,4800,0.0000,1.0
2004-07-06,16.73,17.39,16.55,17.01,4.111114838912534,11500,0.0000,1.0
2004-07-07,16.99,17.92,16.7,17.18,4.152201818490143,12900,0.0000,1.0
2004-07-08,17.215,17.65,16.46,16.46,3.9781863755732103,7200,0.0000,1.0
2004-07-09,16.5,16.84,16.1,16.2,3.915347465630984,12800,0.0000,1.0
2004-07-12,16.22,16.57,16.19,16.33,3.946766920602097,1400,0.0000,1.0
2004-07-13,16.331,16.73,16.21,16.42,3.9685188509667144,3500,0.0000,1.0
2004-07-14,16.265,16.55,16.26,16.55,3.999938305937827,2100,0.0000,1.0
2004-07-15,16.32,16.66,16.2,16.2,3.915347465630984,6300,0.0000,1.0
2004-07-16,16.19,16.46,16.1199,16.25,3.9274318713891048,2200,0.0000,1.0
2004-07-19,16.22,16.6,16.0,16.35,3.9516006829053456,19900,0.0000,1.0
2004-07-20,16.25,16.7,16.22,16.57,4.004772068241075,18200,0.0000,1.0
2004-07-21,16.78,18.73,16.78,17.97,4.343135429468443,36500,0.0000,1.0
2004-07-22,18.25,18.25,17.12,17.29,4.178787511158007,14200,0.0000,1.0
2004-07-23,16.88,16.96,16.78,16.78,4.0555265724251806,2500,0.0000,1.0
2004-07-26,17.24,17.24,16.52,16.55,3.999938305937827,4300,0.0000,1.0
2004-07-27,16.48,17.209,16.48,17.209,4.1592107738298525,2500,0.0000,1.0
2004-07-28,17.11,17.25,16.78,16.83,4.0676109781833,4100,0.0000,1.0
2004-07-29,17.285,17.72,16.97,17.21,4.1594524619450155,3600,0.0000,1.0
2004-07-30,17.55,17.65,17.11,17.11,4.135283650428774,3000,0.0000,1.0
2004-08-02,17.54,18.04,17.15,17.16,4.147368056186894,34100,0.0000,1.0
2004-08-03,17.31,17.58,16.79,16.91,4.086946027396293,11200,0.0000,1.0
2004-08-04,16.945,16.945,15.9,15.94,3.8525085556887584,14100,0.0000,1.0
2004-08-05,16.0,16.09,15.91,16.0,3.867009842598503,20600,0.0000,1.0
2004-08-06,15.91,17.05,15.87,16.73,4.0434421666670595,10600,0.0000,1.0
2004-08-09,16.53,16.75,16.1,16.25,3.9274318713891048,4300,0.0000,1.0
2004-08-10,16.3,16.52,15.97,16.0,3.867009842598503,16200,0.0000,1.0
2004-08-11,16.0,16.22,15.92,16.0,3.867009842598503,9300,0.0000,1.0
2004-08-12,15.9,16.22,15.89,16.2,3.915347465630984,4700,0.0000,1.0
2004-08-13,16.35,16.35,16.0,16.0,3.867009842598503,2900,0.0000,1.0
2004-08-16,16.17,16.48,16.17,16.31,3.941933158298849,2800,0.0000,1.0
2004-08-17,16.53,16.54,16.06,16.06,3.8815111295082474,6300,0.0000,1.0
2004-08-18,16.06,16.19,16.0,16.0,3.867009842598503,7600,0.0000,1.0
2004-08-19,16.02,16.25,16.02,16.25,3.9274318713891048,2100,0.0000,1.0
2004-08-20,16.35,16.5,16.13,16.34,3.9491838017537213,8600,0.0000,1.0
2004-08-23,16.13,16.41,16.0,16.36,3.9540175640569695,6600,0.0000,1.0
2004-08-24,16.38,16.53,16.2,16.53,3.9951045436345787,8700,0.0000,1.0
2004-08-25,16.2,16.5,16.08,16.49,3.985437019028082,4200,0.0000,1.0
2004-08-26,16.33,16.47,16.2,16.2,3.915347465630984,2400,0.0000,1.0
2004-08-27,16.06,16.29,16.06,16.22,3.9201812279342323,2400,0.0000,1.0
2004-08-30,16.2,16.44,16.2,16.38,3.958851326360217,5800,0.0000,1.0
2004-08-31,16.39,16.61,16.15,16.52,3.9926876624829544,4800,0.0000,1.0
2004-09-01,15.74,17.21,15.74,16.45,3.975769494421586,21600,0.0000,1.0
2004-09-02,16.57,16.86,16.45,16.68,4.031357760908939,8400,0.0000,1.0
2004-09-03,16.69,16.72,16.55,16.69,4.033774642060564,3500,0.0000,1.0
2004-09-07,17.0,17.01,16.56,16.82,4.065194097031677,5100,0.0000,1.0
2004-09-08,17.12,17.21,16.66,16.66,4.0265239986056915,2800,0.0000,1.0
2004-09-09,16.62,17.25,16.33,17.14,4.142534293883647,5300,0.0000,1.0
2004-09-10,17.03,20.0,15.45,16.92,4.089362908547917,79000,0.0000,1.0
2004-09-13,16.9,17.0,16.1,16.19,3.9129305844793607,9000,0.0000,1.0
2004-09-14,16.08,17.31,16.0,17.31,4.183621273461255,11500,0.0000,1.0
2004-09-15,17.31,17.98,17.31,17.63,4.260961470313226,11600,0.0000,1.0
2004-09-16,18.16,18.16,16.75,18.11,4.376971765591181,6000,0.0000,1.0
2004-09-17,18.1,18.21,16.94,17.19,4.154618699641767,20100,0.0000,1.0
2004-09-20,16.95,17.34,16.95,17.14,4.142534293883647,1400,0.0000,1.0
2004-09-21,17.155,17.43,17.0,17.43,4.212623847280744,9700,0.0000,1.0
2004-09-22,17.26,17.26,16.89,16.89,4.082112265093045,3800,0.0000,1.0
2004-09-23,16.9,17.05,16.46,16.46,3.9781863755732103,9500,0.0000,1.0
2004-09-24,16.12,16.75,16.12,16.32,3.944350039450473,12200,0.0000,1.0
2004-09-27,16.495,16.495,16.13,16.21,3.917764346782609,3800,0.0000,1.0
2004-09-28,16.2,16.73,16.19,16.73,4.0434421666670595,3000,0.0000,1.0
2004-09-29,16.86,17.12,16.86,17.12,4.137700531580399,4600,0.0000,1.0
2004-09-30,16.86,16.86,16.56,16.85,4.0724447404865485,3300,0.0000,1.0
2004-10-01,16.31,17.1,16.3,16.72,4.041025285515436,11700,0.0000,1.0
2004-10-04,16.86,16.95,16.85,16.95,4.096613552002789,10800,0.0000,1.0
2004-10-05,16.95,16.95,16.26,16.46,3.9781863755732103,14500,0.0000,1.0
2004-10-06,16.3,16.7,16.2,16.7,4.036191523212187,11300,0.0000,1.0
2004-10-07,16.94,17.0,16.36,16.36,3.9540175640569695,5600,0.0000,1.0
2004-10-08,16.41,16.59,16.13,16.3,3.9395162771472254,2200,0.0000,1.0
2004-10-11,16.3,16.6,16.3,16.58,4.007188949392698,5300,0.0000,1.0
2004-10-12,16.475,16.68,16.38,16.68,4.031357760908939,900,0.0000,1.0
2004-10-13,16.695,16.9,16.3,16.72,4.041025285515436,14100,0.0000,1.0
2004-10-14,16.615,16.98,16.51,16.98,4.103864195457661,13400,0.0000,1.0
2004-10-15,16.86,16.95,16.81,16.95,4.096613552002789,4400,0.0000,1.0
2004-10-18,16.74,16.92,16.6,16.83,4.0676109781833,3100,0.0000,1.0
2004-10-19,16.765,16.91,16.01,16.08,3.886344891811495,17200,0.0000,1.0
2004-10-20,16.12,16.41,16.05,16.27,3.932265633692353,8500,0.0000,1.0
2004-10-21,16.13,16.24,16.01,16.19,3.9129305844793607,5700,0.0000,1.0
2004-10-22,16.02,16.34,15.89,16.0,3.867009842598503,10000,0.0000,1.0
2004-10-25,16.001,16.49,16.0,16.49,3.985437019028082,10500,0.0000,1.0
2004-10-26,16.335,16.52,16.16,16.51,3.990270781331331,10100,0.0000,1.0
2004-10-27,16.71,16.97,16.7,16.92,4.089362908547917,10200,0.0000,1.0
2004-10-28,16.62,16.86,16.19,16.19,3.9129305844793607,3200,0.0000,1.0
2004-10-29,16.28,16.28,16.08,16.12,3.896012416417992,3000,0.0000,1.0
2004-11-01,16.02,16.33,16.02,16.11,3.8935955352663676,7000,0.0000,1.0
2004-11-02,16.29,16.33,16.0,16.1,3.891178654114744,8000,0.0000,1.0
2004-11-03,16.71,16.87,15.994,16.08,3.886344891811495,19300,0.0000,1.0
2004-11-04,16.01,16.18,16.0,16.17,3.9080968221761125,9200,0.0000,1.0
2004-11-05,16.11,16.26,16.02,16.13,3.8984292975696158,5900,0.0000,1.0
2004-11-08,16.13,16.27,15.95,16.0,3.867009842598503,12000,0.0000,1.0
2004-11-09,16.1,16.13,15.99,16.02,3.871843604901751,1200,0.0000,1.0
2004-11-10,16.1,16.86,16.03,16.44,3.973352613269962,42800,0.0000,1.0
2004-11-11,16.45,16.79,16.45,16.65,4.024107117454067,6200,0.0000,1.0
2004-11-12,16.51,16.51,16.21,16.4,3.9636850886634654,13100,0.0000,1.0
2004-11-15,16.14,16.64,16.14,16.64,4.021690236302443,3100,0.0000,1.0
2004-11-16,16.63,16.71,16.45,16.45,3.975769494421586,1100,0.0000,1.0
2004-11-17,16.63,17.0,16.63,16.91,4.086946027396293,11300,0.0000,1.0
2004-11-18,16.99,16.99,16.5,16.5,3.987853900179706,2500,0.0000,1.0
2004-11-19,16.17,16.47,16.17,16.32,3.944350039450473,19500,0.0000,1.0
2004-11-22,16.4,16.418,16.17,16.33,3.946766920602097,3600,0.0000,1.0
2004-11-23,16.43,16.48,16.11,16.2,3.915347465630984,6600,0.0000,1.0
2004-11-24,16.28,16.48,16.21,16.23,3.9225981090858566,18400,0.0000,1.0
2004-11-26,16.3,16.46,16.3,16.46,3.9781863755732103,16800,0.0000,1.0
2004-11-29,16.48,16.53,16.3,16.43,3.970935732118338,7600,0.0000,1.0
2004-11-30,16.28,16.45,16.17,16.17,3.9080968221761125,35900,0.0000,1.0
2004-12-01,16.1,16.82,16.1,16.59,4.009605830544323,13500,0.0000,1.0
2004-12-02,16.5,16.73,16.5,16.65,4.024107117454067,2600,0.0000,1.0
2004-12-03,16.76,16.76,16.27,16.27,3.932265633692353,7100,0.0000,1.0
2004-12-06,16.06,16.51,16.06,16.3,3.9395162771472254,9300,0.0000,1.0
2004-12-07,16.54,16.54,16.03,16.09,3.8887617729631194,17300,0.0000,1.0
2004-12-08,16.09,16.74,16.09,16.58,4.007188949392698,12200,0.0000,1.0
2004-12-09,16.43,16.54,16.2,16.2,3.915347465630984,13600,0.0000,1.0
2004-12-10,16.44,16.54,16.39,16.46,3.9781863755732103,12600,0.0000,1.0
2004-12-13,16.61,17.1,16.6,17.1,4.13286676927715,21100,0.0000,1.0
2004-12-14,16.62,17.09,16.62,17.0,4.10869795776091,14300,0.0000,1.0
2004-12-15,16.3,18.12,16.3,17.9,4.326217261407075,51200,0.0000,1.0
2004-12-16,17.81,18.09,17.78,18.0,4.350386072923316,169700,0.0000,1.0
2004-12-17,17.73,18.09,17.7,17.81,4.304465331042459,97200,0.0000,1.0
2004-12-20,17.47,17.92,17.21,17.57,4.246460183403482,19200,0.0000,1.0
2004-12-21,17.66,17.7,17.55,17.67,4.270628994919722,23200,0.0000,1.0
2004-12-22,17.52,17.97,17.5,17.82,4.306882212194083,12700,0.0000,1.0
2004-12-23,17.74,18.14,17.51,17.97,4.343135429468443,10000,0.0000,1.0
2004-12-27,17.94,18.27,17.65,18.26,4.413224982865542,9700,0.0000,1.0
2004-12-28,18.31,18.4,18.0,18.4,4.447061318988278,3400,0.0000,1.0
2004-12-29,18.17,18.5,17.83,18.04,4.360053597529812,8000,0.0000,1.0
2004-12-30,18.27,18.63,17.99,18.49,4.468813249352895,8700,0.0000,1.0
2004-12-31,18.93,18.93,18.49,18.49,4.468813249352895,11800,0.0000,1.0
2005-01-03,18.29,18.78,18.0,18.04,4.360053597529812,9400,0.0000,1.0
2005-01-04,17.9,18.19,17.75,17.99,4.347969191771692,13700,0.0000,1.0
2005-01-05,17.78,18.49,17.78,18.0,4.350386072923316,22700,0.0000,1.0
2005-01-06,17.78,18.26,17.65,17.85,4.314132855648955,17800,0.0000,1.0
2005-01-07,17.75,17.92,17.6,17.77,4.294797806435962,12000,0.0000,1.0
2005-01-10,17.8,18.0,17.8,17.8,4.302048449890835,6100,0.0000,1.0
2005-01-11,17.79,18.62,17.79,18.37,4.439810675533407,15400,0.0000,1.0
2005-01-12,18.11,18.29,17.83,18.0,4.350386072923316,3000,0.0000,1.0
2005-01-13,18.45,18.58,17.85,17.85,4.314132855648955,7000,0.0000,1.0
2005-01-14,18.12,18.43,18.12,18.33,4.430143150926909,2600,0.0000,1.0
2005-01-18,17.97,18.25,17.79,18.25,4.410808101713918,6200,0.0000,1.0
2005-01-19,18.72,18.72,17.91,18.0,4.350386072923316,5400,0.0000,1.0
2005-01-20,17.73,18.17,17.73,18.0,4.350386072923316,5600,0.0000,1.0
2005-01-21,18.16,18.44,17.86,17.97,4.343135429468443,15800,0.0000,1.0
2005-01-24,18.35,18.35,17.86,17.86,4.316549736800579,14000,0.0000,1.0
2005-01-25,18.02,18.43,17.91,18.0,4.350386072923316,2600,0.0000,1.0
2005-01-26,18.41,18.61,18.1,18.55,4.48331453626264,12300,0.0000,1.0
2005-01-27,18.45,18.72,18.42,18.69,4.517150872385376,2900,0.0000,1.0
2005-01-28,18.49,18.49,18.15,18.3,4.422892507472038,2900,0.0000,1.0
2005-01-31,18.35,18.35,18.03,18.18,4.393889933652549,3200,0.0000,1.0
2005-02-01,18.5,18.5,18.13,18.17,4.391473052500926,24300,0.0000,1.0
2005-02-02,18.36,18.5,18.2,18.5,4.4712301305045195,6800,0.0000,1.0
2005-02-03,18.3,18.5,18.03,18.2,4.398723695955797,10000,0.0000,1.0
2005-02-04,18.15,18.31,18.14,18.23,4.40597433941067,6800,0.0000,1.0
2005-02-07,18.3,18.55,18.04,18.19,4.3963068148041735,6600,0.0000,1.0
2005-02-08,18.43,18.78,18.29,18.73,4.526818396991873,3400,0.0000,1.0
2005-02-09,18.82,18.82,18.4,18.45,4.459145724746398,4800,0.0000,1.0
2005-02-10,18.13,19.17,18.13,18.81,4.5461534462048645,11200,0.0000,1.0
2005-02-11,18.71,18.87,18.69,18.86,4.558237851962986,8000,0.0000,1.0
2005-02-14,18.71,19.26,18.43,19.01,4.594491069237347,8800,0.0000,1.0
2005-02-15,19.04,19.61,19.04,19.499,4.712676557551763,6200,0.0000,1.0
2005-02-16,19.46,19.6,19.3,19.42,4.693583196453933,42100,0.0000,1.0
2005-02-17,19.67,19.67,18.64,19.13,4.623493643056835,14600,0.0000,1.0
2005-02-18,19.26,19.26,18.45,18.64,4.505066466627256,4400,0.0000,1.0
2005-02-22,17.21,18.54,16.84,17.85,4.314132855648955,19300,0.0000,1.0
2005-02-23,17.64,18.1,17.64,18.06,4.36488735983306,9800,0.0000,1.0
2005-02-24,17.91,18.49,17.91,18.1,4.374554884439557,15600,0.0000,1.0
2005-02-25,18.4,18.4,17.99,18.07,4.3673042409846845,4000,0.0000,1.0
2005-02-28,18.02,18.16,17.9,18.01,4.3528029540749404,10800,0.0000,1.0
2005-03-01,18.39,18.66,18.08,18.33,4.430143150926909,24800,0.0000,1.0
2005-03-02,18.18,18.55,18.03,18.12,4.379388646742805,10300,0.0000,1.0
2005-03-03,18.349,18.349,18.01,18.04,4.360053597529812,10100,0.0000,1.0
2005-03-04,18.24,18.35,18.05,18.15,4.386639290197676,11200,0.0000,1.0
2005-03-07,18.0,18.34,17.96,18.09,4.372138003287932,8700,0.0000,1.0
2005-03-08,17.87,18.2,17.87,18.02,4.355219835226564,10100,0.0000,1.0
2005-03-09,17.24,18.11,17.24,17.9,4.326217261407075,72100,0.0000,1.0
2005-03-10,18.01,18.11,17.86,17.96,4.34071854831682,65100,0.0000,1.0
2005-03-11,18.03,18.06,17.73,18.01,4.3528029540749404,97200,0.0000,1.0
2005-03-14,18.0,18.23,17.81,18.0,4.350386072923316,47600,0.0000,1.0
2005-03-15,18.24,18.27,17.77,18.03,4.357636716378188,55600,0.0000,1.0
2005-03-16,18.0,18.07,17.97,17.98,4.345552310620068,15200,0.0000,1.0
2005-03-17,18.12,18.45,17.97,18.11,4.376971765591181,13000,0.0000,1.0
2005-03-18,18.3,18.3,17.81,18.0,4.350386072923316,50500,0.0000,1.0
2005-03-21,18.26,18.38,17.91,18.0,4.350386072923316,22300,0.0000,1.0
2005-03-22,18.26,19.36,18.26,18.79,4.541319683901617,43800,0.0000,1.0
2005-03-23,18.98,18.98,18.79,18.85,4.555820970811362,15500,0.0000,1.0
2005-03-24,18.75,19.0,18.75,18.9,4.567905376569481,19700,0.0000,1.0
2005-03-28,19.0,19.0,18.5,18.51,4.473647011656143,8000,0.0000,1.0
2005-03-29,18.66,18.66,18.5,18.5,4.4712301305045195,1200,0.0000,1.0
2005-03-30,18.51,18.62,18.1,18.37,4.439810675533407,7300,0.0000,1.0
2005-03-31,18.44,18.52,18.24,18.52,4.476063892807767,40900,0.0000,1.0
2005-04-01,18.87,19.0,17.89,17.95,4.3383016671651955,17600,0.0000,1.0
2005-04-04,18.04,18.18,18.0,18.0,4.350386072923316,19700,0.0000,1.0
2005-04-05,18.149,18.18,17.5,17.8,4.302048449890835,76400,0.0000,1.0
2005-04-06,17.99,18.08,17.72,18.0,4.350386072923316,64600,0.0000,1.0
2005-04-07,17.89,18.1,17.89,18.08,4.369721122136308,100400,0.0000,1.0
2005-04-08,18.19,18.34,17.91,18.0,4.350386072923316,8900,0.0000,1.0
2005-04-11,17.88,17.88,17.5,17.62,4.258544589161602,35700,0.0000,1.0
2005-04-12,17.47,18.08,17.47,17.77,4.294797806435962,16900,0.0000,1.0
2005-04-13,17.93,17.93,17.4,17.61,4.256127708009977,17200,0.0000,1.0
2005-04-14,17.6,17.89,17.6,17.73,4.285130281829466,8300,0.0000,1.0
2005-04-15,17.87,17.94,17.55,17.55,4.241626421100233,21800,0.0000,1.0
2005-04-18,17.56,18.06,17.56,17.89,4.323800380255451,22600,0.0000,1.0
2005-04-19,18.0,18.15,17.87,17.87,4.318966617952204,24500,0.0000,1.0
2005-04-20,17.48,18.2,17.48,18.01,4.3528029540749404,12900,0.0000,1.0
2005-04-21,17.95,18.17,17.94,18.03,4.357636716378188,14000,0.0000,1.0
2005-04-22,17.69,17.99,17.69,17.95,4.3383016671651955,15100,0.0000,1.0
2005-04-25,18.11,18.25,17.73,17.88,4.321383499103827,8300,0.0000,1.0
2005-04-26,18.15,18.15,17.76,17.87,4.318966617952204,11200,0.0000,1.0
2005-04-27,17.85,18.32,17.85,18.24,4.408391220562293,19500,0.0000,1.0
2005-04-28,18.22,18.22,17.96,18.0,4.350386072923316,11500,0.0000,1.0
2005-04-29,18.17,18.68,17.96,18.09,4.372138003287932,12800,0.0000,1.0
2005-05-02,18.3,18.3,17.95,18.11,4.376971765591181,23400,0.0000,1.0
2005-05-03,17.87,18.47,17.83,18.11,4.376971765591181,24900,0.0000,1.0
2005-05-04,18.1,18.32,17.95,18.1,4.374554884439557,13400,0.0000,1.0
2005-05-05,18.01,18.14,17.96,18.14,4.384222409046053,5100,0.0000,1.0
2005-05-06,18.35,18.35,17.4,17.4,4.2053732038258715,72200,0.0000,1.0
2005-05-09,17.35,17.7,17.35,17.7,4.277879638374594,44000,0.0000,1.0
2005-05-10,17.71,17.78,17.53,17.78,4.297214687587587,19900,0.0000,1.0
2005-05-11,18.08,18.08,17.52,17.68,4.273045876071346,22700,0.0000,1.0
2005-05-12,17.61,17.8,17.47,17.61,4.256127708009977,30000,0.0000,1.0
2005-05-13,17.55,17.55,17.15,17.2,4.157035580793391,28200,0.0000,1.0
2005-05-16,17.51,17.51,17.17,17.31,4.183621273461255,18200,0.0000,1.0
2005-05-17,17.19,17.52,17.03,17.44,4.215040728432369,18300,0.0000,1.0
2005-05-18,17.59,19.29,17.59,18.87,4.5606547331146094,21300,0.0000,1.0
2005-05-19,19.09,19.09,18.16,18.16,4.389056171349301,7500,0.0000,1.0
2005-05-20,18.15,18.7,17.42,18.3,4.422892507472038,35500,0.0000,1.0
2005-05-23,18.57,18.92,17.96,18.0,4.350386072923316,24700,0.0000,1.0
2005-05-24,18.0,18.149,18.0,18.149,4.386397602082515,16500,0.0000,1.0
2005-05-25,17.91,18.12,17.87,17.87,4.318966617952204,6700,0.0000,1.0
2005-05-26,18.13,19.05,18.13,19.0,4.592074188085722,55400,0.0000,1.0
2005-05-27,19.0,19.008,18.59,18.93,4.5751560200243535,5500,0.0000,1.0
2005-05-31,18.61,19.0,18.28,18.28,4.41805874516879,9400,0.0000,1.0
2005-06-01,17.9,19.0,17.9,19.0,4.592074188085722,5200,0.0000,1.0
2005-06-02,18.78,19.0,18.42,18.73,4.526818396991873,12300,0.0000,1.0
2005-06-03,18.63,18.63,18.25,18.27,4.415641864017165,2800,0.0000,1.0
2005-06-06,18.0,18.9,18.0,18.75,4.53165215929512,10900,0.0000,1.0
2005-06-07,18.8,18.92,18.16,18.26,4.413224982865542,13700,0.0000,1.0
2005-06-08,18.45,19.06,18.45,18.96,4.582406663479226,38400,0.0000,1.0
2005-06-09,18.84,19.0,18.84,18.98,4.587240425782475,18300,0.0000,1.0
2005-06-10,19.0,19.0,18.9,19.0,4.592074188085722,28200,0.0000,1.0
2005-06-13,18.93,19.0,18.93,18.99,4.589657306934098,16400,0.0000,1.0
2005-06-14,19.0,19.04,18.96,19.04,4.601741712692219,12600,0.0000,1.0
2005-06-15,19.1,19.13,18.7,18.99,4.589657306934098,14200,0.0000,1.0
2005-06-16,19.12,19.15,18.93,19.0,4.592074188085722,8500,0.0000,1.0
2005-06-17,19.2,19.2,18.7,18.9,4.567905376569481,26400,0.0000,1.0
2005-06-20,18.95,19.04,18.91,18.95,4.579989782327602,14600,0.0000,1.0
2005-06-21,18.81,19.22,18.81,18.98,4.587240425782475,11900,0.0000,1.0
2005-06-22,19.29,19.29,18.8,18.8,4.5437365650532415,5000,0.0000,1.0
2005-06-23,18.46,18.67,18.23,18.25,4.410808101713918,12500,0.0000,1.0
2005-06-24,18.3,18.64,18.25,18.25,4.410808101713918,30600,0.0000,1.0
2005-06-27,18.25,18.29,18.21,18.25,4.410808101713918,13500,0.0000,1.0
2005-06-28,18.35,18.72,18.3,18.56,4.4857314174142635,26100,0.0000,1.0
2005-06-29,18.58,19.02,18.5,18.88,4.563071614266233,100100,0.0000,1.0
2005-06-30,19.1,19.49,18.4,18.87,4.5606547331146094,28800,0.0000,1.0
2005-07-01,18.6,18.6,18.31,18.31,4.425309388623662,10800,0.0000,1.0
2005-07-05,18.7,19.31,18.27,19.28,4.659746860331197,14800,0.0000,1.0
2005-07-06,19.06,19.48,18.47,18.99,4.589657306934098,31300,0.0000,1.0
2005-07-07,18.56,19.14,18.56,18.96,4.582406663479226,45100,0.0000,1.0
2005-07-08,18.75,20.55,18.75,20.33,4.913519381251723,34300,0.0000,1.0
2005-07-11,20.52,22.79,20.52,22.05,5.329222939331062,58900,0.0000,1.0
2005-07-12,22.25,22.96,20.98,21.17,5.116537397988145,72900,0.0000,1.0
2005-07-13,21.44,21.67,19.5,20.05,4.845846709006249,42400,0.0000,1.0
2005-07-14,20.39,20.6,19.56,19.56,4.72741953257667,24000,0.0000,1.0
2005-07-15,19.46,19.76,18.93,19.32,4.669414384937692,9000,0.0000,1.0
2005-07-18,19.47,19.9,18.9,19.4,4.688749434150685,10100,0.0000,1.0
2005-07-19,19.4,19.59,18.97,19.38,4.683915671847437,21800,0.0000,1.0
2005-07-20,19.3,20.3,19.1,20.19,4.879683045128987,10600,0.0000,1.0
2005-07-21,20.35,21.22,20.14,21.16,5.11412051683652,13300,0.0000,1.0
2005-07-22,21.59,22.97,20.76,22.34,5.39931249272816,82900,0.0000,1.0
2005-07-25,22.51,22.8,21.11,21.95,5.305054127814821,48100,0.0000,1.0
2005-07-26,22.0,22.47,21.76,22.11,5.3437242262408065,22000,0.0000,1.0
2005-07-27,21.54,23.12,21.21,23.11,5.585412341403213,31200,0.0000,1.0
2005-07-28,23.26,23.45,22.74,23.23,5.614414915222702,32000,0.0000,1.0
2005-07-29,23.33,23.8,23.02,23.24,5.616831796374325,15300,0.0000,1.0
2005-08-01,23.0,23.78,22.67,23.26,5.621665558677575,15000,0.0000,1.0
2005-08-02,23.22,23.61,22.51,23.54,5.689338230923047,14500,0.0000,1.0
2005-08-03,23.42,23.42,22.76,22.95,5.546742242977228,16700,0.0000,1.0
2005-08-04,22.95,22.96,22.7,22.95,5.546742242977228,7100,0.0000,1.0
2005-08-05,22.38,22.73,21.84,21.84,5.278468435146957,13800,0.0000,1.0
2005-08-08,21.85,22.01,21.84,21.8601,5.283326366261721,6300,0.0000,1.0
2005-08-09,21.74,21.84,20.86,20.99,5.073033537258911,16400,0.0000,1.0
2005-08-10,21.22,21.55,20.87,21.01,5.077867299562159,7300,0.0000,1.0
2005-08-11,20.52,21.16,20.52,21.13,5.1068698733816476,2000,0.0000,1.0
2005-08-12,21.56,21.56,20.1,20.82,5.0319465576813025,7200,0.0000,1.0
2005-08-15,20.84,21.78,20.82,21.47,5.189043832536866,4800,0.0000,1.0
2005-08-16,20.86,21.07,20.63,20.63,4.986025815800445,10300,0.0000,1.0
2005-08-17,21.11,21.26,20.68,20.69,5.00052710271019,3500,0.0000,1.0
2005-08-18,20.65,21.48,20.65,21.0,5.075450418410536,12800,0.0000,1.0
2005-08-19,21.4,21.59,20.95,21.45,5.184210070233618,12800,0.0000,1.0
2005-08-22,21.48,21.77,21.04,21.77,5.261550267085588,14800,0.0000,1.0
2005-08-23,21.9,21.9,21.05,21.5,5.196294475991738,11800,0.0000,1.0
2005-08-24,22.25,22.25,21.1,21.44,5.181793189081994,19400,0.0000,1.0
2005-08-25,21.79,21.89,21.24,21.69,5.242215217872596,6200,0.0000,1.0
2005-08-26,21.37,21.97,21.02,21.67,5.237381455569348,11100,0.0000,1.0
2005-08-29,21.48,21.83,20.8,21.55,5.208378881749859,37300,0.0000,1.0
2005-08-30,21.31,21.9,21.26,21.59,5.218046406356355,2800,0.0000,1.0
2005-08-31,21.99,22.176,21.82,22.11,5.3437242262408065,30000,0.0000,1.0
2005-09-01,22.3,22.6,21.89,22.35,5.4017293738797845,60500,0.0000,1.0
2005-09-02,22.11,22.2,21.68,21.79,5.266384029388836,25000,0.0000,1.0
2005-09-06,21.91,23.0,21.63,23.0,5.558826648735348,54600,0.0000,1.0
2005-09-07,22.85,23.16,22.82,23.16,5.597496747161333,43300,0.0000,1.0
2005-09-08,23.14,23.98,22.82,22.93,5.54190848067398,37000,0.0000,1.0
2005-09-09,22.76,22.9,22.0001,22.49,5.43556571000252,28900,0.0000,1.0
2005-09-12,22.58,22.72,22.5,22.55,5.450066996912265,32700,0.0000,1.0
2005-09-13,22.44,22.81,22.05,22.05,5.329222939331062,5200,0.0000,1.0
2005-09-14,22.0,22.25,21.22,21.45,5.184210070233618,14600,0.0000,1.0
2005-09-15,21.27,21.37,20.9,21.05,5.087534824168656,11600,0.0000,1.0
2005-09-16,21.25,21.52,21.04,21.51,5.198711357143363,29600,0.0000,1.0
2005-09-19,21.66,21.66,21.17,21.29,5.145539971807633,5800,0.0000,1.0
2005-09-20,21.06,21.45,21.06,21.28,5.143123090656009,11200,0.0000,1.0
2005-09-21,21.23,21.37,21.0,21.21,5.126204922594641,16100,0.0000,1.0
2005-09-22,21.21,21.7,21.21,21.38,5.167291902172249,12600,0.0000,1.0
2005-09-23,21.3,21.41,21.14,21.25,5.135872447201137,8300,0.0000,1.0
2005-09-26,21.51,21.99,21.24,21.36,5.162458139869002,8000,0.0000,1.0
2005-09-27,21.25,21.27,21.0,21.11,5.1020361110784,11000,0.0000,1.0
2005-09-28,21.64,21.64,20.97,21.06,5.08995170532028,23200,0.0000,1.0
2005-09-29,20.9,21.18,20.9,21.18,5.118954279139769,2500,0.0000,1.0
2005-09-30,21.58,21.94,21.58,21.89,5.290552840905077,7400,0.0000,1.0
2005-10-03,22.17,23.1,22.09,22.43,5.421064423092776,21300,0.0000,1.0
2005-10-04,22.64,22.71,22.329,22.38,5.408980017334656,18200,0.0000,1.0
2005-10-05,22.54,22.54,22.04,22.04,5.326806058179438,6700,0.0000,1.0
2005-10-06,21.83,21.83,20.8,20.92,5.056115369197543,13800,0.0000,1.0
2005-10-07,21.15,21.44,20.99,21.15,5.111703635684896,12900,0.0000,1.0
2005-10-10,21.08,21.54,21.08,21.35,5.160041258717378,5100,0.0000,1.0
2005-10-11,21.56,21.56,20.66,20.67,4.995693340406942,18600,0.0000,1.0
2005-10-12,20.7,20.98,20.0,20.0,4.833762303248129,8400,0.0000,1.0
2005-10-13,20.0,20.34,19.28,20.34,4.915936262403347,13500,0.0000,1.0
2005-10-14,20.55,20.55,19.91,20.06,4.848263590157873,6800,0.0000,1.0
2005-10-17,20.0,20.0,19.5,19.85,4.797509085973768,8200,0.0000,1.0
2005-10-18,19.72,19.8205,19.4,19.63,4.744337700638038,32100,0.0000,1.0
2005-10-19,19.5,20.48,19.5,20.48,4.949772598526084,5400,0.0000,1.0
2005-10-20,20.47,20.47,19.59,19.79,4.783007799064023,12400,0.0000,1.0
2005-10-21,19.65,20.3,19.52,20.05,4.845846709006249,7200,0.0000,1.0
2005-10-24,20.09,21.07,19.83,21.07,5.0923685864719035,3800,0.0000,1.0
2005-10-25,21.14,21.42,20.65,20.92,5.056115369197543,3700,0.0000,1.0
2005-10-26,21.2,21.39,20.43,20.57,4.971524528890701,7900,0.0000,1.0
2005-10-27,20.74,20.84,20.18,20.18,4.877266163977362,31500,0.0000,1.0
2005-10-28,20.265,20.285,19.99,20.24,4.891767450887106,9900,0.0000,1.0
2005-10-31,20.73,21.22,20.66,20.97,5.068199774955663,9700,0.0000,1.0
2005-11-01,20.77,21.17,20.25,20.96,5.065782893804039,6800,0.0000,1.0
2005-11-02,21.065,21.98,21.065,21.65,5.232547693266099,14000,0.0000,1.0
2005-11-03,21.5,22.37,21.5,22.06,5.331639820482686,9900,0.0000,1.0
2005-11-04,21.77,23.64,21.77,22.35,5.4017293738797845,12400,0.0000,1.0
2005-11-07,22.54,22.9,21.919,22.22,5.370309918908671,11200,0.0000,1.0
2005-11-08,22.02,22.02,21.75,22.0,5.317138533572942,5500,0.0000,1.0
2005-11-09,22.02,22.04,21.8725,21.8725,5.286323298889735,14500,0.0000,1.0
2005-11-10,21.88,22.24,21.75,21.96,5.307471008966446,5800,0.0000,1.0
2005-11-11,21.76,22.28,21.61,21.99,5.314721652421317,7500,0.0000,1.0
2005-11-14,21.81,21.81,21.65,21.7,5.244632099024219,1300,0.0000,1.0
2005-11-15,22.04,22.04,19.93,20.1,4.85793111476437,8600,0.0000,1.0
2005-11-16,19.97,20.05,19.76,19.96,4.824094778641633,7500,0.0000,1.0
2005-11-17,20.28,20.28,19.46,19.69,4.758838987547783,11500,0.0000,1.0
2005-11-18,20.01,20.01,18.55,18.64,4.505066466627256,69400,0.0000,1.0
2005-11-21,18.65,19.12,18.65,19.12,4.621076761905211,7900,0.0000,1.0
2005-11-22,19.22,20.38,19.14,19.67,4.754005225244535,30400,0.0000,1.0
2005-11-23,19.77,19.78,19.691,19.76,4.775757155609152,7300,0.0000,1.0
2005-11-25,20.08,20.34,20.0,20.12,4.862764877067618,1500,0.0000,1.0
2005-11-28,19.71,19.76,19.0,19.1,4.616242999601964,7900,0.0000,1.0
2005-11-29,19.33,19.33,19.0,19.0,4.592074188085722,2100,0.0000,1.0
2005-11-30,18.9,19.18,18.9,19.18,4.635578048814955,10000,0.0000,1.0
2005-12-01,18.85,19.59,18.85,19.51,4.71533512681855,40300,0.0000,1.0
2005-12-02,19.83,19.83,19.05,19.06,4.606575474995466,2500,0.0000,1.0
2005-12-05,19.06,19.75,18.95,19.59,4.734670176031543,33400,0.0000,1.0
2005-12-06,19.8,20.31,19.64,19.68,4.756422106396159,6900,0.0000,1.0
2005-12-07,19.82,19.82,19.52,19.6,4.7370870571831665,6500,0.0000,1.0
2005-12-08,19.51,19.84,19.48,19.66,4.7515883440929105,6400,0.0000,1.0
2005-12-09,19.13,19.43,18.58,18.84,4.553404089659737,10400,0.0000,1.0
2005-12-12,18.9,19.15,18.9,19.15,4.628327405360083,6800,0.0000,1.0
2005-12-13,18.95,19.2,18.95,19.02,4.59690795038897,10300,0.0000,1.0
2005-12-14,19.98,20.59,19.38,19.38,4.683915671847437,27200,0.0000,1.0
2005-12-15,19.67,19.67,18.3,18.7,4.519567753537,38300,0.0000,1.0
2005-12-16,18.75,18.75,18.18,18.36,4.437393794381782,45600,0.0000,1.0
2005-12-19,18.19,18.48,18.1,18.32,4.427726269775286,21500,0.0000,1.0
2005-12-20,17.94,18.5,17.94,18.33,4.430143150926909,11400,0.0000,1.0
2005-12-21,18.48,18.71,18.21,18.29,4.420475626320414,186200,0.0000,1.0
2005-12-22,18.46,18.479,18.12,18.12,4.379388646742805,4200,0.0000,1.0
2005-12-23,17.93,18.09,17.9,17.92,4.331051023710324,2100,0.0000,1.0
2005-12-27,17.72,18.37,17.72,17.87,4.318966617952204,8000,0.0000,1.0
2005-12-28,17.96,18.0968,17.84,17.93,4.333467904861948,5100,0.0000,1.0
2005-12-29,18.36,18.4316,17.78,17.87,4.318966617952204,7200,0.0000,1.0
2005-12-30,17.62,18.18,17.57,17.96,4.34071854831682,12100,0.0000,1.0
2006-01-03,18.53,18.53,17.9,18.32,4.427726269775286,5400,0.0000,1.0
2006-01-04,17.92,19.85,17.9,19.7,4.761255868699407,25500,0.0000,1.0
2006-01-05,19.71,19.71,18.3,18.39,4.444644437836654,11300,0.0000,1.0
2006-01-06,18.37,18.87,18.3,18.67,4.512317110082129,17100,0.0000,1.0
2006-01-09,18.67,18.77,18.45,18.58,4.490565179717511,1800,0.0000,1.0
2006-01-10,18.38,18.93,18.38,18.89,4.565488495417858,2300,0.0000,1.0
2006-01-11,18.73,18.73,18.37,18.52,4.476063892807767,14100,0.0000,1.0
2006-01-12,18.37,18.38,18.09,18.29,4.420475626320414,11700,0.0000,1.0
2006-01-13,18.49,18.64,18.32,18.61,4.497815823172384,2900,0.0000,1.0
2006-01-17,18.37,19.0,18.37,18.5,4.4712301305045195,6600,0.0000,1.0
2006-01-18,18.26,18.47,18.26,18.27,4.415641864017165,1300,0.0000,1.0
2006-01-19,18.39,19.13,18.39,19.11,4.618659880753587,5200,0.0000,1.0
2006-01-20,19.37,19.37,18.37,18.44,4.456728843594775,9400,0.0000,1.0
2006-01-23,18.37,19.14,18.37,18.82,4.548570327356489,4600,0.0000,1.0
2006-01-24,18.51,19.62,18.51,19.46,4.70325072106043,9700,0.0000,1.0
2006-01-25,19.66,19.66,19.01,19.34,4.674248147240941,3500,0.0000,1.0
2006-01-26,19.38,19.85,19.04,19.85,4.797509085973768,14800,0.0000,1.0
2006-01-27,19.85,20.64,19.85,20.62,4.983608934648821,21500,0.0000,1.0
2006-01-30,20.08,21.74,20.08,21.36,5.162458139869002,19200,0.0000,1.0
2006-01-31,21.91,21.91,21.02,21.05,5.087534824168656,31800,0.0000,1.0
2006-02-01,20.85,22.53,20.85,22.24,5.375143681211919,145200,0.0000,1.0
2006-02-02,22.3,22.3,21.0,22.03,5.324389177027815,19400,0.0000,1.0
2006-02-03,21.97,22.14,21.5,21.9,5.292969722056701,10100,0.0000,1.0
2006-02-06,21.67,21.95,21.5,21.94,5.302637246663197,13400,0.0000,1.0
2006-02-07,21.99,21.99,21.58,21.74,5.254299623630716,6700,0.0000,1.0
2006-02-08,22.04,22.05,21.56,21.58,5.21562952520473,6200,0.0000,1.0
2006-02-09,21.38,22.02,21.38,21.78,5.263967148237213,13000,0.0000,1.0
2006-02-10,21.6,21.94,21.6,21.94,5.302637246663197,2400,0.0000,1.0
2006-02-13,21.61,22.13,21.25,21.36,5.162458139869002,2400,0.0000,1.0
2006-02-14,21.18,21.93,21.18,21.74,5.254299623630716,1500,0.0000,1.0
2006-02-15,21.68,22.33,21.62,22.33,5.396895611576536,1900,0.0000,1.0
2006-02-16,22.33,22.5,22.12,22.49,5.43556571000252,5300,0.0000,1.0
2006-02-17,22.67,22.82,22.46,22.79,5.508072144551242,4100,0.0000,1.0
2006-02-21,22.13,22.22,21.6001,22.0,5.317138533572942,6600,0.0000,1.0
2006-02-22,22.23,22.95,22.23,22.95,5.546742242977228,4300,0.0000,1.0
2006-02-23,22.99,23.38,22.89,23.18,5.602330509464581,9500,0.0000,1.0
2006-02-24,22.7,23.04,22.69,22.92,5.539491599522356,1900,0.0000,1.0
2006-02-27,22.73,23.26,22.09,22.42,5.418647541941153,11400,0.0000,1.0
2006-02-28,22.67,22.68,22.41,22.55,5.450066996912265,5500,0.0000,1.0
2006-03-01,22.31,23.44,22.31,22.81,5.512905906854491,7200,0.0000,1.0
2006-03-02,22.56,22.65,21.76,22.06,5.331639820482686,12200,0.0000,1.0
2006-03-03,22.0,22.73,22.0,22.59,5.459734521518762,3500,0.0000,1.0
2006-03-06,22.57,22.57,22.0,22.0,5.317138533572942,4200,0.0000,1.0
2006-03-07,22.0,22.55,21.67,21.92,5.2978034843599495,12200,0.0000,1.0
2006-03-08,21.51,21.76,21.48,21.48,5.191460713688491,3500,0.0000,1.0
2006-03-09,21.81,21.81,21.5,21.5,5.196294475991738,5500,0.0000,1.0
2006-03-10,21.51,21.6,21.22,21.6,5.22046328750798,9000,0.0000,1.0
2006-03-13,21.46,21.69,21.3,21.52,5.201128238294986,47500,0.0000,1.0
2006-03-14,21.92,22.25,21.78,21.98,5.312304771269694,20900,0.0000,1.0
2006-03-15,21.99,22.0,21.8,21.95,5.305054127814821,8300,0.0000,1.0
2006-03-16,22.0,22.29,22.0,22.08,5.336473582785934,10900,0.0000,1.0
2006-03-17,22.25,22.25,21.4401,21.55,5.208378881749859,55500,0.0000,1.0
2006-03-20,21.55,21.79,21.28,21.58,5.21562952520473,6500,0.0000,1.0
2006-03-21,21.23,21.4,20.92,21.11,5.1020361110784,23800,0.0000,1.0
2006-03-22,21.15,21.49,20.76,21.36,5.162458139869002,13700,0.0000,1.0
2006-03-23,21.51,21.51,21.22,21.36,5.162458139869002,1600,0.0000,1.0
2006-03-24,20.79,21.52,20.78,21.27,5.140706209504385,1400,0.0000,1.0
2006-03-27,21.56,21.78,21.01,21.6,5.22046328750798,11200,0.0000,1.0
2006-03-28,21.5775,21.94,21.42,21.57,5.213212644053107,5000,0.0000,1.0
2006-03-29,22.34,22.44,21.7,22.44,5.423481304244401,5600,0.0000,1.0
2006-03-30,22.21,22.21,21.97,21.98,5.312304771269694,3100,0.0000,1.0
2006-03-31,22.33,22.42,20.75,21.78,5.263967148237213,7900,0.0000,1.0
2006-04-03,21.18,22.28,21.18,21.69,5.242215217872596,15500,0.0000,1.0
2006-04-04,21.61,21.96,21.61,21.64,5.230130812114475,12000,0.0000,1.0
2006-04-05,21.71,21.9499,21.52,21.74,5.254299623630716,4700,0.0000,1.0
2006-04-06,21.65,21.8,21.6,21.66,5.234964574417724,7000,0.0000,1.0
2006-04-07,21.25,21.98,21.25,21.85,5.280885316298581,15000,0.0000,1.0
2006-04-10,21.85,22.34,21.62,22.34,5.39931249272816,10000,0.0000,1.0
2006-04-11,22.23,22.79,22.23,22.7,5.486320214186626,16100,0.0000,1.0
2006-04-12,22.94,23.44,22.7,23.44,5.665169419406808,2600,0.0000,1.0
2006-04-13,23.45,23.71,23.03,23.71,5.730425210500657,3200,0.0000,1.0
2006-04-17,23.85,24.04,23.81,23.92,5.781179714684763,3000,0.0000,1.0
2006-04-18,24.05,25.92,24.05,25.75,6.223468965431966,9400,0.0000,1.0
2006-04-19,25.5,27.72,25.49,27.72,6.699594552301907,17400,0.0000,1.0
2006-04-20,27.17,27.33,26.92,27.0,6.5255791093849735,12100,0.0000,1.0
2006-04-21,27.37,27.37,25.51,25.62,6.192049510460853,18700,0.0000,1.0
2006-04-24,25.98,25.98,24.05,24.16,5.83918486232374,12500,0.0000,1.0
2006-04-25,24.55,24.8,24.08,24.8,5.99386525602768,9400,0.0000,1.0
2006-04-26,25.1,25.87,24.25,24.51,5.923775702630582,10800,0.0000,1.0
2006-04-27,24.55,25.16,24.25,24.81,5.996282137179303,4600,0.0000,1.0
2006-04-28,24.75,24.75,24.29,24.59,5.943110751843575,6600,0.0000,1.0
2006-05-01,24.82,25.27,24.28,24.5,5.921358821478958,14000,0.0000,1.0
2006-05-02,24.9,24.9,24.25,24.35,5.885105604204597,3600,0.0000,1.0
2006-05-03,24.62,24.62,23.82,23.82,5.7570109031685215,11800,0.0000,1.0
2006-05-04,23.97,24.73,23.81,24.49,5.918941940327334,7100,0.0000,1.0
2006-05-05,24.62,25.63,24.23,25.49,6.16063005548974,11800,0.0000,1.0
2006-05-08,25.36,25.86,25.36,25.58,6.182381985854357,4600,0.0000,1.0
2006-05-09,25.06,25.74,25.0,25.21,6.092957383244267,3600,0.0000,1.0
2006-05-10,25.17,25.94,24.28,24.32,5.877854960749724,5300,0.0000,1.0
2006-05-11,24.49,24.6,22.0,22.1,5.341307345089183,14200,0.0000,1.0
2006-05-12,21.85,22.26,21.5,21.98,5.312304771269694,10000,0.0000,1.0
2006-05-15,21.71,22.15,21.71,21.95,5.305054127814821,12000,0.0000,1.0
2006-05-16,22.1,22.5,21.73,22.17,5.358225513150551,15100,0.0000,1.0
2006-05-17,21.92,23.5,21.92,23.01,5.561243529886973,33400,0.0000,1.0
2006-05-18,23.13,23.84,22.82,23.35,5.643417489042191,13100,0.0000,1.0
2006-05-19,23.2,23.25,22.75,22.91,5.537074718370731,24100,0.0000,1.0
2006-05-22,22.68,23.03,22.61,22.66,5.47665268958013,34000,0.0000,1.0
2006-05-23,22.63,22.81,21.87,22.0,5.317138533572942,12100,0.0000,1.0
2006-05-24,21.73,22.72,21.72,22.65,5.474235808428506,12800,0.0000,1.0
2006-05-25,23.0,23.21,22.58,22.82,5.515322788006115,11500,0.0000,1.0
2006-05-26,22.96,23.01,22.75,22.75,5.498404619944747,14800,0.0000,1.0
2006-05-30,22.59,23.29,22.04,22.47,5.430731947699273,13800,0.0000,1.0
2006-05-31,22.26,22.8399,22.03,22.55,5.450066996912265,8400,0.0000,1.0
2006-06-01,23.03,23.63,22.72,23.56,5.694171993226296,18000,0.0000,1.0
2006-06-02,23.73,23.73,23.13,23.59,5.701422636681168,9200,0.0000,1.0
2006-06-05,23.3,23.43,22.53,22.61,5.464568283822009,18200,0.0000,1.0
2006-06-06,22.5,22.96,22.01,22.27,5.382394324666792,14000,0.0000,1.0
2006-06-07,24.29,24.5,22.84,23.21,5.6095811529194535,24100,0.0000,1.0
2006-06-08,23.4,23.54,22.14,23.54,5.689338230923047,14200,0.0000,1.0
2006-06-09,23.2,23.2,22.52,22.52,5.442816353457393,4800,0.0000,1.0
2006-06-12,22.22,23.05,22.02,22.14,5.350974869695679,15800,0.0000,1.0
2006-06-13,22.53,23.12,22.1,22.23,5.3727268000602955,9100,0.0000,1.0
2006-06-14,22.02,22.8,21.74,21.9,5.292969722056701,8900,0.0000,1.0
2006-06-15,22.11,23.01,21.82,23.01,5.561243529886973,21600,0.0000,1.0
2006-06-16,22.9,22.92,22.37,22.44,5.423481304244401,83900,0.0000,1.0
2006-06-19,22.55,23.09,22.4106,22.57,5.454900759215514,13500,0.0000,1.0
2006-06-20,22.41,22.99,22.39,22.89,5.532240956067484,4400,0.0000,1.0
2006-06-21,22.98,24.29,22.78,23.84,5.761844665471769,18500,0.0000,1.0
2006-06-22,23.65,23.66,22.77,22.92,5.539491599522356,12800,0.0000,1.0
2006-06-23,22.71,22.88,22.31,22.5,5.437982591154145,8200,0.0000,1.0
2006-06-26,22.75,23.36,22.5,23.36,5.645834370193814,16000,0.0000,1.0
2006-06-27,23.3,24.0,23.01,23.17,5.599913628312958,20700,0.0000,1.0
2006-06-28,23.14,23.89,23.14,23.81,5.754594022016897,26600,0.0000,1.0
2006-06-29,23.91,24.0,23.66,23.98,5.795681001594507,40200,0.0000,1.0
2006-06-30,24.0,24.34,23.72,23.93,5.783596595836386,131000,0.0000,1.0
2006-07-03,24.24,24.76,24.03,24.08,5.819849813110746,28200,0.0000,1.0
2006-07-05,23.73,24.04,22.73,22.81,5.512905906854491,19700,0.0000,1.0
2006-07-06,22.61,23.02,21.67,21.91,5.295386603208325,43600,0.0000,1.0
2006-07-07,21.65,22.49,21.36,21.37,5.164875021020626,25400,0.0000,1.0
2006-07-10,21.28,21.86,21.28,21.79,5.266384029388836,16600,0.0000,1.0
2006-07-11,22.07,24.09,22.01,24.08,5.819849813110746,47300,0.0000,1.0
2006-07-12,24.13,24.5,22.93,23.0,5.558826648735348,16600,0.0000,1.0
2006-07-13,22.6,23.36,22.56,22.99,5.556409767583724,20900,0.0000,1.0
2006-07-14,22.77,22.77,22.03,22.28,5.384811205818416,9000,0.0000,1.0
2006-07-17,22.06,22.43,21.89,22.09,5.338890463937559,7500,0.0000,1.0
2006-07-18,22.33,23.32,22.07,23.04,5.568494173341844,21200,0.0000,1.0
2006-07-19,23.02,24.21,23.02,24.1,5.824683575413996,12800,0.0000,1.0
2006-07-20,24.57,24.78,23.0,23.03,5.56607729219022,23000,0.0000,1.0
2006-07-21,22.8,22.8,21.54,22.1,5.341307345089183,21400,0.0000,1.0
2006-07-24,22.35,22.97,21.93,22.28,5.384811205818416,14400,0.0000,1.0
2006-07-25,22.21,23.14,21.75,22.72,5.4911539764898745,16800,0.0000,1.0
2006-07-26,22.47,23.15,22.3,23.09,5.5805785790999645,6400,0.0000,1.0
2006-07-27,23.3,23.3,22.36,22.36,5.404146255031408,8200,0.0000,1.0
2006-07-28,22.59,23.53,22.48,23.39,5.6530850136486865,7800,0.0000,1.0
2006-07-31,23.02,23.45,22.77,23.43,5.662752538255183,12100,0.0000,1.0
2006-08-01,23.76,24.0,22.99,23.3,5.63133308328407,34800,0.0000,1.0
2006-08-02,23.52,24.0,22.79,22.89,5.532240956067484,20100,0.0000,1.0
2006-08-03,22.73,22.74,22.09,22.62,5.466985164973634,11600,0.0000,1.0
2006-08-04,22.94,23.44,22.3,22.73,5.493570857641498,12700,0.0000,1.0
2006-08-07,22.47,24.0,22.47,23.99,5.79809788274613,14900,0.0000,1.0
2006-08-08,23.93,23.99,23.14,23.23,5.614414915222702,16700,0.0000,1.0
2006-08-09,23.63,23.99,22.51,23.05,5.570911054493469,28400,0.0000,1.0
2006-08-10,22.74,23.89,22.71,23.67,5.720757685894161,19600,0.0000,1.0
2006-08-11,23.8,23.8,22.85,22.85,5.522573431460987,5300,0.0000,1.0
2006-08-14,22.69,22.69,21.75,21.75,5.25671650478234,13600,0.0000,1.0
2006-08-15,22.08,22.6,21.72,21.8,5.2688009105404605,78200,0.0000,1.0
2006-08-16,22.02,22.73,22.02,22.32,5.394478730424912,10600,0.0000,1.0
2006-08-17,22.32,22.32,21.83,21.97,5.30988789011807,13400,0.0000,1.0
2006-08-18,22.16,22.31,21.99,22.0,5.317138533572942,23600,0.0000,1.0
2006-08-21,21.95,21.95,20.95,21.24,5.133455566049513,7900,0.0000,1.0
2006-08-22,21.59,21.74,20.64,21.44,5.181793189081994,17300,0.0000,1.0
2006-08-23,21.56,22.18,21.5,21.65,5.232547693266099,7600,0.0000,1.0
2006-08-24,21.5856,21.8,21.2,21.8,5.2688009105404605,6000,0.0000,1.0
2006-08-25,21.88,22.0,21.79,21.94,5.302637246663197,1500,0.0000,1.0
2006-08-28,22.0,22.17,21.69,22.16,5.355808631998927,7900,0.0000,1.0
2006-08-29,22.2,22.38,22.11,22.19,5.363059275453799,17700,0.0000,1.0
2006-08-30,22.2,22.92,22.2,22.69,5.483903333035003,5300,0.0000,1.0
2006-08-31,22.93,23.0,21.97,22.01,5.319555414724566,15700,0.0000,1.0
2006-09-01,21.94,21.94,21.12,21.68,5.2397983367209715,17300,0.0000,1.0
2006-09-05,21.79,22.12,21.65,21.81,5.271217791692084,7900,0.0000,1.0
2006-09-06,21.6,21.93,20.89,20.96,5.065782893804039,26700,0.0000,1.0
2006-09-07,19.23,20.83,18.85,19.68,4.756422106396159,48300,0.0000,1.0
2006-09-08,19.76,19.76,18.94,19.02,4.59690795038897,21400,0.0000,1.0
2006-09-11,18.99,19.1,18.42,19.02,4.59690795038897,47100,0.0000,1.0
2006-09-12,19.13,20.98,19.03,20.9,5.051281606894294,40800,0.0000,1.0
2006-09-13,20.95,21.31,20.79,21.3,5.147956852959258,13700,0.0000,1.0
2006-09-14,21.31,21.31,20.9,21.07,5.0923685864719035,13900,0.0000,1.0
2006-09-15,21.21,21.22,20.95,21.08,5.094785467623527,51700,0.0000,1.0
2006-09-18,21.21,21.39,21.0,21.2,5.123788041443016,30300,0.0000,1.0
2006-09-19,21.2,21.32,21.09,21.32,5.152790615262505,12800,0.0000,1.0
2006-09-20,21.41,21.45,21.3,21.41,5.174542545627122,15900,0.0000,1.0
2006-09-21,21.41,21.61,21.4,21.61,5.222880168659603,11500,0.0000,1.0
2006-09-22,21.61,21.71,21.45,21.62,5.2252970498112274,22300,0.0000,1.0
2006-09-25,21.65,21.92,21.45,21.92,5.2978034843599495,14100,0.0000,1.0
2006-09-26,21.92,22.18,21.86,22.13,5.348557988544054,7900,0.0000,1.0
2006-09-27,21.9,23.38,21.9,23.31,5.633749964435694,20100,0.0000,1.0
2006-09-28,23.3,23.3,22.4,22.67,5.479069570731754,21900,0.0000,1.0
2006-09-29,22.75,22.75,22.09,22.13,5.348557988544054,30300,0.0000,1.0
2006-10-02,21.94,21.99,21.45,21.7,5.244632099024219,28500,0.0000,1.0
2006-10-03,21.55,21.67,20.63,20.73,5.010194627316686,29000,0.0000,1.0
2006-10-04,20.75,22.23,20.75,22.23,5.3727268000602955,21500,0.0000,1.0
2006-10-05,22.2,23.47,22.2,23.47,5.672420062861679,9900,0.0000,1.0
2006-10-06,23.47,23.79,23.22,23.74,5.737675853955529,6200,0.0000,1.0
2006-10-09,23.79,24.05,23.79,24.01,5.802931645049379,9100,0.0000,1.0
2006-10-10,24.0,24.0,21.83,22.24,5.375143681211919,28500,0.0000,1.0
2006-10-11,22.44,23.15,22.14,22.35,5.4017293738797845,19900,0.0000,1.0
2006-10-12,22.55,24.0,22.15,23.97,5.793264120442882,15400,0.0000,1.0
2006-10-13,24.0,24.16,23.84,23.89,5.77392907122989,17200,0.0000,1.0
2006-10-16,24.0,24.02,23.71,24.0,5.8005147638977546,14500,0.0000,1.0
2006-10-17,23.66,24.01,23.52,24.0,5.8005147638977546,15300,0.0000,1.0
2006-10-18,24.0,24.06,23.52,23.91,5.778762833533138,11400,0.0000,1.0
2006-10-19,23.78,24.25,23.62,24.25,5.860936792688356,14200,0.0000,1.0
2006-10-20,24.25,24.25,23.84,23.95,5.788430358139634,26900,0.0000,1.0
2006-10-23,23.75,24.0,23.49,23.99,5.79809788274613,7500,0.0000,1.0
2006-10-24,23.85,24.07,23.45,23.65,5.715923923590912,14300,0.0000,1.0
2006-10-25,23.92,24.23,23.47,23.91,5.778762833533138,15100,0.0000,1.0
2006-10-26,24.14,24.22,23.64,24.0,5.8005147638977546,50400,0.0000,1.0
2006-10-27,23.82,24.35,23.81,23.98,5.795681001594507,143100,0.0000,1.0
2006-10-30,23.79,24.1,23.7,24.02,5.805348526201002,13400,0.0000,1.0
2006-10-31,24.1,24.11,23.89,23.97,5.793264120442882,27600,0.0000,1.0
2006-11-01,23.77,24.03,23.75,23.99,5.79809788274613,21900,0.0000,1.0
2006-11-02,23.75,24.05,23.538,23.87,5.769095308926642,11700,0.0000,1.0
2006-11-03,24.05,24.05,23.71,23.99,5.79809788274613,21000,0.0000,1.0
2006-11-06,23.84,24.02,23.72,23.96,5.790847239291258,16100,0.0000,1.0
2006-11-07,23.91,24.17,23.66,23.75,5.740092735107153,33800,0.0000,1.0
2006-11-08,23.68,24.76,23.68,24.45,5.909274415720837,27600,0.0000,1.0
2006-11-09,24.63,24.63,23.18,23.37,5.648251251345439,18900,0.0000,1.0
2006-11-10,23.65,24.23,23.63,23.93,5.783596595836386,23100,0.0000,1.0
2006-11-13,23.91,24.34,23.64,24.0,5.8005147638977546,25900,0.0000,1.0
2006-11-14,23.99,24.14,23.88,24.0,5.8005147638977546,29800,0.0000,1.0
2006-11-15,24.0,24.11,23.91,24.0,5.8005147638977546,15500,0.0000,1.0
2006-11-16,24.09,24.23,23.88,24.0,5.8005147638977546,25300,0.0000,1.0
2006-11-17,24.0,24.2,23.67,23.99,5.79809788274613,21600,0.0000,1.0
2006-11-20,23.89,24.05,23.29,24.01,5.802931645049379,15000,0.0000,1.0
2006-11-21,23.87,24.18,23.55,23.98,5.795681001594507,21700,0.0000,1.0
2006-11-22,24.12,24.29,23.82,23.82,5.7570109031685215,3600,0.0000,1.0
2006-11-24,23.62,23.76,23.49,23.76,5.742509616258777,4500,0.0000,1.0
2006-11-27,23.62,23.62,23.19,23.26,5.621665558677575,16700,0.0000,1.0
2006-11-28,23.15,24.01,23.15,23.83,5.759427784320145,24600,0.0000,1.0
2006-11-29,23.83,24.1,23.83,24.0,5.8005147638977546,20700,0.0000,1.0
2006-11-30,23.92,24.19,23.71,23.87,5.769095308926642,15300,0.0000,1.0
2006-12-01,24.0,24.0,22.98,23.65,5.715923923590912,17500,0.0000,1.0
2006-12-04,23.65,24.19,23.3,24.0,5.8005147638977546,16200,0.0000,1.0
2006-12-05,24.31,24.54,23.82,23.93,5.783596595836386,14700,0.0000,1.0
2006-12-06,24.86,29.39,24.86,27.92,6.747932175334388,116000,0.0000,1.0
2006-12-07,28.0,28.0,27.37,27.52,6.651256929269425,36100,0.0000,1.0
2006-12-08,27.62,27.76,27.0,27.49,6.6440062858145525,26000,0.0000,1.0
2006-12-11,27.69,28.05,27.42,28.0,6.76726722454738,47900,0.0000,1.0
2006-12-12,27.82,30.06,27.82,29.9999,7.250619286060677,90500,0.0000,1.0
2006-12-13,30.0,31.1,29.69,30.86,7.458495233911862,51300,0.0000,1.0
2006-12-14,31.0,33.6,30.38,30.57,7.388405680514765,81700,0.0000,1.0
2006-12-15,30.73,32.18,30.51,30.87,7.460912115063487,82600,0.0000,1.0
2006-12-18,31.06,31.61,29.92,30.31,7.325566770572539,68900,0.0000,1.0
2006-12-19,30.48,32.45,29.7208,32.44,7.840362455868465,46900,0.0000,1.0
2006-12-20,32.56,33.42,32.02,33.17,8.016794779937022,70800,0.0000,1.0
2006-12-21,31.86,33.49,31.28,32.41,7.833111812413592,87200,0.0000,1.0
2006-12-22,32.3,33.4876,31.34,32.6,7.879032554294451,47800,0.0000,1.0
2006-12-26,31.86,33.12,31.85,32.7,7.903201365810691,78700,0.0000,1.0
2006-12-27,33.01,33.49,32.18,32.33,7.8137767632006,98800,0.0000,1.0
2006-12-28,32.4,32.98,32.19,32.5,7.8548637427782095,40400,0.0000,1.0
2006-12-29,32.55,32.69,31.39,31.57,7.630093795677172,93000,0.0000,1.0
2007-01-03,32.83,33.49,31.75,32.27,7.799275476290856,168900,0.0000,1.0
2007-01-04,32.0,32.1,31.27,31.98,7.729185922893758,93300,0.0000,1.0
2007-01-05,31.63,32.0,30.43,30.83,7.45124459045699,65800,0.0000,1.0
2007-01-08,30.67,31.88,30.16,30.62,7.400490086272885,73100,0.0000,1.0
2007-01-09,30.615,31.05,30.05,30.91,7.4705796396699835,37100,0.0000,1.0
2007-01-10,30.67,31.02,30.45,30.99,7.489914688882975,47400,0.0000,1.0
2007-01-11,30.94,31.0,30.581,30.97,7.485080926579728,64900,0.0000,1.0
2007-01-12,30.84,31.09,30.22,30.95,7.480247164276479,31700,0.0000,1.0
2007-01-16,30.99,32.0,30.97,31.89,7.7074339925291415,123700,0.0000,1.0
2007-01-17,31.82,32.11,31.22,31.36,7.579339291493066,118500,0.0000,1.0
2007-01-18,31.32,31.55,30.85,31.2,7.540669193067081,30800,0.0000,1.0
2007-01-19,31.2,31.35,30.8,31.09,7.514083500399217,30100,0.0000,1.0
2007-01-22,30.83,31.26,30.25,30.58,7.390822561666389,36100,0.0000,1.0
2007-01-23,30.65,31.05,30.4601,31.0,7.4923315700346,34200,0.0000,1.0
2007-01-24,31.13,31.37,30.75,31.37,7.58175617264469,26800,0.0000,1.0
2007-01-25,31.28,31.35,30.43,30.65,7.407740729727757,23700,0.0000,1.0
2007-01-26,30.08,30.46,29.09,29.83,7.209556475294584,44900,0.0000,1.0
2007-01-29,29.57,31.38,29.54,31.28,7.5600042422800735,38700,0.0000,1.0
2007-01-30,31.1999,32.06,30.44,32.06,7.748520972106751,44400,0.0000,1.0
2007-01-31,31.74,32.41,31.44,32.12,7.763022259016495,46400,0.0000,1.0
2007-02-01,32.41,32.94,32.29,32.77,7.92011953387206,93000,0.0000,1.0
2007-02-02,32.94,33.73,32.67,33.46,8.086884333334119,108700,0.0000,1.0
2007-02-05,33.61,33.72,33.0,33.1,7.999876611875654,55100,0.0000,1.0
2007-02-06,32.85,33.25,32.58,33.09,7.99745973072403,45900,0.0000,1.0
2007-02-07,32.11,33.25,30.83,31.25,7.552753598825201,55900,0.0000,1.0
2007-02-08,31.44,32.23,31.07,31.23,7.547919836521953,49300,0.0000,1.0
2007-02-09,31.2,32.0,31.2,32.0,7.734019685197006,29300,0.0000,1.0
2007-02-12,32.11,32.65,31.72,31.77,7.6784314187096525,52200,0.0000,1.0
2007-02-13,31.91,32.94,31.91,32.45,7.84277933702009,32500,0.0000,1.0
2007-02-14,32.54,32.6,31.68,31.88,7.705017111377517,25700,0.0000,1.0
2007-02-15,32.37,32.41,31.72,31.75,7.673597656406405,14500,0.0000,1.0
2007-02-16,31.85,32.27,31.01,32.13,7.7654391401681195,23100,0.0000,1.0
2007-02-20,32.11,32.71,31.3701,32.63,7.886283197749323,41300,0.0000,1.0
2007-02-21,32.66,33.35,32.32,32.67,7.895950722355819,33000,0.0000,1.0
2007-02-22,32.49,32.58,31.9,32.4,7.830694931261968,37200,0.0000,1.0
2007-02-23,32.29,32.29,31.72,31.86,7.700183349074269,14100,0.0000,1.0
2007-02-26,32.16,32.16,30.1,31.3,7.564838004583322,42500,0.0000,1.0
2007-02-27,30.85,31.71,29.5,29.81,7.204722712991336,50900,0.0000,1.0
2007-02-28,29.78,30.71,29.75,30.16,7.289313553298179,35800,0.0000,1.0
2007-03-01,30.96,31.26,29.5,30.83,7.45124459045699,41700,0.0000,1.0
2007-03-02,31.0,31.33,29.8,30.0,7.250643454872193,44000,0.0000,1.0
2007-03-05,29.8,30.39,27.78,28.42,6.868776232915591,64500,0.0000,1.0
2007-03-06,28.74,30.05,28.74,29.62,7.158801971110479,19800,0.0000,1.0
2007-03-07,29.44,30.12,29.01,29.3,7.081461774258509,27800,0.0000,1.0
2007-03-08,29.48,30.37,29.23,30.2,7.298981077904674,23600,0.0000,1.0
2007-03-09,30.56,30.8,29.93,30.72,7.424658897789126,34000,0.0000,1.0
2007-03-12,30.38,31.1,30.13,31.1,7.51650038155084,24500,0.0000,1.0
2007-03-13,30.99,31.25,29.67,29.97,7.243392811417321,45200,0.0000,1.0
2007-03-14,29.84,31.0,29.72,30.97,7.485080926579728,22700,0.0000,1.0
2007-03-15,31.02,31.02,30.415,30.74,7.429492660092373,157200,0.0000,1.0
2007-03-16,30.73,30.73,29.327,29.8,7.202305831839713,70300,0.0000,1.0
2007-03-19,30.13,30.24,29.77,29.99,7.248226573720569,35900,0.0000,1.0
2007-03-20,29.86,30.0,29.7,30.0,7.250643454872193,27300,0.0000,1.0
2007-03-21,30.1,31.27,29.68,31.25,7.552753598825201,28500,0.0000,1.0
2007-03-22,31.41,31.595,30.59,30.66,7.410157610879382,30700,0.0000,1.0
2007-03-23,30.8,31.41,30.74,30.92,7.472996520821607,40800,0.0000,1.0
2007-03-26,30.87,31.11,30.8,31.06,7.506832856944344,66400,0.0000,1.0
2007-03-27,31.07,31.21,30.85,31.0,7.4923315700346,72000,0.0000,1.0
2007-03-28,30.9,31.56,30.8,31.52,7.618009389919051,77100,0.0000,1.0
2007-03-29,31.66,31.9,31.41,31.7,7.661513250648284,23300,0.0000,1.0
2007-03-30,31.25,32.15,31.21,32.0,7.734019685197006,51400,0.0000,1.0
2007-04-02,32.15,32.32,31.79,32.19,7.779940427077863,67600,0.0000,1.0
2007-04-03,32.19,32.43,31.67,32.13,7.7654391401681195,87600,0.0000,1.0
2007-04-04,32.52,32.69,32.2,32.63,7.886283197749323,65800,0.0000,1.0
2007-04-05,32.59,32.8,32.46,32.68,7.898367603507443,27100,0.0000,1.0
2007-04-09,32.88,32.89,32.61,32.73,7.910452009265562,29800,0.0000,1.0
2007-04-10,32.73,34.13,32.73,33.8,8.169058292489337,145100,0.0000,1.0
2007-04-11,34.0,35.67,33.58,35.21,8.509838534868331,240900,0.0000,1.0
2007-04-12,35.33,35.33,34.62,34.7,8.386577596135504,176300,0.0000,1.0
2007-04-13,34.53,37.25,34.31,36.99,8.940043379857414,142000,0.0000,1.0
2007-04-16,32.96,34.29,31.83,32.16,7.77268978362299,310900,0.0000,1.0
2007-04-17,32.12,32.2962,31.04,31.26,7.555170479976826,184900,0.0000,1.0
2007-04-18,31.21,31.81,31.2,31.42,7.593840578402811,134100,0.0000,1.0
2007-04-19,31.12,31.97,31.12,31.32,7.56967176688657,73600,0.0000,1.0
2007-04-20,31.83,32.14,31.2,31.85,7.697766467922645,116700,0.0000,1.0
2007-04-23,31.85,32.13,31.85,32.0,7.734019685197006,53700,0.0000,1.0
2007-04-24,32.15,32.21,31.37,32.07,7.750937853258375,105200,0.0000,1.0
2007-04-25,31.79,31.79,30.92,31.05,7.50441597579272,64500,0.0000,1.0
2007-04-26,31.14,31.88,31.02,31.86,7.700183349074269,49300,0.0000,1.0
2007-04-27,31.71,32.38,31.6325,32.38,7.825861168958721,47700,0.0000,1.0
2007-04-30,32.5,32.5,31.06,31.49,7.610758746464178,55500,0.0000,1.0
2007-05-01,31.22,31.7,30.5,31.15,7.528584787308961,46900,0.0000,1.0
2007-05-02,31.14,32.38,31.07,32.29,7.804109238594104,52200,0.0000,1.0
2007-05-03,32.09,32.57,31.63,32.06,7.748520972106751,72300,0.0000,1.0
2007-05-04,32.25,32.75,31.91,32.72,7.908035128113939,26900,0.0000,1.0
2007-05-07,32.7,32.74,31.9,32.62,7.883866316597698,19900,0.0000,1.0
2007-05-08,32.7,32.8,31.39,32.27,7.799275476290856,31300,0.0000,1.0
2007-05-09,32.0,32.59,32.0,32.59,7.876615673142827,18700,0.0000,1.0
2007-05-10,32.31,32.54,31.58,31.58,7.632510676828795,39600,0.0000,1.0
2007-05-11,31.69,33.39,31.548,33.34,8.05788175951463,32900,0.0000,1.0
2007-05-14,33.22,33.22,31.29,31.84,7.695349586771021,117400,0.0000,1.0
2007-05-15,31.58,32.8,31.1,31.1,7.51650038155084,37400,0.0000,1.0
2007-05-16,31.14,31.63,30.33,31.43,7.596257459554434,29600,0.0000,1.0
2007-05-17,31.6,31.6,30.31,30.54,7.381155037059893,57000,0.0000,1.0
2007-05-18,30.69,31.2,30.45,30.95,7.480247164276479,118000,0.0000,1.0
2007-05-21,30.8,31.95,30.08,31.75,7.673597656406405,94300,0.0000,1.0
2007-05-22,31.59,32.43,31.516,32.08,7.7533547344099984,50900,0.0000,1.0
2007-05-23,32.63,32.63,31.86,32.03,7.741270328651878,18800,0.0000,1.0
2007-05-24,32.06,32.25,30.33,30.68,7.414991373182629,48500,0.0000,1.0
2007-05-25,30.0,31.15,30.0,30.99,7.489914688882975,66400,0.0000,1.0
2007-05-29,31.32,31.33,30.6,30.82,7.448827709305367,55000,0.0000,1.0
2007-05-30,29.8,29.91,27.63,27.9,6.74309841303114,458600,0.0000,1.0
2007-05-31,28.37,29.35,27.97,28.0,6.76726722454738,125000,0.0000,1.0
2007-06-01,28.5,29.48,28.39,28.77,6.9533670732224335,150700,0.0000,1.0
2007-06-04,28.5,28.85,28.0,28.2,6.815604847579862,99500,0.0000,1.0
2007-06-05,28.17,28.35,27.51,27.76,6.709262076908403,195400,0.0000,1.0
2007-06-06,27.66,28.1,27.66,27.98,6.762433462244132,88900,0.0000,1.0
2007-06-07,27.79,28.05,27.76,27.81,6.721346482666523,81600,0.0000,1.0
2007-06-08,27.65,27.98,27.05,27.77,6.711678958060027,65000,0.0000,1.0
2007-06-11,27.49,28.07,27.46,27.76,6.709262076908403,119600,0.0000,1.0
2007-06-12,27.42,28.1,27.11,27.86,6.733430888424643,98600,0.0000,1.0
2007-06-13,27.71,28.58,27.71,28.49,6.885694400976959,102400,0.0000,1.0
2007-06-14,28.5,29.43,28.5,29.05,7.021039745467907,74700,0.0000,1.0
2007-06-15,29.66,30.48,29.11,29.65,7.166052614565351,92800,0.0000,1.0
2007-06-18,29.66,30.69,29.3,30.37,7.340068057482284,54200,0.0000,1.0
2007-06-19,30.04,30.5,29.68,30.25,7.311065483662795,43700,0.0000,1.0
2007-06-20,30.39,30.51,29.96,30.17,7.291730434449803,51400,0.0000,1.0
2007-06-21,30.005,30.53,29.9,30.24,7.3086486025111705,32400,0.0000,1.0
2007-06-22,30.12,30.65,29.8,29.98,7.245809692568946,159300,0.0000,1.0
2007-06-25,29.94,30.544,29.45,29.87,7.2192239999010805,75800,0.0000,1.0
2007-06-26,29.95,31.12,29.95,31.04,7.5019990946410955,78900,0.0000,1.0
2007-06-27,31.24,31.73,30.55,31.6,7.637344439132044,41800,0.0000,1.0
2007-06-28,31.42,31.68,31.04,31.55,7.625260033373923,33000,0.0000,1.0
2007-06-29,31.69,32.01,31.16,31.76,7.676014537558029,47700,0.0000,1.0
2007-07-02,32.07,32.66,31.28,32.36,7.821027406655473,59600,0.0000,1.0
2007-07-03,32.45,32.45,31.55,32.05,7.746104090955126,26400,0.0000,1.0
2007-07-05,32.02,32.71,31.75,32.7,7.903201365810691,39900,0.0000,1.0
2007-07-06,32.7,33.67,32.7,33.35,8.060298640666256,43700,0.0000,1.0
2007-07-09,33.27,33.91,32.76,33.67,8.137638837518226,26300,0.0000,1.0
2007-07-10,33.44,33.64,32.22,32.66,7.893533841204194,61500,0.0000,1.0
2007-07-11,32.58,32.66,31.88,32.45,7.84277933702009,29500,0.0000,1.0
2007-07-12,32.67,33.6,32.2,33.55,8.108636263698736,64200,0.0000,1.0
2007-07-13,33.31,33.62,32.72,33.59,8.118303788305234,16500,0.0000,1.0
2007-07-16,33.65,34.11,33.46,34.06,8.231897202431565,31000,0.0000,1.0
2007-07-17,34.01,34.19,33.09,33.12,8.0047103741789,42400,0.0000,1.0
2007-07-18,33.0,33.4,32.4,33.15,8.011961017633773,99300,0.0000,1.0
2007-07-19,33.33,34.35,33.33,33.68,8.14005571866985,44400,0.0000,1.0
2007-07-20,33.59,33.7,32.27,32.83,7.934620820781803,71800,0.0000,1.0
2007-07-23,33.31,35.6,33.11,35.06,8.47358531759397,65000,0.0000,1.0
2007-07-24,34.88,35.26,33.12,33.41,8.074799927575999,55500,0.0000,1.0
2007-07-25,33.67,34.49,32.73,33.68,8.14005571866985,33600,0.0000,1.0
2007-07-26,33.09,34.13,32.1,32.48,7.850029980474961,30900,0.0000,1.0
2007-07-27,32.3,33.67,32.05,32.21,7.784774189381111,49800,0.0000,1.0
2007-07-30,32.12,34.0,32.11,33.39,8.069966165272751,37900,0.0000,1.0
2007-07-31,33.74,34.65,32.99,33.61,8.123137550608481,68800,0.0000,1.0
2007-08-01,33.51,33.51,32.1,32.6,7.879032554294451,69000,0.0000,1.0
2007-08-02,32.73,33.2,31.56,32.13,7.7654391401681195,71200,0.0000,1.0
2007-08-03,32.11,32.7,31.05,31.19,7.538252311915457,94600,0.0000,1.0
2007-08-06,31.7,32.35,30.42,31.87,7.702600230225894,37000,0.0000,1.0
2007-08-07,31.48,33.75,30.94,33.29,8.04579735375651,81900,0.0000,1.0
2007-08-08,36.0,36.6,34.87,35.85,8.66451892857227,156900,0.0000,1.0
2007-08-09,35.27,36.3,34.74,35.74,8.637933235904407,117100,0.0000,1.0
2007-08-10,35.5,35.75,34.23,35.25,8.519506059474827,63400,0.0000,1.0
2007-08-13,35.4,35.4,33.47,34.01,8.219812796673443,85800,0.0000,1.0
2007-08-14,33.89,34.6,32.67,33.04,7.985375324965909,41900,0.0000,1.0
2007-08-15,32.85,32.85,30.65,30.67,7.412574492031006,51500,0.0000,1.0
2007-08-16,30.52,32.71,30.26,32.48,7.850029980474961,107100,0.0000,1.0
2007-08-17,34.1,34.92,31.16,32.74,7.9128688904171876,101400,0.0000,1.0
2007-08-20,32.82,33.98,32.28,33.65,8.132805075214977,58500,0.0000,1.0
2007-08-21,33.54,33.54,32.83,33.13,8.007127255330525,35100,0.0000,1.0
2007-08-22,33.5,34.66,33.14,33.3,8.048214234908134,58800,0.0000,1.0
2007-08-23,33.52,33.83,31.75,32.68,7.898367603507443,32100,0.0000,1.0
2007-08-24,32.63,33.9,32.46,33.76,8.159390767882842,40800,0.0000,1.0
2007-08-27,33.81,33.81,32.67,32.86,7.941871464236676,32700,0.0000,1.0
2007-08-28,32.63,32.81,31.41,31.87,7.702600230225894,33500,0.0000,1.0
2007-08-29,31.975,32.82,31.05,32.74,7.9128688904171876,32500,0.0000,1.0
2007-08-30,32.38,33.58,32.38,32.7,7.903201365810691,32700,0.0000,1.0
2007-08-31,33.09,33.95,32.85,33.52,8.101385620243864,23500,0.0000,1.0
2007-09-04,34.28,34.37,33.47,33.93,8.20047774746045,26200,0.0000,1.0
2007-09-05,33.65,33.65,32.8,33.19,8.021628542240268,22600,0.0000,1.0
2007-09-06,33.17,34.5,33.17,33.65,8.132805075214977,27200,0.0000,1.0
2007-09-07,33.17,33.6,31.76,32.18,7.777523545926239,35400,0.0000,1.0
2007-09-10,32.37,33.45,31.68,32.9,7.951538988843172,47800,0.0000,1.0
2007-09-11,32.95,33.31,32.11,33.11,8.002293493027278,30600,0.0000,1.0
2007-09-12,32.92,33.94,32.49,33.41,8.074799927575999,27600,0.0000,1.0
2007-09-13,33.64,35.24,33.11,34.25,8.277817944312421,36300,0.0000,1.0
2007-09-14,33.89,34.55,33.61,34.35,8.301986755828661,35900,0.0000,1.0
2007-09-17,34.22,34.86,34.2,34.53,8.345490616557894,26000,0.0000,1.0
2007-09-18,34.05,35.46,33.45,35.34,8.541257989839444,50200,0.0000,1.0
2007-09-19,35.66,35.91,35.51,35.81,8.654851403965775,42800,0.0000,1.0
2007-09-20,35.79,35.95,35.5,35.81,8.654851403965775,20900,0.0000,1.0
2007-09-21,36.0,36.28,35.39,36.12,8.72977471966612,149100,0.0000,1.0
2007-09-24,36.02,36.33,35.73,36.03,8.708022789301504,36400,0.0000,1.0
2007-09-25,35.73,35.99,34.05,35.84,8.662102047420648,64200,0.0000,1.0
2007-09-26,36.15,37.93,36.15,37.62,9.092306892409729,63600,0.0000,1.0
2007-09-27,35.66,37.68,35.66,37.3,9.01496669555776,66000,0.0000,1.0
2007-09-28,37.25,38.1,37.25,37.89,9.15756268350358,174200,0.0000,1.0
2007-10-01,37.95,39.85,37.51,39.57,9.563598716976424,198500,0.0000,1.0
2007-10-02,39.5,39.99,38.92,39.03,9.433087134788725,58900,0.0000,1.0
2007-10-03,38.65,39.2,38.62,38.75,9.36541446254325,69800,0.0000,1.0
2007-10-04,38.75,38.95,38.06,38.76,9.367831343694874,55400,0.0000,1.0
2007-10-05,38.75,39.46,38.75,38.84,9.387166392907867,74800,0.0000,1.0
2007-10-08,38.75,39.42,38.62,39.42,9.527345499702063,38300,0.0000,1.0
2007-10-09,39.5,39.5,38.45,38.99,9.423419610182227,42100,0.0000,1.0
2007-10-10,38.92,39.3,38.25,39.29,9.495926044730949,27900,0.0000,1.0
2007-10-11,39.57,39.57,38.78,39.22,9.47900787666958,60300,0.0000,1.0
2007-10-12,39.2,39.88,38.3,39.88,9.63852203267677,60200,0.0000,1.0
2007-10-15,39.9,39.99,39.03,39.47,9.539429905460182,60500,0.0000,1.0
2007-10-16,39.43,39.67,39.01,39.61,9.57326624158292,84100,0.0000,1.0
2007-10-17,40.0,40.91,39.3,40.74,9.84637381171644,66600,0.0000,1.0
2007-10-18,40.54,41.43,40.45,41.05,9.921297127416784,40400,0.0000,1.0
2007-10-19,41.01,41.01,38.7,38.89,9.399250798665987,54400,0.0000,1.0
2007-10-22,38.89,39.42,38.02,39.12,9.45483906515334,68500,0.0000,1.0
2007-10-23,39.38,40.38,39.24,40.0,9.667524606496258,41500,0.0000,1.0
2007-10-24,39.66,40.26,39.09,40.22,9.720695991831986,58100,0.0000,1.0
2007-10-25,40.23,40.57,39.39,40.25,9.727946635286859,18600,0.0000,1.0
2007-10-26,40.91,42.28,40.7,41.92,10.131565787608078,38200,0.0000,1.0
2007-10-29,42.0,42.2,41.17,41.79,10.100146332636966,62000,0.0000,1.0
2007-10-30,41.64,41.81,41.49,41.66,10.068726877665851,53000,0.0000,1.0
2007-10-31,41.98,42.28,40.84,42.09,10.172652767185689,47000,0.0000,1.0
2007-11-01,41.41,41.59,39.43,39.88,9.63852203267677,59100,0.0000,1.0
2007-11-02,40.0,40.2,38.54,40.15,9.703777823770618,71000,0.0000,1.0
2007-11-05,39.46,40.27,38.5,40.27,9.732780397590108,10600,0.0000,1.0
2007-11-06,40.4,43.54,38.564,43.23,10.44817721847083,141400,0.0000,1.0
2007-11-07,42.52,42.915,41.685,42.24,10.20890598446005,66700,0.0000,1.0
2007-11-08,42.7,43.77,42.07,43.77,10.578688800658531,63200,0.0000,1.0
2007-11-09,43.08,44.29,42.37,44.04,10.64394459175238,51000,0.0000,1.0
2007-11-12,44.08,44.25,42.34,42.51,10.274161775553898,35900,0.0000,1.0
2007-11-13,43.01,43.45,41.77,43.41,10.491681079200063,37700,0.0000,1.0
2007-11-14,43.83,43.83,42.74,43.05,10.404673357741597,41700,0.0000,1.0
2007-11-15,43.89,43.905,42.14,42.45,10.259660488644155,34500,0.0000,1.0
2007-11-16,42.57,42.57,40.91,41.47,10.022806135784995,34500,0.0000,1.0
2007-11-19,40.99,40.99,38.7,39.78,9.61435322116053,28200,0.0000,1.0
2007-11-20,39.72,39.72,38.5,39.12,9.45483906515334,45600,0.0000,1.0
2007-11-21,38.91,41.33,38.91,40.19,9.713445348377114,26100,0.0000,1.0
2007-11-23,40.62,40.62,39.34,40.07,9.684442774557626,6300,0.0000,1.0
2007-11-26,40.07,40.445,39.47,40.19,9.713445348377114,38300,0.0000,1.0
2007-11-27,39.601,40.93,39.601,40.57,9.80528683213883,24500,0.0000,1.0
2007-11-28,41.02,41.08,40.08,40.8,9.860875098626183,63500,0.0000,1.0
2007-11-29,40.65,40.65,39.89,40.0,9.667524606496258,54600,0.0000,1.0
2007-11-30,40.5,41.96,40.26,40.85,9.872959504384303,79900,0.0000,1.0
2007-12-03,41.12,41.98,39.92,39.94,9.653023319586513,33100,0.0000,1.0
2007-12-04,40.04,40.04,38.21,38.87,9.394417036362738,72700,0.0000,1.0
2007-12-05,41.43,41.7,40.02,40.82,9.86570886092943,90600,0.0000,1.0
2007-12-06,40.82,42.8,40.82,41.7,10.07839440227235,102200,0.0000,1.0
2007-12-07,41.74,43.4,41.4,42.65,10.307998111676634,52700,0.0000,1.0
2007-12-10,42.79,44.09,42.79,43.41,10.491681079200063,66600,0.0000,1.0
2007-12-11,43.5,43.66,41.62,41.62,10.059059353059356,47800,0.0000,1.0
2007-12-12,43.13,43.59,42.33,43.27,10.457844743077327,61000,0.0000,1.0
2007-12-13,42.81,44.05,42.14,43.89,10.60769137447802,60200,0.0000,1.0
2007-12-14,43.07,44.05,43.07,43.42,10.494097960351688,46200,0.0000,1.0
2007-12-17,42.88,43.18,41.9,42.1,10.175069648337312,78900,0.0000,1.0
2007-12-18,42.69,43.68,42.11,43.37,10.482013554593566,170700,0.0000,1.0
2007-12-19,43.12,44.25,43.12,43.78,10.581105681810154,51900,0.0000,1.0
2007-12-20,44.3,44.53,43.043,44.53,10.762371768181959,46300,0.0000,1.0
2007-12-21,45.12,45.6,44.72,45.44,10.982307952979749,166400,0.0000,1.0
2007-12-24,45.79,46.3,44.86,46.03,11.124903940925568,26000,0.0000,1.0
2007-12-26,45.63,47.0,45.54,46.1,11.141822108986938,72300,0.0000,1.0
2007-12-27,45.22,46.09,44.11,44.28,10.701949739391358,28200,0.0000,1.0
2007-12-28,44.53,46.95,43.26,43.83,10.593190087568274,26800,0.0000,1.0
2007-12-31,43.56,45.0,43.56,44.07,10.651195235207252,30000,0.0000,1.0
2008-01-02,43.91,44.51,42.95,43.28,10.46026162422895,43100,0.0000,1.0
2008-01-03,43.83,45.76,42.95,42.95,10.380504546225357,92200,0.0000,1.0
2008-01-04,42.4,43.17,42.01,42.05,10.16298524257919,40400,0.0000,1.0
2008-01-07,42.33,42.8,40.48,41.07,9.926130889720033,36000,0.0000,1.0
2008-01-08,41.18,42.83,41.18,41.8,10.102563213788589,75400,0.0000,1.0
2008-01-09,41.58,42.27,40.03,41.93,10.133982668759701,58100,0.0000,1.0
2008-01-10,40.35,42.47,40.35,41.69,10.075977521120723,38900,0.0000,1.0
2008-01-11,41.45,41.87,40.41,40.41,9.766616733712844,32800,0.0000,1.0
2008-01-14,40.76,40.88,40.0,40.8,9.860875098626183,30000,0.0000,1.0
2008-01-15,40.15,40.45,40.0,40.26,9.730363516438484,72000,0.0000,1.0
2008-01-16,40.23,41.78,39.62,40.8,9.860875098626183,94100,0.0000,1.0
2008-01-17,41.28,41.28,39.91,40.21,9.718279110680363,38500,0.0000,1.0
2008-01-18,40.2,40.94,39.95,40.03,9.67477524995113,57800,0.0000,1.0
2008-01-22,38.35,40.11,35.6212,39.92,9.648189557283265,42900,0.0000,1.0
2008-01-23,37.97,40.3,37.24,40.12,9.696527180315746,139700,0.0000,1.0
2008-01-24,40.18,40.49,38.01,39.06,9.440337778243597,46300,0.0000,1.0
2008-01-25,39.55,40.0,38.01,38.51,9.307409314904271,35200,0.0000,1.0
2008-01-28,38.35,40.08,38.31,38.74,9.362997581391626,57400,0.0000,1.0
2008-01-29,38.02,40.0,37.5,39.82,9.624020745767025,47000,0.0000,1.0
2008-01-30,39.45,40.6,38.39,38.46,9.295324909146151,65300,0.0000,1.0
2008-01-31,37.69,39.92,37.69,39.7,9.595018171947537,33800,0.0000,1.0
2008-02-01,39.84,40.14,38.47,39.37,9.515261093943941,40300,0.0000,1.0
2008-02-04,39.44,40.0,39.03,39.45,9.534596143156936,50300,0.0000,1.0
2008-02-05,38.5,39.3485,37.08,37.08,8.96179531022203,43200,0.0000,1.0
2008-02-06,39.89,40.0,37.5,39.99,9.665107725344635,100100,0.0000,1.0
2008-02-07,39.88,40.48,38.46,39.53,9.553931192369927,54300,0.0000,1.0
2008-02-08,39.4,39.4,37.58,38.03,9.191399019626317,36200,0.0000,1.0
2008-02-11,38.2,39.0,37.59,38.54,9.314659958359144,48000,0.0000,1.0
2008-02-12,38.57,38.74,37.59,37.84,9.145478277745461,56000,0.0000,1.0
2008-02-13,38.29,38.93,37.45,38.62,9.333995007572137,67300,0.0000,1.0
2008-02-14,38.64,38.64,36.71,36.71,8.87237070761194,91700,0.0000,1.0
2008-02-15,36.49,37.83,36.46,37.15,8.9787134782834,63500,0.0000,1.0
2008-02-19,37.71,38.46,37.32,38.16,9.222818474597428,49400,0.0000,1.0
2008-02-20,37.82,38.35,37.11,38.17,9.225235355749055,59300,0.0000,1.0
2008-02-21,38.52,39.42,37.43,39.12,9.45483906515334,60200,0.0000,1.0
2008-02-22,39.22,39.46,37.71,38.06,9.19864966308119,36400,0.0000,1.0
2008-02-25,37.99,39.66,37.99,38.83,9.384749511756242,42100,0.0000,1.0
2008-02-26,38.42,39.76,38.24,39.04,9.435504015940348,27300,0.0000,1.0
2008-02-27,38.71,39.9499,38.23,39.6,9.570849360431296,32500,0.0000,1.0
2008-02-28,39.2,40.01,38.3,39.46,9.537013024308559,29100,0.0000,1.0
2008-02-29,38.0,39.47,37.94,38.12,9.213150949990933,33900,0.0000,1.0
2008-03-03,38.11,39.39,37.1,38.06,9.19864966308119,36500,0.0000,1.0
2008-03-04,37.43,38.59,36.93,37.65,9.099557535864601,38900,0.0000,1.0
2008-03-05,37.91,38.53,37.11,37.95,9.172063970413324,27500,0.0000,1.0
2008-03-06,38.76,38.76,36.8,36.88,8.91345768718955,19000,0.0000,1.0
2008-03-07,36.41,37.98,36.02,36.92,8.923125211796046,28800,0.0000,1.0
2008-03-10,37.21,37.3928,36.43,36.95,8.930375855250919,32500,0.0000,1.0
2008-03-11,38.14,40.0,35.89,39.82,9.624020745767025,83000,0.0000,1.0
2008-03-12,39.91,40.04,38.75,38.87,9.394417036362738,54100,0.0000,1.0
2008-03-13,38.35,40.04,38.07,40.04,9.677192131102753,32400,0.0000,1.0
2008-03-14,40.24,40.95,39.38,39.38,9.517677975095566,98900,0.0000,1.0
2008-03-17,38.34,39.53,35.47,36.46,8.81194867882134,82800,0.0000,1.0
2008-03-18,37.56,38.99,36.85,38.39,9.278406741084783,70100,0.0000,1.0
2008-03-19,38.83,40.0,38.55,38.66,9.343662532178632,39400,0.0000,1.0
2008-03-20,39.21,40.5399,37.91,40.04,9.677192131102753,124000,0.0000,1.0
2008-03-24,40.13,40.32,38.99,39.97,9.660273963041385,56000,0.0000,1.0
2008-03-25,40.07,40.66,39.49,40.07,9.684442774557626,43400,0.0000,1.0
2008-03-26,39.96,40.02,38.07,40.02,9.672358368799507,34400,0.0000,1.0
2008-03-27,39.96,40.1,39.7124,39.9,9.643355794980017,64400,0.0000,1.0
2008-03-28,39.25,39.88,39.11,39.56,9.561181835824799,70400,0.0000,1.0
2008-03-31,39.72,39.89,38.12,39.37,9.515261093943941,30500,0.0000,1.0
2008-04-01,38.53,40.29,38.53,40.03,9.67477524995113,49100,0.0000,1.0
2008-04-02,40.0,41.84,39.18,41.84,10.112230738395086,199500,0.0000,1.0
2008-04-03,41.0,42.0,40.64,41.97,10.143650193366199,178800,0.0000,1.0
2008-04-04,41.59,43.84,41.18,42.97,10.385338308528604,178800,0.0000,1.0
2008-04-07,40.86,42.185,40.85,41.8,10.102563213788589,109100,0.0000,1.0
2008-04-08,41.14,42.0,41.0,41.75,10.090478808030468,72600,0.0000,1.0
2008-04-09,41.0,41.75,41.0,41.55,10.042141184997988,65700,0.0000,1.0
2008-04-10,41.0,42.52,41.0,42.13,10.182320291792184,106000,0.0000,1.0
2008-04-11,41.0,41.7,40.76,40.84,9.87054262323268,81700,0.0000,1.0
2008-04-14,40.0,41.19,39.84,41.0,9.909212721658664,75400,0.0000,1.0
2008-04-15,40.49,41.0,39.74,40.57,9.80528683213883,59500,0.0000,1.0
2008-04-16,41.04,42.21,40.4,41.46,10.020389254633372,40800,0.0000,1.0
2008-04-17,41.37,41.4,40.39,40.48,9.783534901774212,24500,0.0000,1.0
2008-04-18,41.32,42.25,40.0,40.85,9.872959504384303,55800,0.0000,1.0
2008-04-21,40.61,41.99,40.61,41.45,10.017972373481747,37300,0.0000,1.0
2008-04-22,41.17,41.49,39.41,40.36,9.754532327954724,94800,0.0000,1.0
2008-04-23,40.45,40.86,40.07,40.68,9.831872524806695,43300,0.0000,1.0
2008-04-24,40.78,42.62,40.59,42.47,10.2644942509474,81600,0.0000,1.0
2008-04-25,42.73,42.95,39.01,42.11,10.177486529488935,25000,0.0000,1.0
2008-04-28,41.99,43.25,41.99,42.69,10.317665636283131,26200,0.0000,1.0
2008-04-29,42.79,42.79,41.47,41.61,10.056642471907733,39000,0.0000,1.0
2008-04-30,41.77,42.525,41.53,42.07,10.167819004882439,51000,0.0000,1.0
2008-05-01,42.07,42.52,41.59,42.34,10.23307479597629,38700,0.0000,1.0
2008-05-02,42.4,42.8,38.5,41.59,10.051808709604485,47500,0.0000,1.0
2008-05-05,41.73,41.73,40.08,40.33,9.747281684499852,35000,0.0000,1.0
2008-05-06,40.29,42.4,38.63,40.84,9.87054262323268,50500,0.0000,1.0
2008-05-07,43.1,47.7,43.1,46.72,11.291668740387628,318800,0.0000,1.0
2008-05-08,46.72,49.95,46.23,49.61,11.990147393206984,150700,0.0000,1.0
2008-05-09,49.3,51.38,48.75,49.46,11.953894175932623,147200,0.0000,1.0
2008-05-12,49.94,50.0,48.9,49.43,11.94664353247775,123000,0.0000,1.0
2008-05-13,48.84,50.34,47.15,49.29,11.912807196355013,197300,0.0000,1.0
2008-05-14,49.27,51.18,49.27,50.2,12.132743381152805,100700,0.0000,1.0
2008-05-15,50.11,50.99,48.31,49.8,12.03606813508784,62600,0.0000,1.0
2008-05-16,50.1,50.1,48.5201,49.76,12.026400610481344,36900,0.0000,1.0
2008-05-19,49.84,50.4,48.65,49.09,11.864469573322532,75200,0.0000,1.0
2008-05-20,48.85,50.4,48.22,49.95,12.072321352362202,75300,0.0000,1.0
2008-05-21,50.27,51.47,49.62,51.18,12.369597734011961,99300,0.0000,1.0
2008-05-22,51.18,52.37,51.075,52.19,12.613702730325992,91000,0.0000,1.0
2008-05-23,51.89,52.1,51.51,51.92,12.548446939232143,74500,0.0000,1.0
2008-05-27,52.27,52.9,51.36,52.45,12.67654164026822,73600,0.0000,1.0
2008-05-28,52.86,52.86,51.74,52.67,12.729713025603948,42200,0.0000,1.0
2008-05-29,52.43,54.14,52.08,53.84,13.012488120343964,103900,0.0000,1.0
2008-05-30,53.89,54.75,53.01,53.47,12.923063517733873,149300,0.0000,1.0
2008-06-02,53.5,53.5,52.0,53.2,12.857807726640024,62900,0.0000,1.0
2008-06-03,53.48,54.72,52.94,54.05,13.063242624528067,59700,0.0000,1.0
2008-06-04,53.76,55.5,53.645,54.7,13.220339899383633,95600,0.0000,1.0
2008-06-05,54.5,55.06,51.56,53.0,12.809470103607541,129700,0.0000,1.0
2008-06-06,52.63,53.0,51.1,51.43,12.430019762802564,53000,0.0000,1.0
2008-06-09,51.4,52.46,50.52,51.52,12.451771693167181,57000,0.0000,1.0
2008-06-10,51.01,51.66,50.41,51.25,12.38651590207333,72100,0.0000,1.0
2008-06-11,51.03,51.78,49.84,49.94,12.069904471210577,111600,0.0000,1.0
2008-06-12,50.0,50.94,49.79,50.24,12.1424109057593,68000,0.0000,1.0
2008-06-13,50.61,51.41,50.09,50.64,12.239086151824262,81200,0.0000,1.0
2008-06-16,50.59,51.66,50.43,51.66,12.485608029289915,45600,0.0000,1.0
2008-06-17,51.63,52.08,50.19,51.74,12.50494307850291,30600,0.0000,1.0
2008-06-18,51.39,52.88,51.13,52.39,12.662040353358474,36500,0.0000,1.0
2008-06-19,52.36,53.2,52.19,53.2,12.857807726640024,47800,0.0000,1.0
2008-06-20,52.76,53.25,52.01,53.04,12.819137628214037,87400,0.0000,1.0
2008-06-23,53.25,53.65,52.47,52.53,12.69587668948121,34300,0.0000,1.0
2008-06-24,52.17,53.11,51.69,51.96,12.558114463838638,30600,0.0000,1.0
2008-06-25,51.82,52.47,50.44,51.13,12.357513328253843,47800,0.0000,1.0
2008-06-26,50.64,50.666,48.26,48.81,11.796796901077059,59600,0.0000,1.0
2008-06-27,48.79,49.96,48.26,49.9,12.060236946604082,107200,0.0000,1.0
2008-06-30,49.94,50.99,49.21,50.41,12.183497885336909,71300,0.0000,1.0
2008-07-01,48.68,51.0,48.68,50.6,12.229418627217767,65900,0.0000,1.0
2008-07-02,50.26,50.26,48.2999,48.52,11.72670734767996,57300,0.0000,1.0
2008-07-03,48.72,49.068,47.2854,48.36,11.688037249253975,29900,0.0000,1.0
2008-07-07,48.45,48.71,47.43,48.05,11.61311393355363,39200,0.0000,1.0
2008-07-08,48.26,49.54,46.8,49.52,11.968395462842368,68300,0.0000,1.0
2008-07-09,49.04,49.98,47.85,48.18,11.644533388524742,52600,0.0000,1.0
2008-07-10,47.57,49.6499,47.57,49.08,11.862052692170908,29800,0.0000,1.0
2008-07-11,49.58,52.6,48.81,52.59,12.710377976390955,69600,0.0000,1.0
2008-07-14,53.2,54.0,51.5,53.56,12.94481544809849,70900,0.0000,1.0
2008-07-15,52.66,54.95,52.44,54.49,13.169585395199528,126200,0.0000,1.0
2008-07-16,54.8,55.1899,54.01,54.79,13.242091829748249,200300,0.0000,1.0
2008-07-17,55.0,55.13,54.27,55.13,13.324265788903467,34900,0.0000,1.0
2008-07-18,55.41,55.67,54.19,54.87,13.261426878961242,34600,0.0000,1.0
2008-07-21,55.18,55.55,53.78,54.87,13.261426878961242,46300,0.0000,1.0
2008-07-22,54.37,55.46,53.06,55.36,13.37985405539082,77000,0.0000,1.0
2008-07-23,55.17,57.21,55.01,56.23,13.590122715582114,89400,0.0000,1.0
2008-07-24,56.49,56.49,55.5,55.66,13.452360489939542,34700,0.0000,1.0
2008-07-25,55.99,57.15,55.99,56.74,13.713383654314942,54600,0.0000,1.0
2008-07-28,56.71,57.2099,56.48,56.65,13.691631723950325,26300,0.0000,1.0
2008-07-29,57.07,57.98,55.65,55.65,13.449943608787919,65700,0.0000,1.0
2008-07-30,55.97,56.57,54.66,54.9,13.268677522416114,69800,0.0000,1.0
2008-07-31,54.88,54.88,51.82,52.5,12.688626046026338,99000,0.0000,1.0
2008-08-01,52.46,53.2,50.975,52.01,12.570198869596759,44000,0.0000,1.0
2008-08-04,52.43,52.43,50.0,50.02,12.089239520423572,62100,0.0000,1.0
2008-08-05,50.96,51.96,50.04,50.3,12.156912192669044,82900,0.0000,1.0
2008-08-06,49.55,53.96,49.53,50.3,12.156912192669044,245800,0.0000,1.0
2008-08-07,49.76,49.76,47.74,48.59,11.74362551574133,137400,0.0000,1.0
2008-08-08,48.39,51.43,48.38,51.43,12.430019762802564,85000,0.0000,1.0
2008-08-11,51.28,53.25,50.17,51.78,12.514610603109405,87900,0.0000,1.0
2008-08-12,52.47,52.74,50.75,51.56,12.461439217773677,44700,0.0000,1.0
2008-08-13,51.44,51.7199,50.64,51.49,12.444521049712309,36500,0.0000,1.0
2008-08-14,51.08,51.68,50.58,51.15,12.362347090557089,50600,0.0000,1.0
2008-08-15,51.59,52.74,50.08,50.95,12.31400946752461,56800,0.0000,1.0
2008-08-18,51.6,51.6,48.41,48.93,11.825799474896547,44100,0.0000,1.0
2008-08-19,48.63,48.63,46.81,47.22,11.412512797968832,67000,0.0000,1.0
2008-08-20,47.19,48.295,47.19,47.75,11.540607499004908,93900,0.0000,1.0
2008-08-21,47.62,48.51,47.62,47.96,11.591362003189014,54200,0.0000,1.0
2008-08-22,48.02,49.52,47.75,49.18,11.88622150368715,31900,0.0000,1.0
2008-08-25,49.8,49.8,47.04,47.45,11.468101064456187,44000,0.0000,1.0
2008-08-26,47.45,47.75,46.93,47.23,11.414929679120455,45000,0.0000,1.0
2008-08-27,47.08,47.7,46.53,47.42,11.460850421001314,40800,0.0000,1.0
2008-08-28,47.44,47.44,46.59,47.04,11.369008937239599,39800,0.0000,1.0
2008-08-29,46.94,46.99,43.06,44.18,10.677780927875117,135600,0.0000,1.0
2008-09-02,44.38,45.01,43.58,43.83,10.593190087568274,81900,0.0000,1.0
2008-09-03,43.85,44.43,43.49,44.07,10.651195235207252,57000,0.0000,1.0
2008-09-04,44.0,44.0,41.44,41.59,10.051808709604485,67000,0.0000,1.0
2008-09-05,41.62,41.82,40.23,40.4,9.76419985256122,74100,0.0000,1.0
2008-09-08,42.27,42.46,41.37,42.2,10.199238459853552,150000,0.0000,1.0
2008-09-09,42.2,43.49,39.59,39.94,9.653023319586513,168600,0.0000,1.0
2008-09-10,40.53,42.03,39.73,39.86,9.63368827037352,105700,0.0000,1.0
2008-09-11,39.63,40.45,38.56,38.97,9.41858584787898,94400,0.0000,1.0
2008-09-12,38.91,41.25,38.55,40.35,9.752115446803101,95100,0.0000,1.0
2008-09-15,39.9,41.12,38.7,38.77,9.370248224846499,66600,0.0000,1.0
2008-09-16,38.54,42.99,36.51,42.96,10.382921427376981,146100,0.0000,1.0
2008-09-17,42.5,42.5,39.2329,40.02,9.672358368799507,144000,0.0000,1.0
2008-09-18,40.6,41.5,39.11,41.07,9.926130889720033,163000,0.0000,1.0
2008-09-19,43.18,46.49,43.13,44.61,10.781706817394952,157600,0.0000,1.0
2008-09-22,44.98,45.74,42.0,43.04,10.402256476589972,57200,0.0000,1.0
2008-09-23,43.51,43.51,41.82,41.83,10.109813857243461,38600,0.0000,1.0
2008-09-24,41.97,42.67,40.68,40.68,9.831872524806695,26200,0.0000,1.0
2008-09-25,41.44,42.68,40.33,41.84,10.112230738395086,66900,0.0000,1.0
2008-09-26,41.51,42.71,41.25,42.55,10.283829300160393,56400,0.0000,1.0
2008-09-29,41.88,42.22,39.1,39.95,9.655440200738138,97800,0.0000,1.0
2008-09-30,40.18,41.16,39.8,40.81,9.863291979777808,94000,0.0000,1.0
2008-10-01,40.42,41.0,39.12,39.92,9.648189557283265,86100,0.0000,1.0
2008-10-02,39.7,39.7,36.55,37.53,9.070554962045113,61700,0.0000,1.0
2008-10-03,38.2,39.25,35.42,35.43,8.56300992020406,60600,0.0000,1.0
2008-10-06,35.02,35.88,32.32,34.02,8.222229677825068,98500,0.0000,1.0
2008-10-07,34.64,35.79,32.29,32.7,7.903201365810691,106600,0.0000,1.0
2008-10-08,32.2,33.59,30.2,30.34,7.332817414027412,102200,0.0000,1.0
2008-10-09,30.77,32.26,28.09,28.21,6.818021728731486,100000,0.0000,1.0
2008-10-10,27.27,29.99,25.77,29.09,7.030707270074403,83500,0.0000,1.0
2008-10-13,29.79,33.89,28.28,33.51,8.09896873909224,87800,0.0000,1.0
2008-10-14,34.21,34.23,30.46,32.23,7.789607951684359,55300,0.0000,1.0
2008-10-15,31.82,32.27,28.5,28.81,6.963034597828929,49200,0.0000,1.0
2008-10-16,28.92,31.25,26.27,30.61,7.398073205121261,93100,0.0000,1.0
2008-10-17,29.57,32.5,28.85,30.26,7.313482364814419,59900,0.0000,1.0
2008-10-20,29.41,30.876,29.29,30.57,7.388405680514765,65300,0.0000,1.0
2008-10-21,30.19,31.26,29.65,30.4,7.347318700937156,30000,0.0000,1.0
2008-10-22,29.67,29.67,26.51,26.79,6.474824605200868,80100,0.0000,1.0
2008-10-23,27.01,27.68,22.5,23.33,5.638583726738942,135300,0.0000,1.0
2008-10-24,21.98,23.0,21.014,21.46,5.186626951385242,97200,0.0000,1.0
2008-10-27,21.25,21.96,19.32,19.58,4.732253294879918,94400,0.0000,1.0
2008-10-28,19.86,20.08,16.7375,18.41,4.449478200139903,178700,0.0000,1.0
2008-10-29,18.61,18.61,17.64,17.76,4.292380925284339,194300,0.0000,1.0
2008-10-30,18.29,18.72,18.12,18.54,4.480897655111015,194100,0.0000,1.0
2008-10-31,18.52,18.64,18.12,18.51,4.473647011656143,155500,0.0000,1.0
2008-11-03,18.51,19.14,18.51,18.98,4.587240425782475,261700,0.0000,1.0
2008-11-04,19.25,22.81,19.14,22.26,5.379977443515168,209500,0.0000,1.0
2008-11-05,22.2,22.47,21.29,21.83,5.276051553995332,136200,0.0000,1.0
2008-11-06,21.72,23.15,21.5,22.69,5.483903333035003,150000,0.0000,1.0
2008-11-07,22.9,23.1991,21.545,22.05,5.329222939331062,65200,0.0000,1.0
2008-11-10,22.48,23.42,22.105,23.2,5.60716427176783,157600,0.0000,1.0
2008-11-11,22.95,24.85,22.64,23.76,5.742509616258777,133200,0.0000,1.0
2008-11-12,23.4,24.25,21.93,22.25,5.377560562363543,129300,0.0000,1.0
2008-11-13,22.41,24.48,21.9,24.29,5.870604317294852,86700,0.0000,1.0
2008-11-14,23.88,23.97,22.06,22.74,5.495987738793122,82900,0.0000,1.0
2008-11-17,22.61,23.27,22.26,22.33,5.396895611576536,115600,0.0000,1.0
2008-11-18,22.34,22.72,20.74,21.21,5.126204922594641,130300,0.0000,1.0
2008-11-19,21.01,21.4,20.25,20.6,4.978775172345573,98100,0.0000,1.0
2008-11-20,20.36,21.22,18.88,19.32,4.669414384937692,128200,0.0000,1.0
2008-11-21,19.68,20.33,18.41,20.08,4.853097352461121,119400,0.0000,1.0
2008-11-24,20.27,21.77,19.46,21.09,5.097202348775152,168300,0.0000,1.0
2008-11-25,21.36,22.94,20.9,22.24,5.375143681211919,104000,0.0000,1.0
2008-11-26,21.61,23.91,21.61,23.25,5.61924867752595,87600,0.0000,1.0
2008-11-28,23.05,23.96,22.43,23.86,5.766678427775018,43100,0.0000,1.0
2008-12-01,23.12,23.12,20.16,20.22,4.886933688583858,81500,0.0000,1.0
2008-12-02,20.4,21.7,19.71,21.46,5.186626951385242,59800,0.0000,1.0
2008-12-03,20.78,21.4,20.18,20.31,4.908685618948475,159100,0.0000,1.0
2008-12-04,19.78,21.0,19.53,20.09,4.8555142336127455,119800,0.0000,1.0
2008-12-05,19.77,21.22,19.36,21.15,5.111703635684896,49500,0.0000,1.0
2008-12-08,21.48,23.14,21.48,22.09,5.338890463937559,93300,0.0000,1.0
2008-12-09,21.74,23.18,21.38,22.09,5.338890463937559,83000,0.0000,1.0
2008-12-10,23.43,27.264,22.05,27.12,6.5545816832044625,252900,0.0000,1.0
2008-12-11,26.65,30.74,25.5,28.33,6.847024302550974,242700,0.0000,1.0
2008-12-12,28.01,29.74,27.51,29.27,7.074211130803636,132600,0.0000,1.0
2008-12-15,29.44,30.45,27.22,28.21,6.818021728731486,81500,0.0000,1.0
2008-12-16,28.59,31.1,28.32,30.96,7.482664045428104,66400,0.0000,1.0
2008-12-17,28.51,31.05,28.51,30.85,7.4560783527602394,65300,0.0000,1.0
2008-12-18,31.02,31.02,27.52,28.01,6.769684105699005,121300,0.0000,1.0
2008-12-19,28.68,29.0,27.96,28.03,6.774517868002253,121100,0.0000,1.0
2008-12-22,28.13,28.26,26.59,27.82,6.723763363818147,92600,0.0000,1.0
2008-12-23,27.89,28.55,26.25,27.91,6.745515294182764,43200,0.0000,1.0
2008-12-24,27.85,28.12,26.92,27.91,6.745515294182764,27300,0.0000,1.0
2008-12-26,27.01,27.55,26.95,27.37,6.615003711995064,52400,0.0000,1.0
2008-12-29,28.07,28.45,26.48,26.88,6.4965765355654845,84600,0.0000,1.0
2008-12-30,27.05,27.73,26.64,27.65,6.682676384240538,97000,0.0000,1.0
2008-12-31,27.89,29.17,27.03,29.02,7.0137891020130345,101700,0.0000,1.0
2009-01-02,29.74,29.97,28.15,28.48,6.883277519825335,73000,0.0000,1.0
2009-01-05,28.44,28.45,27.35,27.89,6.740681531879516,96600,0.0000,1.0
2009-01-06,28.0,28.0,26.73,27.37,6.615003711995064,55000,0.0000,1.0
2009-01-07,27.04,27.04,25.54,25.84,6.2452208957965825,54600,0.0000,1.0
2009-01-08,25.51,26.51,25.0,26.5,6.404735051803771,87800,0.0000,1.0
2009-01-09,26.42,27.42,26.1,26.28,6.351563666468041,102300,0.0000,1.0
2009-01-12,26.3,26.74,24.99,24.99,6.039785997908536,60400,0.0000,1.0
2009-01-13,24.96,26.25,24.85,25.69,6.208967678522222,49900,0.0000,1.0
2009-01-14,25.3,25.5,24.18,24.95,6.030118473302041,53200,0.0000,1.0
2009-01-15,24.91,26.97,24.52,26.82,6.4820752486557405,110000,0.0000,1.0
2009-01-16,26.96,28.35,26.53,28.09,6.789019154911997,92600,0.0000,1.0
2009-01-20,27.65,28.02,27.47,27.48,6.64158940466293,115200,0.0000,1.0
2009-01-21,27.75,28.78,26.5,28.65,6.9243644994029445,75900,0.0000,1.0
2009-01-22,28.01,28.01,25.82,25.89,6.257305301554703,60600,0.0000,1.0
2009-01-23,25.71,27.4,25.4,26.4,6.380566240287529,46000,0.0000,1.0
2009-01-26,26.21,27.98,26.21,27.16,6.564249207810959,44600,0.0000,1.0
2009-01-27,27.16,28.05,26.73,28.05,6.779351630305501,54200,0.0000,1.0
2009-01-28,28.0,28.3,27.55,27.93,6.750349056486012,48500,0.0000,1.0
2009-01-29,27.51,27.8,25.235,25.5,6.163046936641364,43600,0.0000,1.0
2009-01-30,25.12,25.37,23.816,23.88,5.7715121900782655,42800,0.0000,1.0
2009-02-02,23.72,24.36,23.25,24.09,5.822266694262371,41100,0.0000,1.0
2009-02-03,24.2,25.07,23.73,24.5,5.921358821478958,55400,0.0000,1.0
2009-02-04,24.58,25.75,24.255,24.58,5.94069387069195,63600,0.0000,1.0
2009-02-05,24.5,25.6,24.25,25.57,6.179965104702733,49800,0.0000,1.0
2009-02-06,25.62,26.58,25.26,26.44,6.390233764894027,69200,0.0000,1.0
2009-02-09,26.26,28.65,26.26,28.38,6.859108708309095,133700,0.0000,1.0
2009-02-10,30.21,31.16,28.34,29.25,7.069377368500389,172600,0.0000,1.0
2009-02-11,29.25,30.48,28.79,30.09,7.27239538523681,92000,0.0000,1.0
2009-02-12,29.56,32.17,29.56,31.85,7.697766467922645,65300,0.0000,1.0
2009-02-13,32.06,33.82,31.1201,32.34,7.816193644352225,76200,0.0000,1.0
2009-02-17,31.98,33.05,31.8,32.34,7.816193644352225,103500,0.0000,1.0
2009-02-18,32.38,33.17,32.31,32.91,7.953955869994795,122100,0.0000,1.0
2009-02-19,32.96,33.73,31.42,32.02,7.738853447500255,87700,0.0000,1.0
2009-02-20,31.03,31.42,27.08,28.15,6.803520441821741,176400,0.0000,1.0
2009-02-23,28.46,29.0,26.76,27.69,6.692343908847035,107900,0.0000,1.0
2009-02-24,28.19,30.5699,27.02,30.45,7.359403106695276,175300,0.0000,1.0
2009-02-25,30.32,30.54,29.14,29.61,7.156385089958855,89400,0.0000,1.0
2009-02-26,29.98,30.68,29.23,29.56,7.144300684200735,88900,0.0000,1.0
2009-02-27,29.25,30.8055,28.71,29.94,7.236142167962449,71200,0.0000,1.0
2009-03-02,29.75,30.08,29.1,29.65,7.166052614565351,177400,0.0000,1.0
2009-03-03,30.04,31.53,29.46,30.18,7.2941473156014265,152300,0.0000,1.0
2009-03-04,30.59,33.06,30.34,32.18,7.777523545926239,186100,0.0000,1.0
2009-03-05,32.0,32.705,29.75,29.91,7.228891524507577,120800,0.0000,1.0
2009-03-06,30.11,31.37,28.9,29.87,7.2192239999010805,133700,0.0000,1.0
2009-03-09,29.67,30.54,29.12,29.78,7.197472069536464,83700,0.0000,1.0
2009-03-10,30.41,32.66,29.87,32.33,7.8137767632006,105500,0.0000,1.0
2009-03-11,32.4,33.86,31.75,31.93,7.717101517135638,82400,0.0000,1.0
2009-03-12,31.71,35.59,31.39,35.13,8.490503485655339,98400,0.0000,1.0
2009-03-13,35.4,35.62,32.22,32.53,7.862114386233082,102000,0.0000,1.0
2009-03-16,32.91,33.55,31.24,31.46,7.603508103009307,96300,0.0000,1.0
2009-03-17,31.54,33.28,30.9629,32.99,7.973290919207789,72000,0.0000,1.0
2009-03-18,32.95,33.99,32.1687,33.32,8.053047997211383,87800,0.0000,1.0
2009-03-19,33.84,33.93,32.83,33.1,7.999876611875654,54600,0.0000,1.0
2009-03-20,33.43,33.56,31.55,31.57,7.630093795677172,97000,0.0000,1.0
2009-03-23,32.47,34.23,32.11,34.22,8.270567300857548,87200,0.0000,1.0
2009-03-24,34.17,34.5,33.09,33.32,8.053047997211383,59400,0.0000,1.0
2009-03-25,33.47,35.63,32.93,34.62,8.36724254692251,89900,0.0000,1.0
2009-03-26,35.26,37.31,34.84,36.33,8.780529223850225,110600,0.0000,1.0
2009-03-27,35.95,36.35,34.89,35.33,8.53884110868782,82000,0.0000,1.0
2009-03-30,34.75,34.88,32.77,34.03,8.224646558976692,70200,0.0000,1.0
2009-03-31,34.39,36.78,34.3,35.31,8.534007346384572,70500,0.0000,1.0
2009-04-01,35.12,37.25,34.6,37.03,8.949710904463911,69200,0.0000,1.0
2009-04-02,37.93,40.72,37.1301,39.45,9.534596143156936,94200,0.0000,1.0
2009-04-03,39.45,39.69,37.3501,39.27,9.491092282427703,72500,0.0000,1.0
2009-04-06,39.05,39.1599,37.745,39.02,9.4306702536371,63000,0.0000,1.0
2009-04-07,38.42,39.055,36.13,36.27,8.766027936940482,74100,0.0000,1.0
2009-04-08,36.63,39.57,36.63,39.49,9.544263667763431,92100,0.0000,1.0
2009-04-09,40.38,41.7499,39.8,40.66,9.827038762503445,107100,0.0000,1.0
2009-04-13,40.58,41.06,37.5,38.22,9.237319761507173,132000,0.0000,1.0
2009-04-14,37.78,37.89,35.84,36.67,8.862703183005445,109100,0.0000,1.0
2009-04-15,36.54,38.2872,36.54,38.0,9.184148376171445,57000,0.0000,1.0
2009-04-16,38.24,38.4,36.8567,38.01,9.186565257323068,69400,0.0000,1.0
2009-04-17,38.0,38.48,36.75,37.84,9.145478277745461,49800,0.0000,1.0
2009-04-20,36.81,36.81,35.0,35.84,8.662102047420648,68900,0.0000,1.0
2009-04-21,35.6,38.0,35.54,38.0,9.184148376171445,67500,0.0000,1.0
2009-04-22,37.38,39.3,37.11,37.73,9.118892585077594,77900,0.0000,1.0
2009-04-23,37.99,38.0,35.83,36.59,8.843368133792453,71800,0.0000,1.0
2009-04-24,37.25,37.27,34.76,35.01,8.461500911835849,118800,0.0000,1.0
2009-04-27,34.7,35.59,31.78,34.78,8.405912645348497,126000,0.0000,1.0
2009-04-28,34.36,36.05,34.04,34.78,8.405912645348497,82700,0.0000,1.0
2009-04-29,34.99,37.29,34.82,36.78,8.889288875673309,52500,0.0000,1.0
2009-04-30,37.19,37.92,35.46,35.99,8.698355264695008,54000,0.0000,1.0
2009-05-01,36.38,37.71,35.2701,37.44,9.048803031680496,86200,0.0000,1.0
2009-05-04,37.66,39.93,37.66,39.1699,9.466899302099943,124900,0.0000,1.0
2009-05-05,39.37,41.67,38.92,40.99,9.90679584050704,155100,0.0000,1.0
2009-05-06,40.0,40.72,35.66,36.27,8.766027936940482,291200,0.0000,1.0
2009-05-07,35.19,35.42,30.5955,34.49,8.335823091951399,343200,0.0000,1.0
2009-05-08,35.09,37.11,34.89,36.98,8.93762649870579,126600,0.0000,1.0
2009-05-11,36.39,36.4,35.05,36.16,8.739442244272617,102500,0.0000,1.0
2009-05-12,36.48,37.24,35.57,37.1,8.96662907252528,63200,0.0000,1.0
2009-05-13,36.23,36.7799,34.42,34.47,8.33098932964815,66100,0.0000,1.0
2009-05-14,34.51,36.4543,34.0,35.5,8.57992808826543,67100,0.0000,1.0
2009-05-15,35.71,35.83,33.84,35.16,8.49775412911021,76400,0.0000,1.0
2009-05-18,35.48,36.74,34.9,36.19,8.74669288772749,104100,0.0000,1.0
2009-05-19,35.79,36.27,34.91,35.75,8.64035011705603,115900,0.0000,1.0
2009-05-20,36.12,37.89,34.86,36.95,8.930375855250919,98400,0.0000,1.0
2009-05-21,36.4,37.39,35.955,36.75,8.882038232218436,104500,0.0000,1.0
2009-05-22,36.85,37.0933,35.14,35.29,8.529173584081324,55400,0.0000,1.0
2009-05-26,34.87,37.34,34.01,36.94,8.927958974099294,86900,0.0000,1.0
2009-05-27,36.82,37.345,35.39,35.64,8.613764424388165,94900,0.0000,1.0
2009-05-28,36.02,37.97,36.02,37.05,8.954544666767157,108500,0.0000,1.0
2009-05-29,37.34,40.42,35.844,39.29,9.495926044730949,159100,0.0000,1.0
2009-06-01,40.17,40.99,39.31,40.7,9.836706287109942,123700,0.0000,1.0
2009-06-02,40.26,43.49,40.21,42.42,10.252409845189282,126300,0.0000,1.0
2009-06-03,42.36,42.85,41.265,42.25,10.211322865611672,95100,0.0000,1.0
2009-06-04,42.36,44.46,41.76,44.35,10.718867907452726,111300,0.0000,1.0
2009-06-05,44.75,44.93,42.12,42.2,10.199238459853552,95300,0.0000,1.0
2009-06-08,41.81,42.2,37.91,38.97,9.41858584787898,167600,0.0000,1.0
2009-06-09,39.22,42.111,39.09,41.26,9.97205163160089,134900,0.0000,1.0
2009-06-10,41.71,42.2,39.4,41.29,9.979302275055762,97800,0.0000,1.0
2009-06-11,41.6,42.2,40.895,41.35,9.993803561965507,82100,0.0000,1.0
2009-06-12,41.16,41.91,39.65,41.34,9.991386680813884,67700,0.0000,1.0
2009-06-15,40.71,40.72,39.03,39.4,9.522511737398814,185000,0.0000,1.0
2009-06-16,39.73,39.83,37.9,38.18,9.227652236900678,81300,0.0000,1.0
2009-06-17,38.31,39.7,37.48,38.98,9.421002729030603,75000,0.0000,1.0
2009-06-18,38.81,40.01,38.67,39.42,9.527345499702063,73800,0.0000,1.0
2009-06-19,40.01,40.19,38.4,38.47,9.297741790297776,74500,0.0000,1.0
2009-06-22,38.32,38.32,36.09,36.63,8.853035658398948,139100,0.0000,1.0
2009-06-23,37.07,37.94,36.58,36.71,8.87237070761194,71000,0.0000,1.0
2009-06-24,37.13,38.5,36.58,37.61,9.089890011258106,31700,0.0000,1.0
2009-06-25,37.07,38.02,36.89,37.75,9.123726347380844,52600,0.0000,1.0
2009-06-26,37.66,38.6,37.45,38.54,9.314659958359144,213800,0.0000,1.0
2009-06-29,38.48,38.54,37.38,37.64,9.097140654712979,42000,0.0000,1.0
2009-06-30,37.78,38.2625,37.07,37.07,8.959378429070407,60400,0.0000,1.0
2009-07-01,37.65,39.32,36.78,37.95,9.172063970413324,52200,0.0000,1.0
2009-07-02,37.53,37.53,35.76,36.05,8.712856551604752,64100,0.0000,1.0
2009-07-06,35.94,36.73,35.5,36.19,8.74669288772749,41100,0.0000,1.0
2009-07-07,36.32,36.4,35.43,35.45,8.56784368250731,90800,0.0000,1.0
2009-07-08,35.36,36.55,34.3,34.96,8.44941650607773,73700,0.0000,1.0
2009-07-09,35.36,35.785,34.79,35.13,8.490503485655339,73500,0.0000,1.0
2009-07-10,35.04,35.385,34.55,35.26,8.521922940626451,29300,0.0000,1.0
2009-07-13,35.47,36.05,34.3235,35.97,8.693521502391759,59300,0.0000,1.0
2009-07-14,35.56,36.39,35.37,35.78,8.647600760510903,46600,0.0000,1.0
2009-07-15,36.12,36.71,35.0,35.6,8.60409689978167,93500,0.0000,1.0
2009-07-16,35.52,36.13,35.07,35.86,8.666935809723896,36600,0.0000,1.0
2009-07-17,35.96,36.3,34.95,35.89,8.674186453178768,39400,0.0000,1.0
2009-07-20,36.18,36.34,34.01,34.36,8.304403636980286,111900,0.0000,1.0
2009-07-21,34.48,35.09,34.06,34.39,8.311654280435159,70800,0.0000,1.0
2009-07-22,34.33,34.455,33.85,34.36,8.304403636980286,47000,0.0000,1.0
2009-07-23,34.24,34.96,33.95,34.23,8.272984182009171,83300,0.0000,1.0
2009-07-24,33.8,34.62,33.73,34.45,8.326155567344903,52900,0.0000,1.0
2009-07-27,34.5,36.861,34.5,35.64,8.613764424388165,86000,0.0000,1.0
2009-07-28,35.58,36.6,35.36,36.23,8.756360412333985,106400,0.0000,1.0
2009-07-29,36.12,36.34,35.4,35.61,8.606513780933293,33300,0.0000,1.0
2009-07-30,36.36,36.5,35.64,36.04,8.710439670453129,26700,0.0000,1.0
2009-07-31,36.08,36.23,35.51,35.65,8.61618130553979,32100,0.0000,1.0
2009-08-03,36.12,36.12,35.21,35.49,8.577511207113805,121100,0.0000,1.0
2009-08-04,37.35,39.19,36.74,38.72,9.358163819088377,251600,0.0000,1.0
2009-08-05,39.11,39.96,38.17,39.79,9.616770102312152,87800,0.0000,1.0
2009-08-06,39.84,41.0,37.88,40.1,9.691693418012498,86400,0.0000,1.0
2009-08-07,40.44,41.2824,40.05,40.12,9.696527180315746,49600,0.0000,1.0
2009-08-10,39.58,41.385,39.32,40.0,9.667524606496258,61800,0.0000,1.0
2009-08-11,39.6,40.98,38.651,39.2,9.474174114366333,47600,0.0000,1.0
2009-08-12,39.43,40.43,39.3,39.37,9.515261093943941,55900,0.0000,1.0
2009-08-13,39.78,40.0,38.091,38.3,9.256654810720166,55400,0.0000,1.0
2009-08-14,38.43,38.92,36.421,37.95,9.172063970413324,77700,0.0000,1.0
2009-08-17,37.02,37.86,35.32,35.85,8.66451892857227,60800,0.0000,1.0
2009-08-18,35.93,36.0,34.954,35.27,8.524339821778076,71900,0.0000,1.0
2009-08-19,34.93,35.23,34.78,35.0,8.459084030684226,70700,0.0000,1.0
2009-08-20,35.03,35.42,34.8,35.38,8.550925514445941,61300,0.0000,1.0
2009-08-21,35.94,37.99,35.39,37.1,8.96662907252528,80900,0.0000,1.0
2009-08-24,37.29,37.57,36.51,37.45,9.051219912832122,40000,0.0000,1.0
2009-08-25,37.75,38.3,37.39,37.93,9.167230208110077,85300,0.0000,1.0
2009-08-26,37.94,38.41,37.74,38.37,9.273572978781534,48600,0.0000,1.0
2009-08-27,38.33,38.41,37.7801,38.41,9.283240503388031,22500,0.0000,1.0
2009-08-28,38.89,38.89,37.945,38.06,9.19864966308119,32600,0.0000,1.0
2009-08-31,37.87,38.0,37.06,37.82,9.140644515442212,46700,0.0000,1.0
2009-09-01,37.87,39.59,36.81,38.12,9.213150949990933,73600,0.0000,1.0
2009-09-02,38.13,39.21,37.35,38.76,9.367831343694874,111100,0.0000,1.0
2009-09-03,38.75,39.59,38.44,39.57,9.563598716976424,37200,0.0000,1.0
2009-09-04,39.6,39.76,38.54,39.58,9.566015598128047,45400,0.0000,1.0
2009-09-08,40.01,40.19,39.32,39.59,9.568432479279672,27100,0.0000,1.0
2009-09-09,39.84,41.17,39.22,41.1,9.933381533174906,46500,0.0000,1.0
2009-09-10,41.14,42.535,41.0,42.2,10.199238459853552,45100,0.0000,1.0
2009-09-11,42.46,42.5525,39.53,39.83,9.626437626918648,59100,0.0000,1.0
2009-09-14,39.75,40.7,39.6706,39.94,9.653023319586513,38000,0.0000,1.0
2009-09-15,40.0,40.6225,39.0901,39.95,9.655440200738138,51300,0.0000,1.0
2009-09-16,40.27,40.76,39.6275,40.15,9.703777823770618,38500,0.0000,1.0
2009-09-17,40.21,40.78,39.92,40.04,9.677192131102753,82400,0.0000,1.0
2009-09-18,40.3,40.76,39.76,39.97,9.660273963041385,119000,0.0000,1.0
2009-09-21,39.75,40.06,39.647,39.99,9.665107725344635,123400,0.0000,1.0
2009-09-22,40.39,40.39,39.5,39.5,9.546680548915054,41800,0.0000,1.0
2009-09-23,39.85,39.85,38.75,39.04,9.435504015940348,72100,0.0000,1.0
2009-09-24,39.08,39.43,38.33,39.01,9.428253372485475,50100,0.0000,1.0
2009-09-25,39.02,39.12,38.385,38.89,9.399250798665987,51500,0.0000,1.0
2009-09-28,38.97,39.21,38.62,39.08,9.445171540546843,44400,0.0000,1.0
2009-09-29,39.36,39.75,38.33,38.42,9.285657384539656,57900,0.0000,1.0
2009-09-30,38.64,39.21,37.51,38.39,9.278406741084783,70800,0.0000,1.0
2009-10-01,38.35,38.44,37.6,37.67,9.104391298167851,97300,0.0000,1.0
2009-10-02,37.5,38.42,37.01,37.82,9.140644515442212,57900,0.0000,1.0
2009-10-05,37.91,39.25,37.54,37.91,9.162396445806827,50200,0.0000,1.0
2009-10-06,38.45,39.07,37.96,38.95,9.413752085575732,58200,0.0000,1.0
2009-10-07,39.21,39.75,38.89,39.14,9.459672827456588,27400,0.0000,1.0
2009-10-08,39.52,39.53,38.0,38.06,9.19864966308119,141700,0.0000,1.0
2009-10-09,38.1,38.51,38.01,38.07,9.201066544232813,90700,0.0000,1.0
2009-10-12,38.54,38.62,37.26,37.68,9.106808179319474,56700,0.0000,1.0
2009-10-13,37.75,38.24,37.11,38.01,9.186565257323068,105100,0.0000,1.0
2009-10-14,38.26,40.18,38.1408,39.99,9.665107725344635,81700,0.0000,1.0
2009-10-15,39.9,40.95,39.75,40.73,9.843956930564813,75300,0.0000,1.0
2009-10-16,40.7,40.97,40.39,40.58,9.807703713290453,85800,0.0000,1.0
2009-10-19,40.93,41.66,40.7,41.36,9.99622044311713,31400,0.0000,1.0
2009-10-20,41.54,41.54,39.6,40.41,9.766616733712844,88600,0.0000,1.0
2009-10-21,40.44,40.97,39.64,39.79,9.616770102312152,75300,0.0000,1.0
2009-10-22,39.44,40.57,39.11,40.15,9.703777823770618,47000,0.0000,1.0
2009-10-23,40.47,40.8,39.49,40.04,9.677192131102753,45700,0.0000,1.0
2009-10-26,40.27,40.27,38.55,38.81,9.379915749452994,53700,0.0000,1.0
2009-10-27,38.81,39.74,38.64,39.36,9.512844212792318,54400,0.0000,1.0
2009-10-28,39.36,39.36,37.6083,38.11,9.21073406883931,71400,0.0000,1.0
2009-10-29,38.33,38.56,37.941,38.27,9.249404167265295,31100,0.0000,1.0
2009-10-30,38.13,38.16,36.0,36.78,8.889288875673309,75100,0.0000,1.0
2009-11-02,36.8,36.98,35.77,36.05,8.712856551604752,85600,0.0000,1.0
2009-11-03,36.05,37.24,35.77,37.1,8.96662907252528,51800,0.0000,1.0
2009-11-04,37.1,37.36,36.2,36.56,8.83611749033758,77700,0.0000,1.0
2009-11-05,36.5,37.5,36.5,37.0,8.942460261009039,73600,0.0000,1.0
2009-11-06,36.74,37.226,36.5,36.83,8.901373281431429,102100,0.0000,1.0
2009-11-09,37.01,37.28,36.81,36.98,8.93762649870579,88300,0.0000,1.0
2009-11-10,36.7,37.2099,36.22,36.33,8.780529223850225,40000,0.0000,1.0
2009-11-11,36.81,36.84,36.6,36.7,8.869953826460318,21000,0.0000,1.0
2009-11-12,36.75,36.77,35.71,35.83,8.659685166269023,41900,0.0000,1.0
2009-11-13,36.12,36.34,35.28,35.7,8.62826571129791,28900,0.0000,1.0
2009-11-16,35.62,36.18,34.52,34.67,8.379326952680632,122200,0.0000,1.0
2009-11-17,34.63,34.97,34.27,34.86,8.425247694561488,49100,0.0000,1.0
2009-11-18,34.97,35.01,34.3,34.8,8.410746407651743,31200,0.0000,1.0
2009-11-19,34.51,34.83,34.16,34.51,8.340656854254647,37600,0.0000,1.0
2009-11-20,34.4,35.49,34.1201,35.38,8.550925514445941,59000,0.0000,1.0
2009-11-23,35.65,36.37,35.11,36.06,8.715273432756376,59600,0.0000,1.0
2009-11-24,36.19,36.356,35.57,36.26,8.763611055788857,67600,0.0000,1.0
2009-11-25,36.46,36.46,36.05,36.07,8.717690313908001,34700,0.0000,1.0
2009-11-27,35.28,35.82,35.1,35.45,8.56784368250731,21800,0.0000,1.0
2009-11-30,35.45,35.45,34.0,35.1,8.483252842200466,82800,0.0000,1.0
2009-12-01,35.24,36.28,35.15,35.68,8.623431948994662,99500,0.0000,1.0
2009-12-02,35.81,36.56,35.57,36.52,8.826449965731085,65700,0.0000,1.0
2009-12-03,36.75,37.16,36.22,36.27,8.766027936940482,66700,0.0000,1.0
2009-12-04,36.74,37.2,36.31,36.35,8.785362986153475,53700,0.0000,1.0
2009-12-07,36.52,37.38,36.5,37.08,8.96179531022203,46800,0.0000,1.0
2009-12-08,37.26,37.5,35.25,35.51,8.582344969417052,127200,0.0000,1.0
2009-12-09,36.47,36.56,32.69,33.79,8.166641411337714,318600,0.0000,1.0
2009-12-10,33.57,33.64,32.75,32.88,7.946705226539924,110400,0.0000,1.0
2009-12-11,32.87,33.1,31.84,32.24,7.792024832835984,84700,0.0000,1.0
2009-12-14,32.51,33.33,32.01,33.31,8.050631116059758,73800,0.0000,1.0
2009-12-15,33.3,33.7,33.03,33.45,8.084467452182496,73000,0.0000,1.0
2009-12-16,33.52,34.17,31.7,32.34,7.816193644352225,225100,0.0000,1.0
2009-12-17,31.91,32.114,30.32,30.44,7.356986225543652,148700,0.0000,1.0
2009-12-18,30.58,31.0,30.39,30.62,7.400490086272885,113700,0.0000,1.0
2009-12-21,30.76,31.39,30.67,30.8,7.443993947002118,65600,0.0000,1.0
2009-12-22,30.77,31.08,30.77,30.85,7.4560783527602394,57800,0.0000,1.0
2009-12-23,30.95,31.1,30.65,30.87,7.460912115063487,50900,0.0000,1.0
2009-12-24,31.0,31.39,30.93,31.19,7.538252311915457,19200,0.0000,1.0
2009-12-28,31.19,31.32,30.82,31.11,7.518917262702464,42900,0.0000,1.0
2009-12-29,31.33,31.51,31.0,31.09,7.514083500399217,46500,0.0000,1.0
2009-12-30,31.03,31.58,31.03,31.58,7.632510676828795,73600,0.0000,1.0
2009-12-31,31.72,31.89,31.48,31.53,7.620426271070675,72200,0.0000,1.0
2010-01-04,32.01,32.69,32.01,32.36,7.821027406655473,58500,0.0000,1.0
2010-01-05,32.48,32.58,32.08,32.13,7.7654391401681195,69900,0.0000,1.0
2010-01-06,32.26,32.58,32.14,32.18,7.777523545926239,60400,0.0000,1.0
2010-01-07,32.25,32.77,32.01,32.54,7.864531267384706,74700,0.0000,1.0
2010-01-08,32.43,32.87,32.43,32.83,7.934620820781803,40800,0.0000,1.0
2010-01-11,32.93,32.97,32.49,32.5,7.8548637427782095,50900,0.0000,1.0
2010-01-12,32.41,32.65,31.735,32.1,7.758188496713247,80400,0.0000,1.0
2010-01-13,32.11,33.02,31.61,32.93,7.9587896322980445,70000,0.0000,1.0
2010-01-14,32.99,33.19,32.69,32.92,7.956372751146421,92100,0.0000,1.0
2010-01-15,33.06,33.06,31.51,31.65,7.6494288448901635,99800,0.0000,1.0
2010-01-19,31.97,32.17,31.41,31.5,7.613175627615803,103400,0.0000,1.0
2010-01-20,31.33,31.35,30.82,30.9,7.468162758518359,58000,0.0000,1.0
2010-01-21,31.03,31.14,30.2,30.2,7.298981077904674,84400,0.0000,1.0
2010-01-22,30.26,30.34,28.85,28.97,7.001704696254914,121800,0.0000,1.0
2010-01-25,29.11,29.52,28.9,29.1,7.033124151226028,75200,0.0000,1.0
2010-01-26,29.1,29.23,28.01,28.06,6.781768511457124,103600,0.0000,1.0
2010-01-27,28.02,29.385,27.71,29.07,7.025873507771156,127200,0.0000,1.0
2010-01-28,29.03,29.26,28.067,29.0,7.008955339709787,74000,0.0000,1.0
2010-01-29,29.0,29.69,29.0,29.21,7.059709843893892,90900,0.0000,1.0
2010-02-01,29.41,30.415,29.41,30.16,7.289313553298179,133300,0.0000,1.0
2010-02-02,30.2,30.2,29.15,29.35,7.093546180016629,70000,0.0000,1.0
2010-02-03,30.27,31.28,30.13,30.57,7.388405680514765,136700,0.0000,1.0
2010-02-04,30.46,30.88,29.4,30.11,7.277229147540058,92000,0.0000,1.0
2010-02-05,30.12,30.13,29.54,29.67,7.1708863768686,97400,0.0000,1.0
2010-02-08,29.76,29.81,29.18,29.28,7.076628011955261,54000,0.0000,1.0
2010-02-09,29.49,30.18,29.0106,29.12,7.037957913529276,49900,0.0000,1.0
2010-02-10,29.12,29.18,28.265,28.94,6.994454052800043,69900,0.0000,1.0
2010-02-11,28.77,29.37,28.77,29.35,7.093546180016629,43000,0.0000,1.0
2010-02-12,29.01,29.01,28.02,28.67,6.929198261706193,111900,0.0000,1.0
2010-02-16,28.74,29.82,28.74,29.75,7.1902214260815915,55500,0.0000,1.0
2010-02-17,29.92,30.13,29.71,29.93,7.233725286810825,42500,0.0000,1.0
2010-02-18,29.82,30.44,29.82,30.44,7.356986225543652,33100,0.0000,1.0
2010-02-19,30.44,30.51,29.66,29.76,7.192638307233216,54800,0.0000,1.0
2010-02-22,29.99,30.09,29.07,29.12,7.037957913529276,54600,0.0000,1.0
2010-02-23,29.11,29.25,28.54,28.82,6.965451478980554,38400,0.0000,1.0
2010-02-24,28.9,29.12,28.74,28.91,6.98720340934517,24600,0.0000,1.0
2010-02-25,28.47,29.01,28.25,28.99,7.006538458558162,31000,0.0000,1.0
2010-02-26,28.96,29.06,28.51,28.8,6.960617716677306,43200,0.0000,1.0
2010-03-01,28.92,29.45,28.82,29.32,7.086295536561757,46200,0.0000,1.0
2010-03-02,29.3,29.79,29.27,29.56,7.144300684200735,77400,0.0000,1.0
2010-03-03,29.69,30.6,29.68,30.14,7.28447979099493,69700,0.0000,1.0
2010-03-04,32.29,32.96,31.87,32.56,7.8693650296879545,232000,0.0000,1.0
2010-03-05,32.6,32.93,32.01,32.88,7.946705226539924,93800,0.0000,1.0
2010-03-08,32.74,32.92,32.55,32.67,7.895950722355819,56300,0.0000,1.0
2010-03-09,32.58,33.0,32.46,32.51,7.857280623929833,52200,0.0000,1.0
2010-03-10,32.55,32.92,32.41,32.92,7.956372751146421,54700,0.0000,1.0
2010-03-11,32.79,32.89,32.56,32.83,7.934620820781803,88900,0.0000,1.0
2010-03-12,33.0,33.0,32.5,32.75,7.915285771568811,1074200,0.0000,1.0
2010-03-15,32.55,32.56,31.99,32.42,7.835528693565218,109700,0.0000,1.0
2010-03-16,32.48,33.264,32.48,33.21,8.026462304543518,73400,0.0000,1.0
2010-03-17,33.29,34.27,33.21,33.75,8.156973886731217,99800,0.0000,1.0
2010-03-18,33.44,33.92,33.44,33.81,8.171475173640962,47400,0.0000,1.0
2010-03-19,34.01,34.01,32.48,32.6,7.879032554294451,117200,0.0000,1.0
2010-03-22,32.53,33.91,32.53,33.82,8.173892054792587,51500,0.0000,1.0
2010-03-23,33.84,34.02,33.26,33.85,8.18114269824746,37200,0.0000,1.0
2010-03-24,33.64,33.75,33.1,33.26,8.038546710301638,59400,0.0000,1.0
2010-03-25,33.56,34.16,33.13,33.17,8.016794779937022,30000,0.0000,1.0
2010-03-26,33.18,33.43,32.76,33.16,8.014377898785396,26800,0.0000,1.0
2010-03-29,33.13,33.13,32.36,32.65,7.89111696005257,61000,0.0000,1.0
2010-03-30,32.63,33.23,32.63,33.01,7.978124681511036,51600,0.0000,1.0
2010-03-31,32.81,33.09,32.46,32.53,7.862114386233082,47000,0.0000,1.0
2010-04-01,32.59,33.25,32.59,33.21,8.026462304543518,32800,0.0000,1.0
2010-04-05,33.25,33.74,33.0,33.68,8.14005571866985,54400,0.0000,1.0
2010-04-06,33.3,33.94,33.21,33.53,8.103802501395489,37500,0.0000,1.0
2010-04-07,33.31,33.62,33.18,33.62,8.125554431760104,34400,0.0000,1.0
2010-04-08,33.42,34.01,33.16,33.85,8.18114269824746,42900,0.0000,1.0
2010-04-09,33.76,34.06,33.51,33.72,8.149723243276345,30300,0.0000,1.0
2010-04-12,33.83,34.16,33.77,33.99,8.214979034370195,48000,0.0000,1.0
2010-04-13,33.9,34.14,33.5,34.08,8.23673096473481,25300,0.0000,1.0
2010-04-14,34.24,34.56,34.04,34.5,8.338239973103022,54900,0.0000,1.0
2010-04-15,34.71,34.94,34.5488,34.69,8.38416071498388,44400,0.0000,1.0
2010-04-16,34.71,34.76,34.01,34.45,8.326155567344903,49600,0.0000,1.0
2010-04-19,34.22,34.86,33.93,34.38,8.309237399283534,50700,0.0000,1.0
2010-04-20,34.6,34.78,34.34,34.76,8.401078883045248,21000,0.0000,1.0
2010-04-21,34.74,35.18,34.65,35.17,8.500171010261836,33300,0.0000,1.0
2010-04-22,34.76,35.08,34.09,35.06,8.47358531759397,29400,0.0000,1.0
2010-04-23,34.91,34.99,34.57,34.69,8.38416071498388,19300,0.0000,1.0
2010-04-26,34.77,35.74,34.77,35.39,8.553342395597564,27600,0.0000,1.0
2010-04-27,35.32,35.75,34.0,34.08,8.23673096473481,31400,0.0000,1.0
2010-04-28,34.22,34.87,34.07,34.57,8.355158141164392,40900,0.0000,1.0
2010-04-29,34.82,35.75,34.82,35.74,8.637933235904407,38200,0.0000,1.0
2010-04-30,35.21,36.1,33.58,33.58,8.115886907153609,54800,0.0000,1.0
2010-05-03,33.69,34.98,33.55,34.68,8.381743833832255,34700,0.0000,1.0
2010-05-04,34.0,34.17,32.81,33.25,8.036129829150013,101600,0.0000,1.0
2010-05-05,33.68,34.4,31.251,32.28,7.80169235744248,112000,0.0000,1.0
2010-05-06,32.21,32.66,30.05,31.62,7.642178201435292,53300,0.0000,1.0
2010-05-07,31.51,32.51,30.355,30.81,7.446410828153742,33300,0.0000,1.0
2010-05-10,32.03,33.4,32.03,33.4,8.072383046424374,76100,0.0000,1.0
2010-05-11,32.86,33.34,32.1501,32.75,7.915285771568811,58700,0.0000,1.0
2010-05-12,32.78,33.75,32.42,33.44,8.082050571030871,31000,0.0000,1.0
2010-05-13,33.25,33.79,33.06,33.28,8.043380472604886,28400,0.0000,1.0
2010-05-14,32.9,33.34,32.02,32.7,7.903201365810691,38500,0.0000,1.0
2010-05-17,32.98,33.62,32.12,32.75,7.915285771568811,27700,0.0000,1.0
2010-05-18,33.18,33.45,31.51,31.72,7.666347012951532,34900,0.0000,1.0
2010-05-19,32.31,32.48,30.89,31.16,7.5310016684605845,38600,0.0000,1.0
2010-05-20,30.75,31.32,29.58,30.16,7.289313553298179,81200,0.0000,1.0
2010-05-21,29.88,30.44,29.86,30.26,7.313482364814419,70100,0.0000,1.0
2010-05-24,30.25,30.48,29.18,29.58,7.149134446503982,62700,0.0000,1.0
2010-05-25,29.04,29.04,28.27,28.82,6.965451478980554,49800,0.0000,1.0
2010-05-26,28.89,29.73,28.54,28.79,6.958200835525681,57300,0.0000,1.0
2010-05-27,29.41,30.05,29.015,30.03,7.257894098327066,24000,0.0000,1.0
2010-05-28,30.04,30.25,28.94,29.395,7.104422145198937,43400,0.0000,1.0
2010-06-01,29.11,29.6,28.31,28.33,6.847024302550974,23100,0.0000,1.0
2010-06-02,28.37,29.19,28.25,28.84,6.9702852412838014,51700,0.0000,1.0
2010-06-03,28.81,29.31,28.25,28.85,6.972702122435426,60900,0.0000,1.0
2010-06-04,28.0,29.08,27.73,27.85,6.73101400727302,85400,0.0000,1.0
2010-06-07,28.18,28.49,27.65,27.67,6.6875101465437865,43400,0.0000,1.0
2010-06-08,27.68,28.0475,27.47,27.82,6.723763363818147,42100,0.0000,1.0
2010-06-09,28.13,28.99,27.6,27.91,6.745515294182764,66700,0.0000,1.0
2010-06-10,28.39,28.95,27.71,28.14,6.801103560670118,99200,0.0000,1.0
2010-06-11,27.8,28.94,27.8,28.37,6.856691827157471,31900,0.0000,1.0
2010-06-14,28.56,28.91,28.29,28.37,6.856691827157471,27900,0.0000,1.0
2010-06-15,28.22,29.68,28.22,29.62,7.158801971110479,30000,0.0000,1.0
2010-06-16,29.3,29.575,29.05,29.1,7.033124151226028,36300,0.0000,1.0
2010-06-17,29.2,29.21,28.01,28.37,6.856691827157471,56500,0.0000,1.0
2010-06-18,28.4,28.72,27.82,28.05,6.779351630305501,87300,0.0000,1.0
2010-06-21,28.47,29.02,27.8,27.85,6.73101400727302,40800,0.0000,1.0
2010-06-22,28.0,28.29,27.54,27.57,6.663341335027546,86000,0.0000,1.0
2010-06-23,27.46,27.7,27.25,27.39,6.619837474298313,44200,0.0000,1.0
2010-06-24,27.29,27.97,27.29,27.39,6.619837474298313,43100,0.0000,1.0
2010-06-25,27.43,28.62,27.31,28.61,6.914696974796448,567300,0.0000,1.0
2010-06-28,28.41,28.49,27.685,27.93,6.750349056486012,46600,0.0000,1.0
2010-06-29,27.53,27.71,27.01,27.38,6.617420593146688,132200,0.0000,1.0
2010-06-30,27.45,28.05,27.3,27.34,6.607753068540192,57600,0.0000,1.0
2010-07-01,27.29,27.72,27.1,27.33,6.605336187388568,113600,0.0000,1.0
2010-07-02,27.58,27.94,27.12,27.49,6.6440062858145525,46900,0.0000,1.0
2010-07-06,27.79,27.922,26.49,26.54,6.414402576410267,42300,0.0000,1.0
2010-07-07,26.59,27.31,26.26,27.29,6.595668662782072,152500,0.0000,1.0
2010-07-08,27.48,27.86,26.93,27.82,6.723763363818147,27100,0.0000,1.0
2010-07-09,27.86,27.86,27.15,27.78,6.714095839211652,65900,0.0000,1.0
2010-07-12,27.73,28.58,27.26,28.33,6.847024302550974,99100,0.0000,1.0
2010-07-13,28.79,30.7,28.58,30.46,7.361819987846901,111100,0.0000,1.0
2010-07-14,30.21,30.71,29.92,30.42,7.3521524632404045,54800,0.0000,1.0
2010-07-15,30.59,31.44,29.66,31.31,7.567254885734945,80100,0.0000,1.0
2010-07-16,31.03,31.05,29.83,29.94,7.236142167962449,100000,0.0000,1.0
2010-07-19,29.94,30.05,29.45,29.91,7.228891524507577,38500,0.0000,1.0
2010-07-20,29.56,31.41,29.17,31.18,7.535835430763833,78600,0.0000,1.0
2010-07-21,31.49,32.49,31.3901,31.83,7.692932705619397,99500,0.0000,1.0
2010-07-22,32.15,33.62,32.15,33.0,7.975707800359412,108300,0.0000,1.0
2010-07-23,32.78,34.1,32.56,34.02,8.222229677825068,44600,0.0000,1.0
2010-07-26,34.13,34.63,33.69,34.4,8.314071161586781,49700,0.0000,1.0
2010-07-27,34.59,35.0,34.27,34.5,8.338239973103022,46500,0.0000,1.0
2010-07-28,34.33,34.59,33.33,33.5,8.096551857940616,57600,0.0000,1.0
2010-07-29,33.85,33.979,33.0101,33.19,8.021628542240268,27700,0.0000,1.0
2010-07-30,32.69,33.93,32.28,32.86,7.941871464236676,83000,0.0000,1.0
2010-08-02,33.48,33.81,32.85,33.26,8.038546710301638,60900,0.0000,1.0
2010-08-03,33.19,33.69,32.81,33.01,7.978124681511036,52000,0.0000,1.0
2010-08-04,34.93,36.67,34.9,36.07,8.717690313908001,145700,0.0000,1.0
2010-08-05,35.59,36.08,34.51,34.91,8.437332100319608,106000,0.0000,1.0
2010-08-06,34.56,35.0884,33.86,34.55,8.350324378861142,55800,0.0000,1.0
2010-08-09,34.98,34.98,33.62,33.77,8.161807649034467,69200,0.0000,1.0
2010-08-10,33.51,33.51,32.2,32.79,7.924953296175307,58700,0.0000,1.0
2010-08-11,32.32,32.75,31.38,31.61,7.639761320283667,48600,0.0000,1.0
2010-08-12,31.02,31.29,30.18,30.54,7.381155037059893,57900,0.0000,1.0
2010-08-13,30.36,31.04,30.08,30.13,7.282062909843306,75400,0.0000,1.0
2010-08-16,30.07,31.01,29.95,30.87,7.460912115063487,68900,0.0000,1.0
2010-08-17,31.05,31.12,30.29,30.35,7.335234295179036,49600,0.0000,1.0
2010-08-18,30.41,30.67,30.01,30.26,7.313482364814419,97800,0.0000,1.0
2010-08-19,30.24,30.25,29.57,29.95,7.238559049114073,105100,0.0000,1.0
2010-08-20,29.74,30.0885,28.98,29.29,7.079044893106884,51000,0.0000,1.0
2010-08-23,29.77,32.32,29.33,29.38,7.100796823471501,127500,0.0000,1.0
2010-08-24,29.0,29.73,28.4,28.8,6.960617716677306,73800,0.0000,1.0
2010-08-25,28.61,29.0,28.01,28.92,6.989620290496795,31500,0.0000,1.0
2010-08-26,28.87,29.1281,28.05,28.1,6.7914360360636215,41900,0.0000,1.0
2010-08-27,28.46,29.245,28.16,29.03,7.016205983164659,44300,0.0000,1.0
2010-08-30,28.98,29.21,28.25,28.4,6.863942470612343,76600,0.0000,1.0
2010-08-31,28.43,28.97,28.19,28.38,6.859108708309095,61600,0.0000,1.0
2010-09-01,28.75,29.24,28.5,28.82,6.965451478980554,94500,0.0000,1.0
2010-09-02,28.89,29.18,28.49,29.1,7.033124151226028,55200,0.0000,1.0
2010-09-03,29.48,29.89,29.31,29.83,7.209556475294584,30000,0.0000,1.0
2010-09-07,29.96,29.96,28.7,28.87,6.977535884738674,65500,0.0000,1.0
2010-09-08,29.03,29.14,28.69,28.88,6.979952765890298,27900,0.0000,1.0
2010-09-09,29.29,29.29,28.58,28.72,6.941282667464312,47100,0.0000,1.0
2010-09-10,28.76,28.945,28.2,28.51,6.890528163280208,36600,0.0000,1.0
2010-09-13,28.78,29.49,28.69,29.36,7.095963061168253,41500,0.0000,1.0
2010-09-14,29.2,29.26,28.51,28.57,6.905029450189952,23900,0.0000,1.0
2010-09-15,28.48,28.96,28.12,28.8,6.960617716677306,28900,0.0000,1.0
2010-09-16,28.67,29.23,28.66,29.02,7.0137891020130345,44600,0.0000,1.0
2010-09-17,29.38,29.64,28.77,29.36,7.095963061168253,47100,0.0000,1.0
2010-09-20,29.51,30.35,29.24,30.29,7.320733008269291,53600,0.0000,1.0
2010-09-21,30.29,30.8,29.98,30.46,7.361819987846901,88600,0.0000,1.0
2010-09-22,30.27,30.883,30.27,30.53,7.378738155908269,32900,0.0000,1.0
2010-09-23,30.3,30.48,29.11,29.19,7.054876081590645,37300,0.0000,1.0
2010-09-24,29.67,31.215,29.375,31.05,7.50441597579272,53200,0.0000,1.0
2010-09-27,30.96,31.24,30.4,30.6,7.395656323969638,66300,0.0000,1.0
2010-09-28,30.73,31.15,30.02,30.94,7.477830283124856,39700,0.0000,1.0
2010-09-29,30.76,31.3,30.6,30.77,7.436743303547246,48000,0.0000,1.0
2010-09-30,30.91,31.29,30.28,31.12,7.521334143854089,41800,0.0000,1.0
2010-10-01,31.36,31.36,30.26,30.63,7.402906967424509,34000,0.0000,1.0
2010-10-04,30.41,30.45,29.16,29.28,7.076628011955261,44200,0.0000,1.0
2010-10-05,29.65,30.75,29.21,30.52,7.376321274756645,33000,0.0000,1.0
2010-10-06,30.55,30.87,29.91,30.07,7.267561622933562,42100,0.0000,1.0
2010-10-07,30.27,30.27,29.13,29.68,7.173303258020224,58900,0.0000,1.0
2010-10-08,29.6,30.61,29.6,30.41,7.34973558208878,21200,0.0000,1.0
2010-10-11,30.28,30.64,30.09,30.18,7.2941473156014265,13400,0.0000,1.0
2010-10-12,30.02,30.62,29.945,30.54,7.381155037059893,13800,0.0000,1.0
2010-10-13,30.77,30.82,30.171,30.56,7.38598879936314,38200,0.0000,1.0
2010-10-14,30.48,30.7199,30.21,30.6,7.395656323969638,25400,0.0000,1.0
2010-10-15,31.03,31.21,30.125,30.51,7.373904393605021,48200,0.0000,1.0
2010-10-18,30.63,31.55,30.54,31.51,7.615592508767428,23600,0.0000,1.0
2010-10-19,31.38,32.05,30.43,30.65,7.407740729727757,43200,0.0000,1.0
2010-10-20,30.89,31.81,30.85,31.27,7.55758736112845,41900,0.0000,1.0
2010-10-21,31.49,32.84,31.39,32.59,7.876615673142827,63000,0.0000,1.0
2010-10-22,32.83,33.24,32.76,33.11,8.002293493027278,32500,0.0000,1.0
2010-10-25,33.38,33.94,32.88,33.02,7.980541562662662,28800,0.0000,1.0
2010-10-26,32.87,33.02,32.43,32.64,7.888700078900946,25300,0.0000,1.0
2010-10-27,32.33,32.49,30.8,31.23,7.547919836521953,38400,0.0000,1.0
2010-10-28,31.38,31.43,30.05,30.87,7.460912115063487,39100,0.0000,1.0
2010-10-29,30.76,31.15,30.395,30.86,7.458495233911862,28700,0.0000,1.0
2010-11-01,31.01,31.47,30.72,31.28,7.5600042422800735,38800,0.0000,1.0
2010-11-02,31.65,32.15,31.33,31.93,7.717101517135638,32200,0.0000,1.0
2010-11-03,31.92,32.0,31.2,31.82,7.690515824467773,26900,0.0000,1.0
2010-11-04,32.39,33.17,32.21,33.02,7.980541562662662,28300,0.0000,1.0
2010-11-05,33.13,33.7,32.83,33.25,8.036129829150013,41300,0.0000,1.0
2010-11-08,33.01,33.93,32.99,33.67,8.137638837518226,31700,0.0000,1.0
2010-11-09,33.51,33.73,32.73,33.23,8.031296066846766,34200,0.0000,1.0
2010-11-10,33.18,34.28,32.7,34.24,8.275401063160798,39300,0.0000,1.0
2010-11-11,33.83,33.83,33.24,33.31,8.050631116059758,32400,0.0000,1.0
2010-11-12,32.94,33.57,32.92,33.4,8.072383046424374,35700,0.0000,1.0
2010-11-15,33.55,34.05,32.98,33.55,8.108636263698736,21400,0.0000,1.0
2010-11-16,33.2,33.52,32.85,33.38,8.067549284121128,35300,0.0000,1.0
2010-11-17,33.36,34.0,32.98,33.36,8.062715521817879,35600,0.0000,1.0
2010-11-18,34.02,34.55,33.85,34.23,8.272984182009171,25900,0.0000,1.0
2010-11-19,34.27,34.45,33.76,34.06,8.231897202431565,31900,0.0000,1.0
2010-11-22,33.74,34.19,33.54,34.09,8.239147845886437,31800,0.0000,1.0
2010-11-23,33.61,33.88,33.22,33.71,8.147306362124722,15900,0.0000,1.0
2010-11-24,34.05,34.81,34.0,34.72,8.391411358438752,18900,0.0000,1.0
2010-11-26,34.61,34.95,34.43,34.69,8.38416071498388,5200,0.0000,1.0
2010-11-29,34.44,35.9,34.225,35.25,8.519506059474827,73800,0.0000,1.0
2010-11-30,34.79,35.6,34.53,35.18,8.502587891413459,112000,0.0000,1.0
2010-12-01,35.36,36.26,35.15,36.17,8.741859125424241,65600,0.0000,1.0
2010-12-02,36.08,37.65,36.0,37.2,8.99079788404152,58700,0.0000,1.0
2010-12-03,36.91,37.24,36.5,36.97,8.935209617554166,71200,0.0000,1.0
2010-12-06,36.45,36.66,35.67,36.39,8.79503051075997,56500,0.0000,1.0
2010-12-07,36.7,36.88,36.13,36.49,8.819199322276212,125600,0.0000,1.0
2010-12-08,33.82,34.5799,30.4,32.75,7.915285771568811,440200,0.0000,1.0
2010-12-09,32.29,32.39,31.4,32.02,7.738853447500255,171200,0.0000,1.0
2010-12-10,31.97,32.85,31.6,32.78,7.922536415023684,80100,0.0000,1.0
2010-12-13,32.76,32.7805,31.73,31.82,7.690515824467773,99500,0.0000,1.0
2010-12-14,31.97,32.09,31.65,31.95,7.721935279438886,82100,0.0000,1.0
2010-12-15,31.75,32.33,31.56,32.2,7.782357308229488,122000,0.0000,1.0
2010-12-16,32.25,32.37,31.88,31.95,7.721935279438886,94900,0.0000,1.0
2010-12-17,31.74,32.08,31.38,32.0,7.734019685197006,289300,0.0000,1.0
2010-12-20,32.08,32.36,31.93,32.16,7.77268978362299,50900,0.0000,1.0
2010-12-21,32.4,32.48,32.08,32.3,7.806526119745728,42400,0.0000,1.0
2010-12-22,32.98,32.98,32.11,32.43,7.837945574716841,69500,0.0000,1.0
2010-12-23,32.49,32.61,31.99,32.15,7.770272902471367,41400,0.0000,1.0
2010-12-27,32.0,32.29,31.85,32.11,7.760605377864871,43700,0.0000,1.0
2010-12-28,32.03,32.43,31.85,32.26,7.7968585951392315,47100,0.0000,1.0
2010-12-29,32.27,32.71,32.0201,32.6,7.879032554294451,49600,0.0000,1.0
2010-12-30,32.35,33.27,32.35,33.18,8.019211661088645,19000,0.0000,1.0
2010-12-31,33.15,33.49,32.88,32.88,7.946705226539924,54400,0.0000,1.0
2011-01-03,33.29,34.73,32.97,34.5,8.338239973103022,133600,0.0000,1.0
2011-01-04,34.68,34.88,33.92,34.83,8.417997051106616,86200,0.0000,1.0
2011-01-05,34.88,35.56,34.7,35.53,8.587178731720302,109500,0.0000,1.0
2011-01-06,35.6,36.29,35.02,36.23,8.756360412333985,119300,0.0000,1.0
2011-01-07,36.43,36.43,35.83,36.19,8.74669288772749,174700,0.0000,1.0
2011-01-10,36.05,36.5,36.04,36.26,8.763611055788857,98400,0.0000,1.0
2011-01-11,36.44,37.34,36.27,37.23,8.99804852749639,99100,0.0000,1.0
2011-01-12,37.63,38.28,37.42,38.1,9.208317187687685,95100,0.0000,1.0
2011-01-13,38.03,38.43,37.85,38.03,9.191399019626317,265700,0.0000,1.0
2011-01-14,37.93,38.7,37.58,38.46,9.295324909146151,99600,0.0000,1.0
2011-01-18,38.19,39.08,38.165,39.06,9.440337778243597,72700,0.0000,1.0
2011-01-19,38.94,39.23,38.47,38.54,9.314659958359144,70400,0.0000,1.0
2011-01-20,38.3,38.535,37.715,38.18,9.227652236900678,58900,0.0000,1.0
2011-01-21,38.37,38.71,38.24,38.57,9.321910601814016,56000,0.0000,1.0
2011-01-24,38.5,39.01,38.245,38.95,9.413752085575732,185500,0.0000,1.0
2011-01-25,38.89,38.89,37.66,38.27,9.249404167265295,86400,0.0000,1.0
2011-01-26,38.37,39.01,38.28,38.63,9.336411888723761,47600,0.0000,1.0
2011-01-27,38.43,38.64,38.14,38.58,9.324327482965641,71400,0.0000,1.0
2011-01-28,38.49,38.6,37.55,37.7,9.111641941622723,64000,0.0000,1.0
2011-01-31,37.76,38.49,37.76,37.91,9.162396445806827,61300,0.0000,1.0
2011-02-01,37.98,39.7,37.98,38.82,9.382332630604619,42200,0.0000,1.0
2011-02-02,38.53,38.88,36.79,37.7,9.111641941622723,98100,0.0000,1.0
2011-02-03,37.83,38.89,37.78,38.4,9.280823622236406,54300,0.0000,1.0
2011-02-04,38.3,38.33,37.96,38.14,9.217984712294182,44700,0.0000,1.0
2011-02-07,38.14,38.73,37.9,38.66,9.343662532178632,30800,0.0000,1.0
2011-02-08,38.49,39.1,38.45,39.05,9.43792089709197,33900,0.0000,1.0
2011-02-09,38.89,39.62,38.89,39.51,9.549097430066679,51300,0.0000,1.0
2011-02-10,39.22,40.05,39.22,39.58,9.566015598128047,62100,0.0000,1.0
2011-02-11,39.45,40.02,39.45,39.96,9.657857081889762,80800,0.0000,1.0
2011-02-14,39.77,39.92,39.32,39.72,9.599851934250784,18700,0.0000,1.0
2011-02-15,39.42,39.78,38.82,38.94,9.411335204424107,54800,0.0000,1.0
2011-02-16,39.27,40.88,38.88,39.51,9.549097430066679,130000,0.0000,1.0
2011-02-17,39.48,40.21,39.33,39.52,9.551514311218304,29500,0.0000,1.0
2011-02-18,39.76,40.56,39.392,39.65,9.582933766189415,23900,0.0000,1.0
2011-02-22,39.16,39.72,38.2,38.63,9.336411888723761,79700,0.0000,1.0
2011-02-23,38.58,38.9,36.76,36.8,8.894122637976556,125400,0.0000,1.0
2011-02-24,36.87,37.62,36.34,37.48,9.058470556286993,51400,0.0000,1.0
2011-02-25,37.51,38.13,37.05,38.01,9.186565257323068,62100,0.0000,1.0
2011-02-28,37.92,38.03,37.01,37.39,9.036718625922378,83400,0.0000,1.0
2011-03-01,37.41,37.77,36.07,36.64,8.855452539550573,221700,0.0000,1.0
2011-03-02,36.71,36.77,35.7,36.25,8.761194174637234,40100,0.0000,1.0
2011-03-03,36.6,37.15,36.6,36.71,8.87237070761194,79900,0.0000,1.0
2011-03-04,36.63,37.37,36.3,36.58,8.840951252640828,63800,0.0000,1.0
2011-03-07,36.64,36.7499,35.5,36.16,8.739442244272617,22100,0.0000,1.0
2011-03-08,36.23,37.74,36.05,37.34,9.024634220164257,56200,0.0000,1.0
2011-03-09,37.38,37.39,37.01,37.09,8.964212191373656,22300,0.0000,1.0
2011-03-10,36.59,37.04,36.12,36.42,8.802281154214842,43200,0.0000,1.0
2011-03-11,36.25,36.84,35.04,36.24,8.75877729348561,28600,0.0000,1.0
2011-03-14,35.8,36.43,35.7,36.15,8.737025363120992,13300,0.0000,1.0
2011-03-15,35.01,35.9,35.01,35.7,8.62826571129791,18700,0.0000,1.0
2011-03-16,35.52,35.66,34.34,34.98,8.454250268380976,69800,0.0000,1.0
2011-03-17,35.5,35.74,34.81,35.18,8.502587891413459,70400,0.0000,1.0
2011-03-18,35.69,35.69,34.87,35.21,8.509838534868331,74000,0.0000,1.0
2011-03-21,35.64,36.47,35.43,36.3,8.773278580395353,74100,0.0000,1.0
2011-03-22,36.32,37.1,36.0,36.98,8.93762649870579,167000,0.0000,1.0
2011-03-23,36.78,37.38,36.43,37.13,8.973879715980152,54900,0.0000,1.0
2011-03-24,37.28,37.84,37.0,37.53,9.070554962045113,23300,0.0000,1.0
2011-03-25,37.71,38.84,37.655,38.46,9.295324909146151,33400,0.0000,1.0
2011-03-28,38.64,38.92,38.56,38.81,9.379915749452994,26300,0.0000,1.0
2011-03-29,38.69,39.3,38.631,38.93,9.408918323272482,30300,0.0000,1.0
2011-03-30,39.12,39.87,39.0,39.55,9.558764954673174,88300,0.0000,1.0
2011-03-31,39.54,39.7,39.28,39.44,9.53217926200531,34700,0.0000,1.0
2011-04-01,39.81,39.81,39.09,39.33,9.505593569337446,39200,0.0000,1.0
2011-04-04,39.5,39.54,39.02,39.46,9.537013024308559,45300,0.0000,1.0
2011-04-05,39.25,40.82,39.24,39.81,9.621603864615402,76600,0.0000,1.0
2011-04-06,40.07,40.07,39.63,39.78,9.61435322116053,12000,0.0000,1.0
2011-04-07,39.74,39.74,38.6,38.64,9.338828769875384,34300,0.0000,1.0
2011-04-08,38.85,38.85,37.65,37.91,9.162396445806827,12000,0.0000,1.0
2011-04-11,37.88,37.9,37.19,37.75,9.123726347380844,62800,0.0000,1.0
2011-04-12,37.29,37.88,36.97,36.99,8.940043379857414,36500,0.0000,1.0
2011-04-13,37.37,37.74,36.611,36.89,8.915874568341174,19300,0.0000,1.0
2011-04-14,36.62,37.36,36.3,37.15,8.9787134782834,44000,0.0000,1.0
2011-04-15,37.03,37.59,36.81,37.27,9.00771605210289,52400,0.0000,1.0
2011-04-18,36.52,36.86,36.1,36.3,8.773278580395353,21300,0.0000,1.0
2011-04-19,36.51,37.4,36.5,36.63,8.853035658398948,23700,0.0000,1.0
2011-04-20,37.37,37.63,36.04,36.86,8.908623924886301,64600,0.0000,1.0
2011-04-21,37.05,37.25,36.51,37.23,8.99804852749639,47100,0.0000,1.0
2011-04-25,37.05,39.07,36.48,38.65,9.341245651027009,202400,0.0000,1.0
2011-04-26,38.99,39.21,38.32,38.78,9.372665105998122,21200,0.0000,1.0
2011-04-27,38.81,39.6,38.53,39.23,9.481424757821204,47000,0.0000,1.0
2011-04-28,39.26,40.28,39.04,39.12,9.45483906515334,61000,0.0000,1.0
2011-04-29,39.31,39.79,39.31,39.52,9.551514311218304,20000,0.0000,1.0
2011-05-02,39.83,39.8484,38.865,39.17,9.46692347091146,53000,0.0000,1.0
2011-05-03,38.97,39.25,38.69,39.19,9.471757233214708,38000,0.0000,1.0
2011-05-04,40.5,40.5,37.69,37.69,9.109225060471099,83600,0.0000,1.0
2011-05-05,37.48,38.5,35.68,35.85,8.66451892857227,62300,0.0000,1.0
2011-05-06,36.42,36.97,35.54,35.93,8.683853977785263,31000,0.0000,1.0
2011-05-09,35.74,36.13,35.05,35.29,8.529173584081324,30000,0.0000,1.0
2011-05-10,35.4,35.91,35.22,35.89,8.674186453178768,62900,0.0000,1.0
2011-05-11,35.67,35.67,34.8,35.2,8.507421653716708,58800,0.0000,1.0
2011-05-12,34.88,35.37,34.311,35.3,8.531590465232947,49200,0.0000,1.0
2011-05-13,35.38,35.85,33.51,33.74,8.154557005579594,77000,0.0000,1.0
2011-05-16,33.45,34.09,33.26,33.51,8.09896873909224,21000,0.0000,1.0
2011-05-17,33.42,34.02,33.37,33.62,8.125554431760104,24700,0.0000,1.0
2011-05-18,33.83,34.31,33.65,34.3,8.289902350070541,13600,0.0000,1.0
2011-05-19,34.58,34.58,33.5,33.94,8.202894628612075,19400,0.0000,1.0
2011-05-20,33.63,33.97,33.37,33.46,8.086884333334119,32200,0.0000,1.0
2011-05-23,32.95,33.94,32.95,33.72,8.149723243276345,26200,0.0000,1.0
2011-05-24,33.96,33.96,32.9,32.9,7.951538988843172,27000,0.0000,1.0
2011-05-25,32.97,33.98,32.89,33.95,8.2053115097637,24300,0.0000,1.0
2011-05-26,33.65,34.4,33.46,34.17,8.258482895099428,31300,0.0000,1.0
2011-05-27,34.27,34.78,34.1,34.51,8.340656854254647,21600,0.0000,1.0
2011-05-31,34.87,35.76,34.17,34.35,8.301986755828661,118300,0.0000,1.0
2011-06-01,34.49,34.85,32.61,32.8,7.927370177326931,55000,0.0000,1.0
2011-06-02,32.95,33.32,32.72,33.22,8.028879185695141,21400,0.0000,1.0
2011-06-03,32.69,33.89,32.69,33.0,7.975707800359412,40000,0.0000,1.0
2011-06-06,32.85,33.09,32.3101,32.67,7.895950722355819,35900,0.0000,1.0
2011-06-07,32.81,33.14,32.32,32.32,7.8113598820489765,27300,0.0000,1.0
2011-06-08,32.17,32.48,32.0125,32.16,7.77268978362299,45700,0.0000,1.0
2011-06-09,32.17,32.5,32.15,32.25,7.794441713987608,16400,0.0000,1.0
2011-06-10,32.18,33.52,32.18,32.48,7.850029980474961,34900,0.0000,1.0
2011-06-13,32.07,33.01,32.02,32.66,7.893533841204194,35900,0.0000,1.0
2011-06-14,32.94,33.73,32.57,33.44,8.082050571030871,50800,0.0000,1.0
2011-06-15,32.95,33.03,32.24,32.94,7.9612065134496675,36500,0.0000,1.0
2011-06-16,33.08,33.9,32.75,33.34,8.05788175951463,17500,0.0000,1.0
2011-06-17,33.59,33.83,33.11,33.54,8.106219382547112,49900,0.0000,1.0
2011-06-20,33.33,33.93,33.19,33.61,8.123137550608481,20100,0.0000,1.0
2011-06-21,34.01,34.01,32.96,33.33,8.055464878363006,106700,0.0000,1.0
2011-06-22,33.23,33.6699,33.23,33.33,8.055464878363006,35500,0.0000,1.0
2011-06-23,32.92,34.06,32.9,33.64,8.130388194063354,18400,0.0000,1.0
2011-06-24,33.67,34.35,33.64,34.32,8.294736112373789,67300,0.0000,1.0
2011-06-27,34.96,35.33,34.84,35.12,8.488086604503714,33400,0.0000,1.0
2011-06-28,35.17,35.205,34.42,35.12,8.488086604503714,27900,0.0000,1.0
2011-06-29,35.12,35.22,34.81,35.16,8.49775412911021,71400,0.0000,1.0
2011-06-30,35.19,36.63,35.19,36.5,8.821616203427835,20000,0.0000,1.0
2011-07-01,36.5,37.355,36.5,37.19,8.988381002889895,30800,0.0000,1.0
2011-07-05,37.35,37.35,36.89,37.11,8.969045953676902,79500,0.0000,1.0
2011-07-06,37.04,37.5,37.04,37.31,9.017383576709385,28100,0.0000,1.0
2011-07-07,37.63,38.1,37.33,38.05,9.196232781929565,19300,0.0000,1.0
2011-07-08,37.97,38.46,37.9,38.31,9.25907169187179,34800,0.0000,1.0
2011-07-11,37.92,38.16,37.57,38.02,9.188982138474694,27400,0.0000,1.0
2011-07-12,37.48,38.35,37.48,38.18,9.227652236900678,21600,0.0000,1.0
2011-07-13,38.23,39.07,38.08,38.68,9.348496294481881,25200,0.0000,1.0
2011-07-14,38.6,38.98,38.25,38.35,9.268739216478288,21000,0.0000,1.0
2011-07-15,38.43,39.5,38.43,39.43,9.529762380853686,26300,0.0000,1.0
2011-07-18,39.11,39.28,38.75,38.82,9.382332630604619,23500,0.0000,1.0
2011-07-19,39.1,40.49,39.1,40.36,9.754532327954724,21100,0.0000,1.0
2011-07-20,40.22,40.22,39.77,39.9,9.643355794980017,26600,0.0000,1.0
2011-07-21,40.09,40.435,39.59,40.24,9.725529754135236,40400,0.0000,1.0
2011-07-22,40.24,41.6367,39.95,40.95,9.897128315900545,85000,0.0000,1.0
2011-07-25,40.54,41.3,40.376,40.83,9.868125742081055,34400,0.0000,1.0
2011-07-26,40.76,40.82,39.98,40.48,9.783534901774212,39000,0.0000,1.0
2011-07-27,40.1916,40.1916,39.1,39.61,9.57326624158292,46000,0.0000,1.0
2011-07-28,39.61,39.61,38.61,38.71,9.355746937936754,21400,0.0000,1.0
2011-07-29,38.52,38.93,38.07,38.54,9.314659958359144,55400,0.0000,1.0
2011-08-01,38.83,39.27,38.34,38.86,9.392000155211115,29600,0.0000,1.0
2011-08-02,38.55,39.34,38.35,38.59,9.326744364117266,48800,0.0000,1.0
2011-08-03,31.21,38.59,31.1,37.14,8.976296597131775,70600,0.0000,1.0
2011-08-04,36.58,37.13,35.07,35.64,8.613764424388165,45100,0.0000,1.0
2011-08-05,35.92,37.01,34.6,34.73,8.393828239590375,38400,0.0000,1.0
2011-08-08,33.93,34.21,32.07,32.07,7.750937853258375,71800,0.0000,1.0
2011-08-09,32.77,34.21,31.22,33.88,8.188393341702332,98100,0.0000,1.0
2011-08-10,32.89,34.29,32.02,32.34,7.816193644352225,40600,0.0000,1.0
2011-08-11,32.63,33.99,32.63,33.55,8.108636263698736,90600,0.0000,1.0
2011-08-12,33.77,34.39,33.0942,34.0,8.21739591552182,61800,0.0000,1.0
2011-08-15,34.99,34.99,34.17,34.47,8.33098932964815,29500,0.0000,1.0
2011-08-16,34.27,34.78,33.88,34.49,8.335823091951399,27200,0.0000,1.0
2011-08-17,34.57,35.09,34.35,35.0,8.459084030684226,25800,0.0000,1.0
2011-08-18,33.91,34.23,32.79,33.2,8.024045423391895,68900,0.0000,1.0
2011-08-19,32.61,34.68,32.6,33.06,7.990209087269157,40400,0.0000,1.0
2011-08-22,33.81,34.11,32.77,33.08,7.995042849572405,38300,0.0000,1.0
2011-08-23,33.11,34.33,33.09,33.5,8.096551857940616,111500,0.0000,1.0
2011-08-24,33.64,35.87,33.47,35.63,8.611347543236542,73900,0.0000,1.0
2011-08-25,36.03,36.03,34.5,35.25,8.519506059474827,39000,0.0000,1.0
2011-08-26,34.9,36.53,34.9,35.83,8.659685166269023,27700,0.0000,1.0
2011-08-29,35.5,38.48,35.5,38.32,9.261488573023415,60400,0.0000,1.0
2011-08-30,38.27,38.27,37.02,38.08,9.203483425384437,25400,0.0000,1.0
2011-08-31,37.83,38.54,37.03,37.42,9.04396926937725,36900,0.0000,1.0
2011-09-01,37.43,38.09,36.1401,36.57,8.838534371489203,30500,0.0000,1.0
2011-09-02,35.88,36.56,34.84,35.0,8.459084030684226,52100,0.0000,1.0
2011-09-06,34.0,34.48,32.88,33.56,8.111053144850361,76700,0.0000,1.0
2011-09-07,34.24,34.95,33.96,34.93,8.442165862622858,55400,0.0000,1.0
2011-09-08,34.23,34.83,33.9,34.34,8.299569874677038,30200,0.0000,1.0
2011-09-09,33.89,34.29,32.91,33.18,8.019211661088645,34300,0.0000,1.0
2011-09-12,33.09,33.6876,32.75,33.27,8.040963591453263,37300,0.0000,1.0
2011-09-13,33.47,34.33,33.45,34.1,8.24156472703806,16600,0.0000,1.0
2011-09-14,34.46,35.45,33.67,34.85,8.422830813409865,24400,0.0000,1.0
2011-09-15,34.31,35.43,33.92,35.36,8.546091752142692,27200,0.0000,1.0
2011-09-16,35.6,35.6,34.34,34.9,8.434915219167985,43000,0.0000,1.0
2011-09-19,32.93,34.55,32.93,33.92,8.198060866308827,26200,0.0000,1.0
2011-09-20,34.13,34.3075,32.6069,32.64,7.888700078900946,63700,0.0000,1.0
2011-09-21,32.53,32.78,31.86,31.94,7.719518398287262,88500,0.0000,1.0
2011-09-22,30.98,31.72,30.41,30.68,7.414991373182629,77500,0.0000,1.0
2011-09-23,30.68,31.43,30.28,30.75,7.431909541243998,63500,0.0000,1.0
2011-09-26,30.96,31.68,30.4,31.62,7.642178201435292,42700,0.0000,1.0
2011-09-27,32.39,33.2587,31.69,32.23,7.789607951684359,64300,0.0000,1.0
2011-09-28,32.06,32.15,31.04,31.21,7.543086074218706,41500,0.0000,1.0
2011-09-29,31.97,32.44,30.94,31.74,7.67118077525478,32100,0.0000,1.0
2011-09-30,31.16,32.01,30.67,30.97,7.485080926579728,61600,0.0000,1.0
2011-10-03,30.56,31.12,28.6,28.64,6.921947618251321,55200,0.0000,1.0
2011-10-04,28.49,30.82,28.39,30.65,7.407740729727757,67600,0.0000,1.0
2011-10-05,30.83,31.77,30.02,31.16,7.5310016684605845,26400,0.0000,1.0
2011-10-06,31.03,32.01,31.03,31.81,7.688098943316149,28000,0.0000,1.0
2011-10-07,31.79,32.18,29.99,30.06,7.2651447417819375,35000,0.0000,1.0
2011-10-10,30.08,31.499,30.08,31.22,7.545502955370329,65400,0.0000,1.0
2011-10-11,30.95,32.59,30.94,32.51,7.857280623929833,44200,0.0000,1.0
2011-10-12,32.81,33.7925,32.75,33.09,7.99745973072403,50900,0.0000,1.0
2011-10-13,33.02,33.02,32.09,32.61,7.881449435446074,24500,0.0000,1.0
2011-10-14,33.09,33.9,32.69,33.61,8.123137550608481,27900,0.0000,1.0
2011-10-17,33.45,33.45,31.52,31.83,7.692932705619397,39200,0.0000,1.0
2011-10-18,31.68,33.42,31.55,33.06,7.990209087269157,30000,0.0000,1.0
2011-10-19,33.16,33.68,31.85,31.93,7.717101517135638,24700,0.0000,1.0
2011-10-20,31.99,32.26,30.76,31.66,7.651845726041788,27200,0.0000,1.0
2011-10-21,32.35,32.61,31.84,32.48,7.850029980474961,25300,0.0000,1.0
2011-10-24,32.68,33.96,32.59,33.65,8.132805075214977,25100,0.0000,1.0
2011-10-25,33.54,34.13,31.62,31.79,7.6832651810129,49100,0.0000,1.0
2011-10-26,32.35,33.08,31.53,32.7,7.903201365810691,42400,0.0000,1.0
2011-10-27,33.73,35.74,33.01,35.38,8.550925514445941,59000,0.0000,1.0
2011-10-28,35.21,35.8,34.78,34.84,8.420413932258242,28300,0.0000,1.0
2011-10-31,34.33,34.37,33.48,33.61,8.123137550608481,25300,0.0000,1.0
2011-11-01,32.3,33.195,31.57,31.74,7.67118077525478,32500,0.0000,1.0
2011-11-02,32.14,33.23,32.09,33.03,7.982958443814285,30500,0.0000,1.0
2011-11-03,33.45,34.69,32.47,34.66,8.376910071529007,26600,0.0000,1.0
2011-11-04,34.07,34.07,33.27,33.91,8.195643985157202,20800,0.0000,1.0
2011-11-07,33.53,33.82,32.6399,33.71,8.147306362124722,10000,0.0000,1.0
2011-11-08,34.01,34.01,32.68,32.94,7.9612065134496675,41000,0.0000,1.0
2011-11-09,27.82,31.75,25.76,30.37,7.340068057482284,169400,0.0000,1.0
2011-11-10,30.93,33.1,28.33,30.83,7.45124459045699,105900,0.0000,1.0
2011-11-11,30.67,31.11,30.16,30.8,7.443993947002118,36700,0.0000,1.0
2011-11-14,30.65,30.8,30.0,30.37,7.340068057482284,40700,0.0000,1.0
2011-11-15,30.09,31.176,29.86,31.07,7.509249738095968,38000,0.0000,1.0
2011-11-16,30.61,31.37,30.51,30.66,7.410157610879382,29300,0.0000,1.0
2011-11-17,30.62,30.82,30.26,30.46,7.361819987846901,29600,0.0000,1.0
2011-11-18,30.53,30.81,30.15,30.69,7.417408254334254,41200,0.0000,1.0
2011-11-21,30.08,30.39,29.38,29.99,7.248226573720569,90500,0.0000,1.0
2011-11-22,30.01,30.535,29.55,30.01,7.253060336023818,45300,0.0000,1.0
2011-11-23,30.02,30.03,28.92,29.0,7.008955339709787,54000,0.0000,1.0
2011-11-25,28.82,29.0,27.7,27.8,6.718929601514899,34700,0.0000,1.0
2011-11-28,28.81,29.51,28.2519,28.86,6.97511900358705,80300,0.0000,1.0
2011-11-29,28.81,29.1,28.38,28.53,6.895361925583456,43300,0.0000,1.0
2011-11-30,29.84,30.37,28.82,30.32,7.327983651724163,84300,0.0000,1.0
2011-12-01,30.16,31.47,30.04,30.95,7.480247164276479,37100,0.0000,1.0
2011-12-02,31.47,31.47,30.6,30.67,7.412574492031006,33300,0.0000,1.0
2011-12-05,31.18,31.42,30.56,31.15,7.528584787308961,30600,0.0000,1.0
2011-12-06,31.09,31.3836,30.71,30.82,7.448827709305367,36900,0.0000,1.0
2011-12-07,32.2,36.47,31.23,36.27,8.766027936940482,150700,0.0000,1.0
2011-12-08,35.07,35.3666,32.56,32.66,7.893533841204194,88200,0.0000,1.0
2011-12-09,32.72,35.18,32.72,34.82,8.415580169954993,53700,0.0000,1.0
2011-12-12,34.25,34.29,33.44,33.69,8.142472599821472,39600,0.0000,1.0
2011-12-13,34.11,34.11,32.26,32.55,7.866948148536329,29900,0.0000,1.0
2011-12-14,32.08,32.39,31.04,31.18,7.535835430763833,45600,0.0000,1.0
2011-12-15,31.79,31.79,30.67,30.97,7.485080926579728,27800,0.0000,1.0
2011-12-16,31.28,32.17,31.14,31.29,7.562421123431697,79200,0.0000,1.0
2011-12-19,31.7,31.93,30.31,30.47,7.364236868998524,37000,0.0000,1.0
2011-12-20,31.23,32.05,31.08,31.93,7.717101517135638,39200,0.0000,1.0
2011-12-21,31.69,32.1,30.74,32.09,7.755771615561623,35800,0.0000,1.0
2011-12-22,32.1,32.6,31.86,32.4,7.830694931261968,12200,0.0000,1.0
2011-12-23,32.35,32.36,31.77,32.03,7.741270328651878,28400,0.0000,1.0
2011-12-27,31.91,32.37,31.69,32.11,7.760605377864871,17300,0.0000,1.0
2011-12-28,32.12,32.12,30.771,30.9,7.468162758518359,58700,0.0000,1.0
2011-12-29,30.95,31.5,30.9,31.34,7.574505529189818,26500,0.0000,1.0
2011-12-30,31.34,31.85,31.24,31.28,7.5600042422800735,23600,0.0000,1.0
2012-01-03,32.1,32.47,31.75,32.28,7.80169235744248,27900,0.0000,1.0
2012-01-04,31.94,32.1,31.42,31.89,7.7074339925291415,29600,0.0000,1.0
2012-01-05,31.6,31.87,30.67,31.78,7.680848299861277,14900,0.0000,1.0
2012-01-06,31.84,31.84,31.21,31.34,7.574505529189818,19800,0.0000,1.0
2012-01-09,31.45,32.04,31.12,31.61,7.639761320283667,49700,0.0000,1.0
2012-01-10,32.0,32.57,31.72,32.44,7.840362455868465,29500,0.0000,1.0
2012-01-11,32.18,32.95,31.61,32.82,7.932203939630179,36500,0.0000,1.0
2012-01-12,32.88,33.42,32.24,33.3,8.048214234908134,24200,0.0000,1.0
2012-01-13,32.77,33.22,32.3,32.8,7.927370177326931,20300,0.0000,1.0
2012-01-17,33.04,33.04,31.74,31.81,7.688098943316149,44200,0.0000,1.0
2012-01-18,31.8,32.25,31.69,32.2,7.782357308229488,26500,0.0000,1.0
2012-01-19,32.39,32.65,32.01,32.53,7.862114386233082,17600,0.0000,1.0
2012-01-20,32.38,33.15,32.08,33.0,7.975707800359412,38600,0.0000,1.0
2012-01-23,33.16,33.46,33.0,33.4,8.072383046424374,17200,0.0000,1.0
2012-01-24,33.242,33.91,33.24,33.89,8.190810222853955,32500,0.0000,1.0
2012-01-25,33.73,34.25,33.727,34.08,8.23673096473481,18000,0.0000,1.0
2012-01-26,34.09,34.27,33.71,34.23,8.272984182009171,20300,0.0000,1.0
2012-01-27,34.0,34.79,33.88,34.77,8.403495764196872,22900,0.0000,1.0
2012-01-30,34.34,34.73,33.28,34.6,8.362408784619264,31900,0.0000,1.0
2012-01-31,34.78,34.82,34.45,34.67,8.379326952680632,38200,0.0000,1.0
2012-02-01,34.63,35.58,34.37,35.47,8.572677444810557,45700,0.0000,1.0
2012-02-02,35.4,35.95,35.4,35.93,8.683853977785263,40100,0.0000,1.0
2012-02-03,36.65,37.22,36.21,37.16,8.981130359435022,39000,0.0000,1.0
2012-02-06,37.13,37.82,37.13,37.6,9.087473130106483,41800,0.0000,1.0
2012-02-07,37.58,38.51,37.46,38.37,9.273572978781534,75400,0.0000,1.0
2012-02-08,34.01,36.15,31.66,34.24,8.275401063160798,300000,0.0000,1.0
2012-02-09,34.52,34.52,33.755,34.2,8.2657335385543,87200,0.0000,1.0
2012-02-10,33.74,34.145,33.29,33.68,8.14005571866985,80500,0.0000,1.0
2012-02-13,34.15,34.4599,33.64,33.98,8.21256215321857,32300,0.0000,1.0
2012-02-14,33.85,33.85,33.28,33.69,8.142472599821472,46300,0.0000,1.0
2012-02-15,33.56,33.92,33.31,33.485,8.092926536213179,29400,0.0000,1.0
2012-02-16,33.56,34.28,33.56,34.23,8.272984182009171,21900,0.0000,1.0
2012-02-17,34.26,34.62,34.16,34.44,8.323738686193277,20200,0.0000,1.0
2012-02-21,34.48,34.74,34.2,34.47,8.33098932964815,37900,0.0000,1.0
2012-02-22,34.29,34.46,33.98,34.08,8.23673096473481,17500,0.0000,1.0
2012-02-23,34.0,34.28,33.76,34.27,8.28265170661567,50200,0.0000,1.0
2012-02-24,34.21,34.6,33.9,34.4,8.314071161586781,60400,0.0000,1.0
2012-02-27,34.0,34.22,33.8,33.94,8.202894628612075,22700,0.0000,1.0
2012-02-28,33.89,34.04,32.89,33.1,7.999876611875654,172900,0.0000,1.0
2012-02-29,33.3,33.3,32.63,32.79,7.924953296175307,95100,0.0000,1.0
2012-03-01,33.09,33.31,32.45,32.76,7.917702652720434,52800,0.0000,1.0
2012-03-02,32.7,33.24,32.68,33.0,7.975707800359412,67800,0.0000,1.0
2012-03-05,32.82,33.16,32.46,33.0,7.975707800359412,19700,0.0000,1.0
2012-03-06,32.43,32.98,32.27,32.4,7.830694931261968,37200,0.0000,1.0
2012-03-07,32.63,32.67,32.14,32.51,7.857280623929833,30200,0.0000,1.0
2012-03-08,32.68,33.219,32.26,33.03,7.982958443814285,35800,0.0000,1.0
2012-03-09,33.08,34.22,32.9,33.55,8.108636263698736,33100,0.0000,1.0
2012-03-12,33.35,34.04,33.07,33.75,8.156973886731217,29800,0.0000,1.0
2012-03-13,34.04,34.53,33.77,34.44,8.323738686193277,40300,0.0000,1.0
2012-03-14,34.47,34.57,34.03,34.24,8.275401063160798,35500,0.0000,1.0
2012-03-15,34.24,34.64,34.05,34.58,8.357575022316015,29600,0.0000,1.0
2012-03-16,34.7,34.77,34.13,34.13,8.248815370492933,40600,0.0000,1.0
2012-03-19,34.17,35.2,33.99,34.86,8.425247694561488,58600,0.0000,1.0
2012-03-20,34.46,34.46,33.68,34.12,8.246398489341308,26400,0.0000,1.0
2012-03-21,33.64,34.46,33.5475,34.12,8.246398489341308,28100,0.0000,1.0
2012-03-22,33.7,33.88,33.33,33.74,8.154557005579594,26900,0.0000,1.0
2012-03-23,33.66,34.42,33.17,34.32,8.294736112373789,79100,0.0000,1.0
2012-03-26,34.49,35.23,34.49,35.16,8.49775412911021,28900,0.0000,1.0
2012-03-27,35.11,35.24,34.56,34.74,8.396245120742,28300,0.0000,1.0
2012-03-28,34.79,34.79,34.05,34.52,8.343073735406271,43600,0.0000,1.0
2012-03-29,34.18,34.55,33.88,34.44,8.323738686193277,19600,0.0000,1.0
2012-03-30,34.74,34.74,34.03,34.25,8.277817944312421,27600,0.0000,1.0
2012-04-02,34.03,34.88,33.7401,34.87,8.427664575713113,58400,0.0000,1.0
2012-04-03,34.74,35.11,34.65,35.05,8.471168436442346,71800,0.0000,1.0
2012-04-04,34.66,34.84,34.11,34.29,8.287485468918916,54800,0.0000,1.0
2012-04-05,34.16,34.31,34.03,34.19,8.263316657402676,19400,0.0000,1.0
2012-04-09,33.48,33.78,33.28,33.5,8.096551857940616,21800,0.0000,1.0
2012-04-10,33.47,33.95,33.035,33.12,8.0047103741789,47600,0.0000,1.0
2012-04-11,33.52,33.56,32.63,33.05,7.987792206117533,31900,0.0000,1.0
2012-04-12,32.93,33.48,32.93,33.34,8.05788175951463,28700,0.0000,1.0
2012-04-13,33.13,33.13,32.21,32.39,7.828278050110345,26800,0.0000,1.0
2012-04-16,32.53,33.18,32.35,32.86,7.941871464236676,25500,0.0000,1.0
2012-04-17,33.24,33.74,33.16,33.34,8.05788175951463,24800,0.0000,1.0
2012-04-18,33.06,33.115,32.13,32.31,7.808943000897353,28300,0.0000,1.0
2012-04-19,32.44,32.44,31.33,31.94,7.719518398287262,37600,0.0000,1.0
2012-04-20,32.34,32.83,32.11,32.58,7.874198791991201,19700,0.0000,1.0
2012-04-23,31.89,32.1,31.58,31.78,7.680848299861277,31000,0.0000,1.0
2012-04-24,31.75,32.66,31.64,32.57,7.871781910839578,19700,0.0000,1.0
2012-04-25,32.92,33.14,32.47,32.63,7.886283197749323,15100,0.0000,1.0
2012-04-26,32.43,32.58,32.21,32.43,7.837945574716841,14400,0.0000,1.0
2012-04-27,32.79,33.245,32.31,33.23,8.031296066846766,24500,0.0000,1.0
2012-04-30,33.24,33.24,32.46,32.61,7.881449435446074,30000,0.0000,1.0
2012-05-01,32.5,33.5,32.17,32.3,7.806526119745728,34000,0.0000,1.0
2012-05-02,32.04,32.33,31.59,32.24,7.792024832835984,16000,0.0000,1.0
2012-05-03,32.106,32.16,31.38,31.73,7.668763894103156,24000,0.0000,1.0
2012-05-04,31.52,31.88,30.55,30.89,7.465745877366735,25300,0.0000,1.0
2012-05-07,30.67,31.695,30.29,31.32,7.56967176688657,19000,0.0000,1.0
2012-05-08,30.97,32.59,30.001,32.13,7.7654391401681195,37700,0.0000,1.0
2012-05-09,33.2,34.37,32.3,33.57,8.113470026001984,154000,0.0000,1.0
2012-05-10,33.64,35.0,33.505,34.7,8.386577596135504,129000,0.0000,1.0
2012-05-11,34.52,35.0,34.44,34.81,8.41316328880337,145000,0.0000,1.0
2012-05-14,34.6,35.02,34.47,34.91,8.437332100319608,114300,0.0000,1.0
2012-05-15,34.74,35.286,34.73,34.98,8.454250268380976,92000,0.0000,1.0
2012-05-16,35.0,35.8,34.81,34.87,8.427664575713113,75400,0.0000,1.0
2012-05-17,34.78,35.03,34.46,34.81,8.41316328880337,30100,0.0000,1.0
2012-05-18,34.88,35.09,33.62,34.3,8.289902350070541,51400,0.0000,1.0
2012-05-21,34.5,35.61,34.13,35.45,8.56784368250731,57500,0.0000,1.0
2012-05-22,35.28,35.66,34.06,34.36,8.304403636980286,31000,0.0000,1.0
2012-05-23,33.89,35.6,33.89,35.45,8.56784368250731,57000,0.0000,1.0
2012-05-24,35.44,35.44,34.38,34.94,8.44458274377448,23300,0.0000,1.0
2012-05-25,35.06,35.06,34.36,34.81,8.41316328880337,47700,0.0000,1.0
2012-05-29,36.13,38.62,36.03,37.48,9.058470556286993,92400,0.0000,1.0
2012-05-30,37.06,37.34,36.42,36.77,8.886871994521686,95500,0.0000,1.0
2012-05-31,36.65,37.29,36.17,36.78,8.889288875673309,35400,0.0000,1.0
2012-06-01,35.88,36.18,35.36,35.98,8.695938383543384,46200,0.0000,1.0
2012-06-04,36.29,36.86,35.96,36.4,8.797447391911595,34200,0.0000,1.0
2012-06-05,36.18,36.9,35.75,36.24,8.75877729348561,25500,0.0000,1.0
2012-06-06,36.475,37.13,36.45,37.12,8.971462834828527,26600,0.0000,1.0
2012-06-07,37.5,37.5,36.49,36.64,8.855452539550573,31900,0.0000,1.0
2012-06-08,36.52,37.48,36.37,37.4,9.039135507074,25900,0.0000,1.0
2012-06-11,37.5,37.7,36.13,36.16,8.739442244272617,37800,0.0000,1.0
2012-06-12,36.51,38.08,35.82,37.82,9.140644515442212,37300,0.0000,1.0
2012-06-13,37.88,37.88,36.51,36.79,8.891705756824933,26300,0.0000,1.0
2012-06-14,36.72,37.85,36.5,37.78,9.130976990835716,26100,0.0000,1.0
2012-06-15,37.69,37.7901,36.96,37.36,9.029467982467505,50200,0.0000,1.0
2012-06-18,37.24,37.83,37.0,37.07,8.959378429070407,20400,0.0000,1.0
2012-06-19,37.11,38.0,36.99,37.575,9.081430927227423,39200,0.0000,1.0
2012-06-20,37.45,37.84,37.07,37.79,9.133393871987339,39200,0.0000,1.0
2012-06-21,37.59,37.59,35.96,35.99,8.698355264695008,27000,0.0000,1.0
2012-06-22,36.32,37.14,35.95,37.04,8.952127785615534,199600,0.0000,1.0
2012-06-25,36.58,37.47,36.0805,37.18,8.985964121738272,22800,0.0000,1.0
2012-06-26,37.29,37.37,36.08,36.14,8.734608481969369,47300,0.0000,1.0
2012-06-27,36.07,36.66,35.04,35.75,8.64035011705603,39100,0.0000,1.0
2012-06-28,35.35,35.86,34.37,35.71,8.630682592449535,35500,0.0000,1.0
2012-06-29,36.45,37.45,35.75,37.36,9.029467982467505,41000,0.0000,1.0
2012-07-02,37.38,37.55,36.4,37.43,9.046386150528873,43100,0.0000,1.0
2012-07-03,37.53,38.83,37.162,38.78,9.372665105998122,15800,0.0000,1.0
2012-07-05,38.51,38.94,37.91,37.97,9.176897732716572,15700,0.0000,1.0
2012-07-06,37.52,38.24,37.46,37.47,9.056053675135368,27100,0.0000,1.0
2012-07-09,37.38,37.98,37.03,37.91,9.162396445806827,32300,0.0000,1.0
2012-07-10,38.08,38.08,37.45,37.69,9.109225060471099,29300,0.0000,1.0
2012-07-11,37.88,38.28,37.52,38.14,9.217984712294182,24400,0.0000,1.0
2012-07-12,37.76,37.85,37.05,37.59,9.085056248954858,18900,0.0000,1.0
2012-07-13,37.63,38.15,37.5,37.555,9.076597164924173,20700,0.0000,1.0
2012-07-16,37.45,37.97,37.2,37.35,9.02705110131588,17000,0.0000,1.0
2012-07-17,37.8,37.99,37.15,37.58,9.082639367803234,17500,0.0000,1.0
2012-07-18,37.56,38.38,37.32,37.91,9.162396445806827,19900,0.0000,1.0
2012-07-19,37.91,38.208,36.79,37.0,8.942460261009039,15600,0.0000,1.0
2012-07-20,36.53,36.9261,36.4,36.6,8.845785014944076,18500,0.0000,1.0
2012-07-23,35.75,36.65,35.75,36.01,8.703189026998256,15400,0.0000,1.0
2012-07-24,36.03,36.23,33.94,34.54,8.34790749770952,18700,0.0000,1.0
2012-07-25,34.94,35.0,34.13,34.35,8.301986755828661,12600,0.0000,1.0
2012-07-26,34.8,35.37,33.97,34.41,8.316488042738404,33400,0.0000,1.0
2012-07-27,34.47,35.49,33.37,35.35,8.543674870991069,36200,0.0000,1.0
2012-07-30,35.29,35.29,34.21,34.78,8.405912645348497,24300,0.0000,1.0
2012-07-31,34.58,35.25,34.048,34.27,8.28265170661567,14300,0.0000,1.0
2012-08-01,34.54,35.27,34.142,34.27,8.28265170661567,44300,0.0000,1.0
2012-08-02,34.17,34.87,34.01,34.63,8.369659428074137,27400,0.0000,1.0
2012-08-03,35.24,37.25,35.24,37.04,8.952127785615534,19800,0.0000,1.0
2012-08-06,36.94,38.35,36.17,38.12,9.213150949990933,20600,0.0000,1.0
2012-08-07,38.32,38.98,38.28,38.7,9.35333005678513,35000,0.0000,1.0
2012-08-08,43.65,43.65,40.5,40.98,9.904378959355416,83900,0.0000,1.0
2012-08-09,41.02,41.56,40.45,41.18,9.952716582387897,43800,0.0000,1.0
2012-08-10,41.0,41.0,39.27,40.0,9.667524606496258,27200,0.0000,1.0
2012-08-13,40.08,40.27,38.83,39.63,9.578100003886169,35600,0.0000,1.0
2012-08-14,39.9,39.9,39.1,39.57,9.563598716976424,68800,0.0000,1.0
2012-08-15,39.25,39.86,39.1405,39.4,9.522511737398814,24900,0.0000,1.0
2012-08-16,38.89,39.22,38.46,38.7,9.35333005678513,50200,0.0000,1.0
2012-08-17,38.69,39.69,38.69,39.69,9.592601290795912,16200,0.0000,1.0
2012-08-20,39.4,39.5,38.72,39.32,9.503176688185821,31000,0.0000,1.0
2012-08-21,39.61,40.28,38.86,38.97,9.41858584787898,52700,0.0000,1.0
2012-08-22,39.85,39.85,38.19,38.33,9.263905454175038,20100,0.0000,1.0
2012-08-23,38.41,38.66,36.615,37.69,9.109225060471099,38500,0.0000,1.0
2012-08-24,37.51,38.55,37.03,38.02,9.188982138474694,15400,0.0000,1.0
2012-08-27,38.33,38.58,38.0099,38.29,9.254237929568543,15400,0.0000,1.0
2012-08-28,38.14,38.41,37.52,37.89,9.15756268350358,22900,0.0000,1.0
2012-08-29,37.85,38.47,37.1,38.35,9.268739216478288,14700,0.0000,1.0
2012-08-30,38.09,38.24,37.58,37.58,9.082639367803234,11200,0.0000,1.0
2012-08-31,38.05,38.17,37.591,37.92,9.164813326958452,18700,0.0000,1.0
2012-09-04,37.33,37.92,35.19,36.86,8.908623924886301,47300,0.0000,1.0
2012-09-05,36.78,36.795,36.12,36.27,8.766027936940482,70300,0.0000,1.0
2012-09-06,36.69,37.94,36.401,37.64,9.097140654712979,28800,0.0000,1.0
2012-09-07,37.97,38.76,37.95,38.42,9.285657384539656,17900,0.0000,1.0
2012-09-10,38.27,39.42,38.14,38.82,9.382332630604619,22000,0.0000,1.0
2012-09-11,38.74,39.09,38.0,38.33,9.263905454175038,114500,0.0000,1.0
2012-09-12,38.56,39.06,38.07,38.9,9.40166767981761,14700,0.0000,1.0
2012-09-13,38.97,40.6,38.28,40.16,9.706194704922241,29500,0.0000,1.0
2012-09-14,40.24,40.9,39.33,40.5,9.788368664077462,33900,0.0000,1.0
2012-09-17,40.23,40.41,39.83,39.99,9.665107725344635,26700,0.0000,1.0
2012-09-18,39.75,40.5,39.28,40.37,9.756949209106347,22700,0.0000,1.0
2012-09-19,40.39,40.64,40.04,40.11,9.694110299164123,22900,0.0000,1.0
2012-09-20,39.88,40.5251,39.77,39.83,9.626437626918648,50900,0.0000,1.0
2012-09-21,40.37,40.41,39.5,39.58,9.566015598128047,56400,0.0000,1.0
2012-09-24,39.13,39.91,38.09,39.62,9.575683122734542,33500,0.0000,1.0
2012-09-25,39.78,39.7999,38.43,38.46,9.295324909146151,39000,0.0000,1.0
2012-09-26,38.62,39.15,38.14,38.86,9.392000155211115,20900,0.0000,1.0
2012-09-27,39.02,39.8,38.32,39.64,9.580516885037792,28300,0.0000,1.0
2012-09-28,39.35,39.6,38.5002,38.67,9.346079413330257,23400,0.0000,1.0
2012-10-01,39.01,39.51,38.26,38.73,9.360580700240002,31800,0.0000,1.0
2012-10-02,38.78,38.78,38.07,38.58,9.324327482965641,14900,0.0000,1.0
2012-10-03,38.55,39.26,38.24,38.4,9.280823622236406,18500,0.0000,1.0
2012-10-04,38.27,39.32,38.1916,39.32,9.503176688185821,11100,0.0000,1.0
2012-10-05,39.37,39.39,38.72,39.24,9.48384163897283,24400,0.0000,1.0
2012-10-08,38.36,39.56,38.36,39.4,9.522511737398814,7800,0.0000,1.0
2012-10-09,39.45,39.45,38.69,38.82,9.382332630604619,15100,0.0000,1.0
2012-10-10,38.81,39.09,38.5,38.84,9.387166392907867,8200,0.0000,1.0
2012-10-11,39.21,39.21,38.12,38.79,9.375081987149747,10300,0.0000,1.0
2012-10-12,38.75,39.26,38.39,38.75,9.36541446254325,8300,0.0000,1.0
2012-10-15,38.99,39.17,38.28,39.01,9.428253372485475,12200,0.0000,1.0
2012-10-16,39.3,40.2,39.3,39.7,9.595018171947537,21000,0.0000,1.0
2012-10-17,39.7,40.34,39.62,40.02,9.672358368799507,10700,0.0000,1.0
2012-10-18,39.84,40.322,38.54,38.54,9.314659958359144,16300,0.0000,1.0
2012-10-19,38.26,39.31,37.5,38.81,9.379915749452994,55700,0.0000,1.0
2012-10-22,38.78,39.09,38.21,38.76,9.367831343694874,16700,0.0000,1.0
2012-10-23,38.41,38.91,38.06,38.48,9.300158671449399,11800,0.0000,1.0
2012-10-24,38.15,38.515,38.15,38.34,9.266322335326663,5100,0.0000,1.0
2012-10-25,38.56,39.33,38.19,38.6,9.329161245268889,13300,0.0000,1.0
2012-10-26,38.6,39.23,38.53,38.94,9.411335204424107,6000,0.0000,1.0
2012-10-31,39.08,40.22,38.35,39.78,9.61435322116053,20200,0.0000,1.0
2012-11-01,39.76,40.46,38.63,39.31,9.500759807034198,27100,0.0000,1.0
2012-11-02,39.58,40.1,38.5902,39.59,9.568432479279672,26900,0.0000,1.0
2012-11-05,39.08,40.1063,39.08,39.68,9.590184409644287,12100,0.0000,1.0
2012-11-06,39.93,40.61,39.09,40.36,9.754532327954724,12300,0.0000,1.0
2012-11-07,39.82,40.29,38.71,39.52,9.551514311218304,20300,0.0000,1.0
2012-11-08,39.56,39.56,38.5,38.84,9.387166392907867,28700,0.0000,1.0
2012-11-09,38.51,39.49,38.5,39.21,9.476590995517958,14400,0.0000,1.0
2012-11-12,39.25,40.56,38.8302,39.13,9.457255946304965,19800,0.0000,1.0
2012-11-13,38.64,39.62,38.44,39.34,9.50801045048907,19500,0.0000,1.0
2012-11-14,39.32,39.54,38.45,38.49,9.302575552601024,30700,0.0000,1.0
2012-11-15,38.43,39.08,37.49,38.44,9.290491146842903,33500,0.0000,1.0
2012-11-16,38.27,39.17,37.0,38.93,9.408918323272482,67200,0.0000,1.0
2012-11-19,39.25,39.97,38.72,39.58,9.566015598128047,18900,0.0000,1.0
2012-11-20,39.36,39.88,39.26,39.8,9.619186983463775,10800,0.0000,1.0
2012-11-21,39.74,40.0,39.0,39.89,9.640938913828393,10500,0.0000,1.0
2012-11-23,40.0,40.44,39.25,40.25,9.727946635286859,7300,0.0000,1.0
2012-11-26,40.02,40.6,39.8,40.31,9.742447922196604,26000,0.0000,1.0
2012-11-27,40.18,40.25,39.69,39.96,9.657857081889762,17000,0.0000,1.0
2012-11-28,39.64,40.4,39.53,40.04,9.677192131102753,14900,0.0000,1.0
2012-11-29,40.1,40.51,39.72,40.37,9.756949209106347,16700,0.0000,1.0
2012-11-30,40.56,40.56,39.79,40.04,9.677192131102753,51400,0.0000,1.0
2012-12-03,40.51,40.57,39.75,40.4,9.76419985256122,14000,0.0000,1.0
2012-12-04,40.45,40.99,40.07,40.92,9.889877672445673,35000,0.0000,1.0
2012-12-05,42.83,43.95,39.36,40.315,9.743656362772414,68200,0.0000,1.0
2012-12-06,40.22,40.97,39.37,40.82,9.86570886092943,18600,0.0000,1.0
2012-12-07,40.97,41.1,39.65,41.1,9.933381533174906,23200,0.0000,1.0
2012-12-10,41.25,41.25,40.13,40.46,9.778701139470964,14500,0.0000,1.0
2012-12-11,40.87,41.01,40.5,40.79,9.858458217474558,42200,0.0000,1.0
2012-12-12,41.01,41.445,40.18,40.28,9.735197278741731,28200,0.0000,1.0
2012-12-13,40.21,40.9,40.0,40.19,9.713445348377114,11200,0.0000,1.0
2012-12-14,40.15,40.34,39.38,39.71,9.59743505309916,42100,0.0000,1.0
2012-12-17,39.82,40.38,39.297,40.07,9.684442774557626,45800,0.0000,1.0
2012-12-18,40.09,40.34,39.89,40.21,9.718279110680363,36800,0.0000,1.0
2012-12-19,40.32,40.7,39.97,40.52,9.79320242638071,30900,0.0000,1.0
2012-12-20,40.43,40.56,40.0624,40.19,9.713445348377114,37700,0.0000,1.0
2012-12-21,40.19,40.44,39.75,39.84,9.628854508070274,84100,0.0000,1.0
2012-12-24,39.87,40.15,39.518,40.06,9.682025893406003,6900,0.0000,1.0
2012-12-26,40.12,40.55,39.82,40.17,9.708611586073868,28000,0.0000,1.0
2012-12-27,40.1,40.55,39.75,40.47,9.78111802062259,14900,0.0000,1.0
2012-12-28,40.19,40.52,39.95,40.04,9.677192131102753,14600,0.0000,1.0
2012-12-31,40.21,41.67,40.01,41.53,10.03730742269474,24900,0.0000,1.0
2013-01-02,42.65,43.12,42.24,42.52,10.276578656705523,61400,0.0000,1.0
2013-01-03,42.48,42.67,41.945,42.43,10.254826726340905,32800,0.0000,1.0
2013-01-04,42.69,42.74,42.33,42.52,10.276578656705523,25000,0.0000,1.0
2013-01-07,42.39,42.44,41.75,41.82,10.107396976091838,13600,0.0000,1.0
2013-01-08,41.96,42.244,41.45,42.02,10.155734599124319,36000,0.0000,1.0
2013-01-09,41.68,42.43,41.5,42.38,10.242742320582785,47900,0.0000,1.0
2013-01-10,42.38,42.65,41.81,42.61,10.298330587070138,19600,0.0000,1.0
2013-01-11,42.69,43.0,42.36,42.7,10.320082517434756,19900,0.0000,1.0
2013-01-14,42.67,42.75,42.06,42.39,10.24515920173441,14100,0.0000,1.0
2013-01-15,42.36,42.86,42.2,42.68,10.315248755131506,30700,0.0000,1.0
2013-01-16,42.5,43.08,42.36,42.85,10.356335734709116,19500,0.0000,1.0
2013-01-17,42.94,43.48,42.85,43.2,10.44092657501596,49000,0.0000,1.0
2013-01-18,43.39,43.39,42.9,43.02,10.397422714286726,35400,0.0000,1.0
2013-01-22,42.98,43.23,42.6972,43.19,10.438509693864333,40400,0.0000,1.0
2013-01-23,43.2,43.24,42.83,43.08,10.41192400119647,15000,0.0000,1.0
2013-01-24,43.22,43.75,42.85,43.42,10.494097960351688,24300,0.0000,1.0
2013-01-25,43.65,43.98,42.81,43.75,10.573855038355282,26300,0.0000,1.0
2013-01-28,43.7,44.0,43.37,43.93,10.617358899084515,37200,0.0000,1.0
2013-01-29,44.0,45.47,43.79,45.23,10.931553448795643,61500,0.0000,1.0
2013-01-30,45.37,45.49,44.55,44.66,10.793791223153072,80500,0.0000,1.0
2013-01-31,44.6,45.625,44.6,45.25,10.936387211098891,40800,0.0000,1.0
2013-02-01,45.48,46.87,45.47,46.58,11.257832404264892,52000,0.0000,1.0
2013-02-04,46.34,46.8,45.51,45.78,11.064481912134967,36500,0.0000,1.0
2013-02-05,46.2,46.44,45.91,46.22,11.170824682806426,65500,0.0000,1.0
2013-02-06,46.34,53.13,46.34,53.13,12.840889558578654,191000,0.0000,1.0
2013-02-07,53.2,56.61,53.2,56.41,13.633626576311347,122500,0.0000,1.0
2013-02-08,56.24,56.41,54.13,54.7,13.220339899383633,87700,0.0000,1.0
2013-02-11,54.7,56.47,54.4,56.37,13.623959051704851,45100,0.0000,1.0
2013-02-12,56.33,58.26,56.195,58.1,14.042079490935814,71100,0.0000,1.0
2013-02-13,58.23,58.83,57.9,58.28,14.085583351665047,78300,0.0000,1.0
2013-02-14,58.32,58.9,58.06,58.2,14.066248302452056,52200,0.0000,1.0
2013-02-15,58.83,59.22,58.29,59.16,14.298268893007965,67900,0.0000,1.0
2013-02-19,59.03,59.89,58.53,58.98,14.254765032278732,68000,0.0000,1.0
2013-02-20,59.19,59.4,57.67,57.67,13.93815360141598,42800,0.0000,1.0
2013-02-21,57.9,58.8,57.2301,58.59,14.160506667365395,35500,0.0000,1.0
2013-02-22,59.05,59.654,58.34,59.12,14.28860136840147,26400,0.0000,1.0
2013-02-25,58.99,59.35,57.02,57.15,13.812475781531528,68100,0.0000,1.0
2013-02-26,57.61,58.42,56.67,57.87,13.98649122444846,51900,0.0000,1.0
2013-02-27,57.38,58.2,57.22,57.35,13.86081340456401,49700,0.0000,1.0
2013-02-28,57.35,58.98,57.03,58.21,14.06866518360368,35800,0.0000,1.0
2013-03-01,57.4,58.99,57.03,58.0,14.017910679419574,55700,0.0000,1.0
2013-03-04,57.17,57.85,56.43,57.21,13.826977068441273,48200,0.0000,1.0
2013-03-05,57.35,59.82,56.71,59.44,14.365941565253438,60400,0.0000,1.0
2013-03-06,59.44,59.5,58.3501,58.78,14.20642740924625,31300,0.0000,1.0
2013-03-07,58.65,58.9999,58.13,58.31,14.09283399511992,23900,0.0000,1.0
2013-03-08,58.9,58.9,57.425,57.9,13.993741867903333,43400,0.0000,1.0
2013-03-11,57.59,57.59,56.69,57.33,13.855979642260762,36000,0.0000,1.0
2013-03-12,57.18,57.8999,55.78,57.42,13.877731572625379,37300,0.0000,1.0
2013-03-13,57.28,57.83,56.73,57.22,13.829393949592896,9200,0.0000,1.0
2013-03-14,57.08,57.08,56.0,56.11,13.561120141762625,64500,0.0000,1.0
2013-03-15,56.17,56.41,54.9701,55.39,13.387104698845693,103500,0.0000,1.0
2013-03-18,54.63,55.82,54.18,54.43,13.155084108289783,17900,0.0000,1.0
2013-03-19,54.44,54.54,53.08,53.43,12.913395993127375,21900,0.0000,1.0
2013-03-20,53.55,53.58,52.22,52.89,12.782884410939676,38600,0.0000,1.0
2013-03-21,52.57,52.795,51.51,52.42,12.669290996813347,65100,0.0000,1.0
2013-03-22,52.35,54.22,52.35,54.07,13.068076386831317,28600,0.0000,1.0
2013-03-25,54.09,54.48,52.64,53.02,12.81430386591079,24600,0.0000,1.0
2013-03-26,53.46,53.46,52.05,52.67,12.729713025603948,10300,0.0000,1.0
2013-03-27,52.15,53.98,51.66,53.66,12.968984259614729,9500,0.0000,1.0
2013-03-28,53.85,54.6299,52.55,52.57,12.705544214087707,31200,0.0000,1.0
2013-04-01,52.75,52.92,52.04,52.25,12.628204017235737,41500,0.0000,1.0
2013-04-02,52.67,53.02,52.1101,52.34,12.649955947600354,58200,0.0000,1.0
2013-04-03,52.56,52.56,51.99,52.11,12.594367681112999,96400,0.0000,1.0
2013-04-04,52.34,52.9534,52.34,52.55,12.700710451784458,33000,0.0000,1.0
2013-04-05,51.91,51.97,51.45,51.51,12.449354812015555,13200,0.0000,1.0
2013-04-08,51.94,51.94,50.06,51.07,12.343012041344098,27400,0.0000,1.0
2013-04-09,51.27,51.27,49.93,49.98,12.079571995817073,16100,0.0000,1.0
2013-04-10,50.28,50.89,50.2509,50.57,12.222167983762894,30700,0.0000,1.0
2013-04-11,50.67,51.64,50.31,51.12,12.355096447102216,14600,0.0000,1.0
2013-04-12,50.74,50.74,47.96,48.85,11.806464425683554,23100,0.0000,1.0
2013-04-15,48.96,49.39,47.12,47.83,11.559942548217899,66500,0.0000,1.0
2013-04-16,48.29,50.36,48.24,48.72,11.775044970712441,30700,0.0000,1.0
2013-04-17,48.44,48.73,46.51,47.25,11.419763441423704,39200,0.0000,1.0
2013-04-18,47.25,49.65,47.25,48.62,11.750876159196201,30900,0.0000,1.0
2013-04-19,48.53,49.35,47.6501,48.35,11.685620368102352,38000,0.0000,1.0
2013-04-22,48.59,49.41,46.905,47.77,11.545441261308156,51900,0.0000,1.0
2013-04-23,47.93,48.546,47.71,48.43,11.704955417315343,15700,0.0000,1.0
2013-04-24,48.54,49.32,48.28,49.23,11.898305909445268,43300,0.0000,1.0
2013-04-25,49.05,50.27,48.44,49.91,12.062653827755705,32700,0.0000,1.0
2013-04-26,49.87,49.87,48.31,48.75,11.782295614167314,25500,0.0000,1.0
2013-04-29,49.08,49.76,48.62,49.41,11.941809770174501,21400,0.0000,1.0
2013-04-30,49.51,49.51,48.08,49.24,11.900722790596895,44800,0.0000,1.0
2013-05-01,49.21,49.21,46.9,47.07,11.376259580694471,43700,0.0000,1.0
2013-05-02,47.45,49.152,47.45,48.51,11.724290466528336,17900,0.0000,1.0
2013-05-03,49.21,50.74,49.21,50.36,12.171413479578788,39600,0.0000,1.0
2013-05-06,50.27,50.642,49.22,49.38,11.93455912671963,9300,0.0000,1.0
2013-05-07,49.52,49.82,48.19,49.15,11.878970860232277,16600,0.0000,1.0
2013-05-08,47.5,47.89,44.94,47.58,11.499520519427298,70900,0.0000,1.0
2013-05-09,47.5,50.0,47.5,49.78,12.031234372784594,29900,0.0000,1.0
2013-05-10,49.8,50.63,49.7,50.63,12.236669270672639,19900,0.0000,1.0
2013-05-13,50.745,50.77,48.52,49.44,11.949060413629374,64800,0.0000,1.0
2013-05-14,49.64,52.12,49.64,51.99,12.56536510729351,42000,0.0000,1.0
2013-05-15,51.69,52.71,51.4,51.7,12.495275553896414,27000,0.0000,1.0
2013-05-16,51.67,51.805,50.8,50.99,12.323676992131105,19200,0.0000,1.0
2013-05-17,51.1,51.8,50.7001,51.45,12.434853525105812,36900,0.0000,1.0
2013-05-20,51.13,51.61,49.97,50.33,12.164162836123916,23300,0.0000,1.0
2013-05-21,49.9101,50.6,49.07,49.52,11.968395462842368,16400,0.0000,1.0
2013-05-22,49.43,50.79,48.54,49.05,11.854802048716035,28800,0.0000,1.0
2013-05-23,48.84,50.08,48.6,48.93,11.825799474896547,13200,0.0000,1.0
2013-05-24,48.71,49.05,48.38,49.05,11.854802048716035,5200,0.0000,1.0
2013-05-28,49.55,50.609,49.0,49.78,12.031234372784594,16100,0.0000,1.0
2013-05-29,49.31,49.695,48.2201,48.45,11.709789179618593,18700,0.0000,1.0
2013-05-30,48.45,48.45,47.475,47.7,11.528523093246788,30800,0.0000,1.0
2013-05-31,47.3,47.48,46.62,47.28,11.427014084878577,28800,0.0000,1.0
2013-06-03,47.38,49.02,47.27,48.57,11.73879175343808,46600,0.0000,1.0
2013-06-04,48.5,48.71,47.77,48.28,11.668702200040983,24400,0.0000,1.0
2013-06-05,48.29,49.16,48.24,48.3,11.67353596234423,11400,0.0000,1.0
2013-06-06,48.4,48.89,48.165,48.87,11.811298187986802,14800,0.0000,1.0
2013-06-07,49.32,49.53,49.01,49.25,11.903139671748518,8900,0.0000,1.0
2013-06-10,49.77,49.93,49.26,49.64,11.997398036661856,6900,0.0000,1.0
2013-06-11,48.96,50.09,48.96,49.65,11.99981491781348,47400,0.0000,1.0
2013-06-12,49.87,50.18,49.285,49.61,11.990147393206984,88200,0.0000,1.0
2013-06-13,49.48,51.14,49.48,50.59,12.227001746066144,8400,0.0000,1.0
2013-06-14,50.65,51.1,50.18,50.63,12.236669270672639,32800,0.0000,1.0
2013-06-17,51.05,51.378,50.86,51.23,12.381682139770081,13000,0.0000,1.0
2013-06-18,50.86,52.1,50.86,51.9,12.543613176928893,59000,0.0000,1.0
2013-06-19,51.46,52.03,51.0,51.44,12.432436643954187,35200,0.0000,1.0
2013-06-20,50.9,51.35,50.05,51.05,12.338178279040848,39000,0.0000,1.0
2013-06-21,51.28,51.695,50.245,50.96,12.316426348676233,59400,0.0000,1.0
2013-06-24,50.31,51.23,49.04,50.64,12.239086151824262,53400,0.0000,1.0
2013-06-25,50.98,51.3,50.44,51.2,12.37443149631521,44900,0.0000,1.0
2013-06-26,51.5,52.18,50.45,50.89,12.299508180614865,55200,0.0000,1.0
2013-06-27,51.2,52.54,51.2,52.24,12.625787136084114,40200,0.0000,1.0
2013-06-28,51.98,52.36,51.0,51.65,12.483191148138292,214600,0.0000,1.0
2013-07-01,51.73,52.5,51.34,51.76,12.509776840806158,26100,0.0000,1.0
2013-07-02,51.68,51.96,50.96,51.92,12.548446939232143,30200,0.0000,1.0
2013-07-03,51.55,52.28,51.54,52.28,12.635454660690609,8300,0.0000,1.0
2013-07-05,53.0,53.22,52.225,53.22,12.86264148894327,13400,0.0000,1.0
2013-07-08,53.53,53.69,52.84,53.06,12.823971390517286,19500,0.0000,1.0
2013-07-09,53.19,54.38,53.19,53.515,12.93393948291618,32200,0.0000,1.0
2013-07-10,53.49,53.99,53.11,53.52,12.935147923491993,40900,0.0000,1.0
2013-07-11,54.17,54.17,52.77,53.95,13.039073813011829,53400,0.0000,1.0
2013-07-12,53.6,53.6,52.65,52.95,12.797385697849421,65300,0.0000,1.0
2013-07-15,53.25,53.25,52.39,52.71,12.739380550210443,51000,0.0000,1.0
2013-07-16,52.89,52.89,51.62,51.78,12.514610603109405,47600,0.0000,1.0
2013-07-17,52.21,52.29,50.83,51.06,12.340595160192473,53500,0.0000,1.0
2013-07-18,51.42,53.11,51.28,52.79,12.758715599423436,21800,0.0000,1.0
2013-07-19,52.8,53.13,52.41,53.02,12.81430386591079,12000,0.0000,1.0
2013-07-22,52.91,53.13,52.47,52.66,12.727296144452323,18500,0.0000,1.0
2013-07-23,53.01,53.01,52.28,52.46,12.678958521419842,15100,0.0000,1.0
2013-07-24,52.75,52.75,51.61,51.62,12.47594050468342,11400,0.0000,1.0
2013-07-25,51.58,52.37,51.27,51.88,12.538779414625647,30900,0.0000,1.0
2013-07-26,51.52,51.655,49.55,50.7,12.253587438734007,56700,0.0000,1.0
2013-07-29,50.62,50.62,49.16,49.44,11.949060413629374,20500,0.0000,1.0
2013-07-30,49.59,50.29,49.271,49.68,12.007065561268352,44600,0.0000,1.0
2013-07-31,49.95,49.95,48.89,49.2,11.891055265990397,34400,0.0000,1.0
2013-08-01,49.94,51.32,49.71,51.03,12.3333445167376,17800,0.0000,1.0
2013-08-02,50.99,51.51,50.06,50.81,12.280173131401872,9100,0.0000,1.0
2013-08-05,50.57,51.09,50.22,50.98,12.32126011097948,9500,0.0000,1.0
2013-08-06,51.0,51.01,49.23,50.29,12.15449531151742,31500,0.0000,1.0
2013-08-07,50.41,52.49,50.22,51.76,12.509776840806158,46300,0.0000,1.0
2013-08-08,52.06,53.31,51.92,53.07,12.82638827166891,12800,0.0000,1.0
2013-08-09,52.79,53.49,51.87,52.56,12.703127332936083,46300,0.0000,1.0
2013-08-12,52.26,53.04,51.97,52.64,12.722462382149075,55100,0.0000,1.0
2013-08-13,52.6,53.94,52.59,53.12,12.83847267742703,24100,0.0000,1.0
2013-08-14,53.35,53.93,53.01,53.04,12.819137628214037,31200,0.0000,1.0
2013-08-15,52.58,52.98,51.75,52.32,12.645122185297105,25400,0.0000,1.0
2013-08-16,52.06,53.27,52.06,52.6,12.71279485754258,38100,0.0000,1.0
2013-08-19,52.27,52.485,51.825,52.01,12.570198869596759,13100,0.0000,1.0
2013-08-20,52.13,53.55,52.13,52.7,12.73696366905882,26700,0.0000,1.0
2013-08-21,52.68,53.04,52.17,52.32,12.645122185297105,26700,0.0000,1.0
2013-08-22,52.55,53.96,52.24,53.96,13.041490694163452,40600,0.0000,1.0
2013-08-23,53.94,54.88,53.375,54.64,13.205838612473888,15800,0.0000,1.0
2013-08-26,54.61,54.977,54.02,54.21,13.101912722954054,13400,0.0000,1.0
2013-08-27,53.85,54.14,52.29,52.75,12.74904807481694,30100,0.0000,1.0
2013-08-28,52.65,53.22,52.533,52.66,12.727296144452323,18900,0.0000,1.0
2013-08-29,52.71,53.5,52.7,53.0,12.809470103607541,15100,0.0000,1.0
2013-08-30,52.81,53.83,51.794,52.73,12.74421431251369,41500,0.0000,1.0
2013-09-03,53.22,54.73,52.6,53.33,12.889227181611135,50100,0.0000,1.0
2013-09-04,53.36,54.015,53.02,53.31,12.884393419307887,15200,0.0000,1.0
2013-09-05,53.18,54.08,52.754,53.64,12.964150497311481,83200,0.0000,1.0
2013-09-06,53.73,54.61,53.12,54.5,13.17200227635115,65100,0.0000,1.0
2013-09-09,54.64,57.74,54.4,57.55,13.90915102759649,40100,0.0000,1.0
2013-09-10,57.65,58.37,57.35,58.21,14.06866518360368,30000,0.0000,1.0
2013-09-11,57.92,58.98,57.61,58.252,14.0788160844405,19000,0.0000,1.0
2013-09-12,57.12,58.455,57.12,57.92,13.998575630206581,20600,0.0000,1.0
2013-09-13,58.21,58.7,57.23,58.51,14.1411716181524,8000,0.0000,1.0
2013-09-16,59.19,59.76,58.33,58.84,14.220928696155996,21000,0.0000,1.0
2013-09-17,58.65,59.78,58.65,59.14,14.293435130704717,43300,0.0000,1.0
2013-09-18,59.16,60.67,58.94,60.18,14.54479077047362,45400,0.0000,1.0
2013-09-19,60.36,60.86,59.42,59.87,14.469867454773274,20500,0.0000,1.0
2013-09-20,59.9,60.82,59.22,60.08,14.52062195895738,50700,0.0000,1.0
2013-09-23,59.9,60.76,59.0,60.18,14.54479077047362,47600,0.0000,1.0
2013-09-24,59.95,60.75,59.72,60.54,14.631798491932086,21600,0.0000,1.0
2013-09-25,60.7,60.99,60.07,60.58,14.641466016538581,25900,0.0000,1.0
2013-09-26,60.59,61.0,60.382,60.96,14.733307500300297,12100,0.0000,1.0
2013-09-27,60.45,60.9,60.4,60.56,14.636632254235336,28500,0.0000,1.0
2013-09-30,59.88,61.39,59.25,61.29,14.81306457830389,34500,0.0000,1.0
2013-10-01,61.38,63.0,61.38,62.79,15.1755967510475,31900,0.0000,1.0
2013-10-02,62.14,63.12,61.45,62.52,15.110340959953652,46300,0.0000,1.0
2013-10-03,63.2,63.3375,62.0,62.4,15.081338386134162,28100,0.0000,1.0
2013-10-04,62.28,63.14,61.7518,62.76,15.168346107592628,67200,0.0000,1.0
2013-10-07,63.23,63.23,61.2,61.22,14.796146410242523,37400,0.0000,1.0
2013-10-08,61.48,62.17,61.1,61.3,14.815481459455514,32500,0.0000,1.0
2013-10-09,61.71,61.775,60.3,60.87,14.71155556993568,29700,0.0000,1.0
2013-10-10,61.6,63.3,61.54,62.64,15.13934353377314,35400,0.0000,1.0
2013-10-11,62.3,64.92,62.3,64.92,15.690392436343426,20700,0.0000,1.0
2013-10-14,63.9,64.52,62.49,64.5,15.588883427975215,24200,0.0000,1.0
2013-10-15,64.06,64.61,62.78,62.99,15.223934374079983,23500,0.0000,1.0
2013-10-16,63.6,63.8,62.541,63.41,15.325443382448192,12200,0.0000,1.0
2013-10-17,63.26,64.38,62.94,64.38,15.559880854155725,67200,0.0000,1.0
2013-10-18,64.57,66.83,64.37,66.11,15.97800129338669,61400,0.0000,1.0
2013-10-21,66.82,67.77,66.01,66.35,16.036006441025666,28200,0.0000,1.0
2013-10-22,67.07,67.2,65.08,65.5,15.830571543137623,17300,0.0000,1.0
2013-10-23,65.34,66.01,65.15,65.56,15.845072830047368,17400,0.0000,1.0
2013-10-24,65.91,66.778,65.31,66.52,16.077093420603276,36200,0.0000,1.0
2013-10-25,66.77,66.8,65.47,65.98,15.946581838415579,14500,0.0000,1.0
2013-10-28,65.81,66.75,64.48,64.9,15.68555867404018,33500,0.0000,1.0
2013-10-29,65.94,65.94,64.16,64.47,15.581632784520343,27500,0.0000,1.0
2013-10-30,64.72,64.75,63.3,63.62,15.376197886632298,20000,0.0000,1.0
2013-10-31,63.81,63.81,62.55,62.83,15.185264275653996,31900,0.0000,1.0
2013-11-01,62.67,63.25,60.85,62.13,15.016082595040313,35000,0.0000,1.0
2013-11-04,62.09,62.5,61.87,62.41,15.083755267285785,45600,0.0000,1.0
2013-11-05,62.28,63.88,59.34,63.55,15.359279718570928,14700,0.0000,1.0
2013-11-06,63.78,63.9799,61.65,62.77,15.170762988744253,9800,0.0000,1.0
2013-11-07,62.91,63.8699,62.14,62.68,15.149011058379635,24500,0.0000,1.0
2013-11-08,62.54,63.98,62.14,62.65,15.141760414924763,26200,0.0000,1.0
2013-11-11,63.18,63.9,62.23,62.814,15.181397265811398,44100,0.0000,1.0
2013-11-12,62.59,63.33,62.15,62.65,15.141760414924763,13400,0.0000,1.0
2013-11-13,62.14,63.73,62.12,63.69,15.393116054693666,7400,0.0000,1.0
2013-11-14,63.46,63.46,62.53,63.09,15.248103185596223,15800,0.0000,1.0
2013-11-15,62.99,64.6,61.95,63.86,15.434203034271276,39300,0.0000,1.0
2013-11-18,63.9,63.9,62.32,63.06,15.301274570931952,22200,0.2500,1.0
2013-11-19,63.2,64.92,60.22,63.8,15.480832819940666,31900,0.0000,1.0
2013-11-20,63.43,64.23,62.27,62.41,15.143554487343213,20700,0.0000,1.0
2013-11-21,62.61,65.0,61.73,64.98,15.767155433224838,18000,0.0000,1.0
2013-11-22,64.8,65.72,64.29,65.35,15.856934557729193,27100,0.0000,1.0
2013-11-25,65.77,65.83,64.69,64.97,15.764728970400395,12300,0.0000,1.0
2013-11-26,64.92,66.02,64.28,65.94,16.00009586437128,12500,0.0000,1.0
2013-11-27,66.08,68.94,66.08,68.86,16.708623009108376,43100,0.0000,1.0
2013-11-29,69.33,69.33,67.62,68.59,16.64310851284844,7800,0.0000,1.0
2013-12-02,68.44,68.44,64.745,65.5,15.893331500095826,20400,0.0000,1.0
2013-12-03,65.0,65.4225,64.31,64.7,15.699214474140458,23500,0.0000,1.0
2013-12-04,65.23,66.87,64.776,65.53,15.900610888569153,49500,0.0000,1.0
2013-12-05,65.41,67.06,64.44,66.76,16.199065815975533,34800,0.0000,1.0
2013-12-06,67.6,68.74,66.965,67.92,16.480535503610817,27900,0.0000,1.0
2013-12-09,68.18,68.73,67.43,67.79,16.44899148689307,32100,0.0000,1.0
2013-12-10,67.87,68.39,65.98,66.0,16.014654641317932,26900,0.0000,1.0
2013-12-11,66.31,66.97,63.91,64.18,15.57303840726947,20500,0.0000,1.0
2013-12-12,64.04,64.71,63.98,64.17,15.570611944445027,71400,0.0000,1.0
2013-12-13,64.14,64.93,63.99,64.18,15.57303840726947,15000,0.0000,1.0
2013-12-16,64.66,66.97,64.5,65.61,15.92002259116469,49200,0.0000,1.0
2013-12-17,65.67,66.9,65.14,66.23,16.070463286280102,61500,0.0000,1.0
2013-12-18,66.12,68.11,65.37,68.08,16.51935890880189,41100,0.0000,1.0
2013-12-19,67.8,67.8,65.92,66.27,16.08016913757787,34500,0.0000,1.0
2013-12-20,66.59,67.7,66.27,67.06,16.271859700708795,126700,0.0000,1.0
2013-12-23,67.44,67.61,66.83,67.46,16.368918213686477,37200,0.0000,1.0
2013-12-24,67.19,67.8,67.081,67.35,16.342227122617615,7300,0.0000,1.0
2013-12-26,67.535,67.68,66.7,66.88,16.228183369868837,13700,0.0000,1.0
2013-12-27,67.09,67.88,66.58,67.68,16.42230039582421,15900,0.0000,1.0
2013-12-30,67.46,67.46,66.91,67.04,16.26700677505991,12800,0.0000,1.0
2013-12-31,67.1,68.2,66.51,66.99,16.2548744609377,46000,0.0000,1.0
2014-01-02,66.48,67.38,66.12,66.29,16.085022063226756,47800,0.0000,1.0
2014-01-03,66.44,67.54,66.32,67.01,16.259727386586587,16700,0.0000,1.0
2014-01-06,67.53,67.53,66.0,66.34,16.097154377348964,25300,0.0000,1.0
2014-01-07,66.42,67.5,66.05,66.98,16.252447998113258,28600,0.0000,1.0
2014-01-08,66.4,67.15,59.06,61.2,14.84995248558572,173900,0.0000,1.0
2014-01-09,61.24,62.95,61.23,62.58,15.184804355358729,227800,0.0000,1.0
2014-01-10,62.44,62.79,62.018,62.49,15.162966189938752,57300,0.0000,1.0
2014-01-13,62.33,62.33,60.43,61.05,14.813555543219087,37200,0.0000,1.0
2014-01-14,61.21,62.736,60.7325,61.87,15.01252549482334,38200,0.0000,1.0
2014-01-15,62.08,62.64,61.38,61.79,14.993113792227803,39400,0.0000,1.0
2014-01-16,62.544,63.41,61.0201,62.71,15.216348372076478,60100,0.0000,1.0
2014-01-17,62.53,63.08,61.61,61.95,15.031937197418877,48900,0.0000,1.0
2014-01-21,62.01,62.6099,61.42,62.41,15.143554487343213,37600,0.0000,1.0
2014-01-22,62.41,62.42,61.3875,62.21,15.095025230854372,35000,0.0000,1.0
2014-01-23,62.11,62.153,61.54,62.01,15.046495974365529,32100,0.0000,1.0
2014-01-24,61.43,62.0,60.98,61.61,14.949437461387845,87400,0.0000,1.0
2014-01-27,62.11,62.23,61.26,61.83,15.002819643525571,63800,0.0000,1.0
2014-01-28,61.93,62.2,61.56,62.06,15.058628288487741,42500,0.0000,1.0
2014-01-29,62.16,62.6,60.47,61.09,14.823261394516857,42300,0.0000,1.0
2014-01-30,61.45,63.43,61.12,61.97,15.03679012306776,64200,0.0000,1.0
2014-01-31,61.2,61.81,60.51,61.41,14.900908204899002,49700,0.0000,1.0
2014-02-03,61.41,62.17,58.79,59.17,14.35738053222397,42400,0.0000,1.0
2014-02-04,59.29,60.8775,59.155,59.91,14.536938781232685,45000,0.0000,1.0
2014-02-05,59.35,60.2,59.01,59.28,14.384071623292833,37100,0.0000,1.0
2014-02-06,60.47,68.66,60.47,63.97,15.522082687956184,144800,0.0000,1.0
2014-02-07,64.2,64.92,62.26,63.06,15.301274570931952,28900,0.0000,1.0
2014-02-10,63.17,64.53,61.7,64.25,15.590023647040562,85300,0.0000,1.0
2014-02-11,64.31,64.61,63.42,64.13,15.560906093147256,73100,0.0000,1.0
2014-02-12,64.0,65.26,64.0,65.07,15.788993598644813,62700,0.0000,1.0
2014-02-13,64.5,66.27,64.5,66.06,16.029213418264586,43200,0.0000,1.0
2014-02-14,65.78,66.1,64.42,64.74,15.769581896049274,35800,0.2500,1.0
2014-02-18,65.21,65.93,64.26,65.64,15.988806852898895,33200,0.0000,1.0
2014-02-19,65.24,66.25,64.77,65.08,15.852400213081355,35300,0.0000,1.0
2014-02-20,65.35,66.75,65.35,66.36,16.164186818378592,16100,0.0000,1.0
2014-02-21,66.71,66.71,65.21,65.66,15.993678518606664,25100,0.0000,1.0
2014-02-24,66.118,66.82,66.03,66.04,16.08624016705428,19600,0.0000,1.0
2014-02-25,66.25,66.7,65.58,65.91,16.05457433995378,20000,0.0000,1.0
2014-02-26,65.58,66.73,65.58,66.69,16.244569302556783,31600,0.0000,1.0
2014-02-27,67.3,68.13,67.3,67.81,16.517382582191868,50000,0.0000,1.0
2014-02-28,67.97,68.39,67.17,68.13,16.595329233516175,36800,0.0000,1.0
2014-03-03,67.98,68.67,67.05,67.62,16.471101757968057,38800,0.0000,1.0
2014-03-04,68.71,70.75,68.16,69.16,16.846220017466294,90000,0.0000,1.0
2014-03-05,68.87,69.49,68.35,68.89,16.78045253041141,16000,0.0000,1.0
2014-03-06,69.29,69.67,67.6,68.16,16.60263673207783,57100,0.0000,1.0
2014-03-07,68.85,69.635,67.58,69.5,16.929038334498372,39600,0.0000,1.0
2014-03-10,69.2,69.97,64.862,69.37,16.897372507397876,37600,0.0000,1.0
2014-03-11,69.11,70.53,67.68,67.91,16.541740910730713,23700,0.0000,1.0
2014-03-12,67.75,68.02,67.13,67.77,16.507639250776325,24100,0.0000,1.0
2014-03-13,68.23,68.23,66.36,66.74,16.256748466826206,17000,0.0000,1.0
2014-03-14,66.72,67.99,66.4701,67.17,16.36148927954325,18900,0.0000,1.0
2014-03-17,67.03,67.95,66.04,67.22,16.373668443812672,28700,0.0000,1.0
2014-03-18,67.45,68.14,67.0,67.99,16.56122757356179,23500,0.0000,1.0
2014-03-19,68.14,68.14,66.2,66.77,16.26405596538786,19900,0.0000,1.0
2014-03-20,66.89,67.61,62.9,65.84,16.03752350997659,32900,0.0000,1.0
2014-03-21,66.73,67.9402,65.02,66.0,16.076496835638743,59300,0.0000,1.0
2014-03-24,66.3,66.73,64.14,65.25,15.893809371597394,55800,0.0000,1.0
2014-03-25,65.4,66.178,64.78,64.99,15.830477717396391,94600,0.0000,1.0
2014-03-26,65.74,65.74,63.15,63.15,15.382284472281615,56900,0.0000,1.0
2014-03-27,63.1,63.58,62.03,63.0,15.345746979473345,29400,0.0000,1.0
2014-03-28,63.07,63.68,62.1583,62.64,15.258056996733497,35000,0.0000,1.0
2014-03-31,63.3699,65.19,62.63,64.8,15.784196893172583,71700,0.0000,1.0
2014-04-01,65.18,65.4,64.31,65.13,15.864579377350777,78500,0.0000,1.0
2014-04-02,65.41,65.55,64.71,65.26,15.89624520445128,60900,0.0000,1.0
2014-04-03,65.51,65.98,64.81,65.4,15.930346864405665,50800,0.0000,1.0
2014-04-04,65.48,65.82,63.31,64.05,15.601509429131234,31000,0.0000,1.0
2014-04-07,63.98,63.98,62.71,62.98,15.340875313765576,40100,0.0000,1.0
2014-04-08,63.24,63.375,62.36,62.7,15.272671993856807,26000,0.0000,1.0
2014-04-09,63.14,63.14,62.1,62.59,15.245877832464076,15600,0.0000,1.0
2014-04-10,62.71,62.93,62.03,62.38,15.194725342532498,55500,0.0000,1.0
2014-04-11,62.1,62.83,61.27,62.03,15.109471192646534,57200,0.0000,1.0
2014-04-14,62.81,63.63,61.7,62.43,15.206904506801921,82300,0.0000,1.0
2014-04-15,62.93,63.44,61.5,63.0,15.345746979473345,28100,0.0000,1.0
2014-04-16,63.37,63.63,62.7,63.26,15.409078633674346,19200,0.0000,1.0
2014-04-17,63.26,64.5,62.83,64.19,15.63561108908562,16100,0.0000,1.0
2014-04-21,64.5,64.97,63.52,64.08,15.608816927692889,20500,0.0000,1.0
2014-04-22,64.38,65.36,64.38,65.2,15.881630207327971,25600,0.0000,1.0
2014-04-23,65.24,65.84,64.35,64.96,15.823170218834738,42100,0.0000,1.0
2014-04-24,65.45,65.65,64.77,64.99,15.830477717396391,14100,0.0000,1.0
2014-04-25,64.78,64.865,63.94,64.24,15.647790253355042,21800,0.0000,1.0
2014-04-28,64.68,64.8,63.45,64.42,15.691635244724967,29000,0.0000,1.0
2014-04-29,64.99,65.25,62.855,62.98,15.340875313765576,38700,0.0000,1.0
2014-04-30,62.92,63.7,62.2,63.32,15.423693630797654,33300,0.0000,1.0
2014-05-01,63.13,63.91,62.01,63.13,15.377412806573847,34800,0.0000,1.0
2014-05-02,63.52,64.39,62.84,63.08,15.365233642304423,41600,0.0000,1.0
2014-05-05,62.89,63.8775,62.44,63.51,15.469974455021463,33700,0.0000,1.0
2014-05-06,63.54,64.59,63.01,63.17,15.387156137989386,64700,0.0000,1.0
2014-05-07,64.5,64.5,61.91,62.69,15.27023616100292,48700,0.0000,1.0
2014-05-08,62.88,64.39,61.81,62.22,15.155752016870343,49200,0.0000,1.0
2014-05-09,61.97,62.99,61.25,62.67,15.265364495295152,78100,0.0000,1.0
2014-05-12,62.8,65.6,62.8,65.16,15.87188687591243,40900,0.0000,1.0
2014-05-13,65.3,65.52,63.82,64.2,15.638046921939505,61300,0.0000,1.0
2014-05-14,64.06,64.83,61.04,61.16,14.897553734358567,40800,0.0000,1.0
2014-05-15,61.03,61.03,59.67,60.2,14.663713780385642,24300,0.0000,1.0
2014-05-16,60.01,61.8,60.01,61.72,15.03396037417611,34300,0.0000,1.0
2014-05-19,60.92,62.29,60.92,62.15,15.199597008240266,30600,0.2500,1.0
2014-05-20,61.77,61.77,60.36,60.65,14.83275234995611,50000,0.0000,1.0
2014-05-21,60.69,61.55,59.46,60.63,14.827861087845655,43900,0.0000,1.0
2014-05-22,60.98,62.19,60.54,61.09,14.94036011638613,37800,0.0000,1.0
2014-05-23,61.33,62.62,61.15,62.18,15.20693390140595,27000,0.0000,1.0
2014-05-27,62.79,63.64,61.97,63.32,15.48573584170191,18600,0.0000,1.0
2014-05-28,62.77,62.84,62.004,62.18,15.20693390140595,22900,0.0000,1.0
2014-05-29,62.1,62.64,61.5,61.96,15.153130018190941,17600,0.0000,1.0
2014-05-30,62.16,63.53,61.62,61.83,15.12133681447298,34500,0.0000,1.0
2014-06-02,62.26,62.26,60.32,60.95,14.906121281612942,28900,0.0000,1.0
2014-06-03,60.93,61.22,60.07,60.59,14.818078563624743,28800,0.0000,1.0
2014-06-04,60.23,61.33,60.02,60.97,14.911012543723396,30800,0.0000,1.0
2014-06-05,61.03,63.16,60.62,63.16,15.446605744818266,33000,0.0000,1.0
2014-06-06,63.59,63.81,62.73,62.84,15.36834555105098,28600,0.0000,1.0
2014-06-09,63.06,64.73,62.79,64.71,15.825678558378561,36300,0.0000,1.0
2014-06-10,64.71,64.82,63.726,64.14,15.686277588230583,15000,0.0000,1.0
2014-06-11,63.63,64.3,62.84,63.61,15.556659142303515,34700,0.0000,1.0
2014-06-12,63.8,63.8,61.741,62.11,15.189814484019356,18800,0.0000,1.0
2014-06-13,62.16,63.28,62.15,63.01,15.40992127898985,41200,0.0000,1.0
2014-06-16,63.04,63.04,61.43,62.04,15.172695066632762,33800,0.0000,1.0
2014-06-17,62.28,63.63,62.094,63.49,15.527311569640782,134000,0.0000,1.0
2014-06-18,63.36,64.83,63.11,63.53,15.537094093861693,54700,0.0000,1.0
2014-06-19,63.69,64.45,62.94,64.18,15.696060112451496,67200,0.0000,1.0
2014-06-20,64.64,65.06,63.65,64.03,15.659375646623078,215800,0.0000,1.0
2014-06-23,64.0,64.58,63.63,64.43,15.75720088883219,42100,0.0000,1.0
2014-06-24,64.61,65.9499,64.49,64.57,15.791439723605373,45100,0.0000,1.0
2014-06-25,64.5,65.53,64.3181,65.34,15.97975331485791,44200,0.0000,1.0
2014-06-26,65.0,65.39,64.36,64.67,15.815896034157653,25600,0.0000,1.0
2014-06-27,64.12,65.55,63.67,64.67,15.815896034157653,79200,0.0000,1.0
2014-06-30,64.75,65.77,64.58,65.38,15.989535839078819,28600,0.0000,1.0
2014-07-01,65.88,66.96,65.45,66.29,16.212088265104544,36500,0.0000,1.0
2014-07-02,66.13,67.07,66.13,66.68,16.307467876258425,28500,0.0000,1.0
2014-07-03,67.24,67.89,66.9,67.65,16.544694088615515,30700,0.0000,1.0
2014-07-07,67.37,67.37,66.44,66.79,16.33436981786593,45800,0.0000,1.0
2014-07-08,66.485,67.0,66.01,66.31,16.216979527215,40700,0.0000,1.0
2014-07-09,66.19,67.02,65.96,66.19,16.187631954552266,28600,0.0000,1.0
2014-07-10,65.23,65.84,64.59,65.11,15.923503800587671,93200,0.0000,1.0
2014-07-11,64.74,64.74,64.0,64.19,15.698505743506722,17800,0.0000,1.0
2014-07-14,64.9,65.1,64.37,64.86,15.862363024206978,41600,0.0000,1.0
2014-07-15,65.0,65.0,64.14,64.17,15.693614481396267,29200,0.0000,1.0
2014-07-16,64.47,64.47,63.9,64.0,15.652038753457395,16300,0.0000,1.0
2014-07-17,64.0,64.0,62.4,62.5,15.285194095173237,93200,0.0000,1.0
2014-07-18,62.24,63.35,62.24,63.01,15.40992127898985,36400,0.0000,1.0
2014-07-21,62.4,62.94,62.06,62.53,15.292530988338921,21600,0.0000,1.0
2014-07-22,63.18,63.31,62.45,62.83,15.365899919995751,22300,0.0000,1.0
2014-07-23,62.64,63.2,62.26,62.6,15.309650405725515,12100,0.0000,1.0
2014-07-24,62.6,63.63,61.51,61.77,15.106663028141615,16500,0.0000,1.0
2014-07-25,61.24,61.28,60.69,60.73,14.85231739839793,18000,0.0000,1.0
2014-07-28,60.73,60.73,59.8,60.35,14.759383418299278,17600,0.0000,1.0
2014-07-29,60.22,60.38,59.7,59.92,14.654221282924487,18300,0.0000,1.0
2014-07-30,59.82,60.15,59.01,59.83,14.632210603427437,11600,0.0000,1.0
2014-07-31,59.41,59.86,58.41,58.41,14.2849309935851,28000,0.0000,1.0
2014-08-01,58.61,59.21,57.35,57.58,14.0819436160012,29400,0.0000,1.0
2014-08-04,57.77,59.37,57.01,57.3,14.013465946454824,34400,0.0000,1.0
2014-08-05,56.86,58.37,55.46,55.48,13.568361094403379,59100,0.0000,1.0
2014-08-06,53.1,53.91,50.0,52.53,12.846899933111203,233300,0.0000,1.0
2014-08-07,52.5,52.53,49.2825,50.43,12.33331741151338,248100,0.0000,1.0
2014-08-08,50.41,51.87,50.3188,51.69,12.641466924472073,84800,0.0000,1.0
2014-08-11,51.64,54.5683,51.36,53.13,12.993637796424867,76200,0.0000,1.0
2014-08-12,53.15,53.4,51.5,52.15,12.753965953012548,57100,0.0000,1.0
2014-08-13,52.069,52.97,51.94,52.43,12.822443622558925,35200,0.0000,1.0
2014-08-14,52.56,52.6699,51.93,52.2,12.766194108288689,37300,0.0000,1.0
2014-08-15,52.8,52.9,51.2,52.11,12.744183428791638,68400,0.0000,1.0
2014-08-18,52.58,53.17,51.88,52.68,12.944725175320311,43100,0.2500,1.0
2014-08-19,54.12,54.12,52.98,53.1,13.04792913457685,70000,0.0000,1.0
2014-08-20,52.97,52.97,52.25,52.5,12.900494907067507,32400,0.0000,1.0
2014-08-21,52.68,52.79,51.75,52.18,12.821863319062524,23100,0.0000,1.0
2014-08-22,52.0,52.56,51.785,51.97,12.770261339434255,50200,0.0000,1.0
2014-08-25,52.13,52.58,51.7925,52.09,12.799748184936124,27600,0.0000,1.0
2014-08-26,52.17,52.63,52.17,52.51,12.902952144192664,21700,0.0000,1.0
2014-08-27,52.35,52.74,52.25,52.5,12.900494907067507,29200,0.0000,1.0
2014-08-28,52.4,53.065,52.15,52.56,12.915238329818443,36400,0.0000,1.0
2014-08-29,52.75,52.98,52.21,52.69,12.947182412445466,28400,0.0000,1.0
2014-09-02,53.0,53.49,52.91,53.2,13.07250150582841,150500,0.0000,1.0
2014-09-03,53.58,53.74,52.9,53.43,13.129017959706989,130300,0.0000,1.0
2014-09-04,53.45,54.14,53.01,53.26,13.087244928579342,52400,0.0000,1.0
2014-09-05,53.12,53.768,52.973,53.6,13.170790990834638,47800,0.0000,1.0
2014-09-08,53.4,54.05,53.33,53.99,13.26662323871571,33500,0.0000,1.0
2014-09-09,53.68,54.13,53.57,53.83,13.227307444713217,42700,0.0000,1.0
2014-09-10,53.81,53.812,53.19,53.6,13.170790990834638,42300,0.0000,1.0
2014-09-11,53.65,54.47,53.46,54.2,13.318225218343981,194200,0.0000,1.0
2014-09-12,54.06,54.06,52.49,52.78,12.969297546571868,74900,0.0000,1.0
2014-09-15,52.55,52.55,51.18,51.42,12.63511329755069,34300,0.0000,1.0
2014-09-16,51.27,51.395,50.63,51.11,12.558938946670864,34300,0.0000,1.0
2014-09-17,51.24,51.99,50.98,51.56,12.669514617302871,29300,0.0000,1.0
2014-09-18,51.58,52.16,51.4805,51.72,12.708830411305362,73400,0.0000,1.0
2014-09-19,51.89,51.89,51.15,51.41,12.632656060425534,68900,0.0000,1.0
2014-09-22,51.25,51.71,50.41,51.41,12.632656060425534,54000,0.0000,1.0
2014-09-23,51.77,52.0,50.49,51.0,12.53190933829415,69400,0.0000,1.0
2014-09-24,50.97,50.97,50.29,50.73,12.465563935914945,27379,0.0000,1.0
2014-09-25,50.5,50.5,49.57,49.72,12.217382986274218,46658,0.0000,1.0
2014-09-26,45.5,46.1495,41.29,45.54,11.19025786795913,531587,0.0000,1.0
2014-09-29,44.69,44.69,42.875,43.35,10.652122937550029,239050,0.0000,1.0
2014-09-30,43.11,43.11,40.64,40.86,10.040270893386255,194311,0.0000,1.0
2014-10-01,40.7,41.286,39.04,39.59,9.72820177849148,166524,0.0000,1.0
2014-10-02,39.75,40.21,38.69,39.4,9.68151427311352,116522,0.0000,1.0
2014-10-03,39.5,42.523,38.1225,39.69,9.752774149743036,69576,0.0000,1.0
2014-10-06,39.75,40.59,39.54,40.34,9.912494562878159,54583,0.0000,1.0
2014-10-07,40.0,41.09,39.59,40.77,10.018155759259853,120520,0.0000,1.0
2014-10-08,40.61,41.45,40.21,41.31,10.150846564018263,112046,0.0000,1.0
2014-10-09,41.15,41.618,39.26,39.77,9.772432046744283,82912,0.0000,1.0
2014-10-10,40.32,42.936,40.04,40.47,9.944438645505182,124671,0.0000,1.0
2014-10-13,40.66,41.3,40.205,41.08,10.09433011013968,77025,0.0000,1.0
2014-10-14,41.34,43.35,41.06,42.71,10.494859761540063,105461,0.0000,1.0
2014-10-15,42.3,43.64,41.66,43.37,10.657037411800339,64933,0.0000,1.0
2014-10-16,42.72,44.28,42.26,43.96,10.802014402184527,88320,0.0000,1.0
2014-10-17,44.58,44.58,42.49,43.03,10.573491349545046,58460,0.0000,1.0
2014-10-20,42.64,43.56,42.094,43.46,10.67915254592674,59257,0.0000,1.0
2014-10-21,43.49,45.0,42.352,44.35,10.897846650065599,43051,0.0000,1.0
2014-10-22,44.61,44.61,42.81,43.03,10.573491349545046,75917,0.0000,1.0
2014-10-23,43.47,44.1,42.71,43.69,10.735668999805322,44744,0.0000,1.0
2014-10-24,43.87,43.87,42.606,43.3,10.639836751924248,64378,0.0000,1.0
2014-10-27,43.0,43.31,42.0,43.22,10.620178854923003,35437,0.0000,1.0
2014-10-28,43.61,44.765,43.61,43.98,10.806928876434837,82928,0.0000,1.0
2014-10-29,43.98,44.18,42.6,43.87,10.779899268058125,30327,0.0000,1.0
2014-10-30,43.78,44.55,43.106,44.01,10.814300587810305,51577,0.0000,1.0
2014-10-31,44.89,45.81,43.846,45.53,11.187800630833975,65974,0.0000,1.0
2014-11-03,45.68,46.01,44.75,45.6,11.205001290710065,51337,0.0000,1.0
2014-11-04,45.38,46.75,44.726,46.13,11.335234858343318,62338,0.0000,1.0
2014-11-05,46.56,47.78,45.7901,45.96,11.29346182721567,47929,0.0000,1.0
2014-11-06,45.498,46.39,45.498,46.14,11.337692095468473,47048,0.0000,1.0
2014-11-07,45.59,45.84,44.87,45.64,11.214830239210688,61575,0.0000,1.0
2014-11-10,45.57,46.15,45.57,45.94,11.288547352965358,31448,0.0000,1.0
2014-11-11,45.83,46.1199,45.25,45.66,11.219744713460997,36645,0.0000,1.0
2014-11-12,45.58,46.13,44.86,46.0,11.303290775716293,37890,0.0000,1.0
2014-11-13,46.27,46.27,44.01,44.18,10.856073618937952,39703,0.0000,1.0
2014-11-14,44.28,44.63,40.415,43.75,10.750412422556257,60390,0.0000,1.0
2014-11-17,43.4,44.0,42.75,42.91,10.607892669297224,79936,0.2600,1.0
2014-11-18,43.21,43.855,43.21,43.7,10.80319062335793,41639,0.0000,1.0
2014-11-19,43.44,43.74,42.66,43.34,10.714194087330267,81863,0.0000,1.0
2014-11-20,43.32,43.85,43.1,43.75,10.81555125336177,75144,0.0000,1.0
2014-11-21,44.56,44.57,43.3401,43.68,10.798246371356392,37469,0.0000,1.0
2014-11-24,43.87,44.4,43.87,44.23,10.934213301398653,43463,0.0000,1.0
2014-11-25,44.44,44.7,43.21,43.75,10.81555125336177,38275,0.0000,1.0
2014-11-26,43.55,43.67,43.04,43.49,10.751275977341793,22401,0.0000,1.0
2014-11-28,43.37,43.65,42.44,42.55,10.518896133269562,23069,0.0000,1.0
2014-12-01,42.6,42.6,40.08,40.26,9.952779279093598,72357,0.0000,1.0
2014-12-02,40.57,41.91,40.38,40.99,10.133244477149692,205906,0.0000,1.0
2014-12-03,41.54,46.54,40.4856,44.59,11.023209837426318,207575,0.0000,1.0
2014-12-04,44.56,45.09,44.205,44.39,10.97376731741095,112444,0.0000,1.0
2014-12-05,44.32,45.31,44.32,45.1,11.149288263465506,113552,0.0000,1.0
2014-12-08,44.83,45.6,44.56,44.96,11.114678499454747,87117,0.0000,1.0
2014-12-09,44.975,46.855,44.85,46.62,11.525051415582302,80861,0.0000,1.0
2014-12-10,46.2,46.87,45.295,45.54,11.258061807499315,61906,0.0000,1.0
2014-12-11,45.68,46.34,45.25,45.6,11.272894563503925,41801,0.0000,1.0
2014-12-12,45.07,45.95,45.07,45.45,11.2358126734924,60123,0.0000,1.0
2014-12-15,45.85,46.025,44.77,44.87,11.092429365447831,100469,0.0000,1.0
2014-12-16,44.74,46.41,44.74,45.98,11.366835351533124,76535,0.0000,1.0
2014-12-17,46.06,47.24,45.69,46.95,11.606631573607661,61305,0.0000,1.0
2014-12-18,47.51,49.11,47.26,48.62,12.019476615735984,75950,0.0000,1.0
2014-12-19,48.51,49.48,48.32,48.98,12.108473151763645,168168,0.0000,1.0
2014-12-22,48.86,50.17,48.4,50.03,12.368046381844328,38941,0.0000,1.0
2014-12-23,50.12,50.93,49.53,50.47,12.476819925878138,32380,0.0000,1.0
2014-12-24,50.4,50.65,50.18,50.45,12.471875673876603,24343,0.0000,1.0
2014-12-26,50.59,51.33,49.84,50.4,12.45951504387276,16826,0.0000,1.0
2014-12-29,50.58,51.158,49.93,50.28,12.429849531863539,33728,0.0000,1.0
2014-12-30,50.25,50.38,49.46,49.72,12.291410475820507,24479,0.0000,1.0
2014-12-31,49.99,49.99,48.94,49.07,12.130722285770561,31546,0.0000,1.0
2015-01-02,49.45,49.93,47.1,47.95,11.853844173684502,45384,0.0000,1.0
2015-01-05,46.74,46.74,42.45,43.63,10.785885741352551,187339,0.0000,1.0
2015-01-06,42.82,43.0,42.1,42.66,10.546089519278013,129978,0.0000,1.0
2015-01-07,42.83,42.83,42.2,42.65,10.543617393277247,66313,0.0000,1.0
2015-01-08,43.03,43.592,42.36,43.4,10.729026843334877,131032,0.0000,1.0
2015-01-09,43.57,44.625,43.48,44.14,10.911964167391739,111785,0.0000,1.0
2015-01-12,44.26,45.11,43.58,44.15,10.914436293392507,60452,0.0000,1.0
2015-01-13,44.65,44.72,42.25,43.42,10.733971095336413,77775,0.0000,1.0
2015-01-14,42.88,43.53,42.56,43.01,10.632613929304908,27048,0.0000,1.0
2015-01-15,42.94,42.94,40.71,41.01,10.138188729151228,65929,0.0000,1.0
2015-01-16,41.6,42.39,41.08,41.77,10.326070305209628,66934,0.0000,1.0
2015-01-20,41.86,42.49,40.09,41.01,10.138188729151228,63423,0.0000,1.0
2015-01-21,40.73,41.2,39.97,40.87,10.10357896514047,52861,0.0000,1.0
2015-01-22,41.02,41.63,40.19,41.18,10.18021487116429,62444,0.0000,1.0
2015-01-23,41.24,41.24,40.04,40.58,10.031887311118187,54159,0.0000,1.0
2015-01-26,39.97,41.2,39.9,40.95,10.123355973146618,46147,0.0000,1.0
2015-01-27,40.55,41.13,40.21,40.73,10.068969201129711,58121,0.0000,1.0
2015-01-28,40.69,40.845,39.76,39.81,9.84153360905902,57829,0.0000,1.0
2015-01-29,39.26,41.08,39.05,40.99,10.133244477149692,74175,0.0000,1.0
2015-01-30,40.61,40.78,38.95,39.01,9.643763528997546,34453,0.0000,1.0
2015-02-02,39.29,40.81,39.04,40.75,10.073913453131249,37755,0.0000,1.0
2015-02-03,40.84,42.175,39.98,42.07,10.400234085232679,118148,0.0000,1.0
2015-02-04,38.9,38.99,36.52,36.58,9.043036910810825,307072,0.0000,1.0
2015-02-05,35.85,36.55,32.32,34.05,8.417589032616418,279540,0.0000,1.0
2015-02-06,33.95,34.49,33.68,34.32,8.484336434637164,120659,0.0000,1.0
2015-02-09,34.31,35.045,34.15,34.43,8.511529820645617,102920,0.0000,1.0
2015-02-10,34.93,34.93,33.8101,34.39,8.501641316642544,100569,0.0000,1.0
2015-02-11,34.21,34.79,33.4672,34.24,8.464559426631018,78957,0.0000,1.0
2015-02-12,34.47,34.4899,32.9,33.02,8.162960054537272,78149,0.0000,1.0
2015-02-13,32.88,33.5,32.75,33.41,8.323648244587218,73371,0.2600,1.0
2015-02-17,33.5,33.59,33.1,33.35,8.308700058574791,45263,0.0000,1.0
2015-02-18,33.18,33.81,33.1,33.67,8.388423717307742,63687,0.0000,1.0
2015-02-19,33.52,34.37,33.284,33.96,8.46067328303448,42150,0.0000,1.0
2015-02-20,34.02,34.02,32.8235,33.41,8.323648244587218,98366,0.0000,1.0
2015-02-23,33.18,33.31,32.6,33.25,8.283786415220742,81103,0.0000,1.0
2015-02-24,33.18,33.736,32.9,33.26,8.286277779556148,62595,0.0000,1.0
2015-02-25,32.83,33.9,32.83,33.54,8.35603598094748,66392,0.0000,1.0
2015-02-26,33.6,34.436,33.5,34.18,8.515483298413383,52054,0.0000,1.0
2015-02-27,34.08,34.44,33.67,33.74,8.405863267655576,92080,0.0000,1.0
2015-03-02,33.56,34.8,33.31,34.6,8.620120600500382,56083,0.0000,1.0
2015-03-03,34.56,34.62,33.86,34.29,8.542888306102835,72415,0.0000,1.0
2015-03-04,34.06,34.17,33.26,33.44,8.331122337593433,76187,0.0000,1.0
2015-03-05,33.57,33.57,32.43,33.11,8.248907314525077,338296,0.0000,1.0
2015-03-06,32.79,33.485,32.79,33.22,8.276312322214528,45858,0.0000,1.0
2015-03-09,33.13,33.92,32.9,33.43,8.328630973258027,79722,0.0000,1.0
2015-03-10,33.07,33.1878,32.48,32.48,8.091951361394578,54168,0.0000,1.0
2015-03-11,32.6,32.71,31.95,32.56,8.111882276077816,57189,0.0000,1.0
2015-03-12,32.89,33.47,32.48,33.43,8.328630973258027,56988,0.0000,1.0
2015-03-13,33.49,33.49,32.41,33.06,8.236450492848054,33946,0.0000,1.0
2015-03-16,33.13,33.13,31.67,31.79,7.920047222251652,50999,0.0000,1.0
2015-03-17,31.7,32.29,31.54,32.15,8.009736338326222,58480,0.0000,1.0
2015-03-18,32.3,33.96,32.0201,33.95,8.458181918699076,54600,0.0000,1.0
2015-03-19,33.73,33.875,33.0801,33.36,8.311191422910195,36966,0.0000,1.0
2015-03-20,33.47,34.51,33.23,34.36,8.560327856450668,92406,0.0000,1.0
2015-03-23,34.2,35.4,33.96,34.99,8.717283809581167,35460,0.0000,1.0
2015-03-24,34.82,35.48,34.7,35.16,8.759637003283046,47427,0.0000,1.0
2015-03-25,35.31,35.795,34.5,34.72,8.650016972525238,56013,0.0000,1.0
2015-03-26,34.48,34.96,33.93,34.25,8.532922848761217,30362,0.0000,1.0
2015-03-27,34.13,34.48,33.66,34.13,8.50302647673636,40232,0.0000,1.0
2015-03-30,34.27,34.63,34.09,34.34,8.55534512777986,35175,0.0000,1.0
2015-03-31,34.09,34.27,33.7,33.77,8.41333736066179,69099,0.0000,1.0
2015-04-01,33.5,33.81,32.63,33.01,8.223993671171028,49659,0.0000,1.0
2015-04-02,32.88,34.13,32.88,33.76,8.410845996326383,35566,0.0000,1.0
2015-04-06,33.63,34.63,33.63,34.27,8.537905577432026,50009,0.0000,1.0
2015-04-07,34.36,34.99,34.22,34.7,8.64503424385443,71026,0.0000,1.0
2015-04-08,34.57,35.13,34.42,34.89,8.69237016622712,68509,0.0000,1.0
2015-04-09,34.87,35.05,33.975,34.25,8.532922848761217,45805,0.0000,1.0
2015-04-10,34.46,34.62,34.01,34.14,8.505517841071764,50625,0.0000,1.0
2015-04-13,34.06,34.82,33.985,34.57,8.612646507494167,29563,0.0000,1.0
2015-04-14,34.47,35.04,34.29,34.71,8.647525608189834,69916,0.0000,1.0
2015-04-15,35.0,35.13,34.42,34.52,8.600189685817146,141655,0.0000,1.0
2015-04-16,34.34,35.79,34.34,35.63,8.876731127047071,78274,0.0000,1.0
2015-04-17,35.21,35.49,34.3,34.45,8.582750135469311,69112,0.0000,1.0
2015-04-20,34.6,35.16,34.32,34.48,8.590224228475524,52616,0.0000,1.0
2015-04-21,34.32,34.56,33.43,33.78,8.415828724997194,29754,0.0000,1.0
2015-04-22,33.93,33.97,33.215,33.91,8.448216461357454,25467,0.0000,1.0
2015-04-23,33.91,34.95,33.72,34.61,8.622611964835787,44120,0.0000,1.0
2015-04-24,34.64,35.0,34.44,34.7,8.64503424385443,61888,0.0000,1.0
2015-04-27,34.9,35.44,34.51,34.93,8.702335623568738,53735,0.0000,1.0
2015-04-28,34.86,35.4899,34.74,35.32,8.799498832649522,43794,0.0000,1.0
2015-04-29,35.03,35.3299,34.58,34.79,8.667456522873072,17757,0.0000,1.0
2015-04-30,34.57,34.57,33.04,33.19,8.268838229208313,45538,0.0000,1.0
2015-05-01,33.27,33.77,32.54,33.18,8.26634686487291,38619,0.0000,1.0
2015-05-04,33.16,34.18,33.16,33.45,8.333613701928838,42118,0.0000,1.0
2015-05-05,33.25,33.83,32.57,32.91,8.199080027816981,47360,0.0000,1.0
2015-05-06,34.52,36.3999,33.24,35.38,8.814447018661951,110383,0.0000,1.0
2015-05-07,35.3,36.23,35.18,35.74,8.904136134736522,66371,0.0000,1.0
2015-05-08,36.23,36.72,35.855,36.29,9.041161173183783,46740,0.0000,1.0
2015-05-11,36.32,36.37,35.21,35.28,8.789533375307904,48190,0.0000,1.0
2015-05-12,35.14,36.09,34.5,36.01,8.971402971792449,69732,0.0000,1.0
2015-05-13,36.01,36.69,35.79,36.31,9.046143901854592,81286,0.0000,1.0
2015-05-14,36.63,37.65,36.39,37.44,9.327668071755326,54611,0.0000,1.0
2015-05-15,37.48,37.7,36.92,37.39,9.315211250078303,57653,0.0000,1.0
2015-05-18,37.1,37.76,36.28,36.78,9.228013498339138,69766,0.2600,1.0
2015-05-19,36.75,37.216,35.68,36.64,9.192887835213321,41487,0.0000,1.0
2015-05-20,36.86,37.46,36.13,36.81,9.235540426151813,54369,0.0000,1.0
2015-05-21,36.63,38.09,36.5,36.65,9.19539681115088,56464,0.0000,1.0
2015-05-22,36.46,37.89,36.1,36.69,9.205432714901113,46838,0.0000,1.0
2015-05-26,36.41,36.93,35.73,36.41,9.135181388649482,44849,0.0000,1.0
2015-05-27,36.64,37.25,35.5575,36.9,9.258121209589836,65733,0.0000,1.0
2015-05-28,36.72,36.91,35.95,36.68,9.202923738963555,32696,0.0000,1.0
2015-05-29,36.52,36.86,35.69,36.28,9.102564701461226,44472,0.0000,1.0
2015-06-01,36.38,37.0,36.0,36.68,9.202923738963555,24491,0.0000,1.0
2015-06-02,36.42,38.08,36.42,37.37,9.376043078655071,23851,0.0000,1.0
2015-06-03,37.26,37.98,37.04,37.68,9.453821332719377,23546,0.0000,1.0
2015-06-04,37.35,37.654,37.05,37.24,9.343426391466815,32125,0.0000,1.0
2015-06-05,36.96,37.46,36.24,37.39,9.381061030530189,25502,0.0000,1.0
2015-06-08,37.06,37.805,36.95,37.16,9.32335458396635,41936,0.0000,1.0
2015-06-09,37.04,37.73,37.0,37.57,9.426222597406236,41542,0.0000,1.0
2015-06-10,37.57,39.05,37.57,38.88,9.754898445226365,46114,0.0000,1.0
2015-06-11,38.77,39.445,38.5,38.92,9.764934348976597,27573,0.0000,1.0
2015-06-12,38.69,38.81,38.04,38.46,9.649521455848918,29320,0.0000,1.0
2015-06-15,38.09,38.09,36.68,37.11,9.310809704278558,50464,0.0000,1.0
2015-06-16,36.89,37.7,36.748,37.68,9.453821332719377,41882,0.0000,1.0
2015-06-17,37.89,37.89,36.73,37.0,9.283210968965419,29819,0.0000,1.0
2015-06-18,37.02,37.81,36.58,37.45,9.396114886155539,56421,0.0000,1.0
2015-06-19,37.33,37.79,36.74,37.05,9.295755848653208,116524,0.0000,1.0
2015-06-22,37.36,37.544,36.14,36.97,9.275684041152743,116418,0.0000,1.0
2015-06-23,37.17,37.45,36.05,37.31,9.360989223029723,116628,0.0000,1.0
2015-06-24,36.99,37.292,35.55,36.36,9.122636508961692,73687,0.0000,1.0
2015-06-25,36.38,36.38,35.65,35.93,9.014750543646688,41532,0.0000,1.0
2015-06-26,35.86,35.97,35.21,35.82,8.987151808333548,146441,0.0000,1.0
2015-06-29,35.6,35.94,34.47,34.57,8.673529816138771,42934,0.0000,1.0
2015-06-30,34.71,35.29,34.63,35.17,8.824068372392263,59731,0.0000,1.0
2015-07-01,35.41,35.44,34.03,34.31,8.608296441762256,41643,0.0000,1.0
2015-07-02,34.31,34.49,33.63,34.01,8.53302716363551,60867,0.0000,1.0
2015-07-06,33.75,33.8,32.89,33.17,8.32227318488062,33234,0.0000,1.0
2015-07-07,33.0,33.425,32.61,33.2,8.329800112693295,98884,0.0000,1.0
2015-07-08,32.8,33.07,32.15,32.44,8.139117941438869,137703,0.0000,1.0
2015-07-09,32.93,33.16,32.24,32.4,8.129082037688637,96053,0.0000,1.0
2015-07-10,32.94,33.02,32.55,32.73,8.211878243628057,83729,0.0000,1.0
2015-07-13,33.03,33.18,32.62,32.97,8.272093666129454,97030,0.0000,1.0
2015-07-14,33.03,33.34,32.82,33.08,8.299692401442595,58611,0.0000,1.0
2015-07-15,33.0,33.23,32.86,33.02,8.284638545817247,42192,0.0000,1.0
2015-07-16,33.3,33.43,32.97,33.13,8.312237281130386,21960,0.0000,1.0
2015-07-17,33.04,33.11,32.71,32.96,8.269584690191897,85640,0.0000,1.0
2015-07-20,33.15,33.15,32.33,32.84,8.239476978941198,26504,0.0000,1.0
2015-07-21,32.69,33.16,32.44,32.59,8.176752580502244,124874,0.0000,1.0
2015-07-22,32.6,33.19,32.01,32.54,8.164207700814451,154653,0.0000,1.0
2015-07-23,32.5,32.55,30.99,31.08,7.797897213930951,70763,0.0000,1.0
2015-07-24,31.19,31.3,30.0,30.04,7.5369637164248955,83386,0.0000,1.0
2015-07-27,30.0,30.0,29.32,29.47,7.393952087984077,49243,0.0000,1.0
2015-07-28,29.49,29.5,28.66,28.88,7.245922507668142,67758,0.0000,1.0
2015-07-29,28.9,29.5599,28.9,28.98,7.271012267043725,134673,0.0000,1.0
2015-07-30,28.95,29.52,28.74,29.39,7.373880280483612,73040,0.0000,1.0
2015-07-31,29.54,29.86,29.38,29.84,7.486784197673732,48567,0.0000,1.0
2015-08-03,29.63,29.74,28.77,28.88,7.245922507668142,57816,0.0000,1.0
2015-08-04,29.09,29.49,28.62,28.87,7.243413531730584,108521,0.0000,1.0
2015-08-05,32.05,32.05,25.6,26.64,6.683911897655101,392268,0.0000,1.0
2015-08-06,26.83,26.83,25.71,26.09,6.545918221089399,225078,0.0000,1.0
2015-08-07,26.09,27.4,26.09,27.05,6.786779911094988,120204,0.0000,1.0
2015-08-10,27.12,27.79,26.87,27.04,6.78427093515743,89954,0.0000,1.0
2015-08-11,26.88,27.545,26.528,26.99,6.771726055469638,106539,0.0000,1.0
2015-08-12,26.98,27.91,26.85,27.72,6.954881298911388,132857,0.0000,1.0
2015-08-13,27.76,27.76,26.68,27.27,6.841977381721269,67455,0.0000,1.0
2015-08-14,27.36,27.85,26.57,27.61,6.927282563598248,68655,0.0000,1.0
2015-08-17,27.5,27.92,26.426,27.66,7.005060817662553,95968,0.2600,1.0
2015-08-18,27.8,28.285,26.686,27.84,7.050646896736279,69540,0.0000,1.0
2015-08-19,27.81,29.055,27.676,28.49,7.2152632933914,118072,0.0000,1.0
2015-08-20,28.39,28.75,27.92,28.41,7.195002813803078,116435,0.0000,1.0
2015-08-21,28.01,29.81,27.97,29.18,7.390009929840684,89507,0.0000,1.0
2015-08-24,28.05,29.49,28.05,28.43,7.200067933700159,104212,0.0000,1.0
2015-08-25,29.18,29.18,26.993,27.27,6.90629097966948,108831,0.0000,1.0
2015-08-26,27.79,28.64,26.816,28.28,7.1620795344720545,81287,0.0000,1.0
2015-08-27,28.64,28.64,27.46,27.77,7.032918977096497,101906,0.0000,1.0
2015-08-28,27.8,28.76,27.508,28.5,7.217795853339941,98012,0.0000,1.0
2015-08-31,28.58,29.5,28.164,29.36,7.435596008914409,82591,0.0000,1.0
2015-09-01,29.07,29.335,28.06,28.21,7.144351614832272,82085,0.0000,1.0
2015-09-02,28.55,28.55,27.75,28.4,7.1924702538545375,64857,0.0000,1.0
2015-09-03,28.6,28.6,27.53,27.6,6.9898654579713115,51412,0.0000,1.0
2015-09-04,27.44,28.0,27.12,27.85,7.05317945668482,53493,0.0000,1.0
2015-09-08,28.46,28.65,27.75,28.45,7.2051330535972395,78935,0.0000,1.0
2015-09-09,28.77,29.18,28.14,28.55,7.230458653082643,61858,0.0000,1.0
2015-09-10,28.65,28.95,28.29,28.78,7.288707531899071,56440,0.0000,1.0
2015-09-11,28.56,29.075,28.41,28.76,7.28364241200199,74633,0.0000,1.0
2015-09-14,28.73,29.1,28.46,28.63,7.250719132670965,68015,0.0000,1.0
2015-09-15,28.93,29.79,28.505,29.36,7.435596008914409,87778,0.0000,1.0
2015-09-16,29.49,30.455,29.49,30.35,7.686319443819903,72338,0.0000,1.0
2015-09-17,30.18,30.75,29.86,29.92,7.577419366032668,53476,0.0000,1.0
2015-09-18,29.39,29.46,28.84,29.14,7.379879690046522,90271,0.0000,1.0
2015-09-21,29.4,30.43,29.17,29.9,7.572354246135587,63517,0.0000,1.0
2015-09-22,29.77,29.8,29.16,29.47,7.463454168348353,71673,0.0000,1.0
2015-09-23,29.66,29.66,28.46,28.96,7.3342936109727965,84611,0.0000,1.0
2015-09-24,28.89,29.68,28.44,29.65,7.509040247422079,49457,0.0000,1.0
2015-09-25,29.76,30.16,29.02,29.75,7.534365846907482,62767,0.0000,1.0
2015-09-28,29.54,30.17,29.18,30.13,7.630603124952015,56940,0.0000,1.0
2015-09-29,30.35,30.65,30.01,30.42,7.704047363459685,70770,0.0000,1.0
2015-09-30,30.54,30.57,29.91,30.1,7.623005445106394,75403,0.0000,1.0
2015-10-01,30.28,30.46,29.35,29.5,7.471051848193974,53410,0.0000,1.0
2015-10-02,29.25,29.53,28.92,29.5,7.471051848193974,45428,0.0000,1.0
2015-10-05,29.73,31.75,29.73,31.47,7.969966158056419,44063,0.0000,1.0
2015-10-06,31.57,31.97,31.33,31.58,7.9978243174903625,67523,0.0000,1.0
2015-10-07,31.68,32.39,31.14,32.3,8.180168633785266,131858,0.0000,1.0
2015-10-08,32.34,33.28,31.6,33.24,8.418229268948059,43900,0.0000,1.0
2015-10-09,33.37,33.91,32.96,33.73,8.542324706426532,45412,0.0000,1.0
2015-10-12,33.85,33.85,32.7,32.84,8.316926871006446,44561,0.0000,1.0
2015-10-13,32.51,33.38,32.49,33.04,8.36757806997725,66071,0.0000,1.0
2015-10-14,32.92,33.37,32.28,32.3,8.180168633785266,21848,0.0000,1.0
2015-10-15,32.45,33.53,32.21,33.51,8.486608387558647,42561,0.0000,1.0
2015-10-16,33.61,33.61,32.3,32.95,8.344785030440388,44251,0.0000,1.0
2015-10-19,32.82,33.06,32.35,32.97,8.349850150337469,47217,0.0000,1.0
2015-10-20,33.08,33.3,32.058,32.18,8.149777914402783,72423,0.0000,1.0
2015-10-21,32.42,33.23,31.565,31.74,8.038345276667007,83259,0.0000,1.0
2015-10-22,32.0,33.53,31.91,33.43,8.466347907970324,25062,0.0000,1.0
2015-10-23,33.5,33.99,32.83,33.89,8.582845665603179,29601,0.0000,1.0
2015-10-26,33.94,33.98,33.285,33.63,8.516999106941132,35913,0.0000,1.0
2015-10-27,33.55,33.6,31.83,32.05,8.116854635071757,36598,0.0000,1.0
2015-10-28,32.14,33.89,32.14,32.99,8.35491527023455,65510,0.0000,1.0
2015-10-29,32.98,34.32,32.98,33.49,8.481543267661566,45077,0.0000,1.0
2015-10-30,33.56,33.87,33.09,33.32,8.43848974853638,31020,0.0000,1.0
2015-11-02,33.26,34.28,33.26,34.27,8.679082943647712,52020,0.0000,1.0
2015-11-03,34.3,35.0,33.44,33.63,8.516999106941132,50072,0.0000,1.0
2015-11-04,33.8,34.48,33.41,33.63,8.516999106941132,69060,0.0000,1.0
2015-11-05,33.75,34.485,33.27,33.82,8.565117745963397,64111,0.0000,1.0
2015-11-06,33.85,34.02,33.05,33.57,8.50180374724989,51950,0.0000,1.0
2015-11-09,33.58,33.89,32.53,33.32,8.43848974853638,54834,0.0000,1.0
2015-11-10,33.78,33.78,32.91,33.59,8.50686886714697,53289,0.0000,1.0
2015-11-11,33.61,33.64,33.0,33.13,8.390371109514115,30631,0.0000,1.0
2015-11-12,32.74,33.205,32.5,32.69,8.27893847177834,44352,0.0000,1.0
2015-11-13,32.42,33.84,32.42,33.16,8.397968789359734,48054,0.0000,1.0
2015-11-16,32.88,33.56,32.24,33.09,8.446087428382002,36283,0.2600,1.0
2015-11-17,33.13,33.27,32.42,32.89,8.395038244771353,66611,0.0000,1.0
2015-11-18,33.08,33.195,32.25,33.0,8.42311529575721,83092,0.0000,1.0
2015-11-19,32.76,33.07,32.76,32.92,8.40269562231295,45170,0.0000,1.0
2015-11-20,33.12,33.25,32.94,33.03,8.430772673298806,47484,0.0000,1.0
2015-11-23,32.88,34.44,32.82,34.38,8.775354662670694,45184,0.0000,1.0
2015-11-24,34.38,35.0,34.19,34.89,8.905530080877849,47121,0.0000,1.0
2015-11-25,34.86,35.38,34.56,35.22,8.989761233835422,42374,0.0000,1.0
2015-11-27,35.04,35.47,34.78,34.96,8.923397295141577,16716,0.0000,1.0
2015-11-30,34.97,35.68,34.7683,35.11,8.961684182849565,43434,0.0000,1.0
2015-12-01,35.15,35.885,34.5,35.0,8.933607131863706,58647,0.0000,1.0
2015-12-02,30.74,32.32,28.47,28.7,7.3255578481282395,149521,0.0000,1.0
2015-12-03,28.54,29.0001,28.04,28.19,7.195382429921083,140652,0.0000,1.0
2015-12-04,28.07,28.45,27.1,27.2,6.942688971048367,98230,0.0000,1.0
2015-12-07,27.17,27.17,26.13,26.26,6.702757808078313,97369,0.0000,1.0
2015-12-08,26.1,26.8,26.0,26.21,6.68999551217565,84859,0.0000,1.0
2015-12-09,26.06,26.89,26.06,26.51,6.766569287591625,56766,0.0000,1.0
2015-12-10,26.5,27.12,26.23,26.86,6.855905358910261,66120,0.0000,1.0
2015-12-11,26.78,26.96,26.345,26.4,6.738492236605767,54484,0.0000,1.0
2015-12-14,26.51,27.45,26.18,27.04,6.901849624159847,86982,0.0000,1.0
2015-12-15,27.21,27.41,26.22,26.27,6.705310267258845,81843,0.0000,1.0
2015-12-16,26.37,26.81,26.02,26.3,6.712967644800443,71841,0.0000,1.0
2015-12-17,26.5,26.6,25.99,26.02,6.641498787745533,98849,0.0000,1.0
2015-12-18,26.0,26.49,26.0,26.41,6.7410446957863,156085,0.0000,1.0
2015-12-21,26.44,26.73,25.99,26.21,6.68999551217565,40781,0.0000,1.0
2015-12-22,26.16,26.88,26.0,26.79,6.838038144646534,73005,0.0000,1.0
2015-12-23,27.01,27.62,27.01,27.57,7.037129960728069,33472,0.0000,1.0
2015-12-24,27.49,28.08,27.435,27.66,7.060102093352861,18640,0.0000,1.0
2015-12-28,27.5,28.0,27.24,27.81,7.098388981060848,24377,0.0000,1.0
2015-12-29,27.91,28.17,27.06,27.57,7.037129960728069,23832,0.0000,1.0
2015-12-30,27.29,27.5,27.18,27.2,6.942688971048367,27144,0.0000,1.0
2015-12-31,27.04,27.14,26.02,26.03,6.6440512469260655,38308,0.0000,1.0
2016-01-04,25.93,26.47,25.12,26.09,6.659366002009261,51771,0.0000,1.0
2016-01-05,26.01,26.66,25.5,26.03,6.6440512469260655,38565,0.0000,1.0
2016-01-06,25.71,26.79,25.7,26.32,6.718072563161508,47723,0.0000,1.0
2016-01-07,25.94,26.19,25.6,25.75,6.5725823898711555,57484,0.0000,1.0
2016-01-08,25.86,26.14,25.17,25.23,6.439854512483467,102887,0.0000,1.0
2016-01-11,25.23,25.86,24.95,25.53,6.5164282878994415,53562,0.0000,1.0
2016-01-12,25.71,26.571,24.62,24.77,6.322441390178972,62174,0.0000,1.0
2016-01-13,25.25,25.25,24.19,24.35,6.215238104596608,33102,0.0000,1.0
2016-01-14,24.38,24.86,24.07,24.07,6.143769247541698,105901,0.0000,1.0
2016-01-15,23.41,24.27,23.235,23.92,6.105482359833711,55359,0.0000,1.0
2016-01-19,24.07,24.46,23.07,23.18,5.916600380474306,53536,0.0000,1.0
2016-01-20,23.0,23.7,23.0,23.42,5.977859400807087,124824,0.0000,1.0
2016-01-21,23.42,23.98,23.1,23.17,5.914047921293775,273081,0.0000,1.0
2016-01-22,23.61,23.98,23.41,23.89,6.097824982292114,113597,0.0000,1.0
2016-01-25,23.74,23.926,23.28,23.37,5.965097104904424,58685,0.0000,1.0
2016-01-26,23.34,24.08,23.34,24.0,6.125902033277971,91087,0.0000,1.0
2016-01-27,23.87,24.25,23.79,23.85,6.087615145569983,70384,0.0000,1.0
2016-01-28,23.97,24.47,23.97,24.28,6.197370890332881,125576,0.0000,1.0
2016-01-29,24.21,25.37,24.21,25.04,6.391357788053349,126323,0.0000,1.0
2016-02-01,24.74,26.03,24.17,25.23,6.439854512483467,42436,0.0000,1.0
2016-02-02,24.87,27.49,24.87,25.29,6.455169267566661,63844,0.0000,1.0
2016-02-03,23.0,23.67,23.0,23.02,5.875761033585786,278297,0.0000,1.0
2016-02-04,23.0,25.73,23.0,24.8,6.330098767720569,126735,0.0000,1.0
2016-02-05,24.87,26.51,24.87,25.99,6.633841410203935,163771,0.0000,1.0
2016-02-08,25.71,26.465,24.69,25.8,6.585344685773818,129250,0.0000,1.0
2016-02-09,25.45,26.08,25.11,25.82,6.590449604134883,43477,0.0000,1.0
2016-02-10,26.01,26.64,25.1,26.52,6.769121746772157,174805,0.0000,1.0
2016-02-11,26.16,26.86,25.565,25.99,6.633841410203935,63551,0.0000,1.0
2016-02-12,25.87,26.2,25.3998,26.16,6.743597154966833,108960,0.2600,1.0
2016-02-16,26.14,26.77,25.4,26.05,6.715241050721943,92444,0.0000,1.0
2016-02-17,26.28,26.93,25.975,26.34,6.78999805282211,82246,0.0000,1.0
2016-02-18,26.49,26.62,25.55,26.18,6.748752810284087,84615,0.0000,1.0
2016-02-19,25.94,26.72,25.78,26.19,6.751330637942713,38855,0.0000,1.0
2016-02-22,26.4,27.2,25.09,26.35,6.792575880480737,23632,0.0000,1.0
2016-02-23,26.14,26.64,25.63,25.71,6.627594910328643,41684,0.0000,1.0
2016-02-24,25.43,26.02,25.23,25.98,6.697196257111558,33618,0.0000,1.0
2016-02-25,26.38,26.38,25.455,25.78,6.645639703939028,29117,0.0000,1.0
2016-02-26,25.88,26.56,25.48,25.88,6.671417980525293,31280,0.0000,1.0
2016-02-29,25.86,26.97,25.86,26.47,6.823509812384254,55226,0.0000,1.0
2016-03-01,26.53,27.53,26.39,27.28,7.032313852732998,77987,0.0000,1.0
2016-03-02,27.27,27.93,27.27,27.88,7.186983512250586,29678,0.0000,1.0
2016-03-03,27.98,28.64,27.84,27.99,7.215339616495476,60080,0.0000,1.0
2016-03-04,26.085,28.65,26.085,27.95,7.205028305860971,54423,0.0000,1.0
2016-03-07,27.65,29.12,27.49,29.1,7.501478486603015,54095,0.0000,1.0
2016-03-08,28.11,29.01,28.11,28.41,7.323608378157789,54902,0.0000,1.0
2016-03-09,28.51,29.12,28.21,28.49,7.3442309994268,53701,0.0000,1.0
2016-03-10,28.24,28.47,27.52,27.92,7.197294822885092,52652,0.0000,1.0
2016-03-11,28.2,28.94,27.93,28.9,7.449921933430485,44374,0.0000,1.0
2016-03-14,28.85,29.46,28.59,28.85,7.437032795137354,29458,0.0000,1.0
2016-03-15,28.13,29.4,28.13,28.6,7.372587103671692,32615,0.0000,1.0
2016-03-16,28.35,28.65,28.35,28.57,7.364853620695812,23212,0.0000,1.0
2016-03-17,28.55,29.91,28.37,29.45,7.591702454654941,53017,0.0000,1.0
2016-03-18,29.69,29.69,28.64,29.19,7.524678935530653,91530,0.0000,1.0
2016-03-21,28.91,29.39,28.705,28.89,7.447344105771859,39980,0.0000,1.0
2016-03-22,28.62,28.99,28.1,28.74,7.408676690892461,51938,0.0000,1.0
2016-03-23,28.68,29.25,28.45,28.93,7.457655416406364,46605,0.0000,1.0
2016-03-24,28.9,29.88,28.31,29.84,7.692237733341373,48389,0.0000,1.0
2016-03-28,30.04,30.2599,28.4,29.36,7.568502005727303,38788,0.0000,1.0
2016-03-29,29.34,30.13,29.08,29.9,7.7077046992931315,43143,0.0000,1.0
2016-03-30,29.91,30.17,29.5,29.97,7.725749492903517,34211,0.0000,1.0
2016-03-31,29.91,30.41,29.685,29.81,7.684504250365493,64922,0.0000,1.0
2016-04-01,29.71,30.37,28.3801,30.21,7.787617356710553,48749,0.0000,1.0
2016-04-04,30.29,30.51,28.845,29.01,7.478278037675377,66212,0.0000,1.0
2016-04-05,28.73,29.77,28.59,29.31,7.55561286743417,54986,0.0000,1.0
2016-04-06,29.36,29.51,28.52,28.99,7.473122382358123,42436,0.0000,1.0
2016-04-07,28.74,28.95,28.13,28.39,7.318452722840536,132803,0.0000,1.0
2016-04-08,28.805,29.28,28.25,28.79,7.421565829185594,38385,0.0000,1.0
2016-04-11,28.84,29.64,28.84,29.01,7.478278037675377,34234,0.0000,1.0
2016-04-12,28.95,30.35,28.95,29.93,7.715438182269011,39167,0.0000,1.0
2016-04-13,29.29,30.64,29.29,30.29,7.8082399779795635,31394,0.0000,1.0
2016-04-14,30.19,30.65,29.92,30.24,7.7953508396864315,37789,0.0000,1.0
2016-04-15,30.06,30.72,30.06,30.34,7.821129116272696,48432,0.0000,1.0
2016-04-18,30.35,30.56,29.965,30.28,7.805662150320938,27003,0.0000,1.0
2016-04-19,29.77,30.69,29.77,30.27,7.803084322662311,33223,0.0000,1.0
2016-04-20,30.12,30.55,29.58,29.77,7.674192939730988,73012,0.0000,1.0
2016-04-21,29.91,30.63,26.22,29.67,7.648414663144724,87645,0.0000,1.0
2016-04-22,29.51,30.83,29.2527,30.6,7.888152635396985,90439,0.0000,1.0
2016-04-25,30.6,30.76,29.76,30.34,7.821129116272696,40796,0.0000,1.0
2016-04-26,30.34,31.35,30.34,31.33,8.076334054476716,38611,0.0000,1.0
2016-04-27,31.18,31.99,31.14,31.9,8.223270231018425,28475,0.0000,1.0
2016-04-28,31.5,31.98,31.02,31.05,8.004154880035175,49396,0.0000,1.0
2016-04-29,31.32,31.59,30.63,31.12,8.022199673645561,22251,0.0000,1.0
2016-05-02,31.19,31.71,30.93,31.26,8.058289260866331,37337,0.0000,1.0
2016-05-03,31.07,32.0099,30.05,30.32,7.815973460955443,29828,0.0000,1.0
2016-05-04,33.6,34.6,31.78,32.42,8.357317269267002,117161,0.0000,1.0
2016-05-05,32.71,33.33,31.68,32.35,8.339272475656616,61302,0.0000,1.0
2016-05-06,32.092,33.1,31.99,33.0,8.506831273467336,78854,0.0000,1.0
2016-05-09,33.14,34.3,32.89,33.73,8.695012692547067,106687,0.0000,1.0
2016-05-10,34.08,34.3799,33.24,33.74,8.697590520205695,44386,0.0000,1.0
2016-05-11,33.77,34.12,33.5,33.65,8.674390071278056,48972,0.0000,1.0
2016-05-12,33.87,34.406,33.14,33.48,8.630567001081406,40024,0.0000,1.0
2016-05-13,33.29,33.99,33.01,33.21,8.560965654298492,53346,0.0000,1.0
2016-05-16,32.89,33.51,32.2239,33.43,8.684701381912562,79637,0.2600,1.0
2016-05-17,33.24,33.36,32.45,33.17,8.617156591027213,103673,0.0000,1.0
2016-05-18,33.03,33.15,32.52,32.89,8.544416046996835,64457,0.0000,1.0
2016-05-19,32.74,33.364,32.25,32.61,8.471675502966457,48085,0.0000,1.0
2016-05-20,32.84,33.77,32.61,33.61,8.731463160217805,80431,0.0000,1.0
2016-05-23,33.69,34.4581,33.39,33.65,8.741854666507859,80318,0.0000,1.0
2016-05-24,34.05,35.75,33.98,35.45,9.209472449560286,116067,0.0000,1.0
2016-05-25,35.69,36.13,35.65,35.96,9.341964154758474,54682,0.0000,1.0
2016-05-26,36.21,36.5899,35.65,35.81,9.302996006170773,72684,0.0000,1.0
2016-05-27,35.66,36.0,35.51,35.67,9.266625734155582,40395,0.0000,1.0
2016-05-31,35.49,35.88,35.2198,35.6,9.248440598147988,57439,0.0000,1.0
2016-06-01,35.27,35.83,35.01,35.11,9.121144646094827,109834,0.0000,1.0
2016-06-02,35.11,36.15,35.08,36.14,9.388725933063716,34457,0.0000,1.0
2016-06-03,36.21,36.44,35.49,35.88,9.321181142178366,48917,0.0000,1.0
2016-06-06,35.9,36.84,35.63,36.8,9.560185786849605,56977,0.0000,1.0
2016-06-07,36.8,37.25,36.18,36.95,9.59915393543731,75397,0.0000,1.0
2016-06-08,37.0,38.17,36.9701,37.8,9.819973444100953,53323,0.0000,1.0
2016-06-09,37.66,37.79,37.07,37.59,9.765418036078172,40614,0.0000,1.0
2016-06-10,37.22,37.65,36.41,37.34,9.700471121765334,46275,0.0000,1.0
2016-06-13,37.5,37.63,36.63,37.37,9.708264751482874,59689,0.0000,1.0
2016-06-14,37.2,38.2899,36.8,37.65,9.781005295513252,67973,0.0000,1.0
2016-06-15,37.64,37.95,37.42,37.58,9.762820159505656,41755,0.0000,1.0
2016-06-16,37.29,37.55,36.49,37.47,9.734243517208009,28817,0.0000,1.0
2016-06-17,37.58,38.3199,37.55,37.57,9.760222282933144,53706,0.0000,1.0
2016-06-20,38.06,39.0,37.99,38.36,9.965454532161708,41037,0.0000,1.0
2016-06-21,38.46,38.46,37.66,37.84,9.830364950391008,35237,0.0000,1.0
2016-06-22,38.08,38.66,37.54,37.93,9.85374583954363,31757,0.0000,1.0
2016-06-23,38.44,38.71,37.74,38.42,9.98104179159679,28989,0.0000,1.0
2016-06-24,37.0,37.61,36.44,36.68,9.529011267979444,92119,0.0000,1.0
2016-06-27,36.1,36.67,35.57,36.18,9.39911743935377,55399,0.0000,1.0
2016-06-28,36.74,37.27,36.59,36.83,9.567979416567146,59653,0.0000,1.0
2016-06-29,37.25,38.01,36.85,37.75,9.806984061238387,63580,0.0000,1.0
2016-06-30,38.0,39.47,37.8,39.34,10.22004643626803,137517,0.0000,1.0
2016-07-01,39.44,40.05,38.97,39.29,10.207057053405462,28696,0.0000,1.0
2016-07-05,39.17,39.43,38.62,39.23,10.19146979397038,68291,0.0000,1.0
2016-07-06,38.0,38.55,36.02,36.14,9.388725933063716,101708,0.0000,1.0
2016-07-07,36.13,36.54,35.95,36.23,9.412106822216337,47581,0.0000,1.0
2016-07-08,36.55,37.17,36.1891,36.99,9.609545441727363,34200,0.0000,1.0
2016-07-11,37.04,37.85,37.04,37.56,9.75762440636063,26086,0.0000,1.0
2016-07-12,37.52,38.2,37.52,37.72,9.799190431520845,32554,0.0000,1.0
2016-07-13,37.84,38.06,37.15,37.86,9.835560703536034,42003,0.0000,1.0
2016-07-14,38.01,38.25,37.58,37.68,9.788798925230791,71402,0.0000,1.0
2016-07-15,37.91,38.18,37.6501,37.71,9.796592554948333,38771,0.0000,1.0
2016-07-18,37.87,38.23,37.616,37.71,9.796592554948333,49485,0.0000,1.0
2016-07-19,37.8,38.23,37.63,37.76,9.809581937810899,54800,0.0000,1.0
2016-07-20,37.94,38.055,37.36,37.5,9.742037146925549,39135,0.0000,1.0
2016-07-21,37.28,37.8,37.18,37.37,9.708264751482874,33314,0.0000,1.0
2016-07-22,37.33,37.33,36.381,36.69,9.531609144551958,28829,0.0000,1.0
2016-07-25,36.69,37.319,36.48,36.69,9.531609144551958,29778,0.0000,1.0
2016-07-26,37.14,37.14,36.51,36.73,9.542000650842011,28877,0.0000,1.0
2016-07-27,36.76,37.2399,36.6001,36.78,9.554990033704579,37690,0.0000,1.0
2016-07-28,36.71,37.05,36.37,36.54,9.492640995964255,34183,0.0000,1.0
2016-07-29,36.49,37.09,36.22,36.84,9.57057729313966,31866,0.0000,1.0
2016-08-01,36.66,37.12,36.21,36.51,9.484847366246715,30480,0.0000,1.0
2016-08-02,36.7,36.72,35.6,35.61,9.2510384747205,20834,0.0000,1.0
2016-08-03,38.88,40.96,35.66,35.89,9.32377901875088,172943,0.0000,1.0
2016-08-04,35.82,36.35,34.66,35.05,9.105557386659745,86337,0.0000,1.0
2016-08-05,35.14,36.94,35.05,36.54,9.492640995964255,52940,0.0000,1.0
2016-08-08,36.67,37.0,36.61,36.78,9.554990033704579,35472,0.0000,1.0
2016-08-09,36.66,37.1,36.58,36.94,9.596556058864794,72794,0.0000,1.0
2016-08-10,36.96,37.24,36.55,36.98,9.606947565154847,34082,0.0000,1.0
2016-08-11,36.98,37.99,36.91,37.57,9.760222282933144,48187,0.0000,1.0
2016-08-12,37.62,37.82,37.33,37.56,9.75762440636063,26299,0.0000,1.0
2016-08-15,37.42,38.34,37.42,38.11,9.968052408734222,38031,0.2600,1.0
2016-08-16,37.89,39.0,37.89,38.84,10.15899122422559,37994,0.0000,1.0
2016-08-17,38.77,39.77,38.77,39.54,10.342083239080322,37299,0.0000,1.0
2016-08-18,39.68,40.28,39.31,40.19,10.512097252874005,80078,0.0000,1.0
2016-08-19,39.99,40.97,38.87,40.87,10.68995806730432,65210,0.0000,1.0
2016-08-22,40.81,40.81,40.1,40.29,10.53825325499611,28632,0.0000,1.0
2016-08-23,40.54,41.0,40.44,40.5,10.59318085945253,25529,0.0000,1.0
2016-08-24,40.77,40.93,40.34,40.43,10.574871657967057,23003,0.0000,1.0
2016-08-25,40.54,40.91,40.52,40.75,10.658570864757793,32995,0.0000,1.0
2016-08-26,40.67,41.1,39.85,40.14,10.499019251812953,28303,0.0000,1.0
2016-08-29,40.05,40.55,39.91,40.35,10.553946856269373,19665,0.0000,1.0
2016-08-30,40.33,40.4,40.02,40.25,10.527790854147268,22500,0.0000,1.0
2016-08-31,40.21,40.21,39.45,39.75,10.397010843536744,29270,0.0000,1.0
2016-09-01,39.67,39.86,39.23,39.83,10.417935645234428,28695,0.0000,1.0
2016-09-02,39.81,40.57,39.81,40.39,10.564409257118216,17794,0.0000,1.0
2016-09-06,40.39,40.43,39.34,39.58,10.352545639929165,31611,0.0000,1.0
2016-09-07,39.55,40.42,39.33,40.3,10.54086885520832,56300,0.0000,1.0
2016-09-08,40.23,40.29,39.71,40.0,10.462400848842005,34211,0.0000,1.0
2016-09-09,39.59,40.48,37.9,37.93,9.920971604914433,38387,0.0000,1.0
2016-09-12,37.74,38.84,37.74,38.84,10.15899122422559,35602,0.0000,1.0
2016-09-13,38.63,38.63,37.26,37.33,9.764035592181802,22669,0.0000,1.0
2016-09-14,37.32,37.77,37.02,37.21,9.732648389635276,38089,0.0000,1.0
2016-09-15,37.15,38.2,37.15,38.1,9.96543680852201,21735,0.0000,1.0
2016-09-16,38.36,38.82,37.24,38.315,10.021672213084535,93397,0.0000,1.0
2016-09-19,38.45,38.67,34.4,37.67,9.85296599939696,25674,0.0000,1.0
2016-09-20,37.83,38.41,37.71,38.26,10.007286411917379,49936,0.0000,1.0
2016-09-21,38.33,38.8,38.16,38.55,10.083138818071482,42716,0.0000,1.0
2016-09-22,38.95,39.7,38.15,39.6,10.357776840353587,28535,0.0000,1.0
2016-09-23,39.35,39.35,38.6,38.83,10.156375624013377,32032,0.0000,1.0
2016-09-26,38.85,39.03,38.22,38.29,10.01513321255401,24447,0.0000,1.0
2016-09-27,38.34,39.28,37.94,38.68,10.11714162083022,36088,0.0000,1.0
2016-09-28,38.62,39.28,38.07,39.2,10.253152831865167,34865,0.0000,1.0
2016-09-29,38.95,39.67,37.79,39.33,10.287155634623902,18613,0.0000,1.0
2016-09-30,39.51,40.19,39.22,40.05,10.475478849903057,30765,0.0000,1.0
2016-10-03,40.36,40.67,39.89,40.0,10.462400848842005,30438,0.0000,1.0
2016-10-04,40.18,40.53,39.34,39.49,10.32900523801927,18042,0.0000,1.0
2016-10-05,39.67,40.33,39.4,39.82,10.415320045022217,24484,0.0000,1.0
2016-10-06,39.49,40.45,39.49,40.04,10.472863249690848,35411,0.0000,1.0
2016-10-07,39.88,39.88,38.83,38.92,10.179916025923273,29802,0.0000,1.0
2016-10-10,38.97,39.69,38.97,39.28,10.27407763356285,31702,0.0000,1.0
2016-10-11,39.28,39.3,37.89,38.03,9.947127607036538,27727,0.0000,1.0
2016-10-12,37.89,38.065,37.14,37.84,9.897431203004539,44171,0.0000,1.0
2016-10-13,37.66,38.09,37.5172,37.56,9.824194397062644,32793,0.0000,1.0
2016-10-14,37.84,38.51,37.56,37.84,9.897431203004539,19790,0.0000,1.0
2016-10-17,37.91,38.34,37.18,37.38,9.777113593242856,36579,0.0000,1.0
2016-10-18,37.56,37.56,37.0,37.05,9.690798786239908,17606,0.0000,1.0
2016-10-19,37.01,38.2,37.01,37.83,9.894815602792328,23807,0.0000,1.0
2016-10-20,37.54,37.73,36.79,37.63,9.842503598548118,26356,0.0000,1.0
2016-10-21,37.32,37.64,34.521,37.41,9.784960393879485,25383,0.0000,1.0
2016-10-24,37.45,37.46,36.85,37.01,9.680336385391065,23999,0.0000,1.0
2016-10-25,36.74,37.0,36.26,36.39,9.518169172234016,26430,0.0000,1.0
2016-10-26,36.0,37.0,35.77,35.81,9.366464359925807,66423,0.0000,1.0
2016-10-27,36.03,36.73,35.25,35.65,9.324614756530437,35140,0.0000,1.0
2016-10-28,35.35,35.94,35.2,35.24,9.217375147829808,41312,0.0000,1.0
2016-10-31,35.5,35.85,34.97,35.39,9.256609151012965,25520,0.0000,1.0
2016-11-01,35.35,36.04,34.74,34.81,9.104904338704756,38996,0.0000,1.0
2016-11-02,34.84,35.8599,34.84,35.15,9.193834745919913,33935,0.0000,1.0
2016-11-03,35.36,35.8899,35.19,35.38,9.253993550800756,25537,0.0000,1.0
2016-11-04,35.43,36.38,35.43,35.74,9.348155158440333,36419,0.0000,1.0
2016-11-07,36.32,37.71,36.22,37.51,9.81111639600159,25197,0.0000,1.0
2016-11-08,37.32,38.33,36.9,37.94,9.923587205126642,29847,0.0000,1.0
2016-11-09,37.45,40.17,37.45,39.98,10.457169648417585,39144,0.0000,1.0
2016-11-10,40.47,41.6,37.93,41.49,10.85212528046137,58051,0.0000,1.0
2016-11-11,41.03,43.0,40.55,42.99,11.244465312292947,72099,0.0000,1.0
2016-11-14,42.9,44.96,41.34,43.34,11.404016925237787,34733,0.2600,1.0
2016-11-15,42.66,43.395,42.58,42.71,11.238245567072125,27459,0.0000,1.0
2016-11-16,42.37,42.61,41.02,41.19,10.83828927435497,55356,0.0000,1.0
2016-11-17,41.4,41.701,40.76,41.06,10.804082486162057,49501,0.0000,1.0
2016-11-18,40.97,41.21,40.3,41.1,10.814607651759877,77565,0.0000,1.0
2016-11-21,41.18,42.0,41.16,41.92,11.030373546515182,29916,0.0000,1.0
2016-11-22,41.731,43.79,41.69,43.62,11.477693084422524,34139,0.0000,1.0
2016-11-23,43.37,44.15,42.63,43.98,11.572419574802902,25194,0.0000,1.0
2016-11-25,43.62,44.28,43.48,44.28,11.651358316786553,16221,0.0000,1.0
2016-11-28,43.84,44.57,43.78,44.11,11.606626362995819,34841,0.0000,1.0
2016-11-29,43.93,44.9,43.16,43.21,11.369810137044873,34491,0.0000,1.0
2016-11-30,43.72,44.235,42.89,43.04,11.325078183254137,23390,0.0000,1.0
2016-12-01,43.15,44.18,43.15,44.04,11.588207323199633,42288,0.0000,1.0
2016-12-02,43.86,44.24,43.36,43.38,11.414542090835607,30814,0.0000,1.0
2016-12-05,43.67,44.59,43.67,44.47,11.701352853376196,36457,0.0000,1.0
2016-12-06,44.73,47.24,44.2075,46.68,12.282868252655742,102598,0.0000,1.0
2016-12-07,46.2,46.2,39.22,39.93,10.506746558023647,271522,0.0000,1.0
2016-12-08,40.2,40.7,39.39,39.6,10.419913941841633,122501,0.0000,1.0
2016-12-09,39.75,40.16,39.3,39.62,10.425176524640541,106230,0.0000,1.0
2016-12-12,39.51,39.81,39.22,39.64,10.430439107439453,66810,0.0000,1.0
2016-12-13,39.5,39.5,39.0,39.48,10.388338445048172,58189,0.0000,1.0
2016-12-14,39.28,39.6499,39.0101,39.14,10.298874537466704,55075,0.0000,1.0
2016-12-15,39.43,39.6,39.2,39.52,10.398863610645993,106159,0.0000,1.0
2016-12-16,39.64,39.64,39.23,39.36,10.356762948254714,166158,0.0000,1.0
2016-12-19,39.65,40.18,39.61,39.72,10.451489438635091,152498,0.0000,1.0
2016-12-20,39.83,40.1,39.52,39.66,10.43570169023836,63855,0.0000,1.0
2016-12-21,39.77,40.08,39.18,39.87,10.490958809626916,71998,0.0000,1.0
2016-12-22,39.89,40.03,39.545,39.7,10.446226855836183,28023,0.0000,1.0
2016-12-23,39.68,39.75,39.27,39.52,10.398863610645993,54849,0.0000,1.0
2016-12-27,39.39,40.385,39.0701,39.62,10.425176524640541,58746,0.0000,1.0
2016-12-28,39.69,40.12,39.01,39.4,10.367288113852533,51430,0.0000,1.0
2016-12-29,39.81,39.885,39.26,39.55,10.406757484844357,54353,0.0000,1.0
2016-12-30,39.68,39.89,38.91,39.0,10.262036457874334,40353,0.0000,1.0
2017-01-03,39.59,39.59,38.32,39.5,10.393601027847083,79024,0.0000,1.0
2017-01-04,39.59,40.08,39.4004,39.9,10.49885268382528,235178,0.0000,1.0
2017-01-05,39.9,40.1,38.97,39.27,10.33308132565962,42694,0.0000,1.0
2017-01-06,39.49,40.02,39.075,39.37,10.359394239654169,38851,0.0000,1.0
2017-01-09,39.41,39.41,38.51,38.76,10.198885464287416,50933,0.0000,1.0
2017-01-10,38.75,39.85,38.45,39.0,10.262036457874334,62298,0.0000,1.0
2017-01-11,39.4,39.53,38.4,39.52,10.398863610645993,79315,0.0000,1.0
2017-01-12,38.49,40.01,38.49,39.85,10.485696226828006,33043,0.0000,1.0
2017-01-13,39.9,40.24,39.81,40.0,10.52516559781983,45788,0.0000,1.0
2017-01-17,39.71,39.83,39.28,39.34,10.351500365455804,41000,0.0000,1.0
2017-01-18,39.59,40.2,39.28,39.94,10.5093778494231,31551,0.0000,1.0
2017-01-19,39.97,40.15,38.601,38.84,10.219935795483057,45148,0.0000,1.0
2017-01-20,38.81,39.52,38.78,39.11,10.29098066326834,31178,0.0000,1.0
2017-01-23,38.86,39.15,38.471,38.89,10.233092252480331,40404,0.0000,1.0
2017-01-24,38.93,39.59,38.895,39.26,10.330450034260164,45356,0.0000,1.0
2017-01-25,39.52,40.15,39.52,40.0,10.52516559781983,37042,0.0000,1.0
2017-01-26,39.9,40.01,39.58,39.95,10.512009140822556,42627,0.0000,1.0
2017-01-27,39.72,40.09,39.6116,39.81,10.475171061230187,27576,0.0000,1.0
2017-01-30,39.54,39.54,38.06,38.3,10.077846059912487,48587,0.0000,1.0
2017-01-31,38.03,38.665,37.71,38.48,10.125209305102675,35840,0.0000,1.0
2017-02-01,38.67,39.45,38.19,38.84,10.219935795483057,22746,0.0000,1.0
2017-02-02,38.23,38.42,37.5,38.12,10.030482814722298,27561,0.0000,1.0
2017-02-03,38.49,39.69,38.22,39.59,10.417282650442178,41333,0.0000,1.0
2017-02-06,39.21,39.375,38.46,38.63,10.164678676094502,23668,0.0000,1.0
2017-02-07,38.82,39.39,38.26,38.35,10.091002516909763,30334,0.0000,1.0
2017-02-08,38.5,38.5,34.5,35.17,9.254251851883087,118705,0.0000,1.0
2017-02-09,35.17,35.39,35.1,35.22,9.267408308880361,108986,0.0000,1.0
2017-02-10,35.45,35.82,34.75,34.92,9.188469566896712,79140,0.0000,1.0
2017-02-13,34.77,34.9,34.24,34.38,9.114793407711973,75785,0.2600,1.0
2017-02-14,34.24,34.27,33.8,34.11,9.043211260530988,60774,0.0000,1.0
2017-02-15,33.92,34.33,33.73,34.21,9.069723166894317,27687,0.0000,1.0
2017-02-16,33.52,34.92,33.52,33.79,8.95837316016834,43054,0.0000,1.0
2017-02-17,33.73,34.15,33.51,34.12,9.045862451167322,33885,0.0000,1.0
2017-02-21,34.5878,35.17,34.1001,34.47,9.138654123438968,60509,0.0000,1.0
2017-02-22,34.26,34.5,33.985,34.18,9.061769594985318,34126,0.0000,1.0
2017-02-23,34.27,34.27,33.37,33.57,8.90004696616902,28475,0.0000,1.0
2017-02-24,33.23,33.73,33.15,33.68,8.92921006316868,21232,0.0000,1.0
2017-02-27,33.66,34.02,33.39,33.55,8.894744584896355,56991,0.0000,1.0
2017-02-28,33.59,33.595,32.43,32.64,8.653486236990076,29775,0.0000,1.0
2017-03-01,33.15,33.96,33.15,33.83,8.968977922713671,35765,0.0000,1.0
2017-03-02,33.68,33.9,33.55,33.67,8.926558872532349,19335,0.0000,1.0
2017-03-03,33.51,33.93,33.51,33.87,8.979582685259002,34568,0.0000,1.0
2017-03-06,33.0258,33.7599,33.0258,33.6,8.908000538078019,27724,0.0000,1.0
2017-03-07,33.39,33.77,33.265,33.5,8.881488631714692,31736,0.0000,1.0
2017-03-08,33.6,33.76,33.16,33.2,8.80195291262471,36772,0.0000,1.0
2017-03-09,33.29,33.41,32.37,32.54,8.626974330626748,53168,0.0000,1.0
2017-03-10,32.36,32.8875,32.1,32.47,8.608415996172418,41691,0.0000,1.0
2017-03-13,32.51,32.95,32.48,32.66,8.65878861826274,21516,0.0000,1.0
2017-03-14,32.3,32.56,31.98,32.41,8.592508852354422,22513,0.0000,1.0
2017-03-15,32.52,33.53,32.52,33.26,8.817860056442704,29127,0.0000,1.0
2017-03-16,33.48,33.7,33.27,33.31,8.83111600962437,17722,0.0000,1.0
2017-03-17,33.3,33.75,32.9515,33.3,8.828464818988037,90204,0.0000,1.0
2017-03-20,33.17,33.36,32.66,32.78,8.690602905898734,37887,0.0000,1.0
2017-03-21,32.48,32.62,31.28,31.3,8.298226691721489,34783,0.0000,1.0
2017-03-22,31.67,31.68,30.49,30.86,8.181574303722847,31168,0.0000,1.0
2017-03-23,30.96,31.45,30.68,31.26,8.287621929176158,17214,0.0000,1.0
2017-03-24,31.34,31.52,31.05,31.14,8.255807641540164,32990,0.0000,1.0
2017-03-27,30.845,31.78,30.68,31.74,8.414879079720128,94716,0.0000,1.0
2017-03-28,31.56,32.75,31.35,32.37,8.581904089809091,66323,0.0000,1.0
2017-03-29,32.31,33.07,31.97,32.91,8.725068384171058,33155,0.0000,1.0
2017-03-30,32.93,33.94,32.88,33.72,8.939814825714011,41288,0.0000,1.0
2017-03-31,33.75,34.64,33.54,34.44,9.13070055152997,97048,0.0000,1.0
2017-04-03,34.47,34.74,33.26,33.41,8.857627915987695,50234,0.0000,1.0
2017-04-04,33.36,34.365,33.33,33.99,9.011396972894996,54253,0.0000,1.0
2017-04-05,34.21,34.7,33.75,34.07,9.032606497985658,63055,0.0000,1.0
2017-04-06,34.37,34.4,33.67,34.03,9.022001735440327,26518,0.0000,1.0
2017-04-07,34.06,34.26,33.76,33.78,8.955721969532009,31889,0.0000,1.0
2017-04-10,33.8654,34.34,33.43,33.7,8.934512444441348,33401,0.0000,1.0
2017-04-11,33.55,34.49,33.44,34.16,9.056467213712653,35265,0.0000,1.0
2017-04-12,34.02,34.02,33.11,33.31,8.83111600962437,16705,0.0000,1.0
2017-04-13,32.98,33.22,32.27,32.44,8.60046242426342,23809,0.0000,1.0
2017-04-17,32.44,33.19,32.4,33.08,8.770138624988716,15896,0.0000,1.0
2017-04-18,33.0,33.18,32.83,33.06,8.76483624371605,16791,0.0000,1.0
2017-04-19,33.48,33.72,33.04,33.13,8.78339457817038,23914,0.0000,1.0
2017-04-20,33.53,33.94,33.05,33.67,8.926558872532349,18526,0.0000,1.0
2017-04-21,33.58,34.29,33.4185,34.12,9.045862451167322,29853,0.0000,1.0
2017-04-24,34.69,34.76,34.07,34.58,9.167817220438627,36078,0.0000,1.0
2017-04-25,34.95,36.01,34.92,35.58,9.432936284071902,28350,0.0000,1.0
2017-04-26,35.43,36.05,35.24,35.43,9.39316842452691,40069,0.0000,1.0
2017-04-27,35.56,35.56,35.098,35.45,9.398470805799578,10577,0.0000,1.0
2017-04-28,35.51,35.51,34.43,34.49,9.143956504711634,25619,0.0000,1.0
2017-05-01,34.83,34.83,34.28,34.54,9.157212457893296,12952,0.0000,1.0
2017-05-02,34.45,34.73,34.04,34.3,9.09358388262131,18893,0.0000,1.0
2017-05-03,38.73,38.73,33.76,34.1,9.040560069894656,67989,0.0000,1.0
2017-05-04,34.25,34.26,33.39,33.77,8.953070778895677,19414,0.0000,1.0
2017-05-05,34.04,34.07,33.35,33.85,8.974280303986339,34525,0.0000,1.0
2017-05-08,33.82,34.25,33.71,34.06,9.029955307349326,22480,0.0000,1.0
2017-05-09,34.06,34.24,33.62,33.63,8.915954109987018,36131,0.0000,1.0
2017-05-10,33.55,34.66,33.5,34.53,9.154561267256964,19827,0.0000,1.0
2017-05-11,34.26,34.84,34.03,34.49,9.143956504711634,25657,0.0000,1.0
2017-05-12,34.46,34.9,34.05,34.29,9.090932691984978,36451,0.0000,1.0
2017-05-15,34.075,34.36,33.7,34.24,9.146607695347965,27570,0.2600,1.0
2017-05-16,34.04,34.07,33.25,33.54,8.95961513148279,26328,0.0000,1.0
2017-05-17,32.86,32.9,32.3201,32.33,8.636385128230131,24424,0.0000,1.0
2017-05-18,32.07,32.66,32.07,32.275,8.621692855355011,21554,0.0000,1.0
2017-05-19,32.52,32.755,31.85,32.1,8.574944714388717,23680,0.0000,1.0
2017-05-22,32.05,32.6,31.83,32.43,8.663098351639443,32867,0.0000,1.0
2017-05-23,32.3,32.65,32.075,32.36,8.644399095252925,18713,0.0000,1.0
2017-05-24,31.82,33.69,31.7501,33.21,8.871461494232065,99729,0.0000,1.0
2017-05-25,33.53,33.53,32.69,32.855,8.776629551129012,14382,0.0000,1.0
2017-05-26,32.9997,32.9997,32.36,32.78,8.75659463357203,13071,0.0000,1.0
2017-05-30,32.66,33.13,32.39,32.65,8.721867443139926,18533,0.0000,1.0
2017-05-31,32.193,33.38,32.193,32.93,8.796664468685996,34729,0.0000,1.0
2017-06-01,32.96,33.38,32.56,33.34,8.906188684664171,23566,0.0000,1.0
2017-06-02,33.51,34.8,33.18,33.25,8.88214678359579,29697,0.0000,1.0
2017-06-05,33.0,33.49,32.83,33.005,8.816699386242979,25311,0.0000,1.0
2017-06-06,32.63,33.465,32.24,32.85,8.775293889958547,26159,0.0000,1.0
2017-06-07,31.9,32.83,31.9,32.17,8.593643970775236,13373,0.0000,1.0
2017-06-08,32.1,34.035,32.1,33.34,8.906188684664171,21146,0.0000,1.0
2017-06-09,33.59,34.68,33.59,34.42,9.194691497484724,25417,0.0000,1.0
2017-06-12,34.37,35.1,33.65,33.74,9.013041578301413,26823,0.0000,1.0
2017-06-13,33.2501,34.74,33.2501,33.65,8.988999677233032,25812,0.0000,1.0
2017-06-14,33.64,34.01,32.025,33.28,8.890160750618584,28182,0.0000,1.0
2017-06-15,32.54,33.5,32.54,32.98,8.81002108039065,15430,0.0000,1.0
2017-06-16,32.79,33.0,32.3101,32.82,8.767279922935755,34986,0.0000,1.0
2017-06-19,32.2801,33.0,32.2801,32.94,8.799335791026927,9553,0.0000,1.0
2017-06-20,32.32,35.06,31.77,31.83,8.502819011183579,19140,0.0000,1.0
2017-06-21,31.82,32.06,31.01,31.12,8.313155124977474,15896,0.0000,1.0
2017-06-22,31.2,31.72,31.14,31.52,8.420008018614716,13154,0.0000,1.0
2017-06-23,31.57,33.04,31.54,32.86,8.777965212299478,48141,0.0000,1.0
2017-06-26,32.62,32.97,32.05,32.2,8.601657937798029,21926,0.0000,1.0
2017-06-27,31.37,32.45,31.34,32.15,8.588301326093372,13484,0.0000,1.0
2017-06-28,32.2,33.04,32.2,32.68,8.729881410162719,28630,0.0000,1.0
2017-06-29,32.66,32.66,31.7,32.19,8.598986615457097,30421,0.0000,1.0
2017-06-30,32.18,32.58,31.9,31.99,8.545560168638476,21378,0.0000,1.0
2017-07-03,32.16,32.89,32.12,32.53,8.689811575048754,13283,0.0000,1.0
2017-07-05,32.46,32.56,31.43,32.38,8.649741739934788,32338,0.0000,1.0
2017-07-06,32.05,32.58,31.69,32.23,8.60967190482082,20032,0.0000,1.0
2017-07-07,32.06,33.18,31.99,32.25,8.615014549502684,17040,0.0000,1.0
2017-07-10,32.14,32.15,31.31,31.98,8.542888846297545,32579,0.0000,1.0
2017-07-11,31.97,32.31,31.3,32.31,8.63104248354827,35283,0.0000,1.0
2017-07-12,32.43,32.9,31.95,32.55,8.695154219730615,17730,0.0000,1.0
2017-07-13,32.75,34.9091,32.09,32.55,8.695154219730615,26368,0.0000,1.0
2017-07-14,32.22,32.95,32.22,32.72,8.740566699526443,14090,0.0000,1.0
2017-07-17,32.53,33.06,32.11,32.8,8.76193727825389,19239,0.0000,1.0
2017-07-18,32.72,32.74,32.26,32.73,8.743238021867374,15584,0.0000,1.0
2017-07-19,32.7,33.5399,32.7,33.29,8.892832072959514,12983,0.0000,1.0
2017-07-20,33.28,33.67,32.5,33.37,8.914202651686962,24323,0.0000,1.0
2017-07-21,33.42,33.55,32.96,33.41,8.924887941050686,27693,0.0000,1.0
2017-07-24,33.4,33.4696,32.25,32.3,8.628371161207339,26530,0.0000,1.0
2017-07-25,32.5,33.57,32.5,33.4,8.922216618709756,27350,0.0000,1.0
2017-07-26,33.45,33.5699,32.28,32.62,8.713853476117132,16287,0.0000,1.0
2017-07-27,32.77,33.95,32.39,33.01,8.818035047413444,23417,0.0000,1.0
2017-07-28,32.86,33.02,32.43,32.8,8.76193727825389,15551,0.0000,1.0
2017-07-31,33.415,33.415,31.61,31.85,8.508161655865441,43704,0.0000,1.0
2017-08-01,32.36,32.63,31.73,32.11,8.577616036729648,24121,0.0000,1.0
2017-08-02,32.23,32.73,31.675,32.3,8.628371161207339,22617,0.0000,1.0
2017-08-03,32.22,32.41,31.8,32.13,8.582958681411512,27650,0.0000,1.0
2017-08-04,32.16,33.8499,32.16,33.45,8.935573230414413,31982,0.0000,1.0
2017-08-07,33.28,33.7,33.02,33.47,8.940915875096273,21391,0.0000,1.0
2017-08-08,33.85,33.85,32.78,32.98,8.81002108039065,21873,0.0000,1.0
2017-08-09,31.25,32.63,30.665,32.08,8.569602069706855,57547,0.0000,1.0
2017-08-10,31.89,32.63,31.2149,32.21,8.60432926013896,39319,0.0000,1.0
2017-08-11,32.59,32.59,31.29,31.58,8.436035952660301,55011,0.0000,1.0
2017-08-14,32.12,32.24,31.6,31.85,8.508161655865441,49221,0.0000,1.0
2017-08-15,31.82,31.87,30.37,30.63,8.18226033027185,64854,0.0000,1.0
2017-08-16,30.7,31.24,28.93,29.12,7.77889065679126,91714,0.0000,1.0
2017-08-17,29.25,29.79,28.97,29.33,7.8349884259508125,69763,0.0000,1.0
2017-08-18,29.2,29.2,28.02,28.05,7.493059166311636,55017,0.0000,1.0
2017-08-21,28.0,28.0,27.74,27.76,7.4850451992888445,34993,0.2600,1.0
2017-08-22,27.82,28.1,26.76,27.33,7.369102496273923,45964,0.0000,1.0
2017-08-23,27.1,27.555,27.075,27.425,7.39471774461443,28395,0.0000,1.0
2017-08-24,27.65,27.825,27.52,27.54,7.425725676816094,53316,0.0000,1.0
2017-08-25,27.66,28.66,27.66,28.13,7.584809850720288,58129,0.0000,1.0
2017-08-28,28.03,28.45,27.7925,28.35,7.644129373193039,225135,0.0000,1.0
2017-08-29,28.23,29.97,28.16,28.94,7.803213547097232,58017,0.0000,1.0
2017-08-30,28.91,29.31,28.1,28.62,7.716930605318686,27732,0.0000,1.0
2017-08-31,28.66,28.77,28.05,28.47,7.676485476359993,70146,0.0000,1.0
2017-09-01,28.46,28.89,28.2,28.8,7.7654647600691185,46188,0.0000,1.0
2017-09-05,28.81,28.94,28.07,28.21,7.606380586164924,28525,0.0000,1.0
2017-09-06,28.56,28.62,28.09,28.21,7.606380586164924,28389,0.0000,1.0
2017-09-07,28.32,28.32,26.95,27.36,7.377191522065662,87953,0.0000,1.0
2017-09-08,27.37,27.49,26.96,27.28,7.355620786621026,62613,0.0000,1.0
2017-09-11,27.47,28.35,27.47,28.0,7.549757405622754,48024,0.0000,1.0
2017-09-12,28.06,28.52,27.96,28.23,7.611773270026084,27528,0.0000,1.0
2017-09-13,28.09,28.71,28.09,28.63,7.719626947249266,42685,0.0000,1.0
2017-09-14,28.77,29.1,28.3,28.65,7.725019631110424,37341,0.0000,1.0
2017-09-15,28.72,29.3,28.4,28.9,7.792428179374913,107801,0.0000,1.0
2017-09-18,29.05,29.37,28.9433,29.18,7.867925753431141,32726,0.0000,1.0
2017-09-19,29.31,29.31,28.911,29.14,7.857140385708823,22283,0.0000,1.0
2017-09-20,29.13,29.26,28.32,28.4,7.657611082845936,30293,0.0000,1.0
2017-09-21,28.5,29.03,28.35,28.9,7.792428179374913,35127,0.0000,1.0
2017-09-22,28.89,29.15,28.775,28.89,7.789731837444334,16299,0.0000,1.0
2017-09-25,28.88,29.27,28.83,29.06,7.835569650264186,21671,0.0000,1.0
2017-09-26,29.12,29.36,28.95,29.23,7.881407463084039,24654,0.0000,1.0
2017-09-27,29.19,29.96,28.95,29.66,7.997350166098959,33150,0.0000,1.0
2017-09-28,29.85,30.22,29.29,30.0,8.089025791738665,28279,0.0000,1.0
2017-09-29,30.09,30.09,29.66,29.99,8.086329449808085,26919,0.0000,1.0
2017-10-02,30.05,30.26,29.17,30.03,8.097114817530404,137822,0.0000,1.0
2017-10-03,30.1,30.59,30.09,30.49,8.221146546337062,48314,0.0000,1.0
2017-10-04,31.12,31.12,30.332,30.59,8.248109965642858,76045,0.0000,1.0
2017-10-05,30.6,31.21,30.28,30.36,8.186094101239528,19790,0.0000,1.0
2017-10-06,30.2,30.2,29.685,29.76,8.024313585404755,27761,0.0000,1.0
2017-10-09,29.77,29.99,29.45,29.68,8.002742849960118,17140,0.0000,1.0
2017-10-10,29.61,30.1,29.57,29.91,8.064758714363448,51819,0.0000,1.0
2017-10-11,30.0,30.16,29.77,29.9,8.06206237243287,33078,0.0000,1.0
2017-10-12,30.16,30.55,29.81,30.11,8.11868555297504,48385,0.0000,1.0
2017-10-13,30.13,30.43,29.75,29.91,8.064758714363448,64475,0.0000,1.0
2017-10-16,30.12,31.29,29.25,29.65,7.99465382416838,31999,0.0000,1.0
2017-10-17,29.31,29.31,28.74,28.93,7.800517205166652,22249,0.0000,1.0
2017-10-18,28.95,30.105,28.25,28.31,7.633344005470719,25323,0.0000,1.0
2017-10-19,28.32,28.54,27.78,28.24,7.614469611956663,26167,0.0000,1.0
2017-10-20,28.53,29.0,28.35,28.43,7.665700108637674,33496,0.0000,1.0
2017-10-23,28.86,28.89,28.055,28.15,7.590202534581446,35022,0.0000,1.0
2017-10-24,28.39,28.76,28.03,28.35,7.644129373193039,35824,0.0000,1.0
2017-10-25,28.17,28.79,27.93,28.3,7.630647663540141,102485,0.0000,1.0
2017-10-26,28.38,29.11,28.07,28.96,7.808606230958391,40257,0.0000,1.0
2017-10-27,28.88,29.42,28.65,28.67,7.730412314971584,44446,0.0000,1.0
2017-10-30,28.265,28.64,27.35,28.06,7.565935457206231,49664,0.0000,1.0
2017-10-31,28.07,29.08,28.035,28.98,7.81399891481955,68057,0.0000,1.0
2017-11-01,29.14,30.11,28.58,28.92,7.7978208632360735,48847,0.0000,1.0
2017-11-02,28.91,29.72,28.91,29.28,7.894889172736937,28789,0.0000,1.0
2017-11-03,29.16,29.45,28.01,28.42,7.663003766707095,36903,0.0000,1.0
2017-11-06,28.47,28.92,28.0,28.83,7.773553785860856,34812,0.0000,1.0
2017-11-07,28.86,29.0,28.08,28.19,7.600987902303766,38624,0.0000,1.0
2017-11-08,28.14,28.2651,27.1975,28.0,7.549757405622754,32334,0.0000,1.0
2017-11-09,27.91,28.23,27.38,27.56,7.431118360677253,25257,0.0000,1.0
2017-11-10,27.46,28.42,27.46,27.79,7.493134225080583,46869,0.0000,1.0
2017-11-13,27.71,28.1341,27.605,27.69,7.466170805774787,28994,0.0000,1.0
2017-11-14,27.55,28.13,27.2,27.55,7.428422018746674,22719,0.0000,1.0
2017-11-15,27.32,28.07,26.75,26.85,7.239678083606105,31820,0.0000,1.0
2017-11-16,26.87,27.96,26.87,27.54,7.425725676816094,58523,0.0000,1.0
2017-11-17,27.36,27.71,27.36,27.38,7.382584205926821,40557,0.0000,1.0
2017-11-20,27.41,27.92,27.41,27.7,7.538972037900436,24395,0.2600,1.0
2017-11-21,27.83,28.71,27.83,28.22,7.680497866770769,51631,0.0000,1.0
2017-11-22,28.28,28.78,27.87,28.24,7.685941167881166,33090,0.0000,1.0
2017-11-24,28.27,28.41,27.83,28.2,7.675054565660372,8697,0.0000,1.0
2017-11-27,28.2,28.54,27.81,28.15,7.661446312884378,36207,0.0000,1.0
2017-11-28,28.32,28.78,27.99,28.56,7.773033985647525,55480,0.0000,1.0
2017-11-29,28.62,28.98,28.37,28.55,7.770312335092327,30370,0.0000,1.0
2017-11-30,28.77,28.77,27.76,28.07,7.639673108442789,46423,0.0000,1.0
2017-12-01,28.09,28.7,27.68,28.53,7.76486903398193,35819,0.0000,1.0
2017-12-04,28.88,29.2,28.5,29.06,7.909116513407461,44736,0.0000,1.0
2017-12-05,29.07,29.07,28.01,28.28,7.696827770101962,50811,0.0000,1.0
2017-12-06,25.81,28.8899,22.8,28.32,7.707714372322757,388427,0.0000,1.0
2017-12-07,28.24,28.91,26.395,27.99,7.617899904001199,62522,0.0000,1.0
2017-12-08,28.13,28.66,27.93,28.04,7.631508156777192,51198,0.0000,1.0
2017-12-11,28.15,28.94,27.8,28.45,7.74309582954034,51838,0.0000,1.0
2017-12-12,28.49,29.27,28.16,28.82,7.843796900082692,49083,0.0000,1.0
2017-12-13,28.88,29.46,28.42,28.66,7.800250491199513,71844,0.0000,1.0
2017-12-14,28.73,29.33,28.46,28.9,7.865570104524282,60148,0.0000,1.0
2017-12-15,28.9,29.71,28.54,29.27,7.966271175066634,180333,0.0000,1.0
2017-12-18,29.56,29.56,28.3,28.59,7.781198937313122,92376,0.0000,1.0
2017-12-19,28.64,29.2,28.22,28.59,7.781198937313122,39926,0.0000,1.0
2017-12-20,28.7,28.82,28.03,28.53,7.76486903398193,24403,0.0000,1.0
2017-12-21,28.62,29.35,28.22,29.14,7.930889717849051,59841,0.0000,1.0
2017-12-22,29.16,29.16,28.39,28.82,7.843796900082692,36006,0.0000,1.0
2017-12-26,28.81,29.2,28.46,29.12,7.925446416738654,27519,0.0000,1.0
2017-12-27,28.83,29.47,28.7,28.91,7.868291755079481,22927,0.0000,1.0
2017-12-28,28.93,29.18,28.74,29.17,7.939054669514648,54502,0.0000,1.0
2017-12-29,29.17,29.26,28.58,28.65,7.797528840644314,62586,0.0000,1.0
2018-01-02,28.76,29.45,28.5,28.95,7.879178357300275,49059,0.0000,1.0
2018-01-03,28.94,29.71,26.44,29.26,7.963549524511436,40976,0.0000,1.0
2018-01-04,29.3,29.7,28.85,29.47,8.020704186170608,40244,0.0000,1.0
2018-01-05,29.54,29.69,28.95,29.32,7.9798794278426275,27503,0.0000,1.0
2018-01-08,29.19,29.3,28.83,29.11,7.922724766183455,32804,0.0000,1.0
2018-01-09,29.1,29.16,28.78,28.84,7.84924020119309,30665,0.0000,1.0
2018-01-10,28.76,29.23,28.5,29.1,7.920003115628257,27748,0.0000,1.0
2018-01-11,29.11,30.01,28.35,29.88,8.132291858933755,62139,0.0000,1.0
2018-01-12,29.94,30.92,29.62,30.76,8.371797107791243,51539,0.0000,1.0
2018-01-16,31.0,32.45,30.99,31.51,8.575920899431146,116007,0.0000,1.0
2018-01-17,31.67,32.46,31.59,32.2,8.763714787739858,55269,0.0000,1.0
2018-01-18,32.19,32.53,31.68,32.11,8.739219932743069,43675,0.0000,1.0
2018-01-19,32.17,33.29,32.17,33.09,9.005941687152543,58485,0.0000,1.0
2018-01-22,33.02,33.7,31.65,32.12,8.741941583298267,51355,0.0000,1.0
2018-01-23,32.04,32.26,31.63,32.02,8.714725077746282,63216,0.0000,1.0
2018-01-24,32.07,34.02,32.07,32.41,8.82086944939903,49616,0.0000,1.0
2018-01-25,32.64,32.75,31.66,32.41,8.82086944939903,49302,0.0000,1.0
2018-01-26,32.52,32.7,32.27,32.52,8.850807605506217,59765,0.0000,1.0
2018-01-29,32.33,33.02,32.18,32.5,8.845364304395819,30318,0.0000,1.0
2018-01-30,32.44,32.85,32.2,32.57,8.864415858282209,58983,0.0000,1.0
2018-01-31,32.86,32.97,32.39,32.59,8.869859159392607,29533,0.0000,1.0
2018-02-01,32.48,32.68,32.0,32.6,8.872580809947806,40424,0.0000,1.0
2018-02-02,32.29,32.6,31.8,32.04,8.720168378856677,90315,0.0000,1.0
2018-02-05,32.08,32.1,30.38,30.45,8.287425940580082,53669,0.0000,1.0
2018-02-06,29.8,30.78,28.49,30.05,8.178559918372134,52047,0.0000,1.0
2018-02-07,28.8,30.53,28.15,29.94,8.148621762264948,91054,0.0000,1.0
2018-02-08,29.96,30.61,28.86,28.94,7.876456706745077,63051,0.0000,1.0
2018-02-09,29.42,29.42,28.47,28.64,7.794807190089116,93098,0.0000,1.0
2018-02-12,28.74,28.77,27.83,28.11,7.650559710663583,80800,0.0000,1.0
2018-02-13,27.83,28.06,27.36,27.85,7.579796796228417,64383,0.0000,1.0
2018-02-14,27.49,28.04,27.07,27.91,7.596126699559609,74028,0.0000,1.0
2018-02-15,28.1,28.32,27.61,28.08,7.642394758997987,52279,0.0000,1.0
2018-02-16,27.96,28.8,27.85,28.17,7.666889613994776,53823,0.0000,1.0
2018-02-20,27.82,28.24,27.56,27.74,7.620621554556399,45450,0.2600,1.0
2018-02-21,27.78,28.37,27.39,27.42,7.532712437849188,34524,0.0000,1.0
2018-02-22,27.56,27.99,26.806,27.64,7.593149955585396,89451,0.0000,1.0
2018-02-23,27.8,27.81,27.33,27.69,7.6068857550708975,40353,0.0000,1.0
2018-02-26,27.75,28.09,27.65,27.92,7.670070432704206,30384,0.0000,1.0
2018-02-27,27.92,28.31,27.48,27.5,7.55468971702599,32714,0.0000,1.0
2018-02-28,27.56,27.85,26.48,26.63,7.315686805978259,48565,0.0000,1.0
2018-03-01,26.73,27.02,26.45,26.65,7.321181125772459,55033,0.0000,1.0
2018-03-02,26.45,27.49,26.16,27.15,7.458539120627478,142850,0.0000,1.0
2018-03-05,27.0,27.8,26.85,27.56,7.571172676408592,72089,0.0000,1.0
2018-03-06,27.63,27.96,27.02,27.59,7.579414156099894,42556,0.0000,1.0
2018-03-07,27.38,27.88,27.38,27.86,7.653587473321603,30927,0.0000,1.0
2018-03-08,27.97,28.43,27.68,28.32,7.77995682858822,20683,0.0000,1.0
2018-03-09,28.49,29.04,28.33,28.81,7.914567663546137,29661,0.0000,1.0
2018-03-12,28.76,29.14,28.58,29.0,7.966763701591044,21236,0.0000,1.0
2018-03-13,29.12,29.48,28.88,29.03,7.975005181282346,25665,0.0000,1.0
2018-03-14,29.15,29.25,28.52,28.64,7.867865945295431,75511,0.0000,1.0
2018-03-15,28.69,28.9,27.96,28.18,7.741496590028815,32035,0.0000,1.0
2018-03-16,28.14,28.75,27.9,28.59,7.85413014580993,68049,0.0000,1.0
2018-03-19,28.6,29.36,28.3,28.75,7.898084704163535,38956,0.0000,1.0
2018-03-20,28.8,29.09,28.39,28.49,7.826658546838925,32491,0.0000,1.0
2018-03-21,28.48,29.05,28.48,28.63,7.865118785398331,16934,0.0000,1.0
2018-03-22,28.3,28.66,27.67,27.67,7.601391435276697,34964,0.0000,1.0
2018-03-23,27.81,28.3,27.1,27.19,7.46952776021588,29643,0.0000,1.0
2018-03-26,27.59,28.16,27.11,27.87,7.656334633218704,57505,0.0000,1.0
2018-03-27,27.87,28.27,27.14,27.68,7.604138595173797,64447,0.0000,1.0
2018-03-28,27.7,28.08,27.03,27.3,7.499746519083984,130146,0.0000,1.0
2018-03-29,27.39,28.09,26.65,26.84,7.373377163817366,275128,0.0000,1.0
2018-04-02,26.82,27.76,26.54,27.13,7.453044800833277,67256,0.0000,1.0
2018-04-03,26.87,27.89,26.33,27.4,7.527218118054987,45595,0.0000,1.0
2018-04-04,27.15,28.4,27.15,28.2,7.746990909823015,56209,0.0000,1.0
2018-04-05,28.19,28.89,27.25,28.76,7.9008318640606365,75339,0.0000,1.0
2018-04-06,28.56,29.08,28.23,28.69,7.881601744780934,55654,0.0000,1.0
2018-04-09,28.86,29.21,28.35,28.94,7.9502807422084425,75194,0.0000,1.0
2018-04-10,29.2,29.71,29.08,29.4,8.076650097475058,23442,0.0000,1.0
2018-04-11,29.25,29.51,29.0,29.48,8.098627376651862,24572,0.0000,1.0
2018-04-12,30.08,30.18,29.49,29.78,8.181042173564872,56528,0.0000,1.0
2018-04-13,29.86,30.7,29.54,29.71,8.16181205428517,34797,0.0000,1.0
2018-04-16,29.74,30.2,29.74,30.03,8.249721170992382,20356,0.0000,1.0
2018-04-17,30.2,30.38,29.81,30.23,8.30466436893439,35235,0.0000,1.0
2018-04-18,30.15,30.81,29.64,30.45,8.365101886670596,53945,0.0000,1.0
2018-04-19,30.66,31.13,30.66,30.95,8.502459881525615,37926,0.0000,1.0
2018-04-20,30.99,31.18,30.44,30.97,8.507954201319816,59958,0.0000,1.0
2018-04-23,30.96,31.2,30.54,31.07,8.535425800290819,29376,0.0000,1.0
2018-04-24,31.17,31.48,30.55,31.14,8.554655919570521,32596,0.0000,1.0
2018-04-25,31.15,31.34,30.85,30.98,8.510701361216915,35705,0.0000,1.0
2018-04-26,31.16,31.16,30.73,30.96,8.505207041422715,23693,0.0000,1.0
2018-04-27,30.97,31.02,30.46,30.56,8.3953206455387,29507,0.0000,1.0
2018-04-30,30.25,30.55,29.95,30.05,8.255215490786583,31918,0.0000,1.0
2018-05-01,29.98,30.23,29.2,30.17,8.288181409551788,28346,0.0000,1.0
2018-05-02,30.14,30.73,30.14,30.33,8.332135967905392,19012,0.0000,1.0
2018-05-03,29.88,30.62,29.88,30.13,8.277192769963385,17003,0.0000,1.0
2018-05-04,30.08,31.18,30.08,30.69,8.431033724201006,24476,0.0000,1.0
2018-05-07,30.71,31.45,30.36,31.26,8.587621838335727,28833,0.0000,1.0
2018-05-08,31.22,31.69,30.84,31.58,8.675530955042937,23223,0.0000,1.0
2018-05-09,33.3,36.16,33.3,35.91,9.865051190487392,52325,0.0000,1.0
2018-05-10,35.65,36.9,34.57,36.78,10.104054101535125,62603,0.0000,1.0
2018-05-11,36.69,36.69,35.89,36.16,9.933730187914902,38804,0.0000,1.0
2018-05-14,36.15,36.67,35.6,35.76,9.823843792030887,51082,0.0000,1.0
2018-05-15,35.46,35.84,34.91,35.1,9.642531238822265,24874,0.0000,1.0
2018-05-16,35.09,35.79,34.9,35.21,9.672749997690369,81203,0.0000,1.0
2018-05-17,35.21,35.87,34.84,34.93,9.595829520571558,70044,0.0000,1.0
2018-05-18,35.09,35.24,34.58,34.62,9.510667563761446,36890,0.0000,1.0
2018-05-21,34.8,35.41,34.8,35.24,9.680991477381669,39584,0.0000,1.0
2018-05-22,35.37,35.37,34.72,34.87,9.650772718513563,25174,0.2600,1.0
2018-05-23,34.69,35.24,34.63,34.65,9.589884562560798,27880,0.0000,1.0
2018-05-24,34.67,34.67,33.95,34.12,9.443199459583676,49691,0.0000,1.0
2018-05-25,33.92,34.06,33.69,33.98,9.404452451250098,25437,0.0000,1.0
2018-05-29,33.85,33.96,33.26,33.57,9.29097906970176,43401,0.0000,1.0
2018-05-30,33.57,34.0,33.46,33.87,9.374008373273714,66187,0.0000,1.0
2018-05-31,33.75,34.17,33.54,33.81,9.357402512559323,39531,0.0000,1.0
2018-06-01,33.99,34.57,33.49,34.32,9.498552328631646,84383,0.0000,1.0
2018-06-04,34.31,37.23,34.31,36.25,10.032707514944557,99351,0.0000,1.0
2018-06-05,36.3,37.04,36.1,36.83,10.19323083518367,41515,0.0000,1.0
2018-06-06,37.04,38.17,35.57,36.68,10.151716183397692,90641,0.0000,1.0
2018-06-07,36.67,37.54,36.3,36.55,10.115736818516512,54027,0.0000,1.0
2018-06-08,36.54,36.72,35.77,36.19,10.016101654230166,42419,0.0000,1.0
2018-06-11,36.23,36.73,35.58,35.93,9.944142924467805,52491,0.0000,1.0
2018-06-12,36.04,36.05,35.52,35.76,9.89709298577703,23515,0.0000,1.0
2018-06-13,35.32,36.05,35.32,35.74,9.891557698872234,41961,0.0000,1.0
2018-06-14,35.8,36.05,35.61,36.01,9.966284072086992,34514,0.0000,1.0
2018-06-15,35.89,36.05,35.52,35.66,9.869416551253044,60248,0.0000,1.0
2018-06-18,35.6,35.88,35.22,35.69,9.87771948161024,31775,0.0000,1.0
2018-06-19,35.48,35.5,34.94,35.07,9.706125587561534,34729,0.0000,1.0
2018-06-20,35.17,35.39,34.7,35.1,9.71442851791873,50073,0.0000,1.0
2018-06-21,35.19,35.65,34.43,34.73,9.612025710179985,56745,0.0000,1.0
2018-06-22,34.83,35.2,34.17,34.7,9.60372277982279,70103,0.0000,1.0
2018-06-25,34.43,35.07,34.04,34.84,9.64246978815637,41401,0.0000,1.0
2018-06-26,34.9,35.55,34.79,35.21,9.744872595895114,18000,0.0000,1.0
2018-06-27,34.95,35.25,34.69,34.71,9.606490423275188,57293,0.0000,1.0
2018-06-28,34.71,35.14,34.25,34.92,9.664610935775558,41320,0.0000,1.0
2018-06-29,34.96,35.76,34.67,34.83,9.63970214470397,33507,0.0000,1.0
2018-07-02,34.7,35.01,34.47,35.01,9.689519726847143,21048,0.0000,1.0
2018-07-03,35.08,35.25,34.7,34.77,9.62309628398958,21944,0.0000,1.0
2018-07-05,34.98,35.25,34.83,35.2,9.742104952442716,25621,0.0000,1.0
2018-07-06,35.19,35.25,34.84,34.97,9.67844915303755,26492,0.0000,1.0
2018-07-09,35.01,35.98,35.01,35.88,9.930304707205813,48461,0.0000,1.0
2018-07-10,35.95,36.78,35.49,36.26,10.035475158396956,42706,0.0000,1.0
2018-07-11,35.96,36.32,35.63,35.86,9.924769420301015,23355,0.0000,1.0
2018-07-12,36.11,36.25,35.51,35.81,9.910931203039024,14768,0.0000,1.0
2018-07-13,36.42,36.45,35.75,36.16,10.00779872387297,12130,0.0000,1.0
2018-07-16,36.17,36.17,35.09,35.29,9.767013743514301,29804,0.0000,1.0
2018-07-17,35.26,36.05,35.12,35.26,9.758710813157105,26397,0.0000,1.0
2018-07-18,35.43,35.55,35.08,35.3,9.769781386966699,10521,0.0000,1.0
2018-07-19,35.21,35.57,34.99,35.08,9.708893231013933,21438,0.0000,1.0
2018-07-20,35.16,35.18,34.63,35.09,9.711660874466332,32099,0.0000,1.0
2018-07-23,35.06,36.48,35.06,35.71,9.88325476851504,40086,0.0000,1.0
2018-07-24,35.81,36.01,35.44,35.6,9.852810690538655,14013,0.0000,1.0
2018-07-25,35.59,36.1,35.28,35.93,9.944142924467805,16689,0.0000,1.0
2018-07-26,35.92,36.5,35.92,36.3,10.04654573220655,12403,0.0000,1.0
2018-07-27,36.29,36.7,35.08,35.29,9.767013743514301,29346,0.0000,1.0
2018-07-30,35.59,35.9,35.24,35.45,9.811296038752678,29819,0.0000,1.0
2018-07-31,35.71,36.71,35.29,36.65,10.143413253040496,45361,0.0000,1.0
2018-08-01,36.68,36.74,35.7,36.45,10.088060383992527,19349,0.0000,1.0
2018-08-02,36.05,36.76,36.05,36.75,10.171089687564482,17098,0.0000,1.0
2018-08-03,36.74,37.2,36.3,36.97,10.23197784351725,20773,0.0000,1.0
2018-08-06,36.93,37.09,36.16,37.0,10.240280773874444,43203,0.0000,1.0
2018-08-07,36.96,38.47,36.06,37.84,10.47276282387592,59040,0.0000,1.0
2018-08-08,39.5,41.42,37.53,40.08,11.092714957213182,128906,0.0000,1.0
2018-08-09,40.26,41.31,40.08,40.65,11.250470633999896,45847,0.0000,1.0
2018-08-10,40.49,40.85,39.9,40.29,11.15083546971355,27845,0.0000,1.0
2018-08-13,40.3,40.58,39.3,40.32,11.159138400070747,33208,0.0000,1.0
2018-08-14,40.0,40.61,39.68,40.2,11.125926678641965,36550,0.0000,1.0
2018-08-15,40.14,40.26,39.17,39.68,10.982009219117241,25526,0.0000,1.0
2018-08-16,39.98,40.38,39.15,40.05,11.084412026855986,46269,0.0000,1.0
2018-08-17,40.24,40.46,39.49,39.88,11.037362088165212,33355,0.0000,1.0
2018-08-20,39.94,40.31,38.84,40.15,11.11208846137997,39593,0.0000,1.0
2018-08-21,39.94,40.67,39.7,40.07,11.161906043523146,40773,0.2600,1.0
2018-08-22,40.02,40.5,39.98,40.36,11.242688493052013,24399,0.0000,1.0
2018-08-23,40.35,40.86,39.8,40.13,11.178619653770498,29687,0.0000,1.0
2018-08-24,40.17,40.36,39.81,40.08,11.164691645231036,16008,0.0000,1.0
2018-08-27,40.38,40.7,39.96,40.29,11.223189281096769,17439,0.0000,1.0
2018-08-28,40.43,40.88,40.25,40.66,11.326256544288771,12329,0.0000,1.0
2018-08-29,40.74,40.75,40.1,40.23,11.206475670849416,32819,0.0000,1.0
2018-08-30,40.17,40.49,39.51,39.66,11.047696373499573,24442,0.0000,1.0
2018-08-31,39.46,40.95,38.88,39.15,10.905630686397084,27551,0.0000,1.0
2018-09-04,39.11,39.17,38.15,38.5,10.724566575384106,26357,0.0000,1.0
2018-09-05,38.47,39.61,37.26,38.53,10.732923380507781,21080,0.0000,1.0
2018-09-06,38.59,40.04,38.04,38.26,10.657712134394698,18350,0.0000,1.0
2018-09-07,38.26,38.26,37.57,37.92,10.56300167632637,19729,0.0000,1.0
2018-09-10,37.65,38.54,37.24,38.12,10.61871371048421,17062,0.0000,1.0
2018-09-11,38.13,38.69,37.6,38.0,10.585286489989507,23282,0.0000,1.0
2018-09-12,38.03,38.03,37.0,37.18,10.356867149942364,23561,0.0000,1.0
2018-09-13,37.4,37.41,36.59,36.88,10.273299098705605,18452,0.0000,1.0
2018-09-14,36.84,37.61,36.52,36.9,10.278870302121389,24287,0.0000,1.0
2018-09-17,36.77,38.92,35.95,36.49,10.164660632097819,46395,0.0000,1.0
2018-09-18,36.59,37.31,36.02,36.15,10.06995017402949,27206,0.0000,1.0
2018-09-19,36.2,37.84,35.88,35.88,9.994738927916408,40700,0.0000,1.0
2018-09-20,35.88,36.71,35.11,35.7,9.944598097174353,28027,0.0000,1.0
2018-09-21,35.66,36.71,35.45,35.5,9.888886063016512,84821,0.0000,1.0
2018-09-24,35.34,35.34,34.34,34.5,9.610325892227316,112067,0.0000,1.0
2018-09-25,34.64,35.03,33.91,33.95,9.457117798293257,47097,0.0000,1.0
2018-09-26,33.94,37.46,33.46,33.6,9.359621738517038,47370,0.0000,1.0
2018-09-27,33.68,34.04,33.29,33.94,9.454332196585364,22310,0.0000,1.0
2018-09-28,33.86,36.28,33.55,36.26,10.100591792816303,62457,0.0000,1.0
2018-10-01,36.38,36.41,34.81,34.89,9.718964358835102,52012,0.0000,1.0
2018-10-02,34.88,35.69,34.56,35.08,9.771890791285049,46338,0.0000,1.0
2018-10-03,35.19,35.64,34.02,35.28,9.82760282544289,27719,0.0000,1.0
2018-10-04,35.29,35.7,34.33,34.69,9.663252324677263,12205,0.0000,1.0
2018-10-05,34.7,34.7,33.56,34.2,9.526757840990557,18985,0.0000,1.0
2018-10-08,34.17,34.54,33.46,33.84,9.426476179506446,21199,0.0000,1.0
2018-10-09,33.84,34.4,33.42,33.64,9.370764145348605,24634,0.0000,1.0
2018-10-10,33.55,34.65,32.57,32.74,9.120059991638328,37640,0.0000,1.0
2018-10-11,32.64,32.84,31.73,31.77,8.849856625972805,42372,0.0000,1.0
2018-10-12,32.25,32.25,30.99,31.09,8.660435709836152,19014,0.0000,1.0
2018-10-15,31.08,31.86,30.96,31.05,8.649293303004583,11756,0.0000,1.0
2018-10-16,31.19,31.35,31.0,31.21,8.693862930330855,34425,0.0000,1.0
2018-10-17,31.25,32.36,31.25,32.14,8.95292388916481,29153,0.0000,1.0
2018-10-18,32.0,32.15,30.8,31.19,8.688291726915072,18132,0.0000,1.0
2018-10-19,31.18,31.18,30.15,30.52,8.501656412486309,40477,0.0000,1.0
2018-10-22,30.56,30.98,30.05,30.66,8.540654836396797,85138,0.0000,1.0
2018-10-23,30.24,30.9,29.39,29.77,8.29273628439441,59159,0.0000,1.0
2018-10-24,29.76,30.1,28.88,28.98,8.072673749470944,38783,0.0000,1.0
2018-10-25,29.14,30.6,29.14,30.33,8.448729980036362,37340,0.0000,1.0
2018-10-26,29.93,30.14,29.23,29.84,8.312235496349654,38881,0.0000,1.0
2018-10-29,30.19,30.28,28.58,29.02,8.083816156302513,50927,0.0000,1.0
2018-10-30,29.01,29.69,28.69,29.31,8.16459860583138,38099,0.0000,1.0
2018-10-31,29.56,29.65,28.94,29.16,8.122814580213,23212,0.0000,1.0
2018-11-01,29.5,30.74,29.5,29.7,8.273237072439168,56483,0.0000,1.0
2018-11-02,29.77,30.64,29.2,29.54,8.228667445112896,86811,0.0000,1.0
2018-11-05,29.63,30.59,29.18,30.0,8.356805123675926,135544,0.0000,1.0
2018-11-06,30.0,33.03,30.0,32.86,9.153487212133031,37031,0.0000,1.0
2018-11-07,32.88,33.38,31.83,32.74,9.120059991638328,16506,0.0000,1.0
2018-11-08,32.73,33.42,32.08,32.88,9.159058415548817,15208,0.0000,1.0
2018-11-09,32.41,33.07,31.97,32.51,9.055991152356812,29159,0.0000,1.0
2018-11-12,32.5,32.5,31.56,31.68,8.824786210601777,34885,0.0000,1.0
2018-11-13,31.64,32.25,31.1,31.77,8.849856625972805,20626,0.0000,1.0
2018-11-14,32.05,32.47,30.82,31.05,8.649293303004583,23349,0.0000,1.0
2018-11-15,30.83,32.98,30.73,32.08,8.936210278917457,20796,0.0000,1.0
2018-11-16,32.0,33.03,31.91,32.58,9.075490364312055,36224,0.0000,1.0
2018-11-19,32.72,32.72,31.52,31.68,8.824786210601777,13267,0.0000,1.0
2018-11-20,30.93,31.44,30.02,30.99,8.705005337162422,21750,0.2600,1.0
2018-11-21,30.12,31.52,30.12,30.7,8.623545138783038,17771,0.0000,1.0
2018-11-23,30.61,30.62,29.47,29.74,8.3538837924237,9545,0.0000,1.0
2018-11-26,29.75,30.45,29.62,29.85,8.384782488360708,23909,0.0000,1.0
2018-11-27,28.96,29.79,28.96,29.56,8.303322289981324,16996,0.0000,1.0
2018-11-28,29.57,30.34,29.2,30.34,8.522422133898287,43442,0.0000,1.0
2018-11-29,30.1,30.61,30.01,30.18,8.47747857617173,14907,0.0000,1.0
2018-11-30,30.19,30.92,30.19,30.57,8.587028498130213,27757,0.0000,1.0
2018-12-03,31.05,31.9,29.08,30.77,8.643207945288408,24584,0.0000,1.0
2018-12-04,30.77,30.77,28.18,28.18,7.915684104589773,51510,0.0000,1.0
2018-12-06,28.06,30.39,27.44,27.9,7.837032878568299,29889,0.0000,1.0
2018-12-07,27.9,28.74,26.97,27.6,7.752763707831006,35813,0.0000,1.0
2018-12-10,27.27,28.39,27.03,27.55,7.738718846041457,14151,0.0000,1.0
2018-12-11,28.08,28.52,27.3,27.47,7.716247067178179,28486,0.0000,1.0
2018-12-12,25.48,27.1,25.02,25.75,7.2331038216176955,101688,0.0000,1.0
2018-12-13,26.05,26.05,23.25,25.48,7.157261567954132,77617,0.0000,1.0
2018-12-14,25.48,26.31,24.59,24.78,6.960633502900447,39609,0.0000,1.0
2018-12-17,24.5,25.26,24.25,24.4,6.8538925532998745,104106,0.0000,1.0
2018-12-18,24.65,26.56,24.65,25.57,7.18254231917532,56200,0.0000,1.0
2018-12-19,25.62,25.77,24.83,24.94,7.005577060627004,48543,0.0000,1.0
2018-12-20,24.86,25.73,24.27,24.62,6.91568994517389,36833,0.0000,1.0
2018-12-21,24.63,25.41,23.93,24.16,6.78647721671004,141821,0.0000,1.0
2018-12-24,23.95,26.41,22.55,23.01,6.463445395550415,21684,0.0000,1.0
2018-12-26,23.17,24.01,22.76,23.84,6.696590101256927,32653,0.0000,1.0
2018-12-27,23.41,24.66,23.41,24.39,6.851083580941965,31100,0.0000,1.0
2018-12-28,24.37,25.95,24.37,25.17,7.070183424858929,44681,0.0000,1.0
2018-12-31,25.18,25.42,24.51,25.01,7.025239867132372,48807,0.0000,1.0
2019-01-02,24.94,26.855,24.94,26.76,7.516810029766584,47874,0.0000,1.0
2019-01-03,26.67,26.99,24.6,25.84,7.258384572838883,78838,0.0000,1.0
2019-01-04,25.96,27.5,25.96,27.3,7.6684945370937125,50647,0.0000,1.0
2019-01-07,27.29,28.44,27.15,27.89,7.83422390621039,33664,0.0000,1.0
2019-01-08,28.2,28.94,28.0,28.83,8.09826730785391,21391,0.0000,1.0
2019-01-09,28.96,29.63,28.96,29.26,8.21905311924403,35308,0.0000,1.0
2019-01-10,28.85,29.18,28.23,28.27,7.940964855810961,38339,0.0000,1.0
2019-01-11,28.16,29.07,28.06,28.72,8.067368611916901,47935,0.0000,1.0
2019-01-14,28.92,29.3,28.25,29.0,8.146019837938375,27052,0.0000,1.0
2019-01-15,28.96,28.96,27.98,28.07,7.884785408652766,30572,0.0000,1.0
2019-01-16,28.06,28.89,27.75,28.11,7.8960212980844044,34083,0.0000,1.0
2019-01-17,27.95,29.22,27.48,28.95,8.131974976148827,29973,0.0000,1.0
2019-01-18,29.03,29.67,28.99,28.99,8.143210865580466,22279,0.0000,1.0
2019-01-22,28.98,29.2,27.6,28.2,7.921302049305592,19616,0.0000,1.0
2019-01-23,28.28,28.28,27.75,28.02,7.870740546863217,10807,0.0000,1.0
2019-01-24,27.62,28.07,27.61,28.04,7.876358491579036,11668,0.0000,1.0
2019-01-25,27.9,28.42,27.84,27.89,7.83422390621039,11288,0.0000,1.0
2019-01-28,27.62,27.62,26.31,27.17,7.631977896440885,21713,0.0000,1.0
2019-01-29,27.18,27.63,27.18,27.26,7.657258647662074,14513,0.0000,1.0
2019-01-30,27.53,27.53,27.15,27.37,7.688157343599081,12512,0.0000,1.0
2019-01-31,27.39,28.07,27.23,27.91,7.839841850926209,14989,0.0000,1.0
2019-02-01,28.02,28.02,27.1,27.48,7.719056039536088,9914,0.0000,1.0
2019-02-04,27.49,28.95,27.49,28.94,8.129166003790917,18919,0.0000,1.0
2019-02-05,28.7,28.98,27.5,28.7,8.061750667201082,21839,0.0000,1.0
2019-02-06,28.2,31.25,28.2,30.62,8.601073359919761,43680,0.0000,1.0
2019-02-07,30.2,31.14,30.01,31.12,8.74152197781525,40209,0.0000,1.0
2019-02-08,30.91,30.91,28.05,30.62,8.601073359919761,51589,0.0000,1.0
2019-02-11,30.63,30.99,30.17,30.99,8.705005337162422,27278,0.0000,1.0
2019-02-12,31.0,31.5,30.42,31.5,8.848262927415822,28781,0.0000,1.0
2019-02-13,31.41,32.2,31.23,32.0,8.988711545311311,23012,0.0000,1.0
2019-02-14,31.73,33.01,31.73,32.47,9.12073324613307,28935,0.0000,1.0
2019-02-15,32.56,33.49,32.48,32.97,9.26118186402856,28045,0.0000,1.0
2019-02-19,32.46,33.87,32.46,33.63,9.519607320956261,31501,0.2600,1.0
2019-02-20,33.62,34.53,33.51,33.56,9.499792497510915,47016,0.0000,1.0
2019-02-21,33.57,33.57,32.69,33.27,9.417702514665917,19250,0.0000,1.0
2019-02-22,33.77,33.83,33.185,33.44,9.465824228747467,15804,0.0000,1.0
2019-02-25,33.8,33.8,33.4,33.57,9.502623186574537,26280,0.0000,1.0
2019-02-26,32.99,33.96,32.83,32.88,9.307305641184712,20737,0.0000,1.0
2019-02-27,32.8,32.96,32.12,32.58,9.22238496927609,23703,0.0000,1.0
2019-02-28,32.7,32.95,32.07,32.09,9.08368120515868,14397,0.0000,1.0
2019-03-01,31.84,32.44,31.16,31.23,8.840241945687303,38576,0.0000,1.0
2019-03-04,31.38,31.66,30.02,30.09,8.517543392434549,51360,0.0000,1.0
2019-03-05,30.09,31.37,29.81,30.71,8.69304611437903,36511,0.0000,1.0
2019-03-06,30.98,30.98,28.85,29.03,8.21749035169076,33274,0.0000,1.0
2019-03-07,29.16,29.16,28.39,28.42,8.0448183188099,76958,0.0000,1.0
2019-03-08,28.3,30.68,27.65,30.49,8.630770954979374,45302,0.0000,1.0
2019-03-11,30.49,30.49,29.34,29.42,8.327887225171965,35771,0.0000,1.0
2019-03-12,29.6,30.06,28.88,28.89,8.17786070480007,24800,0.0000,1.0
2019-03-13,28.98,29.45,28.79,28.89,8.17786070480007,22982,0.0000,1.0
2019-03-14,28.95,29.91,28.51,28.61,8.098601411018691,28640,0.0000,1.0
2019-03-15,28.61,29.64,27.8184,29.15,8.251458620454207,110237,0.0000,1.0
2019-03-18,29.26,29.66,28.2,29.49,8.34770204861731,26026,0.0000,1.0
2019-03-19,29.36,29.71,28.75,28.8,8.152384503227484,18359,0.0000,1.0
2019-03-20,28.85,30.17,28.36,29.4,8.322225847044724,31650,0.0000,1.0
2019-03-21,29.36,30.43,29.36,29.71,8.409977208016963,21402,0.0000,1.0
2019-03-22,29.55,29.79,28.02,28.03,7.934421445328694,29098,0.0000,1.0
2019-03-25,28.3,28.36,27.66,27.69,7.838178017165592,16297,0.0000,1.0
2019-03-26,27.97,29.0,27.85,28.18,7.976881781283003,16353,0.0000,1.0
2019-03-27,28.17,28.58,28.05,28.16,7.971220403155762,38306,0.0000,1.0
2019-03-28,28.23,28.57,27.64,28.24,7.993865915664727,19674,0.0000,1.0
2019-03-29,28.35,28.72,26.21,26.55,7.515479463912837,60942,0.0000,1.0
2019-04-01,26.84,27.11,26.48,27.1,7.671167362411973,68485,0.0000,1.0
2019-04-02,27.11,27.65,26.72,27.5,7.784394924956799,34199,0.0000,1.0
2019-04-03,27.7,28.71,27.7,28.66,8.112754856336794,33544,0.0000,1.0
2019-04-04,28.52,28.96,28.23,28.8,8.152384503227484,23306,0.0000,1.0
2019-04-05,28.85,29.75,28.82,29.21,8.268442754835931,18708,0.0000,1.0
2019-04-08,29.17,29.91,28.95,29.18,8.25995068764507,16305,0.0000,1.0
2019-04-09,29.08,29.19,28.65,29.0,8.208998284499897,43043,0.0000,1.0
2019-04-10,29.01,29.86,29.01,29.63,8.387331695507998,40411,0.0000,1.0
2019-04-11,29.83,30.14,29.7,29.7,8.407146518953343,7636,0.0000,1.0
2019-04-12,29.99,30.29,29.58,30.19,8.545850283070756,31456,0.0000,1.0
2019-04-15,29.97,30.6,29.83,29.89,8.460929611162136,8547,0.0000,1.0
2019-04-16,30.18,30.18,29.66,29.96,8.48074443460748,11881,0.0000,1.0
2019-04-17,30.07,30.84,30.03,30.09,8.517543392434549,42677,0.0000,1.0
2019-04-18,30.08,30.79,30.08,30.79,8.715691626887994,13535,0.0000,1.0
2019-04-22,30.63,30.77,29.99,30.29,8.574157173706961,9673,0.0000,1.0
2019-04-23,30.42,30.85,30.1,30.65,8.676061979997305,10697,0.0000,1.0
2019-04-24,29.84,30.79,29.84,30.35,8.591141308088686,16827,0.0000,1.0
2019-04-25,30.27,30.27,29.58,29.69,8.404315829889722,9144,0.0000,1.0
2019-04-26,29.55,30.05,29.38,29.74,8.418469275207825,13026,0.0000,1.0
2019-04-29,30.07,30.57,29.11,30.2,8.548680972134376,16699,0.0000,1.0
2019-04-30,29.87,30.12,28.95,29.25,8.279765511090414,30735,0.0000,1.0
2019-05-01,29.44,29.6,28.47,29.16,8.254289309517828,51298,0.0000,1.0
2019-05-02,29.14,29.45,28.65,28.99,8.206167595436277,35750,0.0000,1.0
2019-05-03,29.22,29.9,29.14,29.82,8.44111478771679,28567,0.0000,1.0
2019-05-06,29.61,30.52,29.59,30.24,8.560003728388859,16573,0.0000,1.0
2019-05-07,29.91,30.28,29.67,30.28,8.571326484643341,14202,0.0000,1.0
2019-05-08,33.6,35.42,32.83,34.54,9.777200025745739,99938,0.0000,1.0
2019-05-09,34.88,34.9,33.78,34.3,9.709263488218843,50024,0.0000,1.0
2019-05-10,34.22,35.82,33.75,35.48,10.04328479772608,107604,0.0000,1.0
2019-05-13,34.79,36.19,34.71,35.96,10.179157872779873,34705,0.0000,1.0
2019-05-14,36.1,36.43,35.38,35.94,10.17349649465263,29656,0.0000,1.0
2019-05-15,35.7,37.56,35.53,35.92,10.16783511652539,37141,0.0000,1.0
2019-05-16,35.99,37.0,35.99,36.57,10.351829905660733,33821,0.0000,1.0
2019-05-17,36.31,36.84,35.68,35.83,10.142358914952803,22052,0.0000,1.0
2019-05-20,35.8,36.78,35.43,36.14,10.230110275925044,30188,0.0000,1.0
2019-05-21,36.16,37.27,35.6,36.23,10.329184393151767,36829,0.2600,1.0
2019-05-22,36.24,37.15,36.24,36.9,10.520201603844885,20887,0.0000,1.0
2019-05-23,36.65,36.65,35.09,35.82,10.212293264220158,45485,0.0000,1.0
2019-05-24,35.84,36.39,35.4,36.03,10.272164330258299,21642,0.0000,1.0
2019-05-28,36.28,36.28,35.0,35.37,10.083998122709852,42694,0.0000,1.0
2019-05-29,35.18,35.62,34.54,34.61,9.867321883714675,74623,0.0000,1.0
2019-05-30,34.81,35.9,34.72,35.65,10.163826210760709,44115,0.0000,1.0
2019-05-31,35.13,35.61,34.26,34.42,9.813152823965881,38793,0.0000,1.0
2019-06-03,34.63,35.35,34.27,35.03,9.987064015790958,49156,0.0000,1.0
2019-06-04,35.45,35.91,35.0,35.58,10.143869188747995,38382,0.0000,1.0
2019-06-05,36.12,37.26,35.43,36.5,10.40616147805795,52174,0.0000,1.0
2019-06-06,36.52,36.85,35.64,35.86,10.22369727679885,23182,0.0000,1.0
2019-06-07,36.0,37.24,35.85,36.37,10.369098437177193,34310,0.0000,1.0
2019-06-10,36.21,36.9,35.865,36.03,10.272164330258299,28740,0.0000,1.0
2019-06-11,36.11,36.24,35.53,36.1,10.292121352271014,35670,0.0000,1.0
2019-06-12,37.42,37.42,35.72,35.89,10.23225028623287,25581,0.0000,1.0
2019-06-13,36.1,36.41,35.16,36.22,10.326333390007093,62033,0.0000,1.0
2019-06-14,35.96,37.11,35.51,36.75,10.477436556674784,25001,0.0000,1.0
2019-06-17,36.66,36.85,36.3,36.7,10.463181540951418,37099,0.0000,1.0
2019-06-18,36.85,37.2,36.5,36.6,10.434671509504684,32761,0.0000,1.0
2019-06-19,36.6,37.23,36.15,36.5,10.40616147805795,30093,0.0000,1.0
2019-06-20,36.9,37.44,36.58,37.35,10.648496745355189,26538,0.0000,1.0
2019-06-21,37.04,37.35,36.58,37.26,10.622837717053129,62938,0.0000,1.0
2019-06-24,37.34,37.55,36.67,37.04,10.560115647870314,40398,0.0000,1.0
2019-06-25,37.0,37.06,36.01,36.56,10.423267496925991,74530,0.0000,1.0
2019-06-26,36.48,37.31,36.42,37.06,10.56581765415966,28470,0.0000,1.0
2019-06-27,37.06,37.44,36.57,37.31,10.637092732776496,60272,0.0000,1.0
2019-06-28,37.23,38.0,37.23,38.0,10.83381194975896,154981,0.0000,1.0
2019-07-01,38.0,38.37,37.63,38.06,10.850917968627002,65674,0.0000,1.0
2019-07-02,37.72,38.39,37.1,37.67,10.73972884598474,35781,0.0000,1.0
2019-07-03,37.53,38.03,37.0,37.23,10.614284707619108,23182,0.0000,1.0
2019-07-05,37.08,37.15,36.26,37.15,10.591476682461721,15476,0.0000,1.0
2019-07-08,36.92,37.42,36.65,37.14,10.588625679317047,34041,0.0000,1.0
2019-07-09,36.92,37.17,36.76,37.07,10.568668657304334,30137,0.0000,1.0
2019-07-10,37.25,37.25,36.44,36.48,10.4004594717686,31594,0.0000,1.0
2019-07-11,36.61,36.87,36.15,36.17,10.312078374283727,24506,0.0000,1.0
2019-07-12,36.02,36.59,36.02,36.47,10.397608468623929,44549,0.0000,1.0
2019-07-15,36.49,36.49,36.12,36.29,10.346290412019806,22859,0.0000,1.0
2019-07-16,36.3,36.64,35.98,36.63,10.443224518938704,50725,0.0000,1.0
2019-07-17,36.49,36.63,36.21,36.24,10.33203539629644,37684,0.0000,1.0
2019-07-18,36.24,36.44,35.85,36.23,10.329184393151767,35502,0.0000,1.0
2019-07-19,36.05,37.17,36.05,36.81,10.494542575542825,77597,0.0000,1.0
2019-07-22,36.78,37.34,36.78,36.95,10.534456619568253,32404,0.0000,1.0
2019-07-23,37.06,37.44,36.37,37.3,10.634241729631821,21086,0.0000,1.0
2019-07-24,37.3,37.91,37.19,37.63,10.728324833406045,44736,0.0000,1.0
2019-07-25,37.65,37.9,37.19,37.66,10.736877842840064,23500,0.0000,1.0
2019-07-26,37.55,37.91,37.23,37.69,10.745430852274085,24937,0.0000,1.0
2019-07-29,38.0,38.0,37.32,37.55,10.705516808248657,27292,0.0000,1.0
2019-07-30,37.29,37.87,36.41,37.74,10.759685867997453,46865,0.0000,1.0
2019-07-31,37.76,38.34,36.98,36.99,10.545860632146947,49774,0.0000,1.0
2019-08-01,37.72,37.77,36.5,36.7,10.463181540951418,33004,0.0000,1.0
2019-08-02,36.56,37.19,35.76,36.4,10.377651446611214,44715,0.0000,1.0
2019-08-05,35.94,35.94,34.33,34.65,9.878725896293368,34771,0.0000,1.0
2019-08-06,34.75,35.55,34.42,34.68,9.887278905727388,52351,0.0000,1.0
2019-08-07,36.64,37.74,34.76,37.6,10.719771823972025,122839,0.0000,1.0
2019-08-08,37.75,39.02,37.74,38.13,10.870874990639717,78547,0.0000,1.0
2019-08-09,37.91,38.02,36.84,37.88,10.799599912022881,44723,0.0000,1.0
2019-08-12,38.03,38.11,37.52,37.73,10.756834864852777,50519,0.0000,1.0
2019-08-13,37.83,38.66,37.7,38.19,10.887981009507754,56732,0.0000,1.0
2019-08-14,37.56,37.6,36.1,36.9,10.520201603844885,38511,0.0000,1.0
2019-08-15,36.86,37.54,36.33,37.06,10.56581765415966,35817,0.0000,1.0
2019-08-16,37.36,38.02,37.36,37.89,10.802450915167553,36947,0.0000,1.0
2019-08-19,38.4,38.4,37.71,37.84,10.788195899444187,38034,0.0000,1.0
2019-08-20,37.47,37.47,36.4,36.53,10.488840569253478,41564,0.2600,1.0
2019-08-21,36.79,37.82,36.45,37.46,10.755871002579669,83974,0.0000,1.0
2019-08-22,37.34,37.96,36.93,37.2,10.681217333047616,61528,0.0000,1.0
2019-08-23,37.07,37.34,35.46,35.82,10.284978625531332,44167,0.0000,1.0
2019-08-26,36.1,36.19,35.45,35.9,10.307948985387348,53403,0.0000,1.0
2019-08-27,35.93,36.6,35.37,35.49,10.190225891125266,37417,0.0000,1.0
2019-08-28,35.45,36.18,35.1,36.18,10.388345244883407,93247,0.0000,1.0
2019-08-29,36.34,37.15,36.25,36.65,10.523296109037503,71876,0.0000,1.0
2019-08-30,36.48,36.97,35.97,36.32,10.428543374631435,55643,0.0000,1.0
2019-09-03,36.09,36.6,35.19,35.6,10.221810135927289,62007,0.0000,1.0
2019-09-04,35.29,36.41,35.29,36.02,10.342404525171375,29456,0.0000,1.0
2019-09-05,36.45,37.42,36.16,36.35,10.437157259577441,78260,0.0000,1.0
2019-09-06,36.47,36.7,35.92,36.1,10.365374885027391,46043,0.0000,1.0
2019-09-09,36.26,36.5,36.06,36.42,10.457256324451455,73578,0.0000,1.0
2019-09-10,36.35,37.13,36.2,36.86,10.583593303659546,52902,0.0000,1.0
2019-09-11,37.17,37.87,36.51,37.5,10.767356182507676,142313,0.0000,1.0
2019-09-12,37.66,37.87,37.29,37.68,10.819039492183713,212730,0.0000,1.0
2019-09-13,37.87,39.68,37.68,39.05,11.212406904717993,235222,0.0000,1.0
2019-09-16,39.18,40.94,39.18,40.27,11.562704892522245,89295,0.0000,1.0
2019-09-17,40.24,40.96,39.82,40.86,11.732111296460364,56948,0.0000,1.0
2019-09-18,40.78,40.92,39.56,40.05,11.499536402918197,63671,0.0000,1.0
2019-09-19,39.63,40.39,39.44,39.49,11.338743883926085,43488,0.0000,1.0
2019-09-20,39.44,40.06,39.09,39.21,11.258347624430026,82423,0.0000,1.0
2019-09-23,39.15,39.37,38.81,38.95,11.183693954897974,53147,0.0000,1.0
2019-09-24,39.06,39.28,37.77,38.11,10.942505176409801,49090,0.0000,1.0
2019-09-25,38.23,39.72,38.23,39.46,11.330129998980079,73618,0.0000,1.0
2019-09-26,39.33,39.34,38.61,38.97,11.189436544861977,37652,0.0000,1.0
2019-09-27,39.21,39.58,38.54,38.87,11.160723595041956,46127,0.0000,1.0
2019-09-30,38.85,39.49,38.65,39.15,11.241119854538013,69531,0.0000,1.0
2019-10-01,39.52,39.59,37.56,37.84,10.864980211895746,45748,0.0000,1.0
2019-10-02,37.64,37.8,36.8,37.48,10.761613592543672,43582,0.0000,1.0
2019-10-03,37.42,37.6,36.94,37.31,10.712801577849639,43449,0.0000,1.0
2019-10-04,37.39,38.0,37.39,37.92,10.887950571751762,34149,0.0000,1.0
2019-10-07,37.84,38.3,37.47,37.83,10.862108916913744,44352,0.0000,1.0
2019-10-08,37.52,38.01,36.75,37.22,10.686959923011619,48495,0.0000,1.0
2019-10-09,37.5,38.07,37.28,37.79,10.850623736985735,63321,0.0000,1.0
2019-10-10,37.93,38.35,37.52,37.65,10.810425607237708,36145,0.0000,1.0
2019-10-11,38.09,38.75,37.66,37.75,10.839138557057728,73837,0.0000,1.0
2019-10-14,37.48,38.08,37.29,37.86,10.87072280185975,35521,0.0000,1.0
2019-10-15,37.98,38.59,37.98,38.35,11.011416255977851,29960,0.0000,1.0
2019-10-16,38.14,39.04,38.01,38.01,10.91379222658978,26869,0.0000,1.0
2019-10-17,38.28,38.78,38.09,38.43,11.034386615833867,32246,0.0000,1.0
2019-10-18,38.26,38.64,38.05,38.23,10.976960716193824,20465,0.0000,1.0
2019-10-21,38.49,38.82,38.41,38.53,11.063099565653888,40284,0.0000,1.0
2019-10-22,38.45,38.86,38.09,38.39,11.022901435905858,27248,0.0000,1.0
2019-10-23,38.43,38.94,38.02,38.74,11.12339676027593,27751,0.0000,1.0
2019-10-24,38.84,39.23,38.43,38.61,11.086069925509904,31608,0.0000,1.0
2019-10-25,38.49,38.8,38.44,38.57,11.074584745581896,18661,0.0000,1.0
2019-10-28,38.72,39.32,38.72,38.79,11.13775323518594,27393,0.0000,1.0
2019-10-29,38.78,39.44,38.77,39.26,11.272704099340036,39614,0.0000,1.0
2019-10-30,39.26,39.68,38.72,39.43,11.321516114034072,35033,0.0000,1.0
2019-10-31,39.34,39.37,38.76,39.16,11.243991149520015,27047,0.0000,1.0
2019-11-01,39.39,39.71,39.06,39.41,11.315773524070067,47161,0.0000,1.0
2019-11-04,39.92,40.26,39.42,39.92,11.462209568152172,73613,0.0000,1.0
2019-11-05,39.98,40.49,39.68,40.3,11.57131877746825,51208,0.0000,1.0
2019-11-06,40.14,40.31,39.48,39.86,11.444981798260159,55492,0.0000,1.0
2019-11-07,40.11,40.29,39.52,39.76,11.416268848440138,51780,0.0000,1.0
2019-11-08,39.68,40.24,39.4,40.24,11.554091007576238,56871,0.0000,1.0
2019-11-11,39.87,40.16,39.59,39.96,11.473694748080181,43207,0.0000,1.0
2019-11-12,39.97,40.32,39.76,40.11,11.51676417281021,43157,0.0000,1.0
2019-11-13,39.83,40.05,39.52,39.71,11.401912373530129,47355,0.0000,1.0
2019-11-14,39.45,39.85,39.31,39.48,11.335872588944081,68150,0.0000,1.0
2019-11-15,39.71,39.99,39.6,39.81,11.43062532335015,53463,0.0000,1.0
2019-11-18,39.74,39.78,39.14,39.26,11.272704099340036,28979,0.0000,1.0
2019-11-19,39.23,39.36,38.96,39.34,11.370328128728108,50622,0.2600,1.0
2019-11-20,39.14,40.36,39.13,39.56,11.433914101995017,63681,0.0000,1.0
2019-11-21,39.62,39.66,39.08,39.38,11.381889214776637,39597,0.0000,1.0
2019-11-22,39.54,39.89,39.14,39.68,11.468597360140603,70027,0.0000,1.0
2019-11-25,39.69,41.47,39.63,41.41,11.968614331739474,115169,0.0000,1.0
2019-11-26,41.49,42.45,41.4,42.45,12.269202569001225,98992,0.0000,1.0
2019-11-27,42.52,42.88,41.98,42.24,12.208506867246449,54992,0.0000,1.0
2019-11-29,42.13,42.13,41.59,41.59,12.020639218957855,26017,0.0000,1.0
2019-12-02,41.77,41.89,40.87,41.07,11.870345100326979,48202,0.0000,1.0
2019-12-03,39.1,39.81,38.4,39.8,11.503280618286187,64413,0.0000,1.0
2019-12-04,39.74,40.75,39.25,39.56,11.433914101995017,74659,0.0000,1.0
2019-12-05,43.0,47.22,42.97,45.43,13.130503479616621,270480,0.0000,1.0
2019-12-06,46.29,49.12,46.29,49.04,14.173891495496349,247961,0.0000,1.0
2019-12-09,49.32,50.78,49.0,50.44,14.578529507194858,163871,0.0000,1.0
2019-12-10,50.3,50.72,49.63,50.24,14.520724076952215,115481,0.0000,1.0
2019-12-11,50.25,50.26,49.18,49.28,14.243258011787523,158282,0.0000,1.0
2019-12-12,49.49,50.66,49.28,50.05,14.4658089182217,106617,0.0000,1.0
2019-12-13,49.99,50.03,48.86,49.09,14.18834285305701,107103,0.0000,1.0
2019-12-16,49.42,49.67,48.62,49.02,14.168110952472086,131755,0.0000,1.0
2019-12-17,49.12,50.81,48.95,50.53,14.604541950804048,163739,0.0000,1.0
2019-12-18,50.65,50.71,50.05,50.34,14.549626792073537,59862,0.0000,1.0
2019-12-19,50.3,50.3,49.19,49.57,14.327075885639356,61515,0.0000,1.0
2019-12-20,49.39,49.99,48.91,49.94,14.434015931588247,210638,0.0000,1.0
2019-12-23,49.85,50.25,49.56,50.24,14.520724076952215,107680,0.0000,1.0
2019-12-24,50.24,50.29,49.72,50.25,14.523614348464346,51666,0.0000,1.0
2019-12-26,50.22,50.32,49.54,50.18,14.50338244787942,50563,0.0000,1.0
2019-12-27,50.05,50.25,49.17,49.2,14.220135839690466,53698,0.0000,1.0
2019-12-30,49.39,49.54,48.64,49.01,14.165220680959951,50031,0.0000,1.0
2019-12-31,48.95,49.42,48.92,48.99,14.159440137935688,43867,0.0000,1.0
2020-01-02,49.45,49.45,47.78,48.4,13.988914118719887,82462,0.0000,1.0
2020-01-03,47.95,49.0,47.66,48.67,14.066951449547458,96794,0.0000,1.0
2020-01-06,48.07,48.87,48.0,48.58,14.040939005938267,51059,0.0000,1.0
2020-01-07,48.3,48.49,47.86,47.89,13.841510271601145,61603,0.0000,1.0
2020-01-08,47.94,48.45,47.57,48.12,13.907986516380184,78004,0.0000,1.0
2020-01-09,48.19,48.6,47.57,47.57,13.749021583212913,89819,0.0000,1.0
2020-01-10,47.59,47.77,46.86,47.26,13.659423166336815,71656,0.0000,1.0
2020-01-13,47.14,47.62,46.89,47.57,13.749021583212913,148939,0.0000,1.0
2020-01-14,47.58,48.21,47.18,47.38,13.694106424482403,94967,0.0000,1.0
2020-01-15,47.22,47.77,46.31,46.45,13.425311173854107,87239,0.0000,1.0
2020-01-16,46.93,47.25,46.59,46.73,13.506238776193808,97235,0.0000,1.0
2020-01-17,46.99,47.05,46.43,46.69,13.494677690145279,113932,0.0000,1.0
2020-01-21,46.42,46.49,46.08,46.11,13.327041942441612,48571,0.0000,1.0
2020-01-22,46.22,46.64,46.02,46.1,13.32415167092948,73133,0.0000,1.0
2020-01-23,46.09,46.25,45.28,45.59,13.176747823810738,114019,0.0000,1.0
2020-01-24,45.64,45.71,44.42,44.62,12.896391487133911,55402,0.0000,1.0
2020-01-27,43.93,44.15,43.43,43.43,12.55244917719018,42819,0.0000,1.0
2020-01-28,43.73,44.25,43.56,43.84,12.670950309187601,64926,0.0000,1.0
2020-01-29,44.01,45.54,43.82,44.07,12.73742655396664,74538,0.0000,1.0
2020-01-30,43.72,44.365,42.84,43.33,12.523546462068857,58297,0.0000,1.0
2020-01-31,43.06,43.06,41.14,41.27,11.928150530569624,159911,0.0000,1.0
2020-02-03,41.51,42.35,41.27,41.4,11.965724060227341,77289,0.0000,1.0
2020-02-04,42.43,42.43,41.02,41.17,11.899247815448302,69425,0.0000,1.0
2020-02-05,40.35,40.35,36.56,37.91,10.957019302493201,396274,0.0000,1.0
2020-02-06,37.86,39.18,37.57,39.13,11.309632426973332,114301,0.0000,1.0
2020-02-07,38.75,39.29,37.65,37.7,10.896323600738425,176434,0.0000,1.0
2020-02-10,37.51,37.97,36.98,37.07,10.714236495474095,70183,0.0000,1.0
2020-02-11,37.11,37.74,36.67,37.33,10.789383554789532,104389,0.0000,1.0
2020-02-12,37.76,37.8,37.21,37.57,10.858750071080706,79642,0.0000,1.0
2020-02-13,37.57,37.73,37.01,37.08,10.717126766986228,35787,0.0000,1.0
2020-02-14,37.04,37.2,36.24,36.53,10.558161833818957,77145,0.0000,1.0
2020-02-18,36.27,36.38,35.49,35.62,10.37029418553036,46583,0.2600,1.0
2020-02-19,35.58,37.09,35.4,36.34,10.579912709213177,67706,0.0000,1.0
2020-02-20,36.29,37.04,36.01,36.26,10.556621762137308,58388,0.0000,1.0
2020-02-21,36.16,36.63,35.81,36.12,10.515862604754536,44697,0.0000,1.0
2020-02-24,34.97,36.14,34.96,36.04,10.492571657678669,162459,0.0000,1.0
2020-02-25,36.2,36.2,34.9,34.99,10.1868779773079,59287,0.0000,1.0
2020-02-26,35.22,35.6,34.21,34.44,10.026752716161303,52841,0.0000,1.0
2020-02-27,33.8,34.82,33.08,33.28,9.689033983561213,63524,0.0000,1.0
2020-02-28,32.55,33.54,32.42,33.43,9.732704509328466,92593,0.0000,1.0
2020-03-02,33.6,33.87,32.6,33.65,9.796754613787105,82163,0.0000,1.0
2020-03-03,33.54,34.2,31.64,32.05,9.330935672269737,85460,0.0000,1.0
2020-03-04,32.21,32.7,31.59,32.61,9.493972301800817,82377,0.0000,1.0
2020-03-05,32.01,32.33,30.89,31.25,9.098026201511056,78573,0.0000,1.0
2020-03-06,30.49,31.63,30.49,31.2,9.083469359588637,64183,0.0000,1.0
2020-03-09,29.61,30.43,26.97,27.09,7.886896953565904,62886,0.0000,1.0
2020-03-10,27.85,29.18,26.3,27.53,8.01499716248318,53613,0.0000,1.0
2020-03-11,26.78,27.44,26.37,27.1,7.889808321950388,75031,0.0000,1.0
2020-03-12,25.81,26.28,23.87,24.54,7.144498015522601,68923,0.0000,1.0
2020-03-13,25.72,25.72,23.18,24.15,7.030954648527743,74359,0.0000,1.0
2020-03-16,22.44,22.5,19.74,19.82,5.7703321380463715,66113,0.0000,1.0
2020-03-17,20.12,20.75,18.65,19.72,5.741218454201536,116671,0.0000,1.0
2020-03-18,18.62,19.02,15.62,15.63,4.550468784947769,103198,0.0000,1.0
2020-03-19,16.92,21.01,16.19,20.38,5.933368767577449,116286,0.0000,1.0
2020-03-20,20.38,22.86,19.48,20.08,5.8460277160429435,146646,0.0000,1.0
2020-03-23,20.64,21.93,19.09,19.66,5.723750243894635,78894,0.0000,1.0
2020-03-24,20.35,22.39,20.35,22.17,6.454503708400003,90617,0.0000,1.0
2020-03-25,22.09,24.18,22.09,23.36,6.800956546153544,65455,0.0000,1.0
2020-03-26,23.68,25.49,23.67,25.33,7.3744961178968005,56094,0.0000,1.0
2020-03-27,24.33,25.85,24.12,25.33,7.3744961178968005,75503,0.0000,1.0
2020-03-30,25.43,27.02,24.84,26.9,7.8315809542607155,57061,0.0000,1.0
2020-03-31,26.02,26.95,24.61,25.67,7.473482642969242,104853,0.0000,1.0
2020-04-01,24.68,25.03,22.5,22.6,6.579692548932796,92296,0.0000,1.0
2020-04-02,22.51,24.79,21.67,22.5,6.550578865087959,51222,0.0000,1.0
2020-04-03,22.16,22.94,21.13,21.57,6.279821605330991,43184,0.0000,1.0
2020-04-06,22.21,23.4,22.06,23.05,6.710704126234554,67594,0.0000,1.0
2020-04-07,23.89,23.89,21.82,22.37,6.512731076089674,73835,0.0000,1.0
2020-04-08,22.75,24.16,21.86,23.26,6.771842862308709,65013,0.0000,1.0
2020-04-09,23.87,25.03,23.02,24.05,7.001840964682908,41683,0.0000,1.0
2020-04-13,23.63,24.18,22.59,23.29,6.780576967462159,27918,0.0000,1.0
2020-04-14,23.87,24.3,22.93,23.4,6.812602019691478,38279,0.0000,1.0
2020-04-15,22.51,23.17,21.52,21.79,6.343871709789628,47076,0.0000,1.0
2020-04-16,21.75,22.06,21.05,21.71,6.32058076271376,41905,0.0000,1.0
2020-04-17,22.71,23.77,22.69,23.36,6.800956546153544,50634,0.0000,1.0
2020-04-20,22.67,23.68,22.06,22.49,6.547667496703475,32608,0.0000,1.0
2020-04-21,22.01,22.42,21.4,22.28,6.486528760629322,48082,0.0000,1.0
2020-04-22,22.9,22.99,21.68,21.86,6.364251288481013,31469,0.0000,1.0
2020-04-23,22.33,22.8,22.01,22.37,6.512731076089674,29585,0.0000,1.0
2020-04-24,22.33,23.02,21.78,22.66,6.597160759239697,133632,0.0000,1.0
2020-04-27,23.02,25.04,23.02,24.61,7.164877594213986,32368,0.0000,1.0
2020-04-28,25.37,25.79,24.68,25.58,7.447280327508889,33519,0.0000,1.0
2020-04-29,26.0,27.25,25.52,26.53,7.723860324034826,143595,0.0000,1.0
2020-04-30,26.01,26.29,24.83,25.37,7.386141591434735,56408,0.0000,1.0
2020-05-01,24.71,25.4,22.12,24.02,6.993106859529457,80215,0.0000,1.0
2020-05-04,23.59,23.65,22.67,23.26,6.771842862308709,42616,0.0000,1.0
2020-05-05,23.26,24.64,22.53,22.86,6.655388126929367,47815,0.0000,1.0
2020-05-06,26.8,28.99,25.55,26.86,7.819935480722782,129238,0.0000,1.0
2020-05-07,27.12,27.54,25.11,25.65,7.467659906200273,62827,0.0000,1.0
2020-05-08,26.42,27.17,26.21,26.75,7.787910428493463,147316,0.0000,1.0
2020-05-11,26.7,26.84,25.67,26.03,7.578291904810649,77082,0.0000,1.0
2020-05-12,26.04,26.04,24.0,24.16,7.033866016912227,52930,0.0000,1.0
2020-05-13,23.82,24.4,22.76,22.97,6.6874131791586855,52503,0.0000,1.0
2020-05-14,22.53,23.12,21.67,23.07,6.716526863003521,57167,0.0000,1.0
2020-05-15,22.83,24.33,22.83,24.08,7.010575069836358,89646,0.0000,1.0
2020-05-18,25.4,26.8,25.4,26.7,7.773353586571045,82272,0.0000,1.0
2020-05-19,26.14,27.28,25.73,26.21,7.706392113727926,67053,0.2600,1.0
2020-05-20,27.01,27.34,25.94,26.47,7.782838582616489,67898,0.0000,1.0
2020-05-21,26.53,26.81,26.05,26.5,7.791659329026708,56649,0.0000,1.0
2020-05-22,26.48,26.51,25.12,26.25,7.718153108941551,49170,0.0000,1.0
2020-05-26,27.55,27.62,26.54,26.81,7.8828070419323035,161532,0.0000,1.0
2020-05-27,27.51,27.74,26.56,27.58,8.109206199794588,150613,0.0000,1.0
2020-05-28,27.94,27.98,27.0,27.26,8.015118238085588,68713,0.0000,1.0
2020-05-29,26.92,26.92,25.93,26.6,7.821061817060772,63512,0.0000,1.0
2020-06-01,26.82,26.94,26.29,26.29,7.729914104155176,62366,0.0000,1.0
2020-06-02,26.61,26.93,26.21,26.73,7.859285051505053,88850,0.0000,1.0
2020-06-03,27.0,29.13,26.54,28.47,8.37088834329775,74616,0.0000,1.0
2020-06-04,28.34,29.6,28.34,29.59,8.700196209279257,42714,0.0000,1.0
2020-06-05,31.08,31.67,30.07,30.6,8.997161338423295,72615,0.0000,1.0
2020-06-08,31.35,32.14,31.35,31.46,9.250022735516236,88643,0.0000,1.0
2020-06-09,30.86,31.0,29.84,30.59,8.994221089619888,65478,0.0000,1.0
2020-06-10,30.51,30.59,28.83,29.35,8.629630237997507,51402,0.0000,1.0
2020-06-11,28.01,28.09,25.95,26.07,7.665228630480238,48196,0.0000,1.0
2020-06-12,27.19,27.48,25.63,26.5,7.791659329026708,72021,0.0000,1.0
2020-06-15,25.44,27.42,25.2,26.8,7.879866793128898,38316,0.0000,1.0
2020-06-16,28.14,28.9,27.13,28.32,8.326784611246657,62043,0.0000,1.0
2020-06-17,28.51,28.51,26.86,27.06,7.956313262017462,54097,0.0000,1.0
2020-06-18,26.72,27.15,26.41,26.69,7.847524056291428,64903,0.0000,1.0
2020-06-19,27.04,27.46,25.91,26.92,7.9151497787697735,126082,0.0000,1.0
2020-06-22,27.05,27.3,26.41,27.07,7.959253510820868,40788,0.0000,1.0
2020-06-23,27.55,27.64,26.74,27.0,7.938671769197024,33820,0.0000,1.0
2020-06-24,26.61,27.36,25.63,25.84,7.5976029080018925,56949,0.0000,1.0
2020-06-25,25.82,27.04,25.41,26.96,7.926910773983399,47679,0.0000,1.0
2020-06-26,26.62,27.38,26.01,27.12,7.9739547548379,103532,0.0000,1.0
2020-06-29,27.27,27.81,26.99,27.15,7.982775501248118,63951,0.0000,1.0
2020-06-30,27.13,27.55,26.83,27.39,8.053341472529869,43600,0.0000,1.0
2020-07-01,27.35,27.73,26.42,26.88,7.903388783556148,60450,0.0000,1.0
2020-07-02,27.39,28.31,27.39,27.72,8.150369683042278,41128,0.0000,1.0
2020-07-06,28.31,28.52,27.93,28.34,8.332665108853469,43454,0.0000,1.0
2020-07-07,27.9,27.9,26.77,26.92,7.9151497787697735,39195,0.0000,1.0
2020-07-08,26.93,27.1,26.14,26.96,7.926910773983399,41042,0.0000,1.0
2020-07-09,26.87,26.87,25.59,25.59,7.524096687916734,39184,0.0000,1.0
2020-07-10,25.75,26.28,25.62,26.1,7.674049376890457,33871,0.0000,1.0
2020-07-13,26.32,27.29,25.78,26.27,7.724033606548363,47057,0.0000,1.0
2020-07-14,26.34,26.96,26.27,26.91,7.9122095299663675,46561,0.0000,1.0
2020-07-15,27.43,27.65,27.05,27.25,8.012177989282181,53010,0.0000,1.0
2020-07-16,27.23,27.59,26.88,27.5,8.085684209367338,51029,0.0000,1.0
2020-07-17,27.48,28.29,27.0,27.9,8.20329416150359,55119,0.0000,1.0
2020-07-20,27.81,27.92,26.77,27.0,7.938671769197024,51933,0.0000,1.0
2020-07-21,27.38,28.15,27.02,27.61,8.11802694620481,47764,0.0000,1.0
2020-07-22,27.34,28.26,27.27,27.42,8.06216221894009,65488,0.0000,1.0
2020-07-23,27.38,27.62,26.93,27.24,8.009237740478774,34186,0.0000,1.0
2020-07-24,27.14,27.1412,26.31,26.56,7.809300821847146,41124,0.0000,1.0
2020-07-27,26.45,27.36,26.35,27.29,8.023938984495807,30018,0.0000,1.0
2020-07-28,27.05,27.315,26.46,26.57,7.812241070650553,32444,0.0000,1.0
2020-07-29,26.57,27.8,26.57,27.76,8.162130678255904,36586,0.0000,1.0
2020-07-30,27.23,27.495,26.65,26.87,7.9004485347527424,34061,0.0000,1.0
2020-07-31,26.6,26.835,26.125,26.55,7.80636057304374,58232,0.0000,1.0
2020-08-03,26.79,27.48,26.56,27.38,8.050401223726464,37762,0.0000,1.0
2020-08-04,27.44,28.39,27.44,27.88,8.197413663896779,42515,0.0000,1.0
2020-08-05,26.4,29.19,26.4,27.85,8.18859291748656,79286,0.0000,1.0
2020-08-06,27.68,28.49,27.45,27.64,8.126847692615028,43981,0.0000,1.0
2020-08-07,27.72,29.1,27.6,29.01,8.529661778681692,118803,0.0000,1.0
2020-08-10,29.04,29.97,27.69,29.73,8.741359692526945,66666,0.0000,1.0
2020-08-11,29.32,30.035,27.46,27.73,8.153309931845683,84364,0.0000,1.0
2020-08-12,28.09,28.18,26.77,27.14,7.979835252444713,69994,0.0000,1.0
2020-08-13,27.01,27.91,26.9,27.69,8.14154893663206,48120,0.0000,1.0
2020-08-14,27.46,28.47,27.34,28.24,8.303262620819405,69727,0.0000,1.0
2020-08-17,28.35,28.72,27.96,28.19,8.288561376802374,111248,0.0000,1.0
2020-08-18,27.93,27.93,27.0158,27.15,8.059221970136683,72980,0.2600,1.0
2020-08-19,27.03,27.36,26.4,26.61,7.898928052498605,79396,0.0000,1.0
2020-08-20,26.18,26.305,25.68,25.99,7.714886887803034,37661,0.0000,1.0
2020-08-21,25.94,26.525,25.11,26.36,7.824717905443939,138067,0.0000,1.0
2020-08-24,26.65,27.23,26.35,26.79,7.952359358377964,74847,0.0000,1.0
2020-08-25,27.06,27.09,26.49,27.03,8.023601099550444,168947,0.0000,1.0
2020-08-26,26.93,27.275,26.67,26.93,7.993917040728577,60972,0.0000,1.0
2020-08-27,27.29,27.4256,26.53,26.74,7.937517328967031,25880,0.0000,1.0
2020-08-28,26.95,26.95,26.12,26.83,7.964232981906711,45436,0.0000,1.0
2020-08-31,26.68,27.19,26.6,26.99,8.011727476021697,80580,0.0000,1.0
2020-09-01,26.79,27.23,26.77,27.15,8.059221970136683,39771,0.0000,1.0
2020-09-02,27.19,27.69,27.05,27.45,8.148274146602281,42751,0.0000,1.0
2020-09-03,27.49,27.6,27.01,27.07,8.03547472307919,58095,0.0000,1.0
2020-09-04,27.51,27.59,26.74,27.02,8.020632693668256,32106,0.0000,1.0
2020-09-08,26.78,26.78,25.69,25.77,7.649581958394928,29259,0.0000,1.0
2020-09-09,25.88,26.33,25.87,26.07,7.738634134860527,47108,0.0000,1.0
2020-09-10,26.32,26.32,25.365,25.41,7.54271934663621,61556,0.0000,1.0
2020-09-11,25.63,26.03,25.47,25.79,7.6555187701593015,45757,0.0000,1.0
2020-09-14,26.07,26.59,25.72,25.81,7.661455581923675,32713,0.0000,1.0
2020-09-15,25.96,25.96,25.0,25.11,7.453667170170611,36987,0.0000,1.0
2020-09-16,25.17,25.409000000000002,25.04,25.23,7.489288040756851,52225,0.0000,1.0
2020-09-17,24.94,25.64,24.94,25.28,7.504130070167784,36473,0.0000,1.0
2020-09-18,25.28,25.5599,24.63,25.15,7.465540793699358,150818,0.0000,1.0
2020-09-21,24.62,24.86,23.77,24.56,7.290404846650347,75408,0.0000,1.0
2020-09-22,24.58,24.92,24.451999999999998,24.75,7.346804558411893,78236,0.0000,1.0
2020-09-23,24.7,24.92,23.47,23.53,6.984659040785125,55297,0.0000,1.0
2020-09-24,23.53,24.25,23.335,23.79,7.061837593721977,42422,0.0000,1.0
2020-09-25,23.48,23.86,23.48,23.77,7.055900781957604,41674,0.0000,1.0
2020-09-28,24.02,25.17,24.02,24.47,7.263689193710667,42324,0.0000,1.0
2020-09-29,24.4,24.6,23.9,24.45,7.257752381946294,49474,0.0000,1.0
2020-09-30,24.57,24.84,23.92,24.13,7.162763393716322,52701,0.0000,1.0
2020-10-01,24.3,24.3,23.81,23.99,7.121205711365709,51414,0.0000,1.0
2020-10-02,23.51,24.885,23.51,24.6,7.302278470179094,45639,0.0000,1.0
2020-10-05,24.69,25.16,24.325,25.16,7.468509199581545,42528,0.0000,1.0
2020-10-06,25.33,25.97,24.22,24.59,7.2993100642969075,37060,0.0000,1.0
2020-10-07,25.11,25.26,24.49,25.0,7.4210147054665585,46086,0.0000,1.0
2020-10-08,25.37,26.14,25.02,25.96,7.705981670156475,41262,0.0000,1.0
2020-10-09,26.2,26.86,26.005,26.16,7.765349787800207,49772,0.0000,1.0
2020-10-12,26.16,26.8,25.7,26.53,7.875180805441112,36338,0.0000,1.0
2020-10-13,26.38,26.38,25.19,25.32,7.516003693696531,41286,0.0000,1.0
2020-10-14,24.905,26.38,24.905,25.7,7.628803117219622,34362,0.0000,1.0
2020-10-15,25.18,25.97,25.02,25.55,7.584277028986823,44662,0.0000,1.0
2020-10-16,25.45,26.785,25.45,25.86,7.676297611334608,24752,0.0000,1.0
2020-10-19,25.94,25.99,24.44,24.7,7.33196252900096,67686,0.0000,1.0
2020-10-20,24.94,26.1,24.94,25.59,7.596150652515569,24949,0.0000,1.0
2020-10-21,24.99,25.42,24.49,24.64,7.314152093707841,27730,0.0000,1.0
2020-10-22,24.425,24.875,24.28,24.53,7.281499629003788,32657,0.0000,1.0
2020-10-23,24.82,25.2,24.45,25.14,7.462572387817172,31028,0.0000,1.0
2020-10-26,24.77,24.77,23.77,24.34,7.225099917242241,33099,0.0000,1.0
2020-10-27,24.09,24.51,23.91,24.06,7.1419845525410155,32973,0.0000,1.0
2020-10-28,23.54,24.28,23.5,23.7,7.035121940782298,42232,0.0000,1.0
2020-10-29,23.51,24.36,23.32,24.01,7.127142523130083,34626,0.0000,1.0
2020-10-30,24.37,24.37,23.37,23.63,7.014343099606991,36733,0.0000,1.0
2020-11-02,24.37,24.64,23.64,24.23,7.192447452538189,27890,0.0000,1.0
2020-11-03,24.79,25.69,23.82,25.15,7.465540793699358,41793,0.0000,1.0
2020-11-04,24.8,25.14,23.9042,24.09,7.150889770187576,28117,0.0000,1.0
2020-11-05,24.15,25.31,24.15,25.24,7.492256446639037,43032,0.0000,1.0
2020-11-06,25.02,25.17,24.02,24.48,7.266657599592855,171657,0.0000,1.0
2020-11-09,26.65,27.91,25.2016,26.43,7.845496746619246,66986,0.0000,1.0
2020-11-10,26.82,26.88,26.0,26.67,7.916738487791726,63852,0.0000,1.0
2020-11-11,26.92,26.92,25.81,26.1,7.747539352507088,40794,0.0000,1.0
2020-11-12,25.92,26.51,25.36,25.67,7.619897899573063,38529,0.0000,1.0
2020-11-13,26.14,26.54,25.47,26.31,7.809875876033006,33590,0.0000,1.0
2020-11-16,26.99,27.27,26.54,26.97,8.005790664257324,49680,0.0000,1.0
2020-11-17,26.71,26.94,25.85,26.44,7.925643705438286,36416,0.2600,1.0
2020-11-18,26.68,27.035,26.06,26.2,7.8537014025144884,29013,0.0000,1.0
2020-11-19,26.02,27.06,25.4,26.87,8.054540331510088,59272,0.0000,1.0
2020-11-20,26.56,27.16,26.42,26.78,8.027561967913664,50228,0.0000,1.0
2020-11-23,27.02,27.54,26.15,27.28,8.177441765671574,55754,0.0000,1.0
2020-11-24,27.73,27.95,27.24,27.82,8.339311947250117,289171,0.0000,1.0
2020-11-25,27.57,27.67,27.0,27.54,8.255379260505688,57904,0.0000,1.0
2020-11-27,27.54,27.765,27.23,27.52,8.24938406859537,28528,0.0000,1.0
2020-11-30,27.43,27.43,25.66,25.83,7.7427903521736345,204868,0.0000,1.0
2020-12-01,26.45,27.0,25.61,25.91,7.7667711198149005,58796,0.0000,1.0
2020-12-02,25.74,26.42,25.35,26.13,7.832718230828381,60797,0.0000,1.0
2020-12-03,26.09,27.395,26.09,26.55,7.958617260945026,55272,0.0000,1.0
2020-12-04,26.76,28.15,26.59,27.97,8.38427588657749,58820,0.0000,1.0
2020-12-07,28.17,28.34,27.41,27.54,8.255379260505688,45225,0.0000,1.0
2020-12-08,27.58,28.7,27.58,28.6,8.573124431752458,76724,0.0000,1.0
2020-12-09,27.0,30.69,26.01,29.48,8.836912875806378,104893,0.0000,1.0
2020-12-10,29.35,29.79,28.2,28.89,8.660054714452045,182267,0.0000,1.0
2020-12-11,28.28,28.79,28.03,28.21,8.456218189501287,117851,0.0000,1.0
2020-12-14,28.62,29.885,28.36,29.34,8.794946532434164,92714,0.0000,1.0
2020-12-15,29.76,30.77,29.27,30.12,9.028759016936505,63571,0.0000,1.0
2020-12-16,30.43,30.6,29.21,29.76,8.92084556255081,56726,0.0000,1.0
2020-12-17,29.96,30.1,29.02,29.6,8.872884027268277,53759,0.0000,1.0
2020-12-18,29.85,30.9,29.11,29.16,8.740989805241316,326052,0.0000,1.0
2020-12-21,28.64,30.015,28.5,29.72,8.908855178730175,93949,0.0000,1.0
2020-12-22,29.86,29.97,29.5,29.88,8.956816714012707,43882,0.0000,1.0
2020-12-23,30.14,30.46,29.79,30.35,9.097703723905143,57782,0.0000,1.0
2020-12-24,30.27,30.94,30.04,30.57,9.163650834918622,45889,0.0000,1.0
2020-12-28,30.65,31.36,30.26,30.39,9.109694107725774,47213,0.0000,1.0
2020-12-29,30.53,30.53,28.97,29.41,8.815929704120272,38986,0.0000,1.0
2020-12-30,29.67,30.01,29.4027,29.68,8.896864794909543,32136,0.0000,1.0
2020-12-31,28.805,29.85,28.805,29.49,8.839910471761536,31036,0.0000,1.0
2021-01-04,29.82,29.85,28.5,29.5,8.842908067716696,63960,0.0000,1.0
2021-01-05,29.56,30.74,29.56,30.12,9.028759016936505,97749,0.0000,1.0
2021-01-06,30.78,32.67,30.78,32.25,9.6672469553852,67656,0.0000,1.0
2021-01-07,32.56,33.3,32.36,32.78,9.826119541008586,42365,0.0000,1.0
2021-01-08,32.98,33.01,31.9,32.24,9.664249359430043,40277,0.0000,1.0
2021-01-11,31.92,32.87,31.83,32.55,9.757174834039946,36949,0.0000,1.0
2021-01-12,32.6712,33.14,32.41,32.96,9.880076268201433,42647,0.0000,1.0
2021-01-13,33.0,33.05,32.195,32.89,9.859093096515325,68933,0.0000,1.0
2021-01-14,32.98,34.025,32.98,33.39,10.008972894273235,51030,0.0000,1.0
2021-01-15,33.2,33.655,32.5775,32.94,9.874081076291116,81975,0.0000,1.0
2021-01-19,33.12,33.14,31.71,31.93,9.571323884820139,64638,0.0000,1.0
2021-01-20,31.99,32.16,30.76,31.03,9.3015402488559,55895,0.0000,1.0
2021-01-21,31.23,31.59,29.9213,30.39,9.109694107725774,84373,0.0000,1.0
2021-01-22,29.91,30.87,29.91,30.69,9.19962198638052,32842,0.0000,1.0
2021-01-25,30.46,30.86,29.99,30.55,9.157655643008306,51330,0.0000,1.0
2021-01-26,30.66,30.66,29.28,29.65,8.887872007044068,44846,0.0000,1.0
2021-01-27,28.65,29.295,28.01,28.77,8.624083562990146,69536,0.0000,1.0
2021-01-28,29.26,29.73,28.8322,29.37,8.803939320299639,62483,0.0000,1.0
2021-01-29,29.39,29.81,28.63,28.67,8.594107603438564,114496,0.0000,1.0
2021-02-01,28.8,29.815,28.6249,29.54,8.854898451537327,51971,0.0000,1.0
2021-02-02,29.98,30.02,29.0,29.58,8.86688883535796,63763,0.0000,1.0
2021-02-03,28.91,29.82,28.18,28.73,8.612093179169513,101140,0.0000,1.0
2021-02-04,28.66,29.44,27.64,29.11,8.726001825465525,81449,0.0000,1.0
2021-02-05,29.54,29.54,28.27,28.78,8.627081158945305,147192,0.0000,1.0
2021-02-08,28.9,30.28,28.9,29.53,8.85190085558217,38075,0.0000,1.0
2021-02-09,29.69,30.005,29.3,29.48,8.836912875806378,38195,0.0000,1.0
2021-02-10,29.4075,29.51,29.0,29.07,8.714011441644892,29806,0.0000,1.0
2021-02-11,29.03,29.6,28.75,29.43,8.821924896030588,39805,0.0000,1.0
2021-02-12,29.16,29.47,29.0,29.15,8.737992209286158,42831,0.0000,1.0
2021-02-16,29.02,29.2922,28.61,28.66,8.669047502317518,34359,0.2600,1.0
2021-02-17,28.51,29.2,28.11,28.72,8.687196240982523,38256,0.0000,1.0
2021-02-18,28.49,28.82,27.76,28.38,8.584353388547493,57311,0.0000,1.0
2021-02-19,28.5,29.05,28.13,29.05,8.787014303640053,37156,0.0000,1.0
2021-02-22,28.81,30.21,28.81,29.85,9.028997485840124,53658,0.0000,1.0
2021-02-23,29.68,30.26,29.49,30.22,9.140914707607655,73167,0.0000,1.0
2021-02-24,30.43,32.39,30.43,31.97,9.67025291867031,105978,0.0000,1.0
2021-02-25,32.02,32.4,30.71,31.82,9.624881072007796,77194,0.0000,1.0
2021-02-26,31.9,31.955,30.7,31.13,9.416170577360235,67606,0.0000,1.0
2021-03-01,31.63,32.15,31.13,31.93,9.658153759560305,58332,0.0000,1.0
2021-03-02,31.79,31.98,30.89,31.2,9.437344105802742,39116,0.0000,1.0
2021-03-03,31.37,32.29,31.285,31.81,9.621856282230295,43422,0.0000,1.0
2021-03-04,31.86,32.15,30.95,31.43,9.506914270685261,66149,0.0000,1.0
2021-03-05,32.1,33.5,31.535,33.31,10.075574748855427,75154,0.0000,1.0
2021-03-08,33.63,35.25,33.1417,35.03,10.59583859058558,109248,0.0000,1.0
2021-03-09,35.22,35.45,33.88,34.41,10.408301624380522,75026,0.0000,1.0
2021-03-10,34.99,35.42,34.5,35.17,10.638185647470591,52247,0.0000,1.0
2021-03-11,35.41,36.185,35.26,35.78,10.822697823898144,39157,0.0000,1.0
2021-03-12,36.07,36.54,35.62,36.12,10.925540676333172,63168,0.0000,1.0
2021-03-15,36.12,37.09,35.28,36.9,11.161474278978242,62102,0.0000,1.0
2021-03-16,36.89,36.94,35.37,35.43,10.716830181685612,63512,0.0000,1.0
2021-03-17,35.5,35.5899,34.26,34.95,10.571640272365572,53654,0.0000,1.0
2021-03-18,34.685,35.45,33.46,33.97,10.275210874170485,41554,0.0000,1.0
2021-03-19,33.71,35.27,32.905,34.82,10.532318005258059,254003,0.0000,1.0
2021-03-22,34.83,34.83,32.84,33.24,10.054401220412922,53989,0.0000,1.0
2021-03-23,32.73,32.77,31.0,31.39,9.494815111575258,49093,0.0000,1.0
2021-03-24,32.06,32.93,31.1,31.15,9.422220156915238,48028,0.0000,1.0
2021-03-25,31.0,32.1,30.34,31.82,9.624881072007796,50117,0.0000,1.0
2021-03-26,32.44,33.17,32.1,33.0,9.9818062657529,46232,0.0000,1.0
2021-03-29,32.8,33.06,31.71,32.4,9.800318879102846,82028,0.0000,1.0
2021-03-30,32.47,33.3,32.3,33.05,9.996930214640404,47043,0.0000,1.0
2021-03-31,32.8,34.47,32.8,33.87,10.244962976395476,135260,0.0000,1.0
2021-04-01,32.705,34.03,32.705,33.73,10.202615919510462,38497,0.0000,1.0
2021-04-05,34.365,34.365,33.73,34.08,10.308483561722994,39294,0.0000,1.0
2021-04-06,34.04,34.14,33.52,33.75,10.208665499065466,33794,0.0000,1.0
2021-04-07,34.655,34.655,32.85,33.15,10.027178112415413,45759,0.0000,1.0
2021-04-08,33.16,33.68,33.0,33.68,10.18749197062296,46456,0.0000,1.0
2021-04-09,33.48,34.91,33.25,34.18,10.338731459498003,84772,0.0000,1.0
2021-04-12,34.44,34.44,33.4,34.24,10.35688019816301,40016,0.0000,1.0
2021-04-13,33.47,34.49,33.47,34.48,10.429475152823029,42129,0.0000,1.0
2021-04-14,34.54,35.4,34.15,35.09,10.613987329250584,38453,0.0000,1.0
2021-04-15,35.52,35.52,34.81,35.34,10.689607073688107,29239,0.0000,1.0
2021-04-16,35.66,35.67,34.745,35.31,10.680532704355603,66375,0.0000,1.0
2021-04-19,35.05,35.23,34.85,35.06,10.604912959918082,40894,0.0000,1.0
2021-04-20,34.84,35.04,34.085,34.57,10.456698260820538,43851,0.0000,1.0
2021-04-21,34.52,35.49,34.4601,35.18,10.641210437248091,26839,0.0000,1.0
2021-04-22,35.44,35.44,34.27,34.66,10.483921368818045,49188,0.0000,1.0
2021-04-23,34.85,35.61,34.57,35.02,10.592813800808077,44197,0.0000,1.0
2021-04-26,35.12,35.25,34.6,34.83,10.53534279503556,42811,0.0000,1.0
2021-04-27,34.95,35.25,34.38,35.25,10.662383965690598,33719,0.0000,1.0
2021-04-28,35.45,35.45,34.8,35.32,10.683557494133103,22562,0.0000,1.0
2021-04-29,35.5,35.75,35.24,35.46,10.725904551018116,25427,0.0000,1.0
2021-04-30,35.22,35.43,34.77,35.24,10.659359175913098,49864,0.0000,1.0
2021-05-03,35.67,36.28,35.29,35.96,10.87714403989316,53032,0.0000,1.0
2021-05-04,35.55,36.65,35.34,36.06,10.90739193766817,44768,0.0000,1.0
2021-05-05,34.31,36.64,34.07,35.95,10.87411925011566,95038,0.0000,1.0
2021-05-06,36.21,36.39,35.13,36.31,10.98301168210569,74876,0.0000,1.0
2021-05-07,36.3,36.57,35.92,36.51,11.043507477655707,56082,0.0000,1.0
2021-05-10,36.48,37.28,36.38,36.52,11.04653226743321,47806,0.0000,1.0
2021-05-11,36.3,36.72,35.28,36.14,10.931590255888176,31764,0.0000,1.0
2021-05-12,35.99,35.99,35.03,35.21,10.650284806580594,31077,0.0000,1.0
2021-05-13,35.3,37.1156,35.3,36.44,11.022333949213202,28937,0.0000,1.0
2021-05-14,36.62,37.1465,36.2001,37.05,11.206846125640755,45804,0.0000,1.0
2021-05-17,36.96,37.0646,36.24,36.64,11.08282974476322,47123,0.0000,1.0
2021-05-18,36.39,36.59,34.9632,35.34,10.768251607903128,36290,0.2600,1.0
2021-05-19,35.03,35.39,34.17,35.12,10.701216651656983,34421,0.0000,1.0
2021-05-20,35.1,35.21,34.42,35.18,10.719498912451387,28257,0.0000,1.0
2021-05-21,35.28,36.11,34.785,35.06,10.682934390862583,39951,0.0000,1.0
2021-05-24,35.46,35.46,34.854,34.97,10.655510999670977,22321,0.0000,1.0
2021-05-25,34.71,34.95,33.77,33.91,10.332524392303197,24120,0.0000,1.0
2021-05-26,34.04,34.46,33.53,34.37,10.472688391726951,38534,0.0000,1.0
2021-05-27,34.78,35.07,34.4,34.4,10.481829522124153,36669,0.0000,1.0
2021-05-28,34.8,34.8,33.88,34.36,10.469641348261218,25194,0.0000,1.0
2021-06-01,34.7,35.345,34.13,34.94,10.646369869273776,58976,0.0000,1.0
2021-06-02,35.08,35.1,34.36,34.73,10.582381956493366,28937,0.0000,1.0
2021-06-03,34.46,34.66,33.92,34.41,10.484876565589886,36811,0.0000,1.0
2021-06-04,34.58,34.8735,34.07,34.55,10.52753517411016,19287,0.0000,1.0
2021-06-07,34.46,34.755,34.0,34.23,10.430029783206678,27086,0.0000,1.0
2021-06-08,34.39,34.93,34.29,34.61,10.545817434904562,17453,0.0000,1.0
2021-06-09,34.57,34.71,33.94,34.58,10.53667630450736,31662,0.0000,1.0
2021-06-10,34.7,34.77,34.17,34.17,10.411747522412277,21123,0.0000,1.0
2021-06-11,34.45,35.34,34.45,35.01,10.667699173533912,30910,0.0000,1.0
2021-06-14,35.25,35.25,33.96,34.29,10.448312044001081,32322,0.0000,1.0
2021-06-15,34.37,35.03,34.0854,34.49,10.509252913315757,23889,0.0000,1.0
2021-06-16,34.43,35.24,34.14,35.06,10.682934390862583,53826,0.0000,1.0
2021-06-17,34.83,35.3,34.08,34.1,10.39041821815214,48088,0.0000,1.0
2021-06-18,33.3,33.62,32.21,32.6,9.933361698292076,103602,0.0000,1.0
2021-06-21,32.92,33.4675,32.2,32.36,9.860232655114466,37325,0.0000,1.0
2021-06-22,32.21,32.42,31.22,32.16,9.799291785799788,40945,0.0000,1.0
2021-06-23,32.24,32.39,31.32,31.63,9.6377984821159,44618,0.0000,1.0
2021-06-24,31.85,32.62,31.2345,32.59,9.930314654826343,40847,0.0000,1.0
2021-06-25,32.54,32.83,31.51,31.81,9.692645264499108,110510,0.0000,1.0
2021-06-28,31.88,31.88,30.73,30.92,9.421458396048804,30248,0.0000,1.0
2021-06-29,30.71,30.96,30.4,30.53,9.302623700885187,29409,0.0000,1.0
2021-06-30,30.66,31.35,30.415,30.95,9.430599526446004,47928,0.0000,1.0
2021-07-01,31.26,31.35,30.67,30.81,9.38794091792573,29321,0.0000,1.0
2021-07-02,30.98,31.08,30.49,30.97,9.436693613377471,39898,0.0000,1.0
2021-07-06,30.88,30.88,29.57,29.89,9.107612919078225,30212,0.0000,1.0
2021-07-07,29.77,30.06,29.58,29.8,9.08018952788662,31598,0.0000,1.0
2021-07-08,29.4,29.73,28.995,29.52,8.994872310846075,44239,0.0000,1.0
2021-07-09,29.69,30.96,29.6401,30.65,9.339188222473991,29197,0.0000,1.0
2021-07-12,30.5,30.6799,30.12,30.46,9.28129439662505,13516,0.0000,1.0
2021-07-13,30.1599,30.24,29.7,30.03,9.150271527598498,21838,0.0000,1.0
2021-07-14,30.07,30.295,28.515,29.03,8.845567181025121,111149,0.0000,1.0
2021-07-15,28.79,29.28,28.5,28.96,8.824237876764984,61036,0.0000,1.0
2021-07-16,29.26,29.9,28.92,29.19,8.894319876476862,244052,0.0000,1.0
2021-07-19,28.83,29.74,28.61,28.86,8.793767442107647,61065,0.0000,1.0
2021-07-20,28.92,29.675,28.92,29.36,8.946119615394336,44527,0.0000,1.0
2021-07-21,29.69,30.63,29.27,29.87,9.101518832146757,30010,0.0000,1.0
2021-07-22,29.68,29.68,28.76,28.86,8.793767442107647,17111,0.0000,1.0
2021-07-23,29.25,29.55,28.92,29.05,8.851661267956588,28504,0.0000,1.0
2021-07-26,29.11,29.67,29.11,29.49,8.985731180448873,22894,0.0000,1.0
2021-07-27,29.44,29.51,28.91,29.01,8.839473094093654,32594,0.0000,1.0
2021-07-28,29.0301,29.55,28.79,29.39,8.955260745791536,23288,0.0000,1.0
2021-07-29,29.24,30.23,29.24,29.63,9.028389788969147,26497,0.0000,1.0
2021-07-30,29.64,29.7,28.93,29.09,8.863849441819523,25187,0.0000,1.0
2021-08-02,29.0,29.72,28.72,28.88,8.799861529039115,30637,0.0000,1.0
2021-08-03,29.08,29.12,28.425,28.94,8.818143789833517,47989,0.0000,1.0
2021-08-04,28.48,30.62,27.33,27.69,8.437263356616796,43633,0.0000,1.0
2021-08-05,27.75,27.8823,26.55,26.55,8.089900401523147,71127,0.0000,1.0
2021-08-06,27.0,27.91,26.99,27.53,8.388510661165057,37103,0.0000,1.0
2021-08-09,27.53,27.53,26.59,26.69,8.13255901004342,32378,0.0000,1.0
2021-08-10,26.65,27.48,25.47,27.16,8.275770052932907,94753,0.0000,1.0
2021-08-11,27.14,27.61,26.605,27.32,8.324522748384647,27191,0.0000,1.0
2021-08-12,27.39,28.225,26.68,26.94,8.208735096686764,21894,0.0000,1.0
2021-08-13,26.78,27.27,26.125,27.12,8.263581879069973,47430,0.0000,1.0
2021-08-16,27.06,27.6703,26.545,26.64,8.117323792714751,33032,0.0000,1.0
2021-08-17,25.68,26.465,25.3,25.53,7.858325098127382,41758,0.2600,1.0
2021-08-18,25.4,25.9,25.21,25.32,7.793685526227391,27301,0.0000,1.0
2021-08-19,26.24,26.24,24.975,25.09,7.72288980462264,38336,0.0000,1.0
2021-08-20,25.0,25.68,25.0,25.2,7.756748627998825,83730,0.0000,1.0
2021-08-23,25.58,26.015,25.26,25.54,7.861403172979761,42554,0.0000,1.0
2021-08-24,25.78,28.36,25.47,25.96,7.9906823167797425,27792,0.0000,1.0
2021-08-25,26.1,26.1,25.38,25.46,7.836778574160718,32935,0.0000,1.0
2021-08-26,25.36,25.415,25.17,25.17,7.747514403441684,17697,0.0000,1.0
2021-08-27,25.38,26.115,25.38,25.82,7.947589268846415,40425,0.0000,1.0
2021-08-30,26.03,26.19,25.4,25.43,7.827544349603577,23623,0.0000,1.0
2021-08-31,25.42,25.7544,25.17,25.3,7.78752937652263,22732,0.0000,1.0
2021-09-01,25.325,25.51,24.995,25.43,7.827544349603577,40143,0.0000,1.0
2021-09-02,25.55,25.82,25.365,25.61,7.882949696946425,26617,0.0000,1.0
2021-09-03,25.67,25.795,25.34,25.58,7.873715472389283,31432,0.0000,1.0
2021-09-07,25.45,25.73,25.19,25.37,7.809075900489294,23627,0.0000,1.0
2021-09-08,25.24,25.5499,25.01,25.33,7.796763601079771,26947,0.0000,1.0
2021-09-09,25.25,25.75,24.91,24.91,7.667484457279791,38644,0.0000,1.0
2021-09-10,25.39,25.39,24.8,25.01,7.6982652058035965,29743,0.0000,1.0
2021-09-13,25.08,25.615,24.875,25.14,7.738280178884542,50288,0.0000,1.0
2021-09-14,25.08,25.17,24.62,24.83,7.642859858460747,61698,0.0000,1.0
2021-09-15,24.9,24.9108,24.41,24.62,7.578220286560757,46472,0.0000,1.0
2021-09-16,24.7,24.7,23.31,23.56,7.251944352208425,54730,0.0000,1.0
2021-09-17,23.5,24.33,23.1,23.25,7.15652403178463,587924,0.0000,1.0
2021-09-20,23.09,24.53,23.07,24.51,7.544361463184572,206727,0.0000,1.0
2021-09-21,24.52,24.97,24.0075,24.07,7.40892616967983,47476,0.0000,1.0
2021-09-22,24.33,24.77,24.27,24.55,7.556673762594094,50364,0.0000,1.0
2021-09-23,24.61,25.375,24.58,25.04,7.707499430360738,64829,0.0000,1.0
2021-09-24,24.89,25.8228,24.8771,25.05,7.710577505213118,44412,0.0000,1.0
2021-09-27,25.19,25.95,25.09,25.85,7.956823493403557,46409,0.0000,1.0
2021-09-28,25.43,25.75,25.24,25.34,7.799841675932152,32963,0.0000,1.0
2021-09-29,25.5,25.72,25.225,25.38,7.8121539753416736,33362,0.0000,1.0
2021-09-30,25.47,25.52,24.5,24.57,7.562829912298855,44915,0.0000,1.0
2021-10-01,24.64,25.15,24.45,24.93,7.673640606984552,43472,0.0000,1.0
2021-10-04,24.88,25.5,24.63,25.36,7.805997825636913,47460,0.0000,1.0
2021-10-05,25.36,25.82,24.38,25.44,7.8306224244559575,52971,0.0000,1.0
2021-10-06,25.4,25.5,24.99,25.43,7.827544349603577,42816,0.0000,1.0
2021-10-07,25.6,26.0,25.47,25.87,7.962979643108318,70311,0.0000,1.0
2021-10-08,25.82,26.33,25.63,25.96,7.9906823167797425,37706,0.0000,1.0
2021-10-11,25.87,26.05,25.5,25.59,7.876793547241665,23717,0.0000,1.0
2021-10-12,25.65,25.8,25.09,25.23,7.765982852555967,22588,0.0000,1.0
2021-10-13,25.28,26.21,25.1375,26.04,8.015306915598785,48715,0.0000,1.0
2021-10-14,26.37,27.26,26.33,26.45,8.141507984546386,54290,0.0000,1.0
2021-10-15,26.89,27.0,26.04,26.76,8.236928304970181,132787,0.0000,1.0
2021-10-18,26.52,26.63,24.91,25.53,7.858325098127382,52045,0.0000,1.0
2021-10-19,25.5,25.7693,25.31,25.58,7.873715472389283,46553,0.0000,1.0
2021-10-20,25.67,25.97,25.5,25.68,7.904496220913089,24693,0.0000,1.0
2021-10-21,25.76,26.0,25.36,25.82,7.947589268846415,32838,0.0000,1.0
2021-10-22,25.93,26.2,25.91,25.96,7.9906823167797425,27339,0.0000,1.0
2021-10-25,26.035,26.6,25.91,26.2,8.064556113236874,58114,0.0000,1.0
2021-10-26,26.29,26.29,25.2201,25.94,7.984526167074982,38575,0.0000,1.0
2021-10-27,26.03,26.03,25.365,25.51,7.852168948422621,48479,0.0000,1.0
2021-10-28,25.6428,26.2314,25.6428,25.98,7.996838466484504,22014,0.0000,1.0
2021-10-29,26.1,26.4368,25.8,25.86,7.959901568255937,42680,0.0000,1.0
2021-11-01,26.0,26.61,25.98,26.55,8.172288733070191,25400,0.0000,1.0
2021-11-02,26.52,26.57,26.11,26.22,8.070712262941635,29879,0.0000,1.0
2021-11-03,26.3,27.38,26.3,27.03,8.320036325984455,28991,0.0000,1.0
2021-11-04,27.21,27.41,26.54,26.83,8.258474828936844,28066,0.0000,1.0
2021-11-05,26.92,27.84,26.75,27.84,8.569360389027274,84265,0.0000,1.0
2021-11-08,28.13,28.53,27.85,28.44,8.754044880170103,27347,0.0000,1.0
2021-11-09,28.28,28.29,27.65,28.22,8.686327233417732,56148,0.0000,1.0
2021-11-10,28.27,28.3,27.29,28.07,8.640156110632025,25673,0.0000,1.0
2021-11-11,28.02,28.38,27.77,28.27,8.701717607679635,18863,0.0000,1.0
2021-11-12,28.44,28.86,27.52,27.64,8.507798891979665,18234,0.0000,1.0
2021-11-15,27.77,27.77,26.74,27.56,8.48317429316062,44878,0.0000,1.0
2021-11-16,27.34,27.62,27.11,27.45,8.529345415946327,24267,0.2600,1.0
2021-11-17,27.31,27.49,26.85,27.37,8.504487578668524,29967,0.0000,1.0
2021-11-18,27.12,27.9,26.8601,27.62,8.58216832016166,35809,0.0000,1.0
2021-11-19,27.33,27.33,26.6759,26.85,8.342911636362802,23772,0.0000,1.0
2021-11-22,27.1,27.685,26.96,27.16,8.43923575581429,90016,0.0000,1.0
2021-11-23,27.27,27.58,26.78,27.47,8.535559875265777,42104,0.0000,1.0
2021-11-24,27.19,27.52,27.125,27.17,8.442342985474015,14842,0.0000,1.0
2021-11-26,26.45,27.08,25.4801,26.1,8.109869411883393,21257,0.0000,1.0
2021-11-29,26.31,26.4,25.09,25.16,7.817789823869202,33152,0.0000,1.0
2021-11-30,25.02,25.03,24.35,24.42,7.58785482904952,63084,0.0000,1.0
2021-12-01,24.6,25.07,23.78,23.9,7.4262788867437965,59069,0.0000,1.0
2021-12-02,23.95,24.695,23.64,24.49,7.609605436667597,26296,0.0000,1.0
2021-12-03,24.28,24.45,23.79,24.32,7.5567825324522655,22903,0.0000,1.0
2021-12-06,24.64,25.3,24.06,25.07,7.789824756931673,31557,0.0000,1.0
2021-12-07,25.26,25.945,25.26,25.51,7.926542861959593,30946,0.0000,1.0
2021-12-08,27.78,28.905,27.15,28.0,8.700243047231226,85867,0.0000,1.0
2021-12-09,28.0,28.72,27.6442,28.56,8.87424790817585,32871,0.0000,1.0
2021-12-10,28.73,29.23,27.39,28.51,8.858711759877224,52380,0.0000,1.0
2021-12-13,28.51,29.94,28.25,29.27,9.094861214016356,46732,0.0000,1.0
2021-12-14,29.26,29.75,28.25,28.34,8.805888855661891,70485,0.0000,1.0
2021-12-15,28.51,29.49,28.14,29.27,9.094861214016356,45291,0.0000,1.0
2021-12-16,28.9625,29.915,28.55,28.67,8.90842743443283,75301,0.0000,1.0
2021-12-17,28.57,28.95,27.26,27.38,8.507594808328248,205646,0.0000,1.0
2021-12-20,27.3,28.03,26.71,27.73,8.61634784641864,75541,0.0000,1.0
2021-12-21,27.92,28.84,27.92,28.73,8.927070812391182,18958,0.0000,1.0
2021-12-22,28.74,28.91,27.97,28.82,8.955035879328712,34027,0.0000,1.0
2021-12-23,29.09,30.21,28.68,29.51,9.169434725849769,27786,0.0000,1.0
2021-12-27,29.43,29.5,28.81,29.5,9.166327496190041,18966,0.0000,1.0
2021-12-28,29.28,29.9,29.28,29.57,9.18807810380812,19661,0.0000,1.0
2021-12-29,29.51,29.95,29.51,29.64,9.209828711426198,13638,0.0000,1.0
2021-12-30,29.29,29.97,29.08,29.41,9.138362429252513,17727,0.0000,1.0
2021-12-31,29.25,29.57,29.25,29.49,9.163220266530315,12931,0.0000,1.0
2022-01-03,29.51,30.0663,29.18,29.75,9.244008237683177,21721,0.0000,1.0
2022-01-04,29.98,30.81,29.58,30.52,9.483264921482036,29871,0.0000,1.0
2022-01-05,30.43,30.46,29.23,29.69,9.225364859724825,33057,0.0000,1.0
2022-01-06,29.89,30.29,29.49,29.81,9.26265161564153,23855,0.0000,1.0
2022-01-07,29.91,29.95,29.16,29.16,9.060681687759377,16208,0.0000,1.0
2022-01-10,29.07,30.0,28.22,29.5,9.166327496190041,37658,0.0000,1.0
2022-01-11,29.52,29.52,28.685,29.14,9.054467228439925,16363,0.0000,1.0
2022-01-12,28.435,29.09,28.02,28.23,8.771709329404912,34954,0.0000,1.0
2022-01-13,28.53,28.53,27.87,28.05,8.715779195529853,18770,0.0000,1.0
2022-01-14,27.95,28.85,27.95,28.64,8.899105745453655,21346,0.0000,1.0
2022-01-18,28.4,28.53,27.81,28.0,8.700243047231226,19065,0.0000,1.0
2022-01-19,27.81,27.81,26.05,26.76,8.314946569425272,65218,0.0000,1.0
2022-01-20,26.71,27.0545,25.53,25.78,8.01043806277218,64747,0.0000,1.0
2022-01-21,25.47,27.07,25.47,25.73,7.994901914473552,154601,0.0000,1.0
2022-01-24,25.59,28.44,25.59,28.03,8.709564736210403,61446,0.0000,1.0
2022-01-25,27.75,30.15,27.475,29.93,9.299938371558236,97315,0.0000,1.0
2022-01-26,29.75,31.0,28.794,29.65,9.212935941085924,53995,0.0000,1.0
2022-01-27,29.75,30.46,28.3101,29.99,9.318581749516587,53182,0.0000,1.0
2022-01-28,29.99,31.33,29.06,29.97,9.312367290197137,57692,0.0000,1.0
2022-01-31,29.57,31.81,29.57,29.86,9.278187763940158,279026,0.0000,1.0
2022-02-01,29.87,30.08,28.72,29.32,9.110397362314984,50748,0.0000,1.0
2022-02-02,29.42,29.92,28.17,28.61,8.889784056474477,44437,0.0000,1.0
2022-02-03,28.39,29.12,28.06,28.64,8.899105745453655,27612,0.0000,1.0
2022-02-04,28.42,28.425,27.5,27.86,8.65674183199507,125596,0.0000,1.0
2022-02-07,28.0,29.32,27.8,29.1,9.042038309801026,73193,0.0000,1.0
2022-02-08,28.86,29.1599,28.55,29.03,9.020287702182946,35610,0.0000,1.0
2022-02-09,27.56,27.56,23.9,23.91,7.429386116403522,257236,0.0000,1.0
2022-02-10,23.89,24.0859,22.285,22.36,6.9477655191460785,132153,0.0000,1.0
2022-02-11,22.16,23.42,21.6,23.1,7.177700513965762,124701,0.0000,1.0
2022-02-14,23.27,23.27,22.27,22.88,7.109341461451802,117537,0.0000,1.0
2022-02-15,23.1,23.8014,23.01,23.33,7.329954767292309,56717,0.2600,1.0
2022-02-16,23.33,23.53,22.65,23.27,7.311103619155252,44590,0.0000,1.0
2022-02-17,23.0,23.08,22.5,22.55,7.084889841510568,42969,0.0000,1.0
2022-02-18,22.31,22.75,22.29,22.54,7.081747983487725,40034,0.0000,1.0
2022-02-22,22.48,22.91,22.14,22.4,7.037761971167925,73496,0.0000,1.0
2022-02-23,22.4,22.66,21.38,21.41,6.726718026906487,54472,0.0000,1.0
2022-02-24,21.17,21.51,20.83,21.39,6.720434310860801,105276,0.0000,1.0
2022-02-25,21.52,21.67,21.0,21.02,6.604185564015617,43281,0.0000,1.0
2022-02-28,21.0,21.6163,20.85,21.14,6.641887860289731,70349,0.0000,1.0
2022-03-01,21.32,21.32,20.45,20.57,6.4628019529876894,121226,0.0000,1.0
2022-03-02,20.67,21.21,20.51,21.05,6.613611138084145,57982,0.0000,1.0
2022-03-03,20.97,20.98,20.29,20.56,6.459660094964846,134165,0.0000,1.0
2022-03-04,20.4,21.29,20.24,21.15,6.645029718312573,99538,0.0000,1.0
2022-03-07,21.29,22.65,21.29,22.28,7.000059674893812,70895,0.0000,1.0
2022-03-08,22.32,22.71,21.67,22.02,6.9183713662998985,68930,0.0000,1.0
2022-03-09,22.08,22.4301,21.2458,22.32,7.0126271069851835,58178,0.0000,1.0
2022-03-10,22.01,22.07,21.6,21.99,6.9089457922313695,32533,0.0000,1.0
2022-03-11,21.85,22.065,21.14,21.24,6.673306440518158,51417,0.0000,1.0
2022-03-14,21.17,21.33,20.36,20.73,6.513071681353175,39251,0.0000,1.0
2022-03-15,20.8,20.94,20.5,20.78,6.528780971467389,45296,0.0000,1.0
2022-03-16,20.81,21.22,20.46,20.95,6.582192557855716,50224,0.0000,1.0
2022-03-17,21.16,21.4558,21.0583,21.25,6.676448298541001,32051,0.0000,1.0
2022-03-18,21.17,21.33,20.75,21.17,6.65131343435826,79523,0.0000,1.0
2022-03-21,21.23,21.23,20.57,20.66,6.4910786751932745,45527,0.0000,1.0
2022-03-22,20.89,21.06,20.03,20.13,6.324560199982605,80659,0.0000,1.0
2022-03-23,20.31,20.734,19.94,20.14,6.327702058005448,60315,0.0000,1.0
2022-03-24,20.5,20.8899,20.07,20.26,6.365404354279562,93624,0.0000,1.0
2022-03-25,20.27,20.58,20.12,20.35,6.393681076485148,66150,0.0000,1.0
2022-03-28,20.16,20.43,19.98,20.06,6.302567193822705,61487,0.0000,1.0
2022-03-29,20.92,21.581,20.78,21.27,6.682732014586687,117341,0.0000,1.0
2022-03-30,21.08,21.38,20.13,20.22,6.35283692218819,77226,0.0000,1.0
2022-03-31,20.16,20.18,19.32,19.42,6.1014882803607655,190648,0.0000,1.0
2022-04-01,19.55,20.13,19.25,20.07,6.3057090518455485,67421,0.0000,1.0
2022-04-04,20.2,20.23,19.61,20.17,6.337127632073977,62411,0.0000,1.0
2022-04-05,20.09,20.35,19.37,19.42,6.1014882803607655,71793,0.0000,1.0
2022-04-06,19.42,20.01,19.17,19.59,6.154899866749092,80508,0.0000,1.0
2022-04-07,19.67,19.87,19.23,19.49,6.123481286520664,77465,0.0000,1.0
2022-04-08,19.58,19.71,19.3,19.39,6.092062706292237,77684,0.0000,1.0
2022-04-11,19.28,19.46,18.81,18.91,5.94125352119578,59485,0.0000,1.0
2022-04-12,19.04,19.54,18.85,19.08,5.994665107584108,156160,0.0000,1.0
2022-04-13,19.06,19.73,19.06,19.49,6.123481286520664,85184,0.0000,1.0
2022-04-14,19.57,19.77,19.38,19.5,6.126623144543507,47557,0.0000,1.0
2022-04-18,19.48,19.835,19.26,19.74,6.2020277370917345,80838,0.0000,1.0
2022-04-19,19.72,20.43,19.72,20.25,6.362262496256719,67377,0.0000,1.0
2022-04-20,20.2,20.77,20.2,20.54,6.4533763789191605,45170,0.0000,1.0
2022-04-21,20.64,20.86,20.45,20.53,6.450234520896318,47326,0.0000,1.0
2022-04-22,20.34,20.8,20.34,20.59,6.469085669033375,57254,0.0000,1.0
2022-04-25,20.4,20.73,20.29,20.71,6.506787965307489,71143,0.0000,1.0
2022-04-26,20.51,20.72,20.34,20.42,6.415674082645047,87246,0.0000,1.0
2022-04-27,20.54,20.6,20.0,20.05,6.299425335799863,52842,0.0000,1.0
2022-04-28,20.27,20.27,19.4,19.71,6.192602163023206,130278,0.0000,1.0
2022-04-29,19.83,19.935,19.160999999999998,19.3,6.063785984086651,59951,0.0000,1.0
2022-05-02,19.23,19.81,18.8689,19.77,6.2114533111602634,85355,0.0000,1.0
2022-05-03,19.9,20.065,19.57,19.81,6.224020743251634,51886,0.0000,1.0
2022-05-04,20.75,23.1236,20.15,23.04,7.238840884629867,115659,0.0000,1.0
2022-05-05,22.56,23.585,21.6,23.23,7.29853618706388,94280,0.0000,1.0
2022-05-06,23.13,23.39,22.6,23.11,7.260833890789766,219170,0.0000,1.0
2022-05-09,23.03,24.74,22.81,24.69,7.7572474583989335,117204,0.0000,1.0
2022-05-10,24.95,26.22,22.866,25.9,8.137412279162914,138617,0.0000,1.0
2022-05-11,25.82,25.98,24.98,25.53,8.02116353231773,69136,0.0000,1.0
2022-05-12,25.58,26.14,24.83,26.06,8.1876820075284,61892,0.0000,1.0
2022-05-13,26.18,26.52,24.82,25.43,7.989744952089302,62538,0.0000,1.0
2022-05-16,25.43,25.85,25.03,25.5,8.011737958249201,57119,0.0000,1.0
2022-05-17,25.57,26.565,25.55,25.78,8.181398291482715,66996,0.2600,1.0
2022-05-18,25.8,26.42,25.59,25.82,8.19409247036787,64967,0.0000,1.0
2022-05-19,25.54,25.98,24.96,24.99,7.9306882585008935,55765,0.0000,1.0
2022-05-20,25.24,25.25,24.64,25.08,7.959250160992494,44541,0.0000,1.0
2022-05-23,25.18,25.55,24.8725,25.43,8.070324226237604,116629,0.0000,1.0
2022-05-24,25.51,25.6,24.545,25.46,8.079844860401472,50609,0.0000,1.0
2022-05-25,25.34,25.95,25.31,25.77,8.178224746761426,25578,0.0000,1.0
2022-05-26,25.83,26.52,25.83,26.18,8.30834008033427,36413,0.0000,1.0
2022-05-27,26.16,26.64,26.11,26.38,8.371810974760047,31561,0.0000,1.0
2022-05-31,26.19,26.91,25.89,26.88,8.53048821082449,37199,0.0000,1.0
2022-06-01,26.78,27.44,26.43,27.22,8.638388731348313,56300,0.0000,1.0
2022-06-02,27.15,27.79,27.05,27.51,8.73042152826569,49384,0.0000,1.0
2022-06-03,27.5,27.79,27.2,27.59,8.755809886036001,30129,0.0000,1.0
2022-06-06,27.94,28.97,27.7,28.58,9.0699908134436,77320,0.0000,1.0
2022-06-07,28.27,29.58,27.7412,29.44,9.342915659474443,55417,0.0000,1.0
2022-06-08,29.29,29.47,28.71,29.22,9.273097675606088,55229,0.0000,1.0
2022-06-09,28.99,29.08,28.53,28.65,9.092205626492621,27371,0.0000,1.0
2022-06-10,27.25,28.28,27.02,27.09,8.597132649971558,63348,0.0000,1.0
2022-06-13,26.44,26.66,25.14,25.38,8.05445650263116,76964,0.0000,1.0
2022-06-14,25.36,25.41,24.5,25.07,7.956076616271205,40484,0.0000,1.0
2022-06-15,25.23,25.575,24.83,25.12,7.97194433987765,31580,0.0000,1.0
2022-06-16,24.5,24.5,23.36,23.41,7.429268192537252,44088,0.0000,1.0
2022-06-17,23.37,23.71,23.1,23.14,7.343582485062453,56271,0.0000,1.0
2022-06-21,23.4,23.94,22.89,23.22,7.368970842832764,31875,0.0000,1.0
2022-06-22,23.14,24.015,23.05,23.75,7.5371687130610745,38063,0.0000,1.0
2022-06-23,23.76,24.45,23.368000000000002,23.75,7.5371687130610745,27517,0.0000,1.0
2022-06-24,24.0,24.83,23.84,24.51,7.778358111879029,130043,0.0000,1.0
2022-06-27,24.76,24.91,24.02,24.43,7.752969754108717,37234,0.0000,1.0
2022-06-28,24.39,24.58,23.65,23.76,7.540342257782363,21878,0.0000,1.0
2022-06-29,23.76,23.76,22.93,23.22,7.368970842832764,27862,0.0000,1.0
2022-06-30,22.9,23.7,22.9,23.37,7.416574013652097,36441,0.0000,1.0
2022-07-01,23.26,23.58,22.85,23.36,7.413400468930808,33411,0.0000,1.0
2022-07-05,23.01,23.23,22.59,23.12,7.337235395619875,51070,0.0000,1.0
2022-07-06,23.29,23.54,22.07,22.17,7.035748647097432,41313,0.0000,1.0
2022-07-07,22.64,22.85,22.215,22.7,7.203946517325742,27948,0.0000,1.0
2022-07-08,22.6666,22.89,22.42,22.89,7.264243867030231,20897,0.0000,1.0
2022-07-11,22.59,22.99,22.5,22.74,7.216640696210898,27870,0.0000,1.0
2022-07-12,22.55,23.04,22.32,22.37,7.09921954152321,30537,0.0000,1.0
2022-07-13,22.17,22.27,21.94,21.95,6.965930663229076,13827,0.0000,1.0
2022-07-14,21.95,22.4,21.49,22.09,7.010360289327121,18044,0.0000,1.0
2022-07-15,22.49,22.8557,22.085,22.66,7.191252338440587,23196,0.0000,1.0
2022-07-18,22.96,23.14,22.76,22.87,7.2578967775876535,28297,0.0000,1.0
2022-07-19,23.3,24.735,23.3,23.64,7.502259721126896,29882,0.0000,1.0
2022-07-20,23.75,24.69,23.75,24.43,7.752969754108717,32032,0.0000,1.0
2022-07-21,24.18,24.36,23.3841,24.24,7.692672404404228,19522,0.0000,1.0
2022-07-22,24.2,24.41,23.53,23.93,7.5942925180442735,25193,0.0000,1.0
2022-07-25,24.17,24.19,23.81,24.12,7.654589867748763,21627,0.0000,1.0
2022-07-26,23.665,24.46,23.665,24.24,7.692672404404228,15839,0.0000,1.0
2022-07-27,24.43,24.73,24.31,24.68,7.83230837214094,19447,0.0000,1.0
2022-07-28,24.91,25.7845,24.5581,24.58,7.80057292492805,25109,0.0000,1.0
2022-07-29,24.55,24.8,23.95,23.96,7.603813152208141,65788,0.0000,1.0
2022-08-01,23.91,25.43,23.91,24.99,7.9306882585008935,36304,0.0000,1.0
2022-08-02,25.08,25.76,24.36,24.67,7.829134827419651,26663,0.0000,1.0
2022-08-03,26.1,26.1,24.92,25.94,8.232175007023338,41001,0.0000,1.0
2022-08-04,25.85,26.3,25.44,26.15,8.298819446170404,25577,0.0000,1.0
2022-08-05,25.99,26.47,25.5,25.89,8.216307283416894,111071,0.0000,1.0
2022-08-08,25.93,26.595,25.93,26.48,8.403546421972937,36626,0.0000,1.0
2022-08-09,26.34,26.49,25.82,25.95,8.235348551744625,21989,0.0000,1.0
2022-08-10,26.139,27.04,26.139,26.9,8.536835300267068,34242,0.0000,1.0
2022-08-11,26.7,26.94,25.965,26.83,8.514620487218046,23709,0.0000,1.0
2022-08-12,26.88,27.5604,26.88,27.45,8.711380259937958,22891,0.0000,1.0
2022-08-15,27.09,27.99,27.09,27.45,8.711380259937958,30062,0.0000,1.0
2022-08-16,27.2,27.34,25.94,26.83,8.597132649971558,17326,0.2600,1.0
2022-08-17,26.7,26.87,26.37,26.66,8.54265957690055,14630,0.0000,1.0
2022-08-18,26.56,27.12,26.5,27.02,8.65801431987445,13642,0.0000,1.0
2022-08-19,26.69,26.89,26.27,26.57,8.513820891157074,27086,0.0000,1.0
2022-08-22,26.21,26.65,26.09,26.35,8.443326326006357,24904,0.0000,1.0
2022-08-23,26.31,26.615,25.935,26.13,8.37283176085564,16609,0.0000,1.0
2022-08-24,25.98,26.3,25.72,25.84,8.279907106793331,15995,0.0000,1.0
2022-08-25,25.81,26.78,25.475,26.67,8.545863875316492,36863,0.0000,1.0
2022-08-26,26.55,26.675,25.51,25.51,8.174165259067255,23731,0.0000,1.0
2022-08-29,25.65,25.65,24.96,25.07,8.03317612876582,20590,0.0000,1.0
2022-08-30,25.08,25.08,24.21,24.44,7.831305328561495,21515,0.0000,1.0
2022-08-31,24.7,25.06,24.21,24.66,7.901799893712211,33465,0.0000,1.0
2022-09-01,24.32,24.32,23.15,23.53,7.5397141727108,38284,0.0000,1.0
2022-09-02,23.9,24.22,23.66,23.86,7.6454560204368756,17511,0.0000,1.0
2022-09-06,23.32,23.37,22.73,22.86,7.325026178842707,28041,0.0000,1.0
2022-09-07,23.05,23.91,22.97,23.65,7.5781657537021,19633,0.0000,1.0
2022-09-08,23.47,23.83,23.26,23.61,7.565348560038333,13139,0.0000,1.0
2022-09-09,23.705,23.8,23.35,23.51,7.533305575878917,20995,0.0000,1.0
2022-09-12,23.6801,23.91,23.62,23.91,7.661477512516584,13099,0.0000,1.0
2022-09-13,23.39,23.55,23.27,23.4,7.498058293303558,20508,0.0000,1.0
2022-09-14,23.6,23.855,22.96,23.47,7.52048838221515,19863,0.0000,1.0
2022-09-15,23.58,23.894000000000002,23.15,23.32,7.472423905976025,24597,0.0000,1.0
2022-09-16,23.13,23.285,22.43,22.97,7.360273461418065,38065,0.0000,1.0
2022-09-19,22.63,23.34,22.63,23.3,7.466015309144142,11208,0.0000,1.0
2022-09-20,23.24,23.4,23.03,23.25,7.449993817064433,13640,0.0000,1.0
2022-09-21,23.28,23.34,22.85,23.09,7.398725042409366,15804,0.0000,1.0
2022-09-22,22.92,23.365,22.4295,22.81,7.309004686762998,17628,0.0000,1.0
2022-09-23,22.63,22.66,21.4945,21.72,6.959736159425353,16620,0.0000,1.0
2022-09-26,21.73,21.906,20.75,20.9,6.6969836893181345,16716,0.0000,1.0
2022-09-27,21.28,22.03,20.34,20.49,6.5656074542645255,30996,0.0000,1.0
2022-09-28,20.59,21.535,20.17,21.35,6.841177118035512,49110,0.0000,1.0
2022-09-29,21.2,21.35,20.53,20.9,6.6969836893181345,22520,0.0000,1.0
2022-09-30,21.0,21.54,20.98,21.08,6.754661060805085,27475,0.0000,1.0
2022-10-03,21.47,22.0361,20.2601,21.39,6.853994311699278,22123,0.0000,1.0
2022-10-04,21.79,22.86,21.79,22.24,7.126359677054322,21384,0.0000,1.0
2022-10-05,22.15,24.1729,21.69,21.84,6.998187740416654,21366,0.0000,1.0
2022-10-06,21.76,22.135,20.45,21.19,6.789908343380445,45072,0.0000,1.0
2022-10-07,21.17,21.19,20.8,21.06,6.748252463973202,30215,0.0000,1.0
2022-10-10,21.2,21.63,20.79,21.01,6.732230971893494,20486,0.0000,1.0
2022-10-11,20.815,21.26,20.55,21.04,6.741843867141319,28015,0.0000,1.0
2022-10-12,21.1,21.2,20.6,20.75,6.64891921307901,22598,0.0000,1.0
2022-10-13,20.65,21.55,20.4117,21.52,6.89565019110652,53908,0.0000,1.0
2022-10-14,21.43,21.54,20.88,21.18,6.786704044964503,32625,0.0000,1.0
2022-10-17,21.33,21.85,21.28,21.63,6.9308974736818785,37539,0.0000,1.0
2022-10-18,21.85,21.9,21.48,21.68,6.946918965761587,30815,0.0000,1.0
2022-10-19,21.69,21.8804,21.25,21.73,6.962940457841296,28032,0.0000,1.0
2022-10-20,21.66,21.96,21.3,21.79,6.982166248336946,34016,0.0000,1.0
2022-10-21,21.83,22.34,21.715,22.28,7.139176870718089,20416,0.0000,1.0
2022-10-24,22.1,22.98,21.9,22.83,7.315413283594881,15469,0.0000,1.0
2022-10-25,22.9,24.285,22.77,23.7,7.594187245781809,27409,0.0000,1.0
2022-10-26,23.66,24.83,23.66,24.3,7.78644515073831,24693,0.0000,1.0
2022-10-27,24.36,25.025,22.86,23.29,7.462811010728199,148926,0.0000,1.0
2022-10-28,23.53,24.75,22.93,24.63,7.8921869984643855,106881,0.0000,1.0
2022-10-31,24.37,25.0,23.81,24.67,7.905004192128153,53013,0.0000,1.0
2022-11-01,24.75,25.19,24.39,25.15,8.058810516093354,44332,0.0000,1.0
2022-11-02,24.95,26.53,24.73,25.49,8.167756662235371,50718,0.0000,1.0
2022-11-03,25.3,25.7,25.09,25.52,8.177369557483196,20329,0.0000,1.0
2022-11-04,25.7,25.9527,24.92,25.85,8.283111405209272,22301,0.0000,1.0
2022-11-07,25.75,26.37,25.41,26.13,8.37283176085564,19423,0.0000,1.0
2022-11-08,25.85,26.32,25.695,25.93,8.308745792536806,18551,0.0000,1.0
2022-11-09,25.75,26.4,25.57,25.73,8.244659824217972,28378,0.0000,1.0
2022-11-10,26.65,26.87,25.4307,26.85,8.603541246803442,39097,0.0000,1.0
2022-11-11,26.78,27.46,25.9,26.06,8.350401671944049,24347,0.0000,1.0
2022-11-14,26.06,26.2406,25.5001,25.61,8.206208243226671,22536,0.0000,1.0
2022-11-15,25.74,26.0,25.25,25.57,8.27670280837739,18775,0.2600,1.0
2022-11-16,25.16,25.58,24.94,24.97,8.082489993163215,15307,0.0000,1.0
2022-11-17,24.57,25.6,24.57,25.6,8.286413449138099,18280,0.0000,1.0
2022-11-18,26.01,26.88,25.4552,26.83,8.684549720327155,36487,0.0000,1.0
2022-11-21,26.53,26.535,25.7,26.28,8.50652130638083,22028,0.0000,1.0
2022-11-22,26.48,26.72,26.13,26.62,8.616575235002195,17685,0.0000,1.0
2022-11-23,26.89,27.28,26.82,26.96,8.72662916362356,20082,0.0000,1.0
2022-11-25,26.86,27.075,26.3,26.3,8.512995066887969,9574,0.0000,1.0
2022-11-28,26.45,26.45,25.42,25.69,8.315545371420225,28338,0.0000,1.0
2022-11-29,25.57,25.9024,24.9,25.05,8.108385035191771,30420,0.0000,1.0
2022-11-30,25.23,26.33,24.8576,26.32,8.519468827395107,26310,0.0000,1.0
2022-12-01,26.49,26.59,25.8,26.26,8.50004754587369,17282,0.0000,1.0
2022-12-02,25.84,27.18,25.74,26.3,8.512995066887969,44627,0.0000,1.0
2022-12-05,26.46,27.135,26.17,27.0,8.739576684637838,55120,0.0000,1.0
2022-12-06,32.0,32.75,30.0,32.34,10.46807074004399,277159,0.0000,1.0
2022-12-07,31.5,35.0,31.5,34.4,11.13486807227932,131610,0.0000,1.0
2022-12-08,34.9,35.91,34.1841,35.44,11.471503618650553,115448,0.0000,1.0
2022-12-09,35.64,36.82,34.87,35.71,11.558899385496934,121584,0.0000,1.0
2022-12-12,35.89,36.82,35.275,36.56,11.834034207050347,126520,0.0000,1.0
2022-12-13,37.23,38.14,36.9208,37.25,12.057378944546647,200817,0.0000,1.0
2022-12-14,37.11,38.0,36.4901,37.29,12.070326465560925,155443,0.0000,1.0
2022-12-15,37.0,37.27,35.99,36.4,11.782244122993232,123929,0.0000,1.0
2022-12-16,36.12,37.92,35.95,37.19,12.037957663025228,362102,0.0000,1.0
2022-12-19,37.01,37.235,35.585,35.9,11.620400110314755,62655,0.0000,1.0
2022-12-20,35.69,36.255,34.3378,35.53,11.50063554093268,96447,0.0000,1.0
2022-12-21,35.72,36.5,35.26,35.69,11.552425624989793,86341,0.0000,1.0
2022-12-22,35.29,35.29,34.41,34.84,11.277290803436381,78154,0.0000,1.0
2022-12-23,35.12,36.23,34.85,35.63,11.533004343468377,119804,0.0000,1.0
2022-12-27,35.54,35.73,34.73,34.9,11.296712084957797,94320,0.0000,1.0
2022-12-28,34.57,35.27,34.3,34.3,11.102499269743623,41760,0.0000,1.0
2022-12-29,34.19,35.695,33.68,35.2,11.393818492564886,61110,0.0000,1.0
2022-12-30,35.12,35.45,34.8258,35.18,11.387344732057747,84816,0.0000,1.0
2023-01-03,35.18,36.0328,33.98,34.34,11.115446790757902,73505,0.0000,1.0
2023-01-04,34.42,35.72,34.42,35.54,11.50387242118625,50793,0.0000,1.0
2023-01-05,35.22,35.685,35.03,35.17,11.384107851804178,49795,0.0000,1.0
2023-01-06,35.5,37.02,35.5,36.6,11.846981728064625,56390,0.0000,1.0
2023-01-09,36.55,37.4,36.3816,37.03,11.986167578968116,53743,0.0000,1.0
2023-01-10,36.74,38.03,36.74,37.76,12.222459837478695,65411,0.0000,1.0
2023-01-11,37.89,38.4999,37.6607,37.96,12.287197442550086,80156,0.0000,1.0
2023-01-12,37.85,38.98,37.59,38.7,12.526726581314236,89289,0.0000,1.0
2023-01-13,38.48,39.208,38.1991,39.01,12.62706986917489,33902,0.0000,1.0
2023-01-17,39.53,39.53,38.0,38.13,12.342224406860769,56037,0.0000,1.0
2023-01-18,38.27,39.23,38.27,38.69,12.523489701060663,75897,0.0000,1.0
2023-01-19,38.99,39.09,38.3316,38.53,12.471699617003551,68741,0.0000,1.0
2023-01-20,38.85,39.3,37.87,38.87,12.581753545624917,241557,0.0000,1.0
2023-01-23,38.91,40.41,38.76,39.94,12.928099732756861,116408,0.0000,1.0
2023-01-24,39.96,40.09,39.38,39.99,12.94428413402471,72800,0.0000,1.0
2023-01-25,39.46,40.1,39.07,39.7,12.850414606671192,81783,0.0000,1.0
2023-01-26,39.73,39.79,39.0784,39.29,12.717702516274839,78766,0.0000,1.0
2023-01-27,39.03,39.15,38.16,38.19,12.361645688382186,84054,0.0000,1.0
2023-01-30,38.0,38.69,37.835,38.28,12.390777610664312,84460,0.0000,1.0
2023-01-31,38.18,40.02,37.36,39.7,12.850414606671192,295448,0.0000,1.0
2023-02-01,40.86,45.83,40.41,44.62,14.442959691427419,241654,0.0000,1.0
2023-02-02,45.46,45.63,43.89,45.31,14.66630442892372,112788,0.0000,1.0
2023-02-03,44.7,46.0,44.7,45.82,14.831385321855768,102556,0.0000,1.0
2023-02-06,45.15,45.39,44.4424,45.35,14.679251949938,90258,0.0000,1.0
2023-02-07,45.52,45.77,44.75,45.44,14.708383872220123,70999,0.0000,1.0
2023-02-08,45.54,45.85,44.89,44.97,14.556250500302355,77177,0.0000,1.0
2023-02-09,45.0,45.42,42.38,43.08,13.944480132377706,113223,0.0000,1.0
2023-02-10,43.1,43.67,42.5,42.5,13.756741077670672,68693,0.0000,1.0
2023-02-13,42.68,44.11,42.575,43.23,13.993033336181249,87850,0.0000,1.0
2023-02-14,43.1,43.88,42.5069,43.26,14.087712083598161,65189,0.2625,1.0
2023-02-15,42.9796,43.8,42.625,43.6,14.198433815184462,64525,0.0000,1.0
2023-02-16,43.04,43.04,41.88,42.42,13.814164276149654,87956,0.0000,1.0
2023-02-17,42.66,43.65,42.3427,43.21,14.071429476011941,78167,0.0000,1.0
2023-02-21,42.73,43.04,41.48,41.55,13.530846904149412,82657,0.0000,1.0
2023-02-22,41.69,42.565,41.55,42.08,13.703442544563352,71703,0.0000,1.0
2023-02-23,42.26,43.42,42.12,42.89,13.967220787460128,68803,0.0000,1.0
2023-02-24,42.42,43.74,42.2,43.58,14.191920772149974,58812,0.0000,1.0
2023-02-27,43.91,44.46,43.51,43.84,14.276590331598323,48051,0.0000,1.0
2023-02-28,43.66,44.77,43.66,44.35,14.442672928977773,84341,0.0000,1.0
2023-03-01,44.18,45.22,44.18,44.79,14.585959875736515,58823,0.0000,1.0
2023-03-02,44.24,45.03,44.1118,44.78,14.582703354219271,38154,0.0000,1.0
2023-03-03,45.0,45.695,44.46,45.48,14.81065986042636,92716,0.0000,1.0
2023-03-06,45.49,45.58,43.36,44.14,14.374285977115646,89594,0.0000,1.0
2023-03-07,44.14,44.79,43.97,44.55,14.507803359322654,72750,0.0000,1.0
2023-03-08,44.5,45.63,44.46,45.53,14.826942468012582,63279,0.0000,1.0
2023-03-09,45.8,47.4599,45.75,46.23,15.05489897421967,125109,0.0000,1.0
2023-03-10,46.07,46.07,43.18,43.38,14.126790341805092,92593,0.0000,1.0
2023-03-13,42.52,43.3,41.57,42.35,13.791368625528944,71512,0.0000,1.0
2023-03-14,43.61,44.26,42.93,43.38,14.126790341805092,93096,0.0000,1.0
2023-03-15,42.29,42.3,40.35,40.88,13.312659962494056,86412,0.0000,1.0
2023-03-16,40.56,42.21,40.2,41.74,13.592720812977053,64063,0.0000,1.0
2023-03-17,41.28,41.45,40.31,40.43,13.166116494218068,151015,0.0000,1.0
2023-03-20,40.84,42.03,40.71,41.53,13.524333861114926,70166,0.0000,1.0
2023-03-21,42.4,42.63,41.54,41.87,13.635055592701224,86223,0.0000,1.0
2023-03-22,41.98,42.18,41.16,41.3,13.449433866218309,52221,0.0000,1.0
2023-03-23,41.33,42.265,40.75,41.12,13.390816478907913,48641,0.0000,1.0
2023-03-24,40.56,41.43,40.36,41.18,13.410355608011379,46489,0.0000,1.0
2023-03-27,41.78,41.86,41.09,41.465,13.503166471252838,36638,0.0000,1.0
2023-03-28,41.38,41.86,41.07,41.22,13.423381694080355,47615,0.0000,1.0
2023-03-29,41.65,42.02,41.14,41.97,13.667620807873666,39786,0.0000,1.0
2023-03-30,42.35,42.35,41.41,41.52,13.521077339597682,40080,0.0000,1.0
2023-03-31,41.83,42.79,41.7,42.59,13.869525141942805,57914,0.0000,1.0
2023-04-03,42.58,43.12,42.115,42.56,13.859755577391072,61418,0.0000,1.0
2023-04-04,42.38,42.38,40.08,40.36,13.14332084359736,40393,0.0000,1.0
2023-04-05,39.83,39.83,38.87,39.27,12.78835999821775,48927,0.0000,1.0
2023-04-06,39.53,39.775,39.11,39.3,12.79812956276948,51125,0.0000,1.0
2023-04-10,39.27,40.65,39.27,40.55,13.205194752424998,46093,0.0000,1.0
2023-04-11,40.93,41.4,40.0,40.81,13.289864311873346,46414,0.0000,1.0
2023-04-12,41.1,41.55,40.54,40.81,13.289864311873346,40501,0.0000,1.0
2023-04-13,41.09,41.66,40.85,41.29,13.446177344701065,41510,0.0000,1.0
2023-04-14,41.37,41.69,41.17,41.35,13.46571647380453,31919,0.0000,1.0
2023-04-17,41.52,42.28,41.52,42.08,13.703442544563352,41296,0.0000,1.0
2023-04-18,42.11,42.37,40.99,41.2,13.416868651045869,48565,0.0000,1.0
2023-04-19,40.97,41.03,39.8,39.95,13.009803461390351,71848,0.0000,1.0
2023-04-20,39.76,40.23,39.65,40.05,13.04236867656279,50015,0.0000,1.0
2023-04-21,40.01,40.1203,38.91,39.03,12.71020348180389,155419,0.0000,1.0
2023-04-24,39.28,40.88,39.0,40.03,13.035855633528303,44789,0.0000,1.0
2023-04-25,39.75,41.65,39.75,40.08,13.052138241114523,71723,0.0000,1.0
2023-04-26,39.72,40.22,38.925,39.29,12.794873041252236,88458,0.0000,1.0
2023-04-27,39.29,40.33,39.29,40.09,13.055394762631769,37840,0.0000,1.0
2023-04-28,39.95,40.26,39.85,40.06,13.045625198080037,20787,0.0000,1.0
2023-05-01,39.75,41.0299,39.65,40.23,13.100986063873185,34417,0.0000,1.0
2023-05-02,39.97,40.59,39.77,40.34,13.136807800562872,44502,0.0000,1.0
2023-05-03,46.7,49.99,45.97,49.1,15.98952064966874,229927,0.0000,1.0
2023-05-04,49.4,49.4,47.395,48.13,15.67363806249606,84701,0.0000,1.0
2023-05-05,48.84,49.965,48.38,49.7,16.18491194070339,78916,0.0000,1.0
2023-05-08,49.98,51.88,49.34,51.48,16.764572770772844,231708,0.0000,1.0
2023-05-09,51.54,52.81,50.93,51.72,16.842729287186707,143746,0.0000,1.0
2023-05-10,52.29,52.46,50.99,52.34,17.044633621255844,130667,0.0000,1.0
2023-05-11,52.41,52.91,51.16,52.58,17.1227901376697,79984,0.0000,1.0
2023-05-12,53.06,53.98,51.88,53.85,17.53636837035971,61439,0.0000,1.0
2023-05-15,54.65,58.0437,54.5484,57.34,18.672894379877913,182312,0.0000,1.0
2023-05-16,56.87,57.78,54.855,55.22,18.067995508049815,136315,0.2625,1.0
2023-05-17,55.8,57.85,55.75,57.62,18.853276008218586,103787,0.0000,1.0
2023-05-18,57.81,59.88,57.81,59.22,19.376796341664434,141590,0.0000,1.0
2023-05-19,60.0,60.015,57.63,59.21,19.3735243395804,66432,0.0000,1.0
2023-05-22,59.16,59.5,57.86,57.96,18.96452407907583,55536,0.0000,1.0
2023-05-23,58.06,60.015,57.2985,59.01,19.308084297899665,77985,0.0000,1.0
2023-05-24,58.63,58.63,57.36,58.2,19.043052129092708,35241,0.0000,1.0
2023-05-25,58.29,58.7027,57.25,58.29,19.072500147849034,47034,0.0000,1.0
2023-05-26,58.35,60.09,58.35,59.95,19.615652493799104,77671,0.0000,1.0
2023-05-30,60.51,61.0,57.82,58.72,19.213196237462608,64929,0.0000,1.0
2023-05-31,58.65,59.23,57.26,57.5,18.814011983210147,55366,0.0000,1.0
2023-06-01,57.81,58.7,57.4,57.76,18.8990840373951,63015,0.0000,1.0
2023-06-02,58.71,61.65,58.71,61.65,20.171892848085314,84659,0.0000,1.0
2023-06-05,61.06,61.3,59.23,60.92,19.933036695950648,71708,0.0000,1.0
2023-06-06,60.9,63.3175,60.9,62.42,20.42383700855613,100276,0.0000,1.0
2023-06-07,62.89,64.76,61.9586,62.95,20.59725311901007,90452,0.0000,1.0
2023-06-08,62.81,63.42,61.81,62.29,20.381300981463653,55691,0.0000,1.0
2023-06-09,62.32,63.4399,61.86,62.63,20.4925490523209,48241,0.0000,1.0
2023-06-12,62.37,62.735,61.445,61.72,20.19479686267357,71162,0.0000,1.0
2023-06-13,61.7,62.07,59.19,60.12,19.671276529227722,93338,0.0000,1.0
2023-06-14,59.68,60.37,57.46,57.82,18.918716049899317,102174,0.0000,1.0
2023-06-15,57.4,59.0,56.77,57.5,18.814011983210147,98698,0.0000,1.0
2023-06-16,57.75,57.8069,56.05,56.69,18.548979814403186,364017,0.0000,1.0
2023-06-20,56.26,61.231,56.26,59.18,19.36370833332829,101653,0.0000,1.0
2023-06-21,59.33,63.63,59.0,60.47,19.785796602169004,83156,0.0000,1.0
2023-06-22,60.54,61.07,59.52,60.19,19.69418054381598,94072,0.0000,1.0
2023-06-23,59.18,60.32,58.24,59.24,19.383340345832508,140201,0.0000,1.0
2023-06-26,59.24,60.78,58.92,59.44,19.44878038751324,73005,0.0000,1.0
2023-06-27,59.5,60.985,59.41,60.84,19.906860679278356,107076,0.0000,1.0
2023-06-28,60.84,61.97,59.61,59.8,19.566572462538552,51190,0.0000,1.0
2023-06-29,59.79,61.8961,59.7814,61.26,20.04428476680789,76307,0.0000,1.0
2023-06-30,61.64,61.64,60.41,60.59,19.825060627177443,44087,0.0000,1.0
2023-07-03,60.59,62.1217,60.155,60.92,19.933036695950648,27702,0.0000,1.0
2023-07-05,60.9,60.9,59.3,59.4,19.43569237917709,59225,0.0000,1.0
2023-07-06,59.07,59.25,57.78,58.53,19.151028197865912,77065,0.0000,1.0
2023-07-07,58.5,59.75,58.3,58.42,19.115036174941512,38074,0.0000,1.0
2023-07-10,58.39,59.8,58.39,59.8,19.566572462538552,57696,0.0000,1.0
2023-07-11,60.11,60.65,59.22,60.61,19.831604631345513,56941,0.0000,1.0
2023-07-12,61.25,61.93,60.31,61.02,19.965756716791013,101590,0.0000,1.0
2023-07-13,60.98,61.2515,60.6,61.01,19.962484714706978,40518,0.0000,1.0
2023-07-14,60.98,60.98,59.76,60.22,19.70399655006809,45083,0.0000,1.0
2023-07-17,59.95,63.35,59.95,62.76,20.53508507941337,146288,0.0000,1.0
2023-07-18,63.55,63.87,60.5,63.8,20.87537329615317,142925,0.0000,1.0
2023-07-19,63.8,64.8406,61.8501,62.79,20.544901085665483,84857,0.0000,1.0
2023-07-20,62.5,63.1,62.0,62.94,20.59398111692603,76315,0.0000,1.0
2023-07-21,62.5,62.66,58.81,59.89,19.596020481294882,168740,0.0000,1.0
2023-07-24,59.68,61.11,59.16,60.65,19.84469263968166,72220,0.0000,1.0
2023-07-25,60.51,61.83,60.2,60.34,19.74326057507653,89426,0.0000,1.0
2023-07-26,60.35,61.24,59.53,60.95,19.94285270220276,60585,0.0000,1.0
2023-07-27,61.14,61.61,59.99,60.61,19.831604631345513,88041,0.0000,1.0
2023-07-28,61.0,61.89,60.49,60.89,19.92322068969854,82239,0.0000,1.0
2023-07-31,61.0,61.33,60.44,60.78,19.887228666774135,68059,0.0000,1.0
2023-08-01,60.93,62.61,60.82,61.29,20.05410077306,143509,0.0000,1.0
2023-08-02,74.0,90.0,73.01,85.54,27.98870582684863,788211,0.0000,1.0
2023-08-03,85.87,86.99,81.96,82.5,26.994017193301516,241797,0.0000,1.0
2023-08-04,82.45,84.8025,81.53,81.97,26.82060108284758,177627,0.0000,1.0
2023-08-07,82.38,83.81,79.295,81.64,26.712625014074376,216439,0.0000,1.0
2023-08-08,81.24,82.94,77.2,78.14,25.567424284661584,145647,0.0000,1.0
2023-08-09,78.12,79.61,77.505,79.33,25.956792532661932,149237,0.0000,1.0
2023-08-10,79.36,81.8776,77.845,79.01,25.852088465972763,71590,0.0000,1.0
2023-08-11,79.01,81.75,78.0421,80.68,26.398512814006867,119060,0.0000,1.0
2023-08-14,80.68,81.97,79.0004,80.84,26.45086484735145,123351,0.0000,1.0
2023-08-15,80.81,83.16,79.82,82.21,26.985019187570416,113681,0.2625,1.0
2023-08-16,82.68,84.62,80.92,81.31,26.689598712338533,121074,0.0000,1.0
2023-08-17,81.41,82.98,77.37,77.4,25.406160869942227,175901,0.0000,1.0
2023-08-18,77.3,79.18,76.38,78.83,25.875551180588445,130023,0.0000,1.0
2023-08-21,79.0,79.64,76.405,76.93,25.251885732876687,156859,0.0000,1.0
2023-08-22,76.93,78.98,76.93,78.19,25.665474398201326,96097,0.0000,1.0
2023-08-23,78.5,81.875,78.5,81.0,26.58784277086977,113429,0.0000,1.0
2023-08-24,80.51,81.84,79.62,80.1,26.292422295637884,117873,0.0000,1.0
2023-08-25,80.32,82.66,80.13,81.97,26.90624039417525,113543,0.0000,1.0
2023-08-28,82.38,84.73,82.38,84.18,27.63166178335577,112254,0.0000,1.0
2023-08-29,83.73,85.98,82.77,85.41,28.035403099506013,87505,0.0000,1.0
2023-08-30,85.55,88.08,85.41,85.9,28.196243136021153,140089,0.0000,1.0
2023-08-31,86.35,86.36,82.8601,83.97,27.562730339134994,313809,0.0000,1.0
2023-09-01,84.35,85.71,83.77,84.6,27.769524671797313,79494,0.0000,1.0
2023-09-05,84.59,84.6,79.76,82.06,26.93578244169844,169485,0.0000,1.0
2023-09-06,82.26,82.67,80.66,82.57,27.103187377663172,64714,0.0000,1.0
2023-09-07,81.94,83.84,81.5401,83.33,27.352653556747875,116763,0.0000,1.0
2023-09-08,83.25,83.68,82.18,83.36,27.36250090592227,77464,0.0000,1.0
2023-09-11,83.13,84.73,82.95,83.17,27.3001343611511,94908,0.0000,1.0
2023-09-12,82.95,84.47,82.0,82.18,26.975171838396022,82604,0.0000,1.0
2023-09-13,82.39,83.3253,78.41,79.33,26.03967366682838,97079,0.0000,1.0
2023-09-14,79.99,80.84899999999999,79.0,80.23,26.33509414206027,82225,0.0000,1.0
2023-09-15,80.43,81.14,78.58,79.17,25.9871544712316,370449,0.0000,1.0
2023-09-18,79.99,81.21,79.45,80.45,26.40730803600584,84313,0.0000,1.0
2023-09-19,80.5,80.775,78.97,79.92,26.233338200591508,47130,0.0000,1.0
2023-09-20,80.61,81.7,79.18,79.18,25.9904369209564,46873,0.0000,1.0
2023-09-21,78.26,78.58,75.91,76.91,25.245320833427087,101682,0.0000,1.0
2023-09-22,76.91,77.595,76.53,76.66,25.163259590307117,58860,0.0000,1.0
2023-09-25,76.96,79.575,76.8149,79.18,25.9904369209564,101981,0.0000,1.0
2023-09-26,80.0,81.12,78.5517,79.14,25.977307122057205,124076,0.0000,1.0
2023-09-27,79.93,82.49,79.93,82.04,26.929217542248843,72636,0.0000,1.0
2023-09-28,82.2,86.94,82.1,86.71,28.46212156372985,142318,0.0000,1.0
2023-09-29,86.77,86.875,82.68,82.9,27.211508218581532,136158,0.0000,1.0
2023-10-02,82.65,84.41,81.35,83.03,27.254180065003915,141107,0.0000,1.0
2023-10-03,82.48,83.83,79.9961,81.86,26.870133447202463,92272,0.0000,1.0
2023-10-04,82.01,84.16,81.25,83.32,27.349371107023075,82792,0.0000,1.0
2023-10-05,83.47,84.9399,81.745,82.29,27.01127878536881,69812,0.0000,1.0
2023-10-06,81.77,84.18,81.12,83.66,27.460974397666234,64854,0.0000,1.0
2023-10-09,84.49,88.8748,84.49,85.81,28.166701088497963,153772,0.0000,1.0
2023-10-10,86.48,88.3699,85.895,86.05,28.245479881893132,110791,0.0000,1.0
2023-10-11,86.12,90.33,86.12,89.41,29.348382989425506,167029,0.0000,1.0
2023-10-12,90.14,91.29,84.738,85.61,28.10105209400199,182214,0.0000,1.0
2023-10-13,86.32,86.48,80.15,80.55,26.440132533253827,207729,0.0000,1.0
2023-10-16,80.3,84.08,79.27,81.58,26.778224854908096,134219,0.0000,1.0
2023-10-17,81.31,84.3,81.31,82.27,27.00471388591921,81999,0.0000,1.0
2023-10-18,82.36,82.36,76.75,77.04,25.287992679849474,110389,0.0000,1.0
2023-10-19,76.9,77.19,74.21,75.08,24.64463253378892,134922,0.0000,1.0
2023-10-20,75.03,75.29,73.19,74.08,24.316387561309043,129298,0.0000,1.0
2023-10-23,73.55,74.64,72.51,72.87,23.9192111446084,73190,0.0000,1.0
2023-10-24,74.06,75.21,73.6101,74.11,24.32623491048344,76158,0.0000,1.0
2023-10-25,74.13,76.1,74.0,74.62,24.49363984644818,78041,0.0000,1.0
2023-10-26,74.49,75.1683,72.8,74.14,24.336082259657836,51798,0.0000,1.0
2023-10-27,73.84,74.7,72.84,74.12,24.329517360208243,57331,0.0000,1.0
2023-10-30,75.22,76.16,74.87,75.43,24.759518274156875,65161,0.0000,1.0
2023-10-31,75.5,76.95,74.04,76.65,25.15997714058232,65473,0.0000,1.0
2023-11-01,77.0,78.03,76.22,77.77,25.527611509759776,65555,0.0000,1.0
2023-11-02,79.17,80.1,76.95,78.24,25.68188664682532,108984,0.0000,1.0
2023-11-03,79.48,81.4,79.48,80.09,26.289139845913088,62511,0.0000,1.0
2023-11-06,80.25,80.955,78.0484,80.55,26.440132533253827,64647,0.0000,1.0
2023-11-07,80.14,82.385,79.7622,82.13,26.958759589772026,125295,0.0000,1.0
2023-11-08,82.11,83.45,81.55,82.97,27.23448536665512,115619,0.0000,1.0
2023-11-09,83.01,84.18,82.76,83.01,27.24761516555432,87291,0.0000,1.0
2023-11-10,83.05,85.4,83.05,83.86,27.52662339216221,83661,0.0000,1.0
2023-11-13,83.61,84.21,81.95,82.4,27.047385732341596,73775,0.0000,1.0
2023-11-14,84.21,87.0,82.75,87.0,28.643476911024983,137986,0.2625,1.0
2023-11-15,86.88,87.8289,84.02,84.31,27.75783377435076,78113,0.0000,1.0
2023-11-16,84.65,85.6583,81.15,82.17,27.053270089412905,105416,0.0000,1.0
2023-11-17,82.8,85.12899999999999,82.8,84.77,27.90928204307572,71912,0.0000,1.0
2023-11-20,84.77,86.095,83.8789,84.7,27.886235567400185,96685,0.0000,1.0
2023-11-21,84.18,84.48,82.42,83.23,27.4022595782139,80828,0.0000,1.0
2023-11-22,83.52,84.45,82.15,83.52,27.49773783458398,66775,0.0000,1.0
2023-11-24,84.09,86.8,83.65,85.79,28.245102117204983,55542,0.0000,1.0
2023-11-27,85.83,85.83,83.41,84.88,27.945497933422992,84520,0.0000,1.0
2023-11-28,85.16,86.71,79.88,79.89,26.302613453123975,110732,0.0000,1.0
2023-11-29,80.05,80.86,79.39,79.98,26.332244636135382,106784,0.0000,1.0
2023-11-30,79.98,83.415,79.52,83.16,27.379213102538362,168035,0.0000,1.0
2023-12-01,82.5,85.67,82.5,84.64,27.86648144539258,105656,0.0000,1.0
2023-12-04,86.15,91.56,86.13,90.91,29.930787195187136,258867,0.0000,1.0
2023-12-05,93.15,93.18,87.71,88.31,29.074775241524325,306000,0.0000,1.0
2023-12-06,90.47,91.19,75.05,83.01,27.329827797519354,471736,0.0000,1.0
2023-12-07,83.24,85.59,81.3388,85.59,28.1792550438463,157493,0.0000,1.0
2023-12-08,85.78,89.9,85.78,86.02,28.320826251567457,202735,0.0000,1.0
2023-12-11,87.17,92.8599,86.89,91.01,29.96371073186648,334079,0.0000,1.0
2023-12-12,90.25,92.17,88.0,88.24,29.051728765848786,202926,0.0000,1.0
2023-12-13,88.47,89.34,84.24,87.71,28.877234021448288,236781,0.0000,1.0
2023-12-14,89.28,90.39,87.1,88.46,29.12416054654333,206917,0.0000,1.0
2023-12-15,89.12,93.0,89.12,90.27,29.720076560439367,1027495,0.0000,1.0
2023-12-18,92.11,92.825,90.405,91.57,30.148082537270774,188665,0.0000,1.0
2023-12-19,91.88,97.63,91.88,96.04,31.619764626837235,264864,0.0000,1.0
2023-12-20,96.07,96.49,90.56,90.63,29.838601292484988,206665,0.0000,1.0
2023-12-21,91.88,93.5599,89.59,90.33,29.73983068244697,115896,0.0000,1.0
2023-12-22,90.86,90.98,88.27,88.53,29.14720702221887,129583,0.0000,1.0
2023-12-26,88.05,90.9099,88.01,89.23,29.377671778974243,102361,0.0000,1.0
2023-12-27,89.56,90.0994,88.2,88.36,29.091237009863992,79018,0.0000,1.0
2023-12-28,88.0,89.67,86.27,89.2,29.36779471797044,116626,0.0000,1.0
2023-12-29,89.45,89.5,86.91,88.4,29.104406424535732,105693,0.0000,1.0
2024-01-02,87.06,91.16,87.03,90.34,29.74312303611491,211605,0.0000,1.0
2024-01-03,89.54,89.905,87.08,87.17,28.69944692337986,96452,0.0000,1.0
2024-01-04,87.86,87.99,83.69,83.91,27.626139627633403,174869,0.0000,1.0
2024-01-05,83.08,83.45,79.2,80.71,26.57258645389455,198735,0.0000,1.0
2024-01-08,81.06,81.935,79.76,80.49,26.500154673200008,151404,0.0000,1.0
2024-01-09,79.0,80.52,77.7664,79.89,26.302613453123975,121648,0.0000,1.0
2024-01-10,79.78,80.6,79.4098,80.08,26.36516817281472,91773,0.0000,1.0
2024-01-11,80.12,80.9,79.41,80.49,26.500154673200008,144968,0.0000,1.0
2024-01-12,81.0,81.83,80.12,81.14,26.71415766161571,114346,0.0000,1.0
2024-01-16,80.79,81.05,79.22,81.05,26.684526478604308,132773,0.0000,1.0
2024-01-17,80.5,81.36,80.5,81.19,26.730619429955382,86379,0.0000,1.0
2024-01-18,81.34,82.4,80.57,81.67,26.88865240601621,166607,0.0000,1.0
2024-01-19,81.71,81.71,77.9,80.21,26.407968770497856,224669,0.0000,1.0
2024-01-22,81.56,83.9499,80.505,81.14,26.71415766161571,195393,0.0000,1.0
2024-01-23,81.84,82.38,78.33,78.4,25.812052756601826,146809,0.0000,1.0
2024-01-24,79.55,79.55,77.78,78.21,25.749498036911078,147732,0.0000,1.0
2024-01-25,78.86,79.12,76.54,77.12,25.390631487106283,120559,0.0000,1.0
2024-01-26,77.87,78.06,76.29,76.83,25.295153230736197,177770,0.0000,1.0
2024-01-29,77.24,80.12,77.24,79.83,26.28285933111637,207244,0.0000,1.0
2024-01-30,79.83,82.25,79.43,81.59,26.86231357667274,280763,0.0000,1.0
2024-01-31,100.25,125.49,100.25,118.53,39.024268026020586,1568684,0.0000,1.0
2024-02-01,120.0,120.18,112.7513,116.0,38.191302548033306,517858,0.0000,1.0
2024-02-02,116.04,124.0,111.5,122.91,40.46631893257564,493840,0.0000,1.0
2024-02-05,123.81,128.15,119.61,127.54,41.990678680829035,444835,0.0000,1.0
2024-02-06,127.84,128.02,123.6418,126.03,41.493533276971014,269204,0.0000,1.0
2024-02-07,127.12,137.85,126.42,132.1,43.491991953406895,300669,0.0000,1.0
2024-02-08,133.03,142.17,132.5,140.99,46.41889436420014,249147,0.0000,1.0
2024-02-09,141.72,148.08,141.555,147.25,48.47990776032677,288495,0.0000,1.0
2024-02-12,148.75,153.65,148.17,152.71,50.27753286301868,346507,0.0000,1.0
2024-02-13,148.77,152.235,142.88,147.74,48.728480462255774,319876,0.2650,1.0
2024-02-14,150.45,157.17,150.45,152.89,50.42708391684232,287263,0.0000,1.0
2024-02-15,154.91,157.645,150.69,155.99,51.44954424872938,234569,0.0000,1.0
2024-02-16,156.68,157.915,153.2011,153.55,50.64476901976022,228266,0.0000,1.0
2024-02-20,152.47,156.0137,148.22,150.38,49.59922087392732,349949,0.0000,1.0
2024-02-21,150.0,158.85,148.24,153.93,50.77010286689476,334653,0.0000,1.0
2024-02-22,155.12,159.4399,152.06,156.02,51.45943902613474,270786,0.0000,1.0
2024-02-23,156.1,163.03,154.74,161.71,53.33614847401774,185594,0.0000,1.0
2024-02-26,162.78,171.1127,162.78,166.61,54.95229545022631,355155,0.0000,1.0
2024-02-27,167.86,174.4245,167.61,171.81,56.667390200488455,347064,0.0000,1.0
2024-02-28,171.81,176.49,171.49,175.64,57.93062344923923,235145,0.0000,1.0
2024-02-29,178.99,187.74,177.2,185.24,61.09695221895397,412461,0.0000,1.0
2024-03-01,185.73,188.2699,175.1101,180.02,59.375260950421584,397575,0.0000,1.0
2024-03-04,182.35,197.87,181.9265,184.83,60.961723594414075,451976,0.0000,1.0
2024-03-05,182.3,182.3,157.28,166.16,54.803873789145925,597321,0.0000,1.0
2024-03-06,172.93,173.41,161.45,162.0,53.43179798893621,447453,0.0000,1.0
2024-03-07,162.0,165.3,153.41,154.27,50.88224367748882,623017,0.0000,1.0
2024-03-08,152.54,156.37,146.96,150.82,49.744344275872585,489866,0.0000,1.0
2024-03-11,151.0,154.79,147.23,151.99,50.130240594681574,301402,0.0000,1.0
2024-03-12,153.35,159.49,150.0201,158.96,52.42912721185988,362487,0.0000,1.0
2024-03-13,159.86,170.555,159.86,169.46,55.89229930373537,498194,0.0000,1.0
2024-03-14,171.44,171.98,158.49,162.56,53.6165005005029,383051,0.0000,1.0
2024-03-15,160.61,164.98,157.5004,160.86,53.055796447532586,1628337,0.0000,1.0
2024-03-18,161.95,164.23,151.14,153.66,50.681049870246525,384818,0.0000,1.0
2024-03-19,152.0,155.6,145.69,145.83,48.09851296744795,506033,0.0000,1.0
2024-03-20,145.5,145.8,136.36,138.17,45.572046469946386,579495,0.0000,1.0
2024-03-21,139.27,143.41,137.85,142.05,46.85177101437277,443117,0.0000,1.0
2024-03-22,142.05,148.63,141.94,145.01,47.82805571836814,409424,0.0000,1.0
2024-03-25,146.16,150.66,144.15,144.76,47.745599239990156,248039,0.0000,1.0
2024-03-26,144.8,146.3367,139.27,140.33,46.284470443132214,334597,0.0000,1.0
2024-03-27,140.99,142.235,138.0001,140.08,46.20201396475422,309609,0.0000,1.0
2024-03-28,139.47,144.25,138.5,142.3,46.93422749275076,229786,0.0000,1.0
2024-04-01,142.74,143.51,135.87,136.61,45.057518044867756,307956,0.0000,1.0
2024-04-02,136.0,136.4873,133.03,135.02,44.53309484238375,220164,0.0000,1.0
2024-04-03,134.9,137.49,133.82,134.68,44.420954031789684,205692,0.0000,1.0
2024-04-04,136.01,138.33,131.26,131.38,43.33252851720024,267798,0.0000,1.0
2024-04-05,131.66,142.78,131.31,138.22,45.58853776562199,351140,0.0000,1.0
2024-04-08,138.46,141.96,137.13,137.48,45.344466589623146,183321,0.0000,1.0
2024-04-09,136.71,138.26,131.8378,132.1,43.57000317492884,225848,0.0000,1.0
2024-04-10,130.0,132.845,127.6848,131.05,43.223685965741296,226649,0.0000,1.0
2024-04-11,131.16,132.29,128.05,129.89,42.84108790606743,168338,0.0000,1.0
2024-04-12,128.28,130.02,125.45,125.95,41.54157380683034,212979,0.0000,1.0
2024-04-15,127.39,128.29,123.66,126.51,41.72627631839703,285402,0.0000,1.0
2024-04-16,126.25,126.4999,123.6514,125.39,41.35687129526365,153104,0.0000,1.0
2024-04-17,125.68,126.905,122.0,123.44,40.713710763915344,165000,0.0000,1.0
2024-04-18,124.3,129.35,123.0401,128.14,42.263892557421514,259525,0.0000,1.0
2024-04-19,127.49,132.64,126.8,130.34,42.98950956714781,363146,0.0000,1.0
2024-04-22,131.8,138.25,130.75,136.13,44.89920160638201,356540,0.0000,1.0
2024-04-23,137.17,144.8,137.17,143.39,47.293737738478775,283732,0.0000,1.0
2024-04-24,147.4,157.25,146.5,149.23,49.219921073388576,533384,0.0000,1.0
2024-04-25,146.06,148.42,140.28,146.31,48.25682940593368,351458,0.0000,1.0
2024-04-26,146.82,149.9,144.3501,148.82,49.08469244884868,235291,0.0000,1.0
2024-04-29,150.0,154.02,145.8746,149.66,49.36174621619872,241944,0.0000,1.0
2024-04-30,149.77,150.41,141.38,143.0,47.16510563220912,374328,0.0000,1.0
2024-05-01,183.0,183.49,159.11,170.01,56.07370355616694,1093920,0.0000,1.0
2024-05-02,173.88,174.01,154.8377,160.58,52.96344519174924,489907,0.0000,1.0
2024-05-03,162.16,163.736,156.3,159.95,52.7556548662367,317202,0.0000,1.0
2024-05-06,161.26,170.13,161.24,161.58,53.29327110526119,297019,0.0000,1.0
2024-05-07,161.58,165.24,156.39,157.76,52.033336115645525,206271,0.0000,1.0
2024-05-08,156.31,158.94,154.0,158.12,52.15207344450984,189450,0.0000,1.0
2024-05-09,158.15,167.11,156.825,165.36,54.54001305833637,339804,0.0000,1.0
2024-05-10,166.98,175.6012,165.63099999999997,168.23,55.48661343011566,394824,0.0000,1.0
2024-05-13,169.89,171.07,159.745,160.42,52.910673045587316,302284,0.0000,1.0
2024-05-14,162.04,164.45,156.34,159.09,52.55940844769709,242693,0.2650,1.0
2024-05-15,160.42,168.53,160.42,167.26,55.258574749901406,220688,0.0000,1.0
2024-05-16,168.02,168.88,162.37,163.64,54.06261611905934,181803,0.0000,1.0
2024-05-17,164.16,165.1099,156.93,158.12,52.238944394681404,243760,0.0000,1.0
2024-05-20,158.64,166.4723,158.64,165.15,54.561482840764185,185327,0.0000,1.0
2024-05-21,165.0,191.03,165.0,187.95,62.094039963194845,824786,0.0000,1.0
2024-05-22,187.07,195.38,181.69,194.69,64.32076956868531,615974,0.0000,1.0
2024-05-23,196.72,201.2,184.02,184.73,61.03023145730771,509418,0.0000,1.0
2024-05-24,186.18,202.36,185.9301,201.27,66.49463912419381,390341,0.0000,1.0
2024-05-28,206.16,209.1399,197.21,206.14,68.10356689552,413721,0.0000,1.0
2024-05-29,202.14,206.54,197.3605,204.62,67.6013964206913,252569,0.0000,1.0
2024-05-30,206.4,209.13,202.02,205.95,68.04079558616641,276222,0.0000,1.0
2024-05-31,205.31,206.9899,177.055,179.86,59.42130368598151,553152,0.0000,1.0
2024-06-03,181.75,183.0478,163.8401,171.34,56.606506024441636,496068,0.0000,1.0
2024-06-04,167.68,168.0,153.0232,157.11,51.90526532917022,536599,0.0000,1.0
2024-06-05,158.44,163.1203,158.44,160.87,53.1474765037465,263250,0.0000,1.0
2024-06-06,160.0,161.3,154.4417,158.07,52.22242562906203,208584,0.0000,1.0
2024-06-07,157.0,159.59,155.0,159.03,52.53958592895385,206823,0.0000,1.0
2024-06-10,159.0,172.63,157.97,170.85,56.44462212137185,465361,0.0000,1.0
2024-06-11,168.87,172.61,164.08599999999998,164.62,54.38638392519891,307046,0.0000,1.0
2024-06-12,168.03,178.4102,167.2589,173.15,57.204485339862664,298974,0.0000,1.0
2024-06-13,173.65,177.2399,168.07,176.16,58.19891503014846,193590,0.0000,1.0
2024-06-14,173.55,173.55,163.59,165.47,54.667202940728124,195021,0.0000,1.0
2024-06-17,166.74,170.47,163.59,169.81,56.101031796489046,209334,0.0000,1.0
2024-06-18,167.3,167.3,153.41,164.27,54.270752565863354,386090,0.0000,1.0
2024-06-20,164.14,166.075,156.52,156.96,51.85570903231212,292560,0.0000,1.0
2024-06-21,154.9,156.0,147.36,153.95,50.861279342026315,756718,0.0000,1.0
2024-06-24,153.85,156.7499,151.07,151.39,50.0155185423148,226949,0.0000,1.0
2024-06-25,151.44,153.3299,150.0,151.9,50.18400995163233,159204,0.0000,1.0
2024-06-26,150.56,152.2622,144.0676,145.23,47.98040661800898,345880,0.0000,1.0
2024-06-27,145.18,148.4,140.33,142.09,46.943028137112826,510163,0.0000,1.0
2024-06-28,143.3,146.63,141.13,143.4,47.3758197963402,820686,0.0000,1.0
2024-07-01,145.34,146.37,140.5,143.43,47.38573105571182,356714,0.0000,1.0
2024-07-02,142.4,146.16,141.7283,144.74,47.8185227149392,221491,0.0000,1.0
2024-07-03,146.71,152.0855,145.69,150.65,49.7710408111482,228964,0.0000,1.0
2024-07-05,152.0,153.93,144.73,144.96,47.891205283664405,292190,0.0000,1.0
2024-07-08,145.25,151.06,145.2,145.65,48.11916424921165,254182,0.0000,1.0
2024-07-09,146.0,146.81,134.54,137.29,45.35722663765374,355574,0.0000,1.0
2024-07-10,138.3,140.64,136.26,140.11,46.28888501858596,290062,0.0000,1.0
2024-07-11,143.11,146.965,141.09,142.66,47.13134206517359,227449,0.0000,1.0
2024-07-12,143.67,146.89,139.515,142.12,46.952939396484446,272838,0.0000,1.0
2024-07-15,143.43,150.64,141.0,144.53,47.74914389933786,297233,0.0000,1.0
2024-07-16,144.53,146.0,137.688,140.9,46.54988151537193,427871,0.0000,1.0
2024-07-17,139.19,139.19,130.63,132.4,43.7416913600798,613295,0.0000,1.0
2024-07-18,133.58,134.87,127.01,130.27,43.03799194469483,401696,0.0000,1.0
2024-07-19,130.93,135.61,129.16,134.0,44.270291859899494,702804,0.0000,1.0
2024-07-22,136.56,139.3708,132.68,137.64,45.47285799698929,585845,0.0000,1.0
2024-07-23,138.8,143.01,137.94,141.06,46.602741565353895,250510,0.0000,1.0
2024-07-24,139.79,143.363,135.49,135.61,44.80219611284306,465328,0.0000,1.0
2024-07-25,135.0,136.03,127.41,133.76,44.191001784926534,367846,0.0000,1.0
2024-07-26,136.48,140.4,134.05,139.28,46.01467350930449,238516,0.0000,1.0
2024-07-29,142.2,144.62,135.16,137.71,45.49598426885641,317048,0.0000,1.0
2024-07-30,137.71,141.5,132.41,133.25,44.02251037560901,565934,0.0000,1.0
2024-07-31,169.01,188.45,162.01,183.63,60.66681861368166,1759858,0.0000,1.0
2024-08-01,181.68,182.075,159.0628,161.11,53.226766578719456,867776,0.0000,1.0
2024-08-02,154.77,154.98,147.33,153.46,50.699395438956536,524510,0.0000,1.0
2024-08-05,144.0,160.8499,143.0,152.13,50.25999627348141,575958,0.0000,1.0
2024-08-06,154.03,165.0,152.0,163.71,54.08574239092646,358277,0.0000,1.0
2024-08-07,168.33,168.64,155.24,155.74,51.4526511511996,400241,0.0000,1.0
2024-08-08,161.45,164.79,155.35,164.495,54.3450870111505,195707,0.0000,1.0
2024-08-09,164.02,164.76,160.0,164.62,54.38638392519891,197516,0.0000,1.0
2024-08-12,165.0,168.99,161.85,163.45,53.999844809705756,193436,0.0000,1.0
2024-08-13,164.58,165.755,160.0,162.13,53.563749397354506,192576,0.0000,1.0
2024-08-14,161.86,163.9999,154.17,156.67,51.84744964950242,304299,0.2650,1.0
2024-08-15,161.0,170.77,160.03,167.0,55.26599917959344,316070,0.0000,1.0
2024-08-16,166.12,168.58,162.56,168.53,55.772328393634034,236951,0.0000,1.0
2024-08-19,169.0,174.0,166.0101,171.04,56.60297305196205,416215,0.0000,1.0
2024-08-20,177.89,181.97,172.19,173.45,57.40052429760768,443751,0.0000,1.0
2024-08-21,173.2,174.24,167.47,173.95,57.565991361019634,408833,0.0000,1.0
2024-08-22,175.61,184.81,175.61,178.02,58.91289325719297,426253,0.0000,1.0
2024-08-23,178.07,193.58,178.07,192.78,63.79748096911392,400517,0.0000,1.0
2024-08-26,195.38,198.4899,191.98,192.83,63.814027675455115,433812,0.0000,1.0
2024-08-27,190.25,190.8555,181.45,183.0,60.560945208776054,297010,0.0000,1.0
2024-08-28,181.88,182.63,162.81,164.67,54.49492266409372,882914,0.0000,1.0
2024-08-29,165.26,168.87,162.6,162.8,53.87607584693301,397391,0.0000,1.0
2024-08-30,162.5,167.72,161.81,167.44,55.411610195395966,387823,0.0000,1.0
2024-09-03,165.12,166.64,151.3995,152.61,50.50385709459734,591982,0.0000,1.0
2024-09-04,151.09,156.8,150.98,153.23,50.70903625322816,294226,0.0000,1.0
2024-09-05,152.82,153.7499,147.47,149.37,49.431630523687865,496624,0.0000,1.0
2024-09-06,149.6,152.02,146.38,150.23,49.716233872756426,358318,0.0000,1.0
2024-09-09,151.49,156.36,151.49,155.41,51.43047264970429,368843,0.0000,1.0
2024-09-10,156.0,157.0,152.82,156.09,51.655507855944556,303350,0.0000,1.0
2024-09-11,156.0,163.94,152.22,162.52,53.78341429142232,230082,0.0000,1.0
2024-09-12,163.05,170.92,161.7925,167.04,55.2792365446664,260780,0.0000,1.0
2024-09-13,168.68,172.43,167.66,168.295,55.69455887383041,243074,0.0000,1.0
2024-09-16,169.12,171.595,166.27,170.12,56.298513655284054,177192,0.0000,1.0
2024-09-17,171.43,178.65,171.43,174.44,57.72814908316336,314356,0.0000,1.0
2024-09-18,175.85,186.63,175.85,180.73,59.80972474088576,445617,0.0000,1.0
2024-09-19,187.96,194.26,183.51,192.77,63.794171627845685,547051,0.0000,1.0
2024-09-20,192.76,208.1543,192.38,206.34,68.28494772884618,761740,0.0000,1.0
2024-09-23,208.46,219.77,206.5,216.7,71.71342528274191,673590,0.0000,1.0
2024-09-24,217.34,223.225,214.44,218.31,72.24622922692842,374003,0.0000,1.0
2024-09-25,218.31,223.96,210.79,211.7,70.05875464862234,400938,0.0000,1.0
2024-09-26,219.5,220.68,212.57,215.76,71.40234720352743,196549,0.0000,1.0
2024-09-27,216.67,223.5915,213.2,219.09,72.50435784585106,898605,0.0000,1.0
2024-09-30,218.0,226.0,216.21,221.99,73.46406681364041,248904,0.0000,1.0
2024-10-01,220.27,230.02,214.2,228.51,75.62175732053232,443714,0.0000,1.0
2024-10-02,230.25,233.0,225.54,231.6,76.64434377241821,402112,0.0000,1.0
2024-10-03,231.64,242.0,225.33,232.22,76.84952293104904,414804,0.0000,1.0
2024-10-04,239.03,248.0686,237.47,242.99,80.41368347694258,432056,0.0000,1.0
2024-10-07,244.63,254.0899,242.5,246.01,81.4131045399508,426847,0.0000,1.0
2024-10-08,245.01,253.46,240.16,252.17,83.4516587611861,400534,0.0000,1.0
2024-10-09,254.86,260.55,252.51,255.01,84.39151168136601,543685,0.0000,1.0
2024-10-10,252.55,253.8537,235.55,247.03,81.7506573493112,471547,0.0000,1.0
2024-10-11,246.66,263.5,246.65,262.97,87.02574733088437,378723,0.0000,1.0
2024-10-14,262.9,268.52,261.46,266.48,88.1873261160363,284216,0.0000,1.0
2024-10-15,264.59,266.385,252.63,264.55,87.54862325126615,334963,0.0000,1.0
2024-10-16,269.84,281.7599,268.5001,280.39,92.79061982015692,367420,0.0000,1.0
2024-10-17,283.57,284.45,274.03,275.58,91.1988266701339,339784,0.0000,1.0
2024-10-18,277.12,278.0,270.86,271.33,89.79235663113226,222670,0.0000,1.0
2024-10-21,271.0,280.7088,268.1601,279.96,92.64831814562264,298039,0.0000,1.0
2024-10-22,275.99,278.0,264.73,267.09,88.38919593339888,365771,0.0000,1.0
2024-10-23,262.56,263.45,245.99,255.17,84.44446114165784,540326,0.0000,1.0
2024-10-24,255.56,258.9699,248.53,249.71,82.63756080919929,292156,0.0000,1.0
2024-10-25,252.95,257.945,250.3,254.31,84.15985779258928,232092,0.0000,1.0
2024-10-28,259.66,266.76,258.33,259.44,85.85754986319594,264584,0.0000,1.0
2024-10-29,255.59,262.58,252.09,261.36,86.49294338669786,418609,0.0000,1.0
2024-10-30,259.79,261.05,248.86,254.4,84.18964186400343,409700,0.0000,1.0
2024-10-31,253.18,257.07,248.04,254.98,84.3815836575613,269050,0.0000,1.0
2024-11-01,257.51,280.77,257.51,279.33,92.43982964572358,587426,0.0000,1.0
2024-11-04,273.23,281.99,266.2201,268.85,88.97163999660897,481379,0.0000,1.0
2024-11-05,271.71,295.9,271.71,294.39,97.42369759569169,322149,0.0000,1.0
2024-11-06,320.72,350.48,307.43,347.77,115.08896128555216,619217,0.0000,1.0
2024-11-07,346.42,349.0,332.42,337.56,111.71012385068002,398953,0.0000,1.0
2024-11-08,337.25,352.75,333.06,346.37,114.62565350799869,325651,0.0000,1.0
2024-11-11,361.45,364.9799,350.61,352.37,116.61125826894217,317939,0.0000,1.0
2024-11-12,347.33,353.0,338.0016,343.86,113.79500884967068,356676,0.0000,1.0
2024-11-13,344.9,346.281,316.07,317.23,104.98223305234988,685932,0.0000,1.0
2024-11-14,317.23,319.74,293.9059,300.51,99.44901445185404,525606,0.0000,1.0
2024-11-15,290.85,299.12,269.57,278.53,92.17508234426444,658122,0.0000,1.0
2024-11-18,288.24,297.1213,285.0,289.01,95.64327199337905,510004,0.0000,1.0
2024-11-19,290.53,312.65,289.01,312.4,103.38382121979036,895288,0.0000,1.0
2024-11-20,268.81,277.27,252.2001,261.82,86.7328706286452,1341510,0.2650,1.0
2024-11-21,270.4,295.53,259.0,287.99,95.402182462545,771656,0.0000,1.0
2024-11-22,293.55,299.895,287.03,289.88,96.02828102448885,438174,0.0000,1.0
2024-11-25,293.0,293.0,271.0,280.6,92.9541039584365,694077,0.0000,1.0
2024-11-26,278.99,287.925,266.9301,271.63,89.98262030730615,465015,0.0000,1.0
2024-11-27,273.24,277.8189,258.01,262.35,86.9084432412538,560205,0.0000,1.0
2024-11-29,264.26,271.36,263.3,267.38,88.57472671563346,163957,0.0000,1.0
2024-12-02,267.5,278.935,263.99,274.8,91.03274329215378,439060,0.0000,1.0
2024-12-03,274.0,284.56,266.0,268.93,89.08819379024351,348422,0.0000,1.0
2024-12-04,274.09,295.0,274.0,291.76,96.65106689562876,620048,0.0000,1.0
2024-12-05,291.51,302.0,283.91,285.24,94.49119249146267,381314,0.0000,1.0
2024-12-06,291.53,293.8399,277.5,280.37,92.87791206994598,286557,0.0000,1.0
2024-12-09,280.25,280.3,254.3,257.77,85.39123085305123,542892,0.0000,1.0
2024-12-10,257.0,259.577,246.45,249.81,82.75432897311839,504652,0.0000,1.0
2024-12-11,258.89,275.435,254.0,269.97,89.43271363385283,650136,0.0000,1.0
2024-12-12,267.0,269.3033,254.275,255.76,84.72538000146014,358249,0.0000,1.0
2024-12-13,258.61,262.0,247.0001,252.0,83.47980825918032,388884,0.0000,1.0
2024-12-16,252.5,257.67,251.63,252.57,83.66863163500464,256272,0.0000,1.0
2024-12-17,248.65,249.61,236.35,241.25,79.91866564494941,332411,0.0000,1.0
2024-12-18,243.03,248.3166,227.43,231.97,76.84448857889706,687510,0.0000,1.0
2024-12-19,235.15,246.02,234.4706,243.46,80.6507703126192,489244,0.0000,1.0
2024-12-20,236.55,257.05,235.04,245.8,81.42593996074017,1007227,0.0000,1.0
2024-12-23,246.69,247.97,231.65,234.18,77.57659324656686,409307,0.0000,1.0
2024-12-24,233.86,235.54,229.1676,232.6,77.053188099545,205520,0.0000,1.0
2024-12-26,232.6,234.956,226.61,231.28,76.61591291342549,578722,0.0000,1.0
2024-12-27,228.43,231.69,222.3177,231.07,76.54634640654284,317820,0.0000,1.0
2024-12-30,225.4,230.435,221.41,227.06,75.21795739416461,387201,0.0000,1.0
2024-12-31,228.93,228.93,221.62,221.65,73.42579166923538,283949,0.0000,1.0
2025-01-02,225.0,234.2,223.66,228.75,75.77780214002975,642291,0.0000,1.0
2025-01-03,232.22,246.28,231.1626,245.9,81.45906686877953,417676,0.0000,1.0
2025-01-06,254.06,262.24,248.5446,250.63,83.02596961904112,324295,0.0000,1.0
2025-01-07,253.1,255.93,231.55,237.12,78.55052434292395,297317,0.0000,1.0
2025-01-08,232.5,234.13,223.25,229.38,75.9865016606777,678152,0.0000,1.0
2025-01-10,226.84,232.46,220.8656,231.16,76.57616062377826,368131,0.0000,1.0
2025-01-13,221.01,229.72,218.0,229.45,76.00969049630525,464217,0.0000,1.0
2025-01-14,233.35,243.16,232.47,237.96,78.82879037045456,276844,0.0000,1.0
2025-01-15,250.99,252.33,244.51,249.24,82.56550559729406,364935,0.0000,1.0
2025-01-16,250.18,258.43,249.9571,257.23,85.21234554963871,221316,0.0000,1.0
2025-01-17,262.52,262.52,255.02,261.34,86.57386147005627,320131,0.0000,1.0
2025-01-21,268.98,289.61,262.54,289.16,95.78976728660548,538990,0.0000,1.0
2025-01-22,296.45,329.52,296.44,311.38,103.15056625295065,737534,0.0000,1.0
2025-01-23,308.0,308.0,288.0,290.44,96.21379170950925,423251,0.0000,1.0
2025-01-24,292.61,298.37,282.96,290.8,96.33304857845094,603739,0.0000,1.0
2025-01-27,262.0,264.0,233.0,243.84,80.77665256316877,998460,0.0000,1.0
2025-01-28,248.57,250.7,227.5,238.27,78.93148378537657,550141,0.0000,1.0
2025-01-29,238.65,245.34,232.0117,240.5,79.67021383465423,443638,0.0000,1.0
2025-01-30,245.0,245.75,223.1,236.37,78.30207253262877,598819,0.0000,1.0
2025-01-31,238.75,242.48,230.79,239.78,79.43170009677085,635829,0.0000,1.0
2025-02-03,225.15,236.995,225.15,235.8,78.11324915680444,437974,0.0000,1.0
2025-02-04,236.0,237.21,227.68,233.14,77.23207340295752,435549,0.0000,1.0
2025-02-05,238.49,250.8399,236.8,244.85,81.11123433436627,532452,0.0000,1.0
2025-02-06,249.62,253.43,244.12,244.84,81.10792164356234,596548,0.0000,1.0
2025-02-07,230.05,245.9,218.68,228.83,75.80430366646124,874587,0.0000,1.0
2025-02-10,230.33,239.0,219.89,219.89,72.8427580877427,625707,0.0000,1.0
2025-02-11,217.16,217.98,208.93,210.25,69.64932415274866,588884,0.0000,1.0
2025-02-12,205.53,210.9599,204.0,209.43,69.37768350682593,645362,0.0000,1.0
2025-02-13,212.17,219.15,205.77,214.25,70.97440047432295,500004,0.0000,1.0
2025-02-14,216.0,217.66,209.76,213.38,70.68619637438054,255435,0.0000,1.0
2025-02-18,216.0,222.98,205.91,208.57,69.09279209768745,503460,0.0000,1.0
2025-02-19,205.73,208.08,191.96,194.35,64.47076025349614,606043,0.2675,1.0
2025-02-20,192.5,194.5,184.4201,188.67,62.5865620634274,632054,0.0000,1.0
2025-02-21,191.98,192.0,175.17,177.25,58.79826218128217,668699,0.0000,1.0
2025-02-24,177.63,178.18,167.32,169.59,56.25724842495708,601123,0.0000,1.0
2025-02-25,166.3,172.9967,162.4096,170.46,56.545849204069725,618339,0.0000,1.0
2025-02-26,175.57,182.44,173.16,173.59,57.5841485588083,907346,0.0000,1.0
2025-02-27,177.63,178.9195,165.48,165.48,54.893858537424954,409630,0.0000,1.0
2025-02-28,164.58,169.94,159.0,169.71,56.29705542897263,530902,0.0000,1.0
2025-03-03,170.91,171.7925,153.77,156.1,51.78227772354384,532023,0.0000,1.0
2025-03-04,150.99,161.2799,146.0234,155.56,51.603146205473934,766962,0.0000,1.0
2025-03-05,157.46,161.8,153.15,160.76,53.32811637948051,648891,0.0000,1.0
2025-03-06,154.81,158.95,150.46,157.36,52.20025126570698,492383,0.0000,1.0
2025-03-07,157.36,163.59,152.4,162.86,54.02473894975241,467050,0.0000,1.0
2025-03-10,156.59,162.43,152.63,158.2,52.478900293815734,414041,0.0000,1.0
2025-03-11,161.08,167.515,156.66,163.49,54.233725720833974,425805,0.0000,1.0
2025-03-12,170.73,174.29,162.6325,167.23,55.47437734598486,538879,0.0000,1.0
2025-03-13,167.3,169.9,160.6,166.67,55.28861132724569,393827,0.0000,1.0
2025-03-14,171.25,174.2,168.75,173.36,57.50785180111186,294261,0.0000,1.0
2025-03-17,172.49,182.47,172.49,179.68,59.60435401259679,385976,0.0000,1.0
2025-03-18,177.0,184.46,172.2501,181.5,60.20809357349909,487410,0.0000,1.0
2025-03-19,183.33,185.0,176.0354,181.51,60.21141082383372,430814,0.0000,1.0
2025-03-20,180.87,185.84,179.925,181.36,60.161652068814305,225899,0.0000,1.0
2025-03-21,176.74,185.61,175.17,184.22,61.11038566451792,585850,0.0000,1.0
2025-03-24,189.24,197.5,185.25,196.27,65.10767231774473,347327,0.0000,1.0
2025-03-25,195.97,201.0,193.305,196.11,65.05459631239067,337622,0.0000,1.0
2025-03-26,195.7,195.7,184.8,185.34,61.48191770199626,282398,0.0000,1.0
2025-03-27,182.72,186.105,179.5,180.92,60.01569305409066,260736,0.0000,1.0
2025-03-28,178.5,181.0,173.64,176.72,58.622447913546885,397289,0.0000,1.0
2025-03-31,168.93,172.5,161.23,170.33,56.502724949719564,393471,0.0000,1.0
2025-04-01,170.55,176.14,168.21,175.89,58.34711613577275,201670,0.0000,1.0
2025-04-02,170.13,185.03,169.17,181.3,60.141748566806534,377602,0.0000,1.0
2025-04-03,165.5,170.8334,163.16,169.87,56.35013143432667,349617,0.0000,1.0
2025-04-04,160.38,167.18,152.89,164.45,54.55218175295826,564613,0.0000,1.0
2025-04-07,154.6,182.5,154.06,168.81,55.998502898856096,674392,0.0000,1.0
2025-04-08,179.44,179.9712,161.0,163.77,54.32660873020356,370428,0.0000,1.0
2025-04-09,163.24,185.72,161.95,183.17,60.76207437938197,746808,0.0000,1.0
2025-04-10,175.35,181.28,168.345,172.96,57.37516178772674,394441,0.0000,1.0
2025-04-11,174.31,175.0,166.79,173.22,57.46141029642707,296668,0.0000,1.0
2025-04-14,179.0,181.25,167.6065,171.97,57.04675400459856,225270,0.0000,1.0
2025-04-15,171.61,175.6505,170.1301,173.31,57.49126554943872,219607,0.0000,1.0
2025-04-16,168.96,170.64,162.28,166.95,55.381494336615276,307426,0.0000,1.0
2025-04-17,167.75,169.3599,163.9165,167.24,55.477694596319495,206684,0.0000,1.0
2025-04-21,165.62,166.0,154.465,159.38,52.870335833301844,266042,0.0000,1.0
2025-04-22,161.03,168.555,161.03,165.845,55.01493817463888,207821,0.0000,1.0
2025-04-23,175.73,184.5,173.3225,174.67,57.942411594948126,316257,0.0000,1.0
2025-04-24,175.39,184.51,175.39,184.34,61.15019266853346,291177,0.0000,1.0
2025-04-25,184.15,187.12,181.0216,186.6,61.89989124415939,220027,0.0000,1.0
2025-04-28,187.94,191.0,181.4973,185.32,61.475283201327,169347,0.0000,1.0
2025-04-29,184.16,186.85,180.38,185.85,61.65109746906229,152419,0.0000,1.0
2025-04-30,179.73,183.37,177.25,183.11,60.742170877374214,207390,0.0000,1.0
2025-05-01,186.55,195.43,185.94,191.13,63.4026056457459,324741,0.0000,1.0
2025-05-02,194.01,197.52945400000002,191.395,193.23,64.09922821601779,314850,0.0000,1.0
2025-05-05,191.41,193.5566,188.04,191.96,63.677937423520035,214897,0.0000,1.0
2025-05-06,189.0,192.31,186.205,190.17,63.084149613621605,304697,0.0000,1.0
2025-05-07,186.69,188.65,172.1356,174.88,58.01207385197532,690129,0.0000,1.0
2025-05-08,180.0,181.2,174.1039,177.96,59.03378695504076,347445,0.0000,1.0
2025-05-09,178.38,180.74,170.99,174.77,57.97558409829442,422525,0.0000,1.0
2025-05-12,184.9,191.755,183.67,187.9,62.331133787661045,466991,0.0000,1.0
2025-05-13,187.76,197.8248,187.76,194.88,64.64657452123141,283544,0.0000,1.0
2025-05-14,196.5,198.1879,181.79,184.76,61.28951718258783,436207,0.0000,1.0
2025-05-15,183.22,183.9987,176.9,177.76,58.967441948348196,438956,0.0000,1.0
2025-05-16,178.0,185.565,176.37,183.17,60.76207437938197,295745,0.0000,1.0
2025-05-19,178.05,182.62,177.11,182.56,60.559722108969666,175161,0.0000,1.0
2025-05-20,182.42,183.27,180.33,181.33,60.151700317810416,135337,0.0000,1.0
2025-05-21,179.96,181.2516,173.25,174.5,57.974754785710765,215998,0.2675,1.0
2025-05-22,173.21,176.01,168.38,173.27,57.566107517020654,261320,0.0000,1.0
2025-05-23,169.73,175.82,169.71,174.7,58.041201496066876,245593,0.0000,1.0
2025-05-27,178.24,184.5,173.5,181.24,60.214008924711855,461922,0.0000,1.0
2025-05-28,182.07,182.1,172.88,173.65,57.692356266697274,245285,0.0000,1.0
2025-05-29,175.09,175.09,169.57,170.4,56.6125972234104,206002,0.0000,1.0
2025-05-30,168.54,170.81,164.63,169.59,56.34348804646813,286545,0.0000,1.0
2025-06-02,169.0,173.42,164.2601,172.66,57.3634450504345,365724,0.0000,1.0
2025-06-03,172.7,177.65,170.6001,173.6,57.67574458910824,304066,0.0000,1.0
2025-06-04,173.79,177.725,171.56,177.43,58.948199092427856,227196,0.0000,1.0
2025-06-05,178.0,183.31,175.4705,182.6,60.665846555133434,235382,0.0000,1.0
2025-06-06,185.0,191.2,183.31,190.99,63.45328605457249,218736,0.0000,1.0
2025-06-09,192.0,195.76,188.54,190.24,63.204110890737056,273639,0.0000,1.0
2025-06-10,192.04,192.68,183.05,185.76,61.71570457876006,176518,0.0000,1.0
2025-06-11,187.45,195.5994,186.5,192.8,64.05462878329533,258167,0.0000,1.0
2025-06-12,188.98,195.0,188.98,193.33,64.23071256573904,126123,0.0000,1.0
2025-06-13,188.89,192.1829,186.07,187.85,62.41007270198147,237187,0.0000,1.0
2025-06-16,191.97,200.0,190.675,195.14,64.83205529446188,295418,0.0000,1.0
2025-06-17,193.0,196.36,179.48,180.89,60.097727181588645,574944,0.0000,1.0
2025-06-18,180.66,182.73,177.06,178.93,59.44654942009872,274736,0.0000,1.0
2025-06-20,180.0,180.0,174.545,175.42,58.28040965334889,395882,0.0000,1.0
2025-06-23,174.81,180.69,170.11,180.52,59.97480076742984,198813,0.0000,1.0
2025-06-24,183.62,189.91,182.0501,188.47,62.616057504085425,184352,0.0000,1.0
2025-06-25,189.5,192.61,186.22,190.26,63.21075556177266,227053,0.0000,1.0
2025-06-26,192.16,200.24,190.74,199.37,66.23740321849372,292285,0.0000,1.0
2025-06-27,205.0,217.69,202.3121,212.92,70.73916784512055,633911,0.0000,1.0
2025-06-30,217.2,221.43,209.45,210.45,69.91855097222252,358998,0.0000,1.0
2025-07-01,207.2,213.1,203.46,210.04,69.78233521599248,288000,0.0000,1.0
2025-07-02,209.5,219.02,208.03,218.53,72.60299807060959,280965,0.0000,1.0
2025-07-03,218.53,224.4,213.78,217.66,72.31395488056049,229294,0.0000,1.0
2025-07-07,214.33,217.86,211.06,215.89,71.72590149390886,205489,0.0000,1.0
2025-07-08,217.88,220.0,211.66,216.41,71.89866294083477,189678,0.0000,1.0
2025-07-09,218.71,220.1,211.3,211.91,70.40361195782216,158310,0.0000,1.0
2025-07-10,212.44,215.3377,206.06,212.87,70.72255616753152,151074,0.0000,1.0
2025-07-11,210.3,213.73,209.765,212.62,70.63949777958638,103966,0.0000,1.0
2025-07-14,211.68,211.68,205.0,210.56,69.95509666291838,229960,0.0000,1.0
2025-07-15,213.0,214.92,208.62,211.1,70.1345027808799,159597,0.0000,1.0
2025-07-16,214.18,220.9959,210.7773,217.6,72.29402086745365,263790,0.0000,1.0
2025-07-17,218.84,237.7361,218.25,236.51,78.57655733162437,497320,0.0000,1.0
2025-07-18,236.51,237.2,224.75,228.25,75.8323081939168,576276,0.0000,1.0
2025-07-21,228.25,228.51,217.98,220.91,73.39371392384736,327094,0.0000,1.0
2025-07-22,218.0,221.45,212.3905,221.01,73.42693727902541,257811,0.0000,1.0
2025-07-23,228.0,235.32,226.57,234.95,78.05827299084666,264229,0.0000,1.0
2025-07-24,235.68,243.6,235.11,240.16,79.78920979562348,328176,0.0000,1.0
2025-07-25,243.31,252.01,243.015,248.37,82.51684725574202,310999,0.0000,1.0
2025-07-28,252.0,252.0,241.2001,242.41,80.53673528712977,209234,0.0000,1.0
2025-07-29,242.42,245.19,232.07,233.32,77.51673230144432,232134,0.0000,1.0
2025-07-30,234.3,237.535,227.19,230.63,76.62302404715457,180942,0.0000,1.0
2025-07-31,232.32,243.576,231.0,237.1,78.7725751271749,247621,0.0000,1.0
2025-08-01,225.15,228.35,216.14,227.66,75.63629039836626,398237,0.0000,1.0
2025-08-04,227.66,230.22,222.1,230.17,76.4701966133355,244548,0.0000,1.0
2025-08-05,230.89,237.47,227.0601,236.24,78.48685427264361,474784,0.0000,1.0
2025-08-06,207.0,233.96,207.0,227.84,75.69609243768676,787178,0.0000,1.0
2025-08-07,230.0,238.94,226.92,233.41,77.54663332110458,251456,0.0000,1.0
2025-08-08,235.59,245.76,233.185,243.85,81.0151516016938,297103,0.0000,1.0
2025-08-11,244.98,266.365,243.975,264.83,87.98541151805031,470496,0.0000,1.0
2025-08-12,265.25,273.78,258.1285,270.18,89.76286102007641,307170,0.0000,1.0
2025-08-13,273.67,274.5,250.0,259.71,86.28437573293375,415614,0.0000,1.0
2025-08-14,250.38,257.7099,246.67,255.5,84.88567247993754,195478,0.0000,1.0
2025-08-15,255.32,256.0,248.88,254.64,84.59995162540623,227848,0.0000,1.0
2025-08-18,254.6,261.13,250.03,259.71,86.28437573293375,162512,0.0000,1.0
2025-08-19,259.13,259.195,252.96,254.1,84.42054550744473,160994,0.0000,1.0
2025-08-20,250.35,251.115,235.5,246.52,81.99108766004926,372477,0.2675,1.0
2025-08-21,247.11,253.755,243.8,250.93,83.45782746444978,218110,0.0000,1.0
2025-08-22,251.8,275.86,249.06,262.95,87.45560806510608,423005,0.0000,1.0
2025-08-25,262.27,268.0,257.88,258.36,85.9290013299137,141250,0.0000,1.0
2025-08-26,258.26,274.42,258.01,273.23,90.8746750014411,242846,0.0000,1.0
2025-08-27,273.23,278.1,271.0,274.37,91.25383222978952,233829,0.0000,1.0
2025-08-28,278.58,283.9999,270.85,271.27,90.22279064392974,254013,0.0000,1.0
2025-08-29,271.39,272.801,262.0,266.16,88.52323499756089,151584,0.0000,1.0
2025-09-02,259.09,265.09,251.55,263.77,87.728335194269,167394,0.0000,1.0
2025-09-03,264.81,268.5899,253.91,257.15,85.52656251736842,202791,0.0000,1.0
2025-09-04,258.61,271.86,257.0001,270.73,90.04318985155417,273601,0.0000,1.0
2025-09-05,273.03,274.52,259.07,268.24,89.21503064226681,136739,0.0000,1.0
2025-09-08,267.93,276.0,267.79,272.4,90.59862193167862,275160,0.0000,1.0
2025-09-09,273.87,278.26,269.69,276.89,92.09196926087553,190219,0.0000,1.0
2025-09-10,278.77,289.9999,276.43,276.985,92.12356569657125,238107,0.0000,1.0
2025-09-11,279.2,296.22,279.2,292.4,97.25050313077398,239009,0.0000,1.0
2025-09-12,291.8,296.08,287.24,287.68,95.68065916778748,148690,0.0000,1.0
2025-09-15,292.99,303.88,291.92,302.04,100.45670986873795,188037,0.0000,1.0
2025-09-16,301.37,301.37,289.61,298.23,99.18952650031028,316078,0.0000,1.0
2025-09-17,298.71,299.205,287.9163,291.32,96.89130154602283,163761,0.0000,1.0
2025-09-18,294.28,308.56,293.5,304.3,101.20837244423572,179122,0.0000,1.0
2025-09-19,302.11,307.88,295.0,297.31,98.8835399651519,270439,0.0000,1.0
2025-09-22,294.79,303.375,291.0,302.905,100.7444037305988,154681,0.0000,1.0
2025-09-23,303.54,306.0,286.15,292.22,97.19063619998214,221577,0.0000,1.0
2025-09-24,295.6,302.0,292.17,293.64,97.66291976511789,169627,0.0000,1.0
2025-09-25,283.72,287.405,276.89,283.73,94.36691263096616,174896,0.0000,1.0
2025-09-26,285.0,291.95,280.0731,290.98,96.77821956563822,120590,0.0000,1.0
2025-09-29,295.94,306.535,293.5124,303.02,100.78265204749361,267596,0.0000,1.0
2025-09-30,301.66,305.59,296.96,304.81,101.37799541481264,195146,0.0000,1.0
2025-10-01,300.01,320.0,298.0,317.22,105.50548769885133,250684,0.0000,1.0
2025-10-02,320.86,321.9999,306.2,307.52,102.27932531729006,210515,0.0000,1.0
2025-10-03,307.47,310.0,299.13,304.06,101.12854986984657,224324,0.0000,1.0
2025-10-06,310.0,314.67,304.97,311.7,103.66956848790099,124159,0.0000,1.0
2025-10-07,314.55,326.38520800000003,309.0,313.27,104.19174116202997,209120,0.0000,1.0
2025-10-08,314.2,320.6999,309.535,315.4,104.90016650973362,294717,0.0000,1.0
2025-10-09,315.16,315.16,298.81,309.53,102.94783937779914,198142,0.0000,1.0
2025-10-10,314.83,321.145,300.27,301.06,100.13076768998226,198114,0.0000,1.0
2025-10-13,309.78,318.29,308.9142,316.0,105.09972294570649,166507,0.0000,1.0
2025-10-14,307.56,326.68,296.97,317.2,105.4988358176522,256856,0.0000,1.0
2025-10-15,316.92,334.96,316.49,329.76,109.67621721068409,332235,0.0000,1.0
2025-10-16,334.66,341.76,328.45,338.32,112.5232223638969,427078,0.0000,1.0
2025-10-17,333.09,342.3646,316.32,330.71,109.99218156764111,455896,0.0000,1.0
2025-10-20,341.88,355.31,336.5101,349.2,116.14184573620477,342899,0.0000,1.0
2025-10-21,346.58,351.0,341.45,348.32,115.84916296344457,197370,0.0000,1.0
2025-10-22,350.0,355.0,321.915,332.87,110.71058473714342,302595,0.0000,1.0
2025-10-23,335.77,348.085,335.76,341.64,113.62743464294672,134078,0.0000,1.0
2025-10-24,351.56,367.48,350.155,364.99,121.39350594289056,310795,0.0000,1.0
2025-10-27,369.04,376.7065,365.0,374.14,124.43674159147666,270750,0.0000,1.0
2025-10-28,375.41,386.96,375.37,384.26,127.80259347821891,225144,0.0000,1.0
2025-10-29,385.58,413.0,382.0001,408.37,135.82143626372834,335787,0.0000,1.0
2025-10-30,400.0,410.5,375.34,377.69,125.6174505043161,271740,0.0000,1.0
2025-10-31,384.58,389.055,370.74,383.39,127.51323664605826,150190,0.0000,1.0
2025-11-03,388.48,392.74,374.82,390.7,129.94449922432761,205512,0.0000,1.0
2025-11-04,374.17,394.0,372.139,380.13,126.42898001060573,187096,0.0000,1.0
2025-11-05,380.25,403.01,378.6358,395.77,131.63075110829828,140053,0.0000,1.0
2025-11-06,395.52,395.875,372.5,375.0,124.72277248303777,247845,0.0000,1.0
2025-11-07,361.73,365.84,343.3,365.36,121.51656574507382,292180,0.0000,1.0
2025-11-10,378.0,385.0,361.58,373.85,124.34028931408979,172629,0.0000,1.0
2025-11-11,368.02,369.795,355.0,363.22,120.80481445677061,129221,0.0000,1.0
2025-11-12,363.77,369.9499,346.5299,356.23,118.47998197768679,189624,0.0000,1.0
2025-11-13,350.45,350.45,323.18,328.2,109.15737047715466,330668,0.0000,1.0
2025-11-14,312.81,334.1,306.7494,329.66,109.64295780468862,229946,0.0000,1.0
2025-11-17,329.66,336.0,309.34,317.81,105.70171819422463,232251,0.0000,1.0
2025-11-18,312.88,328.04,308.1,321.66,106.98220532505049,300366,0.0000,1.0
2025-11-19,342.4,342.4,278.01,285.29,94.9747282755335,843349,0.2675,1.0
2025-11-20,295.41,313.15,292.31,294.35,97.99085585861152,505215,0.0000,1.0
2025-11-21,292.9,295.94,277.77,282.05,93.89611311337313,441391,0.0000,1.0
2025-11-24,285.0,303.0,285.0,300.08,99.89840674724697,223707,0.0000,1.0
2025-11-25,304.28,318.12,296.28,312.55,104.04974349790736,231150,0.0000,1.0
2025-11-26,313.0,326.43,313.0,321.79,107.12579414554986,196156,0.0000,1.0
2025-11-28,326.27,326.27,319.175,323.22,107.60184960292311,65276,0.0000,1.0
2025-12-01,312.2,323.06,307.0,319.585,106.39173660463517,167150,0.0000,1.0
2025-12-02,322.52,331.78,315.7,322.5,107.36215734466525,272676,0.0000,1.0
2025-12-03,321.43,327.04,309.25,323.48,107.68840514062734,172488,0.0000,1.0
2025-12-04,323.48,351.16,320.0001,336.93,112.1659896872498,207066,0.0000,1.0
2025-12-05,336.83,344.375,326.4415,342.13,113.89710044133433,147913,0.0000,1.0
2025-12-08,348.68,349.99,336.34,342.86,114.14012175873467,229582,0.0000,1.0
2025-12-09,342.86,351.11,338.03,345.06,114.87251477007811,189901,0.0000,1.0
2025-12-10,340.57,363.94,336.91,359.84,119.79286418264911,197567,0.0000,1.0
2025-12-11,359.65,370.72,350.82,362.74,120.7582913339655,172611,0.0000,1.0
2025-12-12,361.94,361.94,333.1,337.07,112.21259651524439,218678,0.0000,1.0
2025-12-15,340.28,340.91,326.94,327.94,109.17316551816906,218568,0.0000,1.0
2025-12-16,323.95,335.99,320.0901,332.65,110.74115237427253,188347,0.0000,1.0
2025-12-17,335.0,335.11,311.0,317.31,105.6343756497232,246937,0.0000,1.0
2025-12-18,325.48,332.6,321.43,328.76,109.4461483678516,120581,0.0000,1.0
2025-12-19,329.99,338.96,329.13,332.9,110.82437885283429,198409,0.0000,1.0
2025-12-22,335.37,342.2099,334.35,336.53,112.03282732155098,93448,0.0000,1.0
2025-12-23,330.88,339.255,330.12,338.64,112.73525880061221,100454,0.0000,1.0
2025-12-24,339.25,340.0,334.0,336.17,111.91298119242207,43917,0.0000,1.0
2025-12-26,335.74,341.76,331.105,340.86,113.47430993024061,101748,0.0000,1.0
2025-12-29,338.14,341.39,333.06199999999995,335.88,111.81643847729042,145335,0.0000,1.0
2025-12-30,337.89,337.89,327.0,327.47,109.01669973847297,94657,0.0000,1.0
2025-12-31,326.3,329.37,318.04,318.78,106.12374734366631,171789,0.0000,1.0
2026-01-02,324.0,354.425,322.0,352.52,117.3559928903609,251727,0.0000,1.0
2026-01-05,359.85,370.39,352.6001,361.39,120.30886834973201,218747,0.0000,1.0
2026-01-06,361.14,362.25,336.91,360.0,119.84612912892865,292939,0.0000,1.0
2026-01-07,360.79,364.55,348.89,355.85,118.4645695848035,214806,0.0000,1.0
2026-01-08,355.66,361.0,349.49,359.82,119.78620606436418,200817,0.0000,1.0
2026-01-09,367.3,374.0,357.42,365.49,121.67378259814481,212506,0.0000,1.0
2026-01-12,363.95,397.0,362.13,386.54,128.68145209304467,424339,0.0000,1.0
2026-01-13,391.61,402.0158,387.01,399.12,132.86940849427222,341251,0.0000,1.0
2026-01-14,391.82,402.0,387.5,401.27,133.58515620990332,313204,0.0000,1.0
2026-01-15,406.42,414.798625,395.9,405.55,135.0099935228806,302736,0.0000,1.0
2026-01-16,414.33,446.11,414.33,419.98,139.81382586546516,470592,0.0000,1.0
2026-01-20,408.0,434.0,405.0,428.29,142.58027401285793,264896,0.0000,1.0
2026-01-21,432.66,434.71,411.55,421.85,140.4363599251071,173067,0.0000,1.0
2026-01-22,430.73,434.0,412.3,426.87,142.10754761462715,260397,0.0000,1.0
2026-01-23,427.67,434.0,410.51,417.95,139.1380268595437,400064,0.0000,1.0
2026-01-26,415.32,433.1107,413.67,423.44,140.96568032875984,263003,0.0000,1.0
2026-01-27,427.82,445.0,423.45,442.28,147.23762775317377,256309,0.0000,1.0
2026-01-28,445.98,455.845,438.5,443.44,147.62379861370033,214371,0.0000,1.0
2026-01-29,452.31,462.21,437.355,456.93,152.1146993968927,153591,0.0000,1.0
2026-01-30,452.0,467.85,438.94,443.59,147.67373450083738,285784,0.0000,1.0
2026-02-02,439.07,471.79,438.5,440.36,146.5984483978195,456230,0.0000,1.0
2026-02-03,443.97,467.77,440.61,453.24,150.88627657332117,356405,0.0000,1.0
2026-02-04,465.83,569.8,457.995,527.3,175.54128858245576,760415,0.0000,1.0
2026-02-05,512.0,543.175,502.22,538.81,179.373035655439,412442,0.0000,1.0
2026-02-06,550.0,588.845,545.701,584.22,194.49029322139637,522264,0.0000,1.0
2026-02-09,588.8,593.7599,545.75,561.89,187.05650415626033,466379,0.0000,1.0
2026-02-10,557.85,576.3,550.0,570.26,189.8429266585079,391686,0.0000,1.0
2026-02-11,586.41,606.0,559.08,592.35,197.19681830422468,345155,0.0000,1.0
2026-02-12,594.4,612.5,584.0,592.9,197.37991655706054,261621,0.0000,1.0
2026-02-13,591.52,603.976391,576.61,585.07,194.77326324850637,171830,0.0000,1.0
2026-02-17,575.13,581.95,556.5,561.64,186.97327767769858,172352,0.0000,1.0
2026-02-18,560.62,572.0,537.0,542.98,180.8511379146958,252602,0.2700,1.0
2026-02-19,541.22,555.0,536.0001,536.36,178.64620489138872,223838,0.0000,1.0
2026-02-20,535.19,559.56,524.73,546.82,182.1301322967954,211180,0.0000,1.0
2026-02-23,546.81,555.0,532.38,544.15,181.24083151549178,192408,0.0000,1.0
2026-02-24,539.83,566.5,534.975,559.16,186.24023403510498,261620,0.0000,1.0
2026-02-25,565.0,566.0,546.0,549.0,182.85622806579985,209789,0.0000,1.0
2026-02-26,549.81,557.0,510.7201,530.88,176.82097332526743,272016,0.0000,1.0
2026-02-27,517.94,529.99,507.0,523.6,174.396213142537,193586,0.0000,1.0
2026-03-02,513.77,541.3371,506.0,532.5,177.3605490802157,135686,0.0000,1.0
2026-03-03,505.35,519.99,497.16,511.12,170.23948140071334,197143,0.0000,1.0
2026-03-04,515.5,525.0,498.0,512.89,170.82901787371236,256401,0.0000,1.0
2026-03-05,499.0,518.0,496.04,503.01,167.5382719114353,278399,0.0000,1.0
2026-03-06,484.77,496.425,476.0,483.65,161.0900085683499,190781,0.0000,1.0
2026-03-09,472.69,522.21,472.51,520.09,173.2271323401491,271543,0.0000,1.0
2026-03-10,521.73,545.0,521.73,529.54,176.37465757734725,192130,0.0000,1.0
2026-03-11,523.99,542.87,514.01,515.2,171.59841293169416,212364,0.0000,1.0
2026-03-12,504.8,518.01,489.0,513.56,171.05217574767244,295306,0.0000,1.0
2026-03-13,518.44,530.68,494.3564,502.71,167.43835047533378,180603,0.0000,1.0
2026-03-16,513.49,529.96,507.68,511.82,170.47263141828356,134421,0.0000,1.0
2026-03-17,514.0,527.99,510.0168,522.12,173.90326739110276,134078,0.0000,1.0
2026-03-18,526.32,537.12,497.66,502.23,167.27847617757132,263956,0.0000,1.0
2026-03-19,492.75,533.4,490.0,525.4,174.99574175914614,253758,0.0000,1.0
2026-03-20,510.0,524.065,506.0,516.0,171.86487009463156,362540,0.0000,1.0
2026-03-23,529.22,560.0,529.22,542.59,180.72124004776384,219535,0.0000,1.0
2026-03-24,535.92,563.0,531.29,560.46,186.6732269248783,253123,0.0000,1.0
2026-03-25,575.0,590.0,569.091,584.56,194.70024895836784,261955,0.0000,1.0
2026-03-26,574.77,574.77,521.13,524.39,174.65933959093766,252856,0.0000,1.0
2026-03-27,524.39,544.9236,524.39,538.04,179.20576493355728,209907,0.0000,1.0
2026-03-30,540.81,542.415,495.765,502.56,167.38838975728302,277606,0.0000,1.0
2026-03-31,508.86,542.11,506.68,541.08,180.21830215271947,157175,0.0000,1.0
2026-04-01,557.84,571.59,549.0,554.05,184.53823890684225,152019,0.0000,1.0
2026-04-02,529.41,564.14,525.0,547.81,182.45987303593043,113246,0.0000,1.0
2026-04-06,182.095,188.44,178.05,186.72,186.57330548877675,396647,0.0000,3.0
2026-04-07,184.66,202.49,183.2,201.7,201.54153661678592,847787,0.0000,1.0
2026-04-08,214.61,221.6599,208.55,218.07,217.89867570660638,1058421,0.0000,1.0
2026-04-09,217.92,237.79,217.51,230.81,230.62866666594132,820447,0.0000,1.0
2026-04-10,230.81,235.31,227.0001,230.94,230.7585645328733,708367,0.0000,1.0
2026-04-13,229.19,232.62,225.1,228.99,228.81009652889347,446817,0.0000,1.0
2026-04-14,232.42,236.325,225.1,234.42,234.23583050920652,570916,0.0000,1.0
2026-04-15,231.38,234.0,224.21,229.73,229.54951515604478,471907,0.0000,1.0
2026-04-16,229.77,234.07,224.0,232.81,232.6270953879719,452608,0.0000,1.0
2026-04-17,236.995,246.69,230.71,241.01,240.82065314829737,928899,0.0000,1.0
2026-04-20,241.01,245.9899,235.43,241.65,241.46015033934717,355683,0.0000,1.0
2026-04-21,243.82,250.64,240.02,240.97,240.78068457385675,634254,0.0000,1.0
2026-04-22,246.62,250.09,237.5,242.77,242.5792704236843,507640,0.0000,1.0
2026-04-23,245.57,257.18,245.57,252.18,251.98187756083829,522940,0.0000,1.0
2026-04-24,256.78,258.415,246.0,252.76,252.56142189022714,419314,0.0000,1.0
2026-04-27,261.875,263.86,250.1,260.52,260.3153253317058,732192,0.0000,1.0
2026-04-28,253.95,259.13,246.1401,255.56,255.35922210106997,655373,0.0000,1.0
2026-04-29,264.14,264.65,249.04,253.49,253.2908483737683,492143,0.0000,1.0
2026-04-30,259.33,279.555,258.275,277.27,277.0521658787121,773760,0.0000,1.0
2026-05-01,277.5,283.33,272.1,275.33,275.1136900183424,748371,0.0000,1.0
2026-05-04,281.04,290.4,267.27,269.95,269.73791675608015,1465416,0.0000,1.0
2026-05-05,278.19,312.0,274.5729,294.69,294.45848004759864,1355624,0.0000,1.0
2026-05-06,308.0,325.935,301.51,320.3,320.0483598332005,1093486,0.0000,1.0
2026-05-07,319.77,321.3,300.1395,305.93,305.68964946541064,897090,0.0000,1.0
2026-05-08,312.0,313.2,300.16,309.39,309.14693115452354,495223,0.0000,1.0
2026-05-11,311.495,328.0,311.495,322.05,321.79698496497724,497426,0.0000,1.0
2026-05-12,314.015,319.9999,294.5001,308.05,307.8079839107631,878261,0.0000,1.0
2026-05-13,315.0,317.9,296.94,300.84,300.6036483678427,503720,0.0000,1.0
2026-05-14,301.0,301.845,289.37,296.98,296.7466809343237,599962,0.0000,1.0
2026-05-15,291.61,293.84,277.0201,292.65,292.42008275112744,1260379,0.0000,1.0
2026-05-18,288.89,290.25,259.0,266.8,266.590391518882,909245,0.0000,1.0
2026-05-19,260.41,266.81,250.31,261.58,261.3744925543821,621600,0.0000,1.0
2026-05-20,268.19,273.686,262.89,271.05,270.9269818456884,395314,0.0900,1.0
2026-05-21,271.8,277.775,264.54,270.75,270.6271180030257,515611,0.0000,1.0
2026-05-22,274.81,280.44,267.63,279.22,279.09327382753406,409966,0.0000,1.0
2026-05-26,288.59,292.99,281.6505,291.97,291.83748714069594,487829,0.0000,1.0
2026-05-27,294.78,297.0638,280.5,295.94,295.80568532526473,424379,0.0000,1.0
2026-05-28,293.21,293.99,281.01,288.9,288.76888048411496,447739,0.0000,1.0
2026-05-29,287.23,292.9999,273.68,284.42,284.2909137670197,721275,0.0000,1.0
2026-06-01,280.64,291.0,271.0,288.12,287.98923449319216,513186,0.0000,1.0
2026-06-02,292.44,300.0,279.0018,299.07,298.9342647503782,496145,0.0000,1.0
2026-06-03,299.5,306.88,283.19,299.73,299.59396520423604,810310,0.0000,1.0
2026-06-04,290.01,306.8599,287.07,300.06,299.9238154311649,417673,0.0000,1.0
2026-06-05,291.25,298.2,281.88,284.87,284.74070953101364,473014,0.0000,1.0
2026-06-08,297.22,297.991,286.0,293.6,293.46674735249627,421861,0.0000,1.0
2026-06-09,298.975,309.75,266.04,283.51,283.3813267776097,831013,0.0000,1.0
2026-06-10,280.99,293.02,259.57,262.34,262.2209349470499,726949,0.0000,1.0
2026-06-11,272.64,293.27,268.1167,290.5,290.36815431164905,679070,0.0000,1.0
2026-06-12,295.0,304.16,291.01,294.75,294.61622541603634,500986,0.0000,1.0
2026-06-15,308.29,311.8,294.54,303.53,303.3922405446293,472191,0.0000,1.0
2026-06-16,304.0,310.77,291.42,292.7,292.5671558245083,507802,0.0000,1.0
2026-06-17,297.54,306.0,290.72,294.03,293.89655219364596,541339,0.0000,1.0
2026-06-18,299.66,303.38,283.88,297.2,297.0651134644478,1166754,0.0000,1.0
2026-06-22,303.43,313.33,297.82,307.8,307.6603025718608,856315,0.0000,1.0
2026-06-23,287.55,302.425,280.0,291.5,291.3677004538578,1081921,0.0000,1.0
2026-06-24,291.13,302.15,287.96,294.49,294.35634341906206,368667,0.0000,1.0
2026-06-25,302.68,316.99,300.3778,309.2,309.0596671709531,774361,0.0000,1.0
2026-06-26,296.12,299.51,275.872,279.77,279.6430242057489,3522249,0.0000,1.0
2026-06-29,280.01,290.88,273.84,281.09,280.9624251134644,734650,0.0000,1.0
2026-06-30,284.75,288.57,279.0,286.36,286.2300332829047,599135,0.0000,1.0
2026-07-01,275.89,276.4367,262.0,264.86,264.73979122541607,817918,0.0000,1.0
2026-07-02,264.86,269.42,243.35,246.33,246.21820121028748,937421,0.0000,1.0
2026-07-06,249.365,261.67,245.44,248.05,247.93742057488654,588932,0.0000,1.0
2026-07-07,237.47,238.0,226.01,234.05,233.94377458396372,931232,0.0000,1.0
2026-07-08,230.0,239.0499,228.53,231.85,231.7447730711044,671362,0.0000,1.0
2026-07-09,241.55,244.0,235.27,236.58,236.4726263237519,470392,0.0000,1.0
2026-07-10,233.61,234.98,229.44,232.19,232.08461875945537,606919,0.0000,1.0
2026-07-13,225.935,232.49,222.93,225.66,225.5575824508321,1072341,0.0000,1.0
2026-07-14,234.3,236.99,230.21,234.25,234.14368381240544,747667,0.0000,1.0
2026-07-15,242.18,248.33,233.645,247.01,246.8978925869894,874432,0.0000,1.0
2026-07-16,240.84,248.045,233.6505,235.79,235.68298487140694,894896,0.0000,1.0
2026-07-17,228.135,240.5,223.51,232.79,232.68434644478063,1547922,0.0000,1.0
2026-07-20,234.985,241.42,228.0,228.28,228.17639334341908,584793,0.0000,1.0
2026-07-21,238.61,246.505,232.98,244.39,244.2790816944024,594736,0.0000,1.0
2026-07-22,237.52,245.84,236.235,240.68,240.57076550680787,407890,0.0000,1.0
2026-07-23,239.07,247.88,239.07,242.47,242.35995310136158,547009,0.0000,1.0
2026-07-24,241.5,241.5,226.0,232.21,232.10460968229955,592798,0.0000,1.0
2026-07-27,232.56,235.99,213.395,219.23,219.13050075642965,627827,0.0000,1.0
2026-07-28,207.74,210.13,196.9201,201.0,200.9087745839637,1138287,0.0000,1.0
2026-07-29,197.01,200.86,184.605,186.39,186.3054054462935,1285469,0.0000,1.0
2026-07-30,200.34,210.59,195.0284,209.3,209.20500756429652,824340,0.0000,1.0
2026-07-31,218.51,223.34,208.08,208.68,208.5852889561271,692515,0.0000,1.0
2026-08-03,205.01,220.11,204.425,219.72,219.62027836611196,1473288,0.0000,1.0
2026-08-04,191.71,215.49,188.1,211.38,211.28406354009078,1573915,0.0000,1.0
2026-08-05,206.8,214.8799,205.9026,208.33,208.23544780635402,784930,0.0000,1.0
2026-08-06,207.93,216.0,204.12,207.36,207.2658880484115,575792,0.0000,1.0
2026-08-07,214.14,218.74,205.2683,211.56,211.46398184568835,647590,0.0000,1.0
2026-08-10,214.85,216.45,205.96,207.22,207.12595158850226,681480,0.0000,1.0
2026-08-11,208.875,214.64,207.67,208.38,208.28542511346444,376332,0.0000,1.0
2026-08-12,217.0,219.27,207.11,207.98,207.88560665658093,335513,0.0000,1.0
2026-08-13,207.01,210.3899,203.97,204.04,203.94739485627835,359354,0.0000,1.0
2026-08-14,203.87,214.71,202.275,213.48,213.3831104387292,460897,0.0000,1.0
2026-08-17,215.95,219.2,214.08,218.73,218.63072768532527,620161,0.0000,1.0
2026-08-18,210.0,211.52,200.17,203.55,203.45761724659607,597666,0.0000,1.0
2026-08-19,202.68,203.56,193.52,198.21,198.21,627899,0.0900,1.0
2026-08-20,198.5,201.75,195.305,197.4,197.4,439186,0.0000,1.0
2026-08-21,201.09,201.35,196.0,197.67,197.67,430833,0.0000,1.0
2026-08-24,194.47,195.52,186.1601,188.98,188.98,405100,0.0000,1.0
2026-08-25,196.0,196.01,188.55,190.19,190.19,449821,0.0000,1.0
2026-08-26,189.82,194.17,189.82,191.75,191.75,427543,0.0000,1.0
2026-08-27,197.06,199.29,191.93,192.55,192.55,382138,0.0000,1.0
2026-08-28,192.43,193.5,182.51,182.71,182.71,537202,0.0000,1.0
2026-08-31,182.71,183.855,178.85,179.73,179.73,652126,0.0000,1.0
2026-09-01,177.12,180.65,171.03,172.14,172.14,749236,0.0000,1.0
2026-09-02,172.35,174.13,168.89,170.51,170.51,558476,0.0000,1.0
2026-09-03,170.62,176.87,168.01,175.16,175.16,630221,0.0000,1.0
2026-09-04,175.51,182.5845,175.51,181.17,181.17,475485,0.0000,1.0
2026-09-08,183.08,184.52,178.79,182.49,182.49,776485,0.0000,1.0
2026-09-09,180.51,185.0,179.02,180.26,180.26,500553,0.0000,1.0
2026-09-10,176.495,180.2,174.5,176.89,176.89,411202,0.0000,1.0
2026-09-11,179.5,183.44,178.55,182.5,182.5,371385,0.0000,1.0
2026-09-14,170.18,173.84,167.31,170.7,170.7,461405,0.0000,1.0
2026-09-15,174.0,177.45,169.22,171.37,171.37,993010,0.0000,1.0
2026-09-16,175.23,181.08,173.1,177.71,177.71,570477,0.0000,1.0
2026-09-17,187.0,187.75,176.34,176.75,176.75,504874,0.0000,1.0
2026-09-18,177.58,184.89,177.0,183.96,183.96,904473,0.0000,1.0
2026-09-21,189.41,189.48,184.1812,187.56,187.56,450278,0.0000,1.0
